rowname	BBM_673_P283_01_VEB_001_R4	BBM_673_P283_01_VEB_002_R3	BBM_673_P283_01_VEB_003_R3	BBM_673_P283_01_VEB_004_R3	BBM_673_P283_01_VEB_005_R3	BBM_673_P283_01_VEB_006_R2	BBM_673_P283_01_VEB_007_R2	BBM_673_P283_01_VEB_009_R2	BBM_673_P283_01_VEB_010_R2	BBM_673_P283_01_VEB_011_R2	BBM_673_P283_01_VEB_012_R2	BBM_673_P283_01_VEB_013_R2	BBM_673_P283_01_VEB_014_R2	BBM_673_P283_01_VEB_015_R2	BBM_673_P283_01_VEB_016_R2	BBM_673_P283_01_VEB_017_R2	BBM_673_P283_01_VEB_018_R2	BBM_673_P283_01_VEB_019_R2	BBM_673_P283_01_VEB_020_R2	BBM_673_P283_01_VEB_021_R2	BBM_673_P283_01_VEB_022_R3	BBM_673_P283_01_VEB_023_R3	BBM_673_P283_01_VEB_024_R3
P0A8D6	16850800	14676700	15878600	17396800	18112200	16048100	16207200	13482900	17125200	16257300	15362400	11854400	10691500	11819100	11030700	11735100	11063400	11405300	11788300	12421700	10046100	10041200	11409400
P0AAX3	5620260	4103730	3494310	3630600	4965620	4358300	3147060	2759520	4369350	4535020	3884930	6095680	4739210	6172470	4502950	6106940	3566690	5324790	4994960	4532410	4914520	5218170	5421260
P06993	1260950	1166990	1545180	1479460	1230790	1171940	1668220	1343560	1411310	1366770	1403980	1515800	1600730	1709960	1669550	1760170	1804920	1991890	1824900	1815200	1640570	1831210	1772290
P25738	156618000	117593000	104742000	137694000	115583000	135539000	216220000	70703600	165238000	135293000	130706000	69333100	68795700	77108500	79089300	84574800	62338000	78459100	71800100	81000800	81209600	73660400	78353500
P00452	15432600	16157200	17425200	18027100	13824200	15189100	19108800	19359000	16727900	17417900	18345200	11972000	14782400	15279400	16745400	17910700	19677900	15726100	15852700	12447600	12890700	14595500	15351100
P0AEG4	88203800	65828500	66633000	72832200	60549500	80161500	81745300	48725800	81328800	74001800	68766000	66519200	50341800	66247000	69486100	69982900	54701600	67277100	67679200	70236000	52965100	68716100	71500800
P19934	3456550	3202590	3137240	2955010	3086390	3118960	2730690	3001320	3210280	2873590	3059530	3242990	2759330	2843210	2556220	2892580	2455260	2793400	2872490	3045240	2225670	2473600	2268980
P0A8I8	2733280	2504640	3223470	2309290	2962740	2684040	2542650	3363550	2523790	2660760	2713180	3623560	3325670	3110490	2899280	3468130	3186120	3276590	3376610	3139640	3613550	3145120	3150850
P0A8T7	72408200	78163500	83128300	84450700	85177800	76711600	81333800	102476000	75800300	81727000	83786300	79869300	94973300	95282800	106489000	105800000	118955000	100636000	98747900	79753600	92115000	99647900	104794000
P0A794	13870600	16693800	16289800	13263500	18490800	15160900	12429300	19108400	15104500	15250300	14872900	13657300	15114900	14156700	12862200	13017200	14182900	13606800	12870600	13966400	12652500	12437800	12621900
P0A7J3	880850000	859489000	778725000	793959000	846254000	828953000	772585000	635080000	796602000	758417000	741859000	1090300000	798972000	875112000	764504000	768919000	692442000	815072000	878089000	914086000	731342000	940045000	988911000
P00935	14311400	13631700	15531600	13662200	31228600	14236400	12373000	21284800	12739400	13756300	14723500	18147600	19068100	18013600	17968100	17450500	16824700	16882800	17465700	16534300	21748800	19337300	16075600
P12999	150062	243916	294865	149768	207493	121482	102936	273990	253637	NA	58377.3	312539	472226	243998	232347	249637	271121	321063	256000	226631	180567	144969	141868
P0AG84	12785100	13463800	14341600	21077800	11483100	14193200	21835900	10941100	18404900	15020300	15511500	9290730	8786700	8319500	10941200	9078300	10933600	9697090	10188800	8852510	8965770	7554190	9500140
P0A9M8	76302400	79575200	80581400	90802900	90669500	80252300	80433800	89216200	75890700	80918800	80487400	46736600	48183700	49800400	57365700	51924600	55522000	55391900	59498300	49056400	58924800	62025900	63057900
P77539	488158	383134	554753	504390	675260	527958	535070	546436	594396	473521	415707	300489	276040	289457	282002	355951	305429	358770	351900	404900	336744	272205	403565
P0A9Q7	33811500	37611000	41821900	54143300	37912700	45705600	57492500	44656400	48660700	47339700	50680700	245386000	254626000	270714000	321458000	273512000	338262000	307309000	317605000	248307000	298862000	323728000	321315000
P67087	7056890	6045660	5578940	4719630	6082110	5681630	4909340	5201720	5508570	5383900	5487600	5146940	4704230	4819540	4051550	4257490	3748190	4434350	4537780	5304740	4164680	4281700	4469180
P05042	10715700	11027100	14243600	7944330	13503800	10734400	8257890	14840600	10718100	11288000	11227900	4667290	5307270	5152360	4603310	4682640	4300960	4849330	4718540	5201250	4234480	4679670	4157450
P0AEJ2	15865300	17363100	20933100	48867600	19127600	21511700	27657300	11841700	23462200	24477800	27487800	36025800	43290500	42796400	32607100	36860100	42053600	40365000	34613700	46696700	41134900	32800600	39367900
P08142	21966800	25014600	27162200	19147600	27843100	24596400	22628800	30973700	23972100	25660300	24661100	23470600	28932600	26998400	27280100	26456600	28518900	27522100	28109900	24698800	25771800	24443500	25277000
P76576	11321500	10100400	10854400	7679480	11987900	10867800	9713240	11935500	11381000	10735600	9521410	9059220	7937500	10703300	8658450	9512420	11273900	10429800	10128700	10949200	8412240	9232310	8454350
P0AFI5	474304	476097	372070	547574	404945	458469	460053	431641	425679	508526	342576	703982	740717	687593	699910	753926	711472	700210	652519	844272	743353	703405	697341
P25888	1471370	1361820	1656590	1663260	1676820	1616030	1670940	1202030	1553590	1397040	1393820	6781340	7202580	6681240	6982770	7080630	6943540	6544050	7083740	6213580	5688600	5560110	7117850
P16659	25485300	26875100	28183400	23815600	27625100	25705000	24479000	29729000	24329000	26983700	26182200	24853500	29756600	30410100	33057800	31556700	31057900	32232600	30736700	27836800	28190500	30345200	31819200
P0ABQ0	4818040	5020940	5466460	4625100	5500140	5005840	4500460	5126530	4551270	4734530	5127150	3656740	4069410	4157380	3904800	3591690	3683020	4142930	4256710	4243160	3506340	3912490	4129070
P0ADC3	2420830	2651070	2852230	2380000	2402440	2296260	2769670	2201630	2546510	2304660	3024100	2351580	2491510	3061060	3320350	3195580	3093600	2913760	2801940	2825830	2634880	2921190	3169850
P10121	12070700	11930900	13010900	10746300	13217300	12340700	9990340	13149600	12103800	11631000	11749700	12656300	12484200	12524000	11128800	10504600	10611800	11577300	11669600	13051100	11875700	11851600	11339600
Q46871	9517920	8876270	10342800	16297800	11094100	10667100	14187500	7537780	12139800	11678600	11373400	11510900	12603200	13196000	11134300	12674300	12181900	11947200	10682000	11695300	9487300	8458040	11515600
P33667	656358	559467	694408	589653	782275	626452	452227	745341	663470	702020	547575	959000	892025	874196	828437	893873	869585	891802	861920	940914	910821	871228	743101
P76541	4473510	4420810	4856990	3622000	5595120	3857020	3271230	4466720	3383990	3888920	3806580	2855620	3391400	2851480	2895550	2488500	3045310	3114540	3218190	3289630	2934540	2732180	2576640
P60293	2476600	2561240	2779790	2676430	2781650	2636790	2551550	2690690	2529300	2784650	2766270	2605940	2627900	2866300	2843710	2774880	3002200	2781810	2873230	2605470	2559720	2623340	2755150
P77674	6398960	6545480	8387330	10771300	5562650	6590290	13249500	6562590	8663000	7572010	8254910	915761	1055120	1062270	1356090	1333670	1090010	1120620	1088500	1061690	817885	750563	1095920
P33232	8528550	9465750	11870100	8736420	11178500	8865650	8659130	11518100	9491930	9945050	10323600	6587750	7291060	8061550	6210330	6740700	7697370	7744350	7464040	7599900	6156580	6211370	6818860
P0A9W3	45019500	49801900	51600200	42766900	46372000	47249900	46355800	51935800	48269600	46016100	46571300	36206400	40079500	41419200	42361900	41120900	42988500	43371200	42087800	38868400	35667800	40539900	41221200
P45955	25952600	22226200	17278300	25421700	17199600	19960800	21446600	14132500	23625100	19659900	17376800	12393300	10417000	12225300	10811100	10717200	8322950	12076800	12782500	12856600	10278400	9759440	10623600
P38038	23485000	25568200	27570800	22364700	26566400	24503500	23210000	27768600	24502800	24337000	24767500	30283900	35314400	35603800	39229700	39073800	37718800	36637400	37019000	30419400	34066300	39047600	36469700
P15639	29988100	31589000	37881600	34725700	33142900	35812700	37702100	33622100	34753600	36324100	39667800	40410900	46332600	49078800	53806200	51436500	51166700	51036600	51102000	44343200	43529000	51904400	55075300
P37641	497388	407485	468210	559770	378009	584043	573714	536041	581021	649281	502969	349141	436745	631765	377663	524521	638544	114646	735677	678577	296215	581594	535049
P09832	55996800	54617300	66791900	44184300	58505000	60314200	54007900	61216100	57790800	60425100	60385100	130571000	132609000	152016000	156672000	145830000	147535000	154382000	153520000	144945000	132383000	165203000	171298000
P75960	7012440	6656020	7277490	5884720	6961000	7063790	5783650	6499000	6803940	6504640	6879670	6039750	5451990	5928160	5598180	5529000	5455010	6176730	5997450	6034480	5314910	5738230	5670820
P31224	6400860	6993230	7500870	7673470	7030170	6732620	7578790	8683870	7561810	7241240	8041300	6520530	9586310	8166780	9581410	9115480	9464760	8876510	8694130	7488240	8134260	9012060	9454610
P0A8Y5	4068820	4449720	5295090	4981600	5096160	4860470	4390760	4981660	4457240	4690740	5158350	8040760	7626400	8386810	8478770	8468380	8097980	8190550	8056570	7796740	7032970	8006410	8452550
P05458	2034150	2082230	2302750	2206630	2160350	2147710	2245760	2589340	2309850	2047750	2115810	2005500	2380200	2199470	2421670	2400920	2504750	2390600	2333150	2104720	2191500	2259530	2332920
P02924	5825020	5064960	4477020	4312270	6333740	5023000	4598880	4338130	5264980	4577040	4535030	471428	415631	375331	687945	554382	427597	590535	642138	543419	497260	408077	534779
P25740	1751340	1741240	1988830	1547460	1982440	1680250	1683460	2024710	1743060	1938180	1882780	1225370	1442640	1521810	1617410	1655620	1612540	1573270	1656680	1642020	1034270	1684770	1611270
P50456	1908560	2058830	1986250	2464700	2067340	1676150	2129780	1705630	1888000	2169330	2049560	1641930	1836470	1973230	2007630	1609540	1973550	2047910	1964540	1937960	1952430	1969370	2191760
P09152	2954530	3153440	3252950	2313940	5818110	3269250	3056130	5763140	2448900	2664190	2546080	7286050	7205160	7475180	9724610	9892700	12513500	9828100	10483900	8929680	9959070	12424000	9432640
P0A7J7	513144000	495384000	450786000	467842000	460735000	468049000	442314000	399530000	472729000	445220000	428053000	654471000	473708000	532706000	437089000	473525000	423542000	484665000	485751000	561777000	538735000	493786000	509045000
P0A6Y8	220831000	202527000	179097000	211765000	177440000	211285000	199993000	154772000	230317000	198873000	189229000	155068000	154047000	148079000	140908000	147592000	129107000	155176000	150961000	148325000	153129000	151513000	159241000
P50465	237782	293931	233829	230365	281733	260585	130502	196230	337904	310727	227077	570745	509354	599170	520097	444154	527460	631467	574364	629705	533095	530982	294046
P0ACQ4	11195400	11652100	12824800	11716600	12904700	11544200	12247400	12832800	11296600	12048000	12149500	13357200	14121200	13785900	13330700	13424700	13841600	13440400	14223400	13964100	12413000	14310200	14551600
P0AF56	1514830	1160450	1379270	1041270	940228	1357820	1361990	709291	1441190	1105090	1237240	626962	464457	561308	531014	506372	414440	594884	518103	475450	444234	691367	748295
P32053	1023860	1028260	1139610	1026930	947239	1071780	1059880	1071050	1118460	1065510	1227450	1143720	1235640	1398600	1393010	1548440	1389700	1406140	1258660	1428670	1182740	1540300	1475240
P0A6Z3	44564700	44108100	43298300	39368100	49270300	43284700	39136200	47936000	43168200	43065400	43174900	37427100	41216700	41219000	42519800	40764300	43865200	45583100	44709900	39651900	42375700	41479300	44197400
P45395	5394760	5198170	5956900	5133550	6516630	5028800	4707760	6896400	5183360	5420450	5495550	5906440	5623400	5899690	5080950	4851220	5753820	5918350	6043450	5879820	5809880	5981110	5745940
P08839	36279600	35831500	40510900	45307400	42109400	41039700	44976500	35972400	45028600	40568200	44474800	126772000	129807000	150572000	167490000	149351000	159893000	161072000	155454000	128371000	132891000	155509000	166953000
P0ADG4	14668100	15547600	18171100	15353100	18780600	16123900	15655200	17232500	14489500	16282400	16594300	24155900	24930500	27593300	28394200	28542500	27676700	27872200	29705800	26054800	23172200	23802000	28014900
P21165	33968400	36027000	38164700	35147700	37391800	35178700	32428800	39348200	35653500	39580600	39685700	26288100	29188400	31655300	34575800	33418500	32815800	34048900	34452000	28600500	28527700	34995600	35364300
P0A867	30263500	31377800	38180300	44330900	33442200	34329600	48923900	31353800	38934100	36976200	38595600	41366200	42852300	46137800	47851400	45198300	46952000	44724300	42636400	42075800	41616700	37862900	44776600
P0A9F6	1811550	1888230	1879740	1911860	1788880	1551560	1693530	1144080	1717320	1773910	1912830	1113670	952199	1340660	1399680	1466740	1460140	1291620	1444860	1207820	903776	1326770	1385540
Q59385	3758990	4178950	3530610	5925830	5043870	3781350	3691490	4874410	3768210	5270860	4145990	4080160	3202230	5163960	3696930	3477520	4018080	3900210	3488860	5928260	3565790	3582710	3882080
P36683	192075000	212288000	272663000	143843000	249533000	213824000	172423000	284187000	213991000	226616000	230307000	71769400	85239800	88287100	79569700	87758700	91956200	85427700	80181000	73279000	73134000	89313000	87535500
P77541	672003	1016260	842281	1858340	633592	1270960	1818820	1085640	1667170	1150890	1301910	137536	275389	276584	165384	NA	346083	361344	295075	144370	187919	NA	221159
P0A6C1	3411040	3421370	3834180	3519530	3718650	3620660	3683350	3582510	3470930	3617730	3451660	5239540	4831000	4827090	4771410	5386630	5098500	5246440	5384130	5187770	4582520	4781400	5051340
P27306	15861900	16382900	20632400	14773000	19940200	16884100	16175500	21182200	16475600	18484400	20583500	4397040	5263420	5422960	5103930	5486350	5214920	5239580	5133670	5084140	4483270	4952100	5260470
P0ACB7	9992310	10178500	11763900	8890640	11584800	10319100	10530000	11249900	10279000	10791000	10828500	11003700	10021700	10399600	10074800	10047600	10118400	10847800	9952470	11042300	9410300	9703550	10564700
P37344	1348820	1420270	1415660	1406650	1512940	1410450	1348350	1332590	1370750	1375320	1429410	1181490	1304340	1532800	1427580	1428530	1512830	1512410	1561010	1559680	1060550	1433250	1533170
P0A9U6	3442800	2916810	2761130	2299490	2439010	2323420	2258110	1690080	3092060	2664480	2344750	1800560	1834900	1426790	1264570	1648450	1192990	1627150	1627690	1776740	1750270	1471470	1506510
P28249	2916650	3140370	3344910	2777410	3634280	3106300	2700600	3811680	3052830	3106770	3226870	2280930	2596680	2746370	2724890	2701220	2930180	2810060	2639550	2479490	2433580	2585200	2643340
P07813	23370300	24007200	26666800	21003900	27813800	23870400	22731900	33258200	23975700	25636200	26396300	26781300	31576300	31246100	33412800	34242400	36834200	33132900	32680800	27215500	29465100	32098000	31951600
P77608	73953.8	44792.4	87713.2	50887.4	NA	NA	NA	NA	NA	51786.4	NA	32005.4	51262.6	103707	NA	NA	113104	59361.5	NA	NA	11333.3	NA	71390.1
P30864	1699030	1995820	1884210	2027340	1854750	1788360	1867110	1564240	1929210	1957050	2200280	1176690	1243200	1598930	1729830	1808140	1530680	1650130	1662120	1405510	1293180	1579270	1628910
P0ADC1	10343400	10056600	11041100	9315270	12605800	9665660	9101570	12271400	9937910	10298300	10352300	10452700	9954230	9108340	9744090	8941010	9756430	9772630	9880310	10010500	8316870	9668280	10343000
P0ACE0	9229830	9483260	7548870	5090160	13968900	6955680	4607270	11447300	6095440	6419550	6310690	5773860	5533360	5504130	7011440	6633650	8000010	7246960	7479170	6984800	7925380	8762640	6665120
P0ABS5	3533810	3563150	3936540	3534970	3806140	3525130	3592020	3871560	3581950	3703450	3780570	3275450	3592200	3615030	3864210	3445970	3735610	3780780	3784800	3671590	3223740	3478370	3731540
P0A8R9	2112050	1802880	2001500	2105920	2039910	1758520	1871140	1704190	1818050	1990310	2221890	1960210	2059730	2329150	2206450	2513800	2130540	2300030	2281680	2287130	1905510	2031960	2452930
P21513	36885500	39185700	41696200	35566300	45447600	39997800	33979000	47866700	38334500	40145400	40852500	37404100	43040800	43860800	45205900	44901000	47656500	44854800	43689900	38320300	41167300	44810500	45005200
P77171	5886950	5284290	7917300	6859280	6464020	5908780	6311400	5701570	5523590	6312000	6959380	3074000	3026240	3668250	3040200	3527430	3098190	3352390	2993090	3058770	2431900	2825520	3184110
P30139	10376300	11762500	16958300	16720100	10988000	15017600	16599900	11801300	15760500	14886800	17567900	13462700	13481100	15502700	13626300	14481800	14347900	14756000	13837500	14774200	13273900	13769200	14466800
P39325	54246100	40166400	36037700	47139600	32134700	44893000	63504000	29351900	54283200	45762200	45415300	6098660	6840780	4172260	8868500	6057370	4583820	5735610	7430630	4804380	6757240	2343790	7140400
P09151	69539700	71625400	70393200	66077300	56935700	65634000	69391400	70842800	67306200	70562600	65618800	76331900	85762400	89951800	103949000	96844200	102874000	100358000	103239000	83499400	93036300	89100100	94286300
P07650	11296600	12652800	14977000	13926000	14171900	12880600	12180700	13099800	13357500	13865700	13385800	12717200	13860400	14688500	15148300	14111200	14460600	14881000	14453200	14428700	12859700	13820500	14395200
P76116	68320500	63560300	72474000	149907000	61516000	86493800	97989600	50725600	84460300	83975300	86497000	102445000	101801000	99774000	85664700	80610000	88527100	97452800	87375200	107731000	93654200	68841000	97935100
P00934	123345000	129259000	128413000	139626000	128850000	135819000	139205000	133550000	125896000	120018000	127222000	93344200	91877300	101382000	105411000	104185000	101383000	103012000	101068000	98079200	95780500	103475000	105710000
P24203	22422400	21413400	22769100	16732600	30534700	22785200	15593100	25690500	20836000	24593800	22958300	5990450	6035630	7022680	6017290	5675000	6979340	6941650	6362750	6396180	6644850	6719260	5735920
P0ABC7	33304600	35299500	40935300	37360300	37233300	36664500	35119900	36967500	36688500	39522800	42467900	38980600	41587100	44955400	44202000	42130000	42067500	41980400	43904800	41650800	35547100	40629000	43513100
P77649	1032410	1098580	1317900	1216140	962830	1225480	1429830	1398750	1264360	1298770	1361220	1089500	1331710	1404860	1342270	1329650	1427620	1420560	1232850	1372140	1107140	1147790	1279450
P0ABA4	66091800	54546500	50850700	55823300	53194000	56051600	52339500	43245200	53972600	53384800	48219600	42913900	35234200	37028200	26481500	28530100	24722700	30631500	33655700	38388100	35229100	31224400	33305000
P64588	14769900	12028000	8424430	11523600	10110200	9377510	10774100	6840190	10060400	8849130	8282010	12909700	8388610	7611860	8515560	10818200	8614670	10383400	9910750	9941640	12513000	10785900	11238400
P77748	8459060	9413490	10064800	6652800	10471700	9469360	7553910	11706400	8855020	9637610	10128100	9485000	11105100	10559600	11955400	11724900	13083600	11809300	11669400	9342080	10224700	11360500	11188900
P0ABJ1	42427000	46442100	57750000	41712500	58366900	47421600	47134500	59634900	46096200	47860300	51668200	31009700	29605300	37633800	26625000	30975900	32094900	36726500	32678500	36229100	26680800	31592500	31287600
P65870	4583790	4601780	4734930	3288710	4703980	4768140	3963490	4586790	4925000	3939430	4260780	6466030	5360490	6615960	5467640	5691330	5706640	6064040	6691300	6948880	5264760	5649100	5463040
P30958	6495530	7479200	7598350	7117970	8184720	7111330	7083470	9620320	7154190	7405770	7627760	6481160	7914790	7541840	7861410	8292740	9202720	7974130	7957330	6901640	7697770	7624390	7631870
P0A9J0	4270110	3749560	4314400	4382950	4306260	3806500	4086270	4186170	3549320	4103930	4498520	6443920	6936960	7194910	6988130	6308780	6867060	7282820	7234510	6823750	6156510	6423250	7058960
P0AD59	63133800	49011800	47542800	51261400	43630100	52504300	58088900	37348000	57736900	51650300	48999300	35413800	26791300	24400500	17912500	18886500	17342800	22715300	24871400	30184200	29804600	28338500	21851900
P00888	21103300	21352700	28725400	28239900	25725100	27109800	25983200	22315100	25652000	28152800	30782200	16386900	14075800	15299000	16487400	17031000	15644100	14777900	14562200	16070600	12589300	18045200	15306100
P0ABE2	13666900	10312200	10447800	12148400	11562300	12186400	12038600	8138050	12562200	11303100	11634400	10754800	10161300	11717200	10968400	10134300	10084400	11984400	12718400	12849300	14064900	11691500	10444500
P0AC02	33957000	37169400	39802000	33758200	39761700	35933500	35206600	39561400	39698900	38869700	41765700	33155400	35505500	38721500	38452600	35197400	37893300	38250200	37605600	34860000	32963400	37977500	38382300
P24182	21712100	23398100	26866800	23560200	25287300	25379600	24051700	25503100	24841400	26039600	28591700	26690800	30085100	32521000	35278600	34237900	34142400	35763800	34809400	30700000	27421600	33858500	35568600
P0A7L0	334720000	334311000	352905000	313263000	383600000	339244000	291768000	328098000	319849000	322752000	333258000	439704000	393545000	449430000	439822000	434100000	446607000	430740000	416758000	413153000	441273000	439680000	437489000
P0A7K2	1408210000	1105310000	797581000	1404680000	708851000	953200000	1112670000	518538000	1056970000	957195000	904125000	855507000	735874000	694357000	616066000	709192000	489278000	673922000	667439000	713764000	702684000	637930000	712680000
P36548	3824200	3656460	3682830	3226290	3724990	3766810	2992020	3531320	3497250	3679900	3503700	5251010	4220080	4277650	3573300	3947860	3789550	4178490	4270630	4441230	4016850	4295130	3869060
P63284	44026900	47568300	44749200	48587300	56736100	47444300	43107600	50858900	46182000	45042800	43286900	39139600	41416200	39195100	42038100	41599600	41543800	44925300	43654800	41160700	45549400	45566400	44117500
P31455	4121160	4292870	4309630	3225760	4142480	4032700	3351640	4571810	3789610	3975980	3831700	4348740	3898290	4172780	3987040	3986880	3801650	4182040	4150500	3988570	3770180	4263530	4229810
Q46893	5968910	5736240	5199360	4650360	5517130	5330280	4776360	4751880	5516510	4957910	4807830	5441030	4385580	4101960	3245660	3664840	3279930	3681370	3803670	4432120	3777250	3818400	3770440
P11454	5702070	6427310	6418830	21615500	6443720	8430900	12404600	6209470	8407730	9302020	10168600	10897700	16171500	15397300	14280500	13443000	18633100	14804500	12655200	14149400	13591300	10325500	14472300
P13482	21247900	18932800	20588200	19849200	19647200	19848300	27506500	18563000	23228400	19820800	20699800	11814100	11344500	11059500	12290700	12259200	11028400	12781900	11437400	12084500	10053300	10815900	11103200
P0AAX8	22191600	19232300	19541800	16093100	21106200	18881300	19316500	19141000	20344300	18871300	18240800	19318600	16026400	18341900	16544100	18170000	15976100	17536500	16531100	18766100	17547400	18153800	19240700
P31677	10221900	11263000	13875100	14365200	10401000	12053700	16077000	10358400	13670100	12884100	13610000	11266800	12951900	14459500	17041000	15888800	15956600	14925000	15158100	13531000	12837700	12879900	14376600
P24193	1931010	2014720	2089880	1352470	2955040	1618030	1271790	2114240	1385840	1746640	1490330	1781900	1659590	2158170	2051870	1893150	1995330	2085920	2358320	2111750	1966190	2295080	2168390
P46889	2152040	2449670	2518980	2572390	2365960	2306350	2518870	3028820	2525060	2743120	2770510	3550700	4301520	3680260	4310270	4206960	4909940	4297550	4385500	3882770	3733540	4054360	4337970
P0AGB0	2702660	3203200	3365390	3679880	3035710	3070050	3464990	2870540	3134170	3492510	3570490	4945190	5330050	5127440	5675510	6084590	5432480	5360010	5111180	5193520	4228620	4180620	5023000
P0AC41	226748000	256920000	318061000	151261000	312548000	239023000	181793000	327000000	241459000	263671000	268491000	45701500	53459800	64531900	48087900	55499500	52805300	58351900	49477800	51977300	38147800	49682500	57002700
P77475	2023060	2707780	2843330	2650160	2606930	2791220	2803890	2632950	2732910	2394500	2832310	3375470	2977740	2979570	2801550	2653490	2520900	2858400	2825650	3123800	2756270	2333170	2490890
P21151	7215610	8143670	9221420	8365570	6885120	7594390	7618880	8218160	8940650	7824810	8258030	708036	1217150	1151100	1417240	1849990	1199560	1110920	1256250	899088	963176	657561	1375420
P39321	2889010	3219940	3351050	3214930	3540570	3138300	3189040	4334050	3235550	3261610	3407300	3041670	3864260	3740640	3906380	3891180	4327730	3812340	3796180	3416230	3576100	3684920	3747490
P0AD27	2231390	2120020	2490300	2074070	2597180	2028370	2141440	3147450	2200800	2263570	2285890	1854070	2143140	2085910	2043070	2123820	2146190	2233460	2048730	2003230	2101050	1857460	1929410
P36680	5804610	5026970	5168390	6297120	5741520	4595150	5253620	4601950	5352910	5133380	5291430	5544150	5738770	5457900	5157140	5655580	5091610	5037740	5477730	5324410	5869070	4486640	4514670
P0A8V0	3811010	3596680	4149110	2647000	4589310	3696230	3747620	4124840	3742730	3245720	3064010	5270970	4657400	4895800	4404600	4180080	4768260	5128510	4603900	4936140	4923420	5192940	4368060
P0AFA7	848809	1149480	689495	1341000	550882	892778	1090350	459599	975007	895595	943864	362830	684894	497239	838002	725018	644946	725164	587179	627266	211674	638862	773300
P67910	50994000	54095600	59856700	47280700	63762600	55877900	49161700	60323700	54239300	56480200	55508400	61945900	58946500	62110900	58478100	58045000	56836200	58666900	60501900	63754000	54917700	62457400	61691500
P0A6P9	244697000	221305000	247095000	253971000	229288000	266752000	258658000	206315000	263098000	243636000	248963000	477902000	389469000	448531000	449702000	409971000	459568000	464042000	471050000	481989000	438566000	494398000	496016000
P75682	1145360	1457250	1241880	1216820	1076390	1178940	1268250	1288600	1253620	1221960	1309670	503050	221134	428158	288190	366584	360956	334610	420184	490505	341594	397473	392860
P13000	5110280	5832790	6270150	5355350	4318240	5632050	6375530	6193400	5801590	5278600	5789140	6133820	6727200	5253960	7733230	7202980	7426670	6766180	7129850	5910690	5740620	5995260	7048940
P0ABN1	312991	325796	371234	419558	177552	305719	297474	434567	270284	245805	408125	182193	160697	236357	135452	299145	339629	250445	147180	195141	145803	184922	192440
P0A9T0	120832000	121091000	131442000	120845000	152060000	130635000	108347000	142721000	113343000	131720000	127047000	254192000	266711000	265023000	246628000	251570000	260855000	275286000	268257000	252934000	264672000	283720000	283546000
P13001	2066760	1601100	2245820	1840850	2277700	1469780	1578670	2606250	1985150	1677000	1953300	2963630	2809440	2662180	2191890	2139690	2015940	2307260	2475560	2568010	2639590	2155660	2227180
P0AFL6	2683060	2416770	2752190	2702770	2779030	2493610	2735780	2534840	2395550	2649220	2785130	2682030	3327130	3267390	3481830	3339820	3163070	3255560	3343480	2927880	3157420	2879290	3056890
P33218	4806610	4822050	4893600	4421600	5516990	4510700	3535220	5355480	4745400	4190940	4307740	3630490	3100100	2540860	2599420	2097430	3026720	2523820	2404770	3453800	3178420	2922730	2748170
P00960	21396600	21142600	21876900	20640300	21013700	19497600	20740800	18242200	19212900	21342000	22668600	21413400	19138500	21428500	23703800	20434300	20209000	20307000	20967500	17339500	20859800	20062700	23068800
P00363	28368900	28602900	29283800	16045600	45012100	27058800	18299100	36254100	23025000	25809600	25546900	18670800	20585900	26133600	24429900	25397000	24150300	25973200	26122400	24550200	22140700	32248900	26422400
P0A7J0	29214000	27471900	26212200	20871200	28270200	24971500	21519900	25719300	24038700	25707400	22673000	22723900	16728300	20807700	17548900	17351900	16122300	21218800	19469600	22175200	20462300	21682300	22161400
P0ACD4	62820000	46649300	41582000	41265200	39883900	46971500	47562600	26473000	51257500	41862100	39383500	35888400	31358000	32548900	26792000	34073200	22949700	32095200	32192600	30295600	30811800	33528300	31979300
P39298	1673960	1848540	1815200	1970420	2237500	1798050	1889330	1911100	1878420	1826210	1979270	2270240	2315700	2258620	2003350	2282500	2207760	2007670	2184330	2198850	2190300	2139630	2237150
P38683	665292	511256	416763	528904	702264	441692	426385	784433	480029	550790	456306	617651	677068	506125	641200	524391	630065	592475	688584	670860	579805	631146	673258
P0A6L0	13011600	11376600	11406000	10958300	13054900	12003500	11562100	8689440	11403400	11734200	11011500	10854100	9315140	11924700	11443800	12296400	10812100	11893600	11748300	12860200	10276100	11727800	12468800
P0A877	42254500	41900500	47456500	48681100	49132800	46596000	43557500	41739000	45559200	41922000	46867900	54229200	47933900	53699600	44912900	41126300	45455700	46172800	46216100	51135500	49470100	48186600	45337200
P21517	830756	867487	1109100	897365	896407	893259	1031540	1272160	1044630	1034120	1035310	1333700	1382830	1451940	1504620	1469080	1722820	1683470	1578580	1402200	1367710	1434040	1447800
P41407	25460200	23187600	22664900	22279100	26180600	23898500	20199000	19745200	21145900	24331700	22941800	16362700	14789200	21684200	19212400	20689000	19702400	21207100	20512300	19316300	16300600	20265200	20781800
P02413	154909000	168796000	196713000	152375000	220206000	181578000	141545000	214746000	150219000	174511000	167359000	269610000	252911000	295999000	251774000	238733000	270917000	267353000	262237000	291785000	289019000	279748000	280829000
P23843	283002000	289711000	235473000	234228000	514376000	284782000	245830000	636521000	239784000	254811000	223227000	268690000	194151000	210774000	235795000	290854000	446826000	225175000	213211000	240025000	259010000	302745000	224887000
P0A8X0	15196000	12515500	12156700	15186700	12896000	14387400	16204000	8117080	15626700	12962600	12116200	15515800	12321600	11498200	8769880	8915450	7600570	10246400	10446200	12851600	12411300	10234000	11128600
P00448	124729000	125614000	132951000	185125000	85457900	155799000	167704000	88378600	172014000	150004000	152500000	79364900	77643400	85194800	81698700	91406600	66362700	84357900	84711800	75829600	63927300	94747900	78766900
P08200	631741000	624162000	766553000	516506000	705300000	665342000	584106000	696356000	631376000	663854000	685060000	407051000	430778000	500588000	401820000	437765000	403784000	461585000	405154000	466999000	390761000	466405000	476430000
P37757	4960590	4717720	4953240	4283770	4919970	4547190	4282820	4653600	4788140	4886750	4759370	4308180	5073170	5497500	5616000	5030530	4985950	5033260	4805020	5291450	3091720	4912950	4866350
P09831	29614700	33029300	37041400	28639300	34308500	31720700	29984500	44809800	32876100	35960600	38104600	68185100	88068000	83794200	92267100	92382100	110493000	90473800	90189900	67781500	83386400	88520700	89921900
P00490	7437930	7553750	9074510	9439890	8497120	8298410	9421260	9533070	8945650	8819480	9273820	13568300	15208800	15474000	16262200	15624900	17771300	16858900	16370700	14725100	16594300	15273300	16390700
P0A988	11355800	11098900	12389400	10445600	12391700	10904700	9824320	12149900	10555500	10884400	10914700	8366620	8874660	11032200	10774700	10700700	10856900	11502700	11443700	10338800	8620780	10016000	10614700
P0A8N7	1113920	1150850	1308100	809877	1530800	1209050	873763	1304530	1069050	1226710	1320850	2003540	1823760	1878410	1980270	1916500	1759130	1890360	1824830	1968490	1853080	1858010	1677490
P00582	7128360	8014580	8377510	7919060	8368110	7498700	7593230	9093080	7876770	7929100	8609380	6834080	8205520	7836410	8154210	8212980	8647830	8012130	7655320	7048980	7268520	7713270	7656000
P0AER3	1186430	1259730	1189860	1320010	1000610	1023570	1699460	1015740	1208290	1125170	1133420	683697	802492	720786	810742	852671	674059	646629	590496	641890	705399	815419	519611
P11446	15913500	18941000	20960100	13505900	24888600	17556800	13834600	22788600	15030400	17505200	17696100	21592100	22694300	24200400	22407500	20661600	22904300	22153500	23718000	21935800	23886100	22824400	20117300
P08312	22744000	23017900	24105600	21805300	23419400	21431400	19480500	24618900	22054500	22346800	21939900	28220200	27897100	26904500	25564800	24121300	24598700	25960700	26840700	26289200	26227200	25046200	25613800
P09546	4578570	4974520	5287460	4243520	7561970	4477850	3819230	6935220	4194360	4745750	4591350	2980340	3731810	3544060	3423450	3607150	4101630	3428780	3265980	3191390	3287110	4035220	2781920
P75981	25305300	28093000	35006200	29314500	43586600	31475000	25483100	36508500	22483300	35150900	30738000	50628400	59478200	49548000	39313500	43332700	51783200	48480200	54531600	50418700	58494400	47766500	42503900
P0ADN0	977778	868630	937369	871670	755844	952990	732941	821006	921796	909123	869736	850947	950961	565600	1260750	1170740	1132060	1368600	1158120	1096480	900616	1283980	1348990
P37440	17142500	16057900	17326200	10816100	21480700	14566600	10692500	18157000	13544900	14605100	14818600	2882940	2571330	2869720	2289560	2508280	2767360	2644530	2804760	3173130	2720710	3247420	3271870
P76536	8442960	8389950	9269890	7346340	10763400	9002310	7390170	8876180	8687950	9264900	9475170	12101300	10096300	12957900	13445800	12506000	12958100	13256400	13629400	12612300	12102800	13761500	13692900
P39285	1697590	1761140	1817850	2091830	1801070	1724780	1934460	1734040	1662710	1697570	1863050	1550350	1881000	1909960	2196850	2064930	2068600	2169130	2192010	1844900	1533610	1948310	2009070
P31992	16456500	11862700	16201900	18899300	15453100	18283300	18713700	5513590	3910230	15113400	15532300	17568600	13163200	15189200	11825300	10824700	11785800	14163700	13365400	13999500	11994200	13952800	11704700
P76177	84472000	69362200	66008400	69112300	66403500	73855400	71326600	55220100	74404400	69728400	66029600	53004400	44884100	54388800	46480400	49976200	41440000	50786600	50222400	56244200	44823200	51574300	54447600
P0AAZ4	3398040	3437490	3704310	3217740	4089370	3575620	2974830	3728050	3252340	3485560	3460990	4125290	4148830	4269350	4248610	4288960	4442660	4356090	4226540	4207310	3396230	4140380	3935220
P37749	9216860	9737260	9404270	9605810	9950060	9638230	9532050	8680200	9436210	10020100	9734720	8792170	10116400	11293400	11218600	11054200	10277500	11039300	11377400	9379860	8488120	9784160	10601200
P15770	4353710	4539600	5105850	3742820	5306330	4065500	3508750	5076030	4321080	4040910	3968280	6349390	6018380	6007090	5545180	5097070	5585970	5991170	6010940	5941450	6191120	5573150	5680580
P0ADE8	43434600	36832500	39936100	26766000	39578400	35978500	35254900	36174500	37214600	33625900	35062200	33431100	29676100	31384400	28441600	28182300	29107700	31100100	30610500	32354600	32252300	28469400	28758600
P25665	330124000	372808000	453333000	347772000	501728000	408560000	371240000	481336000	377712000	409527000	409832000	581494000	705903000	721187000	658949000	694553000	737102000	711280000	672134000	600990000	651710000	725801000	695523000
P75838	4140050	3949990	4368220	4191770	4278030	4018680	4673530	4250520	4469730	4167400	4441280	7383510	9553340	8555590	9272910	9920390	8682730	8989420	9216490	7484990	7836620	7825190	8550720
P0ABK9	3309560	2997240	2129930	1634540	8816690	2863270	1605550	4492740	1819230	1766860	2272970	1467890	1303460	1316170	1347980	1328400	1076800	1329180	1477360	1450740	1540340	1958200	1223630
P76540	348195	411070	466957	234551	400936	437105	376210	189161	564150	463080	309028	459679	333701	374744	334825	264606	305056	294190	350690	436629	349611	531384	369216
P04968	19562800	19666400	15927100	13010400	18118200	15452400	12360700	19127000	14033900	15849000	15067900	5837310	6539740	6904560	7642510	7290560	7224790	7269080	7599350	6291920	7286600	8128050	8029210
P0AFS3	3420760	3726540	3993750	4267270	4639290	3134960	3766950	5343440	3580330	3273800	3953070	2358150	2654530	2885140	3057490	2812930	2953150	3084930	3143480	3544620	2573880	2312010	2644120
P0AB83	2493710	2568380	2864980	3084490	2160490	2485940	2404210	2519430	2534770	2791600	2828830	3357910	3958200	2934120	3583950	3210950	3526970	3589550	3759820	3136670	3414440	3601740	3818920
P0A7V8	227499000	247631000	294347000	220134000	327213000	265289000	240483000	305536000	239697000	279397000	256522000	438121000	400465000	416642000	397399000	411342000	404218000	387286000	408670000	401659000	384357000	446784000	427281000
P04825	26466200	27244600	30862700	29709900	28426600	27402500	30573700	32025500	29448600	29584300	30376300	21617800	29331800	27365100	28732500	28436400	29781200	28172400	27209800	23242700	26396600	27673700	28533400
P0ACF0	1207650000	979340000	890496000	1129410000	819997000	992043000	1120050000	604566000	1069520000	910860000	864912000	723314000	582133000	634117000	490261000	578747000	383403000	543364000	579859000	683437000	598632000	585784000	609412000
P76407	858507	806579	1102050	1420190	995299	1166850	1598530	1070480	1213170	1022520	1177910	862279	968286	972812	1027090	1106210	942477	978258	833243	874078	944565	677853	857506
P00961	46075000	50390100	54280600	46020900	52800800	48848800	41852600	60140400	50043300	51031700	51030900	49923900	56865300	55751800	53133800	52853000	53132500	55369300	54750600	49792800	54892000	53371800	55828100
P76187	4519910	4264870	5550570	5611080	5926600	4935250	6104050	4991490	4761040	5197650	5323430	4159450	4671120	4557440	5908600	5177890	5076760	5085190	5087850	4464420	4447280	5046620	5206430
Q46927	1256000	1567880	1705320	1300810	1659480	1606250	1355070	1789770	1518020	1638170	1592550	2405460	2015500	2137610	1950140	2224930	2248900	2170310	1990340	2208520	1528100	2022140	2205350
P0A910	1933980000	2282630000	2226460000	1743580000	2187400000	2025450000	1786250000	3046950000	2261230000	2000710000	1819840000	1387960000	1042350000	1366570000	1386640000	1547200000	2458520000	1404390000	1302140000	1326350000	1054950000	1226680000	1144500000
P77307	1581800	1438940	1511130	1411620	1637230	1201300	1424790	1341890	1779180	1877190	1775620	1769520	1965130	1698970	1737480	1724400	1841890	1836250	1663390	1521520	1972230	1485360	1650070
P75876	5060000	5061060	5584490	4883970	5825520	5088980	4687580	5675840	4741760	5013540	5150990	6983680	7048450	7634000	7104780	7414740	7516400	7207770	7468050	6997460	7208950	7491700	7073900
P15038	2039410	2019280	2144470	2263600	2254440	1966310	2079530	2492990	2050180	2292210	2256560	1963470	2204470	2204380	2298660	2169810	2371000	2340350	2296590	2013440	2097970	2029430	2143820
P37197	1447430	1369840	1181950	876782	2474680	1293040	669672	1735860	781311	1007790	894705	720525	727766	812646	813641	870524	812715	974362	1038280	907329	800401	1141390	915096
P76559	834065	706938	629515	810343	494193	811337	984619	359203	948301	769651	682789	192551	165715	185234	205906	286644	185209	249725	244612	260345	257446	210055	221761
P0AG20	4526780	4625190	4617850	4366820	4974550	4271600	4268130	5208800	4076630	4529830	4722580	3454420	3639790	3585950	4012670	3919310	3804000	3875890	3957480	3258870	3741090	3656750	3704070
P0A6R3	10927900	12104700	10689000	12106000	12629600	9828170	10462200	8353040	10914100	10238200	8694560	23690900	17619200	21275000	17448100	18388800	16536500	21482700	19928100	18396700	13548900	15079700	16646900
P10443	1375130	1535060	1644880	1559710	1717440	1413550	1497490	2235220	1481760	1662780	1676600	1458810	1833460	1733760	1964870	1956510	2363840	1903060	1961430	1688560	1707950	1781060	1826670
P06983	16879000	14677600	15474200	12725700	15246500	14107000	12862500	14561400	14487400	13823600	13894900	13856100	12457900	12613100	10206200	9952390	10084900	11556400	11571000	12592700	13289800	11112500	11791100
P33599	30272600	30893000	35764100	24267100	34669300	30028400	29086700	36911000	30219800	31286300	33707600	21420800	22723100	24966300	23132400	23282000	24504300	23656300	22780900	21471900	21254600	23795500	23887700
P17446	212329	176469	241371	234427	196440	313042	213611	256769	301981	172856	175700	236674	220385	210266	178651	198755	224170	219257	191152	217080	197991	155090	153056
P16703	15725600	16688500	15651200	12340700	16165500	16061900	13059400	14461300	14716900	14676000	14728100	14131800	13333000	16119700	16980600	17631700	17023300	17572200	17521500	16361600	13855300	16053900	16452200
P67699	3081920	2202130	2069080	1958190	1280620	1903820	1836170	525768	2321150	2140930	2174810	804175	393884	821975	989745	800683	626913	819217	843357	521143	513537	494271	633992
P0AFH8	606538000	470847000	414518000	731105000	364849000	565403000	794790000	275940000	623442000	567786000	529170000	299087000	280340000	306327000	249950000	303780000	219679000	302715000	271340000	310311000	235549000	220611000	303990000
P0AAH0	2612210	2969420	3320370	3235300	3090020	3144800	3483250	3109930	3235660	3148100	3589430	3583140	3830710	3798610	3862410	3818250	3894800	3896740	3937430	3795630	3231240	3417470	3564620
P28632	1006900	751932	1161210	894491	1238510	1108820	716513	1634270	978204	855600	920265	1137310	1227350	1259690	912417	808443	1201320	1122740	1169150	1232290	1285290	1034890	916045
P45578	63559500	53264100	49832500	52414500	54590800	61810000	57357100	45108500	66222500	56493700	50587400	89931300	63885900	63840900	52156600	52531300	49471700	63834900	60101100	77839800	79414900	71365800	70530600
P76558	56945300	61691700	67352800	55605000	68758400	60437100	52814200	76745800	58394500	68067500	70104100	16175900	20533700	20530800	19685600	20080000	20435200	21009400	19376600	17662000	17352900	18568100	20878500
P75797	11812400	11655100	11664400	11171100	12266500	12292200	11539200	11564800	11915100	11908100	11515400	10257700	10748100	9997190	11515700	11247100	10406700	11205800	10711000	9903000	10845600	10099000	10778300
P0A705	44116900	44386800	48034900	41549400	50330300	45351900	39298400	50564900	44446500	45614300	45776000	50008600	56482700	57198500	59350800	58207900	59551600	59422800	59252400	51307800	54719200	59100900	60242800
P66817	2553040	2688780	2716440	3012680	2664340	2574410	2583620	2594500	2622120	2978960	2918530	3296000	2696890	2628220	1918070	2545350	2477830	2659790	2637880	3074910	2656830	2989830	3101760
P46837	5884100	6060100	6839710	7199850	6435180	7146690	7777680	6792590	7105460	7073770	7378060	10453100	12122400	12201400	12266100	11736200	12536800	11967600	12181700	11388000	11602100	11452800	11943100
P68739	3909270	3788510	4483080	4092170	4784900	4580060	4282030	4691220	4338300	4190740	3993280	4196890	4606740	4193720	4367830	4336160	4260150	4629260	4391770	4460430	4303990	3618710	4028410
P09372	122098000	96765200	95882500	116161000	103495000	110061000	97978100	65845300	105494000	93491100	90629800	68222800	57267000	74854400	67804900	65228800	57297900	78752600	77663800	79940500	63617600	88526200	86989100
P0ADA1	22009000	17278400	15603400	14669100	15149400	17439000	16877200	10798900	17800000	16206900	14731900	9969710	9258060	11962400	11232400	10946400	8988840	12032000	12588900	12328300	8175480	10526600	11373600
P00370	53237300	48800500	46069300	52762400	74173500	49525100	43519800	59660600	41219900	49357500	48079500	54359800	59561300	68075800	76737500	73604600	71473500	75754000	73326100	63236800	55619800	80414200	71418700
P04816	63556600	55920000	60340200	51395200	56955000	64310000	60147500	49974800	65186300	58979200	63349200	67349800	55654800	66399200	51166200	59568500	46090900	62676800	57435300	63862700	52285100	64649200	69047800
P68066	354138000	242439000	319197000	257366000	693826000	282455000	278773000	264708000	229466000	383058000	294845000	408242000	366210000	360426000	261266000	283997000	223882000	284558000	269188000	321334000	309730000	302313000	324372000
P0DP89	6929580	7974550	9391650	9726370	586812	8434350	8955510	6407530	7607790	6946220	7883260	5593810	4754890	5265910	6229010	5009100	5747110	6318190	6353510	6670520	5324190	8011050	7575910
P76344	182713000	133485000	187145000	127448000	338022000	213295000	106828000	144194000	127651000	242372000	193845000	683113000	534459000	578210000	547164000	650030000	440103000	662466000	612635000	206955000	318102000	714246000	495874000
P76402	13917500	13576700	11221200	13862500	11217800	12460400	18690700	6983950	14310200	14783900	14593400	2361560	2703350	4408440	5417170	6301530	4404970	5069190	4453770	3959570	2336750	3599430	5123320
P17115	3875720	4106680	4233270	3211260	4860280	3918030	3014620	4829540	3897190	4322720	4126530	3533640	3309500	3420080	2870880	3175030	3387320	3362920	3192060	3423850	3244910	3316230	3107060
P0A8Q0	197322	253627	244082	206234	474541	189007	164906	132081	156085	152095	210635	112001	93666.3	289090	310561	217096	255148	233038	276828	249237	106783	513569	333809
P09980	1051940	1089710	1212180	1108010	1020740	994306	951490	1191940	1027420	1151970	1057570	894725	1266420	1105540	1266100	1166570	1230960	1228990	1299170	962570	1053440	1035940	1038990
P68919	275373000	222658000	211384000	244485000	209740000	237790000	223613000	142112000	238266000	211249000	192597000	241614000	201720000	216333000	169442000	180310000	132610000	182598000	193101000	202236000	221464000	182905000	191996000
P0AF20	9655720	9599510	9779110	9439800	11090400	8296930	9058610	9873630	8869930	9511530	9761550	7355050	8314390	8532990	8749970	8594640	8540370	8663080	8841680	8572070	6545150	7867800	8069780
P38104	1808630	2172640	2227530	3308790	1652210	2254840	4353900	1924310	2871860	2386680	2554500	473652	519330	567450	753285	652736	806255	635735	571759	695273	644461	414407	539910
P0CB39	3379830	3461470	3607040	3270690	3590120	3379990	3383830	4236480	3333070	3596830	3509670	4344540	5141700	5021780	4605200	4849380	4924700	4898810	5004260	4614870	4611080	4812830	4793420
P0AC16	2578290	2775920	2894450	1929400	3039730	2451990	1953540	2659300	2299960	2710780	2548790	3286970	3291600	3260300	3137610	3198750	3205140	3267680	3716830	3079760	2677450	3203170	3316920
P0A8A4	7203020	7925720	9170690	7420100	9343920	7661300	7415950	9389110	8458860	8418410	8724560	2551880	2727590	2974480	2683660	2853400	3036310	2937090	3142820	3070390	2631230	2954630	3046950
P69797	23504000	20441300	21263500	21275600	24661000	23306000	20241900	19528800	20206800	21791200	22128400	41407900	33709400	43554800	44862500	43251500	41710200	47799200	45281700	46627200	36194200	50365100	48909200
P0AEE3	3057990	2806590	3129210	2983590	3237990	3120270	3050070	3401520	3016420	3164920	3083690	3357540	3699090	3426030	3520430	3503660	3468300	3514570	3470790	3468950	2898580	3348900	3383200
P0AAI3	34807200	36708400	39208700	36021000	39228800	36015500	35620000	43612300	36032900	36291400	37901500	41639600	46408100	43552600	44821400	43859700	46962500	45407300	43893300	42339800	44604600	45623400	47426700
P0AEE5	62770300	62446300	63580200	64657600	43872800	67182300	84552400	44579200	78997700	70658900	71651800	1357450	1959390	2049980	2487510	2987790	1529810	2575450	2657940	2278300	1861780	1286480	2961100
P37637	1787670	2199960	2179060	4416640	1863320	2864750	4007650	2375810	2993960	2695630	2870610	1934820	2789840	2062430	3326460	2875860	3405830	3202920	2956050	2571970	3460560	2554140	2928530
P0A6A6	49347000	51567100	55967800	36190400	51488400	53402300	43234700	59727500	52322600	49409500	47978500	70139700	70490700	73624700	79591800	71267800	82551600	77798000	79152900	71546800	70795300	74952400	69577300
P29208	2920970	2618110	2911900	2486250	3083860	2628630	2428750	2726760	2469930	2704900	2642120	4076500	3712580	3698450	3378840	3183470	3352030	3498840	3729760	3886620	4160760	3596940	3825620
P0AB80	56847800	60214700	55085400	44300700	62603400	59563100	46407500	68385800	53668100	55509300	56240300	55381400	48654700	53063700	52789100	52885800	49380100	54494500	53671600	52879600	56360400	61741400	58860100
P0A6B4	2241140	2071430	2564460	1446370	2745050	2202370	1578620	2375340	1914720	2084580	2019400	2385120	2570300	2822150	2597830	2692410	2688140	2739710	2684100	2735300	2315370	2874240	2716630
P0ABB4	156232000	169183000	190557000	165970000	168793000	174009000	164334000	169589000	170381000	180746000	187246000	115749000	123099000	140713000	141738000	136260000	137235000	143800000	140284000	123167000	117807000	136235000	144116000
P0A881	30080400	20481800	19937100	24905200	21289100	24516300	23708800	13160800	25386900	21026200	20299600	15940500	11850500	12181200	9844920	11007500	7879960	10470300	11202800	13712500	13130100	11173200	12504200
P0A780	32871600	25557200	23915400	22624700	25538300	25347800	21730600	20903100	25798000	23960200	22630400	20266300	16913200	19438800	14664000	16605800	13306100	17444400	17476500	18752000	18545100	18115900	19802000
P08245	18299100	16305300	14298600	16461000	13865000	14869700	13288500	9262270	15771000	14171800	12490000	12003300	9975500	12678900	9134730	10329300	7379680	10278900	11497900	12455200	10190300	9786620	10103100
P0AEW9	1634860	1476640	1813600	2256600	1849310	1888420	2406370	2142490	2013140	1654550	2108780	9055290	8977620	9289590	8856070	9085860	9301600	10122800	9972920	8769300	8847650	9861500	10533700
P07649	1326280	1182930	1396480	1124180	1609990	1288580	968668	1234100	1149020	1164680	1272330	1851020	1919270	1932720	1869810	1685690	1839320	2081310	2261310	2006620	1726650	2129090	1954200
P00956	71718900	72245500	73664300	49887300	84533600	66699600	55182500	105321000	62415700	67790900	67639200	49242800	55394300	58240400	60141200	58791900	67379700	60770400	59298500	54160700	58009100	62411500	60727800
P0ABS1	70221100	57370400	57007300	52568500	58496900	65308800	60023100	42483700	62797500	58613600	57196800	46812300	39140000	43688000	31138400	35620900	27040400	37377700	37072500	46769700	31538900	36669000	41928400
P06999	27248500	25134600	24678700	23996800	22875800	24864600	26704500	20874900	25968100	25746900	24970500	22441800	22126400	23607900	23361000	23757400	22650600	25422800	24075700	24474100	21366600	22526800	24036300
P0AEA2	765293	587749	794914	461464	738759	666940	742549	591547	364978	668212	590354	1127180	1248910	1353140	1262900	1325570	1401930	1208800	1061160	1159350	1146540	1061130	1153880
P22106	29142500	29412700	33055600	24378300	38721100	30324600	28637900	38003300	29359700	30389400	31511600	46204800	48970100	52094100	53305000	52093600	50560100	49873700	50524800	46946000	44076800	50564200	51893500
P00634	2151880	1775000	1828150	2109270	1750210	2115940	2271300	1682190	2374540	1874560	1988660	1404530	1190860	1260770	1080510	1052170	968497	1160330	1167020	1283590	1285100	1119340	1074130
P75683	NA	344968	NA	NA	NA	NA	NA	NA	NA	NA	NA	109369	152343	NA	335146	NA	NA	304857	NA	NA	114305	229472	NA
P0A8R7	1942980	1891900	1908200	1854510	2057060	1842730	1895390	1902190	1995810	2001090	1768490	1721080	1750070	1657120	2080740	1572940	1885680	1841190	2020620	1696410	1610960	1777170	2090250
P0ABT5	440681	451130	554086	620593	503165	509818	656459	598458	563299	675510	583454	1104500	1025860	969759	1028050	984964	970899	923077	1115410	1072430	893526	831852	1055310
P0AA97	845243	931143	1102530	899268	1002300	927978	945271	862463	929342	1053560	1004610	1191390	1277940	1393980	1743810	1624220	1588950	1382170	1520290	1413840	1105830	1498060	1330410
P0A9I3	2468760	2490480	2591710	2290740	2765120	2355920	2129180	2765900	2555280	2637150	2342330	2742530	2632260	2903720	2693970	2662090	2725170	3118500	2926030	2951700	1976280	2593740	2391400
P00562	8672510	9329540	8805830	7422100	13602400	7827230	6914100	11193500	7473460	8211780	8177750	10476800	12790900	11399600	13780900	13543500	13996300	12165300	12460400	10587700	12174900	12644500	11798800
P17802	180582	148199	268243	88400.6	65504.2	146381	99534.4	125644	69392.7	150368	92223.1	183537	270466	401689	468192	407660	407412	503610	415289	356193	352861	362492	409014
P00926	1230420	1292410	1285360	1157580	1273340	1080160	1219580	1201370	1308020	1284560	1236380	1686540	1602950	2035010	1762440	1769760	2051220	1970310	1792390	1809030	1408200	1888230	1685880
P37626	13898700	13873300	15520400	12330600	19015400	14803800	10533600	17344700	13718600	14966400	15554400	8629270	8217490	9947410	7650990	8302900	8273000	9069730	9157580	10794400	8057560	8491660	8500370
P76573	636748	519250	327138	426940	403165	430132	441524	254543	525263	395530	410998	NA	NA	213656	201697	149591	160893	217353	235007	257795	122428	203192	174743
P33235	175215	354249	399499	1613850	420211	705169	529395	248387	698114	132071	148046	NA	NA	NA	36325.8	NA	NA	NA	NA	24488.2	24340	NA	NA
P0AE08	463725000	379375000	393358000	318594000	433675000	395739000	372826000	392661000	390425000	387544000	377534000	343672000	250926000	297219000	249823000	266362000	299925000	299409000	294666000	322102000	274464000	318463000	307827000
P0A7U7	338839000	345007000	261243000	347836000	281346000	362184000	320653000	149622000	327314000	333941000	292607000	339024000	255521000	286380000	259555000	318115000	228917000	314781000	335662000	339793000	255481000	291672000	338964000
P0AEI1	11481900	13131600	14773100	9630910	13685700	12469700	11058200	13045300	12075900	12507500	12657100	16784600	17641000	18285100	19390200	19232500	18525900	19134400	19017700	17478400	16423700	18265900	18678600
P13029	21247900	33546900	27735700	26505000	35110100	27842100	30451900	76554900	33165300	30633200	29775300	28453400	23624700	24295700	29970900	41208500	94475000	27208700	27040300	25288300	25420600	29879600	25127500
P27111	110952	99831	139993	142425	148620	105299	140384	113412	122446	140473	143482	110270	92991.4	228229	244777	262469	238808	350689	235573	171412	139569	193171	215146
P0AC86	9756340	9242330	9294630	9453680	13160100	9212290	8295180	12109000	8974130	9643840	9799140	6430180	8103420	9234710	9442650	9209840	9542380	9529430	9371660	7719850	7557620	8763080	8640740
P37330	13493100	14309600	16287800	13263700	18429500	13697700	13019600	16085200	14600400	14757100	15965500	7352170	8483270	7706770	9583090	9545960	9528910	9314670	9223020	7373460	7650820	7023740	8185820
P0A7V0	222611000	233181000	233452000	188132000	234981000	245103000	209860000	246000000	252803000	226188000	234696000	374071000	291320000	298515000	273755000	266302000	231612000	280518000	269311000	311040000	322380000	360168000	339086000
P75821	2193900	2246910	2560260	2259040	2730070	2329440	2191100	2736850	2288640	2544440	2547240	1860830	2092060	2183040	2128130	2085350	2101960	2161050	2380580	2078330	1800480	2198560	2007330
P00350	122969000	122229000	129564000	119183000	127477000	122020000	114767000	132746000	118380000	126384000	127485000	139518000	147015000	150711000	145861000	152626000	138734000	150390000	144997000	137567000	138716000	150527000	150729000
P0AEA8	5538000	6154790	6665560	5565040	5999760	5673060	5448250	7425310	5752630	6251390	6220180	5632420	6298530	6091100	5891830	5466580	6072280	5761830	5887610	5573420	5719830	5417530	5453310
P0AG00	5948540	6900370	7595770	6947790	7440100	7005330	7994870	7356170	8090310	7599330	7370510	7325090	7404250	8658320	8566320	8660060	8246790	8370140	8378230	9019770	6996260	8734430	9285680
P0AFD1	28760700	22120200	23060600	16478400	21165100	22934600	20199400	16154500	23309400	23258200	22136000	14051500	10462900	12776800	9261420	9770100	8521350	11419700	10984200	12576200	8108270	12171400	10787800
P17443	5787680	6365530	6474640	5551950	7112140	6399710	5700950	6725970	6196430	6096250	6563700	6313700	6751950	7276850	6581780	6342700	6823610	6710900	6919250	6293830	6377490	6154620	6463110
P0ABZ1	2054000	2249130	1587810	4466070	794710	3446800	2636520	814672	3255500	2213410	2390370	66996.5	144462	328040	94384.8	144237	155744	234716	286029	600981	185062	116147	236581
P63389	2975290	3163610	3205530	3130830	3051290	3021790	2860210	3402110	2970530	3142360	3277400	3565020	4242890	3924110	4389100	4138700	4354240	4352720	4146030	3567590	3916750	3960450	4235030
P0A9B6	2386610	2800970	3086750	2633370	3031380	2920040	2951180	3215340	3096320	2958340	3617050	4883290	4803600	5314010	4905220	5354080	5422830	5126120	5359250	5016650	5030380	5126430	5080530
P11350	NA	199673	NA	175273	187812	152854	NA	164630	195061	NA	182468	246341	240085	260147	379696	238390	281005	385290	331308	247079	317991	433367	331235
P06616	5807470	6232390	6984330	5593380	7926900	6684560	5617600	7592990	6095520	5934540	6233630	9064670	8658170	8653070	7889150	8005130	8129230	8330390	8285970	8458050	8885660	7869220	7939320
P11349	1213150	1249110	1266660	911269	1921730	1248330	1051460	1640030	831466	1020720	1118470	2662590	2241810	3122580	3769160	3439670	3693650	3901180	3943760	3479570	3765450	4556680	3699170
P02918	2802260	3109550	3255790	3084200	3200090	2996950	3292480	3910370	3068390	3243380	3411170	2954240	3258850	3408340	3865000	3971850	3983400	3482500	3461670	3239210	3217770	3496760	3527280
P69228	7239630	6012830	5646060	5503640	6030590	6020230	5762590	5352160	5667190	5378440	5292520	6961030	5836460	6068730	5718480	5277820	5212730	5805520	6149580	6724860	5636080	5802830	5925680
P32703	873270	987087	962620	764813	971781	913911	797470	1011320	954213	981638	973741	327765	651200	953118	1081610	947330	912945	965714	839039	819887	626935	840499	965126
P60240	6065800	6644960	7285070	7339760	7575610	6191690	7027660	7898720	6669380	6762440	6913780	6727950	9056310	8895490	9995750	9596270	10437600	9320080	9541110	7836810	8018720	8636680	8902100
P0ABF4	1729730	1173590	1314470	1255000	1378180	1105980	1211570	1309370	1290710	1021680	1168720	474314	503603	469591	539538	377644	539395	461863	533046	528735	490879	450454	502915
P0ABA6	50547900	50292400	58891300	47383900	53092400	53973900	45035000	54459100	53114800	54836700	55614400	45239600	39422800	42475900	36662000	34126500	37800500	39838500	38648000	39396900	46275500	41825200	42116200
P0A955	144308000	118944000	133867000	101640000	150621000	122884000	99184700	126489000	113616000	125664000	118773000	148492000	135301000	139060000	108640000	113563000	123633000	129392000	137151000	144735000	134810000	138503000	127754000
P0AFZ1	6936600	6464790	5212000	3942630	5219570	5274200	3911630	3971000	5664890	4387090	4117430	6466260	5085170	4045760	3627200	3685450	3096370	3459460	3904740	4502340	4899470	3848020	3914840
P0A9S1	18060500	14400400	13481700	7703790	28780400	13477000	7066420	18280400	9807030	12376900	11973200	1071230	1067340	1045740	1163180	1275330	1112310	1334220	1342200	1417380	1035460	1472370	1286020
P00579	15850400	16258400	17686100	17553500	17192800	16196700	16097800	16932100	16121500	15788600	16746000	18215300	18646200	18677000	18549500	17493700	18895900	18824700	19758300	17347100	17047200	18673400	20671500
P76234	1883310	1521740	2052530	1490170	2370090	1857000	1432350	1698480	1637550	1699220	1670850	1468620	1157580	1233400	1425190	1477140	1836440	1894310	1741400	1286660	1410280	1439820	1654480
P20605	4067940	4332230	3952260	4627990	4052200	4120440	4984730	3021480	4926790	4199310	4207200	2098170	2382930	2827620	3177730	3136350	2919580	3056720	2884390	2454670	1823560	2475840	2753190
P0A7Z4	172485000	168310000	178536000	151366000	173015000	179450000	147515000	164136000	174628000	161959000	147269000	195586000	177105000	169000000	154935000	159819000	157172000	167318000	163712000	177439000	183991000	181242000	172870000
P27248	14448300	12458000	14505100	11456800	17546700	13518500	10966400	15247500	12859000	13778300	13169300	7435220	6380470	7253970	6429480	6566750	6475520	7330830	7273210	7784780	7371940	6983920	7963730
P31133	20940000	23542900	25997100	26041200	22003300	24953500	29280600	25562500	27892800	23566300	24345500	15252300	14975000	16805700	15738200	15547900	15265100	15972100	15902700	16213800	13566200	14490000	15648200
P0AD49	153587000	106750000	93400500	103305000	121716000	101454000	82792100	66952700	96885600	107494000	94123300	53545800	39076300	49565900	30973900	37419700	25686100	37438900	42637100	61344600	37831500	40763100	42724000
P0A9S7	6242080	6372510	7108970	7636640	6268140	5941970	7846480	5571030	5574570	7172120	7740610	6287960	6746340	7538610	7111830	7809730	7550140	7928180	7716760	6747030	6114820	7055100	8687050
P16431	13290800	9328740	14608500	7925300	22436000	13450100	6748120	16506900	13838400	12271500	12916000	14933400	9802320	10390000	11013900	13649300	15518800	13140400	15572800	13845300	19244900	19454300	15399300
P0A9B2	561911000	569536000	597211000	586891000	683739000	696719000	597053000	637602000	627428000	681687000	684201000	1540510000	1353600000	1596090000	1792400000	1656550000	1676560000	1773370000	1699640000	1505410000	1400890000	1748200000	1848760000
P77611	864146	1086270	1138050	1054790	882375	1091060	932232	1053300	1073170	1042030	1010590	1826870	1811460	1933540	1745760	1814410	1971860	1935060	1883750	1884980	1647430	1678300	1720540
P27829	4347040	4598780	4951140	4152680	4876950	4922750	4682790	4789510	4837670	4683110	5281520	6313550	6925340	7415240	7433680	7298730	7068700	7489650	7238710	6807150	6428350	6995640	7196430
P25437	12194200	12455300	14150600	11284200	13218700	12712900	12731400	13068400	12824700	12681400	13114000	10228000	11191200	11513200	11895200	11677300	11593200	11460300	12514700	11791000	12077200	10705500	11107900
P05055	70374700	72209700	80952400	79736300	82184200	73946900	74616200	79768000	72039900	75678200	79544800	71587100	81459000	82748200	91876600	87754000	87948900	85883800	86587200	66873600	84772700	82934600	88332100
P56262	12374400	9838390	11801500	9072570	10708900	11838500	14278800	9915030	13226600	11930300	12881500	7450100	7676470	6989480	6509400	6190960	5392000	6482060	6215950	7095880	7061660	5283190	6498450
P0AF90	11017400	6835490	9449980	12754700	NA	14052800	17477600	NA	12097000	10755900	11189800	NA	NA	NA	12818400	11104600	3618740	8771060	6288760	NA	NA	10855500	15670800
P0A6F5	389619000	400213000	392765000	367405000	391009000	404027000	346342000	389066000	445173000	407251000	394148000	286874000	271637000	301135000	295121000	280929000	301406000	320872000	313582000	286798000	277479000	313203000	327203000
P02919	4145120	4448110	4517270	4224060	4733990	4139350	3923290	5754910	4136570	4457740	4538840	3153600	3573390	3761990	4127510	4162660	4386180	3981180	3866920	3544960	3416430	3758830	3860940
P0ABH9	18653600	19386600	21200600	18539000	23810600	19455000	16053300	19803100	16717200	20794300	21253300	14596400	17219100	19117700	19490100	19998800	19078000	19867000	19074000	18007400	17061000	20489200	21201400
P0ACK2	1902540	1782210	1738340	2028150	1819090	1778940	1827660	1670620	1701770	1631070	1782100	1651180	1542280	1662320	1664860	1698320	1569740	1690170	1675240	1468180	1629230	1665310	1705920
P76423	10986400	11792500	14127500	13662900	12546300	12038800	13689900	12068400	13213000	13340300	13443000	11947100	12146400	11490100	11762300	11417600	11177100	11791900	10233800	10256500	10242100	9977280	10914400
P37636	7822300	9086330	8407820	14273800	7651970	11355900	14823900	7131870	11431600	10801100	10224800	9411230	8732120	7639650	11487500	10918000	11146500	11097000	10723200	10371600	11870800	9631800	11151100
P13009	14231200	15886800	16291500	13269300	17743300	14969000	14419200	20508100	15217000	15742800	16629800	18287300	23400300	22044700	24461200	24259000	27613200	23746500	23604100	18959500	21604600	22964000	23506100
P08956	4040420	4544540	4727530	3707660	5280600	4330020	3332490	5490810	4204900	4446600	4549670	2694200	3035120	3107680	2974120	2971870	3363650	3044750	3097060	2961630	2994110	3150610	3115120
P03023	2077750	2376670	2481460	2275340	2465550	2202770	2100480	2422740	2288250	2335220	2426290	2338620	2721460	2382650	2332470	2303510	2376050	2505940	2499310	2480920	2492070	2262810	2172280
P0A9L8	8165310	7403200	8179440	6215280	7784620	8009130	7492510	6562440	7698150	7725550	7679100	5126220	6090100	7001140	6254470	6661990	5543980	7615570	6889010	5933980	4790360	7200660	7771940
P0C8J8	223902000	202396000	245704000	162932000	386934000	227449000	141747000	254881000	178628000	244674000	242794000	39670900	32037800	48959500	27500500	35474600	34172000	42007300	40421700	48688500	35334800	64724500	55112200
P63224	36588700	36057400	39396000	38459600	43408000	39167000	38069300	40937000	38035000	39679300	39160000	29640600	25446100	29420900	28567500	28977700	31477900	28396700	29964100	29339900	25965300	27323600	31331900
P0AEG1	1397700	1200130	1588650	366538	1689660	1249600	1126770	1929210	1403430	1002660	1141900	1513720	1213830	1343690	981150	709318	1178800	1450580	1352420	1634620	1491570	1474120	1319710
P25746	3430480	3268570	3831570	3337010	3590380	3005540	2988340	3011570	3246080	3402110	3855900	2331930	2461290	3008180	3215160	2977430	3233080	3296100	3275890	2490160	2319860	2593090	3101510
P31574	355945	212772	276308	220865	345974	230302	NA	284496	NA	NA	224638	102140	159514	148902	133652	85839	119693	NA	NA	152567	96557.6	217486	154329
P0A7W7	468532000	435680000	386894000	427965000	412959000	435939000	405377000	313967000	427441000	401387000	366269000	439551000	426115000	410782000	354359000	365238000	330515000	392239000	414492000	448486000	412906000	424250000	437832000
P00904	14072700	15725200	18046200	19271900	16639300	16505300	18574300	16981700	18744300	18174800	18837500	14272700	16571400	20714400	22294400	20342000	20713900	20463400	19297300	18134500	14413400	18863100	18301900
P08957	4254540	4609400	5123460	3787920	5336230	4764320	3963470	5388710	4467560	4731250	4704490	7001450	7427060	7562360	7528690	7200230	7621370	7599420	7393100	7135360	7058180	7441060	7250460
P0AD65	1449050	1545900	1653060	1529890	1635760	1486740	1370720	1736240	1516950	1615400	1636960	1684500	1945080	1950710	1975660	2049480	1989770	1967030	1892910	1683360	1508270	1773150	1810120
P00909	15807700	16415500	18893400	19868800	18059000	19043300	21459500	17050200	17872600	20200100	20130900	20763100	20353600	24105200	23873600	22620600	21997400	22281500	22452000	21623900	18883200	23580000	22460700
P0ABF1	3804060	4033710	4115170	4199520	4200050	3775010	4132880	3663250	3727140	4379490	4378280	4075510	4693140	5459680	5952670	5602450	5609420	5403830	5401400	4636390	4336890	4994620	5373320
P0AG80	9386410	9792240	9419130	9651130	7512420	8863140	12425000	11703000	12050700	9886300	9993600	3112110	3002980	3169120	3803350	3993110	4162600	3275770	3349290	3173360	2565140	2429220	3482680
P22525	2005010	2148450	2244860	2075980	2781430	2125920	2158300	4180970	2304770	2154810	2116680	2933260	2739260	3007950	2761670	2942570	4180660	2558700	2799180	3169770	2351570	2582480	2654830
P0AF24	7688290	7480370	8748880	7052530	9437100	7714650	7621000	8028790	7042360	8234910	8549850	9010260	8354250	9871310	10667100	10849600	10393800	10886500	10785300	9095950	8150680	10303100	10474900
P77360	399083	407478	448984	489684	419676	401772	313607	326827	490102	377973	535833	168618	190604	213398	221823	139932	125461	217742	164099	315409	258884	183440	179309
P28630	1574220	1214410	1578750	1409070	1445570	1311670	1529680	1459750	1437480	1586460	1468760	1106370	1134710	1363420	1481830	1443210	1442660	1325370	1481130	1152390	1058650	1351160	1343120
P37650	317940	288538	273129	215558	355572	320826	290036	341717	294241	251674	313848	397566	371314	400725	350758	279761	369063	393908	348369	388728	299104	382153	384850
P0A867;P0A870	53730100	47172700	57241300	40535300	58511200	50252600	48098500	43026000	46739100	44140200	45298700	29095300	30759700	43533500	43862000	37746200	43648400	46939700	45201100	42975500	28449900	37382000	45096000
P04335	5322110	5474200	5796910	4592230	6522140	5093080	4657000	6569220	5246500	5412170	5589170	4608770	5274650	5523220	5664770	5410790	5532950	5695840	5637080	5488370	5150980	5491580	5510770
P05791	43825800	46858500	40878600	29207100	43615000	41736700	29347500	58105400	36953200	37870400	36668000	21277800	22093300	22621700	25659200	25269200	25204900	23899400	24075700	22836900	24232200	30115600	27319900
P17993	15687200	13001100	14076300	9605310	14713200	13438700	11080100	13033400	13306100	11854700	11749300	17272000	14404900	15431300	12187500	12347100	11951000	14255800	13522800	16632700	14831700	14339300	13988100
P31600	1010550	988599	1024580	843618	1311730	864606	705772	1162750	888663	929861	994521	682941	695515	716605	676612	714401	747148	722400	749180	713568	577853	714655	647319
P0AF67	13244600	11126600	10411800	10525100	9777180	10817500	10816100	6868750	11106800	11273100	8799350	9214960	6138400	8812100	7685840	7496540	6748790	7775960	7893440	7954460	7460910	7635870	7028880
P19624	3319990	3097880	3290090	3641160	3224650	3165150	3168790	2643200	3157740	3211550	3551890	2619980	2361570	2775250	3123850	3404130	2907120	3121740	3115640	2621880	2447570	2636110	3388500
P18390	7429980	5618560	4535770	5793510	4405030	5678530	5717940	3375730	6494860	5257000	5001480	4809590	3569020	3575950	2965310	3130610	2177610	2967490	3478290	3762380	3172970	3527860	3336360
P0AAI9	57977800	55490900	56603400	46161900	61876000	58063000	53326000	58902100	55711100	54238300	52545200	56741500	51604800	56914600	49845900	49360500	50332600	55446600	54484300	61056700	56453700	63359600	63696500
P24186	12337900	13181500	14368800	12661200	14515700	13348400	13162600	13787500	13378500	14095200	14170500	18001700	15657800	17163000	16715500	16762000	17235700	17817000	16858700	16789000	14535200	16050300	17045100
P76027	20022300	20131100	16720900	17588900	31778300	20143100	13394300	21240300	16340200	16807300	16337400	18478000	17520600	18854100	20988000	19567300	21329400	21970600	22180700	18985700	17983000	27030000	22913300
P76575	3217850	2586130	2093430	2618000	1060360	2338640	3153670	1579410	2815400	2494800	2186600	908686	987171	991066	884148	838199	626887	852631	746808	1959020	1232640	538717	952875
P09147	14386700	14578000	17189900	14651500	17967900	15809200	16488500	17601800	16880900	16634300	16722900	16897400	15623000	15534200	14124100	13637300	15051800	15496500	15125500	17388700	14226900	15701100	15696700
P75829	2051630	1541550	1819030	1698570	2890280	1440340	1491480	1752190	1395780	1511380	1761190	4450340	4425860	4860260	4803480	4602170	4157940	4662530	4239200	4455760	4809630	4328480	4318580
P61889	501875000	488120000	594348000	455696000	528011000	523190000	449873000	502456000	586041000	588848000	577247000	247928000	237400000	255361000	174951000	205746000	194206000	232815000	202130000	247840000	206672000	218174000	237653000
P32134	429527	454755	579992	480241	540607	401524	364668	684062	531351	432697	487057	565418	431746	415462	191836	382702	351577	361093	372455	361958	586064	400261	369209
P55135	1329970	1155000	1431060	1179870	1537030	1318470	1350070	1552740	1244760	1456650	1413160	1577020	1685860	1694350	1740580	1700310	1629150	1601150	1664280	1630660	1575730	1572970	1620360
P00895	9796330	11471800	12982100	13046200	13214100	12218200	12931000	12543700	12041900	12720900	13926800	13871200	15041600	16729300	16424300	15330500	15240800	15342000	15581900	14419400	13525400	16863600	16198500
P31475	1531410	1202140	1633960	1614100	1771040	1700280	1342570	1185150	1411880	1531780	1637040	3238380	2902940	2368740	2679230	2446830	2566580	2634720	2601840	2445580	2968310	3286910	3030700
P69922	3364810	2944550	3980900	2453580	5821220	3130670	2634030	5116740	3117860	3355650	3419590	626745	740250	815189	1002350	979957	743190	877404	1037790	932608	1141210	1135830	877747
P30014	4721220	4369320	4387340	4065140	3776960	4193580	4346700	3437200	4136590	4095320	4562540	4846270	5686140	5979900	5495130	5967460	4811500	6232750	5612470	4528000	4719420	5140050	6229940
P0AAJ5	1067160	1066250	1156990	1132020	1037020	1044210	1736380	997392	1282820	1118770	1113380	529869	695542	557337	885987	837370	736772	654846	1426790	508440	413467	717382	637797
P00861	1933540	1891880	1952580	2012650	1838620	1843970	2201220	1596190	1807690	2031070	2039220	2224040	2569900	3096400	2833350	2997290	2750820	2922910	3071050	2631630	2014730	2728650	2981900
P27278	6459630	6783340	7072260	6880080	7212910	7193120	7502050	6840470	6896670	6978510	7897000	6680160	7248560	7473710	8208130	8466880	7580410	7928090	8088560	7036790	7864590	7264330	7736150
P60595	9407120	9518530	11037400	8950270	13320600	10335100	9169960	10387900	10009800	10230500	10214500	22920100	24192700	27008400	22115300	22663800	23194800	21913700	22409100	20876400	20243100	20126500	22916700
P0A6V1	27225300	26243000	24538800	22573900	42838400	23886900	18161000	33143000	18958500	25385600	24838400	17853100	16742100	19328400	18588000	18897100	19484100	19581200	20791700	16599200	19186200	21671800	19919100
P06960	8061720	8440010	10585200	6013130	14632400	8218560	7352240	7938520	6965820	8080090	8575970	8864580	7913700	11325800	12813200	12517200	10053900	10941900	10632100	9109600	5128150	9726750	10622800
P04995	3927270	4108070	4380360	3158380	4596060	4194500	3555160	4597850	3832090	4069100	4317080	3078960	3209250	3456900	3624530	3667280	3564990	3790250	3595330	3515310	2810620	3537690	3489590
P11071	2160740	2060870	2383400	2371510	2048000	2165930	2591720	2216060	2063830	2301210	2398880	1167810	1353240	1189900	1358680	1174130	1196140	1277650	1135820	1291120	1468260	1032670	1102130
P76170	74904200	56034500	51662700	48107100	59050200	57777400	54992000	35934800	58732600	55979000	50247900	37838600	31076500	39756700	31361700	34551500	27207100	41601300	38143600	40009000	33590000	34706500	38729200
P76578	5732630	5965330	6642920	4977520	7627940	5767440	5101370	7753470	5625430	6109990	6129260	4333880	4387710	4434330	4285240	4158930	4468040	4367180	4175840	4251850	4149440	4279410	4485630
P0A858	57449500	47100900	53308900	48902700	50522800	55915300	59041000	43451200	55195600	52489200	53841100	67132400	56151200	62775600	67464100	66501400	64894500	68513700	63421000	60304700	64261900	69726400	71491700
P08179	7340850	6742730	7853140	6503510	7620240	7093130	7646310	6031140	7439100	7748430	7672910	9502600	9095450	8697630	8753500	8709550	8013660	8624650	8985940	9119790	7578560	7267810	7889080
P77398	578945	453448	741285	744984	806090	674664	801450	846359	682678	687844	855421	708721	664763	839971	899480	717870	785429	802758	772205	739207	804019	561322	773308
P04079	26383900	27181900	30667200	25028800	32751500	26068200	24844500	32082900	24772000	28497300	29065200	40327400	48993700	48544500	48783300	45616500	47318300	46350000	47987400	41972500	47835700	45521900	44141000
P21338	7658510	6726420	6235250	5642340	7244670	6894630	5726570	6008950	6859650	5929420	5993890	8773660	7977170	7955020	6219580	6792930	5679060	7497260	7449060	8816440	6986040	6593900	6812130
P0A8C4	22205600	16952900	15425300	16157900	15817300	17239500	17258200	17005600	17738500	15127700	12827900	22663200	10528700	8620750	8023760	11338100	6314600	9994410	9790970	10169800	23919400	15938500	12559900
P0AD70	1031170	768411	1215410	1007010	1128160	1074190	1108610	1198960	1184330	1036180	1041320	1335850	1304650	1586930	1578690	1357100	1880950	1621070	1544810	1613960	1380380	1365390	1506560
P33362	21248900	19277000	17870000	24999500	14257000	19442200	24844200	13069200	23661000	18809900	18046900	14187100	12094500	11939400	13401900	11880100	10325400	11835500	12427500	12910000	13026300	10663600	13084200
P60720	1252560	1422900	1553200	1427630	1469010	1308380	1378610	1364840	1406010	1570030	1441010	1814640	1695510	2103610	2087610	2131360	1961920	2279040	2385780	2037340	2040350	1973480	2224020
P0AEQ3	123018000	111934000	126554000	101315000	112249000	122532000	129044000	88389000	130137000	120039000	116287000	59442600	45333300	57286700	53558400	60878800	44601600	58884200	59247800	54711200	50573300	59990200	63684400
P33602	20883600	22955000	26573900	19061300	24568000	22816600	22805600	32546800	23506500	23917200	25561500	14998900	18576900	17920800	18145400	18658300	19471000	18220300	17140300	14809500	16678300	19143600	18818200
P00561	160006000	163899000	156356000	207144000	149807000	158913000	183783000	169190000	159206000	156976000	163576000	96557500	127538000	132175000	142574000	137320000	141077000	139012000	136218000	110436000	123578000	126689000	141268000
P07395	32525500	35500200	36014000	32681800	38980600	34313300	32291200	44467700	33672600	34260600	35288700	39337500	45690900	44088800	48897700	48195700	51734400	45971600	47044600	39137300	44140600	46030900	46713000
P0AFM6	21973700	18165600	16206700	18787300	16257300	17563900	16480000	10878400	20526000	16982200	16681100	13615800	10784100	10159600	8640230	9468770	7206000	9559350	10378400	10936000	12301900	10871300	11791500
P31663	27862700	24940600	26918200	23203000	28196100	25520100	22789200	24690000	25015500	24299600	24403300	20412900	18843500	19614600	18741500	18177800	18084700	19499800	20244600	20731000	20241700	20567100	20469100
P0AF12	33806500	36128100	35759000	32706700	34179300	35868300	38113700	30693400	31419400	35324300	33971300	28356200	27268800	38068500	38727500	39609000	38078700	40431300	38936100	35946700	25613900	37185900	39174100
P0C7L2	180606	186971	160343	265780	160124	209195	205501	187759	208399	173081	218461	205813	192038	160406	216052	179464	171263	152178	143747	125355	239846	176207	199913
P63883	2611180	2648170	2380210	2907710	2520030	2417040	2590280	2681580	2278870	2495510	2578300	1773110	1876590	1614270	1976980	2020390	1829740	1774430	1804890	1675720	1515800	1825790	1770560
P38051	1295470	1223050	1340700	1280660	1446050	1263940	1275180	1132080	1181440	1361350	1444300	650313	773091	1236710	1184420	1165250	1186580	1194500	1252370	1032780	807686	1028620	1077260
P52097	1874160	1921340	1806250	1606080	1987520	1965470	1845150	2098230	1744340	1747720	1832730	1917370	2120400	1938390	2377020	2183980	2240140	2214460	2333080	1955360	1733610	2128820	2080800
P77757	61223.6	NA	NA	NA	186685	157826	NA	174781	NA	NA	138408	40830.9	142166	229129	256081	NA	328436	218581	154073	267504	101128	249947	NA
P0A9C5	63307200	74028200	81154700	68672400	76533200	74428800	70646500	77001600	71543200	75581800	76883100	87789100	89946600	102952000	106250000	100393000	109769000	107467000	101103000	87484600	75651800	109189000	116820000
P26648	2104620	2106900	2510900	1755810	2707390	2174720	1965040	2700140	2113540	2219890	2365100	2600290	2665610	2641450	2695600	2821570	2783710	2820850	2680870	2540150	2392360	2583050	2644580
P0A799	188754000	202583000	221826000	196685000	213973000	204247000	202088000	215417000	220067000	212364000	213766000	342166000	313327000	348464000	366063000	333804000	365731000	352418000	354078000	341992000	361562000	387428000	378513000
P77504	1666540	1647180	1530360	1535080	1589870	1651670	1768960	1881860	1596190	1896430	1786730	639227	1351200	1153400	1433250	1562950	1342370	1260260	1287380	1036400	945752	1127640	1149420
P33643	4407000	4336270	4513820	4280070	4290940	4236450	4492320	4482640	4235860	4356170	4204320	4239290	4747300	4857840	5477810	5588260	5209810	5256660	5184690	4782330	4739290	4815460	5379230
P21179	63282700	70642200	82503000	95093800	64162700	78354500	103244000	84383200	92245300	82629100	88064200	53618400	62641600	57412800	67863700	64716900	71873700	62329300	57340400	50445100	56531800	56830600	59857700
P76192	1397390	1383100	1160900	601032	2146120	1197080	1019000	1414240	1087070	934973	1291750	278867	260357	409381	501381	272494	442803	551968	501341	589783	389439	515247	687298
P77444	5402830	5627180	5975170	10019200	4881480	6214330	8087570	5675010	7234320	6885550	7449080	4718610	6192710	6358940	5954520	6863680	6857090	6877110	6044440	6747810	5906670	5370510	6334130
P00962	18781900	18398700	22023600	17522600	22728200	19858700	18176800	21562500	18891100	20673000	20692600	20178400	24530700	27097300	27455900	25984300	26730200	27169600	27409700	23286700	22367300	24983200	24165100
P0ACP7	26182300	25256400	27271700	20626200	27721100	23703800	22029000	28710700	23621000	25188000	24936700	24277900	23009000	24935300	23924100	24680100	23999500	25182500	24892900	23237500	25289200	24281600	25532700
P0AA25	210457000	156544000	153032000	168715000	151000000	176404000	192698000	109606000	167903000	171832000	155301000	185333000	141185000	154171000	125021000	140797000	107890000	140465000	153025000	157654000	138077000	157944000	150540000
P0AE67	3156440	3027990	2355810	8442400	2674740	5582810	3801650	1690290	5174870	2967040	3597670	491050	504563	871489	518792	522986	385548	793027	501291	1183710	290890	477928	697706
P0A7H0	506981	580752	797448	561057	709536	710517	680921	665397	471373	697858	716369	536903	545664	858526	828394	818229	842896	856522	864030	639433	637535	759070	745413
P23893	33325100	38810100	42624000	37616400	39306100	37842100	38727600	40432800	37936700	39473100	41790500	41241600	43096400	49150600	50209700	45919800	46839600	48261400	47740800	43372900	42275600	44165000	47609200
P0DMC5	903014	991153	1036360	1071930	1065500	903771	1133120	1530150	974136	976524	1035610	911371	1219510	1165330	1316340	1340800	1802230	1264910	1246480	979037	1008630	1087660	1188790
P33360	1546740	1557750	1721440	2217170	1520350	1763360	2019320	1526140	1947010	1670860	1872350	2017470	2245980	2062030	2065390	1789990	2189240	2041010	2040940	2086130	2045040	1766880	1964460
P37634	3628340	4222490	4589260	4053520	4923230	4189810	3772900	4512150	3911320	4173300	4244650	5050830	5830870	5717890	5564080	5306190	5912460	5826620	5755790	5299740	5198900	5749380	6027900
P16700	71925500	71900500	77697400	62033400	74672000	73603000	67130800	73642200	69218100	68535600	68266800	74821200	66207700	67810100	72166800	67582600	66315300	68354600	71544000	69166800	68729000	70864000	70619900
P0ACG1	99444600	81952100	77914700	76514100	63008500	84884400	88479500	57487200	104598000	83083400	88691800	165342000	121252000	107995000	95183300	84267300	92443900	108392000	106987000	121473000	129535000	124452000	122749000
P0ABQ2	5396760	4259680	4964550	2444150	11043700	3365950	2026370	3828600	2609130	2938230	2837230	1796870	1627570	1911970	1606010	1571180	1656070	1617660	2016330	2069080	1783120	1702720	1614320
P77434	3679160	3844160	4331200	3808070	3985800	3817400	3689050	4379720	4068680	4083870	4317890	4214180	4323520	4451230	4590910	4618280	4489500	4704630	4626230	4510770	4105910	4161380	4377520
P76115	1037560	1180850	1166690	1330860	1065150	1241800	1267240	1058590	1261510	1165860	1275580	1334790	1473780	1765860	1756050	1766790	1643980	1672710	1510490	1635970	1253860	1324770	1417090
P0AG82	8153610	8613550	8838690	10886000	7337360	8910560	10233500	7791490	10639000	9003320	9651500	5062530	5366800	4744950	5392890	5376220	5004030	5147070	4867330	4917330	4955970	4911800	5327990
P25516	37611100	42004300	57288900	39258600	50492500	44393000	49757100	60914800	50137300	51652800	55811200	15475800	21620300	20886200	21581300	21546800	24766600	20442200	19007200	17249100	16376900	17788500	21135800
P55138	2041650	1100730	862109	1188280	1685060	958440	187409	2517830	937044	765106	1873000	654300	720120	660893	941462	NA	604066	1440550	627913	813113	343879	924964	1000040
P06612	13311400	15110300	15971000	14888400	15847500	15099500	15559200	18308000	15234100	15320100	16298300	14531100	16285500	16647500	18721700	18566700	20165000	17273100	16882700	15248000	14556500	16598700	17158000
P0AAN5	31510300	25612000	19563600	35874700	17460000	25516900	37671400	11401900	33106200	20922500	20753900	14582300	10823200	10915900	13072800	12437500	8233030	12370600	11014100	11587200	12375700	11172200	12904200
P15254	32694300	38987100	42356900	39835700	41695700	39841900	42638800	52985900	40916600	41590900	45262900	39376600	47862900	43273400	50988700	51148000	60114100	47899400	47218600	38979900	46379400	48167700	47314500
P30125	59709900	61900600	65272800	51087200	59690200	62225700	53763000	66012100	59212200	60493000	60221600	90030200	90933700	92288500	98922100	96363000	103109000	100553000	103392000	86425300	91069800	93518800	90866700
P0ADA5	18897600	19063800	17563100	20297500	19503100	19936900	20007300	15402800	17828700	20946300	22167400	7024450	12465700	14699000	17366500	18969500	17810700	15553000	14453300	13592300	7049000	13862100	15674300
P0A7V3	191786000	195756000	227547000	203437000	247244000	213844000	205001000	226871000	196101000	222217000	235176000	307416000	272933000	339635000	340411000	348673000	321546000	320701000	317282000	310280000	297040000	356276000	374972000
P0A7F6	15556300	16035700	18045700	14059400	13840400	15032600	12907000	17099200	14313700	13919500	13754600	15181000	15089600	16000100	17732200	17280000	18319800	17218700	16258400	15195400	16385200	17450900	15559600
P69434	747126	637094	679549	611458	1068080	660619	473787	759746	569846	715521	838882	280753	275378	192344	214841	164024	172387	225125	185758	208811	224686	229437	247548
P05459	13383100	13958200	14521900	13676400	15050400	13332300	14100800	15449800	13073400	14040300	14530300	14077200	13983100	14653900	15314800	15122100	14405400	14673300	14861800	13456800	14533600	14759600	15026900
P23874	606942	785444	798842	793699	840187	785087	671178	848721	745768	781792	907338	614225	649288	609599	578579	649026	576583	596630	577656	619277	701464	596233	592463
P25535	2703010	2582720	3024080	2485700	3447410	2826200	2584840	2932490	2510570	2868410	2863990	3082750	3308610	3218410	3658580	3157900	3324460	3394030	3487550	3165940	3256960	3446810	3557290
P05041	1173310	1179280	1324190	1231010	1489910	1459370	1267680	1503690	1237760	1313480	1480810	1666340	1970310	2030480	2254780	2022770	2270790	2122790	2247150	1939600	1925910	2095070	2336630
P0A6F3	12377700	12324500	15146200	9684130	14746800	10646100	10079200	13483300	10983900	12442500	12510500	2101200	2322910	2667120	3010380	3731570	2848760	3066430	2989190	2577820	2348820	3506370	3792970
P67660	3313740	3223610	4053330	3986530	4134190	3482790	3481090	3735200	3565560	3477710	3779190	3709810	3807400	3692620	3423440	3260530	3858780	3682640	3935270	3714310	3427430	3462610	3756060
P64448	1286730	1084030	1307280	738822	767967	945936	824561	1415930	1063870	1454840	1417010	685399	1429090	1089870	927463	1039840	1157290	840623	1004940	846968	1296360	988729	1153090
P0A821	5471600	5603250	6227410	5543740	6573280	5652480	5117360	6090890	5297400	6000290	6217440	6045620	6731420	6973950	6345340	6337430	6618970	7029580	6485570	6547630	6153640	6507220	6836800
P0A8V2	80585100	97594800	100750000	95498900	101642000	89619700	89364800	125371000	92828700	97569600	97520200	97621100	120509000	112075000	122017000	121516000	142019000	120645000	118811000	98458300	116754000	118745000	123339000
P0ACB0	7902470	8729640	8926020	7787900	8594830	8253110	7154420	9071270	8078190	8208510	8338630	8889000	9372430	8896270	8530300	8307120	8648100	8742020	8569880	9473250	8970160	8457200	8326170
P37645	3954360	4424950	4662080	6335490	4333860	4589560	6491460	5506990	5541540	5008640	5075420	3190780	3741300	3251750	3922210	4000130	4691600	3271610	3298620	3239530	3347700	2899090	3182930
P32170	72915.4	43870.8	NA	50107.5	98018.2	62989.9	NA	123907	51062.9	93028.8	58396.7	103454	143200	91324.9	21154.8	95232.2	77486.6	107505	101821	122359	104003	79442.9	187574
P31120	16521000	17348400	18561600	15895600	19226500	16963100	15141500	17493400	16170900	16941300	18191400	15690600	15826400	17885800	16780000	16993400	16665100	17134300	16937900	16248000	15178000	16217400	17231800
P0A894	4119270	4552580	4712670	4198860	5035110	4412360	4216700	4765160	4108060	4739860	4614050	4306900	4756320	4884190	4847400	4753580	4942150	5326810	5325310	4632070	4789160	4904770	4902290
P0A7A7	12221400	12669100	12570400	13882300	13153300	12047100	13480100	13545400	12987400	13845500	14337100	10519400	13563200	12254400	14048600	13305200	13917500	13678900	13609200	11750000	12539700	12507200	13345100
P21169	6505550	6395370	6800260	7631450	5741210	6563010	7960310	6568700	7021680	6913780	6855080	5939100	8117850	8290490	8817840	9051980	9516070	8749960	8498640	7063540	7131740	7490490	8042210
P31142	35351400	27089400	30459000	23347900	35049100	28784300	30094600	26709300	27060200	29346100	28424200	15448000	12583500	13840100	12600000	14252900	11266000	12924900	13053800	13829900	13795500	13818500	14356800
P77338	2534870	2897640	2761930	2716690	2940220	2722050	2669000	3089380	2779590	2824350	2986360	2889660	2944030	3164930	3227520	3115260	3219470	3203000	3072890	3002860	3078120	3115300	3107850
P00864	71263500	72898300	77723000	66053900	85101800	72457600	67874800	98179700	71536400	77127800	78001300	152546000	178427000	186692000	195251000	192593000	215484000	203292000	201069000	172508000	179141000	202787000	200889000
P0A8A0	75267800	58709900	56248300	53497100	65160000	64708300	52515700	43026000	61883500	56169500	55520100	48514100	41518800	54269000	46220800	44733200	36381100	48412100	50950500	54851500	39734200	53347900	54141100
P77783	3892510	4087770	3324800	1821520	6014520	4303260	1674940	5372750	2983040	3191500	3039070	7019070	6132450	7463880	8735310	8029220	9963450	9274430	10629600	8345580	9501910	11701300	9062010
P29745	14004600	14825600	14165500	12777000	18081600	14040300	11912400	16215800	12955800	12820900	12770400	14809500	15536700	16485200	17977000	16054100	16545300	17053800	17404400	17312100	15983000	19271300	17488200
Q46861	1988620	1971670	1509410	1707750	2736150	2333910	2515270	2430950	2438070	2365630	2410760	5671210	7746210	6354860	8640050	7778270	8512420	6746440	7771730	5530390	6019990	6325820	6794490
P0A887	22674500	23454900	27054500	19341000	27159700	23324600	19662900	25642800	21999200	23583700	21997200	24558200	21678800	24671100	24306400	24172200	27112900	25071600	25816200	23332900	21419300	23290600	23643000
P63183	382945	446152	441958	607965	440880	521264	532893	423900	442857	488945	509259	517683	846386	741977	843865	741125	783918	736280	795470	517789	751573	765278	845026
P24215	10536800	10872400	11698400	12016900	10268800	10560000	12659900	10581500	11166700	10176800	10506700	5836990	6670990	7015000	6131930	6209390	6827230	7162340	6606210	7081510	5791740	5615820	5942510
P37615	2417460	2611400	2866320	2753720	2729650	2798160	2693290	2789810	2887370	2770130	3058390	2455060	2363040	2555230	2402550	2306710	2333270	2671700	2585160	2536990	2130580	2542260	2489310
Q46920	3292230	3375930	3755620	3025260	4082720	3380640	3230340	3743350	3433530	3713160	3583680	3719660	3621430	4377800	3981400	4077900	4003500	4116980	4045940	3943190	3910230	4165460	4000400
P0AC23	5137700	5402220	3551490	5257540	4300280	3670140	4570660	3599690	4150670	3707840	3127050	2073210	2314750	2055360	2828380	2692120	2177070	2613350	2303520	2400190	2408210	3640160	3036730
P0A6V8	10971300	10190300	11229200	9997720	13167000	10627400	10780500	11111400	10543600	11147300	12292100	11681500	11029900	11691000	12591600	12610300	12087000	12602500	13420500	11628600	11566400	14067300	12924500
P0ABV2	7218410	6751320	7957010	14007400	8881200	8117860	9293520	5985310	8969640	8544360	7648600	13956100	15039300	14783800	11008300	11649000	13956600	10777900	11368400	13387500	12617800	9489530	11026200
P39180	2395420	21086700	1928070	112837000	1999530	200839000	71456700	159243000	169543000	132926000	180428000	126165000	99737700	126036000	102427000	119037000	105174000	123976000	99234600	136632000	93124600	1947750	111936000
P76342	1462760	1416620	1840490	1613130	1654540	1453650	1784490	1610580	1522840	1538510	1365300	1780420	1692730	1519940	1496590	1689930	1499480	1485670	1534540	1343520	1332100	1581400	1638180
P76223	3294440	3011410	2748690	2345230	3628830	3401770	2589210	3003120	2970810	3139840	2621580	4901910	4221960	4737880	4705330	4547990	4498420	4926690	4919960	4870470	4733740	4747810	4435090
P39838	3219000	3529190	3483590	3610540	3682770	3488830	3513960	3696950	3519300	3642680	3663110	2898030	3870120	3890370	4208280	3906470	4452280	4161910	4094070	3532060	3414280	3641350	3980810
P0ABM9	640255	591481	692682	512271	729964	578530	495237	788122	610909	620864	526816	882477	807317	908657	935894	736615	892744	1041840	1080340	1107050	759471	868406	838489
P60906	19930300	19359200	21692400	18866900	21972200	20265300	18889000	20820300	19674800	20755100	21615900	23662500	25430000	28734500	28029700	27957200	26996900	29095800	28240800	25019900	23991100	27672000	27570700
P64490	8591330	7858680	7730740	8313890	7162530	7707360	9383320	4287780	10230000	8644650	9126120	3245940	3948390	8066050	6764220	7802130	4501620	6735450	6572010	7470180	3829640	7417500	8849910
P0A9W0	3488080	3189380	3539540	2910640	3303390	3060210	2758170	3027110	3118460	2970760	2884430	3453510	3159940	2975280	2470850	3089520	2322820	3003320	2763370	3016780	3274990	3145860	2899690
P75691	42116700	44179800	48368300	51977200	40449600	46224000	56710300	41402800	49991800	48124300	47165800	41699400	40324100	42922500	43377600	40232200	41442400	42840100	41598400	45981300	41439400	37481500	40843300
P23865	14738200	14469800	15228900	16524700	14471700	14496300	16328300	15583700	15322600	14319100	15459400	16030000	16759400	16280900	17312400	17901600	17829100	17538200	16785000	15028200	15936300	16164900	17813200
P0A9G6	1193440000	1337070000	1720410000	1207240000	1300220000	1405550000	1366790000	1529330000	1502780000	1592330000	1648560000	376977000	388976000	454065000	411366000	449647000	414835000	438170000	410065000	417276000	365522000	397014000	463583000
P35340	19954200	20215900	22708700	17623100	23291700	20633600	16728400	23017200	19657700	21394100	20757600	20355900	21566200	23428500	23697700	23591300	23907300	24485800	24179700	21641200	22450700	26439000	25848200
P32131	3853260	3986040	4612250	3248540	4685070	3783750	3591450	4450290	3661980	3998740	3941400	3841130	4516880	4813170	5019310	4836100	4902180	4905750	4978340	4493230	4350440	4682240	4690600
P76017	2181490	1939730	1686830	1433690	2684590	1924110	2389590	1120280	1840420	1840710	1820440	1693900	1406450	1646110	2147970	2319460	3412010	1695780	1548450	1560050	1794160	1923840	1930970
P21889	41516200	46281300	47385600	36552500	53142800	43850300	32635000	53442700	39605700	43847500	44185900	34730500	39981700	47780800	46360500	44982700	47452200	48814100	46746900	40051500	37551800	46635800	47814400
P32138	157799	145702	182310	101175	223032	97338.9	104101	222702	150748	113980	119600	71472.9	109181	68934.8	61619.2	88711.4	109052	96990.4	122959	119703	108971	127969	66559.1
P39401	987851	1269120	1626600	1570010	1062190	1426540	1823470	1686250	1779180	1632280	1816480	1737520	2030960	2044380	2067680	2203710	2670080	2210950	2071580	1871200	1560060	2007250	2029750
P24202	6252500	6253100	6952010	5064070	6706790	6479600	4805770	5925910	6372250	6507410	6031100	4647080	5028880	5217980	4853010	4427400	4597710	4907750	4909370	5054350	4626320	4937130	4780890
P37665	4405950	4389900	4274300	5377800	4090610	3949120	5197230	4393230	4345660	4458990	4143380	5473430	4895210	5087900	5146230	5655120	6013750	6258490	6141900	6101300	4934950	5660620	5613060
P0AB03	3977280	3554000	3930460	2738880	6811800	3306350	2442090	4039480	3068600	3406850	3545420	2532710	1938660	2705040	2500130	2304460	2404580	2344050	2588750	2758990	2925750	3334440	2715320
P37648	7367890	6935170	7363050	7167210	7488280	7618820	7354550	7601470	7285570	7059570	7323000	7641170	7375380	8304160	7567600	7390200	7437210	8071200	7775680	7981170	6999290	7728620	7728430
P76658	12433800	13841100	14550100	13311900	13266000	12818400	12815200	14400500	13554800	13695400	13856400	12832900	13619300	14724200	14644600	14275400	14453700	15203600	15212700	14494600	14094200	14372800	14412300
P0AFQ7	2474640	2759780	2841630	2384870	3138080	2640330	2316120	2858710	2621430	2791920	2679010	4143080	4183280	4189910	4324940	4141650	4132860	4427590	4424200	4119650	3862610	3883060	4219180
P37387	5953400	4302040	5313010	4296580	4855040	4300020	5915340	4273450	5203840	5340580	4414050	427596	624537	579213	435469	359646	428205	399440	486772	364197	481808	289111	601906
P0A9M0	21714400	23609200	24345700	24164000	24813600	23404800	22943600	26955500	24109200	23062200	24856100	23351900	27800200	27442400	28689300	27747200	29205600	27498300	27286400	25357300	26072500	26880200	28349900
P0AEP3	57242000	61246800	67410900	55372100	74232500	63779700	61099000	69979800	64414900	61115700	59396100	75896200	70623000	77403000	68080400	68702700	72490500	75757800	77206500	82532500	76864600	77019600	83069200
P29680	4886330	5491760	6252110	5006160	6102440	5478510	4947510	6089540	5531710	5327640	5895720	6166900	5633380	6355910	6267860	6261170	6533500	6350980	6357650	6395990	6302750	5813070	6512180
P0A6S0	3047570	4049090	3708490	5956290	2704530	5197750	3754210	2901660	5071860	4301190	5048500	446011	667878	1107870	667629	675827	532778	858338	704206	1398400	376073	471654	812996
P07118	39931200	43915000	43957800	41380800	44980400	42019600	41659100	54209500	43115300	44845600	47707100	48643100	60189400	56154100	61764000	60485600	68072500	58259300	57150800	49684500	51551800	56612600	60576800
P19636	3024840	3077140	3240000	2392140	3579890	2930230	2579980	3295610	2920890	3069880	2973950	1842110	1821190	2192090	1962250	2000090	1970530	1993560	1920950	2174400	1531280	1804680	1843520
Q57261	4024870	4068850	4740870	3866500	4853790	4255840	3949040	4714170	4108070	4454190	4457290	4215590	4226900	5438450	5545920	5650120	5190480	5249090	5530690	4873090	4366920	5097170	5155750
P25519	4106980	4205350	4440610	4577210	4429200	4146290	4113840	3925080	4101420	4256060	4249870	4187720	4371000	4373830	4621530	4641350	4420830	4660140	4738960	3971430	4092020	4376190	4690390
P52095	2482040	2664700	2777200	3739160	2972050	2883140	3770500	2829910	3038460	2919350	3043470	1745690	2381000	2274820	3153980	2570610	2727510	2581490	2308420	2092660	2133720	2192280	2648670
Q46863	946680	996289	1031820	973960	1136860	1058310	910060	1154470	925774	1094010	1150070	299131	236736	338450	411878	427233	304076	317857	405650	426092	219288	414889	443961
P31119	4575340	4661510	5008260	5254430	5640270	4634220	4920670	5950210	4837990	5324000	5386810	5134330	5976870	5868590	5324530	5453540	5972690	5763140	5890870	5072520	5254860	5311250	6017710
P30138	14754500	16287500	20508800	17912100	12199300	19754000	19986100	16112400	20798900	19087800	23003600	11769900	11143200	14181900	13893300	13362900	12595300	13397500	12215500	14372200	10197900	11400700	11625900
P31550	11948300	13143900	15712600	12613300	14703900	14165400	13799600	14177800	14102200	14280400	14285000	13544400	12414700	14778500	14194600	13421600	14386900	14218500	14612900	15228100	12419400	12580500	13370700
P37649	2748840	2611850	2672360	2869850	2284280	2537490	2647140	2372440	2563090	2386590	2721860	1395450	2270520	1910660	2334760	2225830	2249190	2181960	2152480	1890360	1892070	2100110	2209280
P0A8T1	5556750	4196570	4668900	3660190	5106790	4496540	4200360	4486570	4739740	4655870	4679540	5652100	4784950	5067720	4282480	4658330	4295880	4705140	5310430	5623750	5153930	4659050	5090550
P0AC53	19394900	20655700	22505800	19641700	22113000	20302700	20524300	22618000	20626300	20644600	21285100	20548900	24391300	27002100	27259600	27767700	26655000	27309700	26563000	24223300	25083200	25534300	27153300
P27294	25633.6	14222.6	23742.5	28725.1	32481.6	NA	NA	12017.6	NA	NA	NA	106601	181100	130985	156245	119739	173636	124757	171693	121084	128895	107062	164034
P14294	848566	848916	967130	915582	1047980	893775	852120	1156560	806671	1001540	981313	814769	1022850	1046250	1016570	1075990	1051130	1024030	1104890	969196	803336	917982	981437
P77376	3749510	3969530	4599230	4206430	4424110	4007720	5299070	4192340	3705300	3809640	4357240	2404870	2905120	3194680	3201700	3158540	3092280	3093760	2783310	2876100	2615950	2930050	3254540
P39315	10251800	7775500	8212810	7732900	9187680	8866920	7992750	6280680	8609940	8383290	8132460	9047850	5069420	7611840	7284210	7820690	5798260	7513270	7731230	8305310	8660230	7683730	7825270
P0A763	292669000	239190000	252362000	193426000	225311000	242344000	198265000	200772000	263578000	247941000	238578000	126096000	98682700	120160000	91866000	98637900	79356900	99535900	96261900	113586000	101356000	109877000	110144000
P0AEV4	467779	431702	673408	NA	619335	262161	NA	463500	497814	NA	NA	30538.3	9151.78	660480	274154	621642	329814	563126	408441	516533	34201.3	670976	632667
P18133	12872600	12080300	12579700	12844200	13135200	11806000	12672200	12531400	11306000	12917700	12900100	11667700	12756700	13400600	14202800	14278000	13306900	14007700	13854800	12209900	11995400	13605400	14106900
P0A879	22741300	24093200	27257200	26105200	26875200	26385500	26211200	24231900	24720000	25228600	26527300	30289900	26995800	30427300	25792300	26053700	26577800	28921200	25898600	28054900	26877200	29641200	29959700
P31827	779050	909733	801438	1251670	739188	824083	902383	629028	842828	849953	876437	814441	933614	1038670	1003510	873058	1072300	1058350	1134710	1277080	968774	700324	1035640
P33195	6922870	7175360	8185540	6761680	10153800	7007160	6639580	10337800	6691570	7593310	8055140	4517260	5083770	4829360	5028600	4941150	5232660	5259590	4963110	4880090	4825470	4862180	5286030
P22523	5204660	5456510	6027560	5192020	6262500	5222500	5192950	7066660	5261780	5635010	5859860	6321050	7268860	7120380	7135490	6990540	7547480	7225370	7200220	6199960	6547370	6459110	6597740
P06959	199621000	217173000	233856000	226692000	232067000	227568000	217387000	248715000	223335000	236283000	237606000	105248000	125028000	111638000	125004000	118620000	118733000	114032000	114428000	104256000	121854000	128962000	122604000
P77695	77895900	63154600	58189500	77969600	57117300	80157100	71814100	34225100	70948100	73482900	74290700	37032700	34510300	38292300	35011200	43271500	28168600	41891900	38868400	43079300	26380300	36314700	44587900
P07023	17640000	16740800	19814200	24798400	19105200	20342500	22043600	17567900	19618300	20369300	22263600	12042900	12530000	14046400	13681100	13638600	13664100	12946100	12715200	14315000	12086500	14104700	13108100
P0AD33	50537700	41348400	33828400	37692500	39156600	39615100	39593100	24702700	40563100	38061400	33647400	27258900	23410900	36685700	20932100	24918300	19777600	26649700	25065100	33729200	19388500	32364200	27906800
P00959	32858200	33667200	35599000	30923900	35329300	31793000	30707500	38693100	31570600	34130000	33557100	33266900	43040200	44160500	46623100	45799700	45171000	45890100	47028800	38381900	39532200	43474200	44468900
P0A738	4405630	4230990	4732800	4210330	4743960	4050080	3909470	5583120	4302420	4517110	4322270	6157650	5525200	5189560	4444930	4122670	5299380	5264110	5294110	5935530	5212900	4858870	4780510
P0AD61	39301700	39410200	45252800	54512400	41073500	42383400	54420100	41996200	46655300	46747200	47475700	93948300	100864000	100113000	108148000	101450000	102370000	100770000	103259000	92525500	109216000	105204000	106913000
P32151	1346430	1167650	4729210	1941350	3458110	952255	1634720	2985330	2316320	2829740	2639800	762236	848139	1110860	1585230	1207890	1500290	1300990	1218080	963558	339230	1187170	1440490
P60716	36652700	37264600	42111800	22131300	48320100	34492100	24333700	45511900	30000300	33839000	32744100	15581600	14769400	14460700	14479200	13927200	13672000	13936500	13463100	14166100	13827900	18100400	14526600
P0A6M4	6327070	5127160	7228260	5489060	7056070	6786740	7043660	7240920	5531410	6907120	6421710	7812780	6541480	7014040	8693640	7555350	8234440	7306000	7971100	6708610	6154930	7434350	8328140
P0ABA0	38414000	42131600	48815100	43433800	46485100	46077900	43945900	45440300	42554200	46864900	49724200	30294900	27894400	35767200	37990700	37688000	36267000	38527500	37021600	35824700	30847300	34711500	37510000
P08331	11181800	10603500	10164300	8171420	11662700	10248100	7758240	13951500	10466800	10417900	10338000	4265130	3805160	4059400	3721980	4037920	4555950	4118420	3945330	4102650	3431280	4124370	3928250
P10100	7995130	7633690	8072310	6870260	9028270	8194260	7824800	8496650	7583520	8119040	8297940	6419740	7322230	8048410	7934690	7978370	8253360	8479470	8105520	8189470	6517660	7652930	8216320
P34209	14324600	14524100	16679800	14339900	17606000	15114200	15312300	16434900	14920100	14863300	16612600	11444800	12370600	12844600	12619700	11526000	13117500	13563800	13650300	12113700	11785800	11680400	12083000
P21599	90405400	93070200	85922800	78832400	100647000	89152400	69381300	104335000	77070900	85453200	86088800	69815600	69683100	77593500	84271300	81521700	78213900	80299200	84508800	75071300	83844600	96211800	87897500
P0A7D4	95265300	96906900	120004000	91546000	132793000	105349000	93949600	116404000	99873800	111822000	118641000	103238000	98168000	110271000	102537000	100576000	105154000	103640000	102482000	108624000	106218000	129450000	116199000
P22188	8934130	9775020	10362700	8926330	10590800	9340730	8514190	11092300	9659430	9928210	9730340	9775950	10897000	11970000	11549200	11192500	11549500	12306000	11943100	11079200	10597700	11908200	11898200
P02932	5804370	7596210	7435300	7811050	10435900	7926670	5531240	6184310	2862280	5822790	NA	929125	NA	2686080	5171850	4490350	1945450	4912200	NA	2980220	NA	NA	1262580
P0AG71	1156690	1223960	1341670	1115920	1262210	1182610	1176020	1285130	1238070	1214890	1265890	561476	616129	652092	574190	699873	662870	706803	750382	699627	510067	632292	626467
P17888	1084550	1125000	1290290	982561	1425600	1154460	1054720	1551020	1204420	1258640	1368770	1140030	1308870	1282210	1468490	1336170	1615940	1419510	1370560	1278230	1276390	1333500	1266270
P21888	12152300	11767200	13931300	10768400	13855400	12541900	10492700	13433400	11849000	12148200	12886900	13793700	16350400	17208800	17812300	16780600	17816400	17651800	17589700	15415700	13378900	16483000	16326300
P0AE82	5045800	5532440	5609290	5170010	5465600	4817290	5123820	5585690	5301170	5128740	5227250	4081130	4832110	4779240	4695780	4600260	4807470	4817880	5009180	4695080	4356100	4357420	4794700
P36767	6758480	7207680	7646990	6462220	7277460	6694170	6600420	6942510	6600810	7167070	6905400	7074000	7154710	7348930	7583400	7660310	6951010	7692120	7416490	7019770	6946080	7234150	7801750
P08192	5083330	4984650	6371500	5319980	5904170	5089620	5081280	5800550	5356850	5443780	5743880	7129770	7708290	8544180	7728240	7789560	7794050	8529860	8332560	7958800	7259070	8073480	7655670
P39371	33736300	25508100	24665600	21244500	24329600	25148400	28599200	20408500	28387700	25515400	21638800	16630800	14220600	15635900	15665500	16156100	13731100	14695000	13835500	17265600	15108400	14624400	15637600
P0A9A6	55917600	59232400	65627900	60035200	64642700	61672800	53827600	58183700	61669300	59490000	58274300	69191800	73057100	72250700	69340700	63577000	71470400	69924400	68997900	72992600	71634500	64665800	67418300
P0A707	123702000	103438000	93322400	111011000	92136100	98894700	104038000	69250800	110048000	98308500	86880100	95223900	77493600	87116700	81225800	78559300	65482600	82345600	86026700	81489200	76639500	78654100	87507900
P0AD57	8311490	8143630	9848130	6910830	10094000	7998670	8168120	9907880	7632920	7933030	8014470	9769830	9398610	9552360	8839980	9667450	10728700	9593220	9432130	10145000	9922920	9235350	8605150
P07913	4899850	4697030	5149080	3699420	5753660	4132140	3526490	4212200	4339130	4283300	4405600	1324490	1457220	1858980	1928160	2025100	2056250	2005950	1928330	1776050	1213820	1832140	1700050
P0A6E6	45732200	39812800	38017400	42116600	33330700	47650500	44331700	22824800	42403700	41348400	41007400	17512100	14293700	22470000	23030600	22530400	19617000	25079600	19869200	24659300	15667700	21621300	22727200
P0ABK5	547790000	510270000	514206000	412671000	537534000	510699000	418274000	453783000	482243000	472782000	450969000	424640000	376371000	402533000	389580000	379065000	360745000	416684000	423921000	420231000	414387000	409441000	410936000
P0AD05	19695400	16237900	17341200	12202500	18724700	17158700	13869100	16314700	16619100	15595300	14891500	12539900	11023100	11821900	7957940	9003260	7516490	10531200	9408250	11684300	11530800	10464900	9234230
P0A6H5	23924200	25189800	24700400	23918500	24287600	25132300	24017000	24982700	24319600	23821400	24062300	24773900	26389700	26530200	27118900	24959400	26455300	26979900	27779600	26242100	25852500	27223700	28940700
P0AAG0	11459100	11921400	12663100	8336530	13947700	11987400	10292500	12421500	11397600	11927300	12428700	8923890	9440550	9474920	9763900	9726040	9490090	9495420	9780890	8903910	8624450	10905700	9955560
P07004	19112600	18774200	18125000	15263700	19413600	17674100	15180800	18751800	17531500	17439200	17361300	15560100	15662600	16055100	16940500	16247100	16655000	16781800	16651900	16002200	15728200	16318900	16976100
P75694	80352800	65999500	59030800	96934100	62728100	88453400	98413100	34391600	78838200	72980700	73777800	37145600	29727400	32659900	35499200	39793300	24435400	35312600	34512700	35518200	26135200	32988000	41418000
P0AEK2	115967000	100820000	105970000	98866600	103934000	108794000	95791200	84512800	103262000	98865200	100440000	128746000	94731500	102923000	93801000	100155000	82128900	99100500	101402000	108650000	105650000	105140000	112908000
P27298	8834440	9270650	10163900	10284500	9317840	9180600	10879500	10022100	10256900	9667040	10129800	10969800	12827600	11999800	12366300	12223000	12889200	12339000	12120100	10964100	11464700	11398000	11707100
P0A951	3138110	2915250	2481770	2337410	2689550	2422810	2128890	2049340	2514990	2783010	2612080	1316460	1416200	1714290	1781020	1919850	1659720	1884420	1907370	1244120	1256490	1532570	1741000
P06987	17176800	16684900	20601200	16412000	24842600	17765700	16804700	18590700	17280600	18816900	19501000	37920400	47293200	51261300	47480500	47630000	48187700	45058400	45167800	41559400	40161000	40905300	44988600
P76621	2837720	3196560	5291980	6486570	1122310	3904530	7076140	2241370	5505820	4018560	4905960	722941	841120	545786	1388380	935987	623162	695257	926268	656802	737249	163677	887689
P0A9M5	77518800	68385400	73616200	53319300	80558900	71872400	63677200	64961200	73047300	67671200	62223600	68045800	58631500	62412800	56445700	61489300	52639600	62258100	60626000	64118900	61498200	62518300	59867700
Q46829	11310900	11144200	12374200	12288500	11099400	11008100	12340200	12332300	11051000	11485200	12506600	11487800	12050000	12151400	14039300	13248100	13198200	13128500	12820200	11655600	11342200	12028300	13138600
P0A8J2	3075590	2259530	2187650	1845990	2368980	2624950	2064110	1853680	2326050	2282000	2143140	1829750	1565130	1749360	1342400	1507230	1449530	1800740	1798370	2056350	1587890	1586130	1634150
P76227	9546210	7520040	5061820	12812700	6230610	10311200	9537310	3791150	10798000	6533800	6738150	1969240	1582780	1876690	1544620	1688060	1416610	1911570	1891560	2638460	1584030	1564870	1899790
P68688	11862000	9185590	9063180	10602100	7942000	11260100	11466400	5136210	12403100	11223600	10122000	7150990	6691000	9317170	8387090	9232770	6287260	9756570	9897190	10378200	6318450	8522560	10055600
P0ABU2	23027300	23128100	24853100	20292800	22246700	22928800	22859700	22566800	24808800	22163400	23044600	27666500	26253600	26966300	27045600	26930300	27314200	27151400	27432800	26607900	29279200	27297200	29588000
P0AB77	10192300	10712100	11101200	7914760	12317000	9426820	6827100	11247100	9224480	9154170	8933560	2546560	2437740	2690250	2606640	2394070	2347970	2743760	2452570	2772760	2404300	3058950	2821110
P46474	1644000	1872310	2054970	1897400	2124410	1809290	1923310	2603040	1981060	2127550	2307060	2128060	2558260	2538460	2696320	2875190	3289350	2746300	2664770	2242980	2126870	2561380	2585600
P37689	7986410	9054350	8996690	10132100	9388540	9020630	9319110	9288710	9246400	9304200	9265880	55551000	56791300	65075400	70299000	67159000	70856000	71161600	70527600	62852600	64064300	73982000	66731500
P76108	12103900	11679500	13153200	12244200	12108600	11631300	22045600	18724900	14615000	11870700	12312100	3223110	2879600	2778450	4281790	4412310	4446480	3059210	3518790	3216070	3028540	1951000	3261340
P76537	8459170	8926020	10045600	8472220	10573300	9747150	9190890	10415900	9111090	9713470	9057970	8335960	8598530	8885550	9500040	8854590	9504410	9726160	8996410	9037010	7661570	8708100	9333630
P66948	6261120	5949510	6221090	5403780	6841060	6199670	5328320	6056600	5873350	5845140	6079430	5403310	5681150	5162330	5257350	4447910	5077970	5368080	5615850	5571130	5282240	4945830	5377320
P23331	3544940	3944890	3712170	3873880	3403670	3821180	4379550	2786480	3790530	4060920	4632080	1781600	2399510	2905300	3643040	3982340	3370050	3260360	3406870	2815610	2213920	2638660	3281280
P33371	561738	607047	744403	462702	751451	594282	400928	692445	611645	426642	595321	667517	732455	793816	678828	573669	717298	701460	744333	654545	787229	653816	707379
P69853	2539280	2418780	2280620	2628590	2708690	2457700	2055040	1655590	2152310	2198160	1820100	2086430	1957950	2689150	2893260	2498890	2677750	3124290	3381300	2489960	2263970	2655510	2794390
P05827	238813	190769	315199	223457	322979	204365	216998	398018	230045	274055	312375	416701	382853	341795	274919	136787	307154	288605	346793	347272	291969	292793	284913
P0AA86	643193	672503	516930	635033	730420	737467	603981	779462	641956	781254	618311	647716	831051	786542	787207	754562	855169	634645	907217	710808	524797	770441	689483
P0AEY3	1554700	1356170	1768850	1298560	1912550	1500870	1487040	2157080	1548450	1167520	1400540	1303640	1242000	1232810	1266580	1336420	1851820	1480310	1524430	1427320	1250700	1384900	1315280
P11875	14730000	15949600	16204300	14964400	16082500	14648200	14415800	16363500	14487600	16398600	17420700	14788000	17148200	18816100	19531100	20189200	18798000	19439000	19446600	17252400	14553600	17512600	19404000
P0A7G6	35683000	38236900	44331600	42419800	39705600	39416100	42027400	40971100	37824800	42506300	41785600	40104400	37350900	42626400	43899400	47216900	42789100	43953400	44724700	39952000	38774400	44294000	48443200
P0ADZ0	38484600	31406600	33508600	44453000	23873800	40438000	59460400	24707300	44172500	38617900	41304800	22456300	9360720	36156300	54461900	62045600	35594200	44087400	44703600	39297300	29662400	62567200	64449500
P0C0L2	371131000	296886000	294812000	387318000	259570000	368471000	413307000	228995000	409645000	340287000	330443000	204597000	184674000	184137000	163452000	176950000	152435000	187825000	180117000	187850000	190313000	167737000	194584000
P0A9D8	45320500	45841400	47006200	45081700	51206300	48608700	46851300	46518000	43633800	45799400	47680000	98819800	93618100	101910000	102809000	102915000	105605000	106539000	107162000	89970900	97674300	100745000	108142000
P0A7A9	505596000	418526000	398375000	390856000	388963000	442250000	430732000	277323000	476839000	433007000	388925000	428940000	325437000	352698000	305645000	373815000	255620000	353701000	323675000	377937000	346953000	359679000	361463000
P33368	1559830	1442540	1510240	2177780	1314880	1747900	1915750	1415780	1391180	1509650	1721200	1581340	1403830	1300520	1478430	1265670	1411210	1564850	1476530	1651830	1562020	1542020	1477290
P75804	1533680	1336250	1573520	1979780	1350510	1633880	2277880	1194290	1917500	1447690	1526620	1696830	1398010	1379750	1496810	1545760	1249310	1237960	1220040	1794380	1277320	1281330	1330310
P0A935	6771370	6601880	7930840	5838410	8378490	6852650	6715300	7702680	6939350	6783080	7183060	8595480	8770150	9206610	8018840	7890210	8123390	8235880	8584310	8037690	7563540	8183600	8009450
P0A8L1	81757800	82605300	81443900	58399500	94363800	74134500	55020400	97813900	67246300	74574600	67868600	64427100	63323200	64739900	59162300	60333300	58737300	61479700	61741600	63606300	60871100	67719600	64422400
P0ADW3	66051700	75598800	75511200	75775200	72014800	74308000	75403600	68776800	78573000	78298800	83174100	53631200	61438400	57976800	65637100	62442800	63188400	63760400	61936300	60196200	49481700	64535100	68826400
P43672	3049020	3213290	3610240	3032480	3685230	3207750	2902480	3790640	2972450	3459290	3375550	4270470	5187640	4705680	5131490	5151020	4911650	4940120	4890900	4119120	4491510	4725570	5086040
P09127	19049900	18489600	18928300	14227100	17506900	17588000	15982500	19681600	18288500	17619100	17369000	13687000	12146300	12953600	12332600	13250900	13435000	13615000	12770700	14160700	13057200	13068000	11857500
P75867	3390900	3324930	3892250	3292950	3849860	3390610	3793710	3966400	3698100	3548180	3887530	3540490	4215900	4585710	5392090	4516050	4674400	4502650	5054320	4164850	3645460	3997290	4716920
P77488	7104990	7663320	8352060	6054490	8351270	7080230	6937270	9059940	7097680	7328080	7510050	5547160	6469760	6704360	7082630	6996800	6856650	6756110	6932650	5927830	6472450	6524270	6785460
P23721	64368500	68480800	75903300	58524400	75397300	72760400	59088200	74610300	68289400	69642600	67480900	116395000	118137000	131137000	126484000	120879000	128465000	137717000	132080000	123724000	110418000	124036000	126388000
P21170	18280300	19087300	21658500	23815200	16490400	19617700	22949800	17766100	19807600	21320700	22890000	17289000	22158900	23260800	26179500	26182500	24589800	24767000	23914900	18012900	18429300	21194200	23258500
P43329	3692550	4163180	4318370	4205020	4526260	3967130	4240600	5252660	4222700	4327250	4500790	4770970	5856580	5583340	6413250	6218090	7289750	6001650	5945020	5055120	5097660	5821940	5856150
P15286	795434	765657	801586	795897	684329	746001	745729	666492	751911	740183	693438	849433	813766	841046	899250	1083190	922037	961653	878169	955089	891845	765305	871586
P07001	19998400	20330000	20120500	22433400	19941800	19856200	20632500	18973800	20628000	21804000	23028400	29051100	37195500	39845100	40194700	38887600	38721500	41977700	41701600	33422500	33670600	35873200	41972300
P0AEX3	784276	695480	663969	904548	547490	628073	1025340	504186	783490	596981	611377	67055.4	177127	288408	337416	351327	291320	344282	224516	205483	253989	238751	300759
P17952	5685640	5801600	6010400	5363740	6644170	5972210	5333260	6465890	6137940	6080120	6159040	7778430	8296060	8599840	7889790	7964940	7678270	8410310	8233010	7944250	7422120	8374100	7896080
P77181	3276730	3450840	3854530	3546730	3726040	3595890	3674140	3442090	3960940	3559990	3666520	3497810	3098920	2646200	2904550	3189150	2665590	3011090	2939240	2988970	2780690	2719000	2886450
P0A6X7	333088000	273183000	237594000	280884000	277908000	267092000	267142000	185375000	301784000	284113000	234011000	209841000	172627000	167260000	137244000	150319000	111322000	152323000	152439000	189296000	176141000	157019000	167103000
P0AEZ1	18754700	20527600	23101800	13152200	32956500	18883800	14158600	25337600	16650700	18220200	18138700	35793300	34844600	33906500	35766900	33562900	34795000	35317900	35645800	33153400	32212200	37416300	33869100
P0AEZ3	117662000	108714000	117080000	101554000	125638000	115760000	99273300	105574000	115500000	111284000	109904000	69283400	63499400	78628000	75500500	74021700	73884800	76465800	73337000	72607600	56575900	79493400	78348100
P67826	6520790	6636460	7311700	4789730	7672220	6135160	4853160	7437020	5993060	5618420	6049550	6189930	5559170	5946250	4415640	4551750	6030900	5830570	5618240	5605380	6062080	5517780	5848900
P0AG16	8006790	9177730	10742900	10183500	9185140	10167300	10058600	9658600	9765060	10059600	10755400	14734300	16216900	16640000	18280100	16650600	17990400	18309900	18954300	15761900	15207300	17115800	17719600
P05719	856812	958057	1246730	1051330	1274920	1093160	965562	978526	993247	1048550	1270420	1682990	1966610	2151400	2058700	2022830	2127750	2020790	2201950	1989250	1754350	2125580	2089740
P77552	6598970	6237730	6830100	5168270	6783700	6342370	5470310	6449870	5946210	6423710	6188890	5298940	5594240	6552770	6055920	6008270	5784930	6567600	6405520	6822020	4613790	5998870	6127120
P78067	5661160	5132230	4754220	3707390	7912030	5540530	4285490	6217770	4282880	4629980	4420470	13368600	10892000	12932900	12356100	10927700	12480800	13071400	13020200	13461900	14053100	15887200	13815100
P77806	2355970	1995040	2438640	1885480	3561130	1955470	1896510	2528580	1743370	1965340	2130810	1711580	1803640	2010090	2340640	2270650	2082000	2194220	2351680	1863230	2000370	1920170	1908540
P76561	3911780	3418970	3962590	3929260	4028920	3936010	3727360	4192220	4245100	3912980	4106790	3582720	3827590	2755420	2709540	2251640	2409790	2931670	3134030	3609230	3250690	3091260	3143580
P10442	737269	711411	903731	892708	627692	811969	1079400	729314	965628	857112	829148	1319560	1424560	1379900	1216520	1246050	1207980	1067420	1222870	1192560	1419870	1061780	1217400
P14081	3775760	4239050	4522690	3783980	4587410	4469640	4151400	4986420	4181070	4268480	4300170	5067360	5645730	5902380	5420890	5450450	5962620	5955900	5810830	5486720	6140530	5685850	5355260
P0A8W2	68752000	52159700	48799200	38879500	55615700	50800100	40153300	37482400	48018200	51295800	40967000	29935200	23675400	26763300	20609600	22947200	17878300	24586500	24529500	27653700	28336300	26535200	26108700
P0AEH1	3121870	3366390	3655030	3565490	3321460	3191390	3560390	3523060	3370200	3617310	3692830	3256030	3509930	3264020	3618030	3358190	3495230	3440990	3341920	2936310	3007000	3364770	3527880
P0A7Y0	14074800	15508200	15078600	13465000	17181700	14581000	11933000	18539200	13785100	12979600	13543600	17804000	15862700	16011600	13727600	14007700	18171600	15500000	15281000	17533500	14371600	15960700	15264300
P0AFK0	11894100	13463300	14801700	12658100	14150800	13639000	13992900	15214700	13948100	13600100	14197300	14411200	15668900	16516500	16929700	16357400	16733000	17236900	16477500	15865500	14402200	16474500	16960500
P0A940	30133500	31173300	34498600	28529000	35723600	31896600	30148100	32322600	30539900	31667900	32435200	31653600	30841900	33678100	33601200	33417200	32297900	34834700	33632200	32939500	28691700	32408300	33901200
P16869	2541630	2619520	2978870	7521530	2701450	3564700	4652670	1966880	3304720	3444160	3785740	4894350	5384850	6543650	5671410	6068590	6159560	5971260	5229700	6251450	4443780	4463350	5777170
P46890	58160.2	97193.1	202804	155397	115130	NA	NA	189727	NA	123964	NA	NA	NA	NA	NA	NA	NA	NA	NA	NA	NA	NA	NA
Q46851	25213000	24998900	28634000	18006500	32801300	24182900	18352400	26145600	22193200	24419900	23973300	4087120	3971350	4215650	4310940	4625150	4409910	4951630	4893950	4636970	4241840	5286530	4879770
P0A6C8	73074600	61170400	66280700	46735800	89762800	63474700	46011000	60713300	55272700	57836100	56290300	75659900	62967600	67119300	57382500	58565400	50872000	64908400	63793600	72803600	71583800	68864900	65228700
P76086	1879240	1805320	1765610	1205280	1852360	1826760	1535400	2178820	1572270	1488420	1706750	1475840	1692940	1856920	2046560	1787900	1814180	2047680	1941090	1754100	1483040	1641980	1769960
P30855	1599040	1487870	1832260	1791560	1981210	1844930	1480950	1567600	1539840	1859940	1911650	2483870	2848770	2470400	2840320	2627360	2974950	2618070	2310960	2168810	2502200	2294860	2579430
P76185	682743	947972	1287280	1068210	534577	892223	860581	879108	981297	756963	1158390	842368	1019420	1260880	1879030	1688350	1652700	1780020	1545590	1289660	707493	1388840	1534380
P02931	869348000	938882000	1102540000	649087000	1034920000	852072000	646619000	1145380000	876632000	878054000	814149000	411852000	354047000	432818000	419004000	418982000	392549000	433067000	433761000	410628000	336885000	449800000	451523000
P00509	89948000	94627800	110810000	98722800	107984000	99630300	97125900	100102000	94622100	104090000	111240000	81003700	88860800	99828600	92011900	94836800	91554100	98119400	94902900	85191400	82924600	94140500	99427700
P0AFI0	541614	652623	970419	1286950	880721	1075290	1050250	780694	1068160	1000940	1319970	514864	587786	544771	571653	524608	687514	564405	542282	553091	575792	405520	519402
P13024	13700500	11156500	12147900	9589920	9539840	10474500	12697600	10969300	11608800	11596300	11212000	7494030	7054310	7285720	7045090	6993610	7040680	7134460	7688620	8481530	7072990	7763530	7352820
P09323	7077440	6654510	6911800	7903420	6467520	7062300	7462210	7926110	7835920	7079540	7490410	2574260	2920860	3226560	3657190	3613410	3336840	3618910	3510940	2753550	3152680	3096520	3706900
P27243	544780	525824	489344	692559	372317	510391	709514	451843	585211	504055	604593	517322	704406	690939	600841	680793	545948	713382	536103	746162	463550	474567	571061
P62707	278180000	230921000	251015000	264909000	243755000	273178000	293310000	206776000	271817000	256278000	248549000	265876000	232211000	258609000	215466000	217756000	211353000	243564000	217016000	254141000	231666000	194124000	233288000
P15877	1825090	3753450	3342030	4756720	3583560	2492690	4174510	10711700	4075540	3606360	3873250	5274530	4369010	3633210	5694610	10065500	22739000	4233060	3573040	4027490	3300640	4621770	4251810
P0ACJ8	129620000	121097000	115961000	105670000	119142000	112407000	107633000	91180800	109251000	116557000	111044000	43623500	36118700	49502300	46902900	51391400	42650900	50116600	50505700	37786100	36373200	45736900	48865100
P0A6J5	18664600	18025000	16361200	14230800	26331400	17416200	13281600	22815600	15214200	15827000	15555500	2851180	3485170	3180170	3376900	3793130	3395140	3720830	3619760	3281150	3888960	3741840	4284210
P77756	2380810	1815520	2311920	2187680	2337200	2062940	2286170	2370380	1857490	2046640	2302400	2004180	1279460	2149460	1938850	2078250	2002340	2041810	2033360	2118080	1149090	2136870	2079170
P06996	2035210000	2197250000	2572110000	2096880000	2769790000	2410620000	2067690000	2351520000	2435830000	2469260000	2427480000	1895950000	1775810000	2093500000	2022010000	2062340000	2004430000	2042750000	2102570000	1882850000	1495580000	2222540000	2145070000
P10441	2816160	2940270	3144590	2520580	3169600	2746330	2687880	2975750	2724680	2880330	3194580	2827210	2876060	3084160	3361970	3058800	3089680	3083900	3016740	3031110	2759820	2988080	3134100
P0AES4	24423000	25600300	26348100	28370400	25673700	25572900	27355500	27524900	24829000	28014600	27873600	24988300	31792600	31969900	38663900	36471100	37671800	34887000	35007200	27533200	30297700	32884000	35349700
P0A720	2728180	2870440	2936900	2514430	3289720	2866820	2344080	3034840	2628450	2760210	2767580	3299270	3240480	3203280	2928230	2969480	3096900	3163190	3393970	3248170	3004180	3080570	3126310
P60723	198055000	209250000	206710000	197192000	211047000	220967000	199116000	204171000	222989000	202719000	202442000	298126000	270330000	268522000	241011000	261094000	222300000	252457000	258087000	267795000	266080000	287176000	274651000
P07639	10108300	10602000	11398600	10605900	11145400	10598800	9196000	10807800	10083800	11084200	11442600	10928500	10472900	11130600	11502700	10409700	10583400	11770200	11423500	10384200	10247500	10069200	11321100
P0A8U2	1339740	1142380	1281000	1325580	1491470	1153040	1314830	1279330	1260940	1438710	1201330	454701	832690	1215710	1758400	1497640	1649370	1541200	1363020	1049590	231608	1244390	1305790
P36659	15716200	12285800	12345400	13308200	15592500	13222100	12658100	11340000	14510700	13460600	11975400	10774700	9433830	8097670	6461930	6445770	6397390	7786710	7773100	9053530	9992570	8093000	7252240
P77301	204598	136926	NA	171014	223133	207087	104628	210694	207566	NA	162375	412669	227952	631163	526915	383706	477935	503465	506465	545129	404417	310228	464676
P0A6L9	27629800	22559200	17570900	17843800	18189800	18085100	17969600	12080000	21433600	18300300	17167200	16015900	12487700	14286900	12379900	13212900	9702760	13198100	12757900	13608600	11956400	13780900	14257700
P31441	5171960	5288870	6235420	4095610	5352580	5803910	5269820	5831780	4785980	6223560	5998910	3451520	2393010	3117990	3716420	4407790	4251880	3888230	4852190	3087450	2942210	4574140	3924060
P0AA10	213357000	185214000	188389000	168816000	197702000	215101000	172616000	160528000	207482000	182082000	198224000	265091000	243595000	234647000	184297000	198137000	170092000	213603000	223226000	245826000	231919000	252017000	238896000
P33941	670534	655534	801916	1058810	521065	797084	1019900	510894	904230	884648	697957	793443	769036	826585	680595	730366	903229	697476	631512	697394	700146	567306	669770
P69451	4059820	5250420	4874240	4780580	4234310	4100540	4865680	5368630	5223350	4412040	4599940	1141270	1748510	975343	1988510	1051900	1796620	1681500	2028870	1667230	2158370	1712360	1864700
P0A6W9	5351770	5973810	6362450	6147720	6225770	5811130	6024100	6933260	5990580	5962310	6238650	6415080	7470120	7761470	8192480	8073730	8586190	7983660	8118610	7251070	6968670	7544040	7650070
P0A836	269187000	270865000	349182000	262127000	310146000	293291000	258307000	276244000	288169000	298543000	313236000	60968800	58653900	78734500	61303700	63844800	59567200	67304400	61344500	66691900	54623400	61650700	72945700
P0AEN8	14511000	13150700	12722500	15289100	12074000	14214100	14517700	11514000	13617100	12949200	14534900	5423560	4943510	5957630	6820330	7748900	6894020	7139780	6778190	5019230	6201490	7352560	7642900
P06986	13602900	13634400	16003100	15452200	19614800	13697400	16679200	15246100	14637200	14610400	16610300	32813600	40542900	41073900	37763100	40342300	37536900	34747500	36284700	30925800	34582100	31563500	38835100
P0A6U5	7500300	7134340	7150730	6350110	7251350	6996100	5815180	7039410	6883670	7775580	6758010	5354880	6774830	7299110	6215570	6318470	5323240	6906310	6910370	6639420	4753140	6420470	6844820
P27247	4010780	3125730	2925090	3842970	3664340	3485000	3004560	3558020	3216460	3224570	3546350	2547820	2258390	2762710	3174110	2915340	3020390	2940940	3351200	2721190	2719970	2909660	3159260
P0DTT0	24475200	28447300	29061700	28421000	27286000	27154700	27420500	28909700	27056100	27739100	27767200	39417200	50234500	47155900	55324900	53676900	52592500	48388900	48545500	39857000	45397900	46912700	50570400
P37339	2057260	2091720	2803780	2844690	1763490	2253230	3166470	2701390	2689650	2797910	2955940	615993	962991	708964	936154	707232	881573	676102	895012	626594	654461	231236	754814
Q47147	3272520	3019210	3400980	2597170	3981540	3337150	2627130	3843250	3034740	3293910	3019840	3346770	3447170	4006650	3597020	3558610	3782700	3867170	3658490	4084450	3034600	3726020	3732040
P0AEG6	22710500	19998600	17686000	19254400	18599900	20240500	17765700	14051000	20138300	19231900	16939400	14597500	10939000	18824700	16820300	17740700	13661100	18055300	16407500	17131700	11772400	16175200	18694900
P23538	163463000	184832000	190211000	163703000	184675000	170828000	155570000	200087000	167567000	175482000	179969000	18170800	19314800	22366600	18821700	22696900	22847100	23341100	23222000	23535500	21645600	23627300	23321100
P23847	188458000	213064000	227625000	162093000	257797000	198296000	201225000	387705000	214414000	192970000	196197000	112168000	93268800	105514000	110939000	127757000	184014000	110540000	110451000	108822000	104555000	120424000	104041000
P0CE47;P0CE48	1497350000	1768690000	1882220000	1611520000	1777830000	1783130000	1614950000	1828180000	1782770000	1770050000	1759490000	1776530000	1771890000	1919700000	1986160000	2004890000	1943670000	2022800000	1948200000	1785150000	1699240000	2006400000	2047080000
P76291	1697570	1582680	1794110	1547800	2119410	1657860	1611440	1992030	1720200	1712790	1733030	1743240	2122540	2214420	2155700	2009300	2173820	2140950	2217640	2199090	2081720	1925680	1923510
P05852	3787730	3724570	4548160	3879460	5192820	3923380	3660570	4437450	3801870	4071650	4073350	5624770	5515820	5977160	5725580	5862070	5998580	6208530	6389300	5818040	5257870	5824220	6063410
P0AFT5	4136420	4536170	4243930	4200460	5121550	4882010	3768660	3998660	4296740	4803020	4828000	1376530	1003900	1343020	1220300	1255480	1287640	1474710	1305760	1156740	1381060	1492880	1529040
P33644	3024700	2574860	3276750	2564190	3540700	2932210	3078620	3352750	3342530	2999970	3250760	3537670	3261860	3169290	3265880	3174530	3390460	3376710	3339360	3373700	3086050	3256010	3210090
P31473	2685570	2448050	2267920	2935340	2722480	2118730	2404200	2295020	1957100	2396430	2379140	2808030	2485650	2299980	2610690	2563220	2543430	2537990	2565950	2016200	2907410	2588370	2666270
P37751	4747300	4461890	5255500	4774270	5151890	4658660	4588880	4425010	4525900	4933110	5516240	4673430	4949410	5933440	6148750	5829260	5313640	5766670	5859780	5646620	4613720	5238100	5540910
P0A6H8	2525800	2110190	2292990	2307360	2410410	2104620	2374220	3010520	2251270	2592480	2653410	2368360	2804370	2517590	2401210	2227940	2619890	2635160	2584160	2834500	2624210	2747710	2755520
P39356	2408290	2310990	2308110	2452220	2275780	2157470	2584190	2070680	2217330	2299510	2487010	1754910	2383480	2413430	2265570	2285700	2246200	2324760	2356910	2014640	2062220	2105490	2341250
P77399	8735580	9740770	11040800	11268900	8889450	9229500	10858400	12129900	10567500	10465900	11302100	1542860	2157440	1708040	2208320	2412270	2144020	1926190	1992560	1829680	1745140	1352650	2537510
P19319	301458	375155	580939	375508	531952	385738	436694	940490	411598	444531	474111	294871	357636	302068	345872	307902	442350	351978	294247	339561	521637	431471	250874
P60560	37851500	37652800	47298800	45038600	41269700	45826900	49162800	39356000	42500200	44719600	50299000	30551800	33546300	35891300	42471700	37876800	39929100	41678700	38505800	37497700	29027500	38209900	41217400
P30178	16379100	15500900	19350600	11647200	22380100	16914000	13378200	21030800	16419700	17865300	17838400	23081100	24473500	25968100	21942400	23143300	22866400	23590200	24370400	25671800	21821900	22966100	22332200
P76243	14673100	11523100	9981060	10565000	12713400	12809200	11481600	8025850	12625000	12038800	11056800	8381140	6253080	7832470	6550790	7715970	5588820	7839650	7433780	8617400	6009200	7432070	7582640
P0AE37	527377	612619	447751	581935	450495	556671	430138	579072	671631	524799	517427	194849	334081	207233	215078	148788	NA	NA	NA	134413	320875	NA	365727
P0ADK0	17682200	17951500	18103000	15682200	20233000	17307500	14247700	19895400	17798300	17901400	17445700	17208700	15963600	16844400	16175800	14765800	15987600	16025100	15433200	16881400	17570800	15458600	16528800
P0AES6	10853300	11711300	13075000	11133900	11802600	11755600	11077600	13802400	11653500	12419900	12207000	13521000	15979900	14921400	15598300	15152300	16196700	15605200	15645400	13653400	15252800	15650200	16127800
P0ABD8	114534000	107744000	84586200	110185000	76864500	109972000	112926000	59969200	111354000	115812000	97087100	83843300	75292400	69640800	68350900	78673300	52244600	67615700	68585100	71787500	71681100	75524300	83529000
P76034	4384090	4291460	4396630	3825270	5268760	4006840	2949850	4496020	3588690	3850390	3747900	2958070	3140800	3550620	3380560	3610990	3314780	3648790	3704110	3309410	3254490	3639860	3479670
P0A6K6	46300700	45472300	47942000	48129100	52770400	48623200	49408600	46848600	50579000	45496300	44414600	36256200	34211900	38039700	38163500	35106200	36134500	36969100	36452400	37436600	34566000	37861900	36105600
P39176	10548100	7621710	7834130	7028360	9076640	8401650	8300910	8281140	9529030	9003390	8115580	6820650	4913570	5796260	4187080	4985040	5461770	5429600	5301390	6681980	5786760	5419120	5850110
P77596	742559	634869	731204	762504	548063	602578	555999	448812	532739	562480	552541	279807	409849	330954	194380	213617	305105	333259	346101	311243	205153	211233	319751
P16528	480162	466078	483351	491281	465946	523709	600611	475571	469879	522681	502886	688235	753229	629952	817972	771484	639608	611462	736310	653671	545837	719022	677397
P37146	1327160	1186180	1332780	3217080	822724	1296370	2061680	535772	1602580	1550140	1947080	1526480	1881690	2156770	1708330	1996100	2021960	2047280	1930720	2018910	1831930	1285870	1929860
P36999	1930650	2012120	2047860	1556140	2112420	1814640	1594650	2126560	1825820	1803230	1648500	2581120	2629850	2618750	2371570	2697670	2452000	2504060	2579530	2634710	2600610	2171260	2252930
P0AGJ7	3046880	2841090	2890220	2860180	2408830	2752280	3093780	2704890	3058020	3017930	2783590	3198560	3234350	3004050	2955820	3285240	2735590	2864630	2868840	3173120	2728700	2853790	2948360
P25745	7954050	8218680	8814110	6151190	9022730	7736880	6206410	9206100	7550660	7926200	7200640	11031800	10588500	10062100	9707290	10162400	9924480	10539200	10821500	10636200	10589100	10275100	10136400
P33221	30529800	29976700	35811800	33333900	32868000	31076300	35182800	32959400	33694600	31024300	34659900	29523600	34091400	34688500	35723200	34743400	34382500	34490200	34772600	31848000	34433000	35966500	36062600
Q46802	4131240	3640970	3119770	3492330	3869930	2918270	2439230	3526430	3235320	2822980	3838830	3888780	3612830	1755670	3085080	3516440	2761900	2549650	2320090	3379840	3474460	2664880	1834700
P37177	5915040	5536400	5916110	5703720	5868170	5482130	5454330	6021400	5364600	5565940	5872330	4304960	5408260	5272420	5515030	5231430	5407330	5471100	5463560	4748790	4982120	5085840	5404670
P62623	8324330	8082310	8428600	6802630	8620390	7851340	6948980	8923180	7600300	7884420	7609720	8830350	8703840	8924130	8324600	8394280	7967460	8332830	8437600	8908510	8289600	8287990	8297100
P25522	6157250	6441100	6938040	5811920	6978640	6015430	6005990	7140680	6262800	6272810	6218640	5869850	6075690	6071580	6230710	5434600	6509500	6150680	6015070	6138160	6123400	5995620	5722850
P06149	23079800	23340400	26264000	25237900	24319800	22392600	23479100	25386400	23524500	25277500	25969600	12955500	15206400	14976000	15041300	14511600	14940200	14875800	14463100	14347200	13849200	14338500	15044100
P0AG67	317985000	305097000	297370000	264014000	289985000	310928000	284841000	266122000	305397000	286421000	269148000	332605000	347543000	348800000	326216000	334420000	302166000	344424000	347547000	345690000	329767000	353904000	360044000
P0AAC0	22780000	22093900	27300500	18012200	36192100	24063600	19056700	30276300	20920400	22507000	24021900	15586600	13284400	17121700	14465400	13284300	14764900	15541600	15470400	15876600	17571100	17850400	16771600
P0A962	4222420	4869290	4942380	4927370	5110100	4828300	4770440	4916860	5107500	5086790	5093110	4828430	4835780	6065310	5308270	5525600	5616050	5738140	5596460	5896290	4740840	4698660	5122430
P0AGD7	13567400	15040800	16182400	13345000	15980500	14448500	12036700	16378400	13705300	15095800	14663400	15666300	15534000	16486800	16960000	16414200	17735900	17302400	17303200	15841900	14562400	16581100	16805400
P04391;P06960	39701400	41439700	50935100	30853000	79142500	41375300	28785500	54575700	33323800	42852000	40170300	59548600	55004500	56497100	54640100	53093800	52486100	51570700	52745200	51647300	55255000	64726400	56552400
P30130	1854280	1862450	1424420	4259640	3085620	3169660	2440780	2893720	3523800	2989560	4648610	2428440	2399450	2601470	2917140	3466950	2617100	3229350	3443310	2553330	2575650	1916030	2578010
P0A9T8	3539150	3389080	3950330	3575540	4136060	3448370	2992380	3741780	3383610	3607290	3522970	2438150	2336540	2997140	2630430	2403910	3115600	2516410	2805760	2835080	1960720	2622590	2234500
P0AEJ4	1748180	1593250	2005490	1582470	1860130	1772500	1931890	1931250	1955230	1770090	1926340	1682820	1788000	1803900	1601500	1641940	1629220	1696270	1650530	1870650	2055670	1641840	1604800
P0A8G3	37833200	45637500	45875200	55727200	42763000	40070600	59656100	47847500	46341600	42506200	46321600	33422800	40386600	37963600	39756900	35272600	39460400	37750800	37017600	39125100	35816000	32914000	37398300
P39099	21590700	18551800	17658900	22587400	16179600	19925200	19322200	13980300	22533600	18323800	17127800	14333100	13238400	12772500	11096000	11109000	9654290	12095500	11959200	13599200	12663200	11370800	12222500
P0AGB6	8793830	8168720	7660200	8925540	6883460	7726580	7886040	5904410	8466420	8171190	7823380	6975290	6116400	6600180	5984670	5375460	5163310	6157830	6906910	6734450	6146450	5644280	6414300
P15977	3823890	3823320	4198110	4181180	4521080	4248430	4566960	5511420	4321000	4472690	5114400	5344250	5643940	7317280	7979770	6770760	8306300	8141180	7547480	6527810	6587120	7589250	7743130
P23882	15319000	12802400	15110200	12238500	15348000	13674100	13283400	14453900	13584300	13445400	13473300	14355700	12450400	12748600	12130000	12070400	11410800	12520300	12413400	13828000	13816300	12896900	13479700
P0ADF8	25446200	23056300	22855400	18403200	24078000	23005300	20188700	20293700	25147500	22086500	20360000	21628900	18919200	18232400	14691700	15716500	13975000	17626300	19030200	18681900	18149900	14549600	14535800
P37908	1175990	921492	1126710	1020300	1307030	961280	787915	1358630	969511	1154440	1138900	1527510	1848310	1682940	1102890	1271050	1446860	1489720	1415310	1603090	1561730	1548240	1541150
P09155	1355650	1191870	1348520	1095160	1471540	1374740	1274530	1677610	1282090	1464030	1456450	1726970	2026530	1620300	1772710	1934050	1886010	1817630	1732410	1687880	1898070	1652950	1719940
P33937	2200430	2596540	2121800	1601120	4246480	2224020	2027850	3871100	1667760	2061700	1968020	1803890	1758720	1481410	1752280	1714220	1988870	1720210	1690330	1703180	1941980	1968110	1694710
P0A6F1	43735600	48808100	50206300	36830100	50332700	44513000	38259800	47807900	45479000	45737600	43875600	59739400	64211600	64844200	69358200	69850900	63233600	66087700	63291800	62122800	54262800	67265200	63538200
P76055	5199630	5299370	5228250	3799690	5476650	5148580	4855540	5655030	5183050	4938170	5147370	8611780	7565140	7607620	7144180	8089450	7121650	7482180	7622050	8147300	8023480	7719080	7854400
P0AEX9	21413600	21433800	28647800	27689600	16597900	23391800	29433000	20242300	32761400	26242100	27391400	20470800	15955400	18085700	17525900	18157800	17389600	23385700	20073500	25522300	20470000	26145300	26587300
P0AB71	104099000	103627000	118927000	94286700	117939000	117490000	109237000	111934000	117516000	115056000	118503000	186011000	164130000	178164000	181232000	179525000	186767000	183906000	185549000	183995000	192541000	202200000	186866000
P77374	3049360	3239310	2840060	1819130	4746580	3275930	1289920	4037330	2313620	2858090	2803480	2559970	2444890	2763440	3187640	3138200	3292800	3119360	3213140	3069850	2721110	3808660	3303240
P18775	9113830	9434800	7764170	3057810	12397000	7519800	3543880	12223000	5769540	6583300	6371270	9111250	7237330	9510280	12147000	11019400	12118300	11847200	12962300	11889400	11866800	14981300	12129400
P0AG78	17531500	23059000	19714000	28556900	17119900	21125500	19037400	16167000	22327500	20170300	20464500	25320600	21541900	22825300	29465800	31888500	23273100	26672800	26017500	26541800	27044800	32796800	29249100
P37676	916709	740181	909390	718972	1189050	667616	666519	876143	955797	1087180	814813	NA	1383000	1007760	NA	1599470	1426000	1509030	1454860	749415	118605	1011940	1611790
P0ADR8	5813150	5903980	6847560	7884990	8637210	6840700	7527130	7454840	6905440	7523170	8147040	7967960	9950120	9659510	10310500	10360000	10037200	9953670	9983030	9509630	8732980	9587430	10176600
P07003	21131000	23578300	26375800	32218200	24906800	24751200	30153100	24246700	26246000	26208300	28669200	21749800	26256600	24457000	27651300	25720200	27443200	25464100	24581700	23209200	24690000	22036900	25156900
P0AC38	38642800	36089100	35551300	31892800	60147000	36493500	27595700	45458400	31744700	38413200	36950200	11576600	10102100	12349100	9173380	10326600	8974440	11026700	10418400	12336200	10915300	16017700	13067900
P33018	6225810	6393890	8739610	5143590	9797230	7159810	6431830	9639440	6628420	7836340	7938310	6253520	5018950	5923580	4742160	4862490	5086930	5373990	5302840	5799710	5767420	5169810	5232930
P0AFU4	2131770	2229630	2280370	2104010	2258590	2134430	2165330	2384220	1998960	2168840	2214750	1797620	2096870	2375160	2423520	2277030	2354870	2303430	2513880	2074690	1902270	2084280	2209270
P45468	55052	79520.2	55454.9	60277	45120.8	66807.9	56839.2	NA	40974.9	40320.8	82813.4	72690.1	74569.7	64367.5	29399.9	60961.7	51777.1	47923.6	69102.5	44903.6	64609.8	73098.1	116893
P0AB24	16271200	13403000	12628200	19403600	12283200	15565900	15285300	7907390	16088200	14486600	14660100	13941900	12051900	15077000	10403300	13824400	10504400	13526100	12850300	17561500	12313900	13591400	14219000
P0A722	20090200	19843800	21026100	16149400	21222300	19166300	17307400	21005700	18643900	18806500	18980300	16933000	14877300	15649900	17357800	17223200	15288300	16553400	15635700	16726000	13854000	17274400	16380200
P0AA89	335944	307871	381030	714708	281954	410196	649460	271145	535176	442336	457406	225933	347717	283454	257471	182361	330590	302441	288736	282112	244502	124680	221982
P75870	1515120	1388330	1460450	1503500	1562400	1511480	1720260	1744150	1552960	1571040	1751970	2320150	3463180	2903790	3053460	2526590	2914460	2755530	2742840	2524420	3028990	2903320	2848760
P30850	17042500	18555300	19506800	16731200	20701900	18128200	16520700	22112700	18118600	18014900	17824800	24014100	26868600	26832000	27340300	26462100	29185800	28359400	27846900	24323900	25415300	26977100	27155100
P39160	3233520	3653320	3902170	4241740	3054620	3346790	4428960	3603440	3778990	3273200	3705320	1832260	2376230	2286950	2440910	2504440	2304310	2361460	2278050	2342070	2336510	2005200	2087790
P27859	1223410	1179000	1333810	1184640	1341140	1245630	1230100	1301430	1228080	1303470	1371570	1760760	1725600	1454220	1424940	1482570	1524880	1615160	1671570	1408920	1529760	1366040	1612920
P24554	2524450	2705200	2971520	2475480	2845640	2447210	2371620	2924030	2588670	2634410	2543180	3415060	3807420	4318500	4096670	3987740	4083290	4285800	4199920	4179500	3395220	3905350	3797310
P0A6U8	25934200	24372500	25487900	25428800	34682600	25507000	22779900	29587900	22852800	26916000	27153400	21345300	23573300	24646000	24956000	23681300	25516600	23798700	23886700	21748800	24263100	26012100	24666800
P77721	961837	935125	970802	1039370	982843	883139	1014400	853473	898978	1034040	1145540	637048	602918	484069	495471	456092	460656	477886	445936	378118	526831	461714	483650
P0ADE4	4262130	4330650	4683880	4320430	5201950	4581580	4191410	4807020	4480410	4742000	4777720	4947640	5329660	5173290	5038760	5551080	5231690	5460870	5325910	5314260	4467010	4921650	4809460
P00893	11604700	11877500	14339600	11795300	13295300	12990100	12021400	14896600	12493000	13341300	13688400	17581300	20810300	22111900	20086200	19734200	21842400	21343300	21439700	19962400	20305300	19550800	20880600
P13458	1171930	1223810	1288300	1137390	1510250	1192840	1135310	1395860	1204420	1102280	1333760	1168320	1229520	1423190	1385150	1380560	1429020	1511090	1425610	1293840	1091270	1159330	1193080
P37329	8536660	8809620	7459050	10544600	6358150	8454130	8129380	6165950	9855800	7961010	7608310	2727670	2709240	2814490	2871990	3077490	2238660	2943000	3014370	3147450	2665060	3000590	3170950
P76220	3838800	4102640	2645670	3759890	6111890	4307670	2882700	4090370	3230530	4044080	3568390	4061830	3729150	4335340	4757760	4480080	5093610	4986550	4893030	4385940	3683930	5039140	5308580
P21156	18611100	20343300	24982800	20676400	20799800	21783000	21136900	20219000	19747200	21695300	21906200	33800200	37304900	40692800	40805800	37618500	39227400	38264600	40034500	34751700	31845200	36987300	36349500
P37349	2828680	2813270	2783560	2005370	2668670	2771340	2099300	2960210	2544870	2497280	2383760	9031810	8662260	9473040	7961080	7932760	8506230	9222670	8670930	9486810	8168070	10245100	9530660
P76149	1846350	2081180	2004830	1995520	2082820	1802830	1875210	1885250	1750610	2065920	1964190	2015140	2235760	2469720	2535650	2005730	2413200	2540600	2780790	2253830	1941490	2135650	2222330
P0AG18	29949100	26063900	23022400	24277100	25637100	25393500	21447200	19553500	23678800	23833400	25418600	33309500	25205500	22810700	20796700	21024200	21253200	24641700	25610200	27052200	28898500	25844100	26802500
P32125	2084350	1909900	1842180	1598950	1859540	1868190	1643350	1644560	2050760	1906710	1704590	1579310	1380810	1412630	1377850	1216960	1224500	1511080	1562920	1444940	1334530	1232840	1225260
P62601	1390840	1465220	1869080	2378210	1458590	1736000	2737190	1472700	2250060	1966890	2171650	1540430	1982960	2033200	2471600	2199580	2353620	2147060	2117170	1906340	1397990	1614350	1980360
P30011	18014700	17098100	16142100	13979400	18074700	16426500	14663600	15435100	14708900	16320300	16467500	17562300	16049700	15366500	14676000	15024200	13221200	15482100	15216200	16214000	15276300	15941300	15035300
P32695	5382380	5966290	6720220	5342850	6192990	5633200	5539350	7254820	5776380	5649100	5841630	7387430	6769900	6562200	6339390	6270160	6528040	6445010	6742290	6798280	6766700	6220170	6295710
P0ACB2	17824000	21044900	24923500	18063900	24765500	20291200	17508000	24407400	20755400	21511900	20765200	19050100	19971700	23455700	21919100	20768100	22040000	23570400	22705100	22276500	15698600	20933100	21475500
P03813	3145140	3263520	4067200	3192690	4007260	3533510	3145210	4085610	3388760	3516200	3440830	3052660	3253680	3268920	3399170	3205140	3033470	3122770	3295370	3206990	2857870	2741930	3454640
P33913	6127460	6336740	7187090	6562470	7700070	6786940	7235430	7909280	6933400	7491580	7481350	5807180	6364080	5848140	5695970	5994280	5658110	5748890	6114770	5873610	5714320	5523300	6237890
P0AG90	54099600	60001000	60835200	54715500	60483200	56386800	53810800	63502500	55856500	59213200	58678300	46910100	57449600	54356800	59421400	58475900	57754100	57520900	57520300	50060800	48347800	53295500	56852000
P0AFF6	88509900	83221100	80194800	74310200	75576800	86747000	81006400	68785000	89305800	78640400	74488400	87985700	78621500	85767700	75514700	82509000	68595300	82766900	83593100	83028200	75426800	81007400	85503000
P09373	191169000	208992000	178970000	260438000	324782000	245723000	241569000	301634000	216974000	247208000	231436000	287264000	277032000	315684000	310422000	295965000	336328000	311168000	281597000	289508000	290734000	392207000	349273000
P77808	3135350	3208810	3510160	2954580	3556990	3140100	2986530	3743940	3011340	3185810	3452970	4216520	3933180	4436710	4510830	4313080	4224130	4493270	4364030	4390650	4119400	4464780	4638850
Q47690	4313930	4666210	4953950	3496920	6266320	4338670	3618690	5429530	4103100	4130660	4115840	2546120	2925630	3123260	3166800	2945890	3272000	3151530	3274330	3093150	2897390	3010220	3032450
P0ABZ4	12248100	9877100	8911050	8859670	8315580	9946930	8415840	7633200	10244500	8473350	8431170	9851680	8667340	9327200	7235130	7474950	6971520	8536210	8779440	10364000	8339600	7914260	8571690
P37595	6592980	6367130	5764720	4672160	6643860	5810870	4013550	7100940	5525310	5338080	5080050	4275720	3359180	4193790	3817440	3869880	4970600	4336820	4255020	4458720	3741030	3826220	3526290
P28304	12215800	12330000	15046900	14858100	14781000	13353300	15618100	11606100	13406200	14360800	14980600	10989500	10733700	12141700	14443000	13356700	12896100	12831800	13430600	12420200	11927500	12162700	12939800
P25536	4321340	4826320	4228270	5024230	4143500	4855390	4634820	4655630	5126200	4309760	4475220	5902400	5687050	6059850	5518840	5934380	5966720	5893520	5753650	5616190	4937690	5101940	5382500
P40120	6160870	6313070	7114630	6392710	6849410	6615740	6637000	7269320	6535420	6804110	7173270	5474630	6082130	5816560	6557900	6826980	6490290	6469410	6300800	5847930	5459940	5684320	5785980
P0A7R1	551856000	511961000	472714000	499145000	477579000	482470000	450451000	374206000	531296000	459781000	402384000	626770000	522369000	531876000	413827000	458391000	390260000	470495000	483883000	512923000	516308000	488728000	519688000
P0A6M8	259197000	296818000	301079000	283817000	303761000	285388000	271963000	346317000	301209000	284049000	293105000	299609000	309989000	345777000	355751000	337014000	361208000	349487000	342592000	290360000	318031000	353149000	371354000
P0AE52	62931000	52148600	48498900	51930800	44597000	55736900	55206300	38767100	59804400	49955500	45984500	55655000	44521600	44075100	37481800	37077600	31263000	39816100	40744900	47904500	47728900	43105300	41059100
P04036	23168800	22751800	20912500	20927700	44410400	23437200	19282700	37769900	21457000	24374800	21905700	67127500	59563500	65020600	50734100	49852200	56696400	57124000	60872700	64931100	55064000	64870700	61883800
P0A812	6232750	6554180	7165970	6671150	7216690	6778080	6280470	7376940	6352400	6383620	6538370	6148720	5789110	6368910	6439870	5978930	6418160	6361560	6444240	6197650	5713920	6003520	6173280
P76397	1160470	1296600	1222620	1451390	1300090	1281190	1381360	1292970	1453290	1331940	1321450	1522880	1563790	1696770	1986450	1782270	1780460	1871870	1801160	1727300	1471620	1693250	1739350
P0AG44	505825000	450807000	430169000	454680000	440971000	478015000	429734000	388395000	489167000	378524000	384941000	710916000	557858000	488625000	381893000	441322000	372999000	433634000	469825000	525182000	570149000	541950000	523178000
P0A6U3	7046900	7885260	8372920	7168420	8231490	7639670	6654840	8856200	7387960	7861570	7852450	8978750	9498710	10261600	9937130	10346400	10852500	10545800	10272200	9475440	9158050	9588230	10241900
P0AEJ6	3825900	3941890	3975570	3350850	4507630	3845910	3351390	4361880	3719370	3887560	3959920	1917850	2197820	2603280	2632960	2698760	2463010	2656390	2668680	2475980	2265210	2354710	2358840
P60422	261960000	293666000	318583000	255908000	340369000	297355000	248412000	328825000	292554000	286842000	268688000	433591000	388749000	402124000	383919000	382171000	397567000	404020000	401803000	393876000	400465000	417252000	401179000
P09549	4155150	3456130	2803590	2855890	2718720	2964520	3245480	2445180	3213770	3043480	3019140	2079970	2223770	1908350	1862250	1953800	1915190	1915850	1888330	2005080	2004830	2077730	1917150
P0ACI0	11866900	11702200	13146400	12606000	14647100	12577400	13361800	12313000	13114700	13388900	13984300	10913900	12322900	12032700	12558300	12967100	12664000	12546900	12864400	11221900	11612100	11947800	13499200
P0AE06	23406500	24838200	25628900	22039100	25958000	23957200	22316000	24053100	25673000	25708800	25398900	22054500	22545100	23123100	23700700	24812500	22011400	24330800	23450100	22586200	22360600	23110300	23536600
P17445	6538400	7604470	9056230	7445860	8355070	7435140	8047260	9657030	7900070	7561590	8383810	6629670	7810570	8060630	8508990	8461650	8623880	8634750	8150530	7682940	5153440	7734230	8110930
P15042	5847550	6290780	6570600	5476770	6174620	6144870	5413330	6713190	5976250	6033860	5959330	4714900	5695360	6218480	6479620	6691900	6670810	6647370	6470770	5573060	5306170	6105490	6082490
P0C0V0	46915800	42117600	39538300	58819600	35882300	50984500	56811800	29122900	54294400	46090100	48669100	43764700	40329200	40660600	34183800	36030900	30605200	37186400	38033700	41025800	42109000	36373800	39499100
P09153	535429	387124	342932	191084	261687	434756	301672	127978	293989	290298	280970	NA	NA	125682	176209	NA	340951	NA	184776	NA	153692	200551	91489.5
P42620	4048400	4107930	4565740	4545600	4560710	4222860	4634340	3984920	4813740	4164500	4199090	2972510	3755430	3355010	3983410	3435770	3868150	3700900	3868310	3393100	4024530	3118920	3580420
P31806	2755730	2702720	3158610	2761060	3171840	2963640	3045070	3541030	2904110	3066280	3107840	2089860	2375770	2212440	2438970	2156830	2224090	2384860	2268520	2196850	2028620	2063300	2080150
P0A7C6	12523700	9842750	8851840	8330240	12572600	9525250	7190440	9477720	8767640	8642030	7937330	12128100	8327760	9954070	8377010	7680560	7580670	9188670	9021740	11014300	12847500	10179500	9039780
P0A850	236158000	213592000	204691000	217488000	203581000	235152000	202942000	173359000	239343000	210425000	200962000	250619000	219757000	231113000	190499000	199740000	168945000	214607000	216856000	233385000	220764000	220915000	233124000
P30871	6603340	6535830	7256360	6315370	7293850	6619250	6876690	6768590	6233560	6846210	6882310	7283110	8033830	8635690	8216460	8599480	8241980	8671290	8551200	7639970	7310690	7936010	8094690
P06611	1518890	1469170	1298640	911112	1542360	1253150	918967	1471180	1425020	1383180	1512640	1363500	1490440	1663650	1474440	1149770	1729110	1690670	1592410	1567490	1426480	1471380	1495800
P15034	20107800	21064600	25409400	19936700	24824900	21860000	19699100	28775800	21352300	21998500	21078600	20290300	21781100	19937600	18551200	17820800	19132900	19893700	20589600	21339500	22354800	21661300	21024000
P00957	25345400	28225900	29489800	27335400	30110600	27720000	25386300	33030200	26862600	27655500	28477700	28999800	33161600	32485000	35156500	34527300	35724500	34950300	33664100	29373900	31624800	33781100	35683800
P0A9U3	7681390	8203560	8547900	7702430	8917430	8326160	6698620	9276300	7917340	7952870	8115460	10643500	10990900	11485300	12193500	11209800	11342200	12046100	11515500	10531500	10127400	11432100	11807600
P04994	1886150	1799480	2206810	1788630	2209180	1981250	1871890	2123590	1732900	1896870	1934200	2032170	2035600	2431160	2580800	2583910	2433580	2532290	2518140	2295400	1792340	2340130	2321880
P25539	6508090	6421480	7347920	5253230	8073890	6626060	5644920	8126340	6302920	6700850	6778200	5253860	5365760	5891970	5694520	5522080	5423630	5786790	5824520	5974250	5107130	5673780	5755330
P75958	4370130	3625640	4256590	4261000	4555920	4269590	4280490	4915300	4019040	3801770	4394700	5285550	5854450	5744540	5696020	6178610	5564360	5792000	5901990	6092970	5310910	5668410	5862180
P33916	11023600	12390900	12460200	18164300	15726200	14404300	15334700	14432600	14018600	12326300	17242400	10705000	14395800	14518000	16829900	17302800	16492700	17998900	18041600	14907100	12868700	15655000	16790800
P37759	12650900	13632500	15818100	10740200	17045300	14780300	12083700	15993600	13671900	14656100	15226000	19335700	18280300	21640900	20273400	20622100	19631400	20667600	20068200	20240400	16269400	21496800	20861900
P07363	387271	603743	562451	1968150	414493	1305470	833145	369427	1197890	697433	916679	56943.6	516890	93160.2	180475	175454	NA	216831	223782	252507	30264.2	98018.5	165894
P13039	2596230	3317750	3112320	9589480	2830870	4334070	5895370	1894080	4119250	3981130	4196620	6219120	7972350	7985070	6628630	6624610	7672480	7430570	6426720	7667300	6965000	4635790	7385770
P37666	23142000	21507100	26135300	26247400	24100200	24594800	26547100	27184700	24345600	24329300	26564100	37034000	38226900	38201400	35699100	32414100	34914100	36669000	35797300	40938900	34054000	32566100	35928100
P0AG27	18021200	19652800	21427300	19235900	21443900	19471400	20036600	21254600	18620500	20211900	20636200	22355500	23788500	20915300	21611700	21494800	24545500	23114100	22717400	23100000	23548000	22833400	23690600
P0AG93	3114320	3708190	3404850	3018510	3132320	3248710	3047160	3244230	3474250	2916260	3540310	2343270	2551530	3458660	3511810	3451490	3283430	4021210	3697130	2913840	2152500	3439510	3268160
P39165	328664	380116	287784	351332	322083	272665	336056	418951	338742	203107	326815	368299	442275	461932	466327	431695	500673	369033	439163	465640	293177	298802	391871
P11880	3372170	3421560	3509760	3345940	3485570	3483160	3153340	3450910	3438360	3478220	3777810	3801680	4047190	4168270	4466390	4297490	4280680	4345010	4405430	3619580	3832730	3948920	4247680
P39396	94166900	99050600	75096300	70317000	87235600	75562600	68009600	90295700	85067000	80362600	76203200	1001480	1242660	1420710	1841640	1699040	2217590	2187560	2443410	1533640	1866990	3947390	2313570
P00944	705357	946052	964342	771296	921264	753778	880586	1321140	968255	835039	1034010	336793	310781	243118	263684	263517	293421	234520	379104	391576	347590	305376	223294
P42604	975468	1046970	1102340	1331130	931309	1023300	1396410	1052380	1282950	1026680	1100600	612252	993640	1058920	1112650	978546	1139410	949417	886059	910758	776226	683027	934302
P52647	3771480	4187860	4613140	3867530	4798460	3885640	4361490	5075680	4272200	4016350	4321570	4860690	6203250	5674320	6930680	6971980	8281350	6040760	5982190	4957610	6121670	6544930	6413610
P0A991	82690900	84484100	97228000	94962500	92924700	91019200	93497400	88673200	92141000	91009300	90477400	46112400	46174700	49021000	52171300	46857800	49462000	51557100	50495400	50524000	49184900	46624400	49081600
P39265	8591340	6400040	5928320	5247090	5631110	5846010	5953490	4637790	6428610	5180710	5075520	2233800	1772740	1384030	1586290	1800060	1334700	1764660	1608920	1685270	1834630	1904210	1974630
P0AAB4	7999090	7615430	9014680	5938900	9780140	7926470	6942100	10157700	7725620	8042810	8510390	6009640	6930470	6490530	6639100	6620620	6996340	6887840	6717450	6571760	6304590	7173910	6830130
P07102	1932730	2075820	1948640	2064770	2865880	2115520	2234670	4351420	2418750	1626730	1988130	2414050	2273010	1814300	2512310	3213490	4125680	2634850	2591640	2454920	2703670	2785670	2567260
P75864	3737400	4083330	4347840	3639520	4603340	3669370	3747340	5138240	3692010	4106310	4133730	3990390	4626480	4904830	5433230	5447510	5669860	5191330	5517230	4450670	3586610	4810450	5039710
P08660	20802300	19619400	16516200	18096400	38728300	20317600	17484900	28009000	17332100	19527400	18307500	52998200	54665100	60505500	62123800	61539300	63501400	63791000	63585900	55255000	57863100	71459700	63821200
P0AB06	2091450	1955360	1749930	2645660	2584030	1633380	1723420	1561010	1647280	741518	932989	1193050	1785970	1102240	1473870	1389590	1294890	1468360	1502460	1097460	1660890	546786	492948
P24232	7989230	6649070	7498180	5427610	7927150	7222020	5854570	6720850	7456320	6759120	6818420	3819090	3746190	3838040	2747030	3010600	2720360	3306970	3263130	3913040	2956020	3044690	3213800
P0AGC7	1717910	1413630	1640600	1393310	1837570	1510940	1383360	2095410	1427840	1467890	1442920	2240590	1883200	1383540	1780040	1100060	1495470	1626290	1606510	1818530	1714700	1625550	1319270
P22259	177317000	191242000	242369000	168663000	232936000	200250000	181443000	236999000	196354000	217406000	238543000	27074500	24572300	27027500	27308900	31352200	28165900	30914000	29665900	30020400	26590200	33925500	31072800
P45470	32017000	28242300	22329400	46599800	18254500	30436500	48365600	14313400	39437500	28394600	28771100	12182700	13116600	10959000	11738800	11394500	10444500	9787200	11008500	10946300	11982300	8805220	10866500
P0A8E5	2552830	2495950	2371580	2350080	2441600	2766490	3102330	1473800	2842800	2437390	2343480	2286530	1850180	2094810	1781810	2214710	1545900	2162000	1964570	1859960	2018610	2131870	2056580
P0AEV1	1878120	2060960	1794500	1763260	1650740	1641360	1850160	1317970	1819870	1859870	1711270	1251120	1316140	1575890	1927880	1987130	1467890	1734450	1614980	1391190	1246210	1367760	1596470
Q46811	366844	449804	389090	40472.3	479618	308622	118079	277913	310550	501633	558674	469981	NA	NA	NA	NA	NA	NA	NA	NA	NA	NA	NA
P60340	12702200	12636800	14161400	11469700	14509700	12979600	10611600	13525200	11965300	13091100	12651400	16282800	14964500	15596200	13646600	12927100	12976100	13996900	14357800	15868200	13327000	13516200	13666300
P45464	7604140	8224010	8250930	7437410	9090570	7824120	7473330	9055950	8374060	7831200	8435750	7153400	7063970	7417640	6862600	6664010	7021770	6972370	6989130	7081730	6765530	6591120	7329010
P76503	5859970	5952840	6798640	6345170	5735710	5457580	6297650	7012010	6869370	6177090	6516130	1303250	1365080	1225920	1193850	1424440	1191810	1278980	1368700	1346130	1617280	806283	1542640
P0A9H7	4628580	4898730	4812330	4506130	5275490	4744150	4243210	4816560	4206890	4294940	4367590	6108090	5819330	6941030	6263550	5969190	6549560	6823020	6277710	7729160	6590640	7146450	6339290
P30140	2886030	3603360	5618940	5177750	2506730	4787440	5507040	3541730	5306480	4936950	5843580	4714450	4939130	5637100	4636580	4807030	4782010	5343940	4592380	5364820	3658170	4324230	4721710
P17846	27552600	31529300	34259400	23584200	32403400	28482700	26694700	37607600	28942100	29191100	29873700	37633800	39352900	37876300	42540200	39535700	40617200	39443200	41175500	33724600	40192000	41523000	39835900
P10408	13251600	13850500	15167600	14402500	15878000	14215000	14226100	15018500	13476700	15038100	15137200	13264600	14690300	15848600	16868400	15927600	17067800	16851000	16703800	13514700	13958800	14724400	16586000
P32143	608766	596849	697758	318703	870936	542063	NA	928392	531019	519989	583459	436698	302480	424060	288117	NA	322274	318697	354936	451793	367770	530860	397135
P37760	17544300	18128000	20302700	15726600	23232300	19638100	19152600	20422900	16452200	18414200	18996800	19305000	21860700	24138200	22940500	24308700	22964700	25176700	23778200	22244900	19136200	25308200	23767800
P77625	11283400	9786770	10547400	8255180	10178500	10020700	9830940	9332740	9348660	9423420	9333240	13883600	11811100	12980200	11284800	11845600	10522600	12373300	12155800	13058900	10985900	11640200	11970900
P0AFR2	2474950	2538550	2038770	1297270	2780070	1979610	1093690	2543390	1791940	1772500	1849610	761678	725651	766566	767837	585538	607620	803142	812955	660085	946212	1172750	1036770
P0AF18	6206500	6768800	7499310	6758620	7152500	7036170	6862570	7713280	7190680	6670860	6943770	5893340	6205410	6086390	5864340	5508820	6328950	6353890	6500000	6099560	6139850	5427440	6064880
P33570	29596000	29739800	38145100	45082300	31145200	33918000	45170100	36501500	38204100	36379400	38439700	34666700	40219900	37607800	43616900	39163000	41474500	39825400	38251500	35055700	38127500	33815500	40897300
P07604	5738360	6135540	6412510	6049190	5958770	6086380	5860480	5620870	5911930	6322970	6338100	5337670	5752370	6037300	6468710	6129260	6094720	6260270	6080460	5717830	5620450	5952530	5979720
P0A8F0	149618000	140428000	152203000	115500000	143413000	131501000	115169000	113264000	128177000	118698000	116916000	142480000	118153000	120882000	104032000	99614100	91031100	107688000	113817000	125413000	123176000	108738000	99663400
P36771	5138550	5135890	5172620	3517290	6826360	4137370	2823600	5865160	3858260	3976840	3830570	3320750	3669720	3188560	3139250	2609580	3536750	3499370	3924420	3821660	3920240	4077760	3711300
P24228	1698190	2136100	2251370	1959900	2014200	2093560	1884000	2581900	2026110	1787380	2139900	2585330	3113030	2995050	2794690	2715990	3091480	2898750	2928740	3061910	2623710	2485760	2656390
P0ADF6	452623	461365	488014	373647	304566	461803	439829	395562	421072	477230	516701	2369930	2378770	2587110	2726180	2430940	3126890	2478940	2646090	2602210	2497120	2510790	2437690
P12996	3487730	3733680	4538770	2341550	3205470	2855250	2718840	4368120	3059490	3025510	3078110	4393060	4558010	4378640	5530250	5334380	5879390	5666710	5498070	4143110	3982850	4213830	4857370
P64606	125223	269165	291924	225315	281693	175929	159716	395082	269437	232063	242744	336797	391800	368598	328845	201898	321106	327723	321658	344687	334664	505952	459999
P0A6P5	10477900	10723700	11563600	12003500	12072100	11238800	11055600	11478800	11450300	11704400	11665600	11148900	13304800	13379800	14359100	13941500	13845200	13570400	13564600	12073200	12814700	12401200	13941100
P0ADS6	46213700	38053300	34649200	45185700	35374000	41916600	45105600	30705900	45683600	39046500	37733900	35251500	31199300	31665000	27866700	29747500	24209100	30125300	28980600	32202800	29887500	26860700	30118400
P40874	9214690	9504270	10920200	8607120	10324300	9638550	9824810	10642000	9831810	9742740	10294800	13062000	13117900	13337700	13192000	13119000	13267900	13559100	13235100	12802200	12333300	13057400	13434400
P0AB91	95949100	98678500	105451000	79744000	109892000	99771400	84711100	96287700	95114800	96305300	91679700	186756000	181564000	208036000	183037000	190591000	187993000	202783000	189778000	183329000	183292000	202690000	214561000
P37127	501567	490064	506280	398087	708675	658420	726905	825768	714455	533640	662380	1038210	923599	1064260	1204000	833995	1197030	1030970	1168880	1391120	1081510	1328160	994268
P55734	1470210	1768300	1741150	1676130	2024660	1849080	1581920	1869330	1751340	1840490	1943050	2235090	1936200	2080730	2022460	1860680	1941930	1926750	2001610	2134940	1795270	1767890	1994670
P00968	61365200	71668100	75742700	65951400	79867600	65559800	69111200	87404200	67400300	72683800	75270000	85200500	111050000	108893000	120750000	120419000	122851000	107038000	103326000	85339000	97404100	112999000	110906000
P36938	25105700	24461400	26538200	20678300	27362600	24892400	20845300	27631100	24008500	25414100	25702300	17960400	18708800	19857800	19519900	19278400	19672400	20890600	19401800	18105100	18459800	19302000	20151100
P75817	220571	125429	206998	193797	283177	206195	NA	391102	NA	106920	81656.2	364148	417539	336286	197596	341819	300196	348215	351779	387775	329293	353041	423386
P0A993	44981600	45223000	50088300	39414900	51503000	48043700	40979600	52242300	44415600	50526300	49452800	21277800	22955200	24943700	21156100	21641200	21474500	24440800	23184000	23540500	22362600	22302900	23029800
P33219	57168700	42268300	43777000	49313400	33772100	48928100	65277600	29516500	56978600	48983000	46751600	29829800	25023500	31825600	27162000	29881000	20805400	28780100	25628600	31036900	19967700	20823400	27660000
P0A715	30888800	33045400	37164700	30016700	40854300	33257200	31844800	39055800	32474600	34857300	34485300	36881500	36826900	37751800	35457100	34809100	35312900	36315400	36358300	35591300	35382600	37343500	40421200
P12758	23288700	23085200	25847500	25413900	29699600	24325400	24138000	22120400	21697400	24643600	25170500	22083900	20300600	26267900	25387700	23495700	24298900	25229100	25049400	24375600	20445800	25252600	25662300
P75745	6942580	6859110	8232060	6402900	8518880	7571370	7198420	9562730	7718150	7975710	8051170	7854940	7291670	7684620	7400000	7687800	7673960	8123340	7802010	8409890	6951250	7672390	7850550
P05825	15452900	15451900	16970500	45519500	20366500	22206000	25364900	12881000	19647700	20805400	22499100	28018800	31009600	37091600	27814900	29642200	32746200	32220300	29871700	39876200	29852300	24607700	32421900
P61714	36036200	28813400	33321700	25688300	36293300	30514200	21970900	26507100	28747200	29292800	26905900	37899300	30934600	32579200	22595400	24591000	23811000	28094500	28810900	34563600	31057100	25374000	27391400
P0A6P1	336898000	309334000	318284000	336378000	324346000	331636000	316745000	276625000	329635000	309116000	287385000	411083000	337680000	371348000	316289000	323577000	283555000	336780000	328118000	380950000	362776000	373651000	399158000
P07330	103673	76711	120360	568087	94902	280020	210257	50747.3	204949	105338	195113	NA	NA	NA	NA	NA	NA	NA	NA	19019.6	NA	NA	NA
P12295	3167880	3470830	3513060	3208390	3959080	3555450	3106870	3724810	2864640	2973720	3103970	3095450	2981690	4169160	3936190	4260730	3938570	4475950	4527850	3645000	2848430	4011670	3911340
P45425	1165710	1141010	1149830	1325420	1164500	999508	1207020	951699	1175590	1065480	964883	400287	310877	459854	336437	333005	370434	407187	334416	505480	354779	355094	375067
Q46925	1573160	1602510	1710570	1254450	1805650	1827080	1627200	1988590	1513350	1689160	1794710	1414470	1586450	1829060	2016070	2070500	2066120	1932730	1861280	1838750	1771010	1814250	1868430
P43671	2485460	2690310	2789310	2825460	2943050	2822650	2637300	3328760	2852830	2647340	2838240	2996880	3537420	3740650	3963450	3736990	3910870	3703940	3766940	3389740	3250630	3535080	3740610
P45577	48251800	38310000	37710100	37126200	39764500	40753900	37028000	30331500	41206100	38448100	36636000	58162000	48908400	46933700	34995500	39279500	30728600	39401600	41915600	53176400	50022700	43729100	43639300
P37690	3658480	3015780	2761670	2712450	2863870	3017810	2782410	2345770	3200990	2916660	2814890	2447560	2154030	2226880	1955810	2113270	1862220	2196420	2211440	2519460	1670160	1947330	2027110
P76004	16840000	18875000	20674700	14421700	22882000	18348000	17485800	20901100	18742900	18961300	16625400	11214200	10474600	13384600	13586000	12863500	14062800	14164200	13897100	13402100	10862200	13614000	12303600
P30844	3140420	3165400	2502200	2952410	1889770	1899320	2687830	2515630	2101150	3467660	2343470	904151	1123800	1505350	1637070	2734000	2137340	2626690	2095440	1538280	1241860	1898950	2897530
P0A968	72801000	56362400	54589900	46166000	63030500	54057900	44931900	34705000	54152600	51919600	45576500	12108200	7966050	10632200	8257030	10927700	7441190	11053800	10157700	12511900	8808120	8883200	9322380
P75777	7117680	7368570	7878410	7906930	7638630	7373010	7113120	7225670	7272040	7694900	7942890	5809340	6212330	6345020	6615180	6842100	6180930	6991020	7026860	7018920	4933020	6147880	6391540
P39385	1250980	1237400	1409630	1486400	1439450	1360920	1477810	1149220	1374750	1342170	1354930	1097770	1031200	1224150	1352790	1207230	1161960	1316090	1300740	1048450	1059910	1165010	1209590
P0A7X6	19244300	16684500	14805100	14221100	13324300	15622000	16073200	12991300	16407500	15139000	15028200	17024200	14364800	15731500	13624500	14312400	11956100	14861100	15156300	15654900	12647300	14843000	14977300
P75824	787561	563154	398933	934819	1048230	838052	622355	840053	524501	454196	605999	499733	330836	767913	863393	640495	590054	632324	725250	832966	591908	887849	633413
P46850	457821	449519	553711	418560	525636	432576	494569	551687	414326	396221	423784	354484	553777	457794	454890	435728	376562	499818	521854	477273	442964	540441	421821
P0AEN1	10135400	9828410	9907470	9826220	8904610	9162410	10564200	6941480	10565600	9612830	9376550	4658520	5265080	7355440	8285370	8824780	7145840	8086620	8336540	5831050	4305820	6683140	7895550
P26612	3092030	3237590	3809740	4124820	3139600	3879290	4519880	3672300	3991840	3809130	4286210	2772870	3693850	3437460	3634310	3856750	3833590	3524450	3217750	3278080	3531250	3006560	3244830
P38506	1054370	1037350	1149300	771599	1272820	1015220	945899	1114460	1041130	1061120	950492	903896	889903	872500	745229	743190	778645	946928	868307	887009	910902	887643	918864
P08191	993125	922532	1055780	3574180	2440510	2335940	1512720	1673390	2520420	2725450	3512210	980105	1357630	2187870	2565790	3199380	2396540	2728420	2911390	2075670	1466910	1246110	2288070
P0A7I0	6700250	6202350	6051100	5541240	5940050	5788870	5551520	5096020	5957130	5493350	5293750	7502080	6776550	6938860	6189910	6228660	5374030	6632190	6772810	7197130	6308180	6363710	6339780
P27302	77667700	84082700	89006100	69736500	95284600	79644200	70023400	94658400	77529200	82779400	84066400	57676100	67488500	74291300	72298500	73081000	74130000	76389900	74837400	60709300	61820400	74475500	74946900
P22731	11182600	12585800	14627500	12733200	13094000	13205900	13542400	11345100	13283900	13337400	14188800	12392900	11550800	16143600	15153900	15583200	14866400	15461700	14812500	13284200	9287650	14426700	16116000
P42632	3025020	1741990	1111220	2156450	4096830	1997630	1255230	2742300	2152430	1887210	2018000	2771410	3191830	3571960	2437830	2113950	3526270	2897590	2241030	2487060	3591620	2105040	2541510
P0A7Y8	6358370	7232220	8855870	7938930	8461300	8066180	7991950	9288980	7938950	7825850	8503500	11938000	9379220	9305790	9003100	8367020	8860400	9160620	9010550	9672600	10503600	8625370	9776370
P39829	3820280	3696120	3225340	1885230	5291060	2389820	1803290	4122900	2137530	2470800	2240640	698502	628362	584725	808658	673695	868818	898046	949271	1052500	1032700	866571	873947
P75919	429415	395719	438313	641824	475814	416910	715274	520145	539825	644854	504823	343114	424218	346165	404714	347655	343206	375447	394093	316179	455856	288534	358732
P76440	15234300	14676700	9761120	2306080	28633700	9823980	3275860	18880800	5801260	9265720	9030970	1699590	699950	1285770	1205320	961197	1081990	1914430	1590440	3105370	1352680	2523960	1873320
P60438	331426000	311037000	354999000	339474000	395732000	366648000	333224000	340781000	328104000	335535000	336039000	469773000	411337000	493779000	460471000	447582000	439655000	464548000	471240000	478691000	458901000	476714000	475702000
P0A9P0	186048000	203870000	235591000	179019000	227748000	210447000	187692000	223382000	197676000	207015000	225091000	92461200	95979500	106227000	99933800	101558000	102225000	102931000	101838000	99239400	91624600	114571000	110114000
P68679	390839000	349394000	329167000	379652000	323097000	370539000	340352000	290509000	391815000	355929000	330207000	504596000	421186000	393595000	269818000	319981000	266463000	334828000	337776000	399041000	405288000	354420000	383930000
P05793	107849000	111273000	117696000	127956000	140285000	128559000	136158000	122607000	121944000	126444000	131249000	248963000	266254000	319517000	282547000	289726000	306840000	318832000	301007000	299184000	262011000	286926000	324339000
P17315	36599100	40919400	40778900	105440000	34994100	47747500	50593400	28539200	49950800	48066300	55986900	59000100	64317800	71018600	50988300	61839400	64211400	66570600	56899800	88684300	68683000	53887000	65795800
P09394	4283480	3266940	3365370	2475160	3494760	3046610	2414350	2530630	3268020	2972510	2818820	647285	578566	619122	546423	592332	417619	658658	587963	672267	514955	611290	628258
P25526	17351400	19706600	23733200	21407000	17100500	19203600	21358800	21621600	23366600	21663400	22798900	8375560	9846700	9378190	10396700	9797420	10248800	9657280	9269860	9034240	8988500	8003640	9777470
P45523	158148000	128495000	114536000	146199000	119522000	139758000	152523000	85392500	148314000	138096000	125842000	118629000	91498500	106924000	87408200	101030000	71346900	103888000	97560600	107133000	97499900	103421000	109934000
P00914	619324	694745	727180	902026	517287	677255	1007160	644761	700732	687798	663291	698293	939196	906168	950212	828510	1009970	923321	846529	743224	738874	722966	817928
P36649	3406450	4032330	4020170	3752560	4212670	3968180	3907980	4686600	4384130	4495820	4270580	5764070	4591960	6432570	4770200	4460290	4905140	4823800	4608420	6213800	4391030	4487610	4894700
P33590	32510200	27204400	18650900	18307800	42605400	27653700	17266600	27352800	19747100	21706100	17782900	20258500	14752000	15896600	15894100	15657500	15912500	17100200	18559200	19080500	20799600	22028000	18052100
P76594	4963520	5116680	5516210	5690040	5725610	4589990	5265880	5586790	4691780	4938480	5310340	694095	912794	1038630	1072720	989495	1238750	973794	1072580	895240	911153	994901	1158030
P0AEB2	13187800	15554900	16866200	14553900	18302600	15602000	14525000	22458000	15970800	16374400	17418400	21001400	20848500	21312500	22542900	23395800	28929900	22525700	22000200	19914600	18033100	18698500	19243100
P37617	467743	480138	387626	558896	391534	360918	458404	696516	415565	386405	397535	354085	426035	401483	437792	317048	484722	425934	425552	579774	486204	384859	407267
P76235	1006320	878295	1252410	1754200	1405920	1293590	1409010	972170	1660270	1446270	1493850	1219730	1071490	1182970	1383200	1098110	1165990	1139260	1123990	1114390	1180240	1052420	1013280
P0AF63	4330400	3608810	3662480	3837370	4258060	3461230	3604860	4028660	3566040	3420480	3435130	2935040	2103200	3525210	3105000	2972360	3196080	3179170	3546310	3267080	2747510	3404280	3313750
P0AFR0	801079	826899	932151	938413	948630	786691	938981	892877	844362	836560	766491	888232	1051270	1000730	1056140	1086550	1074470	929365	1032950	994861	899023	1029800	973912
P0A944	2670160	2053390	2222830	1881790	2363280	2512000	1635000	1460560	2357990	2156600	1670940	1677820	1608670	2054730	1634950	1775570	1425940	2026710	1837100	2013910	1556600	1547320	1596560
P0ACD8	1441770	1322190	585166	1065080	4057560	1938840	715792	3151020	967244	1329650	1198420	1442260	1174400	1139910	1948480	1591190	2024190	1773260	1939760	1745940	2356280	1902850	1676730
P28904	231348	372049	338150	346839	384366	282948	387627	324459	366491	304089	376433	1832170	1860310	1824760	1497850	1745010	1596650	1788280	1689690	1791430	1477740	2074110	1765460
P0A7E1	26257200	29562700	30724400	30197600	32233600	29059600	28726300	30317000	26364600	30685200	29831600	39491300	43070800	40936500	47324300	41995100	43701900	43098800	47295300	40357000	44798800	44234000	43615800
P69739	351454	248568	211011	168499	1137470	424592	94647.8	594007	191990	379879	308626	216190	197148	298660	417028	384076	394344	476273	493362	553579	321217	640815	344611
P76418	1555340	1462930	1670460	1193000	1691810	1362700	1345240	1720390	1467410	1356900	1417860	1560220	1192860	1450950	1299060	1344310	1500600	1300640	1426800	1453390	1520980	1346260	1394690
P0AAJ1;P18776	429745	533822	325971	77146.1	388409	263570	99994.1	393312	205142	211010	209965	471786	174354	211613	354975	328260	357147	393885	438282	487107	318991	409479	239234
P0AED9	1181560	1242120	1376560	1162860	1392400	1327170	1152740	1531420	1183570	1230360	1302200	1513170	1753020	1777790	1742310	1605330	1767670	1786270	1805990	1682440	1585900	1676870	1679310
P0A9J4	1049800	1205870	1232570	776657	1249770	940787	953047	1285530	991618	1002480	848708	1474150	1646480	1703810	1655490	1643250	1791630	1850640	1711140	1754710	1699400	1524150	1603370
P26647	1512230	1556550	1788260	1646580	1961270	1534580	1466010	2054230	1667810	1576520	1825540	2604570	2774350	2533890	2342540	2100330	2386720	2401820	2636480	2695870	2576530	2481710	2524130
P0A9J8	10123700	10738000	11108800	13464500	10771600	11681400	12986800	10348600	10648700	11443600	11853700	16240500	16761000	18205700	21233000	20652100	20152900	20234100	19762900	17943000	14601300	18615100	20058900
P03018	6618800	6623690	6419180	6284770	7145690	6083330	5770640	7514440	5894050	6642230	6883350	4402340	5179930	6195670	6258560	6261670	6316800	6460230	6260790	5628680	4661930	5886440	6544630
P0AB14	81090500	61433600	55493400	57232100	67640700	61587900	82763900	36351300	71367200	59382000	57737200	48191300	38482200	49251300	44172700	47451400	36279400	48225800	46699800	61163800	41219300	53522100	52379500
P10346	7359710	7832950	8463130	8094170	7060690	7300180	7907030	7910530	8144080	7416480	8674740	6742290	6048890	6014820	6122350	6373800	5953710	6550770	6264230	6178720	5886100	6893220	6594710
P27249	1593280	1588800	1724960	1702390	1740530	1550470	1539090	1794420	1606330	1637010	1623130	1100910	1410240	1411990	1468310	1353690	1621070	1498510	1474120	1222830	1277880	1271100	1310830
P23917	4954170	5012070	6217010	4846820	5545590	5104820	5029460	6493000	4928360	6021580	5532040	5075720	4821520	5688890	5409300	5067390	5242760	5361840	5455040	6495920	5092010	4870080	5096770
P0A7B5	14334300	14076000	13501300	11393800	14918900	13280300	11167400	13875300	12161400	13040900	12535300	12153300	11576500	12297100	12399300	12438500	11878100	12883500	12517300	11811000	11020300	12993800	13706100
P0A832	17400800	16145700	17968400	15691500	16229600	16953800	15700200	15068400	16945200	16289300	15677200	9171460	14358200	19781800	17961900	18473300	17331400	19245900	19254800	18610500	12554200	18592100	17034700
P15028	323721	355727	332503	541484	245153	411096	372467	236925	312462	334516	334183	442493	459016	287454	492734	417113	507610	345474	386235	413729	421788	230109	491881
P0AAT4	2006180	2260960	2239550	2189580	2292520	2047750	2078810	2499320	2157400	2327330	2207770	2677380	3448740	3165250	3121400	3097510	3239440	3268700	3261960	2992160	3228380	3324430	3114330
P07648	5334430	5379340	5282270	5221820	5802050	4631040	5020810	6454900	5220210	5634920	5388160	4518940	5462550	4911410	5878360	5582330	6422420	5376740	5166280	4795040	4620180	5294680	5292640
P27828	2451180	2535130	2931250	2731680	2723360	2635130	2708060	2683400	2618330	2820390	2961170	3578920	4165500	4318320	4135460	4131550	4235180	4116410	4362260	4117270	3796780	4209730	4125500
P37691	2056840	2368740	2532260	2455800	3155820	2194300	2165900	3978490	2510560	2476880	2696700	3086950	3355100	3822870	4056240	3889400	5100810	3921720	4028620	3429430	3141270	3633420	3586800
P27431	10595500	9858020	10632000	8694420	10621800	10371900	9038250	9134380	9889760	9232430	9908690	7161050	8000910	8305460	8228510	7771080	7779220	8326620	8317300	7959230	6758870	8309230	8796250
P76015	4958240	5157520	5643400	4720820	6213650	5172370	5399730	5775680	5166480	5047170	5548880	6923680	6492370	7790950	6921810	7408200	6860170	7460180	7000580	8135530	6571170	8258390	8109800
P0AFM2	56408000	49018800	64427900	55412600	47811600	66291300	88746300	42463300	70784400	63601400	70747100	44355900	42732000	46721000	49861600	57307700	39775800	47834300	48063600	38693200	39070200	49228400	55060300
P0AFW2	84708000	81368800	92047100	71634700	100747000	96393300	43413900	62036600	91368300	95037000	82971700	13834300	9470560	12623400	6232670	5911820	6888990	9550950	8817550	19379400	8774610	13473700	11683600
P27128	302060	336186	453447	321240	388677	376950	320412	303010	354400	398169	402543	322075	279192	381640	451668	491717	388089	472169	449844	313416	265347	376221	408401
P50457	451060	561522	527239	501841	462498	427145	504034	519938	428728	432250	490369	364149	504766	545627	417905	506131	465170	532833	481542	517824	386303	377137	368348
P39406	4334410	4219490	5183260	3996930	5097710	4346790	4246080	5701080	4319650	4457550	4459880	5636000	5991450	5866960	5356730	5824020	5630010	5711410	5596020	5814280	5495390	5557470	5574110
P75736	7922630	6711480	6584320	7040000	7288560	6651480	6430210	5915830	7469750	6987230	6443840	3959600	4613690	4352910	4111450	4206690	4110320	4129980	4698340	5062770	5101030	4243620	4513330
P39830	2252290	2251010	2413720	2607850	2072220	2266350	2563440	2540770	2493110	2339680	2395260	1691290	2664200	2365570	2675640	2433410	2443400	2581670	2450670	2080640	2353600	2226980	2318210
P02358	394201000	330909000	308349000	334852000	300581000	353205000	297376000	222973000	371050000	330292000	296612000	428823000	319630000	347129000	266192000	305807000	220290000	340559000	326314000	323148000	317283000	291604000	317969000
P30863	4632110	4390700	4841080	4504660	4866370	4447050	4281550	4123550	5043820	4892610	4745100	2079530	2305310	2505040	2144450	2067400	2040860	2478110	2196670	2382060	1770250	2093090	2273100
P21369	9044680	7579500	7887360	5968590	7581310	8108110	8888860	6053680	8707700	7880440	7594600	8481570	7425230	7829690	6993790	8251910	6401410	7632880	7362620	8021600	6939890	7181750	7969490
P42641	9634810	8582490	9309900	7435830	11000700	8971560	7577980	9378240	8672840	8537180	8389750	11032100	10899000	10738000	10127800	9735920	10152700	10776500	11317200	10172200	10876800	10113300	9915510
P31979	18018600	18271900	23176700	13499100	22646000	18754200	18505000	23892300	18940900	19491200	21037000	14460300	14970900	17193200	15929100	16455500	15432300	15852400	15650400	15581600	12768600	15901500	15718300
P0A6L2	57349400	62629100	66045100	46134700	66755200	58437600	47599900	63230700	53934800	58107200	61376200	64896400	58631100	63403200	56366000	55308500	57305900	59331700	57668800	63626500	64285600	61867700	61682500
P0C018	309721000	249450000	279340000	313586000	323086000	342915000	314443000	248470000	328463000	309668000	290967000	293875000	261452000	354813000	305747000	318506000	254050000	329982000	323528000	392531000	270595000	399006000	411576000
P0A8N3	33843200	32348300	35167300	31746100	35790200	33008800	28964400	34182200	31368600	36262000	35835900	32960800	36375000	42162900	41814700	40359200	39281200	38808100	40139000	36109600	32162200	41113400	42257500
P26616	8066400	7940560	10266500	6994390	10316900	8805260	7562320	10357800	8155820	9040560	9196270	4816890	6195520	5959940	6233170	6210370	6418590	6341100	6393110	5778170	5885500	6142250	6487200
P25534	2135240	1969450	2157550	1832420	2610080	1990660	1715410	2355840	1983950	1946960	2178690	2436500	2675830	2655690	2306580	2155830	2409440	2451840	2625150	2653850	2448170	2561520	2440190
P0AD10	20779400	15127900	12887300	19630400	13474600	16235900	18479400	9993290	16465400	16510000	15565900	14463500	11138300	12741300	10431200	13210400	9750380	9883030	9740180	11877500	12034500	10383700	13895500
P77243	595881	609500	580966	1104780	407228	644895	1147260	456680	778519	705642	824561	NA	54201.4	NA	757451	NA	NA	NA	NA	NA	NA	NA	NA
P37766	394097	163147	NA	141741	323751	NA	NA	224616	NA	NA	NA	198404	259326	274643	580364	500662	393549	473412	426109	220538	402779	341386	427276
P04693	19181200	17975300	22803300	21265000	19603600	21253800	20878700	19373500	20842200	21558600	23653500	20639100	23147400	24186500	26416500	24384900	23581900	25292900	23453600	21737100	19662900	24347500	24293200
P0A6J8	14598400	14320700	13443400	11947500	15318400	13602700	10341800	13550200	12540400	13023700	12240200	9283330	9063310	9617320	7656700	7949820	7772030	8623500	8837900	9746960	9727610	9869870	8667210
P77561	589720	618441	715966	936656	829895	742485	655700	838926	764977	651178	879045	504139	584067	555341	646427	496572	673770	532486	483675	424803	417033	531506	533160
P0AAH4	1385600	1349930	1534250	1451020	1777500	1555990	1332220	1603440	1376850	1582900	1401430	1637780	1655300	1881260	1817080	1780820	1854850	1789310	1969650	1779270	1576380	1817710	1978030
P76542	19999800	16463700	16811200	16078500	15057400	14778100	16808000	16776800	15916400	18726700	17450400	14797500	18215200	17817600	19005500	21544100	20705900	20425500	19006700	18562200	13821800	17316100	20055300
P76403	6901040	6819860	7527110	7087680	7883190	6928590	6571010	7218030	6530360	7367240	7384680	5480560	6678760	8055400	8727410	8748540	8197550	8091830	8648090	7029700	5861990	7482620	8010900
P0A8G0	2274100	2293420	2317690	2200420	2505890	2201950	2185760	2499780	2155740	2214080	2250100	2491130	3002130	2815100	2920820	2778860	2860990	2826370	2937590	2683070	2823720	2773280	2945370
P76245	539736	642854	672482	739340	759563	605398	578700	620047	459596	561719	687675	802058	748729	881570	993149	907186	1078940	1020190	924982	677392	701212	825866	868654
P77732	74225.6	NA	69027.3	82137.4	119660	40929.7	NA	62670.4	NA	41408.1	103433	NA	NA	NA	NA	NA	NA	NA	NA	NA	NA	NA	NA
P0AE88	53137200	39577200	38719300	45216800	43184200	43361500	39463800	32380700	45469100	39133700	37520200	36867500	26696400	26624600	20099600	20948300	18934600	24300200	25188900	28687500	27797600	23094300	24308700
P32160	4981220	4087210	3905060	4737940	3145640	4148590	4599050	3212310	4557430	4026300	3802360	4017620	3991930	3888900	3296260	3280940	2605500	3230990	3575990	3906330	3795020	3435200	3527080
P77562	2109060	2476080	2647040	2061080	2841340	2423460	2161330	2997910	2620330	2472790	2527940	2808670	2656990	2495540	2650540	2580410	2636280	2520190	2621500	2718490	2667660	2502300	2512890
P0A9A2	2485690	2281090	2472290	1764870	2498100	2029420	2049260	2066630	2197290	2368930	2440990	1297390	1036750	1270060	1103270	1171370	1029240	1221230	1142050	1250730	1128410	1622060	1521410
P0A847	5485610	6166890	6212560	5390350	5889930	6358370	5900470	6122910	6139740	5939870	5842160	7363090	8609500	8426430	11124300	9350120	11035400	9390250	10213100	8568750	9571570	8768610	9289870
P77615	592964	755177	463418	857310	561343	758405	867055	479513	673524	829286	727098	380361	158995	706552	722026	367297	696391	357732	519339	410326	270012	601678	515184
P21865	1258490	1238330	1308150	1257080	1187050	1217390	1151400	1564580	1072460	1093880	1311480	1004720	1060660	893183	916641	873471	1189110	1056710	953681	902508	967165	738575	889001
P37672	203591	135963	181163	219733	287390	109608	NA	189994	137748	116128	164298	NA	NA	NA	NA	NA	NA	NA	NA	NA	NA	NA	NA
P0A6R0	22062200	24092600	26497800	23722500	27624300	25148300	23455500	24098800	22322300	25338000	25917200	21915200	24191200	29377500	28117900	28171300	27551800	28808900	28427600	27185100	20301000	24797300	27466900
Q47679	1406410	1403150	1504380	1355420	1477570	1511440	1557840	1451090	1454270	1614080	1609880	1285660	1398910	1520810	1612640	1630800	1623950	1680750	1562750	1556740	1401210	1403800	1582530
P32173	1960380	2033100	2152810	1538320	2221340	2009840	1519310	2054790	1882060	1952120	1820780	1655990	1304890	1794630	1696370	1663390	1557450	1784420	1665120	1845870	1217920	1412060	1505890
P76062	10544800	7580740	7728040	8461760	8139450	9001170	8659270	5035620	8762010	7293750	7353930	6290850	5115520	5981870	4795750	5496310	3659030	5667490	5935350	6192620	5830430	5673160	6181620
P0AD14	872494	804296	753900	874524	842289	776279	706176	666675	740707	801131	736848	112069	142307	132828	200189	118998	204699	222503	174113	121470	63043.2	184783	157066
P0AAG8	4200740	4142920	4470720	5016710	3638860	4036410	5077890	4334330	4427570	4546250	4737290	192033	253645	270496	330295	307712	288477	295584	295521	313176	269904	182085	366579
P21514	4990570	5835510	6417120	4519400	6456700	5687620	4512890	6545700	5632250	5522220	5504110	950239	1287200	1163590	1104980	1198230	1268980	1385380	1257660	1173320	1434490	1353260	1294690
P16384	2383870	2533010	2698080	2876600	2963060	2791420	2632860	2373450	2679940	2556460	3044450	3116340	3530870	3330430	3571070	3645660	3793420	3678480	3803500	3374400	3230700	3249120	3592840
P37774	9932700	10276900	12865600	11685800	12197800	9322110	9542390	11815700	10275200	11211700	10656600	12576200	14834000	12965200	12043600	11567400	13608200	12777400	13389300	13077900	14467000	13361100	13568400
P77256	2477600	2652270	2700100	1824590	3277100	2182650	1507750	3218030	3057930	3200370	2349170	1679290	1912820	1995630	2631290	1910100	2363460	2695290	2427590	2570940	2406530	2637730	2143170
P64540	24735900	20767400	23110100	17794000	21918300	25227600	20050300	17747500	25575100	21515400	21562200	27317200	23509900	22116700	17166500	20073900	14637500	18064400	20059400	22345100	22506700	19226400	18966700
P69811	2458610	2184100	2163280	2888030	1798870	2329850	3012010	1826450	2447450	2160770	2262600	7593380	6846640	7987390	7281870	7599770	7227250	8372360	8482690	8813720	6757890	8392350	9364360
P32669	1419580	1236920	1272510	773250	1755620	1087600	784224	1439940	995160	919257	966947	623388	548910	424161	274680	390800	409708	410730	372916	600816	470190	337335	339491
P0ABT2	228667000	220423000	210946000	300992000	321803000	285967000	303559000	224949000	314156000	260956000	257106000	230940000	189139000	202585000	207875000	148949000	160326000	183969000	211099000	209034000	209631000	165817000	214303000
P69902	2290810	2306800	3382190	4077660	3411410	4005900	3387530	2534270	3673390	3591800	4232400	1598500	1718040	1813110	1608080	1320110	1822330	1407480	1583220	1401770	1132620	1091440	1280950
P76049	2269100	2204160	2518440	2754710	2528520	2399520	2889930	2951010	2755710	2585130	2587300	2021600	2374380	2254460	2322240	2269440	2242380	2378660	2526770	2491220	2341650	2030040	2334060
P0A6L4	2367510	2748560	3243400	3144410	2369280	2760760	3580880	2507040	2836150	2878660	3244690	824055	966819	685914	792036	841954	1049750	1003280	1246120	1075820	1119380	952040	1040690
Q47537	510651	451821	547146	505615	350899	435392	594568	275011	616657	456981	501901	270275	213611	300358	295736	327202	194396	243474	283342	277050	167208	254471	346660
P23909	2173550	2365450	2575350	2247230	2625780	2200180	2077930	2983170	2180140	2354620	2381450	2438680	2604450	2677400	2599340	2605660	2891960	2674730	2620170	2410060	2580440	2594990	2644630
P0A8J8	20551100	22134900	23645700	20291200	23065200	22176200	20423500	21835200	21271700	21930000	21429600	23987500	24282900	24614300	23123400	23674200	22516400	22897800	23958700	23932200	25289300	23852200	24741800
P77737	33617600	32498800	27371300	27905200	56301800	34249100	24328600	37623200	26727800	28864100	28613500	42917100	38940000	38013000	40560500	41146200	38634100	36716800	39027600	38514300	46461800	55912700	45396200
P30136	19503700	22682300	34349500	29309400	20351100	27321200	28763200	27283900	29117500	27856200	30959300	25732500	28012100	30039900	25725900	26400200	28117300	27505500	26180800	25969300	25638600	27125300	27351900
P77690	1692510	1987200	1866460	1834450	2838980	2028090	2047770	2096000	1562590	1887680	2167440	1494440	1704360	920459	1559410	1310850	1196000	1583870	1112450	1130740	1681010	1435520	1443090
P0AG59	69141600	72880300	70294800	66640700	78339700	76127800	70899600	76254200	85151100	78135700	73277000	73580800	68959600	103718000	72891100	82271400	67895900	85061800	80253600	80999100	88861100	102671000	107740000
P76507	378021	376985	436219	393880	172735	368549	387231	251132	482014	434901	516758	680599	1370950	1077360	836156	824211	970042	1023680	960391	813905	908227	942492	1139730
P0A7S9	122312000	189649000	180103000	150846000	206757000	181843000	160889000	262291000	197593000	173754000	174681000	382582000	273920000	266034000	179801000	186949000	188002000	216111000	216363000	265828000	309617000	307599000	284587000
P31069	3216430	2836760	3033710	4799520	2487110	3707240	4649090	1864010	3711940	3257150	3465370	3432560	3005000	3868740	3944580	4024490	3154810	3948460	3690650	4011110	2911640	3444410	4099320
P27300	1105890	1015000	1208650	1343480	930263	1055510	1062840	1290120	1080710	1181540	1181670	2154270	1795020	1536670	1596640	1454970	1550980	1460140	1698800	1669690	1765340	1373620	1736140
P52612	309244	471597	484327	925645	198848	759244	575939	319246	625423	507812	744222	NA	59717.4	121068	NA	NA	NA	NA	NA	157985	100216	NA	NA
P77529	18629600	22720100	15714100	15818100	14010200	16266700	18967000	15276300	20191500	16555700	17322300	15678800	17618700	19536800	21812000	21307600	21724800	22355000	19072700	17085800	14156400	20657400	23756200
P04395	554623	479180	456283	573938	508745	468636	600322	396578	539072	522025	604777	352878	439974	408408	560836	551346	429319	462001	528390	417825	406391	448479	444557
P0A8M3	26640300	26916300	30144900	21249900	34901100	26378300	21302400	39608400	25021200	28711800	29024700	25546600	28581300	30195700	27593400	28166600	30972300	30193400	30632800	26408800	26182400	33077600	30858300
P77221	245680	202358	271947	269817	297611	173455	211669	262104	105929	175154	103200	209525	309957	301568	217538	195554	299192	101755	367350	262962	212485	215315	220710
P00547	77947900	78621000	80178700	78916100	88591400	85028800	83804300	92907200	77732200	74079100	76200000	79400400	75041000	68937400	60994700	64602200	65268600	65173100	62884800	68038500	76767400	71424400	71440000
P0AES0	3287330	3225090	3294510	2908260	4092410	3142180	2819570	4363970	2853410	3193190	3151370	5135540	5439880	6091940	5950790	6201270	6226660	6136470	6219090	5699760	5525080	6451240	5911150
P0AFT2	3690780	4819900	4291660	4655950	4025010	3965330	3642350	3845980	4033350	4142140	4091460	4370310	4150350	4089050	5107910	4600220	4241610	4571070	4440810	4074970	3855760	4757280	5026710
P0AAP3	11715100	9391110	9678160	9469010	8184450	10324500	9295470	7695000	10967700	9384470	9302950	12530600	9425110	8025420	5798580	6921670	5144870	7240590	7510080	9743720	9581540	7500470	7150280
P77280	1175530	584850	1066150	609843	760835	745021	484381	651009	734940	927037	757038	794973	723471	585017	392999	269336	NA	634535	953054	674857	687450	744660	872510
P0ACU2	433457	362560	347312	443460	383124	330276	373352	545112	347842	377064	435669	563243	390171	367344	362210	406705	705839	365886	425397	377681	509517	326239	326683
P0A805	388674000	302624000	286428000	363066000	291696000	352764000	386087000	176088000	358420000	343603000	314846000	228593000	177359000	258928000	226752000	251431000	174693000	256404000	260394000	262377000	167699000	257115000	287138000
P0A959	2799060	2671870	3719250	2963750	3588920	3044050	3076950	3168180	3106310	3412690	3785500	2814320	3167870	3746060	3489130	3492310	3486420	3752820	3610740	3665050	2657780	3017480	3630440
P0A759	9160950	11404600	11267600	14419900	10710700	11470900	14798200	15048200	13793700	12132300	13770500	8538450	7863360	10094300	11528900	10612200	13610800	10499800	9232090	10026500	7781330	7732040	9389640
P08244	12851400	12879200	15004000	11786200	13131200	12635500	11303200	13257300	13128600	13087200	12277000	13603000	12867800	13799200	13691600	12707500	13433900	13533500	13366300	13781800	11819700	13292900	12868500
P0AA99	852537	930259	647099	1248300	599569	790564	1071510	648296	816303	621426	766534	1717030	1700250	1281140	1886980	1661000	1456740	1198310	1494230	1240330	1402840	1277420	1489380
P26608	NA	NA	110128	548996	NA	331601	248264	NA	264831	154131	140061	NA	NA	NA	NA	NA	NA	NA	NA	NA	NA	NA	NA
P25666	202557	108620	242671	327469	174306	250365	249437	228338	248067	236159	297737	311859	368639	367946	467772	445085	444536	385275	443929	423921	443843	319024	394987
P08368	1150100	1120820	1202930	831009	1046470	977610	898388	891621	953748	861290	981324	1011860	985305	907928	674534	654755	737126	888701	869490	742851	752590	742667	778259
P77439	7989.75	NA	73798.6	58849.9	71860.3	26257.7	42229.1	40815.4	NA	NA	NA	NA	30272.2	42352.3	81831	76079	64989.6	70263	31986.7	37865.6	31736.1	38963.7	36038.7
P76257	3099590	2484300	2305730	3322310	2488100	2184180	3418350	3077050	1797740	3189080	2764320	3049040	3749670	3940760	4167620	3910570	4298190	3525120	3290630	2779040	3822970	3146120	3867960
P76399	164979	NA	267396	216311	274846	120475	NA	226306	163199	NA	NA	53798.4	256544	211559	218436	103242	220336	179264	192974	148724	166386	196854	259297
P0AEK4	98728300	99943400	110346000	96588100	113132000	105421000	96714000	111358000	94012200	106190000	114953000	115172000	103306000	117300000	116601000	109949000	113851000	118822000	113764000	110802000	99009100	109411000	127900000
P31697	7170120	6329440	5079500	16783200	11157400	11469800	8652910	9996950	13434800	12140900	15942200	8569690	8022900	8208130	7758930	9888230	6758050	8808320	10075600	7392550	9826220	5975550	8567590
P0AB01	934356	1027030	1117630	956109	1163610	1017330	885797	1171090	932881	960995	1019580	750210	860589	994829	926361	949703	968928	1012770	1013100	950094	830919	879249	982214
P77395	12516300	9988010	8880680	14185300	7955490	9563210	13007300	5141010	11246500	9493440	9815110	7786120	7199010	7297220	6761680	6629290	5416630	6932250	7088740	7438450	7234100	5453390	6924280
P18811	782863	667118	704091	759337	657238	641612	520962	647012	628233	651544	621518	530010	658638	590888	591117	532261	559335	540051	575975	553329	526167	661501	702935
P0A790	32222400	31088600	29552600	23341100	29101400	30850600	26846100	28718700	27285000	28218400	26498300	29804800	27197400	30532200	32010000	33436100	32156200	32072500	32288500	29214300	24365800	34546300	32231000
P60752	6245040	6634240	6879790	7465830	6992500	6312820	6913790	7157190	6429510	6496970	6603370	5758950	6590320	6836110	8531510	8259030	7898840	7804170	7586190	7011010	6812080	6984280	7493240
P39342	4646520	4778620	5267310	5311120	4815260	4738630	4997530	4548330	5343610	4835410	4926330	2907610	3070300	3528090	3458580	3401450	3686570	3493600	3551520	3467190	3085310	3232000	3410900
P68767	18501900	22113300	22774200	20885000	22234600	20372900	21398800	24007000	20530700	21264300	21203500	21305600	22844700	23061400	23371300	23224400	23735300	23018500	23514300	21830900	23366100	21714800	23005900
P45544	1627260	1594360	1713580	1281960	2001090	1748210	1380720	1842740	1477630	1749440	1753400	1558610	1396410	1402050	1342740	1330960	1281670	1489440	1508810	1516130	1230610	1397630	1441650
P0AFB8	2378070	2293660	3004740	2471040	2864000	2551460	2462340	3069530	2490780	2687620	2852120	4043730	4237810	4414070	3939640	3767200	4055550	4213010	4128880	3807420	4249560	4177490	4347470
P0A7B1	3524390	3811560	3920310	3848940	4005690	3663390	3859920	4221660	3760160	4140380	4266830	3577760	4349690	4065500	4312610	4238660	4574240	4302600	4353580	3696630	4386040	4051280	4212890
P61887	1639910	1693560	1921150	2051580	1836270	1766830	2021680	1468880	1758420	2022420	2295170	2373280	2314660	2463650	2718160	2912770	2562050	2549680	2623650	2358780	2469240	2574710	2820080
P77804	21785400	23489900	26170200	24090700	27389000	24495200	22923800	25571600	24607200	25344200	26277800	21355600	23861800	25215500	25727100	24239700	26592400	26750800	25588600	24181700	22984000	24382700	26518700
P77247	11713100	11397000	13329700	11057900	13050900	10946100	9608940	11696200	11010000	10718500	11646600	8480080	9886810	10108600	8360530	8251100	9189110	9420360	9549560	9339160	9215400	8020610	7997430
P69908	4388250	4619240	7300350	11330500	6424390	7658910	11803100	6926980	13247500	6810840	6811630	1007690	12219300	2222920	3967540	3523390	4563900	4105780	3962860	5078770	NA	5610190	5530960
P76176	2697740	2281890	2221820	2291360	2027120	2153290	2381160	2205490	2644510	2264450	2247220	1971780	1510800	1693640	2090620	2422470	3520260	1870850	1883110	1948820	837853	1899990	2082260
P0AEC5	783054	777397	921881	926767	916887	819178	874125	984966	802096	827184	947134	821128	932303	864640	934844	840186	953761	858492	843283	746051	855467	772900	815947
P08395	2747030	2981610	3441020	3014140	3068160	2843890	2977550	3724840	3004690	3123280	3306030	2790720	3343940	3499390	3668570	3591750	3952110	3544570	3536880	3135500	3260810	3127310	3402470
P0A6T1	32449700	33153000	37669800	39249600	38205600	35945300	40116400	38345200	37060500	39826100	41628500	66480100	73300400	71140200	78941900	72351200	78931100	76904200	78940500	68538500	80441700	78419600	78700900
P0A873	7069200	6658840	7017120	5349320	7030930	6721600	6265690	6576220	7223190	6454160	6487620	7796940	6841180	7655300	6534770	6793840	6950080	7206060	7275110	7515100	6192000	6895990	7295910
P03004	5304410	4947580	5800270	4961530	5500450	5377860	4979860	5138360	4769990	5526930	5731000	4662080	5139510	5525590	6181040	5762660	5782630	5752810	5757960	5202180	4422060	5420380	5444380
P36562	1289930	1518640	1544650	1186520	1630240	1482260	1159850	1860650	1408590	1341270	1363840	1342440	1600700	1537220	1540710	1337550	1517010	1641880	1652870	1597090	1121740	1516250	1599430
P0AB89	23466100	24669900	26938300	24088200	26536300	23718600	24252200	26303900	24283800	25083400	25822400	30060000	33564300	31632300	32326800	33731100	31818100	30097000	31790200	29103500	32055800	30494400	32290700
P00811	2856600	3000590	3298000	2533400	3310170	3189140	2926670	3673550	3205750	3124950	2857070	3134960	3761720	3741240	3400230	3387140	3751630	3457870	3748310	3851710	3223030	3385040	3536900
P41409	6852130	7128070	8110020	6658520	9353940	7122080	5695560	8189920	6993040	7354710	8029940	2054720	2360220	2552430	2298400	2236910	2406500	2566820	2751210	2812480	2344980	2622880	2370840
P0ABZ6	38387800	34030700	30754300	30764000	29786000	32485800	31134500	26827200	34676500	31377400	29832100	25844500	22874100	23486300	22671300	23148000	19115600	22789800	23789300	21758800	21109600	21171100	22742900
P0AF93	573451000	541323000	515133000	579957000	546974000	583288000	551011000	390576000	544453000	611430000	512157000	214994000	200456000	278500000	240986000	308056000	193632000	225582000	260924000	242577000	252127000	296094000	274273000
P37661	3179340	2863780	3873210	3596880	4114690	3211060	3459710	3322330	3242710	3806630	3592130	1187650	1219170	1366360	1440560	1482560	1357410	1405890	1449340	1443920	1176220	1628900	1756550
P0ABD5	36941300	41105900	45627400	37654200	46326100	38733100	36336400	50769000	40168500	39588400	39153600	49550500	52252500	48366500	45428500	41891300	47613400	47159400	47511600	49593000	47109300	48228400	47654900
P05020	69686400	79279400	89772600	72256000	88829000	81504200	68993600	94932700	78351000	80458600	81037500	93706600	85023600	85080600	78820700	73018900	80725700	83057300	77089100	72926900	97542100	92877100	88379600
P33940	8096200	8384960	10330200	7952630	8052970	8904120	7976850	8318600	8090400	9293260	9853660	3329590	3225140	4417310	4750900	5305790	5006980	5161370	5122740	4892420	4257500	6015400	5369170
P10907	2146640	2578950	3814640	2928970	2968910	2258010	3671080	3441830	3097110	2664920	3206890	2386790	2162900	2793030	1881330	1650050	1909170	2265910	2086900	2339580	2127020	2252130	1918680
P76562	514468	555625	535614	400612	696576	499543	420964	783316	641323	554127	711659	655189	672653	707949	699645	653662	718248	685908	678850	624512	699903	692524	651229
P0A9F3	7735080	7240970	8470540	8300760	8344620	7815300	6838930	8407180	7547130	8407590	7843820	7873800	9105630	9586750	9938730	9118730	9158730	9804690	9848420	9123960	8729200	9067080	9280740
P0AD68	2060930	2491730	2680160	2589700	2486600	2502050	2398480	2563550	2433620	2667310	2627810	3336040	3309390	3567050	3382910	3098600	3437130	3370650	3416140	2982200	2970250	3344400	3237310
P0A6L7	993279	1053490	1066720	1802080	957229	1076540	1670790	866446	1035460	1039280	1048360	837027	695586	895315	980158	909803	794991	803628	907251	708332	985568	870421	978041
P0A6I6	952468	882937	901770	1112990	914457	1008110	969823	717605	1010340	982176	981735	908344	1062970	1366110	1286640	1211420	1226070	1517710	1367350	1326570	1003860	1229140	1362220
P0AC62	152125000	118058000	102271000	133008000	96009400	132624000	139209000	70286200	146458000	123975000	112343000	107248000	80240800	86324600	72207700	80893500	56388400	76947300	78535700	89042900	76420000	76426700	82594700
Q47150	6345410	5082060	4344320	5272540	5003950	5089160	5620640	2674450	5014020	4488260	4446720	4256900	4121330	3584790	2906450	3224020	2472920	3361840	3489380	4314180	3133400	3717530	3990230
P75949	6929920	7334300	7712640	5513110	8640670	6586120	5834790	8580710	7066230	6788930	6548180	8757710	8315820	8756690	7928800	8213320	8254220	8689670	8562790	9029230	7434250	8775390	7696300
P65807	600937	592735	584426	361437	967225	552143	387424	779365	515105	735507	805018	234025	249370	352104	240268	360686	287336	391229	379950	327952	188021	320362	353347
P0A7A2	4795580	5088860	5490440	3795300	5530870	4536230	3804180	5623400	4605760	4651750	4728040	4615250	4225450	4539100	4237170	3816700	4487130	4460720	4544600	4614490	3821070	4481180	4229890
P76520	1604950	1276850	1634750	2316450	1311460	2081040	2199250	700567	2305180	2039400	1918480	1178800	909769	599453	706959	748136	562479	800314	714963	923859	928380	428291	698260
P21499	14926600	15739200	16917300	15047000	19450800	14985300	13525300	20262100	14698700	16232100	16625000	13135200	15157900	14719700	15234900	15154100	16521100	15317900	15220900	13604900	13414600	14913900	15318500
P30176	2434710	1603830	1401680	1016650	3187230	1564590	948954	1295050	1356130	1626880	1345280	478669	214522	358115	245075	219753	219108	361826	358467	453176	398250	466043	384529
P0AFX9	12287400	11110700	12427600	12178100	12881600	12755100	12694000	11879000	12620400	12495500	11993400	12632000	10738800	12133200	12663100	12230600	11795400	12267400	12568700	12984000	11147600	11331700	12470200
P40710	4126390	4615150	4544910	3520200	5296860	4120980	3541400	5109160	4354170	4451240	4712590	4103850	4516640	4688740	4712780	4639010	5015390	4785550	4280430	4675180	4213900	4911360	5268300
P30015	365670	381152	519326	464848	594728	404501	379391	656995	381387	354157	441518	323198	346930	339241	333508	318530	384910	330790	368698	351917	332182	375294	318921
P0A8A2	20597900	17312400	19656700	19688300	19211600	20247700	17841200	15216000	20292500	19485000	20559300	25845700	24118500	24406800	20933300	22975100	19278400	23507900	25732200	27634800	22931300	23983600	25429100
P28903	4867020	5452340	5442950	5082430	6090210	5004980	5339970	6693980	4894040	5600460	5538990	5883340	5701910	6346430	7893780	7400230	8851940	7162130	7133250	6715840	7243590	8113300	7242810
P0AE70	17852500	15951700	14266800	13987000	21003900	15856000	14877100	12821200	17450100	15220300	14368000	15658600	9306970	14278800	10199300	11491400	10142200	9499910	12026800	13374000	13106900	12052800	13558900
P00393	25790600	26390400	32615300	29790300	24462300	25936900	28625400	29923800	27509700	29379700	30888600	24594900	28985700	28640300	31611200	30283100	29053800	29160100	31614700	27536600	26990300	29038300	30709200
P37902	219080000	175309000	181329000	185010000	160632000	195407000	204271000	129761000	211143000	197823000	206348000	84549900	69361400	89520800	71625500	82161400	61801300	81738700	76897400	84029300	65073200	78610300	87663100
P39172	310969000	270985000	345841000	203275000	391999000	380697000	215372000	263127000	278594000	341078000	306579000	799961000	644195000	684621000	574878000	623747000	534652000	659857000	633081000	397361000	513495000	693315000	689471000
P0AG14	8196630	8701870	8738160	8752670	8934850	8749030	8522880	8626040	8618600	8582640	9153260	8977450	10064800	9915710	9693390	9931540	9916010	10434700	10176300	10212100	8799440	9597550	9714440
P52074	387867	484272	714683	346071	891514	443482	316589	569598	498652	508391	627227	113990	115833	64702.9	108862	111235	115003	93662.2	110337	76295.3	113758	62013.6	90831.8
P0ABH7	363041000	400894000	492178000	360097000	459733000	433703000	353604000	429185000	410992000	472729000	497934000	118564000	120959000	140701000	124219000	132457000	138804000	140468000	136914000	125539000	112517000	127075000	142418000
P07012	29961600	25472600	24595900	21231500	25795900	26388800	22006500	22222600	26315900	24283500	23893300	25569900	21506900	25441600	21227500	22112500	19060000	23398300	23330100	24961800	23164400	22376100	23160700
P0A7K6	157190000	144603000	150609000	147243000	170085000	164108000	170074000	131184000	153849000	172224000	157797000	202504000	176806000	216267000	233767000	239367000	187809000	225871000	218712000	211520000	201315000	230290000	248428000
P0AC84	4148350	3566880	3797700	3579650	4170630	4049820	3599610	3518970	4258420	3835920	3913840	4072800	4103970	4054120	4362070	4304320	4588600	4384910	4529130	4232680	4258140	4314380	4446010
P76076	4781470	3859100	3851630	3779220	3403070	3869940	3897420	2587630	4328400	3737410	3364870	2651560	2298640	3057050	2681120	2575680	2375070	3174970	2904420	3452290	1609820	2397730	2991840
P38134	1063980	1134690	1039820	1122820	826874	1135770	1203680	680012	999466	1071960	1042810	733306	933382	1067930	1151910	1343540	1475090	1351480	1245620	816595	728384	991274	1178690
P0AF06	959754	891871	1497610	1957020	121223	1614210	857781	164586	1481100	1169460	1254750	NA	NA	118222	543000	869849	480699	708998	750851	NA	NA	381300	320299
P69783	195487000	181140000	145599000	200713000	146181000	180868000	190185000	117145000	188419000	160460000	148293000	171669000	129762000	150177000	136378000	137638000	103085000	143109000	144452000	138348000	138312000	124886000	145732000
P0A7D7	107094000	114027000	126445000	96996700	132089000	115406000	96129600	133113000	114076000	113229000	119241000	103009000	92688300	100182000	95974000	90934500	105700000	101739000	94650200	93601700	100608000	102313000	102447000
P76340	675210	513056	661403	646442	674691	644830	443410	619609	652117	549620	743334	885561	902753	593519	673237	617365	592455	621728	400601	709284	739089	706161	651105
P43341	607320	825075	971127	773575	973801	882750	1034040	943001	738562	778924	971130	667871	796606	904465	1109900	1135560	1044280	1037780	929674	841493	712510	852783	901054
P0A996	209680	241224	252658	120049	243424	200494	102754	323345	152815	270544	298829	88662.6	55571	44032.1	34815.8	NA	55392.6	95374.6	33420.4	38562.5	53166.7	376693	345434
P37005	1152450	1272370	1406530	1163650	1380310	1199330	1281620	1289510	1338700	1287610	1314000	1709400	1797880	2058220	1886380	1942020	1941950	2065440	1984100	1984070	1547490	1987840	2163070
P0ABP8	39506400	37959500	43258000	41897600	48943800	43722500	42472500	43155300	41983900	44635900	42601300	42629100	39159400	41814100	39471000	38740800	39269500	41232400	39203800	43360600	42829300	38183500	40311600
P0ADG7	73793600	80712000	92887100	69656400	97945200	79515600	65750300	88170400	76012100	76048400	76629100	113497000	113311000	133767000	139366000	138466000	136093000	134048000	132240000	125622000	123012000	140753000	128864000
P76237	962783	1066680	1073970	1201350	901954	884208	1188760	1141810	1043360	1006080	1136030	309143	421797	601839	621696	668773	704141	682630	638683	587761	329502	482020	637953
P0AG07	36086700	32842400	35748800	32316200	37112500	35389000	26938400	34854500	31677400	29656500	29066900	30461200	30215700	30212400	25145800	23029800	28720300	28107300	29439000	34323100	31346800	23778100	24478300
P0ABF6	10195700	9659920	12071400	8485790	14081100	9466660	8314030	10758700	8931030	9535000	9644160	10416500	8558360	10255500	10005800	9708500	9177190	9632120	9061530	10922300	9287610	10108800	9955890
P0DMC7	39710800	32870200	32518300	37280300	35885800	36433200	33105000	26710300	33435400	31651300	30983900	34452600	30100300	32467700	27951800	26514300	24320400	28961700	30644700	31695500	31483600	26350100	30101200
P32176	757825	973862	780286	1287330	920371	780644	1309360	1078540	905112	796895	969532	339186	364751	548300	759070	682781	946276	573531	1052550	369839	286797	411239	562900
P36655	1870410	2039880	2018830	2069230	1860650	1833320	2126370	2484560	2096560	1967580	2206220	1436210	1555810	1857880	2229270	2408140	2934520	2152280	2077270	1634520	1382110	1818000	1829780
P30749	18362300	14876800	14096600	12665100	14888700	17926600	16863600	12803300	16975100	15905600	14886300	18156900	13363700	14437100	11498900	12432900	10606800	14602500	13920300	16151400	14163200	12849400	13167000
P36928	1738560	2029610	2360820	2012690	2377950	1944430	2069770	2113070	1862980	2138340	2185060	5164230	5186930	5132280	5275280	5066270	5096170	5340960	5127900	4179520	3886450	4617660	4961850
P31060	2491610	2514690	2716230	3168460	2717440	2654260	3171810	2427240	2678190	2756310	2927650	4180750	5000950	5586500	5319840	4967180	5275940	5657920	4990170	4919870	3665970	4085560	4809430
P77712	1471680	1333320	1513700	1925000	1064590	1387760	2056950	1172210	1771960	1465830	1665050	344413	225202	354329	483617	528905	270325	368025	325385	298263	236234	294690	379933
P0ACR4	1144770	1193870	1273650	1245170	1475290	1315030	1450840	1223050	1323750	1377130	1375060	1547700	1469710	1672700	1685730	1614090	1637160	1734850	1583370	1478970	1457710	1592800	1767730
P08178	23007200	23794100	28787300	22372800	25226700	24599200	25187100	25533100	25149300	24860000	26059300	33388600	33662200	31057000	30051000	28939000	30103700	30007400	32528600	32703600	32845700	31201500	32181900
P52007	4128480	3670130	3882760	3023120	4403560	4067760	3358800	4454960	3981110	3419160	3297700	5320600	4137140	4476930	3756110	4235230	3357360	4243920	4356980	4441430	4838650	3609160	3695230
P65556	5642040	5233670	5096280	4727600	4839060	6229360	5335130	4880820	6139770	5446300	5448110	5630850	4553220	6418550	5597700	5721780	5061690	6299210	6263990	6139790	5444980	5582720	6237230
P39384	3364010	3013290	2510690	1981560	9954640	3421720	1504140	5389830	2277660	2877010	2398440	3834740	2464570	3037490	3328370	3048130	3124050	3512550	3194180	4039060	3783870	4932370	3807410
P0ABU5	41425600	34726500	40998400	30859900	43777200	38800600	31848600	39235200	38088400	37386100	38231700	30376200	26102900	26090900	24792900	22536600	22509400	26307300	27035300	28458500	25926900	29639900	25897400
P42593	2929270	3257750	3807760	3163660	2896870	3118150	3989020	3709980	3866800	3522850	3871100	349758	460629	451791	625294	568632	631810	494304	598428	440389	507930	269407	606522
P04391	25849300	24342300	30885900	18161900	45981100	25935500	18982700	29816600	21594300	25944100	30100500	31893800	28822400	35985000	33528000	33941300	33173300	32776900	33475100	32421200	23696800	38899700	34087000
P16676	5920500	6353800	6403550	6956520	5970830	6259820	7660740	5755950	5741440	5987580	6008730	7790940	9691060	8689450	10541000	9761750	9574900	9640130	9865510	7977910	9482540	7787610	7769870
P22256	27153500	28110300	34820800	35403300	23065400	27998400	36766900	25562500	32454400	30531800	33311500	9684880	11234300	11472700	13551600	12456800	11662900	11952100	11823800	10934700	10219300	8490290	11276400
P32157	8138990	7242390	8476740	6303890	9338560	8182720	8243360	8006050	8284750	7922980	7643440	7854570	7096800	7176590	6512460	6882040	6341970	7060210	6922040	7151180	7484850	6951500	7281930
P0A840	2931760	3184070	3169280	2469300	3375740	2931320	2427350	3451790	2834740	2786840	2800770	2570510	2367720	2445730	2031260	1905710	2168820	2101000	2310910	2443650	2217220	2052800	2133430
P75811	5453530	16398200	8408860	14292600	7142550	7990750	7691420	1795800	15731400	6944140	13572900	2465940	1983760	3131170	10277600	NA	3162740	6736940	5232790	4242750	NA	3722230	NA
P0ACF4	593127000	488135000	435989000	538192000	418163000	508902000	541338000	294449000	538620000	477235000	455832000	184702000	165149000	237325000	237163000	248088000	167697000	242207000	257358000	260395000	159620000	244907000	262467000
P0ADY1	28044000	28679100	29562800	24869700	32567400	29056800	24930600	32673300	28493300	29355000	28546400	24244900	25270700	27410400	27368200	27921700	26625300	27105900	26861000	25652800	22550300	26589100	27885200
P04949	22450200	34236800	27355200	191221000	22740800	115479000	52408500	16461900	97833100	28895800	42696800	704769	642947	2139910	454387	1045520	367388	1133820	614273	7099180	1105950	99790.5	413797
P0AFX4	7781240	10889900	11742500	10542200	10381800	12254500	11191600	6877210	12478600	10945200	9936810	5171510	4603120	5713840	4261150	4971910	3669480	5700700	4690160	5619000	4318680	4158060	5005800
P37342	2668840	2996770	2811870	3026130	4751190	3379570	2382940	3444030	2280840	3012820	2915230	3864460	4017460	5254690	4849350	4655330	4892940	4999830	5293550	5075460	4903070	5924500	5140180
P18776	15453300	12766700	9708800	5066820	15390300	11275200	4818890	12427700	9296230	9540730	8553900	14091300	7908480	9491620	10438600	9652200	9466430	11360900	12903500	14036500	13935300	14494000	11615600
P04805	39744000	36788300	39059100	26291700	36036300	35473400	31683300	36867700	34370100	34690200	33995900	33261400	30395200	35245800	30854300	33471300	31112100	34381600	34272600	38853700	32475000	35248700	34128600
P0AC51	6182080	5240780	4537660	4685710	4581330	4798800	4179440	3571380	4908310	5059390	4673840	3874740	2698390	2970940	2371050	2281560	2049780	2531120	2698280	3992940	2925330	2978360	2728340
P0A9C9	5007670	5203620	5471510	5439300	5582470	5206660	5016510	5125780	4937070	5042240	4985450	7674950	8292070	7527630	8219510	8186020	7879220	8410240	8220090	8437180	7972170	8107250	8504240
P37313	19951400	23759500	25219200	16107400	25790100	23306400	19938400	28302900	21803800	22294400	21578400	20033200	17736100	17667900	16901300	17418600	17738000	17459200	18130300	17372100	18692900	21715600	18706700
P75767	2079970	2221930	2165770	2306890	2358050	2002030	1568380	2558670	1444810	2034330	2081070	1600410	1646670	1957660	1980310	1726200	2149170	2093190	1794560	1945180	1712510	1988460	2045800
P0A7B8	18613400	19163100	22061100	15365800	23195400	21908400	17289400	22121900	19695400	18195300	22055900	14794300	11410200	24755000	21707000	20809600	22913500	29468200	27373600	29790600	6893290	24347100	20663400
P0A9Q9	108623000	97170200	118256000	87125800	154603000	117766000	92732600	131275000	95432400	104740000	98778700	201999000	194156000	235712000	232459000	236547000	246782000	239301000	250340000	195759000	189323000	235329000	227447000
P0A903	35531600	35059300	35811300	33832800	36055300	33728300	33327700	34057200	33758700	34600600	33809800	28513000	30508800	30630800	33113000	29971000	30692800	31545200	30381400	29882700	31457900	31338100	32450500
P0ACP1	8296530	8432400	9008390	7833870	10266300	8036200	7502760	8103630	7370110	8395200	8302580	4860830	4454730	5590950	5470190	5672310	4902930	5579690	5831150	4916190	5091970	5840650	5779970
P06710	4881700	4929990	5907020	4601330	5196550	4760440	4526520	5601600	4685470	5238250	5078400	5116960	5639980	5369750	5389140	5518690	5609410	5864920	5669000	5078710	5108080	5593220	5532290
P32670	62182.4	NA	63488	NA	51121.3	NA	NA	23347.9	NA	15288.6	56047.9	NA	NA	NA	NA	NA	NA	NA	NA	NA	NA	NA	NA
P46853	8900700	9255380	10167700	9020740	10715800	9269820	8365310	8985260	9212970	9526080	9668350	10526900	9997890	11928100	10785600	10846200	10853400	11116200	11383700	10686200	9363090	11119100	11512600
P76097	840837	884236	1066810	1234680	1156670	984521	1427180	951991	1258390	1100090	1108300	289430	402305	211798	443974	307976	302323	281469	440448	237133	423682	258316	464070
P0AAJ1	11322800	9009030	6574080	4622460	11905500	8965680	4210080	8581330	7725690	7622610	7077250	11964500	7000090	9302090	9646470	9357460	9440020	10689700	12397600	12852600	10901600	13363800	11528100
P25798	675275	825018	857643	1734130	438956	1460440	1059600	665942	1279650	945681	1129180	79333.8	90316.7	155723	62283.7	144090	270319	224634	NA	410124	69115.7	58098	115197
P69829	21732300	17447500	16221800	14672100	18206100	17990000	14052000	13974000	17462700	16587000	14832400	16675200	11666500	14008900	10445400	11784000	8741880	11991200	12231400	13855900	14170600	11994700	12757500
P0A8W0	5813410	5076120	5165020	5062360	5333130	5695610	4989180	4258050	5193750	5660660	5171020	4790020	4107810	4132670	3803680	3989170	3527880	4322370	4391300	4564590	3792450	4336370	4487460
P23930	1595880	1643330	1663010	1625610	1469900	1422520	1627720	1614030	1602950	1680110	1701440	1330160	1719880	1553780	1665230	1698780	1673980	1804840	1621520	1351870	1517360	1650150	1633160
P77258	2185790	2277620	3183420	2659070	2616370	2769120	3040370	2038160	2877200	2686380	2928710	4228260	4124910	4473410	4595580	4636410	4595590	3936440	4220330	4356360	3816320	3983460	4338350
P0A9X4	39442100	42228200	45259100	40370600	44346800	40917000	39404900	43972200	42869400	42143000	43867100	46153800	45777300	45456700	44382200	42243800	43032300	44033600	43592700	44183900	42742400	45243900	44166600
P23842	620657	761933	833585	649732	462212	654218	564132	597699	654817	632103	644044	367320	506068	631570	547508	509439	715183	602229	684593	512440	501263	543724	591544
Q46857	14576800	14829500	16605200	17773100	17337600	16960700	19541500	15540900	17465000	16890800	17010800	11106600	11517500	12125900	14419200	13016400	13182300	13099300	13102700	13008900	11580500	11617300	13294500
P31460	4806550	4641580	4484620	4236530	4026310	4546440	4509820	3960540	4847870	4360770	3740850	2945380	2935690	2840170	2718500	3304330	2970290	2853350	2942920	2943900	2570750	2590800	2944310
P77285	3253110	2613350	2759980	2155330	2313340	2898270	2935370	1991980	3217480	2961070	2701740	2009070	2187610	2267400	2314780	2035320	2088800	2335240	2317090	2393680	1820570	2180150	2012430
P76193	23842700	17057000	18106200	20266400	23604800	20444200	17759800	16672200	20714500	21230900	18764700	20410700	16855100	15153700	14572600	14438800	13247500	14502600	15130000	16750100	16899900	13717600	16270000
P06846	2352920	2182160	2096050	2117400	2232890	2165500	1967110	1851960	2144830	2116510	2110000	1497660	1762620	1866950	1854710	2029740	1842390	2115160	1975420	1949300	1551360	1931790	2018840
P18843	25867200	23735600	25475100	24348200	24720300	24723900	24851100	24235500	26110800	23953600	24059400	43425000	41130300	42024400	38498800	37599300	40481300	40564000	39603200	40752500	41515600	39756600	40915500
P0A749	13298100	13367600	14760500	14460600	14012100	13816700	14751700	15020100	13741700	14461400	15571700	12722000	14805900	15661500	16999100	16798300	16331300	16578800	17891900	14432700	12833200	15083900	16171300
P60757	18851800	19157800	23160000	18476800	33019200	20605500	19243200	21562800	19213100	21064400	21501900	60682100	69798000	75232200	61999700	66512500	62048400	63583000	58093900	52159200	50708700	56529500	68242300
P26281	3100800	2450660	2759400	2739100	2670720	2993940	2946060	1527350	2595120	2643190	2581060	2247920	3008820	2584000	3188610	2571410	1638010	2107050	2469010	1612160	3108570	2103900	1736510
P09099	1173270	1259610	1386400	1048030	1396050	1248100	1235200	1726110	1111530	1201030	1258930	980591	1032960	1200920	1174540	1119390	1155250	1117920	1257220	1135790	1019500	1125790	1218650
P0AA95	8198470	6425710	5144590	7151980	5627500	6649160	6979320	3809750	7257860	7108640	5631730	7008490	5736130	5604530	5037690	5870160	4321540	5509760	5934660	6278090	4957100	5174130	6755310
P09551	151753000	128851000	130645000	169117000	90489200	143408000	179683000	82089500	171574000	140958000	143096000	31903600	27870200	33975200	29541900	37696500	24270100	34845800	31880000	33852500	25444700	23685500	37047800
P0A6P7	15148700	13504100	13452200	12339600	12799500	13714300	13426400	10038400	14787600	13318400	12491700	12801800	9963710	11141700	10123100	10813700	8248770	11173300	11071800	12074900	10945900	11090500	11789900
P07026	1581250	1708850	1966110	2456390	1383820	1932110	2871760	1544640	2047560	2062590	2772250	1922540	2064940	2240230	2004860	3007610	2116950	2092510	2039470	1374200	805474	2000920	2225760
P15067	6636670	6475310	6528290	5988670	9626590	6463130	6184870	10452500	5901270	6786800	7060160	5431450	6771250	6653300	6372560	6171030	7085670	6652300	6445990	6033540	5872360	6709760	6281710
P0A6B7	57467900	64557900	65967300	45755100	56729000	54032600	49504500	56824800	55486100	52914300	54322900	56499600	60549600	61413300	61045100	65241400	68503700	65465200	64804300	49326500	52445900	62853200	62108200
P0ADP2	2857980	3033680	3628500	2776060	3604000	2640040	2368160	3872210	2721940	3461470	3263550	2527540	2595190	2835070	2272520	2454740	2633090	2815350	2573260	2840860	2672930	2588290	2694090
P0ACH1	183858	348046	226477	130195	183648	141748	148604	182424	218323	219019	115703	212981	152549	144158	116145	173429	97939.1	102572	123331	205907	169749	153685	190987
P27833	3506730	3443500	3958710	3832450	3874500	3992470	4346420	3784210	3547680	3969950	4129450	5195490	5705820	6328060	6347130	6389650	6319230	6594330	6021560	5659140	5153450	5994790	6663930
P0A6Q3	36710600	34684700	38618200	41093900	39661300	36874000	36793200	36015800	36122400	40569000	41877800	29173500	30423600	38045400	39736400	40115000	37376700	37525900	38216800	32192000	32346600	39884000	42666100
P09424	5972670	5779530	5977890	5676720	6771040	5906480	5827070	5594580	6198940	5715420	5908420	5910120	5808920	5925850	6281720	5903550	5988280	6414380	6359460	5813530	5970020	5655300	6009460
P52108	6653190	5882310	6201490	5367170	7017130	6427340	5328420	6576820	6108850	6012850	5853940	7451730	6700620	6460680	5374350	5975550	5885140	6585890	6555090	6894490	5773930	5802400	6360870
P0AAK1	241646	134896	65160.2	NA	815056	325028	NA	398042	55362.2	150868	170401	916132	318982	496588	410921	401486	551443	609496	634851	874545	950020	1273610	872889
P0AF28	15711600	12989800	14309500	12966200	13849300	14659400	12310700	10409300	14529600	14025200	13789400	16555000	14340500	14616600	11996000	12459200	10760100	13759700	13361200	15259100	13820200	13214800	12931000
P13016	5554870	4800340	5213660	3931500	5510280	4698570	4195860	4954410	4946610	4150400	4691720	4378690	3910560	4171600	3736720	4010010	3748830	4131040	3956260	4278800	3414130	3938030	4089420
P07017	2566310	3358210	2780380	10079800	2679700	6580380	3866650	2174660	5561050	3328350	4650550	123980	127500	387667	NA	NA	214520	255539	194233	1179980	298280	33695.9	205646
P0A9Q5	46267700	46619400	54088200	37385000	55503900	46776900	42656000	57717200	46626800	49100300	50036100	61106400	58651300	53926500	50583700	50352300	51765000	50608900	50598700	52736300	61345800	54167400	55963900
P08506	13593500	14122100	16130600	13550900	17562700	15201900	14266200	16451500	14161700	15373100	15851000	10694500	11015200	11799000	12379300	12520900	12720500	12425000	11923100	11442400	10047700	11969000	12638000
Q46919	7026020	6268960	4011070	9011600	4568720	5233360	6162870	2803810	6555550	5826730	5863050	4955480	3763540	4209540	2922190	3432880	2627590	3523780	3691910	3955000	3494420	3208420	3231910
P0AAH8	1185800	1234990	1163660	1289000	1353670	1132080	1281660	1430120	1276580	1244550	1267780	1225680	1458460	1388350	1433670	1463020	1424600	1396950	1392280	1286350	1176700	1291080	1351530
P24205	2948110	2871590	4015980	3043870	4178550	3410510	2753090	4213950	3273420	3138030	3208530	4933930	5311140	4635410	4471470	4070990	4602450	4495390	4668870	3975910	5074250	4550750	4648140
P0DM85	273889	347924	345815	240141	230422	320476	326338	347811	368317	273633	423735	390755	330084	370085	263802	210374	250934	271875	209347	305980	732882	430501	277527
P0ADT5	6151510	6535310	7289640	5886180	7397100	6686080	6923640	7729560	6984990	6968160	7450930	4780580	5843940	5491390	6027920	5819850	5556260	6026920	5589160	5325380	4855700	5753930	5741610
Q46856	13868100	13913500	14979400	14231100	17978400	14082600	12315700	14125400	13129600	13359100	13353100	9342600	8734370	9957110	9975650	9836580	10322300	11024900	10930400	10870800	10127300	10487500	10787900
P0A6Z1	10801900	10973000	11376400	7872130	10855000	10369600	8051090	11859300	10337100	9377610	9568180	9974490	11245500	10705000	10612800	11164300	10522500	10939200	11137400	9547160	11126400	11541100	10895100
P62399	231825000	280720000	293059000	240898000	335628000	277612000	230344000	301287000	254497000	255806000	264542000	372758000	369458000	385899000	368262000	373271000	381523000	377931000	379779000	360858000	352911000	405477000	397590000
P75796	4915760	4910420	4742520	4651750	5174490	4420840	4088590	5182640	4285070	4541260	4489030	4001050	4709090	4285760	4705270	4699220	4663170	4645640	4597300	4074420	4613810	4262460	4374400
P77324	469339	749784	737486	1019100	650071	756338	714632	745568	1300110	959997	634265	750348	1136010	899290	1035960	392445	948021	903182	1018370	825203	950896	685748	882587
P0AAI5	26763800	30961300	32738200	28104800	31735500	30197300	27520200	35976800	31399500	32403000	32544600	34019600	34210100	40184700	39102200	38183700	38586300	38853500	37011400	35308600	29307600	35343700	36487200
P13445	3489750	3802280	3507080	4607320	2523400	4217200	4501350	3261840	4731580	4186760	4016860	2305960	2297780	3034050	2254690	2621060	2492020	2545720	2754980	2248160	1739660	3796540	3711620
P0ACL5	2254130	2391910	3239910	2269960	2472930	2159800	2077910	2473560	2200110	2495360	2769230	503118	525426	601338	410686	556849	506136	552738	457500	500195	420166	527230	483118
P75989	1074650	1180550	1162060	1353910	1223170	1236180	1160410	1150890	1174730	1150120	1285310	1330120	1305230	1354520	1438770	1444470	1433040	1300610	1313900	1453340	1053730	1319240	1317610
P21893	1276420	1455270	1494230	1105460	1539190	1248120	1100610	1732090	1197050	1390710	1271560	1926040	2197160	1958220	1961020	2139060	1966790	1949170	2059240	1770300	1950070	2016170	1922870
P0A9P6	3864550	4052910	4719170	5317090	6110260	4471460	5588510	5203630	4561330	4625230	4845520	14204500	16126000	15456900	18090200	17853100	19406300	17703700	17556500	12924800	14846800	15850100	18887900
P0A6D3	11600500	11390200	13386400	12638500	11804800	12291500	12626400	12906200	11298200	12882600	13358500	23227300	27848900	26925100	25068400	25357400	25162100	25933200	26326100	24512200	27274400	24655700	27451600
P76909	522804	449248	469087	469452	665708	458859	420162	623254	370657	440644	380668	849547	755388	728605	771889	743721	807520	905592	837717	796788	936127	859776	857491
P04846	40547200	44160400	43938800	37113700	50111400	41507700	35811400	41055300	37398100	39280500	40035900	47988900	51077200	49826600	51437500	58008100	54668200	50361000	54923400	49229300	43595000	61095700	53782100
P30177	19156900	20887400	23347300	17656100	24593600	20739700	16508400	22095500	19528700	20258300	19062300	16928300	14802800	18143700	17627400	17921600	17018800	17729300	16951100	16689400	14807500	17660600	18047300
P0ADI4	16800400	17010600	21292600	48281400	20653000	24307500	31539700	14430100	24527100	25161300	27407100	32506600	39999700	36007200	29005800	31508900	37087200	34346200	30198400	40837900	36602700	25146200	33153500
P32144	2258090	2121980	2153110	1987870	2439100	2152120	2005840	2263000	1954960	2327260	2207200	1814040	1616700	1619230	1588250	1452600	1530670	1495320	1677590	1820980	1478770	1427330	1586450
P29018	2539480	2477130	2687940	2458400	2191980	2311640	2626830	2496050	2446420	2526810	2570470	1941410	2537550	2539160	2922360	2641820	2890590	2831350	2817390	2252000	2314150	2205510	2427490
P0AG55	336717000	282331000	283508000	261310000	282264000	283439000	263067000	242079000	295352000	270670000	243208000	366957000	309712000	321748000	266839000	268485000	251929000	287454000	280000000	338941000	312451000	301146000	304624000
P07762	9765380	9502620	10416900	7934390	15874300	10156200	8340190	16595200	9094310	9893780	10137200	7452160	9087680	9544250	9546430	9449520	10633800	10195400	9995390	9051930	8284210	10291300	9234420
P0A6E9	7268930	6982560	6117620	5360810	9265010	5981180	4424200	6302950	4432890	5329580	5287420	8653490	7462550	8877040	9034970	7624070	8738600	8284170	8851560	7713380	8972740	10176300	8721280
P36929	6968420	7123950	8503280	7035640	8339440	8014440	7434300	6530600	7260310	7898780	7445000	7657560	7233920	8426100	8972860	8959430	8510470	8748660	8293750	8178270	7420970	8166750	9147030
P0AG40	4563710	4118130	4588980	4810870	4588560	4172790	4889010	4317820	4166040	4496700	4706740	4089100	4419390	4652250	4620500	4514170	4530700	4618250	4841850	4383820	4017480	4161710	4485460
P76016	157192	166619	179945	103007	240858	116317	175837	228910	119246	120624	157913	234305	185897	144531	131192	186079	143731	165069	147037	145028	58400	204561	152553
P08373	2604610	2167060	2778940	2016770	2821200	2550080	2322180	2979920	2251170	2420880	2655240	2548620	2437010	2794090	2745760	2595580	2624290	2835590	2757190	2615830	2603690	2714530	2760350
P25524	22388700	25407900	27947600	23809200	25176900	24228600	23647700	25485100	22535700	24086300	25482200	24214900	28287900	30075000	28842800	27091900	27166300	28532200	27873400	26602200	25301100	30332500	27219500
P0ACS2	3391680	3991890	3800430	2850140	4355160	3889490	3178070	3025550	3398350	2072550	2303020	3081510	2466980	2080460	3045500	2842640	2669800	3383950	2832990	2453810	2806390	3986030	4039340
P0AC33;P14407	35466400	42885600	48826400	21290500	42501900	39388200	26264800	53515100	37468100	41404300	41733400	14561700	13896200	15316000	13582500	14372500	14929500	15913700	14432200	13791400	12368100	14497600	14199800
Q47083	1049860	1191360	1132280	1227150	1237320	1200340	1009160	1141340	1046570	1081020	1019200	2189160	2187980	2132980	2626820	2742490	2709710	2260750	2489910	2291140	2522380	2571220	2340860
P27550	65951800	76583400	93968000	76553900	67841200	75008600	83826900	93532300	85675500	84642500	90341100	6402820	8174620	7656670	10683700	12403300	9221370	8161900	9049030	6943990	8000910	4340600	9424730
P0A7X3	243475000	263156000	295960000	257801000	320368000	273678000	217142000	323581000	251035000	258049000	247156000	390165000	416218000	353843000	372796000	338893000	373577000	366683000	351112000	352677000	354515000	428323000	406256000
P0ACN7	2009160	2065360	1889130	1583760	1825990	1849670	1615840	1692810	2043170	1852940	1673880	1333010	1010510	1137420	927779	956426	1035170	1129050	1127730	1105400	893833	968505	954382
P0AGD1	47478800	35442000	28521900	55531400	27259300	35117600	52867600	19169100	43588000	36366700	32587200	16293700	13514500	13482700	13956600	12151000	10354700	13860200	14216700	14503200	15222200	10879000	14219900
P0A7R9	153026000	186122000	209544000	173136000	205160000	190682000	180311000	205101000	195741000	188414000	185769000	238630000	219533000	233097000	231017000	256579000	256385000	259925000	246001000	243321000	196692000	251358000	263373000
P77774	15889600	16822000	18001000	15709800	19131700	17129300	17319300	19025800	18682100	18541500	18780200	17320000	18411800	19860900	19269700	20224300	19323700	19795400	20355600	18650600	14562400	18219800	19624900
P39377	5929140	5996130	5263880	4280870	8517080	6377610	3627420	7591780	4937690	5536730	4815740	6120810	5561020	5900730	5276150	5327710	5680490	5358950	5999490	5993550	5948800	6289650	5707880
P64612	2944400	2862070	3358040	2752710	3101960	3076740	2860570	3038260	2951490	2980560	3208230	2882830	3130540	3327780	3319450	3015380	3160960	3475430	3301660	2905970	3453630	2809500	2960710
P09152;P19319	1599330	1827640	1725590	1353510	2575930	1618400	1565940	3018020	1479290	1776530	1718060	3877820	3729920	3174160	4197760	4648560	5110130	4340890	4565850	3636000	4735240	5948640	4354710
P0ABI4	8273960	9037860	8746570	8872610	7539310	8059220	8879630	8864370	8236750	8297070	9261260	6729940	6651340	7257020	7439500	6653440	7546490	7537770	7987270	7065040	6852060	7414730	6812880
P10902	2899950	3225830	2770020	3218900	3589340	3636160	3088300	3197780	3146310	3468490	3505460	2999090	3108190	3455490	3606610	4041420	3780880	3969150	3945020	3202910	3215560	3891210	3540130
P0ABV6	3836580	3639190	4063810	4175870	4118610	4022610	3557890	4287570	3812190	3974650	3895060	4963080	5438500	4800660	4058170	4584930	4955700	4232130	4983680	4946300	3932990	4453840	4818680
Q46939	2932630	3199570	4218840	4127550	2561490	3636540	4876170	3349530	4112070	3927490	4517560	505300	552259	496886	452122	528845	507132	580636	424412	528635	448022	357166	651631
P75974	3315220	2668320	2659480	2203440	2504210	3019620	3354850	2406290	2983100	2692590	2655840	2558810	2231230	2487810	2530300	2063750	1926260	2497700	2353290	2631220	2597870	2382280	2876570
P0A9H9	2700320	2730950	2531790	6928060	2292750	4860500	2944970	1679420	4392020	2992300	3637630	652527	1775450	2291470	4093650	2689240	2046860	5624960	4133360	1592300	1009320	3772700	3404530
P0AFG8	360073000	389828000	429576000	424204000	409106000	402163000	412534000	447398000	394935000	416478000	433567000	164082000	201637000	192986000	217917000	210433000	216177000	192061000	195386000	167245000	197690000	231361000	215318000
P33025	2463020	2318470	2662340	2406650	2398270	2120980	2676540	2267590	2654200	2690740	2777560	314842	321281	260511	291251	250331	255159	298449	240548	356655	300124	277920	261738
P07024	15373700	15466600	17093400	14911800	17948700	17029500	15455700	18026300	16791700	16584900	16413600	13259600	12958300	13779700	12272300	11845200	12844600	13619400	13296000	13695400	11791700	13288600	13198100
P00963	14870400	15414700	17742400	13686600	25685400	15965700	13769100	19255600	15363800	16041000	17212300	28896000	29178400	31105700	27105800	26416200	25305900	23190400	23703700	25300500	24571900	27996600	25785800
P69380	1410820	1024130	1195780	941273	1147510	1012090	1055850	1011740	1019440	1125120	713288	1351380	1271450	1388970	1603840	1438530	1689730	1608130	1708370	1345570	1050700	1112980	1184760
P0AFB5	781891	689450	985791	870216	1073230	926202	880687	976649	730055	974746	1007050	1239070	1425390	1390570	1467610	1140560	1271760	1384050	1134970	1015720	1335540	1236740	1367380
P07000	959664	1011080	1140780	1105700	1129190	948329	922390	1280140	1108060	1062680	1175860	895828	1165020	1015060	1094550	1016080	995717	1064020	1157970	1023000	836363	1029120	1081620
P0AFI2	8025940	8639440	9089740	8272290	8658600	8652090	7926840	9667920	8679260	9278300	9266080	8565670	9953470	11532500	11751500	11836300	12392600	11774600	12024700	10412000	9326550	11135000	11339100
P60785	21190000	23103300	24305900	23341200	22928100	22070100	21959000	24613600	22176700	22153800	22830200	19549700	24416200	25191600	25890800	26131500	26197400	25166600	26217200	21471900	23114400	24107700	24916500
P75931	2305070	2348000	2836730	1965990	2908720	2342590	2148800	2717040	2005400	2311460	2307080	1854130	2010570	2002750	1920690	1921600	1808350	2126330	2112800	2071100	1983700	1867070	1991410
P77257	146038	193714	202570	335973	187461	256629	263059	277351	254181	236574	270455	NA	135715	NA	179715	135539	125543	176041	165854	180276	97035.6	NA	90189.1
P09348	290863	385679	378804	1477670	242611	656141	735213	225778	746402	435314	617531	227515	252801	271172	NA	294132	292692	221811	265958	270412	259250	213137	NA
P45537	1893150	1903210	2189370	2348300	2179420	1789000	2183770	2095050	2253020	1752980	2398290	1191510	1239500	1072540	1105180	1088640	1211510	968272	1203830	1147690	1342820	1146790	1114180
P0AB26	8873400	10455900	10044100	10873800	10671500	9745520	11068600	9559070	10189000	10348000	10857500	5340680	5613650	5948720	7215440	6772880	6428880	6707150	6781290	5621750	5896400	6757830	7559780
P22939	10624400	10405500	11738800	9613070	12531200	10132200	9550400	12959300	10864500	9929550	10159400	10762000	10339500	9973820	9816160	9085670	10322000	8964880	9402110	9026160	10001400	9143940	9585350
P0AAT6	10823600	8747590	9632320	10567700	7102090	9842890	11146900	6669540	10723100	9579620	9849740	13236100	11859100	13665000	11447800	12472500	9471610	12508000	11633400	12001800	11535700	11134400	12482100
P0A7G2	53393000	45408800	45530000	38665900	51364200	44280900	34245900	32474300	40719100	40893500	36545700	41365500	37514000	41322200	31633500	29022600	29994400	35391100	38721800	41116400	39243200	34486100	36830400
P32664	5051300	4852180	5700180	5471960	5263400	5419470	6069650	5685900	5562280	4850490	5312870	5790050	5798010	5769720	5802110	5585780	5701710	5883350	6023340	6798680	5883860	4880800	5310930
P77300	1242590	1264650	1414710	1297680	1687180	1314890	1138150	1371970	1042340	1259950	1220160	1187630	1278900	1449700	1462540	1453130	1733140	1249980	1347870	1278020	1089430	1213040	1244760
P12998	1340080	1426020	1841530	1416750	1448230	1541750	1489670	1613490	1527990	1637610	1494440	2006660	2053870	1882510	2358820	2233240	2293920	2229450	2311620	1918470	2071960	1789700	1946900
P76268	15837700	14885300	14961800	16803800	13944900	14607500	15336400	12580100	14885500	15386500	16248600	9331220	9025620	9707980	11091800	11647500	11297500	10143800	10788200	8379690	8552550	9298400	10385300
P0AD24	33217800	29674900	24151200	28382400	26367300	31479700	25748900	17671800	30067800	27980700	25941700	26715500	22391400	23561200	21800900	24386400	17065100	24012300	22386600	24652600	24616100	20755200	23927800
P17117	6109690	7114420	7978990	7024160	7627770	7399950	7414530	7042460	7242380	7107180	7562150	8870500	8673520	9431680	8920020	8856180	8716630	9260370	9080290	8556950	7950390	7307450	8094300
P0A8N3;P0A8N5	17147200	18040400	18558800	16459700	19194100	16661000	14396200	18893100	15375600	17820200	16600300	17495500	20180900	18795100	18262700	18114200	18162000	18424100	18336500	17127700	19153400	17537800	18402600
P0A8N5	6059070	5718190	5264890	5329320	7767060	5438740	4527790	6227130	4544700	5739270	5646440	3291390	3827950	4330010	4524810	4825010	4336730	4743650	4675390	4000850	3219230	4522070	4555570
P0A8G9	38149100	24823700	24565600	32044700	24738000	29413300	30273400	16249500	29020500	26862200	25615100	21063200	17972000	17903900	16758800	16899400	12745600	16950700	16666400	18871100	19493700	16769300	18146200
P0AFP6	20357900	19791700	22841500	16748800	21389500	22013100	20112000	19504700	22129500	20470300	20348600	24683400	21921800	23576700	21165600	20649600	20407800	22688600	22154300	24680600	21782500	22792900	21455800
P04983	2433560	2500400	2722450	2941530	2476450	2613760	2844010	2485180	2343990	2732020	2780570	613839	527482	591985	657284	844474	572190	676254	582358	499243	701906	741527	726460
P27129	317540	263422	210261	521038	264519	438831	598259	448716	408285	328760	296220	558476	421585	341331	386549	322339	258644	264751	366724	516868	642840	338917	380379
P23883	944762	1042180	978454	959311	852622	858792	936226	778000	841878	941004	837061	635993	453901	1134380	1033290	1153950	991907	936473	1045720	907784	852591	778644	936374
P37025	400722	403536	489151	302961	428806	384686	381902	360854	395166	422687	374207	364561	386912	356287	332333	278366	297964	312394	377970	336546	360958	259567	346518
P27302;P33570	40566500	40355700	45905800	37890100	34239700	41645400	37999500	36062900	41624900	43029100	47411200	37593300	18157700	32490700	43798600	41023200	39564500	42849600	41324700	6673330	45207400	35984400	41512800
P77485	413420	468126	590174	511391	540967	484105	498631	469509	348200	410840	400162	447828	548652	506975	486619	384249	472904	485509	467023	674002	517016	444043	367149
P31828	1234190	1501490	1171850	2257830	1088470	1225640	1504140	1108360	1402440	1198810	1276740	1166770	1429980	1403880	1434870	1250960	1589460	1458240	1429440	1520390	1513060	1044920	1554810
Q47622	2051640	2998240	2846900	2365420	3775020	2523530	2575570	7540590	2759400	2870420	2725410	2930900	2577000	2751960	2599610	3701440	6905880	2825910	2850400	2679270	2389710	2494850	2475220
P40191	9656710	9086970	9214340	8234250	9297290	8915680	7091090	7795010	8235410	8482230	8286340	5570750	5962390	7920180	9047400	9061180	8115090	9203990	8788340	7473120	6024600	9050780	9116790
P75782	2119060	2274700	2388260	1684030	3075730	2217310	1795680	2571540	1835180	2223570	2187230	2410910	2474050	2871030	3027630	3025490	2683620	2645140	3011940	2847500	2237150	3166220	2879580
P06722	524315	360027	491384	476098	419572	445588	382504	498389	434092	499800	550028	637734	615394	500076	673239	575184	582900	674089	640421	539434	670501	579585	629317
P77493	NA	198406	230984	150438	183003	NA	223945	204318	141203	264393	193634	252012	237624	211999	213538	6590.57	265761	182416	219782	217383	192109	167986	183508
P12995	3810050	3859260	3997210	4458990	2891350	3803330	3803820	3582810	3899970	3910720	3701950	2375350	3177090	3105890	4037360	3514640	4137480	3868420	3992570	3134750	2833880	2846540	3322600
P02930	68609600	55630100	55923600	62544200	59521000	61944700	64085200	44014400	62852800	57680000	59190300	56251600	48099900	53699300	46964400	49190900	41177400	51176600	51543600	56131200	47989600	54891800	58059900
P0AC28	642943	876205	936645	518328	1055010	669861	714990	1189750	641049	665332	835470	958613	801636	1018300	689349	705113	786910	795884	887865	1053210	868739	844966	764330
P31134	1031040	1101030	1652320	1723120	1081080	1218870	1750260	1286830	1630260	1395770	1713370	1147150	1475070	1457410	1448690	1270990	1315460	1284790	1335800	1459970	1256020	1402080	1405450
P0A9U1	543901	476559	599033	611900	624190	530445	657651	601738	547404	659770	539895	545207	629973	498091	513837	539751	375595	520250	560888	521919	506418	482900	437944
P14900	6406760	6601870	7172760	6191140	7318030	7128400	5929080	7252680	7144530	6972060	7208970	6978470	7651590	7765650	7541610	7373720	7412400	7791070	7953350	7183460	6715060	7579260	7771130
P77316	1126990	1387280	1496430	3188890	774493	1355300	3208200	1002540	2234670	1499870	1944580	414363	341220	486601	307360	559560	287063	156278	115529	392752	418810	391806	237369
P24171	11238700	11479800	13473800	11955200	12955000	11858000	11939500	12766900	11578800	12452500	12755400	11902100	14278500	14284500	15355400	14448800	14861100	14984300	15288900	12256600	12847200	14308900	14809000
P0A8R0	85051700	67637900	63586500	56085300	65945400	68762000	58649500	50016900	68084100	59577400	56208200	54639300	43745600	45589500	36855500	34670000	33285800	43365000	42614500	47325900	47363800	46342500	44496200
P00805	57461000	49086700	39883600	31792000	61191100	43125100	22360200	38243800	35732900	37291400	33836500	12438500	7992060	9379830	7362570	8044180	6819140	9568720	9327610	12906600	9988080	11861700	9684680
P21177	10264700	11471800	11540200	12044200	9489100	9729520	11807100	13393300	11448000	11035400	11880600	1000920	1498420	1154900	1628260	2071700	1502040	1286830	1452820	1039210	1400970	670871	1642170
P0ADS9	13948700	11381200	10730200	12739100	11066600	11670500	12452800	12374000	13517800	11743600	11301200	8237060	6957720	7711570	7276600	8587960	8894040	7259970	7514890	8027160	7265750	6428860	6833310
P71298	410048	425375	493097	401725	462069	461735	342237	433316	366737	466624	432685	538657	553703	584374	586064	610605	639705	641190	592195	508943	488646	494065	541563
P75957	5720460	6098820	6782790	5899740	6261400	6490660	5775460	6140070	5922710	6218840	7120360	7499690	7513460	8404050	8744170	8481730	8984180	8753170	8593950	7710780	7103510	8249650	8592640
P11458	10914700	11694000	11560300	12173100	14604600	14037600	11914700	13248800	12474400	13760000	13722000	13192600	12580500	13535900	13537600	13249200	12953100	13977800	14255900	13814800	12696100	14901500	12773200
P37685	13079400	14103600	16756700	19760800	16824100	14564800	22282100	15910700	16869800	15641400	17234500	2516030	3607340	2706360	4167340	3411390	3435680	3400300	3717660	3341420	3477600	2712170	3526360
P0AA16	22954200	25911100	28594900	25022800	26095400	27415300	24318300	25563300	27522500	26032300	26102300	22390000	20743100	21514600	20609300	20428200	21416600	23841000	22863500	21976500	23672200	20452200	21295300
P31063	14586000	16309500	17192800	13433300	18324700	15510300	14125400	18727400	16189700	16672200	16557100	15063500	13755000	15815100	16951300	15822600	17868600	16279100	16199700	15407600	15314000	18085800	17604400
P0ACT6	2470260	2752750	2460820	2166820	3202540	2439360	2129560	3112870	2184040	2530430	2697220	990616	1343570	1605610	1338740	1428780	1728590	1759640	1697170	1753970	963942	2077040	1843250
P0AEI6	2950420	2752980	3847750	2529130	4296910	3303900	3143470	4147040	2730410	3518280	3386980	5671160	4331040	4454320	3633920	3961250	4053830	4072600	4580020	4902420	4603330	4479880	4296810
P76341	2807490	2401030	1898870	3034590	1973000	2669390	3138530	1484420	2929070	2573240	2320760	995304	982065	974135	1060020	2214620	875443	1383730	1238590	1389500	670023	1007410	1193530
P27830	1534110	1766750	2053000	1685790	1915470	1963660	1836800	2259100	1917490	1896700	1909890	2722900	3094420	3290610	3229200	3222280	3183410	3122300	3249440	3046040	2627330	3082920	3355930
P0AE12	11467100	12449000	13227500	12300900	12813400	12666500	12705100	12702200	12035900	12511900	12742900	10159200	12996100	12233300	13576500	12724800	12527000	13124700	12315300	11191600	10456300	11818400	12726700
P00936	1388520	1562400	1662570	1711990	1536580	1518830	1399790	1784430	1382860	1477550	1583010	3062370	4170270	3780530	3586700	3820460	3988380	4113550	3841120	3587830	3571820	3780290	3673730
P14377	299211	259704	298512	189804	272427	187250	179372	253805	129978	174949	69287.9	71794.4	89681.9	33535.3	NA	NA	103658	129042	43459.8	100610	126078	106874	34410.8
P0A6I0	19743200	15549600	16703700	17262800	16714900	17051600	16785200	13752300	19193000	16911500	15721000	15465900	14792300	14393100	12355100	13102300	11907900	13846600	14481100	14816900	11595400	13709800	13324500
P76316	22160600	26629900	27212900	23246100	27723100	23877100	22666000	27583700	24883200	24351500	25574400	24431500	23239300	24917400	24045300	22956500	24658500	24337200	24126700	25014700	24951900	24607800	24283500
P37327	963392	1056640	1000700	1595280	914377	1297610	1449340	1088640	1328150	1290120	1122790	1121290	1045190	1407110	1267850	1352950	1282660	1326520	1185270	1451430	911563	967352	1226730
P29012	7751370	6744720	7642780	5344700	9516640	5872370	5522380	9109080	5718410	6715680	6362700	728239	859463	860134	963292	1009380	846955	946968	1010570	750812	784270	739810	989240
P0A953	89314600	98518500	101933000	83925600	107462000	93283900	76197000	111409000	94458100	91480300	95157400	65706000	66908400	77175900	80751700	80086600	80372400	82650500	79079600	66491500	70039600	78867600	81622800
P0A6A3	190806000	182434000	156803000	155578000	154891000	167225000	151421000	132242000	162997000	146663000	144681000	93028500	75290100	84767000	87535600	81210900	83753200	89045100	99227700	96933700	91407700	104928000	92994400
P0A9N8	323091	209357	171557	211845	289366	243709	261774	194313	220634	292833	180336	352993	NA	308494	228755	170916	205359	332312	365397	460794	266513	394131	365311
P0AEC3	9136980	9627350	9850300	10738700	9602220	9770950	11050100	8582560	9558410	10122000	10938400	6369750	7435760	7761440	9004390	8467010	7848390	8533960	8494820	7639340	7650470	8395950	8432750
P0A6E4	73870300	84610600	101876000	61235300	125234000	86115800	64287100	124777000	78294500	92714000	89649300	144466000	141181000	158593000	147262000	143901000	147933000	149919000	146570000	139330000	130984000	167723000	150867000
P31547	1507490	1893440	1105730	2052850	1638360	1215330	1488990	848700	1540690	1294160	1327970	690570	973976	1338330	1589800	1537650	1295240	1334570	1248050	920078	619382	1027480	1300300
P77754	31123600	25465100	22666600	37285700	24803900	31410400	34072500	16138500	35513200	28343500	25114400	13570300	11679000	9906620	7713720	8732230	6836270	10562400	10144600	11401600	9516360	8670080	9505210
P52101	343339	450054	449720	401348	525297	378664	257041	757608	372619	353182	420329	477473	625932	392352	459308	395461	493593	406666	511282	460581	594919	426843	415080
P0A9S5	12968600	12775100	12575900	9509290	18932000	11843600	7663490	13965400	9740730	9894700	10486800	15450900	11495700	14154700	12887600	12318200	12532400	12853200	14347100	15068500	14033700	16778600	13328600
P77265	892088	855080	1159900	984154	993615	901261	956276	728963	915889	896638	981767	614921	665757	979343	1058920	965864	908802	889527	787685	823873	573940	907785	948208
P0A8P8	1163550	1132600	1018890	910301	919814	1109120	1030660	703307	1195760	1103790	1136450	810622	898593	1054530	940186	1057700	804718	1051730	998804	970140	753801	1070510	1081660
P0A8P6	1110220	1180750	1245740	864653	1125120	1193340	1275230	1169800	1317450	1094470	1154200	1648120	1477290	1588060	1450350	1467390	1344730	1424240	1531050	1585280	1514400	1522440	1398680
P75779	825829	824871	1001660	2345800	1181940	1186500	1362310	758789	912771	1155350	1324680	2281330	2670250	2778490	2191990	2262230	2475070	2488950	2306160	3271260	2508990	2313610	2443970
P0ABU7	5501990	6173360	7258770	10864300	7822960	6995710	8211230	5449900	7598410	7360270	7846980	12199400	15748900	15482600	14057500	14129500	14513000	13060900	13906500	13757400	12345600	11033200	13828100
P0A9Q1	50405000	46596700	48252300	53060300	51256500	53276200	51750000	46737500	55275300	48800900	46514400	47724900	39163800	41154900	36250700	37249200	33291800	40402000	38579700	42613800	39227600	38412600	39730900
P30870	2216150	2512090	2496350	2415000	2481800	2303920	2406940	2872990	2298310	2556860	2659590	1388630	1746080	1873040	2022050	1929800	2229620	2099840	2147110	1652920	1679780	1716700	1820410
P0ACM5	1383950	1352380	1402190	1386840	1311080	1554070	1396040	950458	1391350	1379230	1453780	1200510	1179930	1314400	1269570	1397650	1212140	1327400	1346020	1253100	943066	1209710	1233330
P23878	973408	872213	1100820	1902460	943623	1057570	1334010	842293	1144280	1166500	1296470	1615510	1979280	1773810	1333090	1276300	1799080	1635060	1567480	1850190	1574100	1417320	1469160
P33363	10187700	11444700	11446000	9266440	11614800	10658700	8721860	12669900	10527900	11010600	10736000	8705440	9463050	9721800	9471750	9586660	10199900	10054000	9667720	9190490	8979710	9309230	9334440
P0AFG3	98812200	109780000	131346000	88818800	131148000	106391000	89248900	148843000	103142000	113048000	120804000	30212100	38089500	39743900	30605600	36282300	38343400	36277200	31780600	32657900	30073400	30532800	34885400
P75862	178504	149406	195617	NA	332305	147429	120738	341371	129552	263813	162704	232062	212741	181001	157504	144484	187085	140546	194780	303148	206380	233066	158513
P0C960	3630250	3591940	3844310	2845840	3871290	3181900	3471310	3900090	3137440	4038370	3553750	3631720	3381420	3855040	4166330	4249490	4438960	3413160	3807470	3719300	3036490	3931000	3994550
P0A7H6	2476650	1977810	2158050	1790590	1854310	2260910	2013580	1788710	2291430	2222500	2146290	1891620	1767390	1761060	1301680	1473910	1227830	1555400	1574690	2191090	1751940	1580260	1558810
P16456	49293600	45246600	50372500	35564200	60363800	47559000	35466500	50979400	45279000	46654700	46045100	39130300	30337700	34820600	30573300	29556300	29805700	33392300	33230100	35979900	34230900	36255300	33729700
P0AET2	186932000	180225000	152157000	292570000	140698000	230483000	360188000	99946100	250434000	223938000	198951000	114680000	78128500	100994000	129089000	111927000	84740800	120607000	116497000	117062000	98479900	102823000	105976000
P0ACM2	1560260	1557270	1630320	1165960	1832310	1513060	1142450	1828780	1311890	1368150	1394140	1873290	1865030	1591850	1468750	1378450	1497330	1526130	1699740	1688170	1695540	1715040	1573830
P0AF08	26621100	23634400	26297000	17021000	29886900	25159400	20899000	25519000	22930700	23670400	22792400	23532100	22159600	24514600	22633200	22538300	22618900	24356700	24143600	23653000	26216500	26135100	26419500
P0A825	433725000	417667000	459819000	400694000	445097000	467985000	455602000	393975000	462111000	439490000	432483000	442125000	409776000	488987000	490962000	468578000	455274000	491669000	519551000	477390000	440191000	524164000	520940000
P0CK95	766738	819860	946938	578739	927245	821692	681540	990766	887753	844395	927164	1537890	1559790	1804920	1754080	1740460	2012230	1813830	1863040	1780620	1577080	1670850	1630250
P0ACC7	11036300	11303700	11717100	10179300	11084400	11055700	10126000	11271100	10686500	10470500	10512700	13429800	13264600	13012900	12091900	12367600	12449400	12841700	13198600	13859700	13164800	13130500	12914400
P0A7Q1	6762120	8662440	7208030	6366380	6606660	8892500	7783940	3879920	6981440	7785310	7547580	5638950	6184630	6972010	9514990	10444500	8185310	8877690	7179870	5592720	5383840	9293690	10829000
P0ABB8	4037080	4142140	4495810	5648840	3923800	4208870	6595950	4468040	4927860	4377820	4899970	5072460	5844120	4885380	7283260	6179270	6628470	6529550	6478390	5045290	5740020	5685140	7616220
P0C0R7	5788540	6712900	7223940	5167750	8299010	6575130	6259400	8235980	6079870	6940650	6701600	6400020	6108200	6946660	7272290	6240650	7869350	6919140	7385610	6841590	6782000	6691920	7005570
P0A853	23758300	23524600	27743000	24145400	30137400	20985700	23220300	28037500	22202500	22047500	23380300	1885820	3581610	2206560	3704820	7877380	2817600	4254910	5001610	3418820	3727680	3970410	5449880
P76272	4646510	5272810	5480960	6258150	5381880	5256790	6259230	6104480	5515670	5536440	5854430	3948980	5388430	5268680	6422080	5992020	6880790	6157050	5669740	4533260	4677810	5181890	5774880
P0ACV6	1393630	1552460	1626640	1293280	1327160	1684320	1636980	1527500	1776270	1555690	1649920	1133700	929242	978369	1343110	1509480	1063460	1171340	1348980	920069	961303	1011460	1193070
P06134	301390	241591	342939	215348	214156	222763	303182	259433	262851	217329	244149	213352	327317	133111	256869	151772	154922	151459	175138	177538	192855	145508	171692
P69411	12071100	14207100	12372300	12527800	13616400	14136600	13841800	12203900	13193000	14699100	16418000	5797460	8709950	9175240	11664000	10134000	10405700	9443860	8993050	8463250	6037040	9632450	10819800
P13656	322203	342169	442790	352166	558613	387689	262754	935021	418576	274256	415595	518693	593254	573920	603115	716249	1003310	642952	461425	604581	581556	553434	499780
P0A7F3	413246000	334172000	349357000	325563000	313995000	354411000	347144000	279200000	341273000	352767000	332092000	238265000	205699000	218465000	178098000	183261000	159715000	182810000	187533000	217544000	211124000	209427000	178055000
P0A9V1	13962900	15584300	16199500	15517700	16222100	16191600	14613500	15411500	15608800	15619100	15717300	15126400	15512800	14763500	14889500	14715200	14834100	14881900	15398300	14711100	14287400	13421300	14691700
P33650	4770720	5307250	4318530	14844100	9374040	9191410	10355100	7673410	6877260	8957720	7492350	10061300	15064300	12882300	13435900	10666800	13323200	11172000	11182000	10248200	12505000	10057700	12379800
P69805	9005500	9091170	8695320	8899930	9100030	8165530	8684620	8176610	8382610	8760060	10148100	13570600	13394400	17735000	17506200	19045000	17717400	19700000	18253300	18492300	12666200	23023100	20254000
P06721	7700460	7257640	8924770	7431370	10020000	7688130	6686530	8464360	6955920	7992350	7543240	9467090	10545200	10323900	9982280	9356470	9730340	10424800	10480100	9770340	10203200	9367960	9673770
P0AGG2	9714990	10119900	10947000	10163100	10909400	10193300	9836200	11425600	9702950	9738510	10717200	6232500	6944100	7080810	7935930	7687990	7637400	7615850	7165500	7732090	6821720	7679380	7707330
P0AG24	3216630	3146890	3508830	3491850	3331990	3266140	3213710	3327490	3140270	3240030	3420860	2571240	3125980	3531110	4184980	3670580	4035750	4086100	4083120	3421160	2781800	3854940	3729060
P76290	6101870	5585000	6151700	4973270	6694740	5517440	5164360	7560500	5669100	5533440	6128670	7316360	8257640	7207710	7385030	6334570	7961850	7711130	7478970	7689040	8108380	7276860	7098060
P77580	133663	67669.9	214744	149781	234197	166301	130512	230106	100025	129914	136632	111405	182932	190866	212524	167908	224690	165375	191273	169594	232325	196020	149818
P0A6K1	2647730	2462900	2948430	2614000	3020090	2639470	2541370	3708260	2828420	3046570	2907340	3167720	3142410	3456080	3351790	2952000	3297260	3386080	3439680	3398010	2943640	3445480	2993580
P21693	405076	404688	614584	590339	548615	528483	577510	610697	542744	495222	571812	845775	1005820	915719	971611	1046230	968971	894213	980436	790563	747363	901305	1035070
P52129	781844	714492	696706	710617	826189	777129	591891	629350	484519	637495	824843	997597	1043770	1304710	1356910	1219330	1075740	1187130	1185710	1030030	1165130	1296270	1239790
P64474	381670	408965	241714	514715	331994	493987	551099	NA	562344	560941	395324	117312	170385	112190	256368	250689	206886	411447	323866	240339	150626	279214	306834
P17854	25658000	27134200	29313400	22852800	27932100	26508800	26152000	28498400	26784500	24226300	25446200	40944700	35461700	37426800	39634600	39649900	41044900	38264500	38741300	38043900	35521100	38736100	36973300
P0A9P4	25409200	28229500	28636200	25039700	27625700	26992800	25888300	30022100	26826000	26940300	26153500	27567200	27064900	30106600	25928300	28410100	27510900	28745400	27528200	27713400	24837500	27754600	27378500
P77554	1961620	2045120	2293640	1674190	2351210	2032430	1709350	2386960	1926180	1930340	2100970	1453700	1640100	1572260	1631860	1453610	1645860	1791330	1604120	1628510	1514380	1451080	1471780
P37338	401006	455220	502008	589882	313118	464321	578053	334817	531922	455640	486176	245409	290414	203080	246227	265646	262744	229435	245290	182840	281160	210570	271277
P23522	2750340	2913910	1934190	1654580	4752480	1646510	1511800	1954600	865795	1730140	1352440	1458200	479228	1786620	530886	704507	694665	1449680	973948	1304950	686099	761887	1661690
P0ADV7	15823100	16375800	15567900	24712100	12982000	16480400	17960300	13051400	19414800	16931600	17670000	9921810	9513690	9306370	10169200	9228970	8628960	9823530	9683890	9937770	8887010	9394820	10994100
P30126	127263000	110300000	104960000	89235500	83396200	119423000	108692000	80533400	112458000	108742000	98714100	139863000	113655000	109684000	126536000	121287000	96843300	120636000	120614000	114729000	118029000	125953000	118411000
P0A786	394548000	376328000	417286000	404379000	408714000	345833000	388254000	373902000	345168000	422493000	413619000	249902000	263162000	297818000	329001000	320925000	279508000	301194000	295844000	256349000	225260000	304602000	285589000
P0AGC3	7926330	8026680	8793610	7473010	8989130	8414680	9584590	9796940	8532500	8552700	8820360	5908510	6518880	6511360	7210890	7269330	7053120	6774810	6546400	6507780	6154810	6464440	6586110
P0AEY5	9994110	7985780	7888380	7841890	9536490	9218110	8314260	6977270	8971400	9062250	8307000	5933660	5514200	5924260	5482100	6606120	5178040	6387290	6094180	6585390	5695470	5909430	5460890
P0ACY3	12864800	14290800	14654900	17282700	14232500	14805100	18661800	14855500	16155100	15734200	16945700	9814010	11416900	11393900	14817700	12919900	13105800	12838500	12125300	10416900	10571000	9895170	11748200
P05704	866981	1046860	953122	2363930	817941	1577960	1232850	680935	1476590	896210	1312570	NA	974400	582283	884455	185501	861730	671213	665166	808525	1314410	886194	NA
P69776	78204100	124148000	123684000	119717000	101163000	104187000	113889000	198848000	138894000	126608000	108291000	22859300	19746400	64052300	78779400	80885200	193707000	60579700	59100500	31458200	26644700	59572000	73232100
P36879	4661180	4387750	4420520	4496200	4698740	4053720	4494520	4621290	4211280	4379220	4980640	4240280	4559010	4114720	4501060	4547380	4358960	4118110	4284610	3737650	4048920	4158850	4588450
P0ABU9	2645920	3124820	2834380	2787040	2583800	2529750	2505640	2766260	2677510	2673130	2948520	2883870	3080880	3155980	3388040	3453140	3377370	3576140	3527790	3049570	3085130	2867600	3145330
P0AD96	321394000	270334000	349665000	303134000	237797000	335836000	368870000	249941000	377705000	334799000	337069000	360803000	281195000	329749000	245522000	299839000	224403000	300328000	273192000	332323000	302280000	293594000	337746000
P63235	8387980	9791130	8720730	15903200	7152330	10875100	16213700	5929220	13428400	11485900	11505600	6928460	6805800	4938210	8231390	7583010	7870490	8060350	6661390	5554360	10335600	7259210	8645180
P0A717	97053500	106821000	111833000	84048000	122895000	101094000	84337900	125753000	94609600	101041000	99743500	78861700	69505100	79233200	71315500	66159600	73977300	74069600	73290500	79426400	73813700	81008300	77114300
P07021	446474	552381	964958	947175	939717	796931	534306	897421	739478	640667	693913	1208690	1321700	1638060	1357700	1441480	1566700	1466210	1382080	1656260	1281100	1731390	1590600
P31808	7324670	7120940	7651450	6194600	8046220	7356250	6254530	7540670	6878530	6933060	6692690	8153710	7354760	7674950	6958360	7104210	6811110	7772210	7824680	7594530	6935940	7106930	6995670
P37051	17743200	17035800	18550500	17227300	18810300	17486400	16412800	15688200	16728700	19401300	18880600	22859600	24628300	27771200	29989500	29675400	26796300	28262400	29848500	23879400	25939200	26166500	28379700
P11557	20889900	19661300	21181000	19546300	22806800	21214700	19494000	22947800	21213200	21202800	20239100	17859000	17024900	22660600	22292500	23985600	21548100	21132800	23184000	24553500	13436700	21700300	20906700
P27434	14953300	15086800	15636900	14779500	16651700	15616700	13543600	16390700	14771300	15377500	15300700	12078400	11426200	13636900	12456100	13280400	13030100	12836300	12839300	13323400	12843300	12916300	13051500
P25553	148912000	154446000	201305000	204561000	142394000	165046000	210987000	162390000	175773000	174434000	201871000	10065800	12736300	15455100	15244100	17349600	15273800	16709100	16670700	14179300	10761700	8276360	15751300
P0AFG6	240549000	247695000	293379000	205276000	322307000	246882000	190968000	262561000	239059000	260133000	251431000	79536500	81936600	102443000	66470800	75236000	69218100	78111300	73372000	85405000	63365100	70291000	80977200
P30137	41779400	44062200	61895500	70620500	38366200	54328000	70698200	41118700	55893100	57843300	65008700	41123000	39818200	47264400	45313100	45714700	46427000	45866100	45458400	39385400	42495400	43992300	46083200
P0AEW4	2805280	2674340	2993550	2677600	3580820	2591930	2544930	2559130	2284180	2557630	2457220	1569780	1412060	1771920	1674960	1869210	1782280	1787570	1917410	1804300	1490130	1602790	1734570
P0ACP5	2867000	3162660	3406280	2994250	3387880	3122500	2713710	3815530	2960870	3175850	3304460	2808490	2581930	2616200	2540600	2496560	2369210	2463170	2520440	2720870	2699340	2573630	2653690
P22524	12982000	9385070	9929700	9952460	9984130	10163700	9241110	7678130	10217800	9302360	9701390	11406200	8888790	9589020	7580670	7101230	6741800	8282620	8414340	9878710	8177670	7873770	7905980
P24192	1385910	1480640	1210850	1014940	2129080	1278460	903975	1757390	1130990	1162030	1234880	1648870	1695820	2234210	1716770	1318480	1693970	1923700	1929440	2252030	2156640	2290280	1744050
P36979	9016300	9387500	11465200	9201900	9872600	9805420	10194800	10426300	10104700	10495700	11212900	10979600	13212300	13653400	13410700	13578600	13334000	13114100	14128300	11634900	12330400	12427300	12690100
P0AGG4	11302400	7994460	8409760	7452890	8511530	8578870	9566790	6874110	9548780	8261340	9415250	10057000	7288540	7489210	4248450	5561230	4777100	5897220	5567210	7771170	6077950	5559330	6010670
P0A6A0	2090930	2218720	2358670	2380460	2170220	2144850	2747340	2279150	2209100	2506610	2555740	2074930	2627230	2686680	2838850	2622850	2739430	2622680	2621710	2139450	2350650	2519860	2575180
P0AGJ5	21272700	19824700	20850200	16774200	23411100	20190900	19272300	20025600	20826700	18861200	19622700	24417600	20162700	24189900	20068800	20973700	19635300	22095700	21522900	23357300	22051700	20910800	21482500
P37659	1275520	1291490	1659990	1458860	1306110	1651840	1771510	1361430	1625660	1606270	1938690	1442510	1871190	2157750	2281120	2173310	2375650	2266390	2259500	1722660	1311560	1813120	2041240
P75820	1683580	1864980	1848990	1761720	2035350	1774240	1898430	1815830	1709770	1759160	1870480	1677910	1715710	1686580	1791800	1676870	1907800	1699230	1705690	1667530	1516400	1492900	1739850
P77239	115983	137657	44458.7	85170.6	150693	29931.6	16034.7	48947.1	NA	456221	42857.2	150766	372431	283744	1196800	NA	28172.5	127697	69855.4	1891470	50859.5	153747	167999
P05050	74215	121813	77300.8	81209.6	116427	96438.4	141247	80433.4	113565	105190	62072	113451	103969	87330.3	122434	63594.9	101225	149500	96473.6	150316	99816	115868	89906.3
P63204	371532	449111	367904	593788	415307	340824	545545	215828	385878	382295	426108	NA	NA	795909	490230	341027	491179	398068	402084	284377	NA	150421	221159
P0A7F9	2632300	2963810	3347860	2498260	3325650	2454500	2406270	2856480	2199040	2932470	2858490	4783070	5107400	4917930	5282410	5189700	5051010	5458840	5529210	4755100	4145470	4806980	4899140
P19926	40784700	37671000	42217700	32089000	58710200	39533000	31080900	41242900	33123600	36271400	36142600	9244380	7701920	9523450	10244000	11500200	9245060	10081400	10122000	10385300	8153300	10882600	11498800
P00722	371523	291246	289066	305083	608206	332602	239198	583497	255021	328293	385096	94979.9	131220	137227	164148	120918	180645	189856	164571	169719	145607	199811	186128
P77364	282141	403401	545155	388828	419662	530503	352671	497188	435277	449972	493583	614854	725930	777998	738640	637002	696700	833673	741384	939617	401833	553703	673753
P0ACY1	55981200	48506200	53322800	44595000	61962800	54612000	45232100	49334600	52478300	53872000	47641200	39655900	34511200	33622600	29622600	32290800	26053000	33339700	32603300	35725900	27776000	30979200	34735000
P13035	1172860	1192290	1540770	1470430	1120740	1171430	1592390	1397320	1531320	1435470	1460240	348193	709419	889181	1098480	952369	1073000	883429	990661	778418	472336	2069160	1848460
P76128	1554580	1665450	1911970	2028660	1439690	1733650	2246780	1652270	1990060	1793730	1875500	187645	234613	234473	378389	335905	286127	197727	271769	264409	233979	137278	249075
P06610	31509400	27314600	31047800	31731400	27055300	29907300	38052300	23523800	33472700	29877700	29163500	32768100	29543200	32089400	34047500	30570000	29657400	32503400	30445600	31567100	27134300	26772300	30909500
P39346	119232	169124	110934	408717	201419	198650	NA	167370	64155.2	505873	121109	NA	37728.7	74436.1	NA	95343.4	286544	119272	242357	209597	38076.9	97166.1	59601
P76213	258000	159076	262188	311226	279819	202140	322186	275489	149787	227446	254931	289645	349649	370359	482158	474984	402697	455552	391660	379099	293959	422059	478855
P06129	11127200	12025900	14399900	10103700	15815300	12672400	10637700	12947900	12274000	12186600	12951900	12987400	13073200	14755900	13883600	14759000	13285300	14553400	14140900	14117700	11265500	13078000	13809000
P08394	770482	758835	902401	712889	871422	743462	764240	948152	729994	802531	769941	662555	916668	827824	809532	887399	997107	843846	856619	725803	775422	800223	803239
P18196	6509670	6999940	7040740	6025680	7035850	6567770	5819590	7201030	6643240	6168410	6697720	6713840	6651430	6879040	6155760	6271870	6654630	6451400	6614340	6834640	6121030	6231160	6459000
P0A725	3111250	3064260	3488120	4255780	2970770	3326730	4272360	2886440	3540410	3626160	3778430	2689850	3206790	3185320	4098420	4196660	3929830	3901000	3912000	3065730	3142280	3296060	3876190
P29131	9153270	9927370	9330190	7066230	9318860	9764150	7884060	10126400	9891850	9471070	9215480	9055080	8187010	8885180	8203740	8899550	9828590	9691990	9522060	9755660	9003160	8220790	8083930
P75952	1333650	1194370	1137720	1221160	991027	1141570	1342700	1435580	1276830	1106970	902684	1561710	1188680	1048480	832083	962888	1244470	1052330	1036560	1284360	1340830	1026440	933537
P37095	38668700	41381000	43452000	28371700	44114800	37727400	34214300	43047000	38718100	36185200	38219400	32704400	31830900	32916100	31645300	35306600	30700700	32591400	32620500	30713000	31086100	33451400	33060500
P77730	1508530	1277950	1647730	1517580	1407810	1180230	1329710	923152	1904410	1567680	1105500	1045150	1055830	1074290	1126930	1244630	1048530	1218200	1412160	1365530	1098400	1046200	1183210
P33934	298691	279638	191727	161058	476349	236615	191185	341685	149601	197795	207301	111162	107422	NA	NA	114560	NA	159199	NA	NA	163795	177903	NA
P62672	2363860	2314150	2343190	4180350	1995620	2316190	2543850	1730280	2268380	2566430	2224640	1790990	1426810	1676720	1932030	1973330	1593560	1641800	1637310	1310490	1503990	1323050	1648820
P0AFL3	16413600	14837700	13022900	15214600	12676900	14509400	13766400	10116200	14878700	14881600	11884900	11102100	10230900	9657100	8014280	8209780	6751190	8152070	8662550	8768240	9584740	8029250	8213160
P27832	283011	225963	385892	356875	344572	410671	432551	139827	434436	330517	532841	272542	376400	597017	753979	660317	653648	630236	653034	449152	414859	546099	598080
P69795	4004320	3030970	2306040	4316350	2348450	2369350	3044430	1613290	2791500	2579990	2461680	1098520	1027370	961284	756926	658154	663179	760647	908687	1071370	1054440	619552	713586
P0AEU7	231961000	201759000	156727000	188884000	190169000	179036000	202213000	115897000	202555000	197596000	189248000	130921000	102573000	142111000	134619000	149903000	93878800	129564000	134001000	134567000	95130500	157564000	166840000
P0AAR8	3822060	2614800	1911100	2425090	3487340	2268010	1975170	1604290	2117370	2343530	2102350	323087	222754	279452	313472	219947	230312	303742	388520	338628	204862	295766	323462
P0ADQ7	20744200	26056400	33557300	28024300	35198200	30372600	33145600	56144800	34310900	30695500	29460400	49943700	26810300	25129800	32622300	39468500	81819200	31985600	26288500	29053800	29023600	32053800	28646600
P0ADC6	2534470	2721410	2870760	2741040	2444340	2781220	3060130	2547250	2806030	2582840	2968770	2046300	2311870	2357120	2854590	2672120	2751890	2750050	2633970	2401010	1678430	2298760	2482210
P39334	2468910	2396420	2306660	2077690	2532630	2296940	1947460	3226860	2386540	2070220	2198670	3167960	2109820	2082440	1984710	2079650	2908940	2362030	2111920	2666470	2131510	1796730	1715200
P0A8I1	6552790	5736850	5460480	5025370	5488030	5329440	5384990	4388840	5953200	5292980	4627270	5829990	4830010	5993070	4637570	4969210	3974020	5365990	5288270	5884110	4454710	4762580	5265880
P25552	1050520	1183370	1311220	1358890	1197480	1261240	1284370	961807	1215510	1269620	1381760	755388	1086950	1131620	1269240	1346020	1134990	1201280	1194360	990676	870928	990478	1251460
P80644	1184270	1166670	1571530	1248910	921715	1162510	1220070	1128810	1153100	919575	990613	497920	594469	488106	246174	277026	476934	426000	438519	533943	766998	367732	191343
P31680	4848890	4564220	4731980	5627140	5152930	4622610	4629160	5762720	4190170	4617930	4757140	5165670	5001050	5798480	5778320	5503250	5404710	5391660	5448330	5628710	4493400	4796410	5291790
P02916	266060	413865	520192	663505	373308	340148	605152	471861	458485	633984	488095	825220	830811	756905	758022	934086	841616	1122760	1000020	1132990	840827	1151720	1123230
P45748	12513700	9845890	10341300	9044200	11188200	10630500	10538900	9714490	10999900	10321400	9631860	12524600	10626800	10361700	8695250	11066300	8717800	9819840	10087800	10084900	9246260	9453360	10739100
P21367	28979300	29220500	34877100	46715700	24978500	30374400	45076200	27896900	36710800	34835700	34453600	10685000	11977700	13305300	15735000	14645200	14390900	15444600	13550600	12614200	12508600	12127100	14255400
P0AGD3	142943000	129745000	149901000	47301700	172749000	126210000	91489400	152350000	103834000	126933000	129897000	91703500	88795900	92884600	117449000	108418000	86328600	107793000	113322000	100258000	95903200	110203000	102593000
P09030	9142100	9397170	10568900	8745370	9907350	9573220	9690900	9597710	10049700	9998010	9629550	11968100	10959600	11575200	10969500	11207000	10638300	11431900	10985500	10959700	10150800	10437000	11633900
P0AE91	14270300	14525300	12415600	12607700	12247700	13553000	12644200	10687000	14840700	12562300	12698600	14144700	10740600	11559100	11484100	11099100	9367860	12128100	11788700	12477000	10696600	11028700	11571500
P0A7A5	3937490	3929380	3768640	3200430	3970210	3580710	3417690	3484890	3541600	3351240	3573640	3085800	2856450	3042290	2818130	3086020	3147630	3311170	3134130	3263840	2747680	2967300	3029150
P07109	2056090	2136960	2316700	2083960	1850020	1922620	1996680	2019750	1891120	2233310	2454860	1694990	1596950	1899330	1988630	1937840	1894830	2026820	1854580	1761130	1452260	2034300	1738700
P21189	422608	452791	411283	692376	488482	490489	602969	570291	442362	460091	494854	464303	375981	345334	459400	378750	423285	429470	537248	291887	352438	395555	408811
P0AGM5	NA	NA	72876	NA	NA	NA	260929	62792.8	NA	NA	156061	1168610	1099270	822956	837500	552705	705159	685424	399605	643912	682458	660569	682949
P39452	1924590	1994660	2253980	4831750	1381420	2229130	3246940	1671260	2498750	2594320	2802140	2177860	3273440	3178010	2827350	3258860	3564130	3160340	2932640	3035640	2871860	2025640	3033500
P10378	8509720	8716160	9446440	25420600	8316650	10740800	15778700	5841810	10894400	11929300	12758200	10831600	15113200	14225800	13454800	13581800	15836300	14443400	13023800	13982100	13134600	10368000	14314900
P75791	2171040	2328850	2803120	2547890	2123730	2759350	3733690	2802110	3012590	2890780	3180470	4065160	4422510	4543860	3916300	4185690	4241350	4632110	3927660	4340280	3505700	3547190	4018720
P0ADM8	389968	485908	599631	423487	624870	635068	493834	549583	549549	719408	743181	574964	588698	611713	593019	602979	666502	615400	680809	544984	525804	664207	740747
P76506	15170000	15722000	19170000	14993900	19524100	15849600	15196100	19278900	15990800	16350200	17041500	17666400	19557400	19511200	17962300	17928400	18516600	18614300	19181300	18341900	16142500	16564100	17606300
Q47710	3440020	3151810	4118280	3815540	4487920	3629640	4323110	4706020	4405060	4192910	4077350	2955480	3321810	3735520	3674750	3017580	3747520	3656460	3630720	3251440	3089540	3164040	3660080
P0AFB1	3707260	4462220	4899160	4275160	4926410	4518280	4581040	4906150	4522740	4174930	4535310	4036000	3769550	3651510	3592130	3992670	3902980	3672390	3650770	3478790	3588560	3390100	3609610
P24188	501684	545110	517123	708823	226770	549717	975292	316401	779274	472833	488723	546978	740375	650751	938184	805606	896259	715098	822695	642468	685817	350713	703163
P0AFW4	15763000	10795500	10373200	12326400	9604270	11624600	12357100	7973220	11461000	12948800	11215400	3355420	3023750	4068880	2509870	3660790	2699860	3505790	3433360	4582650	2914930	3355950	3773070
P37024	1565200	1425310	1765890	1342530	1719680	1445180	1407060	2138970	1245820	1634340	1632760	1794540	1949520	1836370	2052900	1905410	2315110	1945130	2050160	1643280	1808370	1777570	2129180
P77667	3725650	3639980	2894150	8304180	2216200	4179770	5867990	1945390	5915350	3709530	4082580	3932600	2613400	2950780	2480050	2825320	2065830	3174860	2598200	3637860	3970650	2206010	2343600
P06996;P21420	739709000	1002600000	1095340000	900365000	1186100000	1319600000	938845000	896398000	688880000	1142110000	1041870000	552068000	476929000	535531000	805222000	776474000	901729000	940420000	955218000	849360000	462189000	618092000	710484000
P23003	2339180	2455810	3105030	2358490	3180610	2756180	2591400	3127610	2671690	2815420	2863090	2874030	3099050	3381200	3380260	3365240	3109770	3159790	3277520	3154760	2539290	3039510	3107340
P0AB67	15312400	16562200	18389400	16963200	18269200	17275700	16596100	19042700	18171800	17723000	17792700	33131200	33494100	35353000	30973700	30727500	31972900	34089100	32174600	30089000	38387100	33574600	36747100
P0A870	174112000	162099000	170964000	144112000	188799000	165743000	148799000	171067000	160539000	167418000	165974000	112891000	104964000	124283000	117611000	122657000	120425000	125084000	121225000	120136000	107266000	126917000	131012000
P23367	2766890	2548710	2870280	2649950	2553730	2504560	2566180	2540070	2622160	2746680	2556930	1677730	2148400	2305490	2873670	2712400	2617970	2521110	2701060	1935390	2030790	2415450	2656000
P0A862	312637000	274222000	264424000	250686000	264239000	310663000	275304000	228118000	320008000	307134000	297528000	259760000	212228000	257090000	222577000	233102000	185484000	259251000	230972000	249114000	202293000	239855000	248025000
P0AEE1	10692900	12368100	11230000	11260200	12273000	11170400	10976900	11861100	11330400	12608400	11582900	9925010	9232310	9867420	10510800	11078500	10283900	9950410	9627260	8910120	8788780	8910340	10755500
P0ABG7	803296	819335	646439	810066	589411	561343	843198	771901	867299	558385	647307	578582	788961	629301	600104	446759	543834	593447	569475	691548	550636	837391	796810
P77735	17186900	17236200	21479600	17565500	24995100	18663300	19519500	21464000	18717900	18630500	19260500	14851000	14832700	15074800	15995200	15868700	16221000	15675700	14599100	15646300	12871900	14955700	15676600
P0ADB1	195958000	209711000	227711000	280671000	241290000	220471000	264978000	193030000	259538000	246413000	256627000	204515000	151315000	196819000	202506000	237533000	212000000	200792000	184947000	166322000	145968000	173494000	210126000
P32099	3084540	3423010	4373550	2681770	4195180	3458320	3038980	4233520	3083190	3280620	3273480	2734530	2995060	2719570	2769180	2830970	2621250	2804790	2698860	2747350	2503850	2638280	2537740
P0AED7	3298320	3284030	3246610	2366340	3823990	3073880	2906030	3622810	2806140	3170990	3023870	4162110	3733270	4531150	4106620	4089000	4232840	4531620	4739230	3895210	4343660	4279340	4613360
P0AAN1	1870180	1147870	937316	NA	1802980	840646	1938920	809536	1023250	834868	809193	842392	795612	1034210	940725	1137690	688393	1046680	1155980	924742	885895	1644600	1121690
P75830	2268180	2129440	2310470	2031720	2761750	2070590	2208860	2208610	1951970	2357760	2308740	1538170	1681460	2171520	2018330	2046960	1988300	2145300	2126010	2031870	1391530	1767250	2103420
P75831	1289440	1344010	1504990	1310920	1394010	1314500	1241820	1433130	1451030	1428450	1439090	1087890	1198550	1187710	1295390	1237500	1261130	1306540	1151750	1129320	1111690	1043880	1087750
P31554	15717400	16094900	18201500	15140700	18470300	15946600	15613400	18170700	16603700	16808400	16659800	17533400	17679700	18642400	19532600	19693300	18392000	19193300	18988000	16959300	16313800	17980900	18854000
P25714	14120500	16885300	18228700	17099900	17494200	16075400	16107400	16162000	15789100	17129600	16863300	15825800	15773300	19145900	19699200	19301000	18534100	18720300	18088800	17243500	16867100	18910700	20202000
P0AGJ9	23458100	23938900	24995000	18009100	26102600	23865900	20355200	25027200	21212400	23911100	23922100	26232500	27562900	32334600	33796100	32636700	32806200	34887000	34324400	31326300	28073000	35005300	35227000
P18335	16746300	18061900	18984400	15826400	22213300	17910200	15475600	17937400	15792400	19587800	19244100	22048500	22085000	26557100	27886500	27338400	25572000	27589000	26516800	22418700	24421200	26982600	27237500
P03819	926714	1051190	1154660	1339240	1033780	1042030	1207980	1101590	1211670	1085390	1199960	637031	1018940	1117760	1283520	1102300	1195710	1249050	1089180	1052190	1212980	989499	1004350
P0ABU0	14612100	13697300	16237700	14015600	16347900	14782700	15374400	14842000	14260300	15484500	15908800	22669000	21034300	20795100	20611600	19308700	19395400	20556000	18726400	21239100	18919000	20433600	20793200
P0A7W1	257174000	267058000	279848000	261808000	281052000	277118000	254033000	241859000	286310000	278504000	270648000	345538000	314098000	357842000	339412000	330567000	311693000	345145000	345655000	328171000	274618000	339870000	363771000
P0CE47	829561	513456	572259	503682	613866	615661	739835	535350	650661	661781	753624	458678	241051	406390	462418	615154	454701	494293	379502	567505	211903	436563	513672
P06971	15499700	16334500	19421400	20314300	16637100	17652900	21231600	14163000	19148200	18764800	19389100	20744500	21356200	20841500	21722100	21765100	21353700	21302000	21317300	20971000	19237000	19140900	20937900
P0A698	7234000	7931520	8172950	9023190	6760170	7799240	8624120	9085270	8143680	8242720	8738890	5718350	7019470	6758580	7966500	7715880	8487190	7374860	7237860	7280250	7452630	6649700	7384650
P21363	14831800	16575400	14102500	28014900	10093400	16412400	29447200	12314000	25123800	16257700	15682700	8120640	9468630	7208570	8589710	7506790	12978900	7506610	7282660	7269900	5061080	4520100	6857690
P62517	3368180	4011420	3864990	3359270	4315500	3551890	3731240	5115040	3998990	3986380	4006510	3454830	4169370	4584610	4937840	4899970	5162000	4925190	4794690	4107000	3923880	4915590	4810220
P0A855	35607000	30491100	32011200	26991600	31163500	31947400	32528200	29943400	32239500	32053900	30845400	27881800	28225200	28729300	27353000	27269600	26483800	29355700	28904400	28622300	24505500	27122200	29190500
P0AE01	4628530	4630310	5921080	4614460	5804590	4795720	4663040	5943510	4574720	5609800	5307140	7799960	7930610	7324540	7497210	7428280	6835100	6834100	7016400	6692890	6232370	6690020	7290630
P39288	76259.4	107377	203670	191835	233266	185532	110909	256560	276737	171842	179877	307801	NA	236322	347073	305145	282706	205223	263515	143809	183230	254497	250282
P11447	25429400	25468800	31072600	20322100	40095200	27014700	21250500	33863600	23567300	27305000	27152000	41032800	39726200	44790700	42070300	39660200	41211900	40455200	41385500	41250500	38469000	43845200	39898700
P0A817	139930000	149537000	168251000	127177000	176732000	154151000	128034000	163935000	142189000	150961000	145219000	136860000	153436000	165974000	169365000	170898000	168095000	178203000	172195000	152267000	142578000	174258000	162347000
P0A7T7	98108200	102920000	119968000	98710100	114936000	114568000	117658000	119393000	129508000	125302000	127712000	140638000	125908000	144547000	187648000	197458000	168332000	173703000	179234000	148305000	118008000	207419000	168427000
P06282	929166	895724	1098770	961702	1111980	950924	874566	1119980	969683	936396	927432	1837570	1910380	2090360	2108180	2158000	2047030	1953620	2276650	2070170	1684510	1982230	2019480
P05194	7387460	6297100	6256140	5975950	6696480	6325200	5960780	7326650	6428870	6109850	6087050	5607800	5850270	5855710	5325010	5711290	5731580	5789240	5452000	5986480	5156280	5447850	5571630
P0ADM4	5509460	6496930	6335990	5443260	5752000	7021430	7090340	5140620	6654250	6664870	7648690	1595600	1991490	3237880	4251400	3776740	3534790	3564340	3629580	2950580	1126700	3171290	3495830
P69425	4863400	4393370	5371100	5100210	5356390	4706950	4554780	5717890	4617640	4717340	4699010	5325800	4785020	5963360	5517140	5500370	7086950	5619500	5878630	6333240	4727640	5595150	5195930
P62620	9160620	9109270	10062900	8337220	11065500	9503520	8267740	10604300	8881770	9719530	9891060	10166800	10385600	11620100	11480500	11405800	11764400	11789800	11610300	11307100	9557780	11925700	11871400
P43337	2733190	2907470	2707680	3304860	2921280	2683270	2694610	2794080	2759020	2920190	2779560	3010130	2907210	2699850	3071700	2754950	2663220	2876960	2682880	2587840	2868360	2533120	3018340
P0A6H1	29979000	32113400	36755700	31809500	33003500	36952000	32145600	33489300	35481800	33660600	34711900	41714300	41943200	45700700	44240600	43922800	46427400	44920700	45316100	45751100	41512100	44960000	43145000
P11553	NA	769730	1379470	1388590	1129990	1327740	1819260	311624	1033250	1504460	697901	NA	625989	NA	NA	NA	NA	NA	NA	NA	970606	NA	NA
P39173	18313000	19232000	21121800	17993800	22774400	22365800	19101300	19969500	21463400	22170900	23627600	40526600	37227000	41863100	40065500	40464500	40750200	42790000	43662700	42554500	37176400	35114000	38044900
P0A8D3	19911500	12313600	14244000	9913500	14971700	15250500	12031200	11849200	14195800	15236000	12411600	22479900	16046100	13316100	9854080	11612100	9098690	11147200	11029300	15990900	12366700	12995700	13256900
P52119	6561880	5593370	5413710	7093490	5504690	7064860	6626030	3510950	7382210	6456890	5257460	4072910	3106120	4861470	3944140	4020670	2879730	4064450	4157570	6335600	3481040	4159550	4841850
P07623	8733450	9010790	9637920	7754220	14771600	9579590	7747010	11677000	8616980	9302910	9161220	16379900	16608000	17048800	17801500	15946400	17096600	17245100	17683100	15782900	16568200	16646900	16925700
P0ADI7	13494600	13763800	14420800	12143500	16762100	13638000	11423100	14017500	12889900	12609800	12878500	14484500	12316800	13201100	10742700	10943800	11846700	12477000	12955900	13798000	14768900	10558100	11331500
P76346	13701600	12855500	13355600	10831600	13898000	12484800	12998500	10920600	12529500	11561200	12762800	4634480	3800070	3870110	3179960	2956300	3140820	4042170	4058010	5209500	3997150	3507300	3738420
P0AFU0	474046	474780	372276	526455	412664	464620	601843	316001	497214	459720	525605	344687	429717	347776	449885	377558	399589	404313	412171	364210	318863	339873	396786
P25748	281914	277804	356939	343647	384026	338606	356938	346996	310337	368739	384598	NA	NA	NA	NA	NA	NA	NA	NA	103080	NA	NA	71289.9
P00887	9195400	9077920	11346100	7673300	13145800	9982490	7426380	12490600	8908940	10448600	10650000	9661220	10134500	11910600	10965600	10154400	10738000	12209300	11714100	11207100	9350040	12631600	11886200
P76555	349358	152561	233481	155805	357813	215257	120869	266257	251986	254324	207393	NA	NA	156053	NA	NA	57302.1	76335.8	NA	75099.3	NA	108335	95733.3
P22333	5282070	5454420	6717660	4897940	6739220	4878040	4680690	6480180	5155010	4261870	4919410	11130700	11908900	10641400	9113760	8320760	9948610	8999990	9769820	9681870	10217900	8661480	8479820
P0AB85	682076	662682	524032	680748	892172	642677	616987	775757	726743	616837	631126	676403	451496	654943	545149	654387	613410	561779	665730	696757	467822	622945	582448
P64483	32170900	28919800	29416300	25214100	34246200	29302400	23706300	28760200	27997000	28649300	25480800	24759800	20159000	23020500	19335700	18628400	18405400	21062200	21688100	21017700	21786800	20996000	20553700
P29744	487885	724764	674172	2311700	650538	1297830	708145	273641	1061400	264858	155748	NA	NA	NA	NA	NA	NA	140975	NA	107194	NA	NA	NA
P15640	19225800	19446700	23297900	18094700	21480000	22376200	20332900	19237200	22972400	21719200	22772900	21986300	22229400	26797800	25279200	24644900	24133800	25992300	25098000	24348300	21657800	24463800	25759700
P0A6I3	3079590	3316070	3780390	3369640	3527590	3506570	3418380	3797630	3379320	3700710	3643330	2766220	3093140	3429680	3351320	3250030	3238190	3739020	3488450	3033170	2801450	3354240	3530700
P07018	1609540	1645380	1417740	6253480	901903	3010970	3435030	300059	2672100	1478350	1673430	NA	NA	700762	1436640	NA	728157	1081070	868556	304175	NA	295987	598398
P0C066	930843	1068490	1202660	1135060	1125730	974934	1321270	992252	1119240	1042150	1045740	1242640	1101660	1354310	1484110	1478070	1384360	1444280	1293600	1234220	988561	1329530	1354250
P0AGL7	2965800	3252890	3846650	2959070	3679000	3429540	2857760	3849640	3442260	3646550	4075420	5422160	5205460	5514140	5247760	5068220	5273320	5607820	5605150	5375980	4804730	5235640	5078680
P76445	602311	641643	448273	549504	NA	476325	708001	381576	753504	565160	597655	868702	866341	451470	768208	1224530	747202	872565	909630	884726	790626	889990	1243350
P0AFX7	4281950	3927690	3578580	3947500	3695940	4001110	4060860	3793300	3969390	3474050	3535520	3745860	3388550	3410830	3218280	3083300	3695760	3376900	3393990	3913780	3333980	3455620	3370710
P0A8R4	9577990	6803390	7247160	9110970	6641820	8696990	9532630	3863900	9452560	8063950	7125070	4032200	1990550	3688240	3490930	2680440	3650490	4195120	4131760	5310890	1377190	2856650	2896790
P39407	749112	804621	1110150	1254300	1134980	1113530	1150120	942631	931845	1213180	973066	1984580	1954560	1861760	2077380	1897070	2200320	1942120	1762270	1937140	1822550	1881970	1990350
P40711	573419	378789	466607	309901	259871	326829	402121	188104	323992	227217	156400	141920	214618	451158	406907	297501	285698	472491	499782	355108	133943	270897	257807
P77775	5617020	5134460	5820800	5327890	6156590	4856460	5295810	5154820	4806310	5118980	5185500	3102010	3396340	3363850	3287290	2887930	3095070	3091940	3301260	3388440	2965040	3080020	3355250
P0ABB0	276832000	289820000	313239000	292678000	279496000	287002000	293562000	283229000	287007000	312069000	319707000	173495000	191011000	213466000	224062000	221880000	209337000	220790000	222343000	189308000	198259000	218325000	235688000
P20099	2454990	2570230	2946920	2639340	3010780	2648980	2598580	3533230	2843060	2677550	2621440	3210410	3926150	3746760	4092960	3899380	4495990	4017670	3867720	3441970	3530140	3693280	3400800
P39831	63927300	64680700	68327200	55039700	68147800	67112100	66855700	56911100	67977000	67214400	64361000	68099900	54650000	61621400	59147200	59933800	53963200	64486900	63041000	63117800	57409900	61607600	67066400
P0A7L3	44880300	45472000	44216700	53232900	44458800	41589200	50783800	38647000	41226500	50194100	51647200	45502300	50486700	51786600	63392100	66586300	52709300	55090100	57942700	41589600	54470500	58572400	71189400
Q46864	4499140	3463130	3104070	2702120	3846710	2991650	2773240	2821370	3316680	3058020	3192630	2081610	1638030	1905660	1972220	2318640	1633750	2157330	1967610	1995400	1280620	2168950	1735940
P39411	5371720	5652520	5526010	4785200	5076590	4962200	5199560	4550110	5131450	5533420	5423770	7087280	5830900	6783480	6858330	7589990	6166190	6797070	7100840	6575110	5442190	6582260	7068900
P77348	12260800	12240600	14577800	12337700	13839400	12532500	13588300	13589200	12498000	13089600	13317100	7645520	7898270	7969990	7981450	7828840	7687890	8256920	8227770	7543680	7017870	7649040	8454560
P32177	1015660	1351420	1223030	901464	1521570	1044920	991855	1702390	1156330	1020860	1124230	1694430	1488510	1517590	1349990	1277570	1649130	1410230	1449210	1229790	1410590	1432790	1595650
P76014	3721950	3020020	3917230	2567010	4117170	2983560	2889190	3935760	2869170	3145880	3195900	9308860	7751630	8347200	7329220	7849360	9075590	7914050	7679380	8978430	7461140	9748140	8616520
P16681	4762080	3738220	3988010	4515530	3765210	4304560	6302390	3764740	4690500	3687750	3658430	1696350	1744020	1750640	1481680	1451460	1461650	1553490	1460370	1950390	1840270	1592720	1497070
P0ABC3	29288600	29738700	31843900	32288100	32581200	30003400	34465900	32436900	33852200	33362700	34635500	33384000	35231500	34434500	35889500	36215900	35963000	34160700	36039300	34199500	34383500	36367800	39166700
Q46798	2263580	2396070	2757180	2218980	3116490	2373150	2116910	3090400	2341200	2403910	2625380	1891710	1846710	2005550	2172020	2080230	2043940	2082360	2005000	1836990	1792790	1920320	2045770
P0ADK6	511881	500890	605227	285064	631752	416437	256878	488613	414229	424045	489047	210522	269345	270249	224066	171232	267460	299795	211096	264986	235656	237724	268630
P00803	12631200	13242200	14692000	13403400	15442000	12423800	12224000	13321300	13091900	13386700	13909300	14485300	14763200	14344300	15097300	14417400	14304200	14256600	14492200	14587300	14688500	14388800	15347400
P45800	3409280	3832160	4303210	3957610	3844220	3570790	3842410	5304770	4007500	3839200	3964990	3070930	3527080	3514700	3587900	3274770	3835340	3632080	3557660	3128620	3088660	3475740	3510320
P09053	17660400	17694100	19942400	19437500	16641800	16109600	19642900	17091500	16925800	18628800	21124700	15490400	19809200	21923500	23234100	22055800	21370800	21954900	21641300	18331100	18266500	19261800	22067900
P50466	153767	232431	263552	670410	108873	536629	336869	130643	449322	227508	469188	NA	NA	NA	NA	NA	NA	NA	NA	NA	NA	NA	NA
P0C0K3	1954150	1982840	2272100	1996950	2035520	2095460	1820890	2098490	2076610	1986160	2153220	1900290	1942590	2804530	2849040	2660300	2492800	2521270	2629490	2187740	2018710	2491250	2450950
Q46822	688794	1393200	1784080	742173	1372680	1356190	1150760	2101360	1236080	783090	1097110	1734140	1580540	1257440	904073	1316560	1394600	1613740	1611280	1605010	1561020	1156120	870879
P76053	923245	1082870	931447	935928	852381	872227	974221	931007	1015990	987387	886591	1235250	971716	961450	748714	855078	784771	930822	1023340	1063220	1027030	947982	919137
P0A8Z0	2873670	2686240	2750860	2183030	2939550	2912650	2199250	2866130	2488190	2721890	2571730	3673130	3536530	3265560	3632270	3917880	3285390	3577520	3547300	2726410	4519140	3724140	3912440
P10903	665264	430533	594201	525536	565828	141555	963534	476210	358679	945662	392679	913455	724851	1078070	791588	901842	1046010	925023	929938	815998	805817	1071950	966111
P0ADN6	5284760	5814160	6031100	5662330	5880620	5102510	5107350	5580720	6211720	5413760	6122410	7433290	5878120	6826290	5430450	6684820	5102600	6658190	6207190	6325040	4613900	5545980	5266670
P0A915	110862000	114860000	151498000	68620000	259723000	103052000	71500600	119785000	81983700	125816000	111937000	39081400	46808500	46496700	39531000	42406700	37174400	42011100	41699900	36195300	31440300	41684500	42527400
P0AGE0	88151800	84457400	85503900	71743500	95999200	87268300	73485800	73964700	79129300	78722400	72568500	68169300	54526500	58306100	50839800	57465400	44850000	55430400	50649800	59969900	52150700	47406100	49189000
P33224	4361310	4441920	5107040	6633600	4878010	4832120	7337430	5788110	5502950	5571830	5498900	2543100	3649290	3013480	4045910	3740810	4711500	4351530	4339120	3721670	3989080	3814370	4235280
P0AES2	1502350	1478250	1573150	1291180	2262290	1264960	1223720	1417690	1295510	1109380	1287530	972321	932595	1005890	1040030	1014270	1093220	1137910	1086140	837008	915492	973218	1028720
P77432	211153	128797	128755	127568	77938.5	118289	150106	89894.2	157951	118683	158107	221712	264707	NA	69666.6	NA	71345.1	179369	101801	87201	269885	62627.9	NA
P0AAN3	7525830	6886340	6955570	3388480	10435400	6335440	3721950	8325300	5569490	5757600	5835270	5219890	3779330	4851150	3474520	3575430	3974240	4028630	3895750	5503250	4749700	5604290	4058970
P69786	9629320	10248300	9310990	11661200	8735270	9958420	11950600	9235600	10924400	10269900	9695840	27891900	31221900	33909900	38424100	36615000	36920100	38467600	34818400	31707200	32809600	38464000	41595000
P21420	14309300	16181400	13789300	12802400	11421000	12370600	12440500	11881000	13845400	7264770	6890360	4348020	4048450	3472660	4069350	4512790	3259480	4079380	3943620	3871340	3332210	2703870	2187140
P37325	944594	1109010	1022540	970966	1049380	1004000	1016280	929462	962558	927591	814097	939214	870390	940886	1005230	880709	925049	1055110	1043100	887545	888265	886254	884989
P25894	7224190	7975300	8563330	7246260	7465410	7054560	9024370	7913880	9158290	8644660	8995130	4267620	4199910	4957300	5209230	5046920	5380510	5422780	5128970	4262210	3586330	4821190	4636330
P32684	4379410	3659220	3784950	3677850	3391760	3553000	3698050	2702650	4215470	3689200	3554870	4176820	3612410	3783920	3456560	3756590	2745410	3534410	3420600	3873610	3411180	3234040	3594860
P37610	376507	377642	371722	468455	315589	412070	499521	218072	438852	389608	409541	239574	208560	203810	332474	284801	233586	265267	263828	194411	191255	265599	302896
P0A6C5	6401770	6540370	7307630	5890900	8818440	6565140	5951250	7977620	6052910	7355070	7530330	7737400	7804090	9156160	9359480	9035180	8918720	9202910	9594010	8133020	7835570	9028260	9081680
P04951	4983070	5211710	5781950	5029790	5278480	5443040	5526080	4807000	5280780	5764630	5521570	4945920	5447830	6486360	6843760	7035930	6263690	6809190	6748000	5537230	4676410	6607370	7191650
P23869	259871000	199477000	203200000	185832000	195371000	215467000	193413000	154145000	220864000	215753000	201746000	202122000	171763000	189913000	150084000	176221000	136261000	184761000	181534000	181454000	130853000	186983000	186951000
P33030	2274070	2470650	2671020	2355930	2309020	2513990	2413890	2717850	2785230	2609400	2470790	3175160	2857810	3071840	3028580	3076390	2983660	3052220	3109180	3225180	2950850	2640240	2733310
P00954	19141400	21252200	24191200	18956800	23118600	20946700	19855600	22682000	20656400	21810500	23269400	30459700	31247000	29981900	30360600	28726200	32010900	30620000	30652000	29603600	30775700	30920400	33587600
P0ADK8	24697000	20036100	16310900	23473000	16896600	21837000	21850500	9567210	23882800	19737900	18325200	19495500	14056700	18588600	15837500	17635200	11597400	17837100	18052100	17698300	13936700	14357600	15145100
P18392	1050100	802319	1065820	983787	1066900	966973	1190120	1061410	1016860	1190810	1005440	1190890	1167300	1152200	1026510	1039000	1333870	1194400	1115490	998173	1156800	1172940	1231600
P0AG51	343160000	290942000	299203000	307564000	342133000	348739000	283742000	317232000	327223000	309370000	298375000	510769000	342596000	377759000	296437000	313802000	333749000	351762000	352914000	374581000	429980000	381673000	415909000
P08997	203800000	229158000	259806000	224487000	216136000	219740000	214297000	237827000	227984000	251663000	248781000	102866000	115394000	121442000	111554000	113653000	120756000	121866000	113796000	113967000	107259000	115203000	122069000
P24216	57034.1	268795	296112	796918	75985	368311	359842	NA	324801	207938	167090	NA	NA	NA	NA	NA	82348.8	NA	NA	NA	NA	NA	NA
P75914	24854600	22379300	25339900	19342200	25180400	22271800	17934900	26345700	22746500	21335600	21811500	20831200	21033800	19995600	19217800	17788400	20539500	19393500	20555100	21554800	21296400	19379100	17775200
P76104	2800770	2975530	3295690	2290830	3337140	2724660	2660880	3723040	2436400	3133080	2896690	4279630	4375880	4507930	4842430	4679910	4673600	4391160	4478760	4137220	4088710	4503110	4309360
P16926	6838450	7233600	7678340	8172620	8003220	7945230	8257690	7588470	8317900	7587570	8387750	9997670	10188300	11098100	11338400	10790200	11357300	11541600	11418600	10916100	9022220	10298600	10790500
P0AFG0	86174900	83786700	76593200	75447800	76209300	85153700	74523800	57025300	79889900	70985100	67542400	67466900	49187700	62487600	57426200	55419400	47546300	60734900	62503200	62679500	51976700	55224200	61973600
P28305	1238040	1272050	1403740	1316360	1358510	1153120	1078470	1237380	1290070	1369590	1331530	891530	1050290	1137880	1255640	1255560	1177000	1235790	1146420	1172810	824650	975644	1096240
P39267	242090	273775	282636	696428	319478	506046	220847	276640	312018	133176	165470	NA	NA	87533.7	NA	NA	NA	NA	24211.4	137456	NA	15284	NA
P0AF50	92831600	74365200	59795900	75726000	67639500	70833200	74694800	50894300	76126500	72453900	63841500	48990300	37103100	32143900	26445600	30469900	23570800	33965000	30135400	38154200	38257700	33612100	34966500
P0A8Q6	1785590	983330	1188260	1150010	1391770	794943	1466510	1125950	1560950	1321390	1327150	1552190	1360440	1581500	1608360	1436170	1235610	1587020	1557200	1301490	1348470	1617540	1814970
P10384	16474800	18699200	20051000	20766900	14856200	18692700	23492200	15779700	21500000	19074100	20412100	3451210	5323800	5777930	7724500	7665130	6283340	6381500	7158670	5352210	3546420	3857030	6811750
P77619	719229	870444	814867	741111	945308	872192	635632	851977	718410	730022	851797	263253	245642	427229	422180	353244	394748	459056	439239	362217	337756	391057	401874
P23862	1217330	2510540	1988440	2431950	2324890	2771050	2797580	2431550	3015020	2285400	2603090	2409920	1907240	2001090	1569430	1869250	1526780	1663410	1748520	1840380	1634070	1915230	2038120
P0AG96	2105620	1897200	1630360	2326920	1046200	1947930	2411830	1489390	2309920	1885460	1269320	1418240	1238480	2454210	2329930	2350220	2154800	2257480	2558940	2950530	1090880	2232450	2755290
P0A6T5	21996600	24206900	26989600	26277400	23267400	24240700	25099600	21234700	21304000	24840900	25912800	30631600	32743300	37888000	42473200	44435300	38161800	39776800	39764100	29933000	30978800	40154900	41896800
P0A9C3	21355400	22244200	21807800	16281800	22418300	21406400	16877700	24583700	20474100	20641400	20208200	13938900	13870500	14569100	13496200	13469600	13678000	15148100	15086700	15841400	11540100	13373200	13639200
P65367	16128500	12322100	11529400	14627300	12177800	11253400	14226500	8071380	15847600	13747100	12960200	10554200	9245160	8698020	8391250	8289530	7028930	8195860	8974380	7898940	7111740	6950190	7915940
P0A796	28254900	26990700	31415500	26099800	33798100	30450400	26538300	31731800	28196200	29579100	30010700	111162000	96537200	109982000	95716500	97419800	104406000	103042000	103310000	111114000	106901000	119842000	101863000
P76035	2404060	2565230	3226070	3319510	3117930	2584510	3090170	2453890	2479500	2722290	2822110	3068730	2876960	2981610	3459020	3277240	3061280	3009800	3133860	3006570	2862140	2606780	2822940
P0ADE6	53602700	143404000	98247200	172948000	118354000	93715500	168917000	340939000	159137000	109768000	122006000	42340600	11598000	12206700	50588900	85265100	315579000	20746400	15289100	15520300	10375400	26725800	20762900
P0A7D1	11635100	10399700	11833900	8171280	13498800	11098800	8815410	11087400	9758920	10125900	9910310	10963600	10597700	11655400	9444300	8886740	9196900	10730000	11375100	12091000	10945400	10097200	9527890
P0A9T4	4777680	4783720	5651990	5012270	5900440	5332600	5154050	5707540	5096650	5472320	5445330	5608430	6826620	6838990	6516080	5937380	6440560	6199750	6164990	6096530	6303210	6027390	6443080
P20966	3903000	4061660	4561280	5311950	3966200	4383740	5314910	4399050	4662910	4282640	4529320	9305450	9948590	11106000	12177800	11850800	11797800	12784600	12148700	10550400	9762620	11586000	13237400
P64459	152888	123531	72442.7	199590	123037	123377	155348	72922	158702	NA	NA	197909	293793	171839	94696.8	208300	126705	179229	226489	107663	116293	69881.1	68882.1
P37769	569049	576617	490799	578899	480190	486367	446121	439489	511595	424442	521733	201094	246677	217407	393529	513073	306832	366406	411038	178640	109660	380226	400982
P0A8G6	67125000	66269200	68180600	72792500	83656000	72926600	77726500	65136100	71880400	72859800	75511600	68320000	54993700	78467900	82628200	78673100	80307900	84240800	85081900	87159900	64880200	85081200	86446500
P0AF52	2085500	2631300	1522900	1727580	1106270	1366970	2201290	1720760	2267750	1600520	1841970	1882790	2762880	2931840	2981040	2567250	2815900	3061980	2207010	1467770	2585370	3593720	3898850
P0AEZ9	62639000	53853700	59753100	47973700	66863700	57145800	51108700	60699500	59115100	56838200	56501100	52522500	49697800	53005500	39906400	41686000	42560400	51154600	50199400	55733600	47345800	53490700	44217700
P0A830	3718890	3674180	2292780	3278950	2838660	2813970	3059390	2887990	2814700	3588970	3194770	465106	396701	505334	324846	307595	305920	383394	420879	600253	313136	128240	463725
Q6BF17	823758	762001	805760	956077	822489	842962	803118	837366	904375	891940	977728	283214	354926	388612	328883	157185	397402	347694	305848	203652	353399	290532	266350
P08390	6698710	7139190	7644680	7074130	8406080	7272590	7162140	6833660	7066560	7196940	7405290	8847870	7810130	9019780	9947150	9220390	8750770	9438630	9133200	8738990	7937920	9248240	9601930
P25718	24087.7	111598	102322	67008.1	107710	26875.6	84460.8	375135	62578.5	92668.9	72781.5	168716	80160	109806	98166.7	147533	597702	143203	82768.9	128361	131593	44394.1	NA
Q2M7R5	33527600	26764200	21353700	36381500	21529200	28505800	29211500	15658500	35389600	27018700	27060200	23124800	19154800	16061200	15066900	13220100	12892200	14705100	16259600	19713300	20142300	16956500	16973100
P0A8A8	12889400	8586760	7335090	12146200	7131140	8766060	10162000	4591730	9086740	8730610	7952660	4432670	4972670	6275930	6626320	7165510	4851200	5489160	5959610	5214770	4467000	4293530	6169680
P77795	375752	324436	606953	726106	416091	473653	868273	292461	555938	423145	506976	22096.8	NA	66268.3	145427	49151.7	109249	75972.9	99385.2	NA	NA	41285.3	77304.8
P33594	1521450	1639900	1010990	1487390	2479540	1547680	1079110	1871220	897483	1274190	1200970	1591460	1132720	1199010	1493530	1420550	1268450	1446200	1411330	1437240	1534160	1658950	1473230
P0AB58	2047720	2050010	2418140	2380480	2321040	2167920	1987170	2688240	2063740	2299660	2200860	1916060	1965790	2048700	1549290	1607620	1889550	1693220	1665240	2010050	1875870	1776740	1785450
P46118	4024990	4134150	4412780	3308630	5112410	3763440	2900340	5142120	3855470	3895910	3834360	1817480	1626590	1549870	1183320	1259420	1490140	1491340	1548870	1761540	1824160	1393330	1535060
P0ADX1	11267200	9211060	9807160	7645680	9764430	10007900	8738210	9523710	8924010	8729230	8820520	8782520	8657340	10220600	9654380	10105800	8702950	10645200	10400800	11687800	8517420	9593080	10772400
P28306	1618340	1535900	1634500	1603310	1614270	1443340	1445800	1726130	1397740	1560500	1582260	1688010	1750040	1745090	1878010	2005790	1739420	1785070	1876480	1815620	1554420	1757780	1840120
P13518	1161030	1059170	1225650	849683	1487350	950569	882755	1436700	1100870	1016970	1078250	813670	826343	821888	755304	542302	841401	810018	821571	805149	821927	899650	648318
P69346	3062380	2473650	2503940	2745400	2517980	2731980	2366690	3025200	3124620	2473520	2383460	2542910	2293310	1813330	1386140	1074850	1229630	1975480	1822700	2409760	2181440	1863370	2164160
P21507	7743390	8645630	9694300	8210900	10054100	8902710	8197160	9316400	8463020	8942630	8930320	9386110	9719380	9777070	9109970	9151480	8957240	10186100	9482220	9759730	9753340	9296720	9242530
P0AFH0	752371	808339	833358	640792	796585	778641	749880	784074	857327	861271	852171	655218	642805	733718	811646	852403	706107	720557	764654	646324	578362	610333	738871
P75913	8390980	8510930	10682100	8170480	10252400	9402010	8199510	9762560	9058290	10071700	9340140	10558200	11560500	11464800	9490790	10112600	9844960	10724200	10755500	9966470	9472340	10213300	11257000
P0ABX5	2526000	3078150	2521870	5137840	2630470	3732700	2631900	1466220	3693940	2528510	2385270	6176170	5200340	3393550	4018500	3270380	3543800	3805290	3285560	2026770	6677700	2786000	3611450
Q46891	NA	348478	238337	NA	790885	744656	300655	207286	NA	NA	389135	170828	146419	490244	260948	514580	406867	401652	321960	394912	167624	459596	380279
P77689	5954410	6450010	6892710	9842990	5771020	6851660	7826970	5796290	7931250	6861370	7516500	7975530	9722950	9527120	8509200	10197400	9910940	9728350	9028320	9331470	9847130	7955500	9819250
P0AFZ3	18178100	16047800	13484100	15274600	15727900	15259700	11306800	9302900	13353100	13946200	12942500	13900200	12341600	11653200	7816840	7319870	7017950	9533800	10155500	13729700	10995000	8785800	9436420
P0AFV4	1063710	930086	1023120	2175850	1476220	1045200	1385660	1894320	1186000	271811	303522	714726	701617	400166	402633	631730	1817640	419753	388924	539327	634919	297416	103353
P17444	263059	313319	421666	327107	314005	229772	260931	455506	305148	304821	343809	293708	417488	472418	380603	373401	431264	379482	358722	498072	295349	386860	283837
P56258	1055770	1027340	1165760	1192690	1214520	1172590	1165870	1220820	1136410	1213990	1160020	1484130	1760370	1828750	1763950	1600550	1734620	1670880	1770990	1714830	1421090	1577070	1727580
P39383	1193350	1216480	926985	1129680	3507200	1389810	726469	1887930	885587	1131790	843243	1132810	649928	1119070	1056230	853246	1053250	1104260	1136340	1422570	1324860	1248650	1133750
P0A823	1134480	1064960	1329260	1220500	1202930	1197560	1241850	996590	1082150	1389560	1537440	600803	792402	1291690	1634530	1522580	1266530	1500230	1271190	1141350	656992	1159710	1222390
P39358	274368	314552	372764	341337	386506	308067	335624	308357	300057	347414	334088	143012	166879	162638	160983	111554	177692	174887	142827	159192	118700	134966	144863
P08201	144098	154858	115820	182583	341535	137785	162900	326773	358488	170314	601780	2177240	2089890	2628360	2597980	2693740	2682960	2696500	2926440	2717800	2573560	3318200	2414640
P77791	6050070	5778300	5522240	4305070	5769420	5629610	5120060	4942190	5938680	5285280	5357590	4202790	3295360	3684120	2866120	3395410	3086040	3869180	3515610	4256830	3315900	2955680	3493280
P0AAB6	34075900	35065900	39235100	31977200	39565900	36768700	35887000	30370200	36422600	36473700	35921700	34316400	28948100	39414800	41888500	37151900	40327700	39892000	39494800	34576800	29594700	33056100	37529500
P0A7E5	25730500	29280700	32373600	27540300	32239200	29537600	28025500	33157200	28604100	28894800	30749200	36808800	39112800	39178300	39794800	39497900	38321700	37518800	38669100	35740300	38315000	39816100	39387900
P0A9K3	26971800	27385900	27075800	27365200	28139700	27919900	25985700	23910400	27867000	26309100	25837300	28722400	25152400	27779400	25403500	24446700	23909500	27597600	27424800	28229800	26525300	27850700	27535700
P25889	7435090	6640530	4613150	970279	13962700	4755140	1170450	9539520	2717460	3874200	3666070	611904	182475	430028	380347	295738	411277	675879	644056	1339790	606870	950260	699714
P20083	3300900	3789020	3669790	3517080	3861030	3290490	3521210	4460890	3153740	3587760	3768290	3747650	4831760	5021570	5077450	4868460	5074400	5108840	5134860	4445870	4421200	4512630	5048910
P0AEE8	649240	779295	846583	905347	926244	705179	873603	898532	749884	798155	862984	790972	905155	1041400	1282880	1270350	1129010	1230410	1242380	905405	887414	957930	1201570
P32705	12117400	13723300	13593900	15919600	8187110	10367600	16236600	14969900	18786000	14141900	14114100	1632320	1746270	1512650	1440730	1493280	891667	956822	1023800	1347660	596995	991414	1099800
P64636	593713	871308	1423880	1097990	903993	1004810	1784970	903076	1229260	1250440	1290160	2272510	2697470	2532210	3222960	2804150	2708430	2432730	2632680	2543160	2176970	2206160	2627040
P39389	505351	518229	565675	466191	513301	459990	434781	594607	501586	513284	531394	385105	409528	514835	437015	451071	362511	481120	552658	598297	392571	458205	487697
Q46814	146831	232738	135990	NA	274880	NA	NA	141411	56524	268588	185802	NA	132082	131081	NA	NA	NA	NA	NA	NA	NA	NA	NA
P0A8P1	33646.3	NA	58337.8	NA	160229	145382	NA	NA	NA	NA	146743	318389	374841	246383	213070	251792	252559	285061	237764	251785	262376	229988	275199
P0AGI8	1841650	1814360	1834120	2190020	1884770	1657300	1881810	1729170	1950860	2209920	2015080	1398650	1572230	1762250	1815590	1543010	1653200	1650930	1969550	1678880	1359350	1809460	1768180
P0AEM9	87205100	92563600	80893800	117509000	73305200	92067000	91215700	65824200	98003100	81298700	75735500	62823800	58721600	56632300	61397000	56194700	50096800	58253200	59181900	61166700	62062400	58058300	59331000
P39300	158793	150418	172673	148163	213539	185497	NA	113143	96869.5	153743	NA	238066	216036	217139	246877	258198	256857	245062	219472	197780	204984	238831	239000
P02943	5972760	5417120	8602110	6994530	5126430	6471190	9605840	5768050	7989570	7096090	8099840	6512820	4664480	6232830	6623600	7870340	7155560	8368500	7435210	9048120	5786890	8300110	8655830
P12008	16828100	17283100	19392400	15918200	18139300	17947600	15186500	17895000	16326800	16229400	17405600	17150200	17388000	19466100	17723100	17319500	17579900	18366400	18435100	16118300	16711000	18708200	18958800
P31057	32729200	36992200	43607100	29455300	46265800	43425400	33527300	35569800	39438300	37865900	41143200	37097700	32200000	43878900	45728900	40694900	44426700	43745600	46326500	41672500	28994100	44105100	44290600
P75938	97782.4	93277.4	84471.6	355207	72381.7	159090	118042	40999	195904	78696.6	80018.8	NA	NA	NA	NA	NA	NA	NA	NA	NA	16512.4	NA	NA
P76143	2990220	3063750	3365190	4066660	4413190	3960930	3990420	3576170	4245800	3954440	4185240	1711340	1973800	1597070	3012490	2352690	2076770	2048960	2709780	2152150	1785020	1328940	2309220
P13036	412476	249014	429000	653801	454096	287217	651301	263343	386161	332882	382545	911761	1205310	996016	988003	864955	1080390	1001840	1026750	1076810	1039290	794836	1070720
P09148	4790680	4396750	4666200	3532780	5120340	4424530	4210830	4736830	4508680	4676320	4585010	2323170	2173480	2451050	2202830	2342980	2167700	2483190	2447950	2677990	2170180	2419040	2123220
P77559	482973	483486	569803	500699	607017	549603	456376	583626	515130	550312	515920	666582	592524	631252	616844	574978	671260	607464	664264	546686	664590	630871	607585
P0AEK0	835869	1119790	1546300	1133050	1450090	1390490	1173210	1513500	1286370	1163450	1284850	1964940	1673620	1570360	1519290	1360990	1435900	1860830	1624500	1706980	1540980	1650280	1668160
P46888	584266	565993	576921	584135	716288	626395	472950	519434	577698	652554	648660	124432	153219	272783	350836	325770	262068	376029	338872	228531	46184.5	363148	385217
P0AED0	226089000	212047000	245299000	172120000	296211000	234153000	154157000	235934000	215636000	223077000	198879000	134606000	114385000	128516000	110166000	103195000	109259000	126509000	120045000	140021000	121623000	111787000	109938000
P0ADX9	3660950	2991080	3275740	2731470	3488060	3339610	3022950	2772310	3276580	3097450	3080520	2945390	2440090	3885800	3396620	3473440	3277850	3489800	3878810	3815320	2782850	3379250	3622050
P76398	310532	391634	392417	346605	381975	280612	300004	325458	327825	335706	402856	335590	401756	361334	577889	522794	478318	437730	436793	350840	312963	327971	349481
P37351	4665660	4611650	6041880	4779090	5063250	5027320	5066690	4820510	4836520	4591450	5511650	2203730	1961780	2526720	3256620	3397420	2928770	2674930	3000430	2446110	2367350	2305220	2847130
P45552	297313	448057	334546	401985	371758	360610	525785	259134	476894	363099	486291	253379	158078	336333	349778	390655	272683	292806	365834	274778	373088	337243	287216
P23305	1604160	1657850	1815450	1693530	1778250	1519540	1525590	1644990	1750770	1723720	1759860	2178170	2175780	2080230	2027850	1830700	2050830	2014840	2022880	2290740	1972440	1915200	1880080
P06961	3196390	3073770	3382410	3318600	3309820	3267740	3604690	3185430	3362800	3292010	3468770	3070000	3431850	3434990	3609950	3741210	3335900	3471750	3515670	3113160	3105770	3117490	3354470
P0A9R7	5348070	5847350	6623150	5600850	6750090	5841720	5780430	6732740	5304000	6061780	6731600	7187700	5800960	7327770	7582110	6905340	7856250	7412010	7369830	6777480	5816860	7258260	7518700
P0A761	2741160	2327080	2114630	2068820	2107780	2187390	2305870	1714610	2107320	2113700	1999760	638822	703597	791463	571763	638967	698850	554495	633876	877780	606374	697632	697554
P45579	5379370	5402290	5753110	3687150	10155400	4866160	3189760	7322830	4212820	4866170	4948660	3642920	3674830	3360950	3905560	3318840	3485850	3552440	3631090	3480070	4069520	3664950	3109960
P77252	12297000	13087800	10860700	5150460	14959100	8169910	3860910	12740800	7006930	7440750	7371640	465969	324461	407334	268530	309318	221361	396013	348189	523443	485944	824057	586583
P30131	512093	629616	552711	509406	655888	583864	462783	795197	513291	605699	575184	454422	525136	521947	563240	709310	761064	652525	727219	519275	602422	707934	675689
P0AEB7	31548600	25588100	32432400	22315500	34069400	29546200	27887900	37442700	30573100	27422100	26777900	36097100	24190800	32879500	25614900	25623600	26454200	30548800	30028900	32884400	32820200	30384300	30538400
P22729	908765	888790	726431	758538	609988	726720	989971	592021	894260	625691	900002	348559	577701	707350	855047	617924	613769	648636	742881	584778	368060	636410	753493
P39199	7515980	7875810	8506090	8227540	9114730	7522440	7979600	8159490	7739540	7754680	7902880	9720220	8932290	9519580	9130610	9721510	8747100	9333170	9437990	8444290	8984490	9369320	8969420
P24173	1227970	1299910	1694000	1258330	1622640	1432820	1228290	1696270	1475250	1381720	1344940	2327370	1931070	2203680	2151810	1849140	1726190	2008870	2342790	2213650	1908450	2043320	2284140
P77215	168336	126475	189414	263081	352811	208802	213410	157834	136303	122725	227259	NA	NA	286959	380901	440367	286956	329728	364901	250719	NA	469407	285537
P68187	1622070	1610700	2736650	2721710	1320050	2022420	2898370	1884680	2539480	2209130	2553720	3198800	2594980	3073550	3002690	3035830	3498510	3970620	3646870	4269520	3237490	3975550	3987360
P0A9R4	34480800	28675500	26326400	20216300	27160900	26299900	24051900	18088200	29884800	27605400	26407200	32691900	26955800	26779700	21104600	25464500	16812700	24399500	26089700	25780500	24482500	26521400	26681800
P39409	192705	236403	157693	222872	286112	259106	78271.1	319282	NA	93452.9	157220	377452	218661	354812	225991	192588	279127	310887	350782	318945	292983	357359	297888
P07821	787588	829425	1062470	1213410	732508	967466	1113730	518811	989326	805884	938429	1114320	1157720	1542060	1474040	1517290	1441700	1748020	1399950	1319780	1128510	1212060	1421810
P22255	16386300	15287900	16937700	13069400	17563100	17251800	16546000	16500800	16264300	16032600	15671100	15237100	14279100	13491700	13637900	13279500	13514200	13814700	13385600	14153700	12539000	13100700	13811200
P77522	2536890	2737700	3006810	4572780	2599040	3138610	3925780	3312670	3629020	3221310	3479210	3824390	4673620	4465200	3740630	4334070	5330380	4512810	4166900	4435320	4345640	3663280	4271180
P0A884	7062120	6783620	8758410	6717470	9214650	7675350	6934580	8352470	7425280	7411810	7484860	9063910	8824140	8714980	9049920	9339640	8816620	9047250	9255380	9072870	8008490	9376370	9444670
P07862	7033530	7212990	6444910	6224920	7845570	6081850	6410960	6752830	6625030	6647490	6606180	7687350	7884610	8260230	7529640	7344560	7424310	7184460	8052820	7289320	7556000	8048340	7857170
P0A7I7	18890500	16069000	16404200	13515400	17042900	16483800	14131700	15288400	16415300	15490800	15312100	16309900	15141500	14330800	11805500	13027000	11671700	13242400	13095500	15439800	14611300	13790800	13811300
P69503	25864400	22794500	22868900	26919600	22157900	25256600	28198100	16165200	23721300	24037600	19605400	27272200	24571900	24184300	23950300	25022200	20738900	23043600	25524500	27605400	28038700	22595300	25594000
P64534	16148100	12630400	10503800	16535600	9287290	12803200	16259700	7359090	15302700	13433000	11591200	7452370	5808500	6819610	6756100	6950190	5277800	7106730	6612740	6552250	6084120	6260150	7349690
P0AET8	36382900	39725300	44534700	40537500	47461600	40954100	44537200	44334600	36015200	46717600	45132500	36604500	32015100	42541900	39600800	36256400	41173300	41581400	43321600	41163200	39048300	40112000	41643400
P0A901	4455780	4510920	5582860	5847430	5154270	5183440	6335480	4939050	5636100	5456820	5886560	3874360	4433510	4670590	4719450	4909470	4539750	4558350	4380000	4151250	3814850	3778000	4231640
P0A756	358028	469918	582507	451593	450803	522238	413850	538857	470095	365635	514606	499853	495071	549013	514210	529659	421696	634532	612491	513783	554048	522262	400216
P27862	1263200	1205430	1087650	880696	1266840	1028010	939348	1260480	832820	960563	1041720	831577	1006380	756090	921066	926676	756206	1014590	1143950	784449	573045	1002530	990167
P33920	6134680	6867930	7538890	6727280	7551530	6642530	6765530	6277690	7001910	6810900	7137000	6078870	6136210	7583340	7442110	7699090	6711090	7467730	7229670	6848060	5139810	7679870	7783660
P37671	1495620	1774040	1969540	1492030	2039360	1625400	1353440	2090690	1479240	1686160	1743170	2061940	2272510	2213350	1903040	1630850	1854910	2079300	2041030	2065090	2050380	1977600	2098040
P0AA53	7299570	6902930	7428900	7204840	9838200	6945610	6514050	9028430	6587630	7784590	8090650	4397650	4255290	5365120	5751890	5084440	5195660	5037300	5454390	5208940	4197220	5147560	5258630
P60664	11305000	10753400	11577300	9414310	13261300	10621100	10381100	11396800	10593700	9342050	10186400	25730000	29121800	27629600	24841300	25776100	24221400	23938200	23532000	23405100	23767900	21996500	25249000
P42624	811382	605485	859359	918591	608958	759000	689638	731558	715367	730974	630543	417746	450202	326605	428393	375332	429547	366531	257866	391208	437934	315325	457049
P23872	381988	328871	433420	146374	735154	375177	127147	620963	264606	360266	329928	220621	189098	122652	96667.1	39949.8	151389	166588	186833	211517	150703	139530	131999
P0AG30	68258900	72413400	81466600	70766400	84894400	74333300	67770200	76023100	70468800	78630200	79289300	75488100	84811200	92013300	92846800	91258000	91153500	90569300	92468000	83587200	80155800	92226900	95531300
P76250	811311	667591	1097350	915844	871249	837575	1002770	815929	861749	907336	1172150	311064	217699	446046	487806	506232	540964	524613	559286	496586	318520	374773	566723
Q47146	7844000	9059220	10095200	12530900	6315200	8690050	12555300	8481550	11005400	9932640	10954600	1503680	2325180	2038080	2732490	3043870	2665550	2216720	2352900	1910340	2004790	1255560	2396290
P0A7E3	1649410	1710800	1772670	1470160	1639500	1527770	1378380	1354970	1626040	1485750	1451220	1568840	1874330	2316240	2326290	2651180	2342150	2481620	2573350	2169590	1590870	2333320	2419880
P0ADU2	39186600	33430500	30041600	26779500	36133700	33319400	25891400	25942400	31861200	34237000	27459800	31774700	23562200	22433400	18072700	22312700	17157900	22508100	20899600	19603100	27196100	24971600	25870900
P0ABJ9	70370700	68784800	87174400	57293300	90437400	59225000	63636000	80320100	60665400	65986700	68176400	39603000	54789500	43181000	44404500	43132100	41863600	41752400	40891900	39754600	48806000	60588100	50324900
P0A9W6	37270900	35534400	31066000	36517400	32831200	37884900	38743400	30504400	39261300	34830800	33996300	45824100	30580200	36817200	30348300	28152100	27478200	36111900	32286800	45713300	34762500	43378200	44428000
P37692	3529500	3655390	4368190	3861450	4400900	3963840	3837470	4372940	3995610	4014680	4370700	5218410	4782610	4900120	4815580	4970280	5050930	4904180	5116180	4753880	4786440	4873770	5056650
P0A932	213107	294587	302088	125323	245844	238988	201199	254077	227481	205424	216529	316378	282888	304937	350357	378406	363674	394244	385761	280766	292959	296951	327779
P75975	621643	488945	390094	553936	413688	513043	529362	249880	502426	463505	464362	179403	173415	137676	NA	NA	NA	84032.1	184215	100338	95408.4	136072	146114
P33136	30796700	31893800	35754900	28196800	35478200	33055000	30056300	39089900	33690700	33600300	33742000	37557500	38134500	38816700	36688900	37054900	36918200	38262200	37664300	37707200	38713500	39530800	39682200
P03024	1754450	1663800	1879650	1724050	1839230	1663290	1244700	1811810	1649990	1682090	1458810	2215120	2296860	1969220	1785430	1580620	1947000	2196240	1938840	2206840	1921080	1956200	1895660
P52643	51950900	46239300	48756300	43540000	56920700	48374100	39810000	48021100	40875500	48067200	51254900	16689300	17916200	17812700	19623800	18832000	17458100	18231900	19076200	17920500	15862600	21325000	20995700
P06720	3290300	3767250	4263370	3399180	4203480	3135590	3799580	4300050	3499650	3610840	3670250	348101	520095	494754	660088	570439	620484	596413	690925	525437	565679	492319	554950
P08202	1496050	1466710	1612180	1473940	1673950	1330240	1492230	1765760	1451840	1476520	1434850	437671	416131	390939	474554	556969	525595	372457	523045	354945	414619	385742	409621
P06715	5975180	6438120	7089140	6886020	6883540	6416520	6908590	6768560	6435240	7033670	7274300	5459980	6821130	6698220	7715430	7638070	7133640	7371160	6990770	6191950	6811490	6898790	7641730
P75839	955240	1041230	707834	1140240	977767	827596	1304770	279946	1253040	918239	1094020	137328	277533	591235	1128340	859418	1035700	632013	1024060	984898	110582	791132	961567
P0ACB4	5599330	6296760	6878980	6064960	7726070	7157670	6122630	7286260	6351950	6896390	7020990	6452660	6489370	7793480	7839630	7263560	7286640	7813700	8023150	7253060	6933630	7227240	7404380
P77433	15354300	14217400	11628800	6759030	14165500	10130300	6017680	12055900	8826410	9787410	9093750	767856	570549	787248	707193	703823	698050	902444	833275	967778	671881	1116250	1013210
P24242	1487780	1417000	1559640	1450030	1718040	1466130	1250200	1452960	1301400	1374900	1468400	749271	805807	1036790	1080450	982950	1084020	1118720	1130680	850296	718598	955330	1040170
P77375	420027	301107	193162	NA	400205	262455	NA	366609	159609	212173	247160	74524.9	NA	NA	NA	NA	NA	86126	NA	111453	42330.5	NA	NA
P76539	10524300	8323350	8275910	6532800	8392740	8490420	7263980	6515530	8506950	7979830	7360580	7004330	5160370	6145620	5274720	5555690	4618190	6656820	6593190	7458500	4891220	6445870	6024490
P23485	212650	218885	330473	677667	291538	311287	398598	100879	355402	347574	373857	829259	1417190	1146930	1056910	933078	1269040	1250640	1026170	1097860	972341	507271	988721
P0A7B3	1242730	1083190	1186330	1573570	969547	1106020	1385640	1047980	971135	1190030	1548310	576100	699864	1006460	1098240	1041290	983104	967338	1031050	805371	854005	859395	1066100
P76550	16398100	13335700	12574900	11030500	13179000	14262200	12032300	9965460	14591800	13932400	13432400	11396700	8714030	8974670	6895260	7879760	5829820	8224410	8231490	9169540	7668560	8136910	8392960
P37597	NA	NA	NA	NA	NA	NA	NA	NA	NA	NA	NA	7240.29	10027.2	10418.9	NA	NA	NA	NA	NA	NA	2060.36	NA	NA
P62615	3729330	3968400	4048570	3173890	4501510	3745100	3461790	3940250	3825230	3719570	3744900	3219260	3019810	3262700	3268610	3380010	3333230	3437130	3558480	3492870	3176410	3006770	3118380
P36553	1690290	1635880	2079130	1257830	1964070	1901610	1605290	2046910	1673030	1537370	1965550	1781680	1746900	2189510	2046500	1903680	1954320	2100390	2049600	2042310	1650430	1998230	2019790
P0AEW6	2311560	2889600	3096780	2537600	2723740	2721270	2427050	2910510	2546500	2717790	2808680	3563640	3686790	4238330	4809890	4736030	4346990	4725680	4408550	3790640	3258410	4060840	4331700
P77536	7798090	7580560	6366940	3602000	8645810	5306730	3019490	7427600	4506050	5254260	4883010	384781	185901	305478	253919	359400	284858	338823	336879	415873	280082	625594	506775
P45771	6940120	5844560	4850050	4021360	5124130	5833340	5021720	4127060	5757150	5482070	4403460	3426920	2760850	2848610	2300040	2432990	2226260	2569370	2472600	3262840	2728120	2467350	2132660
P75959	3379930	3825810	4824090	3885100	5381430	4327790	3788920	4782570	3853270	4112460	4299870	4639280	4026360	4100300	2989070	3333340	3332360	3535690	3656690	4492560	3677830	3685090	3694250
P0AB28	30131300	24650500	22562200	25428500	20222000	26047800	25155200	17616100	28420900	25186000	21947300	24160600	18149800	18180900	17510300	17782300	14077600	18764000	19647100	20684900	21001900	19065100	19064400
P0A746	120232000	85858900	85327400	57106900	84420400	87576800	77835100	70531800	87550100	99218400	93411200	35301900	29222100	33343300	22942600	25459800	17671400	28194500	26981900	34411800	28538200	28386700	29083400
P0AEF4	1342800	1489980	1129940	1070280	1086530	1089440	1037320	815508	1137990	1171960	1238420	957255	920480	1021540	887657	874994	766385	936140	910382	953615	714614	952843	1019830
P0A772	1249410	859899	1050460	1704960	986129	405644	1313340	NA	1148250	920164	695464	788496	1377200	1168660	1009380	1207400	1127200	1124240	1058950	1454890	1218910	570650	1230220
P0AAT9	30709500	22250800	19765000	24584500	21142300	20539700	26499200	15584800	23390100	20612600	19673300	10277800	8980520	8711750	7628030	8479820	6576450	7522070	7836650	11740500	8605550	7789520	7761310
P0A7M9	369106000	271164000	233591000	267671000	217698000	302800000	289066000	188709000	287184000	280444000	258804000	139976000	118093000	157269000	116405000	122204000	93272900	109526000	128776000	272604000	162756000	114570000	130585000
P07014	134526000	145043000	182755000	82885800	191922000	145516000	98355200	184287000	138102000	155100000	154191000	31931600	31285200	37297100	25719400	30302200	27322000	31984700	27815500	31934400	21906400	25399100	30041900
P0DN74	251887	109026	52137.7	NA	413580	225183	NA	97550	NA	NA	NA	172603	96779.6	65031.3	94532.6	114399	106039	143705	53377	164806	198796	113244	172574
P0AAL9	NA	107661	49436.6	89022.6	60484.4	93440.6	NA	118332	110641	45828.8	46062.1	NA	42591	213127	232611	86499.9	241291	190151	224940	239415	NA	185244	203005
P11349;P19318	2146100	1808800	2553430	1493710	3477480	2186760	1934830	3152060	1649980	1956060	2008070	4668900	4007740	4426340	5262630	5485920	5401600	5202720	5840210	5293790	6244140	6846460	5279350
P63386	4001870	4768120	4304670	4237650	4069560	4125420	4317990	3762000	4229920	4533780	4561780	4900190	4352620	4846810	5510990	5311180	5016410	5584050	5380080	4969030	4240340	4631770	4815990
P75863	3676790	3463260	4359600	3480800	4149890	3940520	3713380	3890680	3528240	3903050	4094260	4696700	4269150	4654890	4266810	4359570	4115030	4455520	4264900	4381190	4538570	4489800	4583600
P0AEU3	120099	137776	76443.7	98112.2	120016	106364	54630.3	142397	121976	107202	77380.3	90420.3	130039	91652.8	108613	31309.3	82074.4	89655.1	80240.7	59277.5	95806.9	86264.9	61176.8
P0ACV0	1384000	1586570	1784890	1338770	1791960	1350670	1621320	1958810	1400910	1547140	1496350	2379700	2437920	2213360	2383180	2057530	2311520	2187810	2297840	2447870	1933590	2382100	2356330
P77223	287932	343711	317455	388780	282253	374002	344347	271530	318604	199991	287965	885500	823221	625279	600870	813354	614135	494555	587026	718217	727106	513970	572402
P0AD01	3625570	3720370	3832400	3233560	4726360	3597540	2980060	3599400	3403380	3689500	3672330	1726990	1789320	1988230	1998660	1892540	2054200	2019760	1882710	1982300	1693030	2002220	1852990
P76121	896664	663672	913131	765384	967899	878350	911030	876160	853830	742559	837621	510936	528538	439523	409801	337434	396318	402131	370880	386723	490116	322905	384611
P15043	277982	392641	387228	324737	419466	354268	334743	399740	235841	358073	386161	600017	550380	528091	630270	598867	607315	568071	648137	597255	633798	492560	495696
P76491	1568790	1443250	1293910	1449400	1364670	1316400	1398660	1536660	1321850	1239770	1480480	1275020	1327500	1487840	1595540	1519360	1620920	1513980	1660490	1689670	1398490	1608270	1596300
P0ACR9	41716700	30776000	29502800	25591900	34488300	35080300	27463000	23755800	32633800	30953300	28890700	33599400	27172600	29953600	20542800	21428600	19438700	26903300	26964000	34395900	24688000	26728500	23891400
P09158	18783000	21258400	26884500	22175800	23241200	20865400	22429700	25401500	21587300	22600500	20289000	22600400	25348200	28055200	27931300	25278400	27241400	26040600	26669400	24084400	22517400	27474600	26548200
P0AGK8	11695200	11230300	8291210	16413500	4026700	11408800	17426700	5435980	14350700	7695790	7576440	12039400	12770000	10506800	9052340	11086500	8248900	10319000	9513740	9483520	12989400	9412280	12106700
P0A8E1	28170100	28109700	29568500	23822900	35111600	30440100	25646100	32034200	28240300	28807700	27167600	29945500	27934500	30398800	28374800	25874000	26401000	28480500	29866400	28966000	32013700	30007200	31100700
P0ACL9	14195100	12349700	12562200	12383100	11033400	12374900	12298900	8212860	13207700	11530300	11293200	4292950	3260600	3770340	2980770	3060420	2627310	3378240	3635500	4128510	3432730	3580210	3294410
P37624	2757110	2895700	3267670	2789700	3586110	3013940	2438710	3678400	2664800	3140850	3442240	1572290	1979650	2211230	2000660	1984240	2176050	2365450	2041460	1882880	1863820	1780510	2026070
P0A6S7	12286800	11910100	11704800	11500600	12058300	12201500	12300700	9366830	12161200	11246400	11780600	9820090	8902850	9034850	8945410	8827440	7966480	9322520	9622290	10097900	8906330	9069930	8992290
P15047	7215360	7674100	8522720	20077000	9446870	10246300	12615900	7291450	9599610	10489100	10446900	12948400	14516200	14790500	12771500	12702000	15676900	14177000	12583000	16075900	15103600	10225800	14446100
P0ADW8	2851550	2015230	1964020	2053550	1770510	2366810	2181670	1201140	2301420	2140770	1930550	1054950	981213	1390550	1064590	1199430	919853	1141060	1259360	1393740	611212	908158	917727
P75874	14948800	12035000	12778500	13463100	12175800	12768700	15096200	8948110	14873500	13082800	12390400	15416200	12191700	13330300	12512700	13356700	10406700	13147600	13097200	14263600	11536300	11572400	12807900
P33355	2630830	2367950	2316250	2182310	2729840	2354630	1961260	2023030	2159130	2135780	2297400	2277110	1977540	2318380	1658210	1717840	1581090	2121030	2137740	2230190	1996500	1801140	2086650
P0A890	12869300	9815720	9544870	9721810	8540830	9530930	8929910	7655230	10416600	9838310	9057280	8069350	6512170	6511740	5161570	4679030	4359860	5973090	6957890	7878350	6752510	7053980	6310170
P52062	1629620	1552430	1801150	1558470	1764860	1593010	1537800	2180950	1502700	1546590	1719770	1858960	1954770	1945510	1894770	1554550	1920370	1716290	1763480	1996910	1679410	1583760	1567420
P0AAJ8	4163210	3472710	2051060	1352860	4439450	2998350	1554830	2804510	2599960	2459850	2261130	1372300	760314	955455	948283	804319	951751	1225460	1334290	1529990	1214500	1597190	1315250
P0A8H8	8256680	5599490	6152550	4398530	5283160	6593750	7002780	3620940	7252280	6549690	5931090	5987820	4500880	5323680	4442800	5341320	3646040	5105860	4699680	6499750	5712310	4542420	4791540
P0A9K7	4689200	4627380	5501010	5612440	5583460	4602840	5063470	5441140	4755330	5049620	5306680	3548300	3709200	3528760	3833880	4030750	3700320	3945530	3990900	3694870	3203030	3234960	3462820
P0ACE3	6642860	4693230	5033200	5178890	4528390	5316220	5897180	3999760	5329310	5664540	5362300	9869780	8310320	8474860	6159040	7869510	5624300	7679740	7468690	9263340	8169470	7695580	7688550
P10908	5731950	5264150	6070370	4832300	6397530	5439190	5131790	7444730	5633820	5348290	5829870	4479050	4543670	4785500	3932000	3992630	4373990	4481600	4259410	5112370	4258540	4004000	4281890
P15032	282827	648744	427677	680846	420943	255577	610422	379625	333186	484497	409416	591487	309159	373319	260073	NA	364587	424547	346426	318808	303217	NA	302064
P13857	3880490	3170280	3040450	2359430	3638380	2981270	2292340	2407800	2855620	2884350	2716660	2237210	2024310	1710230	1465760	1483740	1298040	1886530	1681700	1746070	1777320	1547460	1628520
P63417	34080300	26973300	25996700	25921400	33045900	31371800	25043000	24911000	28661900	28382500	27360400	24316100	19016600	21681600	17199200	19151100	15687700	19652600	19578600	22590800	17824200	22222700	21777200
P0DSF4	NA	NA	NA	NA	NA	NA	25176.3	NA	NA	NA	NA	52460.4	59443.2	NA	34221.9	36566.2	30245.1	NA	NA	NA	39069.5	NA	32484.6
P0AFY8	42692000	32653400	28529500	24803900	32545400	31007700	28082200	23041100	31017400	28563200	27289000	27103700	20263000	23034000	18770600	21209500	16313100	22417500	22376600	25579900	20272300	22602000	23409000
P52102	1052230	752333	783925	560171	847435	652176	657058	699512	722809	1109350	886829	1030210	719502	855471	650896	1042760	555110	828396	775260	760221	733650	794767	707148
P38521	37315000	27631400	27736500	26614600	31129600	30811100	30759900	20865200	29699500	27144400	26961500	20336400	21423900	21982300	22245400	18796000	17210400	22839700	23667700	20953300	13423800	20118400	22147100
P0AEI4	7339140	7140580	7478720	4807920	7815580	6757970	5695250	7664940	6398700	6315900	6602880	9465280	10124200	9281240	8739690	9381110	8714730	8891550	8996820	9775630	8365210	9193750	8416780
P0A9E0	1101680	1256660	1608570	985112	1639950	1046680	875126	1596450	1256410	1203200	1235260	510495	510276	556286	485213	383562	636303	593637	630159	566382	495463	527781	465290
P37745	10097600	10066700	13232500	6845670	16354400	11782700	7474180	12841100	9923070	10697000	11096200	12428100	12826800	15407100	13538900	14653700	14064700	14967400	15533200	15255700	12696400	13620300	13794200
P25397	7613730	7936410	8340850	6736150	9231700	7811160	6906910	8154500	7501440	7777360	7931410	9402680	9729510	9701570	8578320	8278290	8656180	9166550	9302190	9176270	8240520	8820980	9053370
P64554	2905400	3106790	3231030	3034890	3597580	3159860	3246650	3181820	2908840	3256450	3393230	4013070	4567670	4891520	5078160	5236990	5403000	4861860	5063530	4755570	3787760	4444080	4772110
P0AFD6	13575500	15442200	19645400	11380700	18593300	16184200	12764500	18183000	16384600	16247500	17252000	12282200	13397800	13096200	11480100	12117400	12238600	12462400	12158700	12998100	11126500	12889700	12910500
P21362	13569300	17487600	11897100	35091200	7629920	15690900	32458300	9390250	25037300	16112200	16191200	7415750	9013920	6806100	8387430	7882220	10224100	6467690	6931230	6226780	6694790	4238820	7230630
P0AAL6	NA	263026	NA	NA	NA	108745	92800.7	NA	56434.6	205934	171923	NA	NA	NA	NA	NA	NA	NA	NA	33308.8	NA	37719.2	28829.1
P30750	11321400	9981810	10382300	10274600	13367500	9843800	8869060	10348100	9112050	10807400	11137900	9393090	10752400	11781600	11686100	11405800	11518900	11817200	12037600	10560100	10644400	10784500	11254800
P69908;P69910	67354200	70696700	78392800	113826000	65856700	92998500	146788000	72204100	101192000	89489500	90170100	60574900	68535700	56794700	92176600	85332700	87788900	88867700	83526500	68667900	90699100	75757300	85994800
P31678	5248610	5609410	6795400	6892700	6151420	5958080	7009250	6603610	6468960	5818010	6197080	6440880	6137570	5598210	5742760	4933040	5911920	5497890	5784140	6062310	6694770	4835380	5465870
P64610	435933	525929	701590	639647	787470	583658	657055	589451	522300	536567	598179	1039910	1012400	1059180	1128440	1004810	1069780	1084690	1068030	1044030	918407	896102	935194
P39337	5777040	4919580	4263930	4214600	4694770	4382830	3865370	3956240	4631310	4359630	4161500	4148670	3554040	3802610	3144570	3065880	2718620	3560810	3413370	3857280	3855090	3528540	3396690
P0ACK5	3014680	2797540	3131510	2531600	3476360	2878410	2353640	3455720	2742480	2776410	2874060	2914980	2465990	2938860	2721030	2623540	2591880	3145600	2685070	2983710	2503060	2574600	2633170
P75905	4203050	6590430	5585810	5234390	9682800	5696010	4692160	12071900	5070930	5018200	4420330	5205110	3691250	3733280	4096320	5040310	7792430	3566540	4690610	3977360	4536520	3939140	3419160
P0A8Y3	19487800	16163400	17449700	11240100	20910800	15844600	12319300	14892600	15878300	15368900	14883400	8853760	8249570	9127010	7161380	7368040	7310960	8845780	8845150	8785830	7900540	8213290	8253680
P39304	1054830	1240940	1301270	1188180	1560350	1319680	1067060	1242740	1233820	1181290	1177290	679371	675507	902351	1007250	1194760	937539	1004330	943348	915534	707423	890748	725233
P22564	3056840	3111390	4018400	3201760	4803410	3204270	3047370	3561960	2929650	3556750	3680330	1067250	1160630	1168490	1164670	1035440	1232170	1327550	1485990	1382750	1157040	1293190	1297140
P23830	13729200	13562000	14280400	14429600	13417900	12823200	14098100	12713000	12692100	13655000	14289200	7411690	9244390	9902240	11267900	10500500	10621000	10985500	10560700	8503530	9036630	9659990	10021000
P0AEL6	5105640	5293260	5799880	10104300	5054710	6145140	7338440	4035440	6656150	6146330	6228500	5559760	6152740	5607140	5623740	5751510	5664680	5681340	5583590	5920010	4876370	4436470	5588500
Q46803	286143	260438	336987	167191	550743	207132	124077	295691	176627	411676	328620	NA	81843.8	NA	NA	NA	NA	113630	NA	NA	93684.1	NA	17249.8
P76394	522307	399410	295465	324533	374947	423865	308488	539337	392689	188284	389817	NA	NA	NA	NA	NA	113627	NA	428079	NA	NA	71082.1	NA
P0AGG0	2501980	2515020	3127830	2484250	3029150	2739430	2696570	3284700	2841320	2710150	2944090	3356130	3005730	3104440	2503550	2658040	2843260	2906840	3085270	3070790	3015670	2889930	2903290
P0ADV5	4402250	4446710	5321570	6058190	4519130	5066800	5837580	4930010	5396900	5217140	5631170	5710360	7512210	6259410	7048950	6777880	6959390	7086410	6378260	6321730	4995160	5761980	6385980
P0A9F1	6597090	5393180	5388550	4124800	5471640	5177730	4225290	3538210	4982710	4493070	4764200	4023190	3159690	3507960	2440500	2483760	2227720	3057940	3269750	4236700	3490530	2855170	2663900
P0ACC1	946849	904831	848672	726086	1110590	852020	760990	999647	774853	671575	716947	810655	781165	997029	789627	819348	916515	873138	985633	952579	609203	870084	915649
P75809	2751970	2294580	2808470	2768260	2433930	2759570	2695590	2301100	2659580	2467420	2645610	3180930	3205300	3752650	3542990	3256020	3561930	3832910	3921510	3418560	3114600	3295620	3867990
P0AAG3	1856650	2117270	2240030	2326580	2174150	2026820	2340100	2138120	2204600	2115100	2229110	1394940	1604040	1872480	1659060	1833350	1635580	1755950	1856240	1821040	1112340	1622900	1677210
P17109	834099	818028	945326	809731	1074910	896330	729211	994921	775042	808646	825072	1026170	1070550	1116590	1097140	1080370	1102290	1091420	1185910	1050270	1026890	1146350	1054220
P60546	15424000	12536300	11359400	13381300	13858900	12639900	13532400	9039700	14621300	12825000	12589000	11459000	10098300	13084500	12996700	13550400	10654100	11972200	13071800	13197500	11223500	12925500	14750400
Q46812	326440	134073	158641	NA	243501	78239.9	NA	157056	30943.2	190125	236566	NA	NA	NA	NA	NA	NA	NA	NA	NA	NA	NA	NA
P68567	1323300	1242150	1383680	1267290	1183040	1227310	1368070	1366220	1304120	1308450	1334790	1425330	1511660	1578210	1615020	1434150	1816610	1714050	1704260	1759950	1356030	1441490	1559170
P0ABI8	33024200	33469900	34106400	28019000	26029200	27346000	34223500	30883300	33862000	30833600	33007900	12002700	18892000	18001500	18677800	19559300	17294900	18322800	17015300	15927900	12595800	18092400	20815800
P0A9G8	1554900	1514780	1821580	1656680	2030480	1646020	1552470	1732280	1570910	1703620	1705810	1886620	1922300	2223920	1829660	1900120	2116840	2331780	2240990	2208020	1543250	1841630	2029130
P26602	2764910	2447000	3202710	2101990	2888550	2588170	2400520	2629730	2761490	2580330	2458230	2836820	2757900	2570760	2356130	2461080	2592840	2565430	2851000	2641830	2061000	2551090	2616560
P0ADR6	3150230	3076920	3408460	2822200	3521440	3139320	2955470	3484740	2932110	3246110	3320880	3532440	3361150	3784550	4179530	4383450	3928100	3883770	3975360	3433030	3711430	3607080	3934780
P0AC30	3573340	3885890	3516800	3578880	3855200	3493850	3400850	4152280	3718950	3613170	3565690	3794620	3962860	3786790	3607770	3685810	3879040	3864310	3936650	4040950	3681260	3815650	4104610
P0AFJ7	3224920	4082120	3157700	4346050	3708720	3837740	3652990	5855780	3566200	3560590	3638630	2857360	3448290	3972030	4810010	4471300	5677290	4875080	4763520	3662300	3319050	4689490	4315050
P64624	3743460	3787060	3608360	3527140	3763830	3241830	2796570	3056780	3281360	3642800	3603260	2683790	2595470	2921340	2944230	3096260	3535340	3290790	2915640	2590420	2388580	2753920	2824810
P75915	29677100	21871200	22374100	15157400	25879600	23022400	23098600	23413600	24287900	22206200	20602600	29757100	27859000	27309700	21091100	22910100	20672600	25307600	25636800	29685900	23756700	24076300	25544900
P64423	1545060	1513380	1752960	1588700	1910770	1637260	1614280	2008600	1628780	1600900	1732830	2463990	2215030	2242900	2096020	1909460	2016330	1967740	1967590	2162660	2204500	2085530	1934840
P26646	19762400	19918200	23303800	19292900	23232400	21517200	21088600	21547800	21887700	20814600	21039400	20369900	18726700	21522800	21596100	21010900	20443000	22071000	21107000	21039000	20671400	22328500	21317400
P0AEN4	851368	850397	922590	879937	883153	858100	666486	985584	845350	925705	1020230	1327370	1394930	1478040	1292660	1307270	1498020	1367660	1392230	1493130	1276770	1178080	1262570
P0ADS2	11483900	10866400	9303480	9797480	10259300	11123900	10826400	12119700	12008800	12210500	10026800	12195600	10085300	9502360	7225680	7745060	5732880	8546700	8402240	12071200	11740000	9370590	9364210
Q46938	393684	387585	480464	438074	406815	520518	459129	NA	344401	494922	483258	NA	NA	176988	129402	NA	NA	NA	392803	NA	NA	59915.8	NA
P0ADZ4	508404000	477600000	441979000	486048000	425954000	510070000	464424000	338948000	527904000	434904000	399424000	708615000	522893000	468454000	349644000	419332000	307526000	389376000	467063000	529393000	645983000	497378000	489618000
P31545	783654	993003	1112830	1164100	1119040	946551	700269	848813	918132	982627	1102230	1457150	1427710	1803930	1376640	1531670	1672030	1600640	1570170	1828620	1565990	1668070	1381930
P0AFJ1	25526600	21604600	20177300	19657100	21058100	21321100	17824000	13977100	21858900	21682300	18781800	16049400	12787400	13755400	11973400	13279500	9331740	13208600	13524600	14534700	13437800	14589400	14641000
P77202	5169720	4512890	4386690	4118890	4156800	4901010	4619940	3734140	5037550	4561620	4610750	4823690	4530520	4915410	4317410	4336940	3783540	4669210	4773360	4871090	3662720	3984670	4684120
P0ADU5	87461300	60223100	60269700	65129700	67718600	68904700	77042300	41148800	74529500	68836800	60103000	48556000	40472100	39803100	30864700	35927000	28419600	37335700	37908600	39891500	39396400	33411100	41979300
P0A8F8	3600840	3681630	3809360	3851130	3964050	3454300	3442990	3985890	3721090	3561000	3666420	2829610	3318660	3244980	3479480	3016030	3441760	3381680	3399610	3215380	2979870	3200230	3308600
P61316	26305900	23002900	19806600	24651300	20609900	24308900	25704100	15540200	25180600	24150500	24468400	18159000	15677800	17198100	18477300	17800000	14361300	17819200	17267200	18699900	13444900	16925300	19211300
P0AEV9	3315000	1988720	1802980	2423190	2032090	2261940	1855620	1182790	2046280	1768550	1390460	1349460	1034610	1096980	816828	861402	866587	1130060	919375	1418190	1236420	1352910	1076940
P0ADP9	95020500	73682400	64991600	59987300	75977200	67033200	57798600	50877700	63891800	65996800	52485200	64273300	49341600	50226700	41669000	46368300	33353100	44418400	48357600	59023400	53499300	49388100	46906600
P0ADQ2	6211890	7379630	7055240	6748370	6965040	7394080	6808760	6665130	6442120	6819610	6507990	4874890	5552100	6093630	6502780	5784120	6010110	6707180	6383110	5661590	4813890	5473730	5756440
P51025	793275	856042	955702	1015190	874240	949273	1109710	771202	845124	929438	897553	802355	641036	678640	1030370	1084810	783195	1026000	940008	1005470	970108	776461	810701
P23256	3617290	3553020	3921560	2587800	4381470	3385770	2514740	4387590	3120020	3418500	3591640	2381080	2190220	2152240	2178900	2251360	2121970	2224330	2352170	2553860	2269150	2522530	2554950
Q46808	258989	295554	333905	62001.2	310627	107435	180396	309704	143557	217220	250877	61789.4	186491	NA	NA	47739.2	227119	213225	106860	200385	37996.5	109151	136185
P33919	601196	710032	729976	668842	618003	650983	682579	713609	798584	734426	838999	584822	755008	810363	858084	942418	948013	915756	854838	740773	729903	620834	765717
P39286	5431380	5015990	5491510	4365450	5405080	5082900	4399890	5538420	5001770	5081490	4784820	5622480	4975560	5273190	5113940	5307830	5146460	5809000	5404510	5481520	4858130	5221770	5151210
P24255	4965900	4909260	5384280	4904890	4934550	5084620	4884410	4556260	4995750	4969020	4896140	4201460	5284990	4903360	5112780	4860610	4931520	5330170	5470980	4783160	4691520	4928110	5242580
P77173	7171290	6112120	6241160	7383550	6894420	5998500	6610190	5653890	6494130	6681990	6644370	5568790	5029680	6508240	6169370	5902660	6467190	6451190	6436600	6751480	4635840	5109670	6124730
P0ACA7	14133000	14822800	18088100	13164500	17226800	15712100	14992800	16045500	15067600	16495100	15734000	14654300	13183400	14748800	15146400	16446800	14268700	15512900	15177300	13553600	12287700	15721000	16921300
P60624	557861000	459882000	405944000	483739000	461271000	475674000	431257000	322194000	455731000	458569000	408477000	570107000	471577000	505313000	393242000	427042000	366260000	452606000	469183000	477727000	452971000	439327000	494325000
P27848	3388240	3669030	4025330	3509830	3974940	3902370	3642120	3605740	3676220	3837590	4050210	4362910	4266560	3872880	3811750	3589480	3721420	3725130	3966390	3525270	3339590	3559090	3982860
P0A6T3	16283600	16569100	18073800	15091800	18658700	16950600	16511400	14593700	16660200	16671600	17329600	7983120	7139720	7587520	7341520	7389050	6819470	7556140	8033130	7624630	7243660	7624340	7907400
P76547	50170	NA	42412.8	NA	47639.6	14284.4	NA	34230.7	NA	NA	NA	36892.7	36953	49335	23184.6	NA	31143.8	58543.6	39729.3	60693.2	43585.9	NA	NA
P0A905	172751000	196501000	184895000	201195000	210776000	179797000	184642000	188816000	191486000	197432000	192070000	183052000	174512000	152147000	184170000	171635000	176737000	167392000	161855000	162242000	134977000	172022000	177350000
P09169	316921000	347202000	406283000	247377000	463533000	384299000	305429000	455980000	375519000	405943000	413654000	665490000	575544000	641154000	548067000	539691000	610675000	641119000	645223000	650788000	596299000	645823000	590110000
P37652	177604	417783	262195	398667	351499	296033	290197	745544	282322	299771	197618	298431	350813	416117	430813	669696	1282980	415196	341535	405024	339492	334125	357390
P37773	6069050	6219620	6928970	4836400	7114760	6483430	5839250	7488300	5991920	6626890	6753900	7395760	8161780	8672470	8779290	8694990	8488400	8792410	8660940	8324430	7887620	8494190	8631330
P0A8E7	182869000	138249000	126150000	135213000	133227000	140085000	138602000	92582800	137783000	142693000	127194000	130859000	103957000	117097000	103918000	107440000	84505300	114731000	112098000	118214000	106069000	114981000	127830000
P69441	454533000	373331000	327394000	322802000	358179000	386136000	309607000	260958000	377246000	362896000	317447000	241276000	183080000	209667000	160323000	190809000	136926000	192313000	193964000	214495000	205773000	223246000	223265000
P76001	3274620	1759640	2055170	3171900	2310790	2702340	2362370	2120780	2944090	2900010	2767660	1925810	1527040	1554660	1013120	1551500	772252	1255960	1197630	1402880	1491360	1728440	2059990
P0AC33	49335000	57816900	64616800	31653400	56131200	53298000	36810100	77293800	53443600	58984100	56540300	15365200	16727400	17907000	16237100	18410200	17593300	18452200	17076000	17203400	11819900	15365500	17392400
P0AE18	19035200	18641500	21917600	17529600	24433700	20976000	16678700	20894900	18792800	19352200	20378200	23484000	22960800	24664200	22859400	21663800	23410000	24316200	22112500	22535100	20467800	21726800	22691500
P65294	16175000	19390500	19701200	20725700	18703900	14247900	18081200	18491200	18779700	16920400	19744200	5900260	5889280	7387500	9091200	8107220	8106550	8202040	7936240	7166110	6368450	8603500	8246470
P31433	5799950	5889070	6131750	5402650	6530330	5691190	5536260	6974650	5851410	6286450	6164310	4378390	5653650	5353660	5423490	5458230	5575640	5822680	5383190	4872410	5310670	5296380	5433040
P69924	8179850	8246470	9298020	8057140	8691730	8106970	7776180	8999120	8224970	8377620	9152510	7563280	7748330	8187380	7850640	7811360	8186140	8479480	8005410	8318750	6713100	8214400	7923170
P45475	72214.8	57692.6	58675.2	44301.9	207196	109403	NA	224038	104988	124330	99964.9	454818	323882	373598	203189	166321	366108	354750	397774	485718	436844	418634	413421
P0AAC8	15442500	11964000	11346600	10810900	10672500	13242100	14265000	6452270	12012400	10806100	10270100	12377100	10501000	11273400	12559300	13604000	10598700	13062700	12787900	11997400	10924600	13977700	14622100
P64461	1098180	1401010	1014040	2009680	1246160	1778680	1667840	684340	1951200	1665610	1718120	412855	170156	375527	702394	477523	334157	377356	519321	564495	296335	405065	540483
P0ABD3	96781600	80308800	74999500	34788900	108948000	71267000	48485700	78871100	71588600	63186700	59926000	41533100	27941700	29791900	31667100	29597900	30407800	36374900	35200900	37667100	37077000	40073300	35191500
P0CF66;P0CF67;P0CF68;P0CF69;P0CF70	1682140	1268800	847644	1347800	1025640	1245540	1151560	587328	1365610	1197960	1083790	1486520	1782730	884910	691777	782742	377859	817867	767748	765639	1148120	911684	789842
P37182	5172030	4167040	2958230	2994740	5224390	3297740	2248560	2357320	3021500	3120340	2521830	2721970	1937910	2305200	1944830	1814920	1666500	2178980	2500910	2593300	2198640	2373370	2251130
P0A9D2	29411200	22225500	24978800	18593100	28656300	24922800	22519300	19410900	22562500	22709000	21727100	10373000	9607600	13704500	11211900	11540800	10495700	13583400	12322600	12711900	10091500	12615200	12891800
P0ADU7	236732	206191	340032	201551	390219	329558	152178	597711	297271	212446	309189	614107	487230	495055	465423	407652	541138	508945	618015	624939	546867	569598	437986
P31660	193928	347073	233620	837239	185650	485913	1024180	281269	686896	527138	631153	79085.4	111969	68939.1	227838	240675	115823	101314	67034.7	97553.8	104305	NA	115043
P0A7I4	13344500	13598200	16194600	12921200	16672400	14525200	13262000	16125500	13085000	14902400	16357700	18647300	18976700	21972100	23713200	22663900	22946600	23182500	23449000	20597700	19306900	22254500	22934500
P0AE78	11309800	10591400	11023100	10347200	11902300	11149200	9593980	10316300	10299000	10200200	10240800	7970750	8288100	8558380	7835310	7707520	7511960	8503080	8245890	8308830	7337070	7727620	7952080
P76256	3336460	2964050	3611550	2960170	4237430	3320910	2697740	3523410	3456140	3416920	3043880	4620740	4310600	4693160	4113700	4442160	3915280	4167480	4157300	4538830	3704430	3737240	4194740
P0AF43	969618	1011960	1255000	1044180	945143	986291	1125300	1153610	998911	895708	1083680	810036	949489	856637	912408	883950	1062820	942830	989155	869838	957190	823469	892175
P0AAV4	4642120	4584420	5028890	4430320	4986150	4678040	4650100	4774220	4478080	4528320	4895950	4209170	3852810	4085600	4080930	3702480	3942780	4300250	4086830	4136520	3617240	3632060	3598130
P41052	1523240	1527580	1546600	1870800	1571070	1433620	1578570	1721980	1563100	1562850	1645770	1501300	1725260	1789820	1939900	1808150	1784320	1996060	1729950	1726930	1375030	1585250	1584130
P46852	2906750	2720590	2923850	2916450	2638800	2566810	2999820	2571550	3163220	2638420	2645190	2214000	2170850	1776910	1919790	1761180	1745060	1823480	1803390	2041490	2170140	1816010	1710940
P0A8W5	12360500	10715400	10409500	9211120	10258600	10061600	9154550	10979500	10049400	9532770	9572530	14076900	11284400	11296900	9655080	9926240	10026600	10676600	10713500	9908070	11661600	11009600	11378800
P0ABH0	5010550	4729020	5467930	4455470	5519210	5049670	4707560	4946490	4704930	5211740	5609630	5476740	6264080	6375650	6388150	5994720	6357300	6341900	6368690	5677190	5509540	5920130	5849940
P16525	2089010	2123390	2437320	2544460	2180680	2240360	2128920	1988780	2255470	2389000	2498510	1981170	2054220	2571660	2868070	2838650	2804990	2801310	2827900	2804580	1821260	2282310	2500100
P39177	166744000	131944000	122024000	102629000	165147000	126420000	82956900	102941000	110623000	114285000	104558000	55637400	42373000	38403900	30474500	29050600	22963000	32698700	36001300	43188700	46508100	42570200	36280100
P0A8K1	17589500	15825000	17882300	19604400	19745300	17032100	19095100	15600600	15142900	17474800	17268400	19011800	16863900	18333000	20115200	17830100	18227100	17283200	18324900	17312400	18239800	17519900	18660700
P28248	27003200	25202000	27095000	20316000	30570200	24526600	18368000	32143200	22963900	23260700	21476800	21994200	20443500	20412800	18062500	15618300	20142500	19732500	20009200	22900500	19028700	16753600	17508500
P0A8X2	18020100	13907000	14621600	16809700	10779800	17427200	18657400	9781840	19493500	17114500	16881900	10744300	9100070	10756500	7657350	8560270	6724440	10477400	9532590	10188300	6113310	6952930	9630730
P75780	3884150	4418260	4576530	11098300	3846680	5029910	5210070	2605000	5299740	5094050	5666050	10282200	11510900	14141000	10099100	12900300	12135600	13444800	11081900	16764900	11161500	12103500	13142800
P0A8C1	41309900	38209400	35361000	35857300	37238200	38692700	29218400	32157900	43231200	33084000	35977400	29533700	26750500	26686000	21560000	20611100	20564100	25276600	23913100	28064600	24193800	22499500	23683600
A5A621	1308530	1109010	513804	1251830	579481	626156	940053	541469	766849	1090300	787158	746102	738357	708809	411368	635181	551724	680174	618611	746555	671993	790757	715639
P29013	1670990	1673310	2124880	2446870	2508780	1997150	2536480	2252930	2174870	2263410	2627160	1160100	2041710	2239890	2479590	1986370	1976420	2091230	2243050	2062030	1583820	1676100	2247210
P0AC47	27764800	28363900	25747400	14355100	38688600	25400900	13862300	29114000	20633300	21394700	22177000	21818900	16843000	21042500	19221400	18365800	19111400	19931500	20071000	22691200	18807200	26012600	20881900
P30847	605721	613768	638362	682805	525247	590160	586363	600313	606924	627602	667344	583451	728054	750166	834254	767956	797016	768415	777226	688974	681661	680313	664797
Q2EET2	NA	NA	NA	NA	42005.3	NA	NA	97162.8	162198	131212	96359.7	121156	73211.8	NA	253869	200029	157147	220654	269860	249532	368023	144009	80345.6
P75992	685338	525792	465854	310281	523886	326404	283954	309077	258512	290239	193010	181824	143806	216098	187519	147293	191035	244905	256872	175787	139186	148397	180086
P64616	919977	843691	655608	1547600	522145	698953	1305670	409318	1121300	925364	791338	393746	399218	356914	449998	419088	259322	378299	329805	396496	NA	232820	298409
P08400	301656	299415	309546	414476	233650	294532	417819	314631	345974	302220	334929	307044	360369	349493	305744	215505	306715	303121	321583	328207	346697	292090	255518
P30745	73207	109655	56565.1	163621	102700	107876	171242	117339	95602.7	99366	101599	153557	163539	114747	171066	233298	63683.5	99343.6	57888.4	135156	153072	15608.5	95262.6
P0ADZ7	49808300	54572900	54122300	51751600	58658800	52404700	46795800	67386200	51111200	59885600	60524600	41324700	44011900	51036600	52706000	56104900	50101100	47415000	46077900	53216800	42674700	53449900	54571500
P77213	1614320	1535940	1726040	1854600	1579210	1600710	2269590	1332210	1726320	1754010	1743370	864331	1071430	987820	1341670	1136150	1075710	1088300	994065	954664	880137	813558	1030070
P0ADV1	30896300	25669200	22004400	26017700	22876700	25375400	26888400	18946000	26951700	25316100	24607900	17022600	12561000	20017400	16123200	17660700	14325400	17187300	16419800	17734900	12502000	18841400	18034300
P0AB18	3298890	2604660	1867660	2570770	1835980	2505320	2377740	1268890	2257550	2200740	2213940	1147320	1248020	1626130	1255460	1397980	1201590	1638440	1802000	1982060	1618500	1368520	1489560
P39187	15917700	15192700	15693500	20793300	9568570	16348900	26408000	9238240	20572600	16893900	16955400	928651	985916	1062550	1389700	1272960	766221	1097890	1293430	1127050	828564	693863	1104000
P0AFK9	96538800	98930600	97542600	97764100	88487400	103491000	100843000	83418500	105787000	98337700	99941000	84903400	77427500	83780900	79092200	83496900	74430600	89022100	85279300	82757200	71845000	85994000	88384900
P0A734	37992100	30620800	28783200	25956100	29197200	31368500	26260000	25688000	31315600	27554200	26583900	20597500	16944900	15473900	12361800	14102600	13782300	15835700	14592300	16976400	17450400	16209500	16988600
P26365	1160940	1033730	983259	1403520	666354	1057900	1402040	787560	1285770	1205080	1099900	1539710	1526700	1355390	1372670	1264320	1295490	1199120	1278360	1439470	1103650	1121030	1453190
P38684	893091	703353	805202	972170	1046100	870028	843830	736005	823737	1011620	820529	393130	637257	664581	718002	659039	624838	629937	728401	588260	498769	611819	628575
P18956	9189870	8301150	9427260	11564200	7071090	9129010	12017700	7703040	11197000	8899450	9286920	7769680	7994700	7235100	7463000	7129350	6705420	7173720	6592250	7247200	6190300	6434070	6925510
P0A9S3	75124700	67761500	66848200	57148100	120154000	70594700	49634300	81662700	58062800	74808000	74852200	17926200	12087500	14591700	10604700	12859600	12130500	15442400	13826100	17866900	14171600	22197100	17275700
P28635	158388000	186269000	189264000	175809000	237398000	189704000	163627000	194939000	185513000	183184000	184403000	153737000	155908000	175255000	204921000	206364000	179880000	182498000	186172000	158583000	141024000	201115000	190226000
P0AAZ7	55585000	36370300	35565900	29722900	37064300	39917700	42463400	25469400	41709600	40959300	39063700	30352500	20138200	23836800	17089200	20574600	13628900	19567000	19144900	30421400	23327800	20921100	21210000
P33927	176652	337573	291190	298980	306926	179911	251408	413867	226725	177853	272530	497477	447668	310875	338105	238086	352885	312492	358319	167242	204395	294404	258567
P0A6K3	22717100	19071600	16479200	19041800	16437500	17790800	18236000	12673900	19706100	17280800	16240900	19092000	16275800	15465800	14909100	13948800	11689900	15953600	15999800	17456100	17025100	13844900	15375100
P0A9C0	NA	NA	NA	211637	123934	103622	137590	171736	95139.2	123347	163748	NA	NA	NA	NA	NA	NA	113688	NA	NA	NA	263084	306828
P60390	10755600	10328100	9558480	8237550	9540740	9813280	8762600	8927150	9943460	9060330	9047770	9035690	7430770	7409820	6514060	6954990	6085160	7230590	7624600	8241640	7155240	7087680	7484230
P0AD44	1085290	1321080	1201860	977182	1375770	1313150	1097280	1504200	1152330	1254340	1325910	1319860	1332540	1283720	1162210	1268530	1339520	1380050	1264900	1222860	1312640	1166980	1287380
P0A8Y8	2800140	2878480	3152890	6239910	2864880	3820050	4279170	2058070	3787330	3578890	3801730	4050320	4179120	4489480	4399670	4050660	4943540	4835540	3987730	5007080	4258830	3076930	4142760
P69874	5816160	5987570	6925680	5534040	6730100	6083340	4956830	6674230	5534480	5821880	6402080	8814140	9220790	9742160	9804570	9817650	9199160	9418630	9868970	9536930	9269930	9490310	9023130
P0AF98	5797320	5800120	5849480	6036900	5625560	5479000	6178170	5776610	5716100	5861660	5969900	5361120	5895370	5122570	5832330	5688630	5172090	5533730	5411590	5168140	4761050	5114300	5656850
P0AGG8	9684330	10168900	10236800	9348570	10537000	9670170	8091670	11101200	9443250	9997550	9599250	10665100	10943500	12739000	13344500	12752300	12863700	13341400	13319400	10675100	9916030	12120700	12522100
P63228	17549200	15018400	13516300	12945800	13229800	13946200	13256500	12594200	15558900	15466800	14662500	13599700	11706100	12935600	10947100	11652400	10647800	12197400	11902300	13016300	11021100	11463600	11725000
P77368	851809	790465	656195	398100	728232	643984	566377	731852	713685	634082	671412	453118	420755	392881	366593	368639	336261	418822	495094	363521	483953	407947	500887
P10371	11424400	11459300	12408000	9843390	13347700	11783000	10439800	11801400	11126900	11148000	11643000	24684300	27882100	30297200	25846500	27982700	26077400	26109900	24439800	24225800	24604600	23311100	28047200
P0AG76	1126970	975022	1097470	1008380	1267910	1070220	977096	1117970	849721	919091	984205	1143980	1097160	1268350	1341970	1234130	1395060	1402440	1517910	1249370	1117590	1289650	1317900
P30859	131421000	106455000	99056700	103136000	105814000	115546000	108938000	68376900	108450000	104709000	96660600	59842700	47136700	55477400	55127300	62298600	43619000	56709000	57264500	62184600	51664700	61325700	65902500
P24555	1157660	1247710	1242030	1341140	1216710	1182840	1437950	1257200	1244430	1244870	1339290	1191580	1311680	1094400	1362890	1470430	1272330	1370810	1234090	1307010	906355	1084080	1175250
Q47157	960627	723246	721145	604556	791085	704312	959900	595669	795811	799869	769474	422823	444129	547387	637272	606324	544352	626306	653693	491049	410016	580865	680686
P23840	2137880	1759130	1814950	1451970	1878450	1788110	1350600	1649050	1881770	1806650	1584930	684257	610884	576826	396237	473904	436920	576092	540431	673613	599044	521484	622741
P52645	700931	765707	796068	774214	849930	716009	743939	1066880	792317	791775	790746	595207	703270	705000	776684	789140	910685	698013	746530	638732	696052	679480	655619
P0A8V6	6507410	6330660	7158550	6182840	7332740	6367230	6250620	8230690	6878560	7126100	7216570	6863340	6178610	6302140	6605830	7411760	10611200	7211670	7487720	6812660	5334050	5207200	4954240
P77713	1105340	1163490	1409130	1056160	1397590	1226080	1230640	1772660	1315290	1336800	1411880	819693	1095310	911950	1059980	1036320	1127850	1157950	1004240	926713	1001200	999473	1006410
P75800	403213	305617	353606	334352	389272	401131	369206	464739	343076	378639	392682	503704	686274	712070	809582	572829	741682	732537	777484	606363	770172	543356	602017
P39280	1163220	1212610	1360760	1182660	1210380	1165990	1313850	1186850	1196550	1300250	1245910	1931400	2004180	1970530	1821760	1986720	2093610	2142640	2093250	1971900	1702650	1894020	1693730
P39451	270031	191009	367658	824112	328452	326042	425826	190191	311587	266542	271036	154874	408418	209629	157843	245191	141191	192377	111340	266908	93751.4	88040.8	44337.1
P0A7C2	11673700	10315400	10333600	11227200	9779690	10976900	10898700	8349300	11686900	10467700	10445900	10512000	8709080	8809790	7507620	8383400	6400570	8121570	8126190	8534830	8284410	7836210	8618020
P0A7E9	14541200	13549500	16471400	14220300	19513300	15137400	13070500	21095700	14240500	15912000	17695600	23137700	21513100	20151900	17602200	14190400	17890600	18796100	19929300	18295900	19270900	19305200	20427100
P27296	266762	324124	317472	241611	353503	248479	219488	358981	267446	304562	332720	231430	279560	273002	211349	242583	278183	284116	249576	232899	250934	259881	245639
Q46845	25438300	25489300	27305700	23360300	28900100	24604800	25591300	23815900	26944100	24322400	26077900	16720600	15893400	16604700	15579100	16623900	14471300	16846900	16337800	15480900	14692600	16499600	16001800
P0A7L8	223876000	197999000	175301000	194658000	193657000	212293000	187656000	173183000	208071000	190869000	172976000	261244000	193556000	189563000	156003000	187864000	162659000	202425000	222147000	236041000	181631000	201061000	208753000
P0A948	2710190	2696630	2910420	2346240	3280120	2700870	2363290	3367240	2592630	2817610	2904390	3072740	3262120	3771350	3573120	3751390	3694910	3887800	3829630	3553280	2962660	2963200	3300280
P25742	2075480	2341500	2483410	2037560	2546440	2191390	1889230	2621520	2067020	2352150	2333560	2204550	2299370	2581530	2598420	2484710	2406180	2591410	2582410	2429700	2218360	2282880	2508900
P77212	1702150	1380420	1795160	2238370	1519400	1731410	2334840	1754970	1813970	1567090	2064020	1448780	1765850	1202810	1619460	1496330	1614340	1462590	1571190	1542150	1498960	1256780	1313780
P0AF96	9599990	7893300	7888390	9114720	8426400	8487710	8506560	4774320	10118300	8480880	8499900	9782940	7971040	9027210	8169820	9192930	7489110	7871210	7590540	8986120	8348600	7908810	9113070
P77570	2617140	2842290	3184220	2384290	3478600	2900880	2546950	3261340	2981940	2826610	2979050	2371770	2304340	2489370	2256430	2689850	2490390	2509310	2537260	2719390	1767400	2395360	2508850
P0AAA9	453790	377966	271696	976126	252592	363851	217670	164789	370363	2157680	922129	NA	NA	295570	431207	237464	390188	974620	506308	950876	1428000	590412	772218
P0AF26	110001	96327.8	95931.1	117201	216493	137223	127852	70447.3	64884.2	113100	70534.2	357404	211551	299223	191127	214858	200585	295093	261911	435943	290120	303974	192424
P0ABW9	225005	212970	NA	578489	NA	349064	208429	NA	402746	NA	NA	NA	NA	NA	NA	NA	NA	NA	NA	NA	NA	NA	NA
P0A6N8	25792300	24023600	23387200	25098900	22513700	22959900	26084600	20021800	23275100	24038900	23509200	24125900	19037500	22077000	18994100	22706600	19882400	22568300	21809300	22330500	17515400	21949100	24082900
P64599	1613550	1562230	931106	1809710	1414530	1754380	1377680	2001280	1490850	1418420	1265780	1582340	1379160	1517550	1798650	1361290	2399050	1679060	1768550	1509150	1681950	1331430	1850430
P27242	966191	1240840	1276360	1058580	1127330	1169920	1122500	1250260	1079120	1297240	1157410	962017	964125	1757150	1732930	1408770	1363760	1447150	1479600	1712000	939056	1655540	1419800
P61517	38448800	37499600	40994100	37884600	39049800	38740200	44346100	43518000	44252000	40939800	42669500	50642800	51100700	51366000	50580500	54716900	52247100	54921000	50423400	52409400	48304800	45104200	50904500
Q47149	244509	171868	237244	267021	290187	283356	NA	119832	422527	268109	215073	119832	108455	190862	308903	151655	86583.1	221876	249565	109057	126622	84143.3	191972
P42596	1154910	1085750	1448110	973088	1433310	1204850	1179720	1111550	1166350	1282360	1179120	1263710	1250070	1516690	1903580	2048560	1713840	1834840	1815750	1353570	1089060	1555980	1562140
P0ABY4	3066690	2518130	2434990	2549090	2485040	2847520	2858750	1764150	3178500	2650490	2364080	2775560	2187650	2369070	2175890	2333110	1659320	2264380	2134190	2227410	2427170	2007630	2372360
P0A9H5	1998510	1903400	2049670	1837920	2149010	1898800	1893680	1855380	1963950	1882580	1864160	2122240	1746030	1705400	1681850	1733120	1726180	1698240	1558310	1621950	1820510	1562660	1542200
P37744	15640000	16766900	19711800	16150700	20840100	19632900	15987400	17586100	18400600	18516800	19212300	20018700	20664600	23597700	21691800	21510300	21385500	21993600	21687500	19864800	17182100	21543600	22379400
P28905	3693260	3581700	3642370	2998770	3602800	3839100	3829700	3318240	4089110	3713370	3708080	3800610	3422070	3450000	3086240	3590050	2889290	3495680	3371790	3135390	3452910	3145360	3297190
P76513	307692	326368	336376	297470	378119	220393	330879	227061	341386	358229	331078	205690	295315	242974	222253	213803	300320	324730	225796	163731	221113	239905	256726
P77148	2530470	2627660	3019540	3487010	3033400	3057640	3770670	2594550	3228290	3015700	3360210	2613090	3358780	3309540	4152560	3584140	3885010	3851570	3669820	3413000	2568020	3181070	3737000
Q47155	18252800	NA	NA	NA	NA	NA	NA	NA	NA	NA	NA	5486260	5538280	NA	NA	NA	NA	NA	NA	NA	3355780	NA	4758120
P0AFJ5	3333130	2826420	2880520	3119250	2552730	3179730	3575110	3024350	3394610	2925830	3260780	3692930	2929970	3524110	3084470	2543140	2513200	2930120	2950520	3652360	3302640	2505020	2788850
P76318	957739	1135400	929849	1062010	855954	804578	997336	753939	1071400	1009810	611011	1011180	513515	494080	320400	630562	560168	626617	653142	668246	799743	661809	574253
P0C8J6	346470000	338870000	367118000	236679000	566334000	364827000	212037000	462679000	290551000	328613000	347221000	116618000	77163100	92647000	74631300	76424900	81685500	88032900	87202500	100166000	104372000	128201000	98697700
P0AG86	71457600	71115400	84307800	63326500	74386200	74967600	77016900	76475300	81201100	76340500	78714800	86822400	75485500	69372100	66869400	73367700	67297300	71697100	68226000	71776800	69146900	73236700	78424100
P37326	262944	252873	357168	279078	198493	299252	311422	346446	243078	251291	360677	310881	425455	441524	639898	540028	538224	582731	557452	477487	219407	419598	522224
P0AFW0	2092910	2025340	1976190	1718170	2138710	2052840	1893690	1799670	2035560	2139350	1835040	1590170	1297840	1683870	1817200	1779790	1647720	1640800	1866240	1716310	1476040	1525060	1771310
P62768	97906300	75858800	74749900	86190900	79861300	80551400	83542400	58361800	86797100	81777500	81208200	62168500	43692000	47002700	42337600	43266900	34134800	43952300	43296800	51402400	45662600	45973700	47112500
P0AAK4	98833.5	74809.4	31446.8	123539	328131	98584.1	29186.5	189660	52896.9	42072.3	306051	528496	203029	282223	354154	202253	287211	396252	292752	606481	522182	748161	445269
Q46948	4258300	3788760	4430340	4113220	5326540	3958900	3757080	4144070	3675080	4309630	4261500	3841210	3911750	3728180	4204830	3817950	3583810	4032730	3958960	3501680	3876910	3588020	4105330
P31131	1945500	2305580	2237230	3060040	1985130	2315980	2816230	2220790	2163350	2082510	2348990	708681	767410	905881	962420	929700	1260860	843052	751295	867155	651150	1071980	1154010
P18775;P77374	799655	1164570	890522	606461	1511000	790513	567174	1252020	879543	493041	609987	929538	790997	1112350	1413790	1037390	1299540	1018890	1624490	1257310	1542600	1851270	1423520
P75849	19977300	18042000	18452400	14368000	21549900	18510600	17576700	18806300	18415300	17597500	15988700	18703200	17720700	16658800	15933700	17113800	16948000	17206300	16782700	16500900	17991000	17452700	16806400
P0AES9	768292000	573474000	425952000	1138940000	459871000	357842000	1239770000	262658000	803220000	792284000	366657000	327835000	162497000	274083000	296066000	321641000	255748000	322115000	329666000	311559000	260678000	280129000	340999000
P31130	18488100	14894100	10529500	26011900	11086000	16048100	23696300	6991570	19871100	16026300	13767100	4097160	3734150	3562600	3624650	3939460	2625600	3471710	3867300	3823640	3094920	2984670	3432470
P64506	26384600	21452000	18327100	19944800	20663200	20771100	21947700	14614600	22760400	22054200	17703700	28079600	22672200	21861900	17414100	20453600	16260200	18020700	20490700	22954600	19850400	21389800	21282600
P05824	170722	89519.1	224995	235904	66551.3	173625	NA	47196.2	NA	NA	NA	46524.3	66055.2	52333	NA	NA	92987.2	66646.5	71865.4	47037.1	49196.4	56011.8	NA
P06988	28989300	30129400	35167100	27627900	48357400	29194800	26451700	35378900	27750000	28841800	31845700	67986000	87132300	95353900	77808800	82231800	76665500	76890300	73364800	76154300	69907400	74724200	83962600
P45568	839662	662009	754045	787243	722707	750418	836327	728561	761081	803073	820615	771602	734428	959239	1035430	987511	1022130	1012840	1012900	888859	655638	867630	994477
P0A9M2	10228800	10032900	9812810	8198400	10402000	9794140	8564930	10203500	9241620	9437360	9350950	12009700	11023400	10612100	10330900	10450800	9988840	10760200	10323200	10493600	10637100	9605450	10394200
P0AE39	1235110	1081820	1165060	1136220	1267510	1148120	1278600	1237760	1231780	1199790	1283220	1590090	1572790	1386960	1423800	1565450	1330280	1402550	1409450	1354030	1396510	1454120	1422850
P0ACJ0	102065000	103338000	108569000	93194100	115538000	100644000	87219400	107855000	99723400	100265000	95705300	118069000	103170000	106643000	98973300	103485000	98794100	107746000	108834000	100662000	108493000	105022000	104445000
P0A9W9	19004600	18654000	17715800	18109700	16668900	18343100	18862900	14838000	19506800	17076400	17032800	24861400	22915200	22687900	19645500	20971400	19634800	23393700	21233700	22874300	21349200	20293300	21642900
P0AFK6	342782	386299	187297	NA	178375	213679	NA	NA	NA	188912	NA	NA	NA	196462	329677	NA	259018	330961	244930	NA	NA	328302	298042
P23908	9861020	11621300	13017600	10300100	12137400	11151500	9606450	11956300	11487800	11801200	11540200	10295300	11847500	13469400	13270500	12714300	12312400	13020200	13170000	13525700	11748300	12145300	11773700
P27240	582861	651263	727451	720268	851026	768021	744674	678382	718580	870552	920637	696004	739299	996743	1061320	1026830	1008950	968413	915280	607711	432936	844899	910587
P38489	19237300	18879800	19567400	15921300	19776000	19574700	18106600	17252500	19084100	19264200	18997400	24074400	21423000	23007000	21433000	21458900	20515800	22557400	23206500	23304800	20591400	20798200	22206100
P77499	9090300	9813560	9404220	15507200	7374280	9989220	12118700	8348080	11705500	10799100	10710300	10354900	11094000	10544200	9076630	11074200	10418600	11092100	10172800	12000000	10628900	8349790	10558900
P76372	17603800	18819700	19605700	17888800	20337600	17281200	16761300	20299000	17147100	18081700	18027100	20870400	21159800	20937500	22274800	20580000	20972400	21057100	21427900	20463700	19551300	21335300	21974200
P0AB46	30911600	26401000	18857200	26346200	21565500	27433100	24100900	14116500	26218200	26406400	22103800	18579500	13665300	15141200	14447400	16121100	12475600	16480600	19884700	19173300	19077100	18884600	17494400
P77318	9854990	9907400	10893500	9118460	13934100	10779800	9007430	13174900	10512500	10791700	11277600	1191020	1028930	1117020	1190530	1256770	1133880	1244140	1423400	1577690	1275440	1445760	1369550
P27127	393523	480144	436049	411064	366926	422891	500830	520741	469180	437240	501917	462588	571580	476902	539029	490556	501444	474427	470222	451697	387093	393018	524696
P39279	172329	173770	218521	111565	261059	210342	87358.4	65213.9	157894	187802	218816	148016	277365	199044	155094	115839	165794	203034	226866	288810	84107.9	243005	209219
P0A742	7527050	6764980	7988760	11173900	8525160	7774800	12196900	7290590	9225940	7934990	8327670	7269840	7714070	8285230	8611820	7251340	8371170	7970500	8072160	8885920	7451190	6545210	7700890
P0AGM7	339846	380362	459314	295371	305726	273104	271346	270798	235139	240725	356584	347631	280259	327958	383121	351838	357501	424247	344707	238494	359300	477766	489452
P76038	33838.8	168274	229877	87928.1	152450	126762	106870	65343	171760	188673	183983	209756	217735	291411	206503	185871	221029	258264	315625	295093	260461	194138	204362
P0AE85	8379080	6637000	6227790	8891490	5616950	7637930	8889680	4906690	9448370	7507360	7370000	3079450	3423110	2927110	2895080	2467420	2188560	3286740	3084100	3860800	2438320	2867760	3043050
P0ACL0	4264850	4317690	5165900	4985210	4917810	4377800	4336880	5109060	4531320	5282940	4673740	5567090	6324830	5571120	5387920	5282400	5573120	5878320	5956020	5602710	4908510	5499480	5571330
P0ACK8	1509510	1560540	1586120	1342820	1598370	1510640	1698620	1581970	1634400	1477640	1528700	622249	546784	612107	574284	587679	707588	646703	734855	663448	494931	556106	565514
P77161	88961.1	102779	160545	182196	214475	151442	163329	231189	238610	157452	163100	NA	5106.82	65816.7	NA	NA	101099	NA	89143.5	180717	33386.6	128402	154325
P64451	6396660	7054750	6748280	9519230	6178450	6592990	10606100	6034740	8128530	7639450	7960340	3687030	4149960	5578980	6096930	6004440	5810750	5833500	5362040	5270500	3443300	4504460	4706570
P0AFI7	11055400	10280300	11704400	8060920	13960700	10764200	10243000	11423000	9555070	11777000	12065700	9168680	9420330	13302800	13267900	14813700	12298500	14213600	13070400	11872900	9972600	14142000	14060000
P0A8L5	2415660	1492550	1894490	1299570	1860480	1778640	1765390	1700960	1782030	1612490	1343360	2146580	2203770	1881620	1657480	1589930	1423570	1654180	1615340	2053580	2027990	1914260	1598830
Q06065	997360	1083450	1019340	1104230	1364400	1138350	1134420	1021300	969888	1068890	1203350	325895	451061	435856	485998	436198	545549	542767	578524	433462	507998	523510	579822
P41039	651335	458436	413286	631000	689413	534485	628160	303666	455207	471594	410337	509750	309787	424952	313395	199201	184617	277948	317371	493907	600697	270328	290100
P03841	17242300	13740200	17882600	21249700	10110100	15477400	23097700	11009900	22763800	16919900	16252700	17847800	11327900	13243700	10818400	13090000	11509400	16258200	14443700	19229300	14728200	15428500	16267000
P76129	294903	NA	NA	NA	38791.4	NA	NA	44049.9	NA	NA	NA	NA	75223.6	NA	25498.7	NA	NA	73890.6	NA	NA	NA	NA	75266.9
P0AFR4	20741800	21677200	20344700	20846200	20692000	21212100	20965700	17168200	21750700	20454500	19767800	18258400	14973200	17456000	15776100	16104600	13363200	15857300	15847300	17795100	15610400	15910000	17284300
P0AA43	20816800	18446800	16722000	16839900	18181700	17555800	16257200	16333000	17741400	16197800	15143500	21615400	19790000	20137600	16178000	16977000	15224500	18820400	18512400	21236500	18513400	19044900	18795600
P0A6S3	325756	439204	330989	962475	136739	691358	442856	307002	698234	424528	435533	NA	NA	NA	NA	NA	NA	NA	NA	NA	NA	NA	194945
P15082	3276600	2551870	2466740	3543340	2757610	2590930	2706610	1931180	2870200	2859860	2399840	2316740	2026190	2076520	1633080	1214490	1588430	1617510	1581780	1753950	1539000	1517820	1673190
P45804	268191	413853	650405	540482	379817	545133	546041	447190	518450	524417	581462	163761	225084	NA	218118	219154	NA	172440	207878	NA	231183	NA	NA
P0A9K9	147828000	139568000	116197000	143607000	94220000	137369000	122333000	57630600	147825000	134019000	110130000	51260800	39096100	77828300	83583400	84419200	56036100	83536400	80115100	56400600	42089900	64807100	83149400
P0A8I3	5303690	5338960	6758960	4913350	6560710	5789600	5468110	5859530	5651430	5885870	5990600	7643570	7838760	8333680	8289490	8268540	8478500	8395970	8022110	8134650	7045520	7412570	7997230
P24230	22575100	22133700	22853100	23109200	23757000	21151000	21973500	23272200	20244000	20173800	22112600	18514400	25536400	23764000	25737900	24437200	25662300	23653200	23970000	19279000	24979300	23102900	24255000
P27836	829515	929214	1039390	962168	1018590	1026970	1064900	1041710	1039710	1028700	1126370	1291350	1448350	1544390	1673670	1632600	1657310	1651290	1614620	1444220	1187240	1413620	1655620
P0A6V5	428302	542166	379937	671752	353473	576898	552812	391659	369444	373805	536752	621959	497327	375723	248526	460666	243133	282721	329682	749421	439119	357567	238460
P0AA84	169726	176395	173961	256198	145220	168782	259818	161293	201880	202663	210353	195346	250921	254330	308975	252910	306550	339654	264520	272239	305601	228923	256501
P0A6G7	48540300	53953900	59854200	48307900	64174200	55003400	45243500	64916700	48912700	52130700	51049000	66598200	59211200	60597500	49873500	46285800	53540900	51748100	54545400	60008500	60144600	60445000	59723800
P27896	187647	251469	228411	234962	284622	247033	225949	230467	179816	225481	170863	94596.1	157224	180399	157793	135034	180232	174395	220018	162431	163922	148269	198439
P36667	104270	191952	226786	245103	150554	229920	328502	314875	338968	311494	358570	202567	89598.1	321814	552875	605315	588619	496113	546014	324713	NA	493828	454432
P23886	4749220	5114810	4675290	5109170	4401840	4808540	5752010	4830560	5222080	5254100	5589180	3733860	4769830	4921350	5478530	5274570	5061990	5300390	4673820	4316520	4063440	4939030	5677200
P0ACA3	59671400	57320100	57203000	53340400	51572100	57164600	60615300	43342700	52519000	54364200	53227100	29809500	34366300	40862600	44462600	44175900	35066300	45937800	42275000	34253300	32372200	44067600	48259600
P76007	3268590	3653650	3578460	3449350	3616200	3623510	3168750	3572990	3343560	3677470	3308970	4150630	5555270	5184850	5561990	5252840	5505830	5508250	5402210	4666760	4820780	5309950	5716120
P0AD42	1010880	1069130	1163810	1096570	1341310	950413	1159620	983096	988925	1101960	1226710	752605	756577	1118240	1330390	1122180	1186930	1252630	1037830	1023220	747431	1141360	1302210
P52697	68978800	67866000	69516900	70045800	63440700	75043400	84462800	63709300	81140100	67202100	70720000	66417000	61298600	66329300	64701700	67853100	65588500	68648000	69741800	71675200	70909100	65256600	74029700
P15288	58639900	56914100	65269900	55418300	61814200	61364600	57967300	63542000	60565200	62269800	66703200	58741100	61773700	63823700	59312200	58554900	59253300	64829900	60766700	60397700	57128700	60171300	59280600
P0ACA1	8316080	7943870	8812910	9439900	7509190	8667970	10041200	7648850	9751190	8824310	9345070	5126250	5591040	6742990	6107030	6632220	5935570	6559770	6223590	6224420	4693410	5236440	6344890
P0A800	62720800	53447800	42802400	58764000	38540900	49517300	50202300	28740000	52608200	45649700	45905700	47555400	39617100	36058000	29900600	35774500	23826400	33236400	33845800	38450500	40306100	35977700	39187500
P0A729	16105200	16625000	17440000	15376200	15760800	16895300	16446300	16502500	17335800	16431500	16005700	12044600	12707800	12328200	12527300	12837700	13281800	13757800	13024200	13104500	11883900	12180900	12641100
P37747	7921410	7446440	8931230	8972700	9387790	8491370	8302940	7462610	7464210	9347550	9341450	8403310	10196800	11341500	11859900	11698700	10507500	10681900	11076000	9375310	9152670	11067100	12218100
P68206	128072000	97484000	73572900	127113000	93797500	128143000	169300000	75002200	152271000	109680000	112166000	22611300	19058900	21246700	28466600	24098600	20820400	24828300	23187500	23301100	14185400	16324300	28002800
P0AA41	3547240	3961520	3808300	3663490	3962210	4046820	3554300	4360680	4457230	4042050	3977210	5470430	5220400	4477010	4452610	4726720	3786870	4378650	4949910	4555120	4342040	4849790	4831700
P69506	NA	NA	NA	NA	32407.5	NA	NA	16959.2	NA	NA	NA	32554.9	26173.9	36223.4	NA	NA	NA	NA	25784.9	29487	30634.3	14231.3	24808.4
P37631	753286	860972	903900	853509	986199	932641	879453	905088	884442	989344	912460	1284920	1359770	1391000	1484030	1389820	1409840	1427610	1489570	1355490	1365810	1438840	1498420
P0A8F4	5845970	6547320	7018430	5594080	7086130	5965890	5687400	6852640	5922610	6481060	6443200	7389910	6775840	6701970	6687400	6816870	6335400	6361980	6534880	6709050	6444320	6514750	6147080
P64476	14513200	12139800	11936300	12438200	17072500	13014800	10856000	10134300	13651300	13572200	13750600	10577200	8200330	10242400	6185730	7394650	5537370	7390190	7526680	12794200	7571480	9097690	8810230
P0AB43	14207100	11234700	9470730	12337600	9022660	11241200	10824100	6299420	11957600	11269300	9735000	13116500	10669200	10951000	8676380	9125270	6877180	10403400	10553100	10956200	11215500	9329980	10373700
P76361	NA	NA	NA	401454	563476	717104	275959	552986	799062	360101	770070	799067	789026	1002950	841860	933019	871675	897906	727063	1160740	782861	NA	693996
P0A7R5	544145000	485117000	491497000	450171000	506776000	469320000	425634000	479467000	509662000	439126000	364230000	696920000	526217000	509797000	380304000	413016000	351415000	436658000	486907000	563697000	567430000	437863000	442261000
P76254	112990	94604.4	102292	NA	48142.5	86457.9	NA	86307.5	52150	35770.2	100960	68712.2	42146.1	36499.6	NA	NA	NA	82168.8	NA	59395.2	48848.5	36765	46426.7
P25736	108898	121871	235863	NA	NA	93886.6	68997.7	121584	95962.3	NA	89971.2	125286	317522	218897	271416	281438	267260	303608	273145	349195	66106.1	341114	330071
P0A6Y1	89052900	78875400	70725100	81189700	80342600	76975900	72622800	64198900	89571800	76541200	67957700	59476400	51835000	46290700	37144000	37467600	33874800	45315600	42301400	50927300	60301000	45713500	46813500
P23898	564330	928963	1115270	806717	772904	906908	783391	903888	879489	786356	831528	760385	1019180	980555	951369	1110640	1133360	952012	987659	975067	836943	781010	939314
P25906	9332310	9490040	10571800	9220590	12505900	9894760	9087660	10327300	9312210	9695460	9493610	4875210	4905980	4605640	5242360	5111920	5215580	5309550	4662830	5009940	4735960	4387140	5470110
P37903	278137000	232192000	234965000	198502000	331658000	227433000	164857000	202592000	222058000	216238000	208675000	54927900	29957600	50910300	38252500	41395900	35839900	48557100	51505100	56078900	42922000	53758900	46805300
P28224	874341	767864	829264	823921	1052160	781872	714307	933642	939003	765348	872307	278531	327347	546959	347425	443360	528435	529633	638101	503795	314283	514664	436322
P05637	2320840	2877370	3413160	2616650	3794780	3197370	2522770	3893240	2908900	2831320	2915620	4205420	4338410	4446680	3927860	3638010	4210330	4443360	4451060	4513730	3735340	3832530	3672390
P0ADP7	2350450	2385920	2527430	2582630	2620860	2442080	2769820	2853100	2458890	2726610	2859080	2530150	2018300	2451710	2251400	2522050	2911970	1437260	2654580	2481280	2968380	2026090	2071530
P46130	17359000	18847700	18560300	14203500	19106100	18599900	15323400	17428500	17309200	18796200	19642000	14181900	15645800	18542600	18720300	19329700	18756900	18670600	18380200	16558200	10739100	16634600	18252900
P31802	13561400	11272600	9957770	9076170	10347700	9941460	7123990	6824680	8782680	8158510	8296230	6353740	6213490	6336720	5260760	4894900	4397910	5900690	6516030	6731200	5497740	6713470	5832480
P00550	5311190	6064920	6244630	6527030	6999870	6240760	5883450	6747950	6526500	6255410	6356980	3724540	5018930	5041620	5560670	5457780	5361770	5267230	5334710	4768200	4631010	4266180	5064730
P32681	466807	372785	412677	423787	595272	397103	363299	486620	523652	454914	557221	396865	448871	534198	461942	461653	496557	502200	482135	509186	296200	415448	407267
P0AGE9	280300000	313876000	366128000	255833000	347057000	300077000	242718000	348699000	320605000	327461000	336625000	69285000	68891400	86972600	56979400	65936000	64014500	75584400	61380900	81123500	48133900	60948600	70634300
P52060	1928080	1281300	1003020	1942250	798033	1267950	1704160	748338	1386780	1147230	1139680	566975	542207	663011	608845	600812	502262	636962	643238	697675	367650	577951	511154
P04993	1106180	1026610	1114110	1141120	1110690	1079880	1178810	1347060	1053600	1037140	1206240	995853	1194630	1110910	1251140	1222510	1067020	1134670	1197520	1064010	974028	1079500	1095980
P23836	45637200	43462000	44712700	39933700	45662800	41740200	38191800	38901600	39130100	41940900	41051200	40343000	36127700	40216800	34908800	33005800	34646400	39685600	38542700	40588200	36700300	37214300	38934900
P04425	13922900	13901400	16984200	12923600	18652100	15193400	13640000	16793100	14367000	15449000	15110300	18252800	17690400	17785300	16467800	16223400	17326300	17844300	17940400	18850800	16077800	17028700	16980300
P21515	427739	534612	546057	556036	594149	586573	701547	734144	724097	571882	527395	798347	718643	739556	790160	884312	797975	731257	691100	779863	796904	703078	691404
P33931	492652	519593	672534	450153	911069	544586	413857	703699	579650	592205	453028	573991	353659	319489	416110	368419	466316	374649	466618	430411	545551	504808	428870
P0AE34	560541	446752	778786	512985	461756	423687	516372	465874	752357	462942	316457	394375	259068	420138	510088	321967	451540	360454	410819	385898	362347	253092	495672
P0ABC9	1321260	1546880	1447100	1490440	1136020	1230620	1454320	1526920	1602030	1451040	1523070	1073250	1656630	1386030	1393550	1540680	1444760	1432520	1352990	1129480	1351520	1512140	1536730
P02925	88358100	84527500	84336000	94801900	82654000	95914700	102380000	60389000	103758000	99161600	96759100	14026900	11892500	16364100	16288900	17478100	12485000	16655200	15332000	14153200	11929600	15786400	17839800
P0A9P9	416628	265027	372699	311726	492421	363108	234851	377128	341902	232925	335011	106750	53123.1	NA	NA	106027	145396	178187	151511	319378	NA	257779	228149
P0AE30	330326	363138	240987	412800	347423	287891	433640	273008	354540	364641	307203	240001	247211	218223	262286	239242	218580	217297	192373	240500	225001	257833	249831
P32701	775622	1118210	1110710	1137520	493802	993305	1239270	739397	1226670	580198	1086720	448601	1192790	544705	954122	764493	1034440	863326	499015	709681	826829	670042	904003
P0AA39	3328070	3789670	4215870	3518440	4190140	3718880	3510010	3983100	3839490	3932920	4101330	4685540	4604030	4575940	4905370	4801180	4481040	4730130	4805300	4360640	4177470	4505590	4787570
P76584	NA	NA	22266.4	NA	42070.6	11639.6	4558780	17922.1	NA	4531940	NA	NA	NA	12963.6	NA	NA	NA	NA	NA	6879.12	NA	NA	NA
P61949	80978900	64080900	58278300	59158800	60255700	66056400	71352500	42399800	66571400	63757200	57983300	57620400	45779600	54210800	45919600	57629900	40609500	55111600	49408800	53236700	45062700	55246700	57681000
P17169	13810900	15496000	15807800	16551800	14843900	15697400	15836700	15532100	15398700	16178100	16858500	17409300	20202700	21395000	21593600	21697900	21182400	21795300	21570600	18949400	20037500	20947800	21495800
P07822	2610070	2452950	3047750	4727380	3312240	2836420	3329010	2679140	2207680	3543920	3393550	3671960	4258270	4501910	5242050	4772120	4516880	4261250	4625940	4027830	3505530	3816350	5234280
P0A921	2763070	2464920	3004990	2347130	3157230	2889710	2509440	2836080	2996160	3097980	3072390	2852550	2633970	3310340	3593630	3464860	2990620	3272650	3371510	2968610	2371060	2990350	3186920
P27241	685218	561084	753392	554292	534097	800429	616133	656761	630385	655113	759313	823752	981113	1244940	1078220	1175890	1085660	1279780	1159060	1070490	912050	967761	1152740
P0A6X1	1086480	1001300	1310200	904959	1648050	1105960	1109410	1439330	913123	1163600	979958	1273430	1517390	1373620	1536270	1045640	1400600	1307600	1330300	1841280	1849780	1511670	1497630
P09029	11178200	12025900	13803100	10038600	13625000	12977200	12322700	14193800	12209900	12773400	12656200	17998400	19494500	18462600	17691200	17644600	18262900	17358300	17830600	17244400	18691400	17667900	16326600
P0A9Y6	1206050000	1049540000	1033160000	1157130000	1082160000	1169110000	991245000	690644000	1220590000	1267050000	1039990000	1191880000	868086000	951419000	787368000	922595000	717633000	934343000	913882000	974152000	840173000	852448000	959880000
P0A9X9	104553000	80093700	40216500	101128000	81184500	83267100	94315000	44583400	88803200	67965100	67618400	122802000	128700000	110307000	120452000	135223000	118446000	134792000	141409000	94002900	115313000	122569000	154631000
P36995	4954750	3853080	2823070	8189320	2525680	5286940	9498840	2425880	7277850	4782190	5185390	7762810	8533900	5348960	7320430	7819340	6661680	7457770	7484530	4372970	6664060	8629470	9804390
P0A972	761268000	624175000	592263000	719200000	565844000	675610000	700906000	313567000	777130000	684070000	607352000	725603000	611321000	655794000	589612000	680763000	512111000	642783000	574651000	574106000	438683000	626501000	771243000
P0A978	3794650	3454820	2880440	5913580	1694530	4382430	6959790	2252380	5468880	4715150	4439400	7309970	9113860	7437440	10291700	9943320	9800040	10192700	11138100	6875870	6622320	9269280	11669300
P00946	32924100	31389900	30208900	26312400	34222700	30080400	25890400	30801000	27227400	29788200	29242100	22000700	21106200	21285000	20523200	21525300	19981600	22487900	22117300	22059200	20920000	24483100	22735300
P0A8M0	58819900	59678400	65878200	50719600	67012800	57754300	48751800	69642100	56047000	60404300	57692500	67658500	75409000	77243600	71289500	71009400	72560300	72576700	74816700	68650900	70266200	71831800	72445400
P02929	3282090	4066890	4046070	7593550	3642670	4521160	5423310	2695260	5031280	4809720	4932700	6294580	7369970	7109350	6507120	5950670	6539370	6517450	6408120	6536920	5721150	4790250	5839290
P0ACY9	4648970	3263930	2822040	2789090	3341950	3078090	3909570	1795000	3387510	3241890	2761180	3122700	2997090	3254750	2877140	3233370	2384830	3071530	3200260	3571920	2447260	2739430	2896950
P0ACN4	5908400	5316810	5122790	6056660	6017890	5505270	4962260	6006780	4860500	5901670	5689700	6461190	6504050	6014510	8044280	6594370	5377840	6950290	6553800	5048330	6309350	6750780	8393480
P23837	2230050	2312170	2455360	2111970	2353530	2210700	2072610	2064810	2179440	2286520	2455350	1515670	1917930	1839760	2167750	2109220	2150470	2163670	2037440	1721120	1454340	1693620	2061780
P0AC75	1346410	1479520	1625320	1687790	1435290	1473960	1496690	1214810	1361640	1663710	1592770	1397740	1698360	2026920	2210170	2215260	2049920	2241090	2206570	1705080	1709230	1692500	2037070
P14407	2714130	2464890	1882070	727414	4618700	2125520	719183	3053120	1167780	1595130	1558670	3682660	3345130	4731470	4225410	4297700	4809710	5434130	5308230	5328000	3843450	5819870	5178440
P0AAW1	1585880	1750630	1631680	1920330	1698790	1556790	1908510	1673510	1711620	1949820	1690950	2030160	2089710	2109920	2420730	2243200	2184160	2175560	1965350	2246310	1910150	1906850	2223820
P0AG03	1484490	1530630	1583090	1951590	1780090	1539050	1842030	1681760	1677470	1658890	1712120	1433570	1554320	1630640	1700430	1557220	1419280	1443270	1613720	1543730	1527430	1278410	1504810
P0C0L7	3278820	3354370	3878830	4972790	3887160	3822800	4805020	3145580	4171030	4412850	4679120	12396300	17126800	14851200	15815500	16123000	15561000	14751100	14433200	13497500	13236500	16141700	17281600
P0AF03	13526600	13247200	14198400	12139700	13969600	12848700	12890300	12473500	13639500	13526700	13516500	8226730	7116830	8757150	8704810	8609990	7667590	8433140	8428260	8615300	5596800	7727970	8637950
P77293	2044140	2456910	3673090	3191290	3172480	3272470	3189370	3172300	3155890	3111330	3830630	6531240	6192720	5958840	6295840	6313840	5711410	5851060	6196490	5862540	5698590	5764640	6133800
P0A927	16287400	16112700	20759900	12584700	19671300	18374500	15887400	17078700	17087200	17850000	18473100	19892400	18109700	20247100	22536400	21927300	20331900	21728900	20554100	19096900	19010100	20897500	19913200
P06709	1626330	1740210	1732390	1619790	1813260	1569350	1381180	1694040	1721860	1637620	1864830	1725790	1700180	1633250	1642480	1737690	1783470	1520200	1635470	1589790	1517750	1480800	1509960
P27830;P37759	7584980	8279200	8792170	6109060	9100520	7957350	8458190	8982910	8518420	9476960	9299810	10901700	11976800	12731200	11931700	13528800	11034700	11045100	12818600	12076900	8551940	11982500	11058700
P75948	NA	NA	112892	152067	64108.1	158575	142199	42157.6	172954	42624.9	114222	155617	233252	190181	176175	121810	162508	136843	159426	162169	142396	119552	65271.4
P23871	1530960	1497080	1913560	1799240	1688620	1656390	1734030	1847960	1946620	1852840	1967010	2505640	2449550	2691490	2518010	2372060	2651800	2653450	2655130	2825690	2251070	2335440	2421740
P0A8Y1	596063	591994	744762	511425	497022	510922	834506	821456	692209	592148	534482	1168940	1305670	1409950	1352150	1447040	1532510	1371660	1441010	1070310	1042270	1170050	1199090
P45531	1877340	1433540	1464980	1540270	1560110	1651850	1488430	1546900	1485960	1547590	1486720	1469230	1443410	1341440	1150770	1125490	1193000	1522840	1389630	1652070	1295460	1176000	1232120
P30128	8186060	6193850	6606760	5008340	6786460	6698820	6337930	5873340	6518000	6108830	5971950	6909550	5946520	5258340	4221310	4927880	3820430	5347990	5375390	6210310	5875210	4844960	5150690
P0AEU0	147088000	117455000	112683000	104345000	111002000	126664000	108889000	79018200	128574000	123514000	117022000	75328100	63768600	82573900	71310300	81030600	56747900	80280200	80748000	82949200	64617000	81343000	89477900
P0AA37	1315730	1389750	1798690	1446740	1644260	1503070	1432270	1847920	1536200	1572760	1255440	1624740	1340870	1456310	1378830	1558290	1437460	1603500	1774560	1608440	1239520	1522810	1626550
P0ACI6	1072630	887990	971945	1230900	861098	819437	1192660	786574	874907	1006380	1092620	742633	686922	804413	915425	933086	857994	797212	825050	590752	740656	694529	813393
P15005	412088	531864	636029	543149	698874	616786	488853	634820	585403	668066	663943	851231	878306	1048730	850150	870836	864246	1046260	989266	948942	930186	822731	864397
P75792	1179780	1510470	1562380	1863440	1331600	1375730	1518200	1450860	1481280	1622520	1460650	1305270	1935940	2124380	2175000	1864840	2129130	1959270	1953080	1714200	1948320	1931920	2041760
P75823	5426100	5512650	6445960	5558990	6627040	6114980	5078750	6414800	5415640	6220100	6304580	5040310	5719040	6652250	6454260	6502130	6274320	6976230	6286780	6008840	5175680	6467460	6752550
P37353	92165.1	77670	81365.5	61957.8	84270.8	96965.9	140920	83880.3	NA	76553.4	106251	126782	296709	100209	126795	164420	48683.3	123782	119988	100401	138155	98042.6	90655.5
P69828	244208000	235238000	235433000	204430000	318990000	250968000	181408000	239059000	227553000	225256000	223011000	74389500	59634900	76775300	48627100	56445700	53406000	66288300	64491600	74768800	65655600	83095400	76358500
P0A8P3	144749000	111264000	106431000	125409000	112856000	123710000	118720000	85965100	137084000	116051000	104268000	102606000	88846200	96041300	71194600	80915200	61548200	88292600	84169500	102467000	78095500	85795000	81288100
P0A784	12981400	12173700	12702400	10277600	14073900	12784000	12086100	12519200	12988500	12535500	12137900	17836900	15300900	14864800	12280600	12501000	12029600	13677900	13463500	16418400	15212500	13546300	13868700
P0ADP0	3762160	3483360	4292030	3033140	3880870	3907040	3313170	4363000	3649010	3690100	3599030	4676700	3961000	4055180	3713610	3622820	3912760	3862040	3908210	3981800	4535090	3987330	3940740
P64517	7627990	6212730	6021790	6829630	6003970	6332160	6888100	3276610	6193290	7823460	5898410	1188940	1264190	1703040	1319960	1465490	960941	1291630	1449770	1477190	861875	2177940	2188850
P0ADY7	153176000	178491000	177771000	141184000	206804000	169322000	159249000	213364000	184669000	182361000	186155000	323468000	266130000	273904000	230272000	228623000	231208000	242477000	247362000	261491000	284234000	302993000	274773000
P0AE63	11582300	8936740	7758620	12120100	9882050	11095200	13557900	5751180	11627000	10649500	9574080	7462840	5337400	6849520	6663310	7147800	5327800	6816360	6676440	7509350	6643900	6436170	6946500
P0ACU5	3328810	3581620	3391200	3521850	3187210	3324660	3417770	3161050	3340950	3678240	3619220	2929110	2735090	3458250	3708180	3974360	4718790	3713770	3586560	3338440	2512870	3065730	3576040
P77129	241649	382312	589417	639563	378440	392263	468445	320431	561425	421386	417770	NA	338420	426291	379275	392158	507295	497254	287200	303958	NA	253442	472953
P0AEQ6	1272870	1303800	787140	1412980	699996	819953	1704350	665265	1354160	1183890	1056210	368712	457713	503777	693731	747648	699548	681846	571087	369937	428432	674839	826465
P21829	3021280	2977050	3794980	2818930	3841550	3329750	3010860	3562700	3080910	3160310	3383410	3463770	3777310	3637560	3585720	3846420	3676070	3701390	4072190	3626780	3901410	3573520	3544250
P77182	941379	887131	1012610	1036090	1200760	1007440	1006950	1292430	930494	946650	1115270	772732	955994	1205540	1194260	1024560	1365260	1180860	1284810	989837	796237	1211630	1153750
Q93K97	3801400	3878440	4453590	3736370	4777950	4084150	3819170	3716340	4201220	4244550	4075100	4068000	3963310	4049180	4438230	4531410	4228140	4350890	4415490	4119660	3639390	4061980	4212430
P37128	816189	720225	822847	892327	995694	810804	1261600	950116	834468	1136420	1081960	1162060	1000230	1126010	1310570	1333980	1197220	1577050	916601	1002110	966574	1268240	1364390
P64614	1568910	1368490	1492370	1174460	1446790	1789260	1560550	484809	1774990	1605970	1366870	6333450	5431690	6338070	5765230	6718130	4083590	6005880	5874280	5571660	3214680	5990510	6152470
P75801	191687	163982	142019	184023	175909	157065	119065	199834	121404	172334	190853	307708	375669	366481	493478	444001	462391	413054	448736	416495	391403	349365	387704
P0ACU7	22867600	21142200	20446300	20705300	19367300	19742000	22338400	18032800	22308000	19767600	18540500	15782900	13587600	14371500	13183300	14651300	11241300	15016200	14989200	15255900	12789700	12331900	12700400
P36677	267469	158036	180965	157228	165872	167110	218307	94352.7	166352	176212	165429	94542.9	93758.9	99989.7	94333.5	76112.1	74909.7	97211.1	71502.1	106865	85797.1	116294	95132.8
Q2M7X4	4420370	3740410	3274120	4610040	3235320	3675120	4955250	2261120	4704340	3638720	3405540	2570510	2067800	1852900	2007660	1708800	1233960	1860080	1812240	2289630	1442700	1882530	1899150
P0AA04	69951100	50849900	40521400	67754300	34333900	60844000	69173100	22880300	50676200	49084300	44083400	40491300	36251100	33150200	60225500	59386000	44249400	61500700	62860500	61493900	35475800	50703300	69233600
P0A9Z1	36827900	30511800	27800200	30258200	30571200	33708700	26518100	23511000	31557600	29078400	26202500	32865500	23235900	28397100	24254800	22315900	20535000	26686900	25587900	28348800	26298800	22852900	26004600
P0AGA6	4693720	3940280	4290150	3280870	4353700	3830700	3086800	4210280	3843960	3674190	3579410	3515230	3069070	3124580	2364050	2562740	2969560	2898250	2995310	3124250	2716350	2390380	2766070
P64557	476692	623318	767983	NA	772230	NA	696136	524945	NA	688149	669700	125503	192887	NA	NA	NA	NA	NA	NA	NA	NA	NA	NA
P39161	1497670	1223210	1167940	1368680	1145590	1265850	1389300	730100	1460020	1270740	1288240	852316	913445	850024	953948	932214	778252	958177	971346	810916	848348	889009	1011870
Q46807	181973	229794	178176	131366	190196	160114	40973.8	160482	202683	192850	142519	145677	139499	88034.1	NA	76477.3	61016.5	NA	107363	90933.6	160036	86691.1	115846
P76085	1623700	1674810	2389600	1472210	775024	2133890	2065890	2703190	2328830	2428100	2038580	91841	NA	80561.7	3933600	2222950	1929920	2752630	2909020	NA	NA	3602400	6185730
P76330	1468110	1259630	1549310	1610780	1638570	1519110	1401250	1645590	1507320	1534660	1577390	926939	1402830	1370400	1263690	1346380	1318360	1363980	1281760	1385050	1118970	1363280	1309470
P76329	2997410	3007890	3287830	3554000	3322430	3273960	4439490	3083100	3897190	3268340	3513360	1477280	1895090	1945510	2710430	2310690	2169090	2357610	2286280	1855960	1792360	1986660	2300610
P75822	1256890	1499570	1548760	1529780	1683280	1502710	1423890	1531390	1499880	1598380	1455940	1045550	1276680	1276310	1470800	1352610	1450960	1551690	1495700	1332550	1178080	1125140	1111960
P54901	750870	666853	826088	1082880	730537	725962	1085970	680092	838268	932989	1000310	220970	221149	215893	359310	271901	279784	270176	289680	212584	101452	198499	288873
P75746	2016480	2106280	2414970	2398620	2588360	2413240	2096830	2565420	2312840	2268830	2413030	2185670	1681430	2237760	1945680	2087240	2088740	2228550	2134690	2091220	1831910	2010570	2113530
P39310	8634830	8265540	7666700	6988360	8477870	8294800	7081090	8313380	7978620	8373320	8337410	5444400	4525770	5794930	5835040	5916050	4798980	5600310	5516280	4915290	4507890	5248700	5640040
P0ADN2	120678000	81974900	86332100	97387600	85039200	101340000	89284100	64862000	101251000	93038800	82003100	104231000	70189700	95917900	77591700	84888100	68111800	94672100	95210400	108786000	88461700	89468500	91890400
P64545	1102960	1201970	1215230	1237700	1007060	1244540	1496430	1335270	1227730	1210500	1316810	1111340	1066610	1347680	1362480	1263760	1305210	1528230	1491340	1686170	771181	1347750	1369550
P0AC59	146717000	123071000	126912000	149871000	123358000	132943000	161077000	99488300	140344000	134738000	130150000	101592000	82572200	84357900	77068400	80603800	72365500	89825300	82727200	90077800	96261900	85293200	95098100
P37013	292042	274760	321025	269891	360184	292030	240864	329341	329685	327402	381576	251297	292620	341755	362120	377139	355293	402116	401915	267124	197463	384358	356113
P75719	NA	NA	NA	NA	NA	NA	NA	NA	NA	NA	NA	20658.6	NA	NA	NA	42631.8	NA	NA	NA	NA	31203.3	NA	NA
P0AEX5	3705950	3558750	4673070	3855720	4274650	4048390	3681020	3366960	3996320	3803520	4294560	2367230	2799780	2821870	2977510	2898300	3158000	3327540	3103970	2387940	2653130	2837510	2832740
P45799	7294460	7111080	6952360	6822370	7094570	7147960	7380150	6979300	7370980	7492070	7131240	5829850	6042570	6438910	5550700	6551530	5841030	6132230	5696910	6158680	5519190	6187410	6459980
P38105	6016630	7309070	5338780	10489800	4287870	6867420	12988000	5007940	8675180	6500220	6320570	3759120	3339470	3925210	3775110	2813740	4319280	3965300	3863870	5257290	3955060	2704750	3026730
P08622	26227300	24626900	23953200	23017700	21204600	24457600	22818600	21927300	25728600	24388500	23838200	24304700	22244800	20366400	18361800	17855600	18920300	20238600	20909300	23244200	22012400	20637900	20256600
P76549	941111	1160960	976381	1066570	926129	1042640	893446	1030880	1086450	1198210	1140600	279336	279875	504376	781719	847114	999781	720233	753395	525776	276602	703959	823904
P33596	945314	601439	707377	412370	663765	786841	709676	346110	836099	639610	818184	436604	205602	315285	445555	527136	289191	450792	465443	393492	167662	525387	383446
P0A6G3	7783460	6061600	6948730	5461150	7252770	7191570	7784870	6475530	6682670	6848770	6640820	8042260	7207920	7779330	7379930	8271970	6952360	8567860	8038260	8294570	7344420	7310480	7525800
P0AFM4	5439890	4693120	4270920	6282080	4345700	5157430	5923510	2889760	6009880	4797290	4317170	3537040	2995540	2956430	2262660	2583360	1797330	2607460	2677560	3755690	3132820	2487600	2659520
P39264	30883.8	51742.1	29531.3	271464	202103	142206	190933	269833	266957	290139	373213	123651	49778.6	130336	304199	235090	197607	195607	178638	136698	158716	77699	203384
P0ACF8	454326000	367646000	289085000	346743000	299463000	346806000	349538000	216262000	389598000	341003000	313661000	210569000	158711000	164943000	136817000	160241000	109907000	149178000	151476000	168015000	153637000	150460000	161214000
P0A809	5097740	4292830	4414410	4194770	4431990	4315530	3888570	4352170	4501820	4401230	4084880	3213900	3560140	3375390	2760380	2668520	2208970	3004560	2942860	3138890	2381500	2506930	2748190
P76231	1026940	742569	708020	689532	599386	624672	817594	645447	685036	588120	423754	571468	321495	435204	415329	399194	314904	416155	415838	560795	733234	610673	431313
P29217	24857300	20968300	18120600	19752300	19219600	19478700	19086900	15740500	20647500	19377000	17862300	16260200	13695500	14103600	13139100	13554100	12353400	13267300	13610200	13884400	13418100	13293800	14369500
P39332	1368190	1224850	1300070	1988330	1062630	1425710	1686880	1031290	1541120	1357060	1301160	603637	590890	817819	870685	817512	731162	790752	698403	791983	493465	683238	677845
P22186	7843630	7109040	6501820	6134530	7021300	6423130	6196000	5786620	6824160	6762550	6184150	3766820	4077700	3882820	3951810	4648640	3851940	4055440	4018500	4326960	3077130	3548320	3865870
P0A9X1	8262250	7969570	11156000	5814160	14147900	9680790	5202570	11256200	7424880	10628900	9174850	18617100	18387700	18575400	17385800	16040900	18159100	18026200	17661300	11765100	16179500	17843400	18162300
P14375	579506	488927	747056	505046	743550	630401	246347	542320	607572	478994	658204	660577	670511	480139	461136	454863	607489	405559	533577	546925	883665	410081	590610
P75713	5709700	5842690	6249820	5526600	6611100	6267920	5631780	5771530	5290600	5546480	6178520	3363000	3648120	4018030	4595630	4389310	3853710	4367320	3928660	3186380	3674850	4283970	4210580
P69222	36054000	29515900	25076900	29420500	31943800	31131600	26996700	20476300	31739800	29858000	26465700	37126200	35177800	32165300	26525400	30211100	21096800	29488900	29258100	34851700	29829900	27323400	32491100
P64426	657228	609682	794654	631343	885299	823674	601934	879068	814047	893892	813053	818026	883598	727294	718424	705871	731813	793912	706073	859922	782865	738503	703597
P23845	22718700	24743800	28217000	28965900	22684100	25372400	27743500	23510000	24113100	25918600	26762000	32450900	36877400	40418300	43179100	43992200	40410400	40287400	41084200	31146200	30708400	38738200	40871600
P32162	5543570	4062310	3846380	4782390	3635390	4167770	4823020	1821530	4182490	3886690	3412990	1494410	2093120	2500310	2547580	2418580	1807190	2380970	2313190	2611050	1036020	1883810	2027310
P0A6W5	55366000	44802300	39455500	46422300	41078400	47245000	44885500	28846700	46586300	44006200	38198300	31198500	25380500	28131500	22180700	27208100	19249200	25101300	26036000	29761800	28309000	25589900	28148300
P64530	391463	741440	483880	649676	634982	795731	667870	1116770	853195	604130	605894	1347360	1009810	853037	597107	648151	707948	732391	809236	1110370	1027380	695654	661622
P69423	979182	1153840	1148740	1045110	1106860	871248	970367	1025540	1205200	1045340	1195700	1838870	1481730	1361110	1478580	1159360	1308720	1255920	1407100	1257540	1275530	1596400	1096830
P77302	730153	668131	1058310	1048420	941966	747503	1010610	762778	654166	820064	967385	1643820	1857810	1814650	1720380	1668480	1681290	1673790	1535130	1689870	1601010	1349150	1692060
Q46868	20334400	42112600	30715600	43438000	37256500	32341300	36431800	72094500	38254800	30417700	33664000	35094800	21651200	17187500	22186600	29768300	56232800	17006900	17675400	23380100	15740300	24621500	26797000
P76216	141662	124935	178249	137192	200489	125140	101849	194572	146263	166131	139589	55588.3	73254.4	40780	83677.8	58928.1	48988.6	37257.4	40217.6	50085.8	62105.2	21416.1	NA
P0A7T3	327713000	265727000	257148000	264260000	278512000	281043000	261506000	189656000	291536000	245457000	225399000	368108000	304969000	306056000	217259000	225520000	192015000	251919000	261535000	300866000	277130000	267176000	273431000
P0AEM6	5470210	5233120	4442180	8236510	2495900	7837360	6076210	2395020	7901800	5514800	5677790	745395	631741	913657	448104	486343	363948	659872	537885	1905180	657052	252803	575527
P0A9J6	8099380	7004200	7134110	5829740	7306300	8029230	5582870	6897690	7454390	6681450	6836040	2634750	2374980	2612420	1996920	2282700	1937220	2276930	2421350	2776560	2287060	2236000	2410570
P0C093	3189580	4660100	4458450	3535060	4281280	3409290	3451370	8395620	4181940	3817470	3854150	3913400	2567430	3120750	2816450	3818210	10540900	3266760	3668720	3855190	2722960	2648350	2468030
P76113	24064200	21351900	23696900	24006800	23476300	21492300	29224500	21064500	23534600	22174200	21537500	19033500	19583400	20255700	21432400	20724600	20754000	20315300	20179500	20778200	17598500	17517800	20322800
P0A8H6	43282000	25619400	22715000	49487100	20062300	27839600	44920100	12959700	33131700	28052100	28037100	27428300	23767400	17108800	15065600	14768900	11610900	16988700	17658600	19732900	21308300	16773400	17086700
P0AF36	253678000	204754000	183011000	176781000	205274000	214267000	171727000	139924000	212828000	201448000	185286000	209061000	160532000	176997000	123310000	133767000	115463000	150610000	161074000	171646000	149229000	151637000	153495000
P76419	269076	251484	284277	324563	299234	241960	211533	304373	318548	238850	302235	246415	246453	236820	159393	199964	241971	202133	227671	199014	252868	195772	203239
P76577	906207	664081	1011010	853002	935360	466426	779242	842792	904579	778762	991978	NA	NA	1068990	1013250	1110730	1152350	1024230	1078470	1029920	731765	818464	682661
P77544	5773200	6857400	8014490	7323320	6492710	7155560	8922940	7625530	8317590	7371450	7798740	8618450	9689020	11681100	10473800	11432600	10969800	10311500	11635200	9537990	6856190	9690880	10576500
P80668	4947260	4988430	6657010	6016770	4973200	4907030	6048570	5633940	6118360	5823720	6404820	2157910	2243570	2228540	2954840	2608960	2868080	2960490	2576510	2238470	2106170	3227080	2853090
P0AE28	3591820	3308860	3442540	4656790	3014390	3431270	5253940	2588200	3904870	3564930	3776120	2397640	1959190	1912430	2030170	1948950	1856160	2265470	2286390	1941730	1651340	1536840	2134720
P0A6E1	5619080	4732550	5219550	4640030	5416530	5622230	5475330	4297110	5064380	5095560	5139720	6472670	5221920	5533340	4327540	4488770	4404660	5191940	5338520	6167780	5227370	5094860	5345380
P52076	1039700	790197	824098	730535	861967	762061	743238	570189	752746	762690	743961	764141	626388	689261	563066	603855	567131	680315	779437	721279	754689	614310	628022
P0C0S1	16981000	18211900	16480400	22322700	16895300	16518100	21402000	15655100	18478900	18727800	18200800	16507200	18422000	19424100	20508000	18739900	18715700	20348300	18284000	16490600	18682900	17603400	19833000
P45524	564782	453431	553180	381984	680657	531720	489570	691278	548065	544024	600572	951223	958015	844872	855717	817010	989931	880479	1005790	940043	838683	804169	898978
P76251	4336540	3839080	3880640	3835910	5232630	3544630	4412740	3527300	3629650	4797670	4039340	2474520	2909770	3045820	3239520	3500310	2966480	3900190	3506880	2960190	2458040	3123260	3381980
P0A8D0	11271200	8869890	10020800	9223500	9802740	9792520	10154300	8634380	9826570	9030770	8822140	7340380	5730000	5748310	5080760	5442460	5132480	5305710	5655940	7830020	5412520	5833460	6109660
P0A8W8	54605500	42924100	44965200	44642900	44968600	49473500	51712300	33688200	52710300	49578300	46656100	51765200	50165900	61957000	60649500	62962600	54009300	65420900	63728400	56908200	48943700	64534400	72955700
P0AAQ6	1713550	1329690	1410520	2947660	1169810	1901610	2821990	956367	2495260	1599770	1602110	385085	591401	676706	1022240	600244	472097	815756	684430	788554	491425	454214	389861
P76142	30395600	25364300	25499100	26811100	25550700	32662400	39046700	20771800	40158800	30700400	30501900	8798270	9406690	7186270	14851500	13936300	8578620	9808740	11218500	9445180	10996500	5175390	11494300
P75966	3484390	3138860	3712710	3232040	4145240	3565060	3592980	4189240	3594500	3437060	3329570	4264180	4380280	4934880	4101810	4314070	4215180	4131240	4304360	5077030	4220970	4358170	4371740
P06968	43416200	39713900	36455100	38844200	32818500	39092800	36991400	24951900	40995100	38028500	37930500	26007700	17697700	25177600	21894200	26279100	16527100	25699300	27788700	28158100	16828600	23135500	24515700
P0AAQ2	6647990	6238440	5424450	7149590	2113690	6092120	9461200	2786010	7898150	5641990	5781470	2727360	2407360	2986480	2568140	2936110	2024510	2518090	2632140	5092610	2761660	1772660	2424690
P32051	90563.3	346580	206289	260344	351047	307732	556200	52731	397639	287260	290340	98366.4	213255	148482	170313	140564	245613	169418	184584	214353	201708	147830	187497
P52644	2217900	2929880	2566010	2459500	2745110	2557610	2445690	2137280	2710730	2837750	2669660	989067	985491	1201420	1383110	1408510	1401070	1271830	1419070	1141140	895644	1339900	1418040
P39359	527212	757129	658333	715742	682485	629358	648942	556483	686934	698020	778465	130679	135755	164683	266205	186980	92686.3	190015	228468	101884	125667	185778	263529
P27303	4211690	4341090	4262990	3786680	4438870	3987910	3474710	4513750	3910660	4018310	3995970	4983330	4901480	5793360	5036860	4643100	5233560	5178550	5462100	5922710	4882050	5283230	5434990
P0A8N0	5859660	4676650	4069950	3993130	4133410	4336950	4340340	3174530	4453480	4116460	4124720	4090640	3214430	2425730	1999540	2325740	1803970	2455720	2407390	3009980	3129250	2134720	2418570
P0CE48	114507	91547.8	NA	175396	165730	64279.2	125459	99239.5	NA	178417	NA	NA	371150	129381	NA	NA	114877	75288.6	113500	135092	NA	110930	94653.9
P0A9N4	6390050	6108960	6792690	5187190	7199910	5610870	5976100	6109620	5339880	5910500	5698890	5115990	6396170	6025770	7323370	7050700	6502390	6487970	7086060	5782870	5037080	7709820	7066660
P0AD37	3243520	2752170	2496090	2095660	2823980	2674050	1989670	2561190	2786850	2734650	2482890	1031120	721903	712405	567726	705096	455066	611152	617673	725294	739012	874569	810685
P75954	274186	292903	267387	495784	174021	377918	446338	260884	386021	284552	299709	165968	272097	117309	237337	188185	135106	101651	147582	145575	167382	84514.8	177086
P60651	6231170	5963730	7751510	7241470	7513550	6825110	7091770	6912940	7280950	7048120	7450460	8224220	8504350	8547570	8956450	8368740	8971610	9158080	8919540	8553890	7733130	8704310	9030840
P0ACZ4	12575800	9908270	11569600	10329600	16457800	12770100	9445900	9037850	10648800	13762400	12999500	14114500	13141700	15861500	12306200	12277600	12561800	14650100	14939300	14964700	10882200	14282500	15208800
P0ACN2	96190.4	418515	322177	414724	377823	386053	477333	270375	449838	365723	348549	224508	100541	306439	304575	298298	366531	367437	398840	415316	194737	311154	308346
P46859	1319550	1058960	853428	974545	961318	1062610	1029120	585114	1129670	1078660	1003000	482617	379442	443482	706831	849111	592961	640662	608045	578332	435502	776926	678853
P08401	189720	227880	265507	212471	271569	248010	148285	256546	195564	228709	168384	261796	264823	217734	219590	158272	276550	273161	253273	248126	287185	203224	212666
P37019	624075	639241	555794	662420	551392	572154	570002	566187	577202	590266	616886	317278	398867	473292	505332	405179	493100	494398	430583	477390	310640	482455	499540
P69490	1278190	1920500	1638600	1640190	2168530	1605110	1457390	1721670	1540960	1448480	1684010	1040590	1105370	1504830	1657970	1735930	1762650	1877530	1702350	1641510	807449	1349740	1300230
P39376	210561	249498	304687	98451.7	382500	129623	83349.3	240634	114320	124909	108138	93594.3	176896	193019	195886	143840	237308	247360	340450	209416	158505	119575	235081
P67624	NA	163816	NA	77510.2	NA	NA	367596	NA	41933.9	297055	248621	NA	NA	NA	NA	75347.7	NA	NA	NA	NA	NA	31625	27554.2
P76008	2763850	2800130	2915910	2672200	3117230	2705780	2428510	3034100	2508800	2882200	2798770	2865590	3128400	3094440	2949100	2944670	2966830	3230070	3164040	2890950	2870960	2828290	2883920
P76208	NA	NA	NA	1381350	796327	899162	1227130	1183910	951542	1094740	1565660	1150480	1169280	429661	1179050	965526	559302	1005590	NA	561062	833382	1322610	1100530
P39353	1460030	1625380	2015620	1742650	1515440	1542200	2178320	1623580	1805550	1776660	1927180	1286930	1354380	1236030	1173420	1160510	1218290	1354940	1371320	1494370	1226040	1105460	966904
P0A9D4	7808510	8831870	11025000	6985060	11405200	9130940	8149990	12101500	8362370	9863410	10186300	9096150	9355670	8026370	6987480	6818020	7391970	7860740	8393030	9471220	9221340	9017950	8237420
P0A9L3	82408500	73010200	75127400	64661000	66543400	75566000	73438000	56475500	80780300	72499100	69147400	74527300	64980200	64624100	53412300	59795400	48682100	64868100	63162800	64769800	58602500	56205100	64421200
P69741	325609	431271	472778	211888	1015550	413630	264953	666133	434887	362469	499499	477106	268103	428309	266559	313116	493489	392018	305188	529715	371508	623296	394935
P16691	479520	469738	611739	670924	502710	572380	639659	467767	531055	501154	547615	393754	477568	565793	448365	397580	497111	562326	569379	595622	458594	402051	463087
P77569	1797460	1877080	2335100	1787730	1830930	1540580	1590930	1800690	1643230	2018770	2070190	479217	515480	663092	646852	728456	574590	626979	570498	596668	523791	514734	633189
P0A7Y4	3036440	2233490	2304510	1707810	2385950	2479120	2809510	2029240	2810210	2643630	2354440	3122190	2580150	3136880	2768030	3279150	2282050	3121220	2927910	2845740	2393340	2480040	2732460
P0AB61	25420000	21568300	19960400	27181100	18124300	22419800	24118000	12290200	24917700	25382700	18605700	12731900	7193090	11992200	8730520	11325600	7342980	9527730	9667400	11590000	9164020	12031300	11509200
P69822	303340	171024	214081	NA	278122	291231	NA	206910	NA	66476.5	145745	NA	NA	140169	NA	61187.3	93673.1	91815.8	181719	238626	NA	328519	69897.2
P56256	179518	201982	185829	42858.8	220079	182984	53564.9	235627	161674	240369	249423	225325	119258	155260	47571.3	47137.1	85901.1	100278	93174.1	193335	125576	128481	87965.2
P0AC19	10766900	11315800	11875300	10272900	10625400	11402100	10506300	9657350	10400400	11884800	13237300	9323600	10462200	13893100	13586000	13712500	13081500	14698500	13239900	11353600	8987970	11240400	13830100
P76114	342589	355802	432002	405688	624784	293607	332260	372390	459926	306106	327551	288422	64654.7	302396	122145	208078	242271	457746	692915	156310	187875	NA	118706
P77718	2695360	2932640	3240260	2644420	3089000	2808730	2855900	2888740	2593020	2895380	3147610	3757070	4323570	4580790	4884210	4790140	4645460	4518890	4500100	3904400	3841300	4197890	4533470
P21645	10845800	12329700	14034600	12232200	13142900	12818000	12451000	12712900	12964700	12197100	13294400	7283280	9278900	13825400	13628500	13712600	14869200	15238100	13828500	10489300	9441860	11553200	12241200
P67430	482893	338275	372991	325726	394462	370068	244793	517530	377689	378907	364117	368814	448011	474454	471005	308940	571989	500061	466999	514638	391565	488428	484689
P75828	1235140	1187260	1316010	1266310	1385910	1205860	1298220	1600450	1295260	1387570	1459680	1084200	1450560	1426280	1229670	1289200	1299080	1340320	1305070	1417110	1263740	1170270	1292770
P64581	106666000	118807000	133348000	127092000	131046000	137756000	117871000	124686000	146609000	138084000	129865000	77105000	44103200	64698800	81061300	126843000	170265000	79257800	68991800	71253200	67101900	71044100	70839400
P0A6I9	5446700	4687740	4460860	4071560	4923660	4615420	4584470	3664420	4913060	4809310	4079260	3344620	2526450	3231620	2656300	3000290	2450360	2922230	2965300	3562170	2850130	2794760	2909570
P0A8B2	5289240	4435850	4569980	3335890	5066210	4383000	3620570	3931540	4384570	4383330	4140260	4711060	3987910	4240510	3251270	3714380	3194500	3931280	3890010	4478420	3691790	3976550	3742290
P42588	1005600	982924	1273760	1378590	941079	1022320	1607510	818646	1050140	1277050	1142540	469093	602760	622830	819752	827061	765050	805217	749226	559007	585389	432991	712194
P16095	4056640	4353650	3944840	3062080	5295210	3654330	2776820	4639470	3511110	3619030	3248250	1945410	2197290	2647930	2651330	2475010	2672260	2585460	2679350	2504860	2642030	2535480	2447810
P16432	NA	NA	NA	NA	79705.9	NA	NA	42732.2	NA	NA	NA	168119	44708.4	66468.3	83880.6	36552.4	118504	98419.3	65577.1	200026	151530	241040	169694
P0AGJ2	2929820	2836860	2958510	2501550	3217120	2840260	2751860	3264730	2691760	2833890	3088490	3823140	3895140	4357490	4091170	3637160	3934770	4025150	4048930	4504980	3428970	3858820	4299600
P0A7N1	17222700	11250300	12695200	11708300	38279200	18909600	11401000	9957160	11948000	20709900	15066200	86720700	70242400	64576300	70348800	81777100	66415700	86011400	86869900	20023100	31917900	86679900	100577000
P36672	461357	490581	392778	346145	421053	380722	359743	414520	404200	376669	424048	1542840	1492970	1836090	1530540	1655310	1634040	1875500	1807120	1876320	1355270	2375940	1885230
P0AAL3	259457	303248	NA	83094.8	456612	193261	103511	116040	155973	51348	84302.8	NA	97056.6	NA	NA	NA	NA	50871.2	62676.4	NA	NA	NA	NA
P37765	8055510	7567700	9448090	7044820	9723630	8514140	7277370	8296780	7304790	8841620	8737180	10853500	10730500	12740800	12862800	13610400	11498700	11756100	12537900	10532000	9863850	12182600	13306800
P0C0L9	10327700	5845650	6424370	3081080	7955010	6742110	5877140	6246520	6615580	6501570	5029720	8720310	6051200	6462140	5084450	5753860	4021380	6176700	5027950	7474280	6014690	5934380	6251720
P0ABF8	180443	197844	129108	210694	118744	141089	240982	118152	205953	145486	158547	51425.1	54289.2	47207.1	NA	70508.1	NA	59047.1	35623.3	35292	38733.2	61429.8	109299
P23857	71757400	57859300	44506400	43940200	60863100	50834400	36489000	31365600	50100900	48895500	44252000	9199020	6010530	7924990	5501070	6713950	4514490	7389330	7046630	9440120	6219500	9181320	8474870
P09833	1095100	1247780	1309520	1501010	1243980	1350210	1189560	1215020	1237610	1251490	1314060	814883	857969	618945	676673	624294	641386	610406	682346	692257	874875	631302	695949
P0ACE7	62135300	46568200	45925500	55353200	50836300	56785300	57232000	38521800	59381700	52041200	49202300	52636400	43491000	51313400	40418200	41281500	35100700	48206100	45597000	51291000	44952100	47354200	49756200
P0A8M6	38435600	52228600	40298000	56628400	49207100	50223400	47765200	44444600	50005700	45318700	41776300	57971100	43727200	46849000	48938200	48895100	36636900	48492900	50779500	46363700	39298900	49302100	51144500
P63264	106864	267842	192048	55093.1	129724	405594	141715	NA	88261.7	281395	131972	NA	NA	NA	242710	166379	160387	206673	33251	17639.3	NA	39157.4	42451.5
P77567	69451.6	NA	98314.2	99489.7	62461.3	95884	NA	NA	NA	NA	NA	103285	127599	113032	159770	174430	136342	156441	87647.1	90603.4	40729.3	108652	104536
P09126	1697590	1622800	1612520	1944130	1694750	1387040	1800460	1590490	1542940	1787580	1738780	888250	982366	1024330	1086790	1010390	1108770	1020290	1123470	1042570	914442	985948	1077630
P0AEL3	13740800	10757000	10004000	33825800	24290100	24829400	22483100	12437600	17967700	19696900	15414500	22560500	34242500	26512900	22426700	18277800	22240600	20535500	22719100	22812500	27037900	17870300	21181100
P77272	652969	527722	556622	628196	519924	562478	602401	519108	513046	533567	541041	164288	162257	181636	106662	170051	239042	115389	151115	132423	133279	297920	330594
P42616	11885600	9940720	7760480	10912800	9161250	10116300	9827740	6616470	10161700	10186100	8303990	7379670	6199580	6252780	4438250	5369430	3870890	5484860	5114490	6527940	6238010	5566680	5959570
P14175	25563100	28131400	38235500	43636300	27585600	35369300	44725500	29523900	35324700	32066900	38794300	50773700	54093400	57530900	62190900	55877100	57043600	61816400	60181400	53378800	53985300	55963300	66278000
P19323	569664	319222	679173	489461	689450	519090	592609	524150	604899	581769	536444	379104	537359	613753	714122	515721	564567	649012	557196	482671	299874	628520	540005
P22634	3084300	2838760	3299960	2696890	4036230	2922120	2735510	3412680	2805040	2974750	3240650	2919330	3152200	3183850	2976120	3008110	2749210	2956990	3023790	2958400	2807800	2839480	2933430
P76217	623819	617073	716043	811379	651846	624046	723626	797945	703493	780327	750074	473752	214869	206958	351813	397811	413109	334007	357737	348668	14182.8	274889	329481
P0A7Z0	118648000	93225000	87699000	90274700	94897100	100593000	100378000	72064500	105558000	98331200	88378900	62792900	52500500	62327400	54756100	62348800	50906400	62643300	60440400	57634200	51218100	63578300	71451600
P0A7N9	355015000	256174000	226975000	319054000	247551000	332948000	321078000	157234000	315445000	313990000	281980000	337506000	205887000	375085000	279389000	292235000	208335000	276789000	290325000	314188000	255773000	364258000	463248000
P0AC13	5802440	6601960	7334400	5645240	7913590	6492080	5646090	7711760	5925590	6695170	6886570	7653100	8679100	9592870	8088510	8211710	8144080	8911710	8815000	8549810	8664090	8545150	8541290
P37647	6489070	7085330	7041630	6335220	7682850	7431090	6573970	6614910	7132080	7332050	6837860	5615360	5306430	5985140	5655810	5520750	5504020	6197010	5827920	6302110	5627790	5855510	6107400
P09184	816760	675674	547493	887844	799209	938146	799391	884337	849564	676336	936586	766242	985967	1019040	924972	937241	977285	886262	1032390	985745	1076770	880098	932932
P0AE58	1270340	1729220	2493580	1167530	6032130	1846830	2332720	2260480	1394980	2019530	2053440	2394480	1501740	1678610	1019010	979397	836278	1354720	949859	1804580	2037180	2038080	1368030
P23894	12282800	12349100	13686700	11155000	13220000	13025200	11336800	14721000	12184600	13092900	13729600	17453400	14895200	13557500	12760300	12940700	12511100	13391200	13458200	16860000	14535000	13365100	13256500
P0AC92;P77695	33856600	29093200	22243400	30170800	21517700	30712100	27555000	12510300	33914100	33593000	29857400	12278100	8671900	17016900	19342800	28538300	12222900	20259600	16856900	12840400	8775970	12284200	18566500
P0ACG8	1787850	1069540	1293300	1566420	1565140	1445960	1382460	1145860	1881700	1385550	1164280	1254770	1116030	992239	1017200	1087170	975848	1194080	1171070	1349170	979960	1079180	1261570
P0A912	50973600	58613000	53792900	44806800	58072200	49840600	42136000	46535700	50751100	49108300	46421400	38014900	35275500	42013000	42613200	48294600	38704100	45946600	45602500	34687800	29423200	38555700	37580800
Q46801	298779	316670	244033	171927	846658	367635	215518	251316	256277	338381	313290	NA	NA	160126	NA	46347.9	NA	NA	NA	98022.7	NA	157266	218133
P0A7M6	276990000	223512000	204863000	211620000	230182000	223637000	207998000	154552000	237553000	232125000	213495000	329033000	261200000	269636000	215419000	250101000	184735000	251332000	240488000	269190000	249024000	257461000	244310000
P77743	NA	NA	NA	126227	NA	52434.5	118734	NA	51299.9	NA	114611	NA	NA	NA	NA	NA	NA	NA	NA	NA	NA	NA	NA
P64519	1998810	1473080	1534130	2396920	1859340	2080210	1889140	913713	2368750	2028820	1530490	848120	776175	1045120	1168400	1089220	855160	1137460	1282070	1101410	809556	820666	873526
P0AAF6	7275310	7397060	8447110	7289580	10358300	7868050	6908280	8527920	7253590	7555140	7694770	8471880	7433440	7409410	7143630	7395990	7703180	7371650	7613560	7792500	8207390	7993680	7726810
P39379	2492240	2432450	2538450	2088840	3458140	2319240	1775390	2812870	2019200	1498180	2103870	5758730	6995350	2233630	4957070	3115110	5897960	4327160	6914920	3322830	7700410	3890830	3323470
P0A8S1	12499000	12935700	12801100	9740780	13848600	12170300	9759490	14339700	11389700	12116900	12202300	10721200	11100800	12120000	11882900	11484900	11829000	12198200	12142200	11481400	9986320	11470100	11624400
P45753	316725	344690	387065	268185	516714	306768	237440	358668	266908	367485	373335	118775	163103	107933	NA	90330.2	145536	119915	78613.8	126191	136140	142211	74118
P37188	310554000	316648000	300613000	280308000	408584000	337422000	248472000	278501000	282329000	284684000	304911000	66254800	43154800	67115700	58530800	58869000	51354200	60628900	59940300	55708500	45096400	78200200	72479900
P64559	4542620	3042430	4911080	2341740	5846070	4983770	2356040	4822010	4463180	3705010	2838600	5747940	4178150	3719160	1998610	1963220	2005170	3125970	3544290	5009270	4121810	3458570	1937990
P0A9H1	8897660	8637320	9088620	9451670	8766690	8733090	9277350	8280400	9405280	9096210	9146990	12385400	11490500	11309400	11354600	10898500	10763600	11302400	11635300	11665600	11243900	9599740	10806100
P45522	171740	113900	209001	162659	109437	NA	NA	225055	NA	48500.7	18628.6	77379.1	119593	141024	54787.7	NA	189703	292624	195894	318216	195570	76528.1	126168
P33595	96938.1	93314.6	125130	109113	110085	85765	88822.9	121310	69383.1	NA	41102.4	113574	143238	124839	90889	36956.5	124444	125728	100267	110173	141896	104852	93803.8
P0A776	689592	763675	1043650	885785	890767	773501	911373	782893	588240	1130560	986168	588792	691485	1028640	639729	886593	715311	810055	998478	777791	570705	581938	897621
P37348	477594	495467	623696	519459	611159	536892	515833	575945	487976	522804	598517	585278	608368	590394	617424	573210	716944	544964	666394	627365	674667	516493	571363
P32141	561997	591072	706245	557171	725643	622578	448077	673262	514176	578863	609301	350337	396861	449004	401065	405726	400902	316828	373388	445613	359351	461075	349099
P0ACM9	537510	625088	694526	508237	564732	579090	623543	533805	570471	641146	649375	383743	391731	483052	411374	578992	398233	410033	356039	364352	330805	411686	531591
P05706	468541	391461	506074	663704	258768	531836	574449	215903	553935	545133	583733	1487950	804853	458481	673915	885584	621056	930346	811016	786530	634742	1008480	1111030
P09835	242575	341942	344756	298076	240919	335654	314195	273112	328739	305950	267577	156872	264091	277195	308056	421827	327620	338450	284906	250999	260367	227818	257265
P77150	1747810	1775040	1938190	1351820	2345600	1816320	1531760	1758800	1579140	1753610	1805030	2267720	2651600	2631380	2319840	2311350	2141550	2581300	2376340	2066220	2250510	2432410	2639290
P75783	491950	455737	568876	976042	434169	594388	1023520	384451	659443	674429	695471	329084	510249	586745	858934	735339	721617	804717	665630	647188	405004	587463	689173
P69791	264011	207716	176039	222730	216865	190382	59648.9	115475	160321	201905	116217	181635	146869	193783	100002	127361	144016	149850	179573	143268	168143	140695	247490
P28631	1208220	1157340	1368340	1097670	1270110	1116970	1076530	1165570	1005650	1231760	1177790	1181720	1199900	1225100	1200540	1212610	1299740	1309570	1315440	1156390	1258730	1077200	1067620
P77739	8469810	8562920	9231390	6285690	13655500	7786570	6497360	9042410	6300590	7943510	7998810	2689840	2608020	3048070	3419280	3249460	3122710	3118950	3395370	2869450	2634940	3208100	3184800
P76073;P76154	1082000	778414	613804	978923	989113	847814	1053400	558205	1006510	867170	822141	1242040	1211940	689194	755823	917828	614308	804874	828737	620859	1015910	948321	1259870
P75818	48035200	48890700	54444600	51702600	61522900	50501800	51482300	59492400	54745900	52790700	52585100	49108300	44683900	43037300	44136200	42870200	51191300	44164000	44543900	47932000	45447000	47311900	48889200
P24251	24333500	24663900	29966500	22968700	22742200	24651600	24795200	23070700	25866300	26728800	25820300	20419600	21486200	26430500	21853100	28042500	21841100	26126500	24427700	23134800	21726700	23648400	24650800
P76569	44146900	33751400	30618200	36541500	30187800	34137600	36441800	20632000	36926800	36483600	31533000	29653900	24153700	25533300	21227100	22786000	18065900	22051500	23423900	25999300	26066400	25901800	30296000
P0ACQ0	391871	339004	446875	363734	441349	343585	245431	346945	379061	331072	425922	234759	238663	261033	252549	268606	207081	253809	271761	260887	274719	280981	386640
P46125	1425390	1379300	1100740	1267890	1150480	1209340	1298130	1141760	1343830	1201660	1193630	913246	909010	1129830	1251810	1015370	1088300	1052310	1017480	1077050	719534	1059440	1098860
P08337	1762420	1989160	1552860	1929400	1223300	1794560	1024440	635275	1531720	1396730	1106440	721153	1026530	1650740	1738410	1250300	1355250	1165110	1363970	1156590	1194060	1140660	1070720
P0AED5	1648910	1686080	1956070	1785570	1480210	1905920	1617220	1423150	1711480	1906350	1737590	2631140	2407290	3034140	3034100	3224150	2806530	3231960	3034530	2768640	2269860	2723830	2799070
P0AB87	310434	305945	436597	302546	700251	287530	357494	453827	288533	311782	298852	101648	NA	NA	NA	65624.4	78414.2	NA	NA	NA	NA	55572	NA
P0A998	87487300	64785800	58874800	26911900	79323500	56888000	32750500	72790000	50092000	49861500	50595000	49021800	33256000	59048500	46193900	36676200	63045800	61331100	77233700	90629200	59752400	91229300	70227100
P19925	NA	NA	NA	808478	NA	NA	309139	NA	NA	NA	NA	NA	NA	NA	192516	68529.4	NA	42689.8	NA	NA	680743	NA	NA
P33029	125775	122903	164244	324462	61219.7	153418	246251	88846.6	198068	113556	146903	NA	40739.6	118120	124422	108155	121654	101335	104103	66809	NA	78686.3	138850
P76938	1618820	963211	875869	1141370	1059680	1097420	1667320	962991	1276400	1301570	1047610	1587180	852969	1372170	1146060	1368310	1011950	1486460	1436560	1318510	1136230	1486080	1133810
P30748	18303900	14021200	13171100	14662900	13641800	15828800	15647600	10649700	16397200	14089700	13533600	13476300	11106600	11379500	9383300	10847000	8555290	11419900	11454000	11328200	12135200	9811320	10725000
P75937	528736	698668	590958	2150230	528489	1567650	1041410	366313	1375820	590259	774418	NA	NA	88690.9	NA	NA	NA	73535.7	23672.5	215908	NA	NA	NA
P64479	2785450	1740200	1663160	2302950	1775550	2208680	2672210	1726830	2381890	1703580	1604740	1519950	703180	1014780	750380	613842	682853	1129960	967288	1187120	1111890	780576	805491
P0AFY6	1626740	1680310	1554370	1416230	1308020	1360620	1723480	844813	1270900	1520800	1821660	699727	1008020	246281	344324	333628	260628	235921	262529	NA	542918	105372	272537
P19318	520867	705601	634067	535770	697782	660516	691050	650162	718864	643355	787490	435706	376621	414474	493512	464049	423268	479625	422088	382629	413258	444025	431132
P0A8U6	52597600	36844300	36768900	32454400	48705000	42055700	35355700	33794100	38446300	37452900	33949600	29232800	24353600	25465900	22254700	23864100	18423500	24230600	26566500	27808500	28482600	23260000	23875500
P06136	1004970	1223020	1125360	1046490	1267150	1235500	1217890	1195790	1166380	1198480	1183160	2024960	1887900	2131330	1973220	2014580	1936840	1602810	1957700	2190780	1768770	2122590	2000900
P46854	19199000	17802100	18388400	17214000	17306200	18175600	14595400	11379800	16009200	17721600	15039700	16702200	16346900	14063300	14129100	13250100	14997700	16455500	19950400	18325700	20171500	17582900	17244200
P17411	678430	803365	839365	733827	796569	559042	788924	1228660	821624	489821	1010960	807603	988677	637234	966848	843518	921120	1068810	838453	1173850	943605	712385	1099840
P32680	4812760	4951510	4875000	4650940	5174620	4945330	4929740	4322770	5011720	5111990	4970850	5308000	5581300	6403090	6163000	7004350	5631400	7194090	6939500	6040450	5110410	6819850	7688140
P65292	9042680	12109100	11499100	21780200	9993850	13597800	23417100	9446590	18931900	14814100	16749700	6292230	6961450	7609510	10984100	9535550	11342500	7682010	8048670	5012080	5465240	6302160	9638290
P0AFU8	20134900	18965500	19128200	16822100	22440000	19347500	16011200	20711000	19413500	18397400	17774000	24527200	23560300	24439000	20212400	19134200	22647200	22318100	23665600	25017200	23931700	24745400	23939400
P77581	4781560	4782020	5409210	5146200	4770170	4781220	4921380	5832630	5638690	6064430	5264970	1545120	2532950	2056580	2333990	2503340	2231920	1592070	2169290	1949360	1684190	1447010	2371520
P37052	1691470	1285940	1749220	880661	1614630	1367290	1391910	1599830	1184610	1511320	1607200	1779740	1534540	2343650	2044420	1894530	1682400	1857360	1761370	1959490	1282960	2254360	2018180
P42599	18092100	18770400	18050100	23127100	22095300	17955200	23078000	15013800	15839200	20513100	22752900	6877810	6285820	9982760	10183400	11402700	8951050	10434500	11309900	10565500	5914670	9125570	10808600
P0AE45	706162	672090	860269	608749	762025	639590	621145	563302	725915	762204	648135	721233	464238	485743	674388	613356	569731	533213	579062	558221	704265	460529	573533
P39408	93543600	99116000	110876000	124177000	97642900	109915000	117673000	103017000	107423000	107776000	103202000	120891000	124271000	111815000	118683000	107287000	122228000	122470000	123453000	120279000	115089000	111004000	116058000
P52061	18824400	16796600	15426800	14434900	15283300	17199000	15986000	12229500	17780800	16574300	15348500	14586900	13049900	13435300	11956000	13893900	10074000	13213800	11662200	12258000	13385500	13417600	13781500
P0AE14	3566500	4039020	3268180	4194990	3855740	3486390	2764510	3759640	3781910	2685540	3162800	2251180	2602900	2076800	2290600	1844230	2315880	2384840	2458520	2452320	2540120	2313530	2228210
P25741	1108540	994526	1090040	1093990	1178740	1051070	1058610	1202190	835101	1109550	1174320	1125470	1319560	1187180	1213630	981568	1045070	1006700	1156680	1067950	1101780	1133800	1152650
P43533	1342820	1583230	1406600	3211770	396239	2772870	1734930	723515	2876560	1566380	1958550	573294	436920	362777	346442	316774	333878	365206	427075	710315	311182	216622	488181
P0AAB8	22549100	16778800	14388300	12846500	21520900	18525600	11924300	9971120	13340900	14024400	14665900	8418340	6148390	9162950	7344660	8665170	5996510	8499210	8056350	7536420	5002510	8455260	8023530
P0AB52	31993900	22670000	25048700	18651700	30003200	27653200	17351500	19505300	22044600	21591800	19531400	12408800	11700700	12978000	11026300	10963100	10803000	12297300	12683800	13702300	11173000	12617700	12102700
P27250	3603890	3818750	4133320	4741530	3433170	3707540	4438530	3444290	3951660	3805530	3733400	2189790	2754370	3425330	3553080	3261910	3617960	3426490	3127870	4389260	3547140	2945410	3259530
P75906	446113	456892	383501	492818	707668	606759	377438	509061	377077	480982	542695	243501	NA	281052	257582	566718	311501	253818	254269	204233	NA	300883	188205
P76046	2188920	2172320	2574650	2101640	2431900	2406940	2257560	2539020	2386190	2226240	2325150	2167150	2239690	2143530	2162380	2178880	2385320	2230780	2280740	2104080	2422830	1842630	2015160
P23839	8307560	8472170	9673020	9271290	8892050	9142370	9817500	8174910	8808870	9278740	9805790	8832700	8704860	9604460	10994400	10821800	10336400	10466200	9732480	8688450	7487020	8997170	10061200
P33228	424193	357993	341199	424460	196517	417132	300586	260041	240743	354596	355933	288162	103149	NA	169932	243205	179060	234341	175543	177451	301339	118995	246913
P0AEC0	1463040	1417630	1374690	1671980	1213480	1335710	1752800	1186590	1501550	1495150	1726720	898027	1258010	1212540	1407540	1244530	1158390	1228690	1231820	1081380	796846	1185040	1348170
P77279	2474490	2492730	2999860	2057270	3435630	2887630	2189140	2953040	2523890	2747160	2919880	3115350	3051910	3452830	2978380	2841170	2947610	3121500	3124820	3079190	2738620	2903010	2930600
P75853	1884720	3069540	2718280	2860390	1404340	2258660	3248760	1615170	2390440	2957390	2125050	923279	987404	423846	761311	1069270	1091260	NA	1185510	520372	1523980	1255750	1175620
Q2EEQ2	3041130	2286420	3440730	3508500	10354800	4885630	2744020	242251	2767580	5211490	4223430	51697.1	65933	12777300	13606700	13934000	15883800	17208400	13208900	3179440	NA	23655900	20233900
P0AFM9	1795930	1549720	2269880	1613210	2248370	1854170	1606430	2504220	1845820	1871700	1845490	2176140	2306970	1979520	2055140	1901300	2092790	1881320	2073350	1843640	2059980	1639650	1761760
P0AFC3	10384500	13916600	10377900	10915600	8970070	10386900	9791820	8385240	13732600	13184600	14650200	5493980	4844360	7200210	7542060	9151120	6575240	7934420	6548750	6104420	3734130	6579210	8104340
P0AFC7	27799100	27769700	34675700	19761800	32742500	28078100	24749800	33834500	27645600	28388600	29234800	26277000	24322800	25872200	21367200	22764000	21617100	23006800	22645700	23985000	20928100	24001200	23712400
P0C077	3309170	2813160	2674580	2220150	2622350	2543520	2205040	2339020	2809100	2806810	2697710	1237770	1161570	1445390	1559390	1743210	1185990	1654810	1547930	1254830	1166570	1571580	1846440
P36673	2256460	2158010	2303910	2002010	2301700	2044080	2129820	1895720	1882250	1987830	1904850	1474740	1293550	1822710	1862790	1760330	1651120	1849630	1866310	1726810	1453430	1525190	1667080
P0A6J1	5997830	6112700	6554950	5630110	6548050	6497170	5584000	6980140	5877960	5922970	5627640	7807270	7189640	7894820	7929900	8178030	9560170	8037580	8389490	7655050	8135840	7889920	7667390
P0A6X3	41556500	45894000	40180500	75436700	37086400	44996400	63101300	31503800	49997100	48839300	50252200	29100100	27629500	26101000	24988600	26015700	22492800	25244100	23656800	24810700	22367300	25591300	24865700
P33634	NA	219986	225925	NA	33116.9	237696	183140	NA	NA	NA	NA	19722.6	54064.5	NA	73650.4	NA	82810.6	443593	NA	83212.8	58129.5	74415.1	NA
P0AFA2	2050880	2144460	2239800	2389530	2255560	1924310	1620050	1966830	2299170	2026840	2258580	2583600	3375170	3266890	2982040	3237370	3171890	3363210	3302340	2900770	2370360	3219520	3421430
P0AGE4	6863130	9827880	5441740	6426530	3464230	5310760	9022700	4344660	7924020	5706650	5564500	2045400	2476160	2249370	3349520	3038390	2731860	3292900	2518770	2296810	2268320	3764910	3797620
P23524	304369	242818	383269	214935	381379	195970	230917	289470	249553	200128	228081	263412	180538	184310	254823	182871	214743	204317	241494	228494	182343	206033	279597
P0A9G2	4257640	3549440	4727220	4108640	4595500	4292600	3640260	3117970	4365480	4460460	4568780	4265240	3827660	4251810	4993550	4632340	3558270	3885300	3911310	3818640	4646740	3586100	3400140
P77269	1031090	903716	759803	635187	1133790	585773	657153	865731	682192	664430	712929	NA	NA	NA	NA	NA	NA	NA	NA	NA	NA	NA	NA
P32677	138729	175613	186233	147082	157244	151493	147917	233513	147464	NA	174424	NA	105728	78466.3	155505	142402	108091	142019	147129	68968.1	NA	NA	72205.4
P28861	3403210	3604450	4413270	3360760	4810370	3837630	3590410	4326140	3567740	3620690	3888040	4389390	4765350	4621030	3889630	3905310	4322420	4538510	4283250	4735720	4152940	4222290	4259680
P33593	1411730	1268170	901727	1251370	2095460	1354310	740262	1289250	790502	1219370	931391	1109470	884788	867543	1166820	1039150	1085870	1126640	1156100	972049	1177250	1265070	1153880
P0AGK4	37366500	22617800	18077600	30250900	17169300	19064500	24817900	13346500	23828800	20618700	19020800	15595200	13782900	12881400	10543800	11164900	8048270	10995600	12158200	12101700	13368200	8387380	11215000
P77330	22308600	30367100	27590600	16959100	27619300	26348100	16887600	28667300	22275700	24312300	25715700	20448500	24854800	24609900	27500800	25537300	27774400	28702000	30324100	27003000	23801500	32410000	29340100
P36881	638786	571439	574868	412109	845441	570137	310750	622598	470203	458977	333241	159085	89133.5	1120060	128718	216110	169645	306179	267025	380381	164497	170442	200858
P15078	8482710	10205600	8211450	8735170	6125070	7129100	9642230	8004170	9765880	8138410	8620420	303427	459882	335193	499007	529305	295134	372841	330370	391717	376527	168069	419939
P0AEM4	10421400	10563900	8619460	23166900	6452710	13529000	12246000	3567890	13762100	7532750	7393280	1510510	1569760	2155050	1308980	1239720	1044730	1674810	1441450	3018890	1780030	1231630	1729740
P0AER0	1171420	1067390	932000	1191100	777911	1080500	NA	660312	1096130	1135850	1167380	NA	NA	489869	NA	174027	335933	476763	456132	537385	NA	255610	390027
P76273	675596	804295	745772	728090	793424	748594	724652	781015	725932	835213	634110	1074360	1032800	1123540	1165310	1250160	1249420	1170810	1281540	1064550	1078610	1067330	1161220
P77211	NA	NA	NA	NA	NA	NA	NA	NA	NA	559874	NA	69788.6	NA	212305	NA	NA	NA	NA	NA	1972620	NA	96950.1	NA
P76145	4778350	4625010	5466110	4860910	5834820	5345560	5083110	6643840	5810750	5052900	4689490	3948310	3811500	3980540	4605530	3919680	3790940	4239980	3808590	4148890	3832370	3337330	3302650
P0A744	66536100	51605400	50446700	53085300	46275800	54261700	57760900	36884900	56003400	51207100	47914100	35971800	35172500	37514200	32568400	34185600	26856900	34582600	34645700	40626800	30671300	32502800	33757900
P60869	1387930	1531450	1474700	1159420	1368420	1196130	1216950	1630660	1337260	1258240	1376600	1310650	1777220	1650450	2002380	1745840	1787480	1806350	1819580	1674220	1374010	1936390	1879010
P28634	941682	861222	1002050	894737	1089810	1001410	812347	1102910	941283	906664	1008790	1172070	1058150	971646	721365	726701	921835	960561	958126	1033510	956064	1033650	990958
P0A6D7	43931500	37678800	34339900	34686000	32381100	38140300	31366900	26512200	39515500	36608200	33497900	44039800	37366600	36670500	30570600	31799300	25878100	34991800	36477000	40618900	36202300	33918100	33335200
P21345	118225	134629	106712	NA	171984	134172	54486.7	193403	101135	93818.7	137996	352538	252217	300554	337176	325163	299764	296011	295172	303711	298429	322891	448610
P0AAK7	364799	279022	145854	100331	713413	270277	137132	354865	159625	228308	196065	35501.6	NA	67507	NA	35203.8	70702	75998.6	71884.2	86605.4	35030.2	135076	61168
P27305	597983	503736	697051	678041	761802	626338	757550	614731	693597	733907	800489	478807	592625	679846	865889	737142	756189	676151	714416	593050	462925	643118	741672
P68398	1270680	919988	1652830	1193860	1254100	1314210	1228250	1268810	1181900	1331270	1299670	2001340	1569150	1062870	1241400	898786	1257650	1115130	1338770	1332590	923164	1320560	1792080
P69913	41468800	33133400	29172000	40174100	28536500	35130600	32456700	22450400	33563400	34838000	30806100	32145500	22510800	22427500	18491900	19762500	17938900	21384700	21504800	25358800	23075700	18529200	20669700
P31826	78766.3	101620	86166.4	91653.2	70732.6	66185.9	39005.4	NA	85693	79903.4	NA	43437.1	86105	76017.4	54652.6	NA	83188.3	77950.6	63661.3	90792.8	169441	44681.4	38973.4
P33012	5093650	4255690	5992560	2914020	8146410	5281610	4536000	6398780	4537690	5220080	4991780	4997450	4194350	4384540	3539090	2088340	3770530	3885670	3594550	4480330	4483000	3530420	3257360
P30843	1079590	1188470	1048580	1198120	995210	1010060	1138830	570800	1019410	950903	1049480	537403	656681	758320	1055480	945473	902692	1012710	1017210	757744	540774	831075	901133
P39274	11601400	7096150	6907640	9739820	7269610	7850760	7831470	4612780	10185200	8139680	6748360	3129660	3092840	4804020	4577760	4882270	3770510	4708760	5246970	5192400	3432920	4374520	5541440
P03817	25202200	21301800	17126600	27899100	13795000	18703600	23665700	10398600	20944300	19731400	20500400	15685200	11309500	12999600	11455400	10514200	8024020	11145500	12273000	12601300	12680100	8349690	10924700
P76389	1849620	1874300	1821160	1843290	1911110	1637070	1557100	1732460	1567600	1722720	1764550	1437030	1230600	1243080	1457150	1231380	1515930	1582800	1499160	1463320	1243560	1390830	1435190
P0AAU2	226955	230306	332661	163663	389971	265987	172687	347015	292820	273452	287377	378230	455952	499887	533278	466696	532716	492689	547906	512312	381904	442580	520209
P38054	NA	NA	NA	NA	NA	NA	NA	NA	NA	NA	NA	62298.3	NA	45991.3	NA	NA	NA	28266.5	NA	450702	NA	NA	NA
P77626	361848	249282	277346	161271	257625	235714	274991	96766	288767	253719	287326	144831	208496	40195.8	243206	223224	275985	213811	304367	179248	232001	211992	170277
P37794	667946	646992	741393	661672	769791	683366	558562	746537	665554	755218	731376	313907	249086	364436	371298	379618	317267	312286	376911	343478	221095	369505	434661
P07117	1668710	2113730	1980070	1841970	1824390	1857810	2230590	2099400	2122000	1989270	1984950	1711970	2305270	1877140	1329560	1365090	1648640	1738520	1507780	1600190	1771320	1729950	1483490
P0AFX0	14413900	9292480	9990000	16998900	8610000	9051940	8308950	5727760	8853870	9376510	9172970	4317890	3865010	4702930	3831930	3362950	3084670	4763630	4610490	4590140	4155770	3401580	3979000
P77454	2305330	2319750	2823720	2942330	2807460	3236430	3195760	2325070	2931500	3287850	3698370	3146810	3137610	3193090	3446180	3428830	3237480	3506430	3308600	3683680	3052380	3373350	3204970
P76641	1031390	916592	891537	826547	1082470	811407	868800	754729	864125	1004500	1029440	636534	686716	797170	764934	876281	742507	874296	793745	737037	432549	694914	782185
P76298	NA	NA	NA	325228	NA	NA	NA	NA	60041.4	NA	NA	NA	NA	NA	NA	NA	NA	NA	NA	NA	NA	NA	NA
P0CF91;P0CF92;P0CF93	NA	177796	297943	399538	337527	NA	280805	289476	246100	237299	165046	340015	359080	348578	280698	256782	283105	358964	286091	487849	385376	364212	348850
P0AC69	104385000	75801200	79480200	59671900	62931700	81730000	84113100	54955700	84784100	73669700	71796500	107145000	84971700	80592200	67111300	76663500	65862900	80647100	80088000	82514200	78130800	76913800	88989400
P78061	119115	108564	147279	93656.3	75351.6	75808.4	40929.3	47139.9	58676.4	121310	101802	201157	265419	288987	238583	319951	279642	275211	254632	234924	160984	317212	246392
P24252	1119780	1080620	1330100	1643170	1030460	1114540	1728810	1046340	1318730	1290840	1270560	1066930	1463550	1481170	1650040	1592240	1489160	1484350	1414080	1317850	1307220	1336140	1429820
P0ADY3	254939000	263504000	289741000	248052000	285042000	256448000	256123000	295646000	255394000	270254000	262871000	435811000	398683000	417649000	398351000	407827000	385485000	385841000	385395000	357103000	377886000	404354000	419911000
P0AET5	88266.8	107705	58947.4	125239	45391	74002.5	144776	90203.7	119681	71637.4	NA	121855	170420	93000.6	NA	72714.2	148621	103815	93342.1	111717	162751	156425	165556
P77260	191015	333668	234076	240207	252716	216041	273157	224155	174252	240662	237386	183160	278179	317681	335732	279536	259101	293654	282908	250252	259941	281188	265002
P76206	NA	NA	NA	NA	303893	221600	157399	NA	NA	297666	NA	447639	504371	424345	372133	532665	575661	283665	538676	333863	388069	447884	425289
P77781	3850880	4204680	4737710	2279020	5527960	4468730	2969410	5430860	3968560	4233520	3703050	5556210	4747480	5267730	4496940	4470580	5056970	4915220	5568990	5813460	4959190	5359980	4863670
P78055	7243720	8840790	8366220	8382740	9910320	6883310	6122650	7918680	9034830	7788640	8204820	10741800	11128500	10779300	8996710	7612940	9490000	11085100	11756600	11723100	11068700	9105680	8420470
P31658	75123700	67741200	72396700	79650800	76884900	82111700	92659800	61348700	93037200	73119800	70751200	35936100	32504200	37387000	42273600	40129200	33634700	39785600	41238900	35945100	33172300	33354900	37848800
P76270	38973200	33261200	33434500	32032800	31273700	33940500	32171300	27145100	34797700	31620500	29400800	37491500	34580200	36559800	32433300	32918000	28721600	35104000	35473600	35719600	29186700	31206300	34701600
P31551	1452840	1327560	1778470	1049680	1857090	1323680	1116870	1981730	1564910	1611400	1397670	579442	610915	625537	519596	540352	542321	575278	355594	760103	580512	694350	612484
P61320	11219400	12594800	13208300	10717900	14239000	12053600	11681900	14199300	11899500	12863300	13684200	10575000	10789400	13162400	13717600	13316200	13747800	13678800	13588600	12710200	9703890	12272100	13380000
P37651	104786	118528	113171	88644.1	72929.4	78247.2	106901	186949	87604.6	67466.9	NA	139067	186150	139199	126761	145238	235537	143972	132715	145323	138729	121410	107737
P05523	494967	470267	580659	346547	563643	505874	402232	626785	440582	458302	527433	466330	488014	671604	502467	499441	633346	592228	644907	636604	595442	549250	550333
P60472	2522890	2691920	3062400	2289320	2829160	2726080	2372170	2847950	2762650	3012780	2790390	2691320	2674470	2750640	2840990	2884260	2981160	2967920	2827550	2829780	2487450	2377670	2606430
P77736	2811330	2190910	3091370	2688490	2600430	3051220	3080710	NA	2425580	2614920	2852690	2466670	3176810	2222680	2274540	1337810	2729890	2244720	2547130	2593040	3206260	2071870	1419880
P0AB20	3055640	2007760	1992080	1798110	2277880	2317400	2013600	1147070	2365330	2482260	2271340	2171860	1693990	1552590	1256580	1272250	939065	1234530	1424840	1728230	1188610	1532850	1515830
P02359	155690000	179828000	187455000	170573000	207979000	172870000	166795000	189315000	181661000	176468000	170039000	263367000	247108000	251768000	219886000	222618000	217419000	222099000	225844000	233335000	253454000	265930000	258501000
P46887	618752	539525	283604	479338	451617	429396	354119	249577	320143	410328	360559	904334	459852	618945	520065	541195	366096	503600	523040	744896	557211	715973	687588
P75672	603662	544750	668792	613171	892109	614644	554256	786286	671908	617576	592311	668896	658923	374427	409972	508518	466021	560132	587538	614473	544790	438557	406777
P0ABN9	644411	516476	309548	NA	1094860	444759	NA	445317	NA	NA	98383.5	1916400	1681630	1610560	1523570	1617410	1233000	2388380	1895960	1656520	1729970	2490040	1927700
P0ACC3	49812500	41867600	36234200	36417100	28843200	45224400	41616700	24230900	46848100	42678000	38878600	36427500	27564700	34606400	30626700	40251600	24619100	35649200	35614600	34801300	28210200	38440900	38979100
P76297	306441	382844	262755	464787	199493	505058	404285	176757	533628	329549	410176	NA	53183.2	31056.9	NA	NA	NA	16194.7	NA	137714	NA	NA	NA
P0A6Q6	45336000	51066000	57495900	44877700	58252500	47783300	44542700	49980100	44757500	54445200	53319400	51819400	57208000	65190300	72659100	66528000	70458800	70075400	69963800	49786800	51106400	61246900	65785500
P15373	6039170	4989210	4326630	4791690	4886710	5069250	4699620	4159630	5541220	5160450	4720030	4505000	3939750	3576250	2867450	2931120	2742980	3382760	3635260	4409450	3211930	3334970	3230820
P68699	12955200	16027800	12983800	25188200	11656000	13583500	20140500	9664210	15727800	14288900	15082400	2280150	3818920	7781280	9395440	8997670	10056700	8681280	7805710	6756370	2736970	6912660	9431350
P67244	155313	292905	15145.5	352179	91675.9	134499	130243	27757.7	NA	NA	107019	10975.6	NA	NA	61589.6	NA	NA	NA	NA	16753.3	NA	NA	28288.1
P09391	225379	332690	275381	148549	115432	217477	296422	189051	157893	229097	225895	188499	282411	223855	382697	307290	430898	370374	371525	389812	120577	305050	420969
P28722	292071	338816	344422	334062	394206	258877	222445	234879	369272	352995	234117	504293	357981	293075	285924	318885	273455	409654	398561	412721	500660	433447	506875
P0A6M2	1533400	1494280	1998740	1977910	2422630	1612980	1511760	2913700	1591770	1487450	598777	1433180	1709250	2014950	1491740	1372740	1854450	1635920	2060770	2105880	NA	2098000	1935810
P77044	581648	472484	762984	368398	507775	495944	318917	312188	495713	332128	450732	303559	226485	399596	98044.6	NA	286388	103909	NA	314264	167564	NA	NA
P76010	546715	802562	766689	3555430	352837	1848200	1446600	279473	1749570	876157	1505910	53360.1	49337.2	169839	NA	NA	NA	88310.4	NA	424649	89777.2	49001.2	70960.5
P0A7M2	259333000	252501000	247933000	255800000	262904000	261242000	251057000	225005000	265031000	257968000	248088000	461200000	355478000	332944000	276630000	292106000	268468000	316685000	324606000	311040000	454444000	366489000	337148000
P39380	134738	NA	NA	111297	96001.4	132875	143104	131417	NA	144858	NA	NA	73986.9	77448.3	NA	NA	NA	NA	NA	NA	70266.8	NA	75168
P80645	206351	198176	412210	352226	249136	376147	342599	289249	253490	338353	150901	NA	82703.1	161869	194692	164070	207886	171288	187026	155929	135445	205803	199021
P77766	213753	273962	341430	302703	294843	304487	391397	387029	223340	237581	198598	546163	527424	572555	568476	631042	513955	535564	555259	517100	487563	594725	446297
P0ACW6	45895800	30351500	22877300	23054300	50717900	29324800	18363100	23341800	25493400	27936000	23742600	2777390	1990470	2522640	1932460	2404810	1392720	2628070	2403080	3249680	1936830	2893770	2718650
P24177	146998	146170	203410	118352	329142	152782	NA	320198	83029.1	697079	77915.5	198186	185092	147158	166501	86117.4	230841	184620	181238	168399	181567	222161	193447
P0ADG1	583643	546179	598056	744382	NA	527546	512200	673413	440256	558962	528097	447128	419932	339790	565791	342137	422781	283983	520134	395952	414249	942760	950645
P76222	1099630	1011450	946358	941730	1575280	1278500	833561	1343290	974146	1056170	982813	2185300	1579780	1710960	1613080	1739320	1818820	1662770	1751580	2041920	1991490	1711530	1597830
P19931	674275	431792	166128	321223	805448	652347	380375	392450	453089	412771	381460	286188	267712	209473	270144	215906	219884	349619	347646	436838	270906	359227	397424
P0ACS9	330529	347796	428725	510725	451577	412583	383997	492863	425092	333163	472944	442476	323331	523533	474906	370461	471029	406859	358369	511709	445273	551560	327722
P69054	974290	1091820	843856	555163	664808	713285	777817	832438	799882	679750	842118	38745.8	64338.8	36436.6	NA	NA	25279.2	NA	NA	NA	NA	NA	NA
P67603	20167400	19075600	16755000	17812400	15470700	19509700	18200100	14571200	19961900	19018500	16128200	14871400	12003600	14301800	13302700	14473500	13268400	16204600	14696200	15934500	13279100	14859800	14525600
P63177	3147810	3108390	3330020	2868240	3390620	3159890	2625010	2999160	3071510	2912550	3031270	4082520	3827180	3725530	3485410	3709370	3288210	3941860	3584340	3975200	3745840	3668060	3649740
P0C054	18733100	18146200	16070100	16543700	15274500	16889500	14724300	12721600	17298800	16761100	15722000	15434200	15625100	12270000	10282200	10905100	10257000	12239000	13254700	14279500	16015000	12170700	12466700
P0A917	104458000	121800000	117033000	113903000	119518000	128779000	120983000	127251000	131652000	119811000	119695000	224588000	230874000	249042000	254854000	250096000	262625000	253009000	238509000	242861000	221400000	253273000	259786000
P69831	65408300	78847200	54320500	68964400	63328100	62070300	63750800	64208300	74671900	60704500	62138200	11063900	11356500	10165900	10224500	11802200	9672480	13101700	9611200	10903000	11197200	18426900	16727000
P21866	2806400	2510490	2720020	2437310	2893540	2531530	2032710	2036140	2786430	2071260	2153050	2042520	2038910	2012810	1804750	1507280	1905580	1981900	2144690	2174140	1947250	1644790	1884080
P77694	93108.5	91381.7	91784.6	113556	97637	89700.1	84841.5	45301.7	79814.6	127518	111262	30955.3	NA	NA	81250	105865	121961	84539.2	56548.3	170229	151402	118265	34973.8
P0A6W0	881926	601366	845290	551032	631956	651199	873237	457179	383700	647749	1017660	749496	660642	994089	949609	936847	888010	840115	987292	872656	719160	903750	1035960
P0AAS0	2907330	2632760	3312870	2179000	3523200	2249680	2329980	3019990	1997780	3214050	2478990	1444790	1880220	1941610	1907450	1898400	1843890	1878140	1717130	1786180	1221140	1751350	1766770
P0A908	18504800	19488800	24303800	15906400	21156600	21882900	18194500	22903100	21164700	20487100	20021300	19718800	18997400	25133700	24772800	22845300	27569100	27189800	29651000	22391800	18883600	22799800	25219900
P0ACH8	354123	471742	425982	366101	396829	326510	353998	366369	378246	450838	417411	46814.2	NA	61187.7	107535	42506.2	62880	118002	155816	163218	NA	181080	147236
P31548	614570	750791	758414	882728	695301	698754	848446	731690	837726	745794	746496	861262	829347	821188	947567	983522	905244	896760	896340	864934	900008	618449	785707
P0A6D0	5432910	3727880	3354250	4054220	4204780	3446340	3467160	1568420	3854710	3538240	3334330	3537640	2840310	2647830	1296300	922907	1562190	1491410	890075	2923900	2737180	2476060	1878140
P77334	166857	NA	92582.6	151951	54945.3	NA	160035	67529.2	276580	83404.6	68730.5	87112.6	174389	217873	211950	215670	197457	207095	207683	128572	159544	123299	150221
P00579;P13445	1346240	1452080	2369760	1341910	2398270	2096640	1333350	2628240	1532460	1715200	1521540	2387440	2509740	2733030	2676070	2498610	2764450	3272670	2882020	2322590	2536910	2207010	2370750
P67762	819140	775138	798348	664195	940678	857109	573450	844260	730460	688313	727368	1077870	805537	833919	918396	918356	876691	831530	955377	745727	821576	826087	847152
P0AFP4	2334320	2280880	2707020	2213910	2574720	2304540	2036470	2928640	2447170	2572970	2504540	2968220	3024880	3341470	3003640	2983970	3177750	3038380	3371810	3391500	3113040	3102070	3131290
P45795	4130410	2210950	2815690	1653710	3709770	2637800	3926120	2722040	2698570	2139020	2538660	3812080	2394520	3172290	2636090	3361390	2498660	2802630	3621030	2806060	2888000	2642050	2772930
P77214	682558	754584	NA	NA	293619	NA	NA	139422	NA	3028350	NA	NA	NA	305758	NA	NA	NA	NA	NA	5310480	NA	121264	282885
P13669	1143790	1278560	1121350	1055190	1188760	1276840	1129960	966525	1219640	981919	1184460	982941	1017470	1019900	1123430	1107550	1101360	1225790	1131550	1004190	872663	1283670	1179230
P31064	1117760	1357070	870729	1206210	686209	863553	1336070	679686	1238320	813236	917757	101411	159174	280969	225758	291029	281250	396248	252026	268927	240651	316773	253695
P0AB38	8012510	8406100	9020260	8554870	9866670	8752470	9186870	8454200	9517170	9429800	9714910	7817140	7943330	9276900	10454100	9315460	10120900	10017200	9345260	8810700	5997240	8717230	9637920
P0AGL5	480798	446039	442604	508577	438766	545773	525734	365350	487267	536177	505130	293191	276114	403308	589990	442686	523217	467224	569394	435705	183377	374655	461850
P40719	224752	195293	297742	215906	284476	282902	195014	351784	236000	273218	248132	287762	218773	440882	384700	351569	441596	438256	413647	364023	205461	315345	250123
P39410	155894	225145	228967	276564	316263	323496	181387	239863	267731	214648	243792	313939	196353	271745	304475	234550	336751	320020	423184	192363	225720	275711	257455
P10423	111982	119908	149802	50861.2	118638	76562.7	136664	95171.9	65447	NA	44785.9	155391	149993	187146	187351	148072	165147	187981	175499	160600	155652	152523	168410
P0ACW4	6567100	5453680	3805440	3751190	6588830	5483330	3239170	3137020	4060300	4759440	4252720	3942840	2185190	2860500	1764020	2519140	1637130	3381830	2720540	3596610	2788230	3279110	2889650
P39370	NA	324945	NA	183599	51862	234391	314900	147357	223392	336914	336427	91553.3	57209.7	51006.8	225673	174071	87980.6	NA	81714	84646.6	57837.9	50794.5	207779
P0AG63	228991000	205673000	222966000	198850000	252766000	243439000	204970000	223203000	220377000	211735000	179178000	429327000	317072000	317493000	272605000	289075000	243193000	279549000	303830000	311033000	356675000	355363000	347205000
P0AAS3	926809	900947	982014	938094	1568110	1331340	865966	1304920	1044850	1075630	1177680	881243	888080	732925	891637	872571	687270	872365	830810	944897	782675	972577	957167
P23827	37222000	32018100	24495100	22405200	31463100	28271300	21120800	18367200	26426800	25323200	21591200	8133910	6769360	8710290	7566620	8530240	6139370	8756350	8386350	9205400	7318290	8178960	7590070
P0ADH5	2313620	2425480	2183630	2583270	1578460	2338040	2538350	1207520	2372330	2276910	2293130	3047990	3050320	2485220	2647630	2277270	1990840	2300330	2971070	2630340	2581090	2287900	2286940
P77335	524496	307266	450928	255470	939929	445753	245982	323495	258792	380562	386787	360949	221026	533945	453739	690891	549457	703412	647854	505843	286651	533048	585195
P75946	910448	922213	821181	1135190	1086860	1006910	1127270	920140	1235270	1220330	1354990	1280420	1320860	1043550	1281590	1259330	912185	976581	926087	586635	1037750	892314	855660
Q7DFV3	2095730	4359840	3046890	4015460	3471000	3330940	3742610	6208970	3729280	3710160	2845500	3331400	933789	1180900	3607480	3858030	11568700	3261620	2857270	1378550	1939190	2330820	2321590
P11289	404373	658763	425018	708330	927512	728231	1254050	698232	836044	695693	582260	296650	380949	709847	693817	758337	526492	575818	589399	597169	210746	550758	644822
P0AG99	9475030	11184000	10652300	8834210	10639600	10062600	10632800	10065900	11649500	10352400	10597000	7324250	8560650	11169700	12312800	13268400	12402300	12457100	11376900	10726900	7254050	12639100	11667600
P0A843	617895	481517	569602	389250	528988	549881	453103	554010	508221	312377	531490	1365450	1196930	1541000	1507570	1412290	1670510	1423270	1605530	1907690	985143	1127460	1401610
P0A7S3	102907000	114781000	128339000	99187400	140754000	131437000	95755100	149933000	126677000	113790000	113722000	126403000	133464000	167544000	183940000	172796000	199259000	174820000	166763000	157529000	114521000	163202000	180820000
P11664	NA	308694	261350	182584	NA	NA	83890	162190	NA	NA	NA	NA	NA	266927	291672	318195	225890	188306	204657	198782	NA	NA	257773
P0A9V8	185842	98187.4	195741	129351	228091	174457	104709	184927	137491	162877	154536	85404.8	73766.6	75320	82720.8	17982.2	51246.5	68426.4	72936.3	101453	112462	75023	84592
P09373;P42632	197121000	225290000	162993000	302728000	265750000	235610000	253555000	272729000	209582000	238457000	214560000	191399000	216937000	268585000	265508000	243871000	245247000	258668000	255517000	217529000	186415000	355848000	328700000
P76141	304058	322195	293998	355648	429829	371192	290120	327433	347352	314825	394585	205443	288199	245232	242655	198507	286729	280468	235042	207550	195987	202583	178649
P0AE22	27934700	21002200	18649700	16792100	19269100	20558200	17939200	14578100	20744900	18935300	16634200	1786650	2314450	3004850	2531350	3208660	1990280	2919900	2845800	3401410	2037810	2985860	3025980
P69931	1349940	1337280	1479760	1224550	1645260	1218960	1174410	1626100	1197680	1198800	1195060	1663550	1480180	1526030	1462970	1353140	1545380	1393180	1574330	1752840	1335050	1432720	1467680
P64604	9897520	11315700	11593000	10967700	11749000	10050800	9561420	12590300	11098600	11560500	11965900	14501300	14192400	14339200	12616900	13486800	13711600	13506500	13456400	14524900	12380000	12895500	13701100
P27838	21579400	15723800	15022500	13135800	15118600	16987700	18544100	12754000	18419800	15456900	14421100	13145700	10807600	12051000	8994250	11743300	9022810	11476000	12035300	12832200	9564780	10658700	11630500
P0A9E5	14668600	16158800	17309400	15768200	18938300	16513900	13788400	15851800	15539200	14613200	17196700	22295900	18090500	19076800	16763000	15733300	17857400	18140500	18704800	18892900	18163500	20068000	18821400
P0A6Z6	31976800	34748700	33205300	29648800	32150100	37051300	27489200	29007600	38590900	35182500	29514500	25484800	21457800	27250000	25832500	22106700	26460500	31405100	26802700	28127200	24023800	27706800	25200900
P0A6N4	98132800	86895100	82073000	79664300	73972000	83300600	81455800	58345900	88172300	74087300	81446600	73513400	70274200	69314500	57209800	61943900	54920900	64953000	64096700	68184700	61214800	64379400	60663600
P77196	127125	142923	120660	114270	184240	118826	126782	126293	101655	87946	142417	113779	89502.6	127494	185430	200863	168570	199755	156890	152761	163345	268307	191510
P12281	13037400	14302800	15261100	12370900	15620600	13515900	12232300	14874100	12195000	12380000	12766900	13596700	13204300	14591000	14582200	14682700	15821000	14543700	16164700	14209200	13845400	15976300	15864100
P31459	301132	446924	370703	422849	470019	405171	290466	505128	425302	353124	440975	71651.4	118109	198767	128288	128442	203174	163311	123124	111061	NA	159858	135230
P31434	49435.6	118700	124673	87847.4	98375.7	126338	66437.7	137317	148721	73709.9	127236	NA	98936.1	85566.8	88469.4	64948.8	94484.5	62767.6	73376	67321.4	243324	36247.9	50934
P62617	18010600	14424000	14856900	13741700	15088900	16359400	14085500	12199200	16610100	14440700	14142500	11728700	10108300	12432900	10874700	9887540	10488500	11903400	11785200	12186700	10097000	9986260	10797200
P67095	18880400	15061600	13785200	13756500	15887700	15781500	12567000	12476700	16225900	14920500	13276200	12358800	11697200	10758700	8797560	9225820	11045800	10718900	10564300	11264900	16576800	10846200	10558100
P0AA31	45490300	38631300	32227400	37186700	32128100	37888800	37778200	19830100	38734700	31746100	29545700	16018100	12387100	13593600	9319830	10644500	8854500	12695500	13167000	14892500	12274900	14430700	13476400
P67662	576074	640485	610765	546565	534162	630855	428074	575558	518754	528612	565269	385986	520671	613180	728586	647106	651715	682182	673408	431889	437489	621005	601552
P0A6Y5	26614600	21721600	21997700	27169200	22105700	26287800	28620200	14263300	27243800	25644800	24057400	14481400	11755600	19167400	21259900	20487600	16506800	19160800	19868400	16824300	10658700	18173100	21305500
P15723	5531750	5801110	7124510	6181100	6367920	5754620	5320500	6247450	6123360	5869490	6646760	5736790	5547840	6519580	6102010	6662640	6416420	6877170	7085560	6448630	3875050	6169650	6133190
P77187	940475	1022820	2026060	1117630	2331430	1948770	1610770	869749	NA	1264790	1277600	1446510	1168090	864675	NA	2044830	998541	1154850	1869860	1478920	1083000	1281170	1862840
P0A6F9	565872000	499454000	432134000	562985000	405274000	518526000	509282000	313412000	569019000	540614000	481512000	448619000	347543000	363841000	277955000	302845000	265687000	361560000	371413000	363540000	327892000	359668000	396630000
P04128	377434000	346802000	213164000	868011000	446292000	663978000	474327000	304460000	673492000	620444000	788167000	279510000	231670000	331277000	376739000	458896000	265349000	437865000	451459000	315190000	256118000	258347000	340740000
P02942;P07017;P07018;P50466	1927650	2639970	2040000	7684640	2114020	5040540	3270720	1700980	4069970	2516080	3667870	NA	NA	NA	NA	NA	NA	184227	NA	814599	NA	NA	NA
P12282	2062740	1832830	2130900	1619650	2197740	1940940	1626200	1899040	1687150	1963910	2137880	1614070	1523750	1739460	1688840	1606350	1464830	1605410	1781350	1518300	1725690	1661010	1492010
P0AC65	NA	NA	NA	102211	NA	NA	51683.4	NA	NA	NA	NA	229038	459992	NA	356917	126941	120381	172968	279781	148262	258839	NA	NA
P64429	1746050	1707940	1519450	1924030	1190950	1521030	1939870	1071980	1892770	1670460	1544490	1536880	1134310	1340970	1357630	1292270	1265700	1402230	1351800	1576020	895636	1239570	1320020
P0A978;P0A9X9	248289000	152304000	96427000	164522000	218581000	223992000	229074000	117424000	225804000	171919000	163320000	504965000	416630000	306748000	318764000	417528000	369078000	380800000	382230000	247574000	347455000	471568000	549914000
P0A986	470209	345105	283199	1163670	NA	559764	1289440	158527	1025700	691119	711320	485295	386950	135228	353262	333571	253994	260445	347574	66695	328709	468348	564263
P0AF48	1575370	1557760	1870390	1484820	2087030	1738870	1808350	2288530	1690390	1780430	1601360	1502220	1593080	1523870	1490000	1473410	1608230	1724600	1592360	1750640	1429930	1358480	1405030
P0AEC8	1069390	956444	940951	892012	1144990	868056	838289	983982	989599	916430	771189	968995	988882	870965	662291	808002	873054	599186	900146	815349	1171830	1042720	972378
P0C0U4	571510	493584	713462	590669	726213	647969	555600	882634	599779	702513	590579	643542	520579	675391	676984	597846	634604	567449	633406	629833	708854	545967	675856
P0A9L5	23133200	21287400	19740100	21288300	17878400	21899700	21545200	13981800	22259000	21413200	19481900	20300300	16172400	17490400	15704500	16556300	13169400	15662000	18439900	17022900	16408900	15866900	18285100
P0ADT2	8443070	8427660	9477000	7800250	12208500	9675990	7582160	8788960	9167490	9215030	8882030	5999030	5190590	5820810	7257190	6531470	6358090	6604180	6502920	5582350	5613510	5806720	7655780
P0AD12	23002200	20364200	22924100	17592800	26388100	21821000	18808600	26078700	19520500	20924400	19949300	26454900	24133200	25029400	22363100	21054300	21782300	23560000	22513000	23732800	22688100	23856200	23390400
P76422	6287610	6790870	8768340	7967880	8089460	7895760	8886030	7449920	7768360	7722860	8238060	8368280	8744040	8469850	7724890	7638220	7622540	8022170	7623650	7622040	7144230	7485580	7623230
P0AGA2	3002870	3178340	2463430	3755090	2599770	2490600	3656270	2406120	3311020	2675950	2800940	2261920	2897630	2617280	2684110	2707440	2705740	2937190	2815320	2463880	2644440	3264620	3446440
P0A8B5	43233500	36317200	32697300	38018200	32613100	37712600	34096500	23221300	41321300	37382400	33765800	31942800	27333900	24087500	21999000	21185400	16099400	21622500	22834900	23867300	26638200	27358500	31212700
P77526	2519290	2686820	3049460	3638490	2662260	2816890	3680960	2527560	3082030	3327500	2914050	2662980	2980540	2902470	3319530	2972550	3244590	2845830	2727490	2463120	2616100	2519520	2759580
P21361;P56614	234379	2840160	88097.1	7015330	NA	1517840	8474050	NA	5188520	4480990	2614710	NA	NA	NA	729324	543612	28626.6	248771	113989	NA	NA	140805	1275800
P56614	94003.1	58305.3	NA	199146	85504.7	95977.2	116819	NA	178684	51400	47472.7	NA	NA	50501.6	60055	NA	46670.7	44737.9	72978.1	NA	NA	NA	17244.2
P64493	1165560	1243990	1421090	856955	1875810	1503530	1488190	1767080	1417750	1404590	1706240	1508700	1455330	1687780	1813440	1727970	1828210	1653410	1572000	1729900	1390830	1779690	1583170
P0AC81	39460200	33985400	32454800	30828000	28383300	30479500	27904100	22076700	34022000	30737400	26794100	26178500	21653300	24879000	20729500	20115900	18386900	22645300	23336800	24232700	20519900	19860400	21671200
P0ADW6	3333080	2061420	1207270	1554280	3790560	2421630	2294540	3150870	1538640	1811990	1719550	5913430	4499240	3804600	3547720	2916500	3621850	4343370	4692620	4474530	5078380	5449980	3814340
P64594	361596	412104	317263	328108	292989	554516	500706	394401	413874	555732	487862	346262	395564	241443	264059	342512	NA	233553	371534	280922	302388	258263	314635
P76148	NA	NA	NA	NA	NA	NA	155407	32314.2	113633	NA	NA	98024	70960.6	58244.6	57188.6	106465	78218.9	107348	107924	152572	122058	39434.3	5837.65
P36566	795766	811934	910431	845373	839348	891330	837460	739999	762762	886139	800556	850335	1085330	1006810	984630	1096930	897830	1143300	1018530	973022	611151	950702	907437
P76002	101976000	76903900	84692300	84969000	92986800	103123000	73360900	66296700	85722800	103538000	89917200	128786000	97416500	113757000	98281700	103687000	86750600	117863000	113547000	82322100	71424800	110721000	112916000
P0AA57	6359080	6351240	7362080	5549080	5779680	6818330	5862410	3778860	7377310	6901310	5507810	7528760	8331530	7135330	5670850	6733410	4868880	6241840	4919720	7635970	7352510	7388110	7188300
P76280	167832	233241	187009	194214	280988	209692	90246.2	253550	166822	159549	205605	154975	137671	170810	107097	NA	158080	149941	129048	160770	131925	172181	127837
P0ADA3	8741190	8687020	10340300	10084500	9671690	9567430	9881100	10116900	9758800	10191800	10966300	9319340	10028300	10039700	10737000	10873900	10469600	10486700	10648000	10880600	9572980	9536150	9996600
P37388	96623.3	48627.3	81380.5	121185	67097.4	39497.8	105036	93870.8	80134.8	60918.4	57037.5	NA	NA	NA	NA	47582	55050.9	NA	71616.7	62919.3	NA	NA	NA
P02942	814990	1163460	871464	3072060	965988	2269030	1297960	657505	1681890	951414	1353980	NA	76166.3	105918	96047.4	16202.9	2602360	NA	NA	323760	90711	NA	202078
P37744;P61887	10989500	12982000	14589800	11199300	15726200	13633500	10307500	13980200	11445500	13194900	13525100	17725500	16207200	15063900	13721100	11453400	14157700	14834300	14599900	14817500	11791400	14129600	14613000
P0ACI3	NA	493382	247113	424457	473963	425671	317852	541783	NA	119584	252459	597458	568912	395537	311042	237731	322826	464660	316377	251995	560304	285933	515760
P30744	607272	602566	767548	466097	951108	618091	522906	1016120	503662	681711	611722	563362	348267	424494	604865	674466	486556	534043	527086	541341	338265	529637	619871
P46122	1421890	1639240	1507170	1483610	1781450	1568450	1410250	1862220	1566030	1543260	1601620	958630	1068880	951262	923977	996046	990948	835334	869288	827526	876311	986334	986897
P64602	11784000	7759840	7133420	7792540	7144120	8633460	7987610	5910930	9508180	8016710	7390840	10052400	8375780	7120570	5995660	5775380	5059450	7249270	6893990	7364130	7628520	6954740	6583860
P39366	353888	314180	378592	214446	634180	277394	181090	375950	180437	216105	273269	NA	NA	NA	NA	NA	NA	NA	NA	NA	NA	NA	60874.4
P52598	541423	702167	572117	646375	645722	558243	1061220	280361	589627	603390	657028	372216	545445	512261	564426	438033	562168	487617	502403	331033	491147	445718	522869
P0ACZ8	511950	603096	589892	622366	540023	540990	523682	597258	514707	622923	558206	554540	478332	590887	538970	563581	616388	550000	545539	804597	505838	423086	477856
P69348	914496	1333880	852801	909730	916804	873888	1402880	961333	671051	1283860	520352	756130	754351	761018	767304	639534	594926	858271	759729	883213	749365	815480	785787
P64463	175761000	134386000	50443400	168565000	148072000	184158000	108938000	85398800	121946000	128122000	85258600	246051000	166321000	206660000	216718000	176577000	160049000	212342000	247105000	268810000	247318000	232369000	235361000
P0AE60	2298170	1648490	1333410	2408360	915964	1072290	2065210	791966	1886250	1861290	1531160	1488060	1312900	1050990	848502	893481	519152	959476	983848	1089030	1233640	801921	862011
P00903	1481060	1348880	1822770	1412770	1650850	1492580	1293030	1682590	1119940	1202990	1652470	1866900	1734160	1610840	1562510	1504700	1647620	1850240	1381730	1700220	1843460	1872430	2010480
P0AAR3	10404700	8739730	8654490	8398360	8057180	9483660	7167640	6171430	9618340	8105130	7571760	12417200	10514500	11476600	8075650	8426130	8363750	11062500	10495300	11654100	9790640	8404100	9753310
P26459	219944	163391	87755.9	NA	219330	254622	NA	202912	NA	107340	165178	284819	394984	280936	413300	465741	547755	535663	510142	471748	427686	768338	544368
P75728	5770670	5801930	6327870	6566280	6368500	5452050	7426260	6503500	5895300	6384960	6765920	6826160	6389240	6675600	7489780	6865030	6621890	7146280	7377050	6463510	7315260	7255340	7036050
P0A9I8	439012	NA	368778	NA	715857	321828	320174	727902	366776	NA	NA	5180620	2225980	3829590	2676070	2791080	2773610	3701010	3357470	3992640	3544300	5024120	3726610
P75793	69518.5	88110.8	100609	88272.7	124441	78089.7	53362.6	122670	57583.4	82136.2	94272.5	61988.7	75479.3	75056.8	47959.6	69372.8	93008.8	79659.6	117168	49244.7	72208.8	76000.1	98088.7
P67080	8301910	8457530	8693300	7457680	8428070	8774080	7531130	8503750	8340300	8330050	7821880	9635070	9056060	9807780	9137500	9736370	8411990	9927040	9293890	9667160	8666440	8660210	8904210
P0AFF2	294524	496636	390754	600280	222351	393702	747672	227091	533710	483371	383808	279415	596094	126701	289107	207136	131842	271716	187106	204583	379157	134014	198343
P0A9G4	4077810	2496980	2695460	2600330	2995770	2813530	2492650	1849820	3528900	2985770	2824810	2695520	1569140	2372840	1725250	2110200	1484360	2280170	1925560	2427340	1966740	1792140	1704080
P0AFQ2	247304	487168	355190	373742	516221	400390	364837	NA	472531	NA	279632	NA	400705	NA	534051	NA	NA	488201	296370	NA	NA	435157	325444
P37657	179093	239740	291869	235847	163978	251234	251418	237485	275852	207221	226887	277552	519683	604254	688737	658375	687149	723710	666660	615656	545161	517792	628514
P0ADX7	6764150	6287510	5038060	9592050	4747660	6845470	7635550	3591800	9573130	6820400	6201540	3276920	3636300	2952200	3176990	2665210	2309220	3420280	3571010	3594050	2405750	2171430	3205900
P77671	56119.1	41510.9	102061	72150.5	107736	102960	NA	168269	132896	106462	154766	29334.4	30763.7	29754.9	NA	NA	NA	NA	NA	29261.9	36578.7	NA	NA
P33343	955732	603282	630831	982768	1441950	1079520	895562	499475	929674	816055	768454	1304450	1281320	1127300	1820250	1342110	803597	1302530	1067360	1021850	1035360	1572940	1779340
P75936	724867	682775	568617	1759050	NA	1002710	904995	NA	1070130	509438	663987	NA	NA	NA	NA	NA	NA	NA	NA	NA	NA	NA	NA
P0A8J4	61120900	45267400	41712900	45985600	42101600	45926600	43007400	33510000	45324500	43071400	37611400	35513600	28687000	28471400	24642800	26431900	19908100	26190400	25987900	28627500	27667700	26216700	25137300
P76518	2033550	1690690	1590890	1632230	2035790	1747670	1663500	1977330	1625590	1714970	1637290	1825950	1744460	1370670	797124	976249	851506	971769	1289390	1543180	1625100	1224200	1122120
P0A7U3	503660000	417102000	400187000	404112000	419096000	416997000	375114000	327378000	442200000	388043000	350729000	725020000	543526000	446357000	346357000	361458000	266394000	367496000	372109000	473915000	624580000	473653000	439811000
P0AB35	109073	199804	189829	310555	96507.8	168585	364687	314958	228318	151029	153601	123585	81933.7	119807	NA	NA	152037	NA	112449	84640.6	167631	388461	204442
P06992	4872720	5639370	5996550	4918340	6425910	5698570	4117060	5861270	5337840	5084930	5718190	7517050	8054310	7257310	7240710	6462810	7029460	7208930	7025260	6485220	7051190	6734960	7212030
P0AAG5	222462	412210	364108	328101	414735	411464	234284	311018	312687	321670	331801	181345	302090	412205	298118	324000	400669	233397	387288	308010	183324	317319	331835
P0A8I5	9404630	8724790	10257100	8759930	9513470	9460380	9287860	8273210	11044900	9813620	10093300	11011600	10608900	11821700	10509100	10558300	9580630	10687400	11274900	11636600	9536890	9647250	10416900
P08204	612442	552332	732587	441185	785775	578782	429865	824363	555921	552952	600342	114436	168378	164220	162653	151984	201072	148985	207027	186536	156099	167179	122409
P0CG19	1669260	2135820	2254180	1686860	2169620	1757370	2057960	2480030	1853640	1454250	2017400	4488250	4486960	4583910	4112850	4106920	4952220	4188750	4993480	4892680	3894560	3483600	3934590
P00894	22510100	18875600	21073900	20492400	19580700	20576700	18379900	18374900	20667700	21533900	19803400	29274500	25933900	29318600	24282400	26208200	21883800	26749000	28217500	27812200	24682800	26942100	29864800
P76502	11045700	10061400	9543270	8331990	9135570	12834800	11686900	8341780	11434200	8776230	7850760	11619600	11276100	10935700	9849910	11990800	8851080	10038500	10332200	11762600	10106500	9958910	9317740
P0AA91	3054530	2830860	2817960	3425720	3722270	3187770	3190400	2937710	3187660	3085500	3256550	2040270	2039550	2389340	2760840	2628910	2607460	2672280	2534510	2323800	1944670	2400600	2488380
P0AFH6	7321460	7366940	5374670	6695900	9184690	6837070	6320240	6376560	6432390	6378750	5975900	5608510	5326580	5602950	8880880	9494970	8270930	8237610	7005920	6675510	4914420	9320510	8918030
P33225	910344	703217	686254	717055	419154	501175	407314	354565	584144	718905	741450	426830	414441	506991	750289	772396	650619	941706	658737	602092	436153	591026	666251
P51981	2499150	2158410	2716940	1832440	2861690	2319770	2251670	2681490	2139940	2491920	2669480	1562840	1859000	1984900	1601350	1872680	1750630	1974320	1792980	2074700	1461070	1771090	2032950
P0AGE6	29743800	23815900	27870600	26760100	28076000	30823700	30076700	23077100	30507100	29860800	29043100	20357100	18548900	19528500	15927900	17415900	15522200	18468000	17765000	21234600	17718700	20194600	19885600
P0ACL2	2914810	2556730	2693690	2257750	2853710	2539030	2165950	2283190	2624090	2462190	2211220	2555580	2416190	2337340	1829070	1967690	1920250	2505080	2210860	2663550	2643990	2516880	2474610
Q2EES0	343117	219667	223471	235401	277399	229913	199113	167445	173740	270985	159932	203604	208280	178083	252645	207917	84067.8	177559	168585	188026	110592	267344	155773
P37750	2707640	2577740	2746810	2621990	2897390	3006180	2203430	2485580	2494940	2853590	2821420	2394790	2001370	2978800	3438000	3221120	2828470	3258140	2985170	2613630	1532990	2788500	3367890
P76215	103713	119038	175150	147258	91590.6	117564	164885	151454	142483	142395	152728	NA	115279	18563.2	93345.1	87296.7	40220.2	28214.7	NA	31728.8	NA	37232.4	83090.4
P0AFH2	2524290	3103170	1643530	3056540	3525920	2264100	2358440	2682910	2540530	2104490	1974570	3080560	2666870	2693720	2677630	2552540	2598820	2725610	2449180	2356370	2809030	4217730	3508370
P39297	2143150	1952080	2369520	2114770	2681140	1997980	2059010	1875450	2103290	1713930	1883690	928190	1373440	1570370	1696560	1543430	1536950	1202960	1245970	1206530	1033530	1086040	1412960
P37340	NA	86653.8	NA	NA	NA	14245.2	79413.8	NA	NA	57763	56003.9	NA	NA	NA	NA	54838.3	NA	NA	NA	NA	NA	NA	NA
P56580	191051	NA	209522	169404	NA	251143	NA	58903.4	NA	309040	209827	NA	NA	NA	NA	204516	176124	179673	171236	159938	NA	351273	245525
P07364	53149.7	NA	NA	60582.3	140222	42322.2	NA	NA	NA	NA	52868.4	NA	13056.2	30264.6	NA	NA	NA	NA	28117.1	22263.2	NA	NA	NA
P0A8Z3	1066460	852572	875190	1020700	643415	823409	891948	799124	853562	899308	1013860	760665	637310	522638	589855	963394	679459	702014	594956	606537	562155	705929	569659
P06989	6200850	5522620	5408880	5572940	8056720	5724730	5597480	5321450	5509730	5246310	5783550	7944460	9062130	11517500	12408700	12265900	12855800	11683200	12552100	10102900	13078800	11305500	13482300
Q2MB16	2423240	2513050	2267370	2916260	1974050	2230440	2702670	1882990	2349330	2454720	2860690	1715330	2038300	2056220	2436160	2272420	2054710	2350050	2057870	1591910	1726200	1974470	2167860
P04982	10835000	8452920	8262400	9979180	8226110	9425350	9284470	7034360	9362390	8779590	8443530	1689410	1517790	1261270	1415190	1265150	1274150	1343950	1479220	1589530	637292	1620720	1610120
P45463	NA	69548.1	NA	144866	172756	NA	NA	131860	128593	NA	159293	249276	209941	273090	238023	187185	270916	206757	249712	293160	216863	269832	241990
Q47158	NA	NA	NA	NA	NA	NA	NA	NA	NA	NA	NA	36721.3	28482.1	33288.7	NA	NA	31344.8	NA	12817	23889.7	24285	15076.9	NA
P52006	1439030	2911530	1564500	488640	1601770	589896	1309870	1268870	NA	1312600	1788900	1586230	786711	936521	NA	NA	1155470	860725	969324	1114050	657804	1432610	1072140
P0ADB7	14320000	19925300	15616400	29241800	17788600	17562400	NA	15845100	23791200	NA	26874400	6422130	4507330	6265930	10351300	NA	12326500	9660470	7957950	7085710	3197640	6081050	9167030
P37613	2227730	1901940	2050860	1702740	2077240	2030920	1767560	1667920	1639340	1862500	1873890	1929090	1708540	2296540	2106330	2205240	2003060	2448870	2397060	2122170	1877550	2203230	2510800
P42628	NA	NA	NA	NA	NA	NA	NA	40743.6	NA	129204	NA	NA	NA	NA	NA	NA	156595	NA	NA	NA	NA	NA	NA
P0A964	2593870	3046460	2638900	12120600	1962240	7345610	4115380	1478300	6122280	3367150	4287090	238593	223737	317584	148212	129065	137264	165852	212124	883495	268426	132947	165598
P76446	742008	749238	813156	843578	573571	667353	858835	644515	770142	655857	711052	445435	533796	391424	544361	552463	589859	554201	573669	417343	562703	485445	512818
P0AAT2	4089540	3123680	3376340	2699280	4132890	3316350	2652440	3180850	3328630	3022430	2749020	2351850	2372390	2183050	1341100	1691920	1402460	1721280	2009070	2192860	2234380	1737380	1759210
P33344	487408	426750	557292	1338680	669305	425864	597660	323131	361879	NA	NA	796095	274216	282181	270869	233568	137008	NA	282579	137538	617923	NA	NA
P45532	867312	934494	1227750	1053460	1226780	1107470	696185	1199690	821865	484552	690130	896206	1048630	1299400	786485	914788	1042810	903967	1049850	1181450	843847	1094540	1060570
P0AA60	300812	299231	NA	306829	208406	245253	343002	290951	364473	253193	173335	225495	278884	182869	146924	266532	251014	280013	251626	168613	276531	419188	357914
P0AEQ1	7129140	5551220	6314710	5716890	7729150	6471690	4036010	5383000	7478800	7436830	6177670	4213030	2631060	4030350	2703480	3099760	2682820	2994050	3466990	3445340	1978160	2401570	3051370
P0AAY1	993293	992265	980470	519496	1854550	998561	417169	1001140	812747	1460010	1202530	106781	NA	51669.7	85012.5	NA	20353.6	39534.2	31443.5	105535	86804.8	118907	49401.1
P0A6D5	NA	21294.2	26068.6	NA	68532.6	41872	NA	55067.6	NA	NA	NA	38107	35958.7	18496.6	NA	NA	24253	NA	40314.7	30183.1	23863.4	15923.6	NA
P27297	1609520	1691890	1218620	2509260	1047670	983094	2474630	633402	1413880	NA	NA	780549	1373770	596240	871761	1207490	654686	876580	958968	909794	1080660	239040	84022.2
P25737	1206330	1423820	1307850	1790940	1295470	1248770	1663370	681223	1514430	1234040	1342180	1313190	2128320	2035000	2840980	2585320	2717070	2424900	2248740	1496280	1149820	2312310	2639810
P16433	1431390	1474450	498946	1018530	792643	1306010	1441300	314715	267665	NA	802008	1596290	338767	705887	683994	772741	662846	385938	749497	1551020	1467980	1093510	1354000
P77333	NA	172802	236791	211985	231741	166563	162861	324498	184163	219784	209217	418123	467778	261879	243649	176728	353818	246774	316225	388197	388721	377499	382387
P46068	NA	NA	118670	NA	111902	39264.2	46085.9	36714.5	50347.4	94764	113187	29915.3	21521.9	23800.9	60540.1	44866.9	14414.7	48503.3	27991.6	70203	49149.5	NA	64592.7
P03030	205274	304988	482323	337234	NA	298540	396180	128951	275888	376983	323910	528114	NA	110243	399887	433196	242573	384925	149952	153099	134334	271748	216677
P43340	779312	864562	989174	643615	994290	1038000	797597	938924	956402	906899	923591	982734	836480	1037980	999575	1007160	1011140	1088310	1029320	1080740	956966	1024040	969406
P0AD53	1810760	1663040	1701540	2828010	1162650	2063920	3051710	1102390	2315200	2106420	2251340	1625330	1710880	1849910	1832260	2148470	1672800	1706940	1886460	1782460	1630220	1603520	1898190
P45527	738699	798906	385239	563341	1181430	985220	501453	841129	605050	615097	653664	1556310	1134870	1414680	1315200	1224580	1400860	1627880	1477730	1701150	1504900	1598600	1634570
P0A9F9	1851640	1940350	2378660	1169380	3950010	1819620	1331140	3056370	1737590	1675540	1689350	2788180	2818110	2874160	3188220	3114560	3406950	2915860	3115640	2750460	2688870	2540550	2381330
P0AFP2	1480290	1282890	1122020	711131	1247800	1049490	960087	780762	1184800	1159940	1069660	1148750	648739	975209	436682	660192	349620	774752	608355	989826	871367	794892	878988
Q46799	3223300	3110400	3826320	2910650	4891020	3101370	2326320	3922140	2662380	3506530	2832190	NA	NA	2250680	2068490	2044760	2271480	NA	2236710	2542290	NA	3213560	3258120
P0A7N4	113857000	101583000	83236000	101979000	92408100	99154900	100836000	75417000	103304000	93551500	80890600	84886100	92094400	90455300	69123500	81291400	67924500	84897400	87192800	89158500	67795200	77596100	90047800
P0A731	10623100	11725100	10482200	7898980	14493000	12089800	9896810	11030100	11503900	10791800	11360900	8915760	7573260	8054430	6699980	6005610	6619110	8085840	7399550	7161570	7265950	8390470	7884600
P68191	226122000	167381000	183778000	211041000	213878000	226863000	181344000	125894000	208805000	198356000	188217000	184949000	126162000	145783000	100605000	106229000	88625700	137086000	124387000	157541000	134265000	126852000	157180000
P75687	779523	673597	496843	792088	424376	680635	846923	269440	761813	426548	566797	423036	117053	219277	176816	208502	109992	222310	312746	266301	241632	154802	210191
Q46800	321926	471618	515662	400396	570646	394897	210143	363419	286209	567027	499257	99140.4	NA	NA	NA	NA	NA	NA	NA	NA	163271	174732	NA
P0ACX5	21065000	15985100	15503500	14575800	14459000	15209000	14592600	13593300	15438700	16028500	14183800	13058600	9405610	8431890	7702480	8071640	5996810	8964650	9158570	13759600	11147800	9199820	10075200
P0A8S9	NA	NA	NA	NA	11408.5	29645	NA	2951.75	NA	NA	NA	NA	NA	NA	NA	NA	NA	NA	NA	3952.45	NA	NA	NA
P52096	2899820	1755600	2086690	2110280	2222860	2325250	2882460	1869800	2592010	2142340	1536470	1144110	1534590	1710390	1785210	1868110	1697250	1526970	1991870	1517500	1323970	1644110	2130910
A0A385XJE6;P0CE49;P0CE50;P0CE51;P0CE52;P0CE53;P0CE54;P0CE55;P0CE56;P0CE57;P0CE58;P76071	3840890	3460180	4314530	2298320	3444250	3447540	1956330	3016470	3569230	3362410	3236130	2882880	2497610	2461890	1900200	1603190	1434680	2327360	2439630	2162340	2287530	2436140	2239060
P37767	670288	865638	961399	589454	1108230	716655	671877	850663	551442	611380	624509	377044	713899	676716	801957	573445	904981	863794	821638	905341	264574	717584	610036
P0A752	2593500	2113030	2458770	1890600	2199250	2438750	2326760	1563130	2489280	2213990	2046850	1870980	1651010	1982080	2056450	2125930	1718180	2129940	2189050	1885960	1369960	1557580	2002730
P0ACZ2	155938	NA	110713	NA	196085	NA	108215	357705	167823	117938	NA	151779	220570	332577	668446	135624	288617	385319	158044	294507	218904	307443	186566
P76106	55289	55187.8	55803	22424.9	50394.2	45855.1	NA	48205.2	44377.8	NA	15140.2	35713.6	21271.3	7382.95	NA	NA	18519.5	NA	12291.4	30564.7	34531.3	NA	NA
P0AAS7	24834500	21711500	19786600	18958800	21284800	22302000	22679400	15017500	21640800	18796500	18955200	20068900	15364000	18460900	15042000	17716000	12789500	16648200	16189400	18356700	18596100	18509100	18044700
P37195	NA	NA	112663	130978	79875	147605	98050.8	NA	101884	146191	122326	NA	NA	106040	120206	107017	102687	135733	139555	NA	NA	88586.1	109014
P36560	114170	111500	99014.6	79466	107482	118698	69088.1	75481.9	91581.8	84913.2	91334	NA	NA	54067.2	48600.9	37239.4	24174.2	58834.3	53058.3	36298.2	NA	30947	18824.4
P76112	3804040	3714600	3643880	2233780	4478910	3788700	2614950	5266010	4198900	3835310	3855970	5412580	6495890	6055080	4400680	4310220	4865700	4615400	4447980	3885770	1956590	6602030	4439430
P0ABQ4	7245560	5023060	5301270	4659250	5364090	5775780	7018360	3549790	6459330	5390080	5280350	6372820	4285820	4820130	3839500	3556460	3450870	4504400	4142640	4296400	3713910	3657890	4144340
P0AEP7	23589	76713.1	68350.8	109932	25945.7	108471	70288.4	58867.4	138261	78372.1	80182.4	18476	33664.7	30469.1	33115.5	36779.1	40249.1	NA	36735.2	12392.3	14797.4	NA	18505.9
P12994	13139400	12048000	13612700	14955000	11423800	12647600	16242400	12151100	14486000	12972900	12999200	9935410	11142800	9778590	9561800	10878300	9937940	11417300	11664000	11092200	12218400	10134200	9549590
P37590	12954600	9811940	9986110	7197620	11281000	10101800	9539760	7617030	10662300	11479100	10530900	5883440	3304080	5546390	4367810	4631390	3321360	5406600	4896590	5142470	3385540	5354940	5444460
P0AEP1	1555310	1692920	1496470	2026890	1034430	1607550	1944320	769428	1723230	1202710	1179690	1361810	1602170	526364	1027400	1100200	898644	1197600	1458370	1042660	896963	974149	1023060
P0C0T5	774363	695133	683091	818263	620088	779974	987445	643361	653019	622747	509502	2128700	2193770	1577940	1450920	1534130	1391520	1584720	1625110	1459360	1735800	1581080	1667050
P77445	387835	NA	NA	NA	233270	NA	319117	318291	262252	336899	NA	NA	NA	NA	NA	137917	NA	NA	NA	278632	218758	NA	346190
P0AB12	1816600	1796870	1656590	1908150	1721560	1648630	1813390	1915460	1896960	1411060	1524630	2383890	2892110	1998580	2113300	2264520	2412930	2440930	2573870	2120150	2234860	2185350	2184650
P0ACS5	1271180	1218360	1224920	1300580	992668	1232270	1451010	806900	1315000	1149220	1190790	1351250	1192470	1002560	871487	931905	624987	993232	869446	1120380	1196620	1052380	1057530
P27238	5656630	5605660	4569820	3618960	6225790	4810210	3695480	4719130	4959910	5013760	4563000	1259040	690938	1604210	1200760	1488460	1079500	1578180	1441920	2051040	1618780	1468890	1769730
P77263	658611	660749	671532	412797	586122	939562	652220	757840	798622	795731	753431	696366	633415	315601	852571	NA	1016250	1025100	995319	715971	340482	212128	NA
P0C058	1530770	1448980	1052770	837455	1190530	1158910	773868	1125370	1121140	1010700	955799	891308	885348	643589	629633	690341	650719	701284	733329	792402	821380	827430	740414
P11072	258562	287901	427077	NA	580473	199866	140570	428010	NA	255706	324529	225650	639660	287287	183481	311956	343581	287606	287043	278078	869728	387079	415370
P76182	NA	NA	NA	2824220	777212	NA	NA	50184	NA	NA	NA	NA	NA	259840	579444	789738	639903	734557	703499	87605.4	NA	404007	396224
P0ABL1	754105	372716	285067	NA	1343930	215990	217389	454178	147510	NA	241743	NA	NA	NA	NA	NA	32259.2	NA	55636	NA	NA	NA	NA
P67697	1666100	1313570	979501	1184410	1587660	1066190	951501	786391	1308410	1130480	1084960	NA	195527	733613	523493	594380	556968	673428	658038	748213	NA	782291	972231
P0ACV8	6673140	4105840	3203500	6091430	3168020	4207560	5507070	2043220	3888550	3153860	3657970	2328800	1970620	2001180	1664650	2236250	1424830	1655040	1784540	2331240	2203060	1510350	1910500
P30860	169964000	136147000	130929000	113880000	166417000	142676000	118911000	118653000	142653000	140200000	131480000	163332000	124778000	141181000	122275000	128953000	105483000	136570000	146124000	141506000	135992000	167951000	147763000
P0AE72	3021340	1955850	1839340	2173620	2116540	2346450	2180840	1345210	2667540	2284610	2073300	1634540	1153380	1454890	1164470	1451640	981705	1335590	1305920	1609710	1735940	1394890	1416310
P0AE48	22178700	16865300	14839200	14785200	13394800	14892000	15935700	11801800	17297300	14562700	12232200	12265800	10274100	10111500	8825300	9347830	7951640	10200900	9910100	10573900	10886100	8651780	9309770
P39360	138308	224880	216038	122383	291015	145266	99637.5	173575	134973	184277	154339	NA	NA	29019.3	NA	NA	NA	NA	NA	NA	NA	NA	NA
Q47702	891963	735683	696605	970317	713883	923865	1127800	464584	941981	866218	904629	478530	253458	466527	293679	343974	224326	336212	338244	343040	251751	377024	320561
P46144	655316	648040	692226	469234	538145	508788	626485	642683	626044	491517	506063	1290450	1099530	788529	770851	746922	685532	870930	866941	1051920	649374	852103	794383
P0AF54	1488990	1264450	1454910	2017230	1306700	1463850	1851430	840396	1503270	1505030	1578150	NA	NA	50326.2	NA	NA	NA	NA	NA	NA	NA	NA	1514430
P06974	215200	245427	329708	694567	168708	588230	330990	271406	437599	362680	449639	35180.2	56775.7	65098.7	NA	NA	NA	NA	NA	138984	102133	NA	NA
P0A9T6	1215980	980965	963858	1501110	587302	1495990	1693000	281278	1606110	956084	973123	3550380	2676750	2636560	1951930	2197450	1856690	2553890	2572100	2910310	2537210	2139130	2218560
Q06067	194689	208908	206489	132618	219383	189969	128850	274598	79059.2	146058	250661	NA	NA	NA	27104.2	60203.2	NA	72399.6	NA	22127.4	NA	NA	NA
P0ABL5	472259	407020	362932	234714	521743	155888	168038	322887	NA	261818	232078	NA	168290	180801	172298	245646	292658	245983	235016	199123	NA	303490	265271
P39367	208272	216320	426711	302915	451652	150021	319881	370221	438314	304542	272513	91981.9	NA	NA	NA	NA	NA	NA	134121	NA	52992.2	NA	NA
P0AC55	1324170	1064370	1417710	515861	1832500	1321050	414609	1572910	1029280	1388190	988540	2992690	1702340	2700530	1736270	1311140	3184110	3458500	2564920	3002440	2428190	1976130	3777010
P61175	262152000	296108000	289614000	286727000	302567000	294752000	275158000	267533000	258029000	277630000	282009000	425289000	346525000	352019000	314492000	320573000	303294000	332198000	334184000	346434000	420688000	382247000	388309000
P51024	8629480	6620220	5976500	6125500	6400010	6351540	6113580	4087410	6460790	5830210	6268140	7727490	5529550	5406740	4102490	4717810	3565220	4566570	4864270	5842830	6111270	5131010	5678100
P64503	51819500	36869300	41070200	46594800	62810200	51420900	61611900	24170900	55120100	46852800	43658900	23013000	18289800	20432800	17374200	20911300	12348200	19224700	16049400	19117100	17251000	18727800	22132100
P52106	399551	NA	NA	NA	NA	353995	328957	NA	156470	437723	466584	180451	181152	262831	430959	487153	291702	457268	289628	177815	91582.6	280886	404391
P37047	388483	373348	544166	291717	491407	333600	380643	411734	396802	339740	435190	NA	NA	NA	NA	NA	NA	32579.4	NA	NA	NA	NA	NA
P33647	1303950	1167270	795404	931988	1122610	926480	784468	778062	893565	983063	779862	624202	534386	410672	548827	469153	457252	492738	351976	509029	624328	471122	326976
P27126	388057	337871	416607	382183	436078	338554	313439	378205	397471	325350	NA	435998	598671	520741	398420	499481	531627	570745	501816	430532	533234	548811	583928
P64631	219935	82539.3	224228	112657	204494	85477.3	136426	180215	64201.4	176015	141955	113270	133082	146098	81385.8	132430	179874	82378.2	55090.8	117653	123717	76815.5	96096.6
P69820	1262310	1297310	917064	880025	965032	1071660	1061880	477397	1180510	954220	858055	419101	246116	309199	229713	153917	314311	344245	457453	426542	267105	405164	357082
P0AG48	191695000	192943000	243379000	183820000	264802000	187108000	206079000	278477000	187468000	208595000	213053000	341830000	343670000	374993000	321383000	347523000	341077000	334045000	393049000	292697000	345752000	374929000	351165000
Q46858	146595	357692	219698	435081	256533	358959	401146	193532	302132	352268	387725	NA	NA	135656	176112	NA	99434.1	204281	221433	187839	NA	165128	100017
P0ACS7	1403540	1776130	1775250	1682260	2011730	1685890	1868500	1658960	1488030	1862170	1952300	1159630	1203970	1216420	1213080	1299860	1090260	1138990	1248350	1194310	1095770	1103090	1124970
P03007	645651	733366	906962	633961	959436	776926	749148	866437	731979	810394	888005	1339760	1331240	1032090	1114780	1048800	1165080	1150950	1355200	1041290	1719080	907580	901201
P0A6A8	2115920000	1735100000	1509120000	2074390000	1485130000	1529360000	1980790000	891867000	1846130000	1674740000	1452040000	1236390000	956800000	1009040000	920138000	1080030000	767304000	941785000	925666000	958035000	901297000	871687000	1141610000
P05052	NA	NA	193770	NA	NA	NA	NA	NA	NA	NA	NA	676301	621808	914327	720554	1000130	919242	842929	984861	805506	293288	903559	809995
P76535	2125770	2068180	2297180	2101860	2195190	2031940	2089640	1955730	2104400	2012350	1941710	1061150	1130000	1090150	1043940	1198970	1096090	1337760	1250290	1353260	1129720	1377330	1378730
P37678	NA	NA	57905.2	NA	60644.4	NA	110481	96598.1	96327.4	NA	143994	15629.5	NA	25558.5	52524	NA	52047.4	49237.6	97920	67373.9	7127.37	39378.1	49614.5
P67601	131518	118369	40392.3	132664	75755.1	55104	138397	15320.6	108519	70544.1	44472.6	NA	51620.4	81165.3	86197.7	90124.9	85283.3	80991.8	61303.9	73063.5	NA	124234	132812
P76226	353583	366782	364312	227898	320926	318438	312145	325725	355419	292482	319203	209640	329614	222584	315843	330985	311502	469115	185234	477912	277648	340351	284806
P0A9A9	86580500	74059300	71232100	71369100	69344000	78776500	69660000	49789000	78827200	66367100	65804100	48044300	35754700	41040200	29594700	31069400	25058700	34491100	34551300	47310600	39402100	38934000	35638200
P45424	4347290	3494110	3834480	4056390	4110730	4301630	3821400	3795170	4253120	3738410	3251320	3574890	3213310	2821050	2742060	2619890	2376880	3343920	2751410	3652600	3337710	2502740	2464520
P0AEH3	14094300	10318600	12086800	13029300	10679700	10886200	12458700	8706720	13722100	12894800	12156100	15321300	11081900	16038600	13010900	13313100	11703600	14957600	13469300	15133700	10366600	13327100	16878300
P77788	388491	454896	349112	607923	275144	230519	424741	223006	380238	424432	187852	476976	625120	490160	511772	268419	449093	626839	569471	713319	550937	364464	492854
Q46824	1101480	1218540	1617240	1188610	1470900	1229670	1014440	1471570	1146290	1157700	1230110	1132050	1587390	1488710	1321910	1376490	1235350	1264450	1467840	1518650	977251	1304780	1334830
P77717	30730000	32347400	39762700	45937500	30818600	37762700	46510200	31078000	41116300	39568400	44272400	16732500	18364700	17339400	24093100	24859600	23147700	21243000	19687100	17734800	15604600	17045000	23547000
P08189	1023660	993315	604535	2505880	2095360	1965810	1340400	1677110	2305890	1643550	2755200	1428580	1327410	1245610	1248130	1624580	890194	1639760	1824400	1400180	1808580	1095840	1392200
P39263	577251	559884	418089	288229	716772	406464	213132	679262	253298	409055	355951	327612	338781	408630	236277	263218	225541	217735	118292	206935	387116	419416	274722
P52094	311659	211959	260347	364429	207520	225486	435757	393642	191428	155368	151918	291259	322586	156874	178875	265401	216334	201854	198786	243434	205744	253501	302008
P36930	176964	80204.5	85477.2	61705.6	77472.2	NA	NA	NA	NA	NA	NA	NA	NA	NA	NA	NA	NA	NA	NA	26062.4	NA	14219.2	NA
P39453	192457	215847	256484	128948	275041	89151.1	95072.6	323656	90450.6	100581	130319	233049	173850	134399	236811	149599	222538	196388	225908	216938	282915	269295	228985
P76483	2401560	1774080	1777970	1313070	2903860	1514200	744849	1589310	1232810	1508880	1077960	730298	486091	577687	501049	462008	510861	829205	771153	639909	551878	743007	717266
P31825	423425	602005	716628	612733	792671	484241	911037	689405	417152	590736	639816	585605	537649	615154	535728	509043	527930	602193	549341	538015	516384	509755	674280
P64596	12656400	12594300	13132800	12960400	13385500	12534700	12828300	13421800	12879900	12920300	14005500	9445090	9638670	10317900	11013600	11164100	11173400	10970900	10756800	9781540	9943440	10987200	11548800
P0AFN2	4353260	5070890	4565450	3160930	3596130	3478520	3590590	1538180	4316700	3948320	4082130	4909770	3788070	3375590	3329310	4310290	3377380	3443210	3653300	2486500	4264770	3883120	3010490
P0ADV9	1378990	1403850	1333470	1456770	1032700	1107360	1561310	1034310	1427990	1328430	1206150	649367	870951	1022770	1701240	1606560	1279330	1307770	1280810	1061250	631142	956543	1221220
P37028	1922940	1956260	2040410	1523810	1967100	2041960	1576640	1948360	1881830	1504280	1899420	2203380	1906330	2008000	1579280	1531570	1728300	1875510	1906100	1911920	1890990	1685160	1741200
P0AEF8	1149450	1273590	907614	776018	913872	817405	1410340	804869	1221060	934156	869180	535023	586968	508701	571680	645852	588805	504975	587092	467086	594188	664073	692060
P05100	284057	379213	302280	684881	173099	402916	642876	202924	499651	336082	414775	200452	246046	223855	279900	173776	233265	241477	215616	347628	196640	175154	194183
P64638	1288630	928202	845354	1409460	1861500	1503390	1727640	722193	1338220	2202630	1639440	2110700	1990320	2331430	2108840	2353700	1646410	2025610	2073240	2015170	1469080	1299600	2123690
P0AFY2	572674	469572	644866	680547	610566	498806	317055	290086	532844	632467	798299	354255	267388	432008	504050	545863	308433	419290	445714	462078	468013	412980	574572
P76172	9178340	6736860	6541300	11399900	3718730	8540390	11737000	3085630	10053400	7362430	7347450	4107370	3211940	2394970	9665710	6133120	3977500	5566490	5880880	1180960	3314420	4733460	6745880
P0ABR1	1910200	1481980	1275080	1737000	1086460	1923390	2328130	477966	1844400	1547650	1621790	1332290	1792510	1885620	1664750	1917610	1166420	1931860	1895970	1771830	1034270	1491740	1343250
P30147	62915	86243.9	81789.5	166950	53581.7	194846	113127	106759	250623	110517	204028	69261.2	101664	81372.6	80132.1	99296.4	96650.8	93051.1	126560	100624	58574.2	55485.1	81714.5
P60872	356297	387968	350825	368527	597832	359898	447297	226055	453566	359497	504207	64408.6	284036	384169	371667	390678	353363	399947	408956	355417	288179	294839	305907
P63020	56014500	47655300	38408300	48583200	36902100	44241600	44661500	29887000	53407800	42276000	41991900	34934300	27448500	29758100	23476500	24796300	20299600	29412500	30300800	33362500	22729800	27499500	27782100
P76406	1296140	1208540	1594870	1658160	1541120	1505690	1556240	1245460	1708800	1795320	1979130	687336	895118	851664	1018310	889714	1106480	951259	922633	814341	893487	807878	898890
P06966	4215050	2965660	3038860	2480980	3152550	3033960	2820370	2316900	3164960	2974930	3156310	3065640	2104820	2116430	1871300	1995750	1598830	2043270	2130260	2094470	2477830	2107160	2191020
P77245	65128.7	87776.7	81520.9	71170.8	85315	77189.3	29645.5	68440.9	71051.2	73226.1	88746.9	99166	103108	159260	80004.5	76978	105370	149705	123712	154485	79334.5	71463.7	125962
P0ABL3	587695	222371	317809	388236	448595	545812	628218	227492	392259	393572	394700	210182	NA	165150	240806	223557	144849	213692	268986	194540	84872.5	210940	294022
P39363	461667	579237	597712	582779	815615	541492	323675	645304	609000	451204	600037	360461	316913	239081	502987	458829	474681	463024	417819	392791	189210	327917	458098
P32674	83380.5	32748.2	50997.7	NA	59519.1	5433.47	NA	72958.2	88000.4	81330.9	71615.9	43322.3	55916.4	45156.4	NA	NA	33356.2	38021.4	30360.8	52180.6	51629	NA	39035.1
P77609	231914	178952	134135	956870	118605	261291	213136	91339.9	241005	162475	122467	NA	NA	NA	NA	NA	NA	NA	NA	56218.5	73384	NA	NA
P64467	3317360	2761030	2348780	3623880	2453000	3363740	3346180	1578770	3203890	2833480	2710260	2866780	2236360	2368290	1844410	2043010	1575580	2195340	2427240	2890420	2503940	2223240	2258770
P0ACX9	897729	793595	575624	3303880	884449	1023620	1662830	171963	1124820	1019460	1137350	1531570	1385960	1481900	926496	1211190	1033130	1349400	1308160	1718500	1386530	965474	1348080
P0ADI0;P77170	NA	98550.2	107032	38995.8	54532.9	NA	47137.2	121803	NA	75189.1	68947	108536	128720	91906.6	148005	143028	90478.4	134585	102240	74881	66991.5	81787.9	127759
P24178	5902990	4386570	4394500	4010130	4886730	4841630	4638960	4279650	5138680	4630780	4792410	5735010	4364330	5375190	3506090	4020230	2822560	4101780	4451580	5046900	4922710	4536620	4180640
P15070	2340780	2613670	2509360	5126760	1256470	4874360	2945590	1006200	3894960	2800740	2842150	NA	191819	233408	NA	NA	NA	NA	NA	879995	271199	NA	NA
P77295	1349510	1183980	962475	1086690	1150190	1167890	1267510	962683	1199860	1141890	1214420	1002860	916791	1005330	784951	1029960	682353	911404	924798	967740	640177	856184	741588
P0AAA1	4020170	3962730	3910680	4198690	3773380	3662760	3540780	3990300	3538720	3457250	3937590	6536720	7187910	6483710	6395700	5984160	6353660	6624750	6449960	6137320	7228160	7166650	7105220
P0ABK2	1755440	2200760	1445260	1679570	1594190	1320760	1885620	1387060	1622530	1517590	1729150	553049	669543	716169	772986	861885	576717	737327	589345	524650	498681	922956	899881
P0AFW8	20255700	16767100	14073200	17172000	15411300	18010100	16887200	9530230	16797900	15577300	12953100	8847750	7682820	9322950	7828370	9469130	7083760	8800890	9815750	10695200	6592780	8510980	9233900
P0AB40	1967900	1414880	1243980	1140520	1033450	1257490	1011190	177200	1500570	1102890	1297690	5675840	3124570	3970320	3170910	4101690	1427360	3736980	3627130	4059780	4502090	3422830	3851480
P0AEB5	1488600	1375550	1268090	1711490	1130900	1329930	1628670	1517540	1583680	1332000	1306390	434989	702109	530157	777960	893287	888790	1650910	935307	573577	624870	873781	1392660
Q46865	255264	151624	185665	157749	269472	219157	110139	74458.4	151970	207437	188384	NA	58491.4	NA	97773.3	79787.8	45601.5	83618.6	64828.4	110411	NA	148411	106750
P07013	3819990	3390700	3519240	3102520	3374500	3375700	2986840	3256470	3504390	3222060	3248410	4601590	4042490	4276600	3428040	3539360	3391700	4173850	3970180	4052240	3749420	3822990	3747920
P0ACR2	266640	301772	334504	305026	309361	281828	265634	373446	288427	327291	347549	367432	472394	353445	392384	331662	374822	358440	421015	321638	276977	285531	337434
P0AF70	50604000	48640300	51511400	34048500	59296300	50550100	41078900	54057600	47927400	50267700	54090200	31570200	33793400	37505700	39396100	35181900	41904000	39995700	35482300	30849300	25217400	36259700	37886500
P77473	330247	345450	409288	519111	368912	431587	527584	409681	676093	742012	421612	284887	396499	285228	402146	354245	516333	470500	446476	293942	400083	310399	534032
P64585	7517160	6405290	6427790	8454940	7555860	6858440	7461960	8135790	7655820	7432980	7546780	5955190	6230330	6068940	6055640	5732310	5838390	5741590	5579300	5438570	5909520	4968260	5605150
P0ABW0	368160	385461	363087	269100	324205	285927	436378	167781	398020	521394	431815	NA	NA	324768	NA	112706	115525	NA	140222	229566	NA	121963	107329
P23873	3118120	2187990	1762770	1703160	1666030	2697760	2364810	1390800	2865300	2758950	2611470	1636520	1278390	1339650	1737590	2023270	1241880	1348930	1104150	1103320	1114170	1475310	1626910
P0A828	302895	318788	295241	231671	232558	234775	261222	260834	215606	267881	263655	334528	282286	307070	164714	299354	233363	277395	330692	266123	217786	330389	350135
P0AAF3	2179540	2607830	2240840	1893980	2453350	2136370	2114540	1738840	1879620	2492540	2359690	NA	438628	473926	564710	571915	557004	381586	406380	398679	445445	458558	489058
P31463	52591.4	43357.3	109965	107020	130779	111150	NA	119356	80308.9	143726	109294	185179	99804.4	144660	157831	192793	148918	133087	172391	138264	166232	167425	134687
P75972	NA	NA	NA	NA	NA	NA	NA	43609.2	NA	NA	NA	68575.4	67952.2	57862.1	NA	NA	38512.5	51726.4	21150.4	71694.6	72202.4	56183.2	NA
Q6BEX0	106439	144086	133316	212812	173204	131710	111476	169261	163612	106742	147580	NA	NA	NA	49729.6	NA	NA	78175.1	107605	NA	NA	NA	NA
P05804	226081	143492	226030	185084	285073	187072	218098	282873	126215	177987	203431	51685.2	45462.3	50635.6	41678.4	NA	53736.3	34267.5	36120.7	64293.9	60201.9	48267.6	36148.6
P0AFP9	253542	187481	248492	239820	407067	279146	291015	213286	188449	225164	321327	204115	310728	243438	372266	347060	282587	306670	418636	351985	282109	322850	288730
P33014	9959600	8141260	9348730	14223400	9357760	12258200	12485400	4818740	11626900	11548000	7004660	10340500	9531280	8213420	10078600	7905640	6129350	8475620	9561650	3296660	9994310	10138600	4087110
P67553	1168900	1258030	1222710	1339540	1073080	1268390	1393130	1164780	1348480	1502540	1569120	1308110	1322470	1436880	1569880	1427930	1382180	1493280	1396490	1264520	966859	1383170	1477790
P0AB96	2946220	2109130	2416040	3087410	2108200	2492150	2845750	1500870	2958570	2518590	2471460	1993410	1725660	1986270	1510300	1522220	1240220	1663850	1781280	2099920	2185820	2019650	1558700
P32662	11590600	9274450	8552980	8297480	9578380	10363500	8887670	6334370	9817110	8503360	8778990	8826970	6306160	8467820	7840360	7680660	6095690	8317710	7888180	8986900	6991760	7276460	8425390
P0AF59	5972830	4354000	4780060	3029870	6437480	5150960	4480360	5812030	4382090	4449510	4328140	5204330	3872950	3101980	2156950	2527930	1578260	2232120	2175550	4506120	2816840	3540390	2868730
P0AC92	7413140	5027830	3823460	6055320	4115180	5804650	5775240	2827600	7014920	5476100	4632150	7059650	5782430	6036680	5449070	6049130	4127880	6494590	6207920	6485340	4910660	5037620	6191380
P32685	3965300	3029870	2532950	3351400	3392470	3264880	3187180	1959610	3176990	3599100	2872580	3372080	2579490	3096370	2037790	2101230	1767880	3018000	2646040	3203460	2754330	2548140	2466930
P0ABN5	2396830	2759090	1727130	1509680	2529160	1768300	1526250	2144670	1941480	1763640	1607080	805038	845290	704992	745370	831747	742347	868034	768376	624235	764393	1077530	995083
P0AEH5	121527000	159802000	171775000	166876000	157052000	153144000	153536000	210875000	207290000	150521000	152030000	177679000	81371500	93967100	107693000	117116000	213654000	113519000	110574000	141150000	128341000	77413500	84034500
P0CF40;P0CF41;P0CF42;P0CF43;P0CF44;P0CF45	763106	673421	654916	629829	568307	652779	904144	382579	910737	562755	618162	1347160	836762	1124900	966931	1352690	751427	1139470	1229460	1455610	1246330	1209710	1111070
P46139	133156	185626	210332	104443	214634	149224	191953	211803	74437.7	NA	160630	278798	180507	266442	255251	332652	533021	706909	388436	238843	346101	365202	359604
P0AA82	1119000	1390220	984233	1138800	605378	871052	1233050	440496	1260850	1004460	1119260	790055	936870	1109870	1274250	1610140	1086450	1345460	1153420	708481	527226	1050770	951189
P0ADT8	10618900	12047800	13382100	12961600	14529600	13440300	13853500	15722400	14437600	13999100	14561100	13356200	12629100	13261800	12380800	13636700	15748000	13605500	13412600	14680600	12923100	13056200	13305900
P0AAV6	35990500	28748900	23270000	42680100	15718300	32434300	49622100	13191700	43817400	35833000	35557000	8497680	8250000	7026470	6767090	8712690	5217540	7672580	6141310	6170610	5192700	5251110	7645160
P31068	180958	282726	207773	683568	NA	505394	383964	NA	495587	315013	357140	NA	NA	NA	NA	NA	NA	80234	NA	NA	NA	NA	NA
P0ADL3	504852	452572	478535	505603	478882	428350	510515	454898	469936	484227	500926	734620	620068	702679	630909	653807	701305	705175	690410	709734	567541	635810	665190
P42625	390693	302616	215041	365243	251007	313741	277668	83458.4	362905	347557	285733	46471.2	32358.8	101265	149187	48153.8	72846.2	112974	87538.5	70758.1	80413.7	93323	135233
P02931;P02932;P21420	9493300	12672300	15138000	9172310	12374400	7987040	8984750	9787640	6112880	5717690	6188590	4679000	3611040	2070390	3749520	2878310	2250310	2527470	3023390	2442370	8555610	7291050	6421070
P0AFU2	32268.1	101347	100122	101516	178271	103632	126489	160385	63673.9	136551	155147	NA	62459.7	63678.1	57319.6	NA	NA	NA	NA	69644.9	125890	29371.5	54524.2
P0CB62	NA	123317	NA	87294.1	38187.4	NA	NA	34377.9	NA	NA	NA	143426	80789.3	NA	165583	159346	164813	188575	69900.3	114221	110872	82110.9	95091.3
P06965	152713	NA	62683.7	178635	NA	203156	243029	NA	207370	43900.9	NA	276374	130253	153090	128371	198690	167483	190549	188669	144458	456787	139892	156901
P0AAN9	63840000	49596000	45332700	45942900	51166300	43404200	40309400	37603900	45406400	46612600	36685100	23256000	15323200	20240800	11905600	12351800	14112800	16611600	14904900	20416600	18983100	16531400	16785600
P45565	765867	NA	362850	367553	498423	582457	323137	908482	501541	621309	568257	NA	NA	378712	267428	219575	416870	348297	229782	289495	NA	329250	281258
P0ABS8	7106220	5353540	5023830	5951190	4975950	5066770	5650010	3088510	5577290	5142600	4649060	4480820	4723330	4431630	3853420	3905020	2998950	4151410	4511890	5431070	4478790	3969480	4133830
P64499	215302	NA	1061100	320922	1143540	463430	NA	486738	264424	405302	NA	3824750	2383770	2948770	5239590	3563460	4499850	3275860	3756230	3495330	2306930	3647460	3981690
P0A8L7	3262620	2713720	2996790	1435270	3740040	2941950	2257540	2793810	2986170	3059640	2537140	3716540	2955270	3323660	1128900	1087220	1020760	1598410	1462730	1404490	3764980	2487510	2844290
P0AEM0	13095100	9881360	9225750	12330300	7659120	11601500	14342800	5782290	11262300	11349400	10910500	4374420	4169040	5906890	6114600	7343500	4676270	5878340	5618600	5441830	4972430	5866440	7308890
P63201	NA	NA	NA	NA	69803.1	NA	NA	51812.8	NA	NA	NA	148019	151642	151829	113137	35339.5	128503	127906	153938	131334	117628	118880	125029
P00816	36419	29831.7	78247.5	20523.1	118456	18275.8	NA	54476	NA	25821.4	18694.4	61163.3	38790.1	51468.6	54694.6	2889.61	61004	55761.4	43093.6	50366.1	46594.4	58448.4	42284
P0ADX5	4093610	3236740	3026160	4078890	4500280	3421310	4024360	3137150	4128150	3934140	3478150	3393130	3343780	2816050	1905480	1625660	1695650	1608210	2257960	3286360	3003830	2357050	2318130
P0AB10	1734080	1507520	1634780	1156440	1882080	1360920	1757270	1703480	1848480	1425700	1733260	1659530	2209600	1728600	1990530	1745540	2129420	2091460	2090980	1807890	1588380	1816090	1853820
P0AGL2	408384000	456030000	418154000	499443000	425742000	448097000	331736000	NA	400110000	446573000	351685000	NA	NA	173562000	171288000	182367000	156017000	182175000	174108000	231003000	NA	208710000	196109000
P0ACV4	2440910	2610800	2402430	2394760	2165920	2328230	2549560	2376430	2244710	2393120	2555580	1142920	1580290	1969570	2005180	1982390	2206860	2069900	2123990	1884500	1256240	1924530	1839130
P69488	4821310	4245700	3914230	3746880	3330200	4104370	4131990	3038800	4163220	3823550	2949510	1754840	1811770	1463730	1970770	1865070	1143390	1748380	1737830	1488110	1446630	2191520	2397690
P0ACU0	1295430	1324080	1451140	1229400	1736680	1132200	1229680	1066020	1430430	1495590	1853430	622174	1067750	1534950	1456910	1552890	1528430	1591060	1506070	1325850	614694	1175310	1256970
P33358	557373	558461	604344	707716	482893	481248	887042	445722	555374	466022	636925	NA	415776	343810	561234	515878	495805	341067	359677	NA	95240.5	221522	452310
P31467	163157	156474	179102	170603	239267	224102	222780	370525	184481	185627	171365	588681	376513	361582	187193	222419	257005	220979	245567	463172	381551	285518	323822
P42597	361243	359339	477706	393606	463664	422579	299984	409879	357816	278211	435408	446255	532868	501681	353821	382683	305521	406977	314272	339823	346704	472418	281084
P0ADM0	NA	453113	NA	218318	NA	NA	208357	NA	242653	226251	151743	144453	228771	NA	NA	NA	NA	NA	NA	NA	370968	130533	NA
P0AB65	4952120	3641910	3506840	3547880	4045260	4173500	4137860	2771700	4173260	4155030	3470620	2932820	2134460	2145910	2381610	2286620	1849140	2479560	2542160	2343550	2250880	2107310	2589750
P60955	979379	1019550	964136	1306240	1114060	664456	1421210	957650	1214310	961145	1509670	1057220	1158420	1165500	1068370	1063750	972884	1255400	1135600	1100200	1027300	1379880	1305540
P69428	3918460	3209040	4281760	4741360	5184160	3523280	4641130	5290510	3725860	3077080	3518090	1661650	1175840	5693370	8516970	6345750	6940350	6196510	6130910	3546830	1772080	6138320	6930040
P71242	96032.2	NA	53621.5	99676.9	24629.9	76642.4	NA	NA	45211.1	49944.4	NA	194686	176946	137864	NA	NA	69128.9	175172	123440	77112.7	9213.39	56032.6	139699
P24224	641349	533613	545171	474233	516382	475160	576396	312832	515515	502314	499090	427663	520399	573645	508338	516002	450899	495148	653008	603197	268412	539572	491868
P09996	2241580	1602100	1775130	2134330	678905	1898030	1772060	NA	2283570	955065	713821	NA	389442	440073	NA	NA	788443	416568	NA	925518	NA	500968	428581
P0AC88	290656	297627	NA	NA	416963	73772.9	NA	64550.7	NA	209350	129749	63834.1	67940.2	64266.9	29678.3	NA	49330.8	60092.2	31807.6	41960.1	53462.8	21430.9	36406.1
P32129	293104	288629	326270	378856	367999	235564	327554	334561	336095	297914	404087	469097	450651	433539	394518	387575	357579	379127	340695	421202	376217	255358	318820
P0A8C8	NA	NA	NA	103833	NA	NA	NA	NA	55101.4	NA	55821.7	129349	192120	101643	191236	125945	NA	122498	137479	NA	226002	88033.7	87092.9
P0ACX3	33599200	33860900	27675500	33393600	28540100	34040500	25909000	19691100	34238200	35145500	29188100	14002500	11514400	15112700	14351600	18271100	11612200	15888900	16085400	15306000	11490600	17440100	17486600
P0AEZ7	642526	1220220	902336	1800790	893331	839586	1400610	1170840	1145380	NA	NA	1897970	1947870	1368330	1562370	1495620	853638	1389420	1141730	945009	1557750	NA	NA
P18775;P77783	NA	NA	NA	NA	NA	NA	NA	NA	NA	NA	NA	NA	NA	NA	NA	NA	NA	NA	NA	NA	NA	163855	30570
Q46855	1508040	1601830	1809110	1679260	1343270	1404620	1434890	1559160	1715530	1773760	1968670	1705630	1528870	1453320	1580190	1787170	1682230	1574450	1942680	1555350	1427210	1618610	1567930
P0ACR7	300472	290314	347257	237326	205546	186104	NA	490668	315229	232348	337471	304089	316320	497818	242672	159838	376685	444279	483898	593099	362180	314361	275995
P0A754	930563	1006300	907233	1207030	706974	1041210	1279960	978799	1218850	1154120	1052770	227508	941791	1248160	1101810	1076030	1028570	1207690	1190810	1332530	608829	948084	1086420
P0AFD4	2205370	2893160	1680930	2234540	1361960	1935400	2716370	1202710	2262010	1520860	1726290	632929	862106	694708	1042570	1146190	839346	816978	719473	688683	919208	903879	1182220
P0A924	420312	395966	305186	422028	427984	397209	532844	320579	284657	363574	362487	271130	305218	252740	253382	159050	284093	226183	261943	239732	253846	286354	177463
P0ABX8	605189	821368	788137	1865640	225739	1142760	991699	546397	1254190	966184	1166650	153178	183535	226408	175979	131707	176024	157444	251281	324104	166790	64511.2	561725
P45469	2060740	2164130	2427310	2314540	2756760	2253080	2459010	2953940	2428090	2401000	2645390	2759220	2356330	2162060	2046290	1949700	2311870	2226660	2266950	2474040	2489040	2474900	2507090
P45530	2475220	2095280	1777810	1495260	2178270	2248930	1932690	1440630	2016340	2104320	1858210	1946990	1803730	2001940	1839860	1876360	1623430	1926440	2054080	2199130	1985990	2174530	2026220
P0AD21	997324	815983	898073	816028	674107	945213	1082830	837867	1067040	908834	1073090	1392580	1216120	1242720	1250480	1332300	1107170	1091000	1321050	1192550	902120	1164900	1329690
P08506;P0AEB2	10424000	11944000	11104900	8641680	12819900	11004600	13206900	13921000	11843200	13379500	13276200	9745920	10850400	11379000	12782600	15513300	15365800	12453200	12508600	10184400	12455400	13072400	12284500
P31129	195642	189538	143230	200560	178104	209600	109766	25043.2	162958	213896	225201	7680.43	12439.6	NA	107230	198436	103796	75453.9	89293.2	NA	9914.77	78511.5	168053
P0AAS9	1685590	1531210	1681920	2109590	2063480	1754030	1943100	1226720	2224230	1405650	1580130	NA	NA	NA	NA	NA	NA	NA	NA	NA	NA	NA	NA
P0C079	15152200	11427800	10291000	12442800	9380540	10677800	11451900	8623580	13556100	10557900	9885890	9112000	6427100	5846570	5798720	5548940	4797380	6665590	7476730	7630720	5269150	8306840	7877060
P0AAU7	6297260	5358710	4595100	4588030	5171300	4920440	4190560	3492310	5806100	4292900	4467780	6016670	3847000	4198920	2977460	3565780	3153040	4294380	3917790	5198970	5100790	4027930	4488200
P76194	3212350	2725700	2792530	6179150	3127710	3567610	3975850	2458950	4209900	3072050	3676170	2444260	3258620	3662420	2350640	2539510	2797170	3249190	3022320	3882110	2789200	2702530	2846430
Q6BF16	797448	637486	774631	967233	832090	719645	701668	737518	632203	773260	721714	166110	173806	148325	178951	174982	208170	191004	150515	188325	188636	181726	165398
P0AB55	10966100	12987600	9683650	13537800	11260700	11104600	10508500	9418790	14438400	11441100	8980430	9817020	8061850	7210950	6608430	7214900	6404850	7730310	5799250	4593950	6330800	10172800	9003140
P13033	109070	74874.4	137538	113200	231849	116224	123946	489164	115196	223740	194772	NA	NA	NA	NA	NA	NA	NA	NA	NA	NA	205908	307762
P0AFI9	296370	263260	130314	103469	90655	118982	99778.7	NA	382263	142945	78327.5	NA	122337	68606.4	59700.5	109848	111657	216359	204009	117582	104493	155813	219128
P33915	56898.2	46941.1	92698.1	126718	NA	104917	154239	NA	53549.1	66734.3	20093.3	NA	NA	NA	181331	66505.5	45727.1	25979.2	26957.2	42416.9	NA	54318.5	132016
P76339	173049	196205	220352	244647	193484	222363	286834	223564	180887	233348	220595	200471	299294	238514	260746	303915	288640	283800	262011	218658	199050	238393	293031
P0AGB3	286785	140599	213629	234224	223567	266710	171209	112747	260862	185941	221279	122278	111156	149968	203898	163355	95660.9	135195	176496	271983	142449	197281	262824
P16692	165231	138539	210088	150340	66420.4	122150	194071	NA	151496	168308	168662	165614	NA	39079.2	72631.7	116451	53286.2	50210.4	50045.4	NA	197347	NA	90059.3
P0A6J3	NA	NA	NA	NA	2108010	NA	NA	1189300	NA	NA	NA	1235430	1462020	1736970	2956010	1665750	2228060	2630920	2363580	1221590	1188630	2767520	2573960
P0A8U0	1033400	899926	1111170	770565	1038600	946629	885212	997159	931619	1004490	924418	1007670	1127450	1154820	900104	919231	1014820	1061070	1060170	1296080	1062710	963976	1016830
P0A6S5	897365	1103960	1116800	823309	957637	1122400	1148950	1326580	1003180	1078250	1078150	1198790	1509440	1761230	1417260	1600260	1638130	1486030	1653440	1871030	961141	1628280	1625650
P77374;P77783	2874660	2634120	2455370	925787	5399600	2560140	889679	4921610	1564990	1854500	1867190	5405320	4588610	4796910	3780350	3249220	4604970	4727420	5248840	5434850	7078180	6700860	5271150
P0AAX8;P39176	6305870	6053400	3989300	5229450	7387310	6411900	6026990	4455050	4275910	5313120	4319300	3920080	1215600	3914280	4386130	3348640	3423470	4137820	2967110	3367930	6377200	5188930	6641380
Q46904	NA	NA	NA	NA	91612.2	NA	NA	27149.1	NA	NA	NA	11784.8	NA	9944.87	NA	NA	NA	NA	NA	5133.26	7275.58	NA	NA
P0A7P5	68194700	77928900	69719300	74028800	77247800	74939600	67820600	69842800	74448400	73378500	65358400	90069500	87420600	79217600	76965300	81679400	77869700	76238300	72361400	71233700	97771900	75563800	80743500
P77357	231599	203929	188781	165426	172434	176891	62495.6	159400	198902	156238	167198	NA	NA	206565	136500	148787	80496.7	95245.2	66700.8	109288	27617	NA	109961
P26649	2291360	1379240	2314800	687223	3800320	1619080	701559	1540550	1119150	2156410	1657840	708256	948592	825702	425596	304396	419600	556589	711287	1712990	687705	450904	609330
P0AGF2	10141300	7675160	6012860	6542980	7437350	7119970	8022700	5704810	7317980	6685510	6656690	8383320	6846250	6826450	5502840	5416870	4682100	6054810	6712450	7066740	6234960	6033920	6092130
P0AAE0	11168100	13725100	11429700	12130100	9920190	10817800	13127300	12029200	12868200	13026700	12871700	3863140	4900470	5808780	5626170	5835750	5980470	5881670	4789410	4579640	3773610	5536380	6097690
P15993	1675010	2282910	1512560	1933050	1191230	1902820	2595300	1675730	2156690	2008530	2161300	1061600	986941	1195750	1732380	1738030	1391940	1487440	1104480	1450310	1555310	1568310	1767670
P0AAE2	38892.2	71431.2	31129.6	44009.1	47654.4	22019.4	55794.5	53484.5	25746.9	NA	NA	NA	23975.9	29992.7	11466	18969.5	37245.9	42377.5	NA	NA	NA	28216.8	17809.5
P0ADC8	703207	571534	545671	452399	961307	623738	342685	1154920	693353	705365	646210	NA	NA	NA	NA	NA	NA	NA	NA	NA	NA	NA	NA
P0AEF0	1687950	1646270	1835240	1117670	1794300	1541450	1115960	1871790	1402660	1534100	1494410	1428310	1340740	1421430	1439160	1490940	1522010	1650550	1498870	1434470	1247120	1497540	1487230
P37147	289690	268837	156581	280362	146740	229660	74231.7	266469	176146	267907	195779	335977	737104	92024.7	187387	211469	211547	190155	135473	163998	NA	68606.2	174436
P0AA78	153614	213348	116326	218155	131899	143598	212203	118967	149665	74559.6	101917	52721.1	NA	NA	NA	NA	NA	NA	NA	NA	NA	57822.1	NA
P31666	105568	94232.5	100532	112293	95553.5	40773.4	NA	82722.5	85160.3	80878.3	86769.4	76753.8	81754	74745.7	57057.2	57201.8	98596.9	107687	88571.7	70208.6	76709.1	68871.4	103071
P52636	NA	NA	NA	NA	30020.7	NA	NA	9005.45	NA	NA	NA	NA	NA	25551.5	8472.93	NA	12740.8	NA	15081.2	21614.8	NA	NA	15812.8
P24207	522179	519784	474796	289532	335662	500573	486446	420813	515445	516138	489681	319577	401987	440672	482519	601805	521858	375187	519195	489992	353439	492465	460097
P0A6W3	95630.8	33190.1	45228.4	113423	115663	71521.6	104032	11606.4	36609.7	NA	25924.9	NA	NA	70042.6	145753	66253.3	104582	58171.5	75436.3	27863.9	NA	116437	105243
P0AC44	286436	342039	170568	239622	184831	242287	285271	203898	268130	264410	291365	NA	NA	NA	NA	NA	NA	NA	NA	NA	NA	NA	NA
P37194	29133200	30955100	37247900	42809300	37085900	40914100	42404400	37013800	41837500	43443900	44220100	21953900	24017300	25634500	28014800	26639300	27405700	28342700	26035800	25846800	26067100	27872200	27616900
P0AF61	1329540	782600	NA	NA	301289	868167	645199	357834	853964	801547	699714	1020740	395451	455704	NA	NA	NA	NA	288789	1151250	678413	720609	1383420
P46022	653462	573585	622894	616047	543590	587262	763095	420672	616149	563152	727258	402740	354816	407275	471834	390850	527992	427585	470699	443865	353243	427201	532675
P27245	NA	NA	NA	84398.3	NA	216976	NA	NA	93234.1	NA	NA	328168	271858	202987	202151	396692	174818	87484.8	75368.3	249706	576833	168426	208542
P0AAC4	2052690	2312990	1995300	2661140	2428060	2322690	2645020	3272620	2660730	2565870	2427050	2592890	3171870	1590530	2408520	1944150	2064370	2028490	1632860	588731	3418960	2629910	3267150
P15031	30679.8	NA	NA	NA	67891.5	72867.4	NA	NA	125943	NA	NA	245848	218651	200208	177705	167096	187326	202953	172706	57893.7	NA	111035	158044
P0AFC0	518126	491863	787342	443498	793506	571619	209102	695761	508946	578132	503471	801325	742504	797062	768945	788228	758409	838920	809080	514470	521916	609009	599527
P37642	1557680	1745300	1659930	2072540	1791140	1971320	2101630	1682290	1800300	1843620	2126430	2077350	2224220	2095290	2444380	2355600	2231410	2429800	2263080	2422750	1785640	1819970	2162130
P39382	143943	123404	NA	135159	173106	232390	144942	123286	NA	NA	NA	133031	158909	202437	140596	NA	245235	203687	170953	175252	142753	199067	234532
P76164	316590	206784	462231	285476	81505.4	422311	332459	NA	299653	340787	284186	NA	NA	458165	2421690	1000140	1405950	1200440	1307980	49193.4	NA	1350580	1759570
Q46901	2260630	2239990	3031920	2094510	1637620	2314400	2004110	1000560	2217740	2300190	2555330	490642	522124	676433	658181	934938	607778	805451	653621	482399	315122	316382	524481
P0DPO3	NA	NA	NA	NA	65837.2	NA	NA	NA	NA	NA	216095	NA	NA	NA	NA	NA	NA	88191.8	NA	115001	NA	70170.1	NA
O32583	4477970	4025500	5103610	7111550	2405060	5301120	6470170	2226500	6028380	4427180	5360740	3030580	2395400	3248930	1443250	1830140	1757590	2284980	2086880	2871680	2098940	1905300	2112280
P0A8Z7	800642	1251150	1264690	864960	1538140	1199210	1095700	1667380	1097120	1126390	1188890	628651	728684	993944	778228	810864	777130	790429	893693	775026	631804	674370	759939
P75799	333460	258240	197876	470869	119662	176281	227456	217640	173140	228941	172887	NA	144249	132613	80038.6	98055.9	158788	205127	118571	238996	NA	354548	133450
P0AD07	5911010	3872650	4181830	3579820	3269110	3516660	4402810	2660580	3505280	3366540	3661760	1041110	1106730	3221110	3159910	2844950	2055970	3429210	3263660	2684120	2831110	3314770	3431600
P0AC00	NA	33228.2	29794.5	NA	NA	NA	42648.4	NA	NA	NA	27004.2	NA	NA	NA	NA	NA	46497.5	NA	46561.1	21221.2	NA	13845.1	NA
P0A814	301823	340914	426320	348434	310289	483370	302081	407472	281184	402052	380624	527687	495557	655968	595422	560794	571149	555782	531605	495745	482707	553617	558100
Q46835	14588.4	NA	NA	NA	39229.8	NA	NA	56083.2	NA	NA	NA	NA	NA	93658.1	77173	NA	121848	82605	86923.2	108041	NA	111520	104706
P0AFE4	762064	649482	752712	803105	592645	706083	834857	459703	849666	778238	882014	369173	296589	360657	422930	618850	422530	501342	319446	314014	470977	445668	369633
P04816;P0AD96	309858000	249363000	324327000	265003000	234700000	298195000	314460000	231629000	352848000	324306000	305717000	345453000	270238000	293243000	220246000	219686000	199577000	291637000	303485000	312798000	264845000	233251000	277473000
P24077	NA	NA	NA	NA	NA	NA	NA	NA	NA	NA	NA	28005.4	63827.5	33792.1	NA	NA	22606.9	37493.3	21803.9	30223.3	46706.1	NA	21874.4
P39836	297898	363608	306113	361956	187784	245808	377287	280530	286856	252149	303147	203955	237089	268100	265104	224320	227843	301515	194266	257026	213300	157664	214231
P45465	85108.6	50220.9	108362	NA	56592	53075.2	48560.3	97682.4	65734.8	38681.7	112816	NA	NA	92872.3	47826.6	79916.4	50463.1	70943.7	29451.5	NA	49503.6	75558.2	53545.4
P0A9N0	106416	72199.4	71804.2	247534	NA	197492	342627	NA	210814	146363	111527	NA	NA	NA	158504	137684	NA	NA	NA	NA	NA	83445.1	239103
A5A614	2747740	2164870	1410400	2051740	1654780	2007080	1848060	1010610	2051520	1748150	1682020	566458	452054	699624	736832	764692	NA	700026	738751	811109	262400	714171	829214
P69910	24826300	26525800	30518900	52552400	28422200	40741100	55438400	36797200	44677400	39479200	39494500	17277900	26663600	25086800	38076400	39133700	38336400	39837800	36732800	36925900	23491300	38994300	40620500
Q47156	5008720	4186540	4915720	4157870	3384290	4340480	4005200	2480860	4810200	4568710	4176380	3474450	2663110	2588650	2832480	3175360	2146180	2480730	2647980	2828170	2744160	2415360	2303280
P0AAD6	43386	79684.7	70016	51055.2	53616.2	52618.3	36356.2	142511	91053	40861.2	24809.8	31310.3	50901	26241.1	NA	NA	35948.7	23119.3	15289.4	41466.3	67167.5	50367.5	37229.4
P14176	7035100	9167070	10893100	8727500	8196540	9040150	11212200	8959980	9447510	8082790	9168900	17006300	22988200	18599200	22078100	20968200	20933800	20615400	18297400	18264900	23503200	20082300	19414800
P0A8K5	20571400	14942400	13649000	16175500	14628200	15269800	15851500	11001200	17089000	15411400	14227000	11372300	8244100	8863020	7345530	9601590	5989080	8452340	8697300	10171700	10132500	9695840	8581120
P33358;P75989	354837	495040	461858	500207	490056	493996	250650	802347	539321	485576	573789	713124	689726	629175	801354	448569	601847	545144	590690	452267	514383	250223	324032
P39405	NA	NA	NA	NA	NA	NA	NA	NA	NA	NA	NA	NA	433190	153792	288543	196899	519813	345339	223085	86068.6	348949	NA	NA
P09163	1166640	842212	893236	645552	875361	812130	868698	774322	868479	898187	825522	795874	729796	713024	648032	605005	687871	756201	928494	770981	524637	553867	649954
P0C8K0	801391	986943	1035870	740692	616056	823257	465078	276089	739989	780619	754920	NA	NA	353729	414669	367017	NA	393027	389881	193910	NA	284277	268556
Q46899	NA	NA	280028	499957	268803	254769	435215	245038	265259	267404	292294	458579	453856	459587	262487	456112	362488	401843	435109	372830	312109	399313	598455
P31471	74016.5	NA	NA	NA	NA	100299	NA	11792.7	99831.5	NA	NA	45969.5	63378.6	68855.9	NA	NA	52306.1	46465.5	28899.1	38573.5	47638.4	NA	NA
P0C037	57770800	55832800	55280400	54922200	43335400	63214000	59601000	38284100	59833700	51446600	57338200	37360400	35747500	56025300	47624400	54338000	47451800	67080100	65091900	45941400	30822000	57828300	44472600
P08550	798131	1031330	721600	701617	893107	925503	893776	576006	872911	1051470	1270470	942759	552596	546091	562137	660046	564671	665186	615867	418698	NA	583893	779969
P76538	NA	NA	NA	NA	NA	NA	NA	NA	NA	NA	NA	9892.94	NA	NA	NA	NA	NA	NA	NA	NA	NA	NA	NA
P0A8D9	153277	157926	186338	198443	249464	143939	132172	171615	150997	149985	136917	256978	217369	273086	262614	299742	332900	294623	326845	342047	231917	260512	164774
P42904	1516650	1342850	1192940	1508340	1239100	1337540	1731180	1096380	1423880	1230250	1301000	412697	433695	480166	649035	804156	495877	493402	469087	448744	380514	480264	462642
P0AD40	342164	146845	81371	382407	123544	63800.4	249438	NA	382359	270292	134288	NA	NA	49813.4	NA	NA	NA	NA	NA	NA	NA	NA	NA
P32166	66966.1	92504.3	NA	NA	NA	83105.7	145772	NA	49371.8	85893.6	51773	111520	125222	81794.4	149724	115847	130332	54613.6	83351.7	117131	118467	56680.5	141822
P52627	155571	320033	242209	1009900	NA	463217	764872	101181	554106	286691	380508	NA	NA	NA	NA	NA	NA	NA	NA	69238.8	NA	NA	NA
P77309	157417	167385	159785	161882	164475	157608	155754	145532	78059.1	176562	198005	151647	89774.5	124068	165634	212232	101853	196482	113081	133242	71718.8	192531	148265
P60782	776338	873745	782358	837126	765971	670774	839374	670002	889613	916919	946459	370500	435377	473058	515951	541892	528507	552753	566393	450549	400634	461058	565873
P0AAC6	NA	33901.2	NA	NA	NA	NA	255463	NA	NA	72195.3	97032.6	NA	NA	NA	NA	252278	NA	NA	NA	NA	NA	NA	NA
P28246	106191	173492	NA	108474	77914.5	77617.2	NA	87126.5	124350	NA	NA	68691.2	102016	54045.9	60237.9	NA	NA	73150.3	71477.8	56746.1	97542.3	81254.3	86962.8
P43531	435913	411946	395240	511550	719397	374103	426611	413187	407429	365681	271995	66709.8	108809	102077	52149.6	56803	97191.9	123974	77775	96519.5	104441	NA	583534
P75933	NA	NA	NA	104176	NA	NA	NA	NA	NA	NA	NA	NA	NA	NA	NA	NA	NA	NA	NA	NA	NA	NA	NA
P0AC98	NA	NA	157967	NA	NA	NA	NA	NA	NA	NA	NA	25969.3	321478	NA	334868	NA	387787	NA	NA	222995	237130	NA	311499
P65290	NA	NA	NA	NA	NA	NA	NA	193901	NA	NA	178607	NA	146267	157342	NA	NA	NA	NA	NA	126927	NA	182545	186756
P08190	1076880	965006	603652	2921980	1916900	1853970	1855050	1308760	2194030	1582640	2644830	1622860	1092370	1311000	1539540	1952320	902350	1879170	2045870	1438510	1066140	791459	1108170
P33029;P39160;P77260	619714	468196	872454	850482	637101	597336	1047310	805197	997495	798653	740694	163874	260482	547450	460561	632374	469441	539765	551696	738160	171093	734627	267291
P69801	250339	351759	167672	298793	232461	342365	418838	NA	276000	364043	547159	NA	NA	675550	1058430	1075580	701519	941662	649594	457751	NA	792332	785636
P09832;P37127	30356200	28723200	35953000	25237900	31253700	34312700	23889100	39139400	26823600	34816000	34830400	81477300	94372000	79731500	67290600	79912900	84025900	85566500	65988500	77638300	81358900	72771600	66835600
P05707	NA	NA	NA	NA	NA	NA	NA	NA	NA	NA	NA	206714	NA	NA	NA	NA	NA	363407	242558	NA	88166	366940	264962
P64455	1912790	1019730	1623730	1919310	1045800	1373890	725662	NA	1885860	1200840	NA	NA	NA	NA	1236530	929297	NA	1377310	1020000	NA	NA	NA	NA
P0AAM3	853618	610260	NA	NA	1494090	151566	393150	689004	NA	585981	515973	920564	633617	707176	372660	502534	494337	671736	800833	816275	893018	931211	694904
P0C8J8;P0C8K0	37916600	37003900	40051500	32334000	55341400	46431700	36089600	27972900	24896400	48277300	49066900	3715760	3758270	9384650	6235890	8001180	6058510	7545110	8535610	4181990	4606470	11079100	10028200
P0A7Q6	5429420	15626100	4500370	20023200	NA	15919600	35809100	NA	16688900	20640200	13341700	NA	NA	NA	15517300	18790800	1269930	6462080	3137000	NA	NA	11053800	25068700
P16095;P30744	1610110	961326	1285670	875670	1705640	1332820	980079	1323360	1219620	1368410	1009370	525540	358765	700472	649371	496601	730623	634675	701707	555014	324870	494863	572170
P24173;Q47689	NA	963350	NA	1278980	1088170	692884	738367	790763	NA	848140	152761	773374	1101290	1364900	696604	836013	NA	NA	NA	795411	861383	NA	667330
P76146	NA	NA	NA	NA	NA	NA	NA	NA	NA	NA	NA	NA	NA	NA	107315	NA	26420.4	22498.3	38618.7	NA	NA	25367.8	49694.4
P17334	NA	54858.2	NA	35301.3	NA	NA	26735.6	NA	NA	NA	NA	NA	18096.8	NA	NA	NA	NA	NA	NA	NA	NA	NA	24313.6
P77162	392246	461002	419579	613973	406708	593440	465724	269311	580406	400111	399550	154495	88679.1	103644	99476.3	124537	65231.1	150744	135507	166496	66338	146738	165763
P0AGC5	NA	85770.4	NA	NA	21173.5	NA	NA	NA	NA	NA	NA	NA	33596.4	43333.8	90107.7	126198	62428.9	60366.2	64014.7	40610.8	63238.6	28640	NA
P0AFF4	289712	246378	264297	364517	346365	249973	342070	215651	261040	75444.2	181424	NA	NA	57230.4	126620	70967.6	77337.9	65308.2	65698	53060.9	14729.1	75952.1	82915.2
P0AB65;P30131	8359400	5911740	5212430	5364490	7993870	6218740	4892020	5321250	7702440	7660420	6027700	2658370	2730250	4389330	2926850	4651590	2760660	3696220	5455940	3619440	3855020	4650360	3595260
P09373;P42632;P68066	4745450	6614760	5744100	11079000	NA	12051300	22425500	NA	7091370	18493100	12376300	NA	NA	NA	20242400	23962200	1773230	6762080	3685890	NA	NA	11104000	24124200
P64435	349739	311084	203053	281695	303319	300291	253877	NA	236898	273574	259835	NA	NA	218453	379346	303600	166009	312394	129597	NA	NA	312004	309294
P37623	1599440	1737480	2239600	1837340	2229860	1682950	1766290	1994570	1747220	1669770	1856490	2285070	1910330	1774700	1867990	1750130	1675270	1770930	1593110	1740020	2163700	1879420	1959470
P02942;P07017	1440750	2067230	2338320	6580550	1854700	4479180	3554860	2625960	5089790	2650960	3381280	NA	NA	NA	NA	NA	NA	NA	NA	927657	NA	NA	NA
P64564	1111310	1234570	608797	1025010	524909	532383	1108160	553688	1166200	310309	532657	214600	400988	239467	397771	358514	296184	263745	NA	312921	385442	422291	445704
P0A898	5976130	5092670	4105770	4792950	3864390	4834660	4699850	3031760	4829520	4432600	4290730	2216210	3154250	3403370	2592170	2737420	1996250	2708940	2627600	2799680	2651020	3206150	3792000
P0AEV7	251467	383247	NA	NA	415388	209429	NA	180654	326442	267659	NA	433348	NA	180995	395327	NA	195073	386302	228692	837042	833519	427006	163638
P76586	NA	NA	NA	NA	NA	NA	NA	NA	NA	NA	NA	82721.2	NA	55649.2	NA	NA	NA	NA	NA	61717.5	84719.2	NA	NA
P07658	24331.2	NA	NA	NA	95542.9	55112.6	NA	98913.8	NA	NA	NA	36152.4	31499	31672.9	38299.2	62285.9	22227.5	65276.1	54133.8	60757	25792.5	59066.4	49284.2
P0A937	1245640	1531490	764789	611136	1403570	1164170	1451950	506631	1299000	1522870	1573570	139829	129860	764206	835396	1626430	661858	869958	777594	680763	51523.3	574685	762903
P00888;P0AB91	34879900	36525800	48451700	38140100	47753200	42516800	34256300	45324200	41258400	40552800	43416600	55887700	59198400	64712400	62930100	60260300	58463800	65631900	59633300	63844400	68597200	69556600	66236400
P33011	124972	69995.8	37051.2	260225	NA	133152	219712	NA	210387	194741	125033	NA	NA	23499.3	79561.5	98599.9	27784.6	34916.9	57583	NA	NA	62314.9	NA
P31443	98871.2	63729.9	52825.1	25789.8	136750	75793.6	NA	150665	84918.4	72189.6	90687.8	37519.3	7189.05	NA	NA	NA	NA	NA	NA	30085.3	NA	NA	NA
P0ABG4	70857.9	90251.3	NA	NA	46003.5	NA	NA	NA	NA	NA	NA	80096.8	NA	94943	80751	NA	78536.2	96416.1	82096.8	NA	NA	110100	80841.3
P18775;P77374;P77783	1717660	2069570	1429590	848095	2240760	1461560	769473	2012260	1292780	1386190	1402160	1508150	1231700	1651070	2154600	2172940	2163720	2138360	2533590	1956450	2689970	2223280	1747130
P75825	NA	NA	NA	NA	NA	NA	NA	NA	NA	NA	NA	7186.14	NA	NA	NA	NA	NA	NA	NA	NA	8596.95	NA	NA
P66899	515295	660821	574473	722980	468039	537636	595948	NA	565642	513438	567719	NA	NA	NA	NA	NA	NA	NA	NA	NA	NA	NA	NA
P76471	1914140	1809810	1952320	1761210	1785860	2078350	1564150	2135040	1978070	1926170	1817620	816169	574601	1337800	1438150	2334820	2157830	1557830	1077760	931670	1649470	849186	1018520
P37001	62189.6	39383.4	NA	86761	50703.2	NA	122553	116001	112032	110931	109118	146722	130128	91646.4	166728	104027	142228	135716	136699	140853	68461	37630.7	97280.2
P09373;P68066	341429000	268516000	297700000	315634000	543911000	251558000	286291000	272164000	278114000	310360000	200792000	492742000	252681000	213575000	243578000	207136000	176444000	133446000	140339000	199267000	263598000	387126000	302151000
P0AGH1	1186020	1017270	1236570	563950	1443800	1056300	579357	1083010	889457	580503	746343	479343	874509	924004	582037	89093.8	614199	804283	478652	813946	537207	538173	601638
P0A6T9	286507	260334	255519	NA	436155	334026	103298	339425	286314	330615	145901	252468	99711.1	111260	185014	239382	158126	284430	282043	244450	75284.6	289767	298685
P0ADJ5	60140.1	41672	88476	58312.7	52763.9	99701.2	77102.6	105410	75172.4	56993	85747	9794.41	43776.5	344758	207542	223017	287137	322698	268280	302331	NA	279810	235219
P13482;P62601	128587	84514.5	213903	245889	86598.9	206338	151987	25679.2	253496	257606	309902	295406	446232	212582	349547	367434	276607	263964	259024	128248	273735	230963	138507
