rowname	CVT09_QC1_LabE_X023	CVT09_QC2_LabE_X024	CVT09_QC3_LabE_X025	CVT09_QC4_LabE_X026	CVT09_s3_X002	CVT09_s10_X003	CVT09_s13_X004	CVT09_s16_X005	CVT09_s25_X006	CVT09_s28_X007	CVT09_s31_X008	CVT09_s36_X009	CVT09_s41_X010	CVT09_s50_X011	CVT09_s55_X012	CVT09_s59_X013	CVT09_s61_X014	CVT09_s67_X015	CVT09_s73_X016	CVT09_s77_X017	CVT09_s84_X018	CVT09_s90_X019	CVT09_s93_X020	CVT09_s99_X021
A0A385XJE6;P0CE49;P0CE50;P0CE51;P0CE52;P0CE53;P0CE54;P0CE55;P0CE56;P0CE57;P0CE58	165628.734375	186718.953125	213989.5625	195900.703125	236500.71875	223468.78125	215625.171875	219263.359375	242022.96875	196642.734375	195616.796875	239123.625	206571.4375	204045.171875	189501.78125	208781.84375	167087.546875	177008.34375	148073.109375	185458.421875	188532.53125	177927.34375	162898.8125	167492.71875
A0A7H2C766;P75960	572828.9375	765929.5625	657064.5	599596.5	781093.375	795321.4375	773496.5	770156.9375	717778.25	703641.375	675316.0625	713869.4375	771463.25	686703.375	551810	643723.4375	590295.3125	612368.5625	611207	574753.0625	560754.375	479211.1875	565495.4375	558646.5625
A0A7H2C767	3063.170654296875	2539.50732421875	3408.370849609375	2828.89501953125	2129.208251953125	2662.318603515625	3077.812744140625	3129.80078125	2643.9052734375	3125.266357421875	3414.341552734375	2674.714599609375	2924.75244140625	3280.57177734375	2302.186767578125	1834.8985595703125	1871.90283203125	2013.64404296875	2201.7529296875	1997.243896484375	2649.7998046875	2306.83740234375	2235.052978515625	1832.6123046875
A5A613	50686.0390625	70481.75	62410.6484375	66938.046875	83611.4765625	43606.71484375	68903.15625	72590.9765625	76336.765625	59797.75	51010.3515625	68014.2578125	74935.6484375	50797.00390625	49341.578125	50924.9140625	49488.7734375	41582.58203125	45259.5234375	46637.34765625	47559.62109375	42794.5390625	48236.7578125	43102.3359375
A5A614	8271.0859375	12732.71484375	63503.5546875	10977.0673828125	26045.365234375	14361.8251953125	12405.2705078125	18299.43359375	9101.591796875	16686.27734375	12591.00390625	10172.275390625	11406.5625	20714.33984375	5142.1904296875	4751.27587890625	3686.67626953125	4534.77978515625	8350.359375	4524.37646484375	7875.73291015625	8365.0546875	7694.57421875	6928.26806640625
A5A621	28366.89453125	16534.19140625	10292.4453125	26064.591796875	9308.4794921875	22178.548828125	5171.57177734375	9473.75	9932.1875	12476.4453125	13214.6767578125	3131.901611328125	8981.943359375	12379.2314453125	16010.5576171875	14896.8974609375	16668.673828125	11555.66015625	14530.2158203125	14907.1328125	7041.63671875	10223.171875	9244.2314453125	11447.0185546875
O32583	53104.86328125	124693.1953125	119085.8125	64068.76953125	76723.6328125	108894.234375	98647.140625	121436	131648.046875	99758.703125	117707.9921875	78794.3046875	48320.68359375	120129.5859375	63194.95703125	64987.640625	34448.77734375	46637.90234375	51847.99609375	42649.11328125	45975.015625	51489.11328125	28689.189453125	40444.046875
P00350	31572352	25073910	25818728	31405184	27270246	22736004	26935824	24256476	22930252	22426980	24255860	27819098	27177982	24192578	30455888	32921060	29750610	32015662	32233298	31404458	31163188	31566584	30967258	31065214
P00363	3403049.75	3858561.25	3922799	4196773	4218165	3243889.75	3646388.75	4099826.75	2745741.5	3028577.25	3291093.75	4370125.5	4852972.5	3710254.75	3214943.25	3201871.25	2723103	3215103.5	3528463.5	3093363.25	3140632.5	3273360.25	3462414.5	3074005
P00370	22237936	15719429	13931837	26303488	17548610	12749861	15567473	15692080	13201967	13981106	14319631	18368604	19849430	16851734	21731820	22742342	21172446	20273872	22792456	22587528	21677776	22325800	23896230	20188020
P00393	2755690.75	2458078.75	2652847.75	2831496.5	2501044.5	2235449.5	2705327.5	2166237.5	2734055.75	2173197.75	2237120.75	2485230.75	2335189.5	1980768.375	2734810.25	2632120.75	2852096.5	2561323	2672690.5	2705579	2748560.75	2783317	2675515	2665822.75
P00448	10830980	20750384	21953446	10035103	14446659	30410274	20251166	19710020	23408620	23827208	22217616	14965812	15473038	19821432	10171439	13210817	10570257	11802653	9488258	11957946	11461362	12884657	10683964	13005701
P00452	4048760	3927448	3891137.25	4006712	4078086.75	3512574.75	4396795	3648556	4503087	3658659.5	3535527.25	4455428	3883264.75	3315089.75	3952380	4112199.25	3869999	4260663	4127721.5	4051111	4069461	4182602.25	4142296	4244797
P00490	5917688.5	3150557.5	3202721.75	5525454	2924875.25	2765301.5	3236158	2922353.25	3483100.75	3185821	3151512.25	3100928.75	2709581	3029483	5301203.5	5418854	5554684.5	5207277	5669866.5	5803965.5	5892669	6272490.5	5795083	5830812.5
P00509	21670340	23226278	24315976	21593746	25341488	21131612	25795404	22301118	23766738	21750348	21393174	25692896	21806450	20831596	21718284	23279280	21049304	23037256	21896270	21756790	21793700	22158206	21469534	21368730
P00547	5299174	6573377	6571178.5	5232721.5	6466004	7830405.5	6681378	7929625.5	7700118	7885582.5	8065309.5	6561413	7586558	8513757	5123129	5655203.5	5272426.5	5176851	5134125.5	5314353.5	5246414.5	5326910	5301234.5	4969904.5
P00550	912514.625	1193337.25	1129402.5	824348.1875	1216767	1300456.375	1160063.125	1181093.375	1212332	1221668.875	1230254	1075978.375	996206.375	1153026	885968.3125	907819.0625	936253.75	921776.4375	868870.5	900425.0625	919701.6875	926861.875	888404	968916.125
P00561	51092704	49110912	50410648	49045328	50822640	49328948	58879544	57739404	59878300	54949000	52555764	58223848	62147868	59154876	47687916	50967372	46251812	50508296	49648752	49932312	49278460	51872032	49022892	49016424
P00562	3314993.25	2317747.25	2223111	3781117.25	2729625.25	2086468.625	2258084.5	2227275.75	2101351.25	2161897.25	1951002.75	2478407.5	2929165	2091468.75	3420307	3347024	3599339.5	3281292.25	3603978	3368763.5	3500487.25	3568615.5	3432571.5	3564806.75
P00579	5138421.5	4770104	4367098	5063309	4814388.5	4512848	4721227.5	4776853.5	4597828.5	4672875	4679579.5	5007568	4995806	4884817.5	5121142.5	5401149.5	5127876.5	5268975.5	5021196	5059355	5316711.5	5264318	5108178	5083906
P00582	3612736.5	4130284.25	3872746.25	3552692.75	3820876.75	3971745	4130055.5	3723971.5	4117796.25	4065182.25	3974424.5	4191292.75	3783636	3763292.75	3646741.75	3663274.75	3577632	3788158.5	3829321.75	3452250.5	3551873.75	3676252.75	3704404.75	3633145.5
P00634	424608.15625	568714.0625	616084.625	403634.875	465866.03125	786178.9375	597380.5	584151.375	666212.3125	630409.75	730888.4375	539240.9375	486912.40625	634242.3125	424071.125	433847.3125	409133.53125	379773.3125	381850.03125	389013.625	388312.53125	432251.40625	389904.15625	357244.59375
P00803	931609.125	958321.375	950125.8125	911101.8125	965266.9375	977318.375	972442.1875	964939.5625	971042.8125	980158.25	1029081.4375	1002150.8125	1007730.1875	969206.4375	898241.5625	860663.25	958032.875	919443.8125	918461.3125	838833.3125	918042	897888.5	915508.6875	919142.25
P00805	842054.375	3026702.75	3123249.25	1158894.5	3240619.75	2764758.75	2855596	3481303.75	1730353	2387795.75	2613405.25	2962582.5	3971177.5	3059977	889630.9375	801827.375	754316.125	558843.75	843201.0625	877447.9375	854234.25	870361.25	950460.875	710963.75
P00811	190289.984375	156120.4375	190654.484375	148585.03125	141692.1875	155067.53125	159726.5	154388.5	161772.828125	158076.296875	136465.890625	136150.53125	156567.953125	134976.28125	147410.375	164131.765625	154170.21875	186572.875	159712.15625	160420.96875	150266.640625	157976.5	158803.140625	165421.53125
P00861	1418845.25	894699.75	817433.1875	1409888.625	992447.5625	561079.0625	929821.0625	894169.0625	881877.875	838886.9375	777642.4375	926058.8125	884013.25	746460.6875	1424337.375	1514654.875	1331018.875	1549356	1446850.5	1459046.375	1401078.875	1410697.125	1476784.25	1374808.25
P00864	41455816	16042740	15118107	44581728	16873872	12852248	15912723	15365505	14969188	13906611	13775419	17085730	16668574	14304547	39176828	39935792	37039832	42546968	42545588	42437464	41988172	43554208	42819764	40092628
P00887	996351.4375	1072970.375	1025699.4375	1127397.125	1203603.75	940630.125	990162.25	1028163.1875	938761.25	986214.3125	910213.875	1070386.125	1036591.75	977606.75	1009755.875	991147.375	910838.0625	1111064.875	1032045.5	997292.8125	1026263.1875	953112.625	1020800.5625	895153.625
P00888	3343873.75	6538150	6591009	4158163.75	5889714	7434979	6362178.5	5569426	6813392	6843316	6375726	6055122	4422343	5895657.5	3849549.75	3132812.75	3408322.25	3284118.25	3837840.5	3050029.75	3404001.25	3006819	3466256.25	3243792.75
P00893	3435633.75	2327943	2435335.75	3292463.5	2415227.5	2239847.25	2505431.75	2278241.5	2449826	2322469.5	2370868.25	2412203.25	2258546.75	2295820.5	3420321	3510593	3275384	3690642.25	3530598.5	3348303.75	3367061.25	3586270	3489899	3421086.5
P00894	2007223.375	1438422.125	1456198	2061455.25	1514418.875	1328395.625	1492485.75	1345284.5	1414300.25	1348915.25	1327306.125	1412891.25	1286863.375	1320032.375	2088217.875	2309371.75	1927176.375	2119940.5	1923170.75	2143476.5	2122028.25	2126829	2033170	1982239.125
P00895	3867590	3339617.5	3064507.25	4260949	3412735.75	3052176.25	3259067.25	3121544.25	3395791	3066230	2942655.5	3444967.75	2885612.5	2987160	4010432.75	4246527.5	3390688	4560249.5	4146363.75	3770210	3835616	3964198.25	3967223.75	3778171.5
P00903	61489.16015625	44310.97265625	38994.94140625	56674.5390625	62669.69140625	17967.203125	40724.94921875	55087.13671875	55034.4609375	49805.97265625	36259.125	35168.90234375	44883.64453125	41515.53125	58706.45703125	59988.07421875	54471.9609375	56345.44140625	52401.39453125	56368.2578125	45899.7890625	60270.6640625	47722.9453125	66099.9140625
P00904	2205454.75	1941626.5	1946289.25	2305330.25	1781918.75	2110179.5	1853744	1758304.25	2189541.5	2032958.875	1945488.75	1716767.875	1589947.75	1871312.25	2223415.25	2395441.5	2066431.875	2478431	2347483	2181307.75	2332398.25	2228099.5	2188326.75	2099670.5
P00909	2638923.75	2280392	2366086	2962738.25	2367191.75	2390251.75	2376794.75	2198211.75	2631269.75	2405250.5	2239596.75	2275744.25	2011674.75	2294848.25	2781613.25	2845006	2546723	3022374.75	2790080	2621528.25	2830264.25	2668893.75	2771627.75	2663393.25
P00914	106891.671875	126524.2734375	132395.109375	117919.796875	116559.6796875	149552.40625	142393.671875	116980.5078125	148976	163747.734375	130972.21875	108704.171875	122397.3125	145393.640625	126768.5625	128359.3828125	141798.65625	144719.859375	130013.609375	111003.296875	136035.46875	125479.2109375	112694.8515625	127796.8828125
P00926	159456.75	116462.2890625	114320.203125	150836.5	106077.265625	127778.2109375	125944.453125	98401.59375	108318.0390625	119620.875	99389.8046875	103770.1953125	100628.75	107781.875	159285.953125	169320.203125	166398.984375	179938.28125	158135	169886.640625	155984.046875	177487.828125	142534.796875	174570.203125
P00934	25175354	32037026	32405764	24234070	29065240	40189280	34890248	38018804	38435384	39591544	39054336	32762030	36985508	41478376	23995504	25352926	24872238	24306374	24286428	24766568	23807066	25352350	24206672	24394956
P00935	1688656.25	1672001.375	1646503.75	1860030.375	1893897.5	1648096	1661215.5	1605720.375	1536951.375	1569584.375	1602563.25	1688719.125	1936486.875	1558332.125	1690986.75	1572539.125	1809158.375	1538237.75	1771757.375	1685234.5	1753985.75	1704341.125	1686627.75	1735300.375
P00936	673553.375	222732.109375	221562.53125	720586.8125	271938.375	205877.15625	292768.40625	215380.203125	279428.5625	240271.5625	203563.3125	276084.625	257887.875	238988.09375	712473.1875	742744.125	664699.5625	785389.125	752637.125	706385.125	721631.625	759055.5	770273.375	697644.4375
P00944	NA	13093.09375	11319.3662109375	4.024737358093262	4143.3232421875	13572.7294921875	6703.32080078125	8244.0068359375	10896.08984375	7686.62890625	3781.5234375	4048.809326171875	8479.146484375	5911.81201171875	NA	NA	NA	NA	NA	NA	NA	NA	NA	NA
P00946	2247203.25	3024584.5	3048588.75	2371032.5	3045313.75	2741935	2861838.75	2946351	2746682.5	2869228.25	2858961.5	2938540.75	2930595.5	3005853.5	2254001.25	2165377.5	2115845.5	2114992	2243540.5	2105578.5	2194615.75	2196787.25	2306466.75	2104987.75
P00954	4143291.75	3481675.5	3118249.75	4015995	3456844	3329778.75	3382720	3205801.75	3145497.75	3356518	3341331	3389760.5	3363673.25	3439180.5	4066178	4289927.5	3978578	4135562.25	4040316	4107072.25	3961230	4148758.75	4177215.75	4132099.25
P00956	16349396	21946784	20556456	17259672	24065666	17566938	21103740	22158452	19435776	18780266	19397064	25473056	28282892	20671768	16470573	15409680	15770663	17900566	18009994	16390040	16690008	17058462	17335924	16476340
P00957	13370113	11483147	11088758	13623553	11502991	10423613	11249196	11054779	10872992	10734476	10804489	11617192	11923200	11186606	13069968	13427698	12926983	13825753	13651965	13331623	13588912	13758122	13684107	13449849
P00959	10920760	8377184.5	7838653	11118106	8932097	6937081	8338570	8111368.5	7697889	7520736.5	7454315	9298001	9024410	7725971	10936440	11067515	10821215	11943205	11375314	11236022	11138691	11383937	11105860	11065674
P00960	3579232	3084980.25	2905269	3472313.75	3642607	2182049.25	3048589.5	2987213.25	2806021.75	2643297	2644550.5	3319984.75	3260866.75	2602692.5	3541684.75	3458257.75	3162838.75	3773836.5	3470406.75	3647086.5	3494714	3393643.75	3567584.75	3593420.5
P00961	14708117	14824795	14713894	14857572	14884459	13980884	14645401	14373770	14283669	14341776	14156420	14990657	15140340	14108844	14078613	14400277	13938122	14918970	14805213	14295916	14509007	14542534	14600632	14109178
P00962	4962045.5	4079155.5	3946532	5313292	4449562	3838809.25	4116745.5	3976800	3921869.25	3804370.25	3829344	4657688.5	4426235	3952671.5	5293128.5	5306340	5134964.5	5382982	5508744	5245258.5	5168055.5	5240348	5358380.5	5182168.5
P00963	4104778.5	2925756.5	3037554	4480472.5	3172127.25	2651545	3014310.5	2795991.5	2667557.5	2577865.25	2713944	3044520.5	3221680	2928443.5	4739145.5	4414755	4098502	4786128	4518919.5	3566074.75	3696002	3731684.5	3981391.5	4098408.25
P00968	39426848	27878838	28169682	40620100	27430060	29720020	27872094	26365372	27773730	26811722	26304718	29984270	29089358	26617686	40289184	40612456	43946088	44036836	44278844	38085920	39360240	40421396	39994084	42217308
P02358	21399678	20189902	20658546	21864582	21003198	24494686	18853364	20618356	19171794	21848056	21384582	18125298	19079680	20210602	23717496	25076736	24158390	21972604	21681880	23222862	22557142	20682532	21509744	23431960
P02359	31223668	22994550	22480026	31036302	26118668	26523272	23480130	23600390	22528446	23832452	24139718	24882790	23301962	24333130	31964140	33654588	31552222	31967932	31966348	31435156	29928888	29698336	31678698	30528264
P02413	32845598	21132590	21186514	33198892	22625776	20339452	22115914	19428728	19185320	18376112	18713056	22581948	21618388	19094090	31451222	34961320	31695238	32918300	32093046	32326270	33229374	32206516	33200684	33366412
P02916	67276.9375	21078.6875	39938.37890625	66094.5703125	23544.314453125	44636.00390625	38077.70703125	39741.7109375	55319.69921875	51013.7109375	55937.4296875	30707.3828125	18178.48046875	22715.41015625	40229.140625	35698.921875	41985.83203125	24984.6328125	39124.14453125	53378.68359375	45064.01171875	57616.6171875	54942.6640625	50552.56640625
P02918	769157.1875	830353.75	766847.0625	738141.9375	752146.4375	721064.3125	810927.1875	833296.9375	848437.625	837583.3125	801358.75	765575.0625	821655.8125	827633.5625	769102.375	745085.5	776195.4375	766602.25	779668	717900.875	711125.3125	736467.6875	790542.3125	725644.5625
P02919	1095286.125	1391971.375	1253545	1070897.125	1376027.75	1192409.5	1309523.25	1253990.75	1237387.75	1320972.5	1264422.875	1397690.5	1512928.25	1314418.625	1018113	1021709.8125	1036176.8125	1097842.375	1103770.625	1040253.6875	1022731.3125	1104932.75	1108901.125	1062967.5
P02924	64342.46875	274509.40625	319612.9375	104054.1640625	295756.96875	324580.75	295466.53125	332350.65625	311916.5	280671.75	307063.625	256862.375	296151.875	304282.9375	42575.2109375	75953.7109375	98369.203125	74678.609375	46329.94921875	34622.48828125	29212.66015625	51352.76171875	90220.7890625	56867.73828125
P02925	1572179.75	8621009	9409076	1534239.625	7715665	11138247	8523658	8862396	10185937	10197008	9729215	7462760	7786531.5	9296531	1586809.5	1680578.375	1707868.75	1488235.625	1570985.25	1711676.125	1690302.25	1568041.375	1381233.875	1598592.625
P02929	434680.125	296325.09375	313485.75	354625.375	202461.75	338879.78125	327738.65625	336783.25	398856.34375	326799.625	319100.4375	199029.578125	142509.765625	303821.8125	449034.84375	494590.46875	500279	431869.59375	361542.53125	419782.34375	395053.9375	482356.96875	431810.75	435973.09375
P02930	6142435	6966477.5	7245804	6278751.5	7129931.5	7550970	6608745	7014451.5	7023549	7113788	7089027.5	6485387	6690089	7122865.5	6510928.5	6882910	6572582	6346522.5	6049349.5	6449947	6552975	6257646.5	6043223	6312963.5
P02931	25331102	64499952	63625396	25325122	64468088	69963048	62088504	69581808	60363776	67460152	66509320	65331320	74119920	65614448	25188256	23929516	24129842	24159856	24350484	23601748	24923108	23789648	23418610	24175930
P02942	98523.234375	296621.15625	334175	98566.1640625	111449.5625	378562.1875	393787.21875	569711.625	373862.375	469055.96875	404375.5625	158898.421875	146057.234375	535182.625	45073.48046875	59153.51171875	48773.22265625	45899	108779.359375	50682.8203125	41245.984375	32369.97265625	60813.7890625	22612.33984375
P02943	1769737.25	1651940.375	1901041.875	1751911.5	1343134.875	2520763.75	1871895.625	1657355.375	2401019.75	2336441.75	2230428	1514094	1336589.875	1725997	1370391.75	1342271.75	1259596	943060.6875	1392271.375	1883036.125	1626603.625	1770117.875	1587453.375	1432906
P03004	805368.1875	708258.5	725809.375	837690.5	787736.5625	613896.1875	756981.875	692965.4375	681060.8125	664549.9375	711766.875	762732.6875	742801.3125	676622.8125	780178.625	833665.125	801867.5625	842693.1875	822222.625	839840.6875	779485.375	815779.6875	835010.625	808219.125
P03007	18402.365234375	20943.11328125	18909.728515625	27707.361328125	20466.966796875	13445.251953125	16084.4404296875	20887.56640625	21505.548828125	15024.58984375	14543.1005859375	15211.33984375	20721.736328125	14709.1474609375	25112.744140625	25820.4453125	21325.125	26423.53515625	22870.66015625	21699.703125	22995.212890625	25951.875	25787.16015625	17156.994140625
P03018	669460.1875	697955.125	706084.875	705460.9375	776288.3125	555884.625	704084.4375	640909.9375	631112.375	587732.375	567451.5	728701.1875	689711.375	573793.0625	624598.5625	668088.6875	620067.4375	710833.5	663063.625	648109.25	692270.9375	682733.75	684612.1875	622644.625
P03023	142750.703125	145125.625	146707.453125	144175.484375	142200.71875	144516.359375	151984.40625	135215.8125	161680.953125	155132.875	141477.5	147241.703125	139297.09375	161304.6875	137652.6875	157269.65625	137232.296875	141126.328125	124707.140625	129894.4453125	163453.953125	146417.40625	135037.640625	146792.546875
P03024	108363.1875	103393.6796875	100546.4296875	115400.65625	111794.6484375	102835.6796875	100830.2421875	91046.375	86523.546875	98567.640625	101528.3671875	84689.953125	106134.484375	103642.0234375	103529.40625	113691.4375	91716.53125	114024.375	120536.1328125	116571.8671875	82589.953125	105637.3984375	97384.65625	99880.6796875
P03813	192779.078125	232603.5625	229309.65625	175727.59375	210480.25	220247.859375	238559.90625	221451.0625	199447.5	253755.046875	242130.1875	217208.390625	238780.09375	258289.59375	183821.859375	198184.4375	188143.328125	180951.75	190746.453125	192095.515625	188201.890625	185009.59375	186898.96875	179594.625
P03817	581626.9375	646171.375	711362.5	583965.375	673483.9375	648494.9375	722319.4375	661976.75	766326.1875	792353.75	641667.5	658766.9375	718955.1875	648681.875	521309.9375	320224.75	551848.1875	505247.03125	544659.375	468553.9375	505256.78125	502009.125	505830.78125	568926.375
P03819	44723.15625	42212.46484375	49974.66796875	39273.9921875	41941.4140625	41708.13671875	44646.08203125	41283.9140625	44681.0625	49848.96875	37629.90234375	34644.578125	48571.15234375	43076.1796875	44511.7265625	31961.490234375	43862.7265625	40581.21875	44464.8203125	35387.02734375	41619.8125	33920.86328125	36129.78515625	37833.140625
P03841	526658.9375	456517.4375	555611	521000	405942.5	801389.375	499762.09375	443531.375	708489.5	667619.1875	667943.125	348899.46875	325277.78125	498618.78125	428924.03125	471533.84375	432862.8125	279982.5625	467067.15625	573155.9375	497713.625	488462.125	480639.09375	435306.9375
P04036	8004379	3590986	3447495.25	8886334	4068044.5	3298767.25	2977245.75	3396341.5	2817454.5	3311745	3383769	3790216.25	4001616.75	3698991.5	7944072.5	8296800.5	7559075	8396851	8148984	8479850	8174693.5	8192978.5	8384803	7787180
P04079	16058031	10081231	10321578	16650335	10510227	8685438	10818364	9254948	9378700	8745955	8468079	11286461	10939636	8672339	16328614	16356589	16551996	17109970	17100456	16383908	16519875	16774273	16462576	16787288
P04128	12276466	19499990	27420766	12130766	19808528	25753546	13945661	24530622	12359535	20119274	20839618	12180139	9086148	21969044	15828802	12423517	13018740	12445240	14837577	15755895	16695935	10391070	14337576	16308568
P04335	4266382	4185589.5	3957532.25	4101531.75	4313549	3886903	4224095.5	4048973.25	4084286	3965182.5	3963124.25	4122703	4475553.5	3849290.75	3893167.25	3875538.75	3814222	3925113.5	3851030	3916117.75	4092102.75	3994366.75	4022197.5	3973706.25
P04391	2835711.25	2698436	2737343.75	3474263.75	2935839.25	2181955.25	2646561.25	2167149.5	2114635	2068914.75	2066718.875	3354277.5	2797825.25	2137025.5	3133178.75	3041157	3027960.5	3008345.5	3200245.5	3239382.25	3039155.25	3045811	2993195.5	3191307.75
P04395	74573.5703125	88783.671875	96234.65625	82297.3671875	83325.9140625	62710.5625	73512.890625	70310.671875	78742.9375	74210.15625	69672.640625	74086.546875	78071.015625	75531.6640625	77931.328125	97770.7109375	78983.2578125	80465.796875	77507.8671875	84613.9921875	82344.7109375	83115.984375	78409.8125	72721.53125
P04425	2112597	2112858	1971499.875	2193565.25	2197442.75	1770378.75	2056172.5	1896164.5	1871624.875	1915183.25	1912090.75	2064125.625	1885930.125	1947357.5	2055662.375	2342319.25	2003471.5	2283034.5	2105020.5	2155322.75	2185771.5	2130691.25	2041115.75	2101516.5
P04693	3799216	3687046	3916870	3810465.75	3605553	3575272	3895397.5	3628705	3920082.25	3577856.75	3644876.25	3603364.75	3297650.25	3326851	3822405.5	4198682.5	3792043.5	4131415	3904863.25	3825987.5	4037875.75	3886379.75	3863534	4087023.75
P04805	5568860	5831014	5931039	5734516	6213022	5996198	6044988	6379187	5932518	5912181	5801253	6542016	6630762.5	6002008	5552073.5	5332308	5713003	5574907	5669773.5	5542911	5425998.5	5364984	5441753.5	5630325.5
P04816	11617622	11315328	12131419	11158577	10957918	12580142	11456531	11576318	11397322	11615271	11595221	10833732	9465237	10658905	11780592	12832050	11041193	12635968	11473012	11854454	11300827	11397903	10777995	10731784
P04825	7062385.5	7912673.5	7997944.5	7022967.5	7966385	6858446.5	8004551	7525632.5	8370330	7728420.5	7438210	8013919.5	7701500	7014890	6998004	6486040.5	6791371.5	7677080.5	7479809	6676671	6825743.5	7210367	7359858.5	7198682
P04846	4037711	3346552	3225407.5	4477545	3148280	3493164.75	3122414	3483247.5	2996842	3327259.25	3281563.25	3179514	3239754.75	3531099.75	4136793.5	3917476	3888226.5	3676090	3974660.25	3722691.75	3862111	3686855.25	3909166.5	3743684.5
P04949	277420.59375	5035324.5	8119824.5	323474.5	3524809	11478845	17013968	24670622	12794918	20082500	18421748	3135169.5	2504877.5	19077890	344626.3125	492343.71875	298972.5	454505.625	295055.40625	355668.8125	204036	240299.828125	258922.640625	243440.203125
P04951	1310407.375	1191460.75	979948.125	1375063.5	1263495.5	948610.3125	1150777.375	1154188.875	1084338.75	1031333.5625	875542.6875	1162566.5	1131147.625	959013.6875	1341299.5	1438859.375	1299435.75	1481752.625	1352281.75	1391689.25	1422045.625	1399074	1305493.5	1307846.125
P04968	2201724	3913986	3752799	2532260.5	4995496	2578574.5	3976796.5	4324582	2946484.25	3118395.25	3140304.5	4705833	6032896	3714168	2109273.75	1893680.375	1920338.5	1960810.25	2029628.375	1948391.375	2203897.75	1955300.25	2073182.625	1865901.25
P04982	74860.2578125	279943	337681.28125	60567.17578125	324129.53125	369221.0625	297631.125	373226.375	360796	325064.1875	324204.4375	277029.21875	306770.03125	312666.0625	51165.953125	73740.1640625	58601.47265625	62287.1328125	54400.375	67330.109375	63424.390625	50068.84765625	54041.64453125	57739.92578125
P04983	226903.40625	699588.1875	689163.0625	223330.90625	710369.5625	581006.5625	670037.375	628545.5	756029.3125	633501.8125	614387.6875	642765.25	641322.5625	621816.0625	175770.6875	213667.703125	151301.125	216140.984375	204964.234375	153788.140625	144721.578125	172291.234375	175158.28125	220160.171875
P04993	51524.96484375	37739.22265625	37312.37890625	56302.29296875	57748.9609375	51159.78515625	49710.6875	48825.078125	52508.609375	53741.91015625	47872.10546875	44084.59375	55351.77734375	47254.40625	43549.12890625	47840.28515625	50095.7890625	55719.05078125	54285.35546875	49619	50507.7734375	50510.88671875	50041.33203125	41723.09765625
P04994	238533.078125	216036.703125	224663.8125	234417.578125	197951.21875	206392.484375	204460.6875	215854.953125	196073.765625	212779.15625	203935.3125	210352.5625	227183.125	213398.65625	237407.78125	227222.265625	249407.0625	250492	227899.234375	251719.09375	241489.9375	241244.28125	226697.140625	225643.296875
P04995	296318.59375	383011.46875	385168.25	329766.25	357514.34375	345252.53125	351955.6875	355798.1875	350984.65625	360624.9375	363314.0625	347350.125	393872.53125	359724.75	314431.21875	304652.78125	290675.40625	295002.4375	302286.4375	295797.40625	297575.6875	294934.21875	293042.375	285557.75
P05020	8985737	11299190	11368690	9365819	11196045	12868040	11032275	11226480	11616717	11794536	11579119	11392675	11168474	11416323	9125591	9560987	9633691	9463019	9458894	9151905	9207440	9143552	9292842	9256613
P05041	401161.125	292208.6875	246348.171875	363828.78125	261671.375	226343.625	292244.5	271622.4375	272229	266314.75	246560.875	288754.65625	282331.96875	297173.78125	361521.53125	382341.875	355888.75	405354.5	381804.5625	349351.65625	334402.9375	405178.25	380758.90625	377321.71875
P05042	578385.25	1766959.75	1700628.375	603974.375	1772401.625	1701332.375	1648842.375	1526562.5	1652050.125	1582911.125	1538750.625	1771771	1741252.5	1452382.375	644245.625	588779	599114.25	688875.625	657124.5625	576631.375	609478.875	571161.0625	624511.5	649412.375
P05052	10471.2705078125	265.1379089355469	10175.0107421875	4359.41845703125	6862.53271484375	11663.890625	14548.720703125	10518.0283203125	11208.458984375	9797.9140625	7749.109375	NA	7895.94970703125	7482.29248046875	12138.5	13655.3505859375	11690.064453125	11706.7705078125	8015.142578125	13322.6044921875	12079.5966796875	9882.474609375	10542.8125	8788.705078125
P05055	22688676	21034184	20855250	21829330	22209154	20938568	22098844	21195014	21372230	21200266	20801928	22894968	21769898	21414950	22532864	21985226	22500988	23044814	23368276	21745160	21933950	21614842	21991478	22175554
P05194	711441	796042.5625	759404.125	715037.375	792986.75	793508.75	771661.25	805592.375	736126.6875	806541.375	796578.125	697338.0625	849904	806578.4375	766105.9375	772893.25	721756.5625	727184.9375	717680.5625	740524.3125	723186.1875	739327.5	747899.125	738758.3125
P05458	1228018.125	1218874	1195938	1216756.875	1113491.875	1404718.375	1161014.25	1217075.875	1256795	1308171.75	1296653.125	1067952.125	1200687.125	1347451.5	1272061.5	1304092.25	1315873.125	1243469.75	1204075.5	1229558	1304013.375	1213522.75	1194994.875	1273129.625
P05459	2168005.75	2077014.125	2016087.375	2069249.375	2040580.375	1852453	2117269	2010447.625	2015436.875	2007103.25	2022012.375	2025181.375	2050701.625	1942084.375	2064179.625	2184359.75	2037020	2109828	2047729.5	2136871	2284334	2166121.25	2150225.25	2207322.5
P05523	27950.537109375	25961.666015625	35098.0546875	33349.078125	26976.1015625	34141.25	31110.0234375	27993.54296875	27250.123046875	30701.853515625	37575.87890625	29398.20703125	23316.060546875	26831.55078125	33626.83984375	19292.494140625	28868.466796875	27268.017578125	25158.828125	27493.626953125	32568.021484375	26233.68359375	16637.994140625	26551.974609375
P05637	283906.3125	225468.921875	246055.78125	277243.6875	209437.34375	250008.671875	241134.84375	209198.4375	265004.625	255363.71875	264838.8125	207364.65625	215728.78125	246393.875	274200.46875	290564	290132.1875	271689.8125	265109.3125	287873.21875	315768.625	277514.78125	262397.625	298139
P05704	NA	58053.77734375	65590.7734375	NA	32243.8828125	84181.2734375	98444.390625	137514.453125	92583.3671875	94101.171875	92248.515625	36090.125	19880.8984375	106292.6484375	NA	NA	NA	NA	NA	NA	NA	NA	NA	NA
P05706	73652.0234375	33702.5	26939.248046875	83000.4921875	23538.44921875	24446.1328125	18827.314453125	24615.927734375	26509.138671875	43874.140625	22708.513671875	14727.955078125	12001.7236328125	17210.552734375	51118.51953125	54302.4296875	46109.9453125	44200.265625	54080.37890625	69637.1875	66763.1015625	61838.4921875	57421.328125	57153.640625
P05719	255736.6875	169451.25	178386.3125	274553.71875	168709.828125	130773.6953125	153484.125	161005.796875	172469.78125	159699.359375	168215.875	156003	150365.578125	137098.828125	272699.65625	241570.515625	249085.8125	267186.21875	257641.421875	275811.34375	274853.0625	271150.09375	246280	262100.03125
P05791	6543673.5	10871080	10303426	7227085	11418521	9327513	10156657	11830009	8578727	9726266	10099738	11011571	14390525	11585189	6010571.5	5594890	5827165.5	5601444	6257462	5675583	5713418	5738837.5	6098182	5543261.5
P05793	94325616	41264036	42879968	87272752	41440076	41227492	42102520	37840676	45915544	42868760	43136928	41446084	37522512	41341572	91597952	110409472	92640952	99263576	96188648	106850960	98506424	106068312	97133184	100375536
P05804	NA	87064.2578125	33771.90234375	80819.8359375	54897.32421875	47348.86328125	39256.82421875	36657.41796875	71251.4375	104376.7109375	88573.4140625	52982.53125	72104.125	75729.484375	28533.873046875	NA	NA	NA	114752.6171875	38971.99609375	NA	NA	13284.591796875	NA
P05825	5212474	4041623	4283213	4176406	2334025.5	5335457.5	4502719	5533776	4984976.5	5638574	5166187	2494329	2398393.5	5588181.5	3946779.25	6895653	5919508.5	4714423	3511135.5	5406596.5	4305038.5	6649816	4272079.5	5241790.5
P05827	12253.341796875	14122.9755859375	13152.5234375	10402.1171875	15207.767578125	15624.1396484375	10729.1865234375	15105.7724609375	22208.23046875	13227.3056640625	21177.31640625	12992.154296875	18308.181640625	16059.6298828125	7630.7783203125	8342.9091796875	9098.0703125	9587.013671875	8595.572265625	7299.86279296875	3699.2841796875	8983.3134765625	15470.435546875	8510.2060546875
P05852	481678.8125	395108.78125	376392.15625	471511.03125	429336.84375	380208.28125	373280.375	414242.4375	400126.28125	425816.375	396044	365956.40625	377415.96875	389501.28125	488732.9375	516191.75	496899.8125	506404.125	468482.84375	443885.59375	459835.84375	446465.59375	489326.78125	469758.78125
P06129	1692123.75	1698937.625	1660753.125	1690729.375	1729450.125	1588490.5	1717495.75	1737237.75	1600691.5	1611273	1603437.375	1632535.25	1572940.125	1665910	1699568.875	1739088.75	1704053.5	1833659.625	1652216.625	1646396.125	1729338.875	1712741	1676327.875	1692506.25
P06136	73162.484375	75150.6875	53985.32421875	64096.8515625	61861.29296875	66701.8515625	88324.2734375	51822	66724.75	77195.2734375	66025	109222.71875	54831.26171875	63252.3046875	54277.234375	93162.1484375	78691.7109375	74250.390625	83882.734375	61589.046875	84317.71875	66750.53125	75582.046875	57363.2734375
P06149	2372903	3745436.5	3780851	2317547	4033838.75	2924655	4316168	3737571	4104150.25	3612372.5	3318464	4292399.5	3970050.5	3235202.25	2387398.5	2292443.25	2269308.5	2606971	2303119	2216166.5	2294784.75	2373166	2337982	2378773
P06282	70416.640625	27501.798828125	30477.794921875	67052.796875	31813.734375	20623.388671875	30593.892578125	27807.525390625	28552.333984375	23932.46484375	26270.14453125	24871.478515625	24077.09765625	26346.068359375	61169.0234375	75779.6640625	59595.7578125	65054.4921875	57588.93359375	70744.1484375	58732.4453125	68893.8984375	64916.5078125	59926.96875
P06610	2425566.25	2377301.25	2522327.75	2055252.125	2100359.5	3213099.25	2303380.75	2439972.75	2690940.75	3152744.5	3040771.5	1991546.5	2014656.875	2732090	2431271	2176044	2781519.5	2145045.25	2385784	2222799.25	2520484.5	2246662	2269216.5	2469122.75
P06611	53261.078125	43313.64453125	37964.79296875	37933.796875	35990.83203125	42428.62109375	34096.921875	37901.37890625	43296.578125	42810.25	46791.98828125	42813.15234375	32908.48046875	43218.62109375	45408.515625	45551.2578125	35967.375	41656.37890625	42746.74609375	43611.72265625	44140.62109375	44485.6640625	44453.48828125	44276.1015625
P06612	3063009.25	2858152.5	2762273.75	3027799.25	2745845.5	2829562.75	2831422.25	2845429.75	2857795	2929348	2871630.25	2840970.75	2757624.25	2897482.5	3028951.5	2856171.5	3143415.25	3072861	3192840.75	2877929.25	2986428.25	3038724	3082736.75	3111841.25
P06616	662460.0625	570451.1875	574710.25	669748.1875	552185.8125	525508	597202.6875	517053.34375	558774.4375	509246.53125	540134.6875	526202.8125	638112.9375	552665.5625	671907.6875	666414.6875	657315.9375	746674.0625	689432.25	671589.75	716240.4375	701738.375	649521.875	662440.625
P06709	120691.0234375	114320.6328125	104628.9140625	113686.09375	115990.8046875	79657.9140625	124069.8203125	100215.15625	124867.640625	114537.21875	108553.6171875	113092.671875	121769.71875	107617.9140625	102558.5078125	128699.5390625	118960.7734375	103468.5859375	121015.3984375	109266.1640625	131737.765625	136432.40625	95581.359375	109521.375
P06710	511715.59375	484526.46875	480751.09375	496680.6875	524251.84375	384472.96875	465595.5625	455110.53125	410991.53125	389835.03125	418860.40625	490452.90625	508599.84375	406644.75	462826.0625	495077.5625	462829.84375	501040.59375	494118.25	505688.6875	470288.5	492301.375	457544.96875	482902.09375
P06715	2008066.875	1858887.875	1866014.25	2073944.25	2061728.875	1638013.5	1998929.125	1834383.5	1942535	1774784.125	1706916	1983900.125	1988428.75	1857847.125	2124548.25	2066335.125	1961225	2052635.75	2088782.875	2025793.375	1987516.5	2078471.125	2101655.25	1957474
P06720	156476.953125	496779.15625	401301.65625	107257.9765625	564043.5625	385836.65625	488506.40625	413725.4375	482190.1875	454322.34375	444215.53125	436642.21875	465706.65625	380253.65625	117230.71875	57801.45703125	74383.671875	139970.015625	63037.75390625	87128.453125	72865.796875	86597.03125	89116.890625	94156.4140625
P06721	1579466.375	1324492.5	1285040.25	1505291.25	1422737.875	1052780.375	1306062.25	1204633.375	1201434	1118675.75	1112099.375	1339409.75	1191235.375	1174319.125	1566024.25	1609363.125	1555356.75	1567948.5	1545754.375	1617739.125	1619041.125	1658518.125	1564918.75	1610600.125
P06846	92163.9453125	113206.625	129064.15625	86260.6796875	98654.9765625	123495.7734375	107899.7265625	104744.8828125	111558.53125	108654.8359375	113043.6328125	120774.09375	118836.75	122906.5	106151.140625	107052.9765625	97780.0390625	98881.25	94883.7734375	89506.2734375	94175.9921875	88663.4296875	99609.7578125	95567.4453125
P06959	32699980	69965168	71474736	36873796	68409880	69002992	75030208	71507896	73953112	70909712	69645944	75145224	66398136	71329696	34108280	34741980	35056180	33707512	35241828	32502662	32403306	33423730	33463034	33239516
P06960	5901041.5	4921617.5	4924404	6631060	5742941	4436188.5	4948500.5	4007246.25	3911463.75	3939268.5	4000356	6047303.5	5200802	4029448	6213640	6470565.5	6094112.5	6049217.5	6420423.5	5635328.5	5914872.5	5679544.5	5946028.5	5991733.5
P06961	419975.6875	433106.15625	418615.8125	429368.21875	429431.9375	385525.125	453614.4375	414204.65625	477822	451545.59375	433991.90625	425694.875	434418.4375	427175.625	443492.84375	396698.75	438833.34375	422811.59375	417319.3125	433155.8125	417791.65625	426184.75	435189.84375	419956.34375
P06966	151268.1875	244241.4375	235327.046875	171366.4375	219933.125	260152.703125	204928.84375	233841.625	215899.046875	236317.125	246009.15625	212017.15625	220959.65625	224086.6875	171892.90625	178188.8125	169770.375	151554.34375	144775.046875	169338.765625	156539.421875	146081.328125	156259.6875	162191.5625
P06968	1354046.375	2010293.25	1919885.625	1518880.625	1497953.75	2200709.75	1727493.75	1802799.625	1945297.875	2077607.75	2207349.75	1555863.875	1524287.625	1922508.875	1552454.375	1618823.125	1608451.75	1437849.125	1429704.75	1439080.5	1321504.875	1311323.75	1499870.75	1425593.375
P06971	3386476	3557545	3564343	3243201.5	2903838	3950552.5	3456649.75	3478421.75	4034007.25	3962500.75	4061407.5	2772103.25	2559381.25	3764754	3430355.75	3304815.75	3542030	3504562	3256895.25	3459677.75	3294573.25	3182066	3411317.75	3421228.5
P06974	58747.890625	14287.90625	116343.5859375	123833.296875	253818.21875	106676.5859375	129310.9921875	44992.2578125	130958.1171875	106517.171875	69860.9140625	111279.3515625	84922.9453125	358613.59375	52836.640625	170390.734375	35941.609375	36771.0390625	NA	55386.69140625	64593.09765625	98927.4453125	51489.55078125	205260.3125
P06983	893096.1875	1063760.5	1087111.75	855945.25	1082544.5	1204244.5	1045075.6875	1153271	1147596.125	1191117.75	1205085.375	1020646.875	1151935.625	1047508.9375	885303.5625	850511	872094.3125	830892.375	817377.3125	812989.4375	861499.3125	841699.8125	848053.875	838948.625
P06986	5859558	1973722.875	1963243.375	5364436.5	2537260.25	2070609	2096399.25	1970402.125	2074682	2135852.75	1897500.75	2632490.75	2185748.5	1940079.625	6039296	6183924.5	5198169.5	8352599	5990350.5	5234998.5	5765249	6083553.5	6044671.5	5974651
P06987	6439373.5	2671971.5	2517908.75	5999946.5	2966253.75	2236051	2605383.5	2510809.25	2589107.25	2470566	2371934.5	3071987.5	2683221.75	2510252.75	6501041	7523748.5	5992069	9153812	6633898	6198980.5	6320026.5	6683737	6531347.5	6434319
P06988	6219518	2489541	2578958.25	5632045.5	2741635.5	2502699.5	2323918.75	2462620	2394007	2462167.25	2406950.5	2656011.25	2486675	2503050.5	6284490	7129804	5821237.5	8452661	6292459.5	5829271.5	5770845	6284226	5999244	5933199
P06989	2361263.5	904566.3125	933010.8125	2026611.75	997780.25	842604.3125	792529.1875	802151	874649.125	823474.25	920962.5	845161.5	925558.8125	1028839.5625	2244041.5	2365878.25	2195302.5	2877954.5	2159762	1719650.375	1993428.375	2159318.75	2085519.75	2183799.75
P06992	741340.125	587230.8125	639541	687042.375	614715.875	564381.8125	637956.75	601468	613350.5	581373.8125	548480.125	546299.625	518872.96875	644999.25	709667.875	663783.375	689829.4375	700395.25	706920.5	690701.125	747188.75	714976.4375	674039	744255.75
P06993	820498.875	561227.75	599275.75	895029.875	595598.3125	555435.5625	623656.375	520357.53125	712137.5625	626053.5	536004.3125	622326.375	477270.15625	528408.6875	743927.625	888531.9375	675606.875	765938.375	778457.875	882087.875	787097.5625	915530.4375	831117	812680.3125
P06996	209517280	285746560	296498432	229752432	265778672	303612864	285038560	286589056	295579584	303596928	305055808	262872080	259371536	298330528	221641760	211801856	218110272	207946256	215232832	210200800	211807136	213214080	219264560	210007072
P06999	2781652.75	3035932.5	3082111	2762888.25	2872301	3212452	2867169.75	2751782.75	3122897.5	3106190.75	3053103.5	2734471.5	2748665	2897547.5	2824107.75	3029822.75	2910778.75	2888795.75	2777882	3047872.75	2953031	2928568	2909524	2923082.75
P07000	60026.546875	46580.33203125	50330.640625	52982.0703125	66486.9296875	40674.23828125	66182.015625	48660.484375	57605.2578125	38620.74609375	44001.47265625	66414.875	62261.05078125	44501.66796875	59831.30859375	55333.80859375	50372.7890625	66928.390625	61668.94921875	54944.484375	58043.11328125	57614.26171875	55505.94921875	60682.8046875
P07001	12248687	5497183	5342321.5	11237659	5838102.5	4004589	6220788.5	5375587	5585697.5	4849839.5	4907188.5	6332099	5599878.5	4904579.5	11828367	12381837	10990252	13599275	11904241	12891503	12449047	13524264	12535875	12745924
P07003	3662948.5	4034476.25	3832048.5	3276108.5	3750361.5	4126998.75	4156439.25	3683774.5	4344804.5	4245943	4057967.25	3727746.75	3370716	3850484	3642005.25	3656884.75	3813058.5	3545524	3863941	3643672.25	3719529	3742260	3571071.75	3771463.25
P07004	2789457.5	3341867.75	3122552.75	3037908.25	3325076.25	3055319.25	3025888.5	3267490.75	2946180.25	3075519.75	3123944.75	3148500.5	3600215.5	3296419.25	2892324.5	2902882.5	2749405.5	2847293.75	2741201	2888597.5	2926238.75	2970733	2929171.5	2935055
P07012	3870634	4192307.75	4213334	4197198.5	4166342	3912206.25	3803417.5	4102081.75	3695706	3978697.75	4052843.25	3861365.5	3856670.25	3997150	4134914.75	4284520	4057061	4038125.25	3999104.25	4114495.25	4297800	4107613	3962968.5	3950956.5
P07013	35476.59765625	38380.734375	39588.390625	42104.73046875	38755.265625	42630.1484375	32484.15625	39895.94921875	43532.7578125	53146.9296875	39800.43359375	33629.2890625	35115.28125	44400.890625	44278.109375	50793.88671875	49260.47265625	37493.46875	41312.8359375	45947.21484375	41333.16796875	37663.7265625	41138.47265625	36600.453125
P07014	2779065.25	18528310	19073092	2547550	19624920	16103195	17139820	15845737	15486459	16256258	15362465	20637230	17873524	14018895	3032025.75	3055198.5	2753282.5	3802657.5	3023040.75	3089663.5	2870869.75	2884794.75	2629467.5	2994535.75
P07017	543053.125	493334.625	606711.25	525055.875	309591.8125	754455.875	735232.0625	930458	727385.125	824941.3125	753381.75	299949.03125	328820	763056.9375	538888.4375	110979.109375	600988.375	116223.8515625	321074.3125	220068.8125	545342.5	552936.6875	525078.5	558244.375
P07018	NA	9374.7841796875	7837.3525390625	NA	2987.812255859375	10317.875	14024.4248046875	16682.658203125	13243.9443359375	14131.3095703125	11964.3818359375	3268.724365234375	3149.798828125	17832.412109375	NA	NA	NA	NA	NA	NA	NA	NA	NA	NA
P07021	287458.5	204604.671875	208263.21875	271987.78125	160006.625	217007.625	177990.453125	178804.109375	213550.5625	210211.640625	207552.984375	198659.671875	169869.125	217225.890625	245394.265625	245340.21875	245804.5625	218348.59375	258501.515625	212656.40625	273469.1875	198764.484375	229850	222958.828125
P07023	1966455.625	2919207	2912551.75	2366729	3150883.25	2899941.75	3115273	2777602.75	3241373	3050505	3096351	3057385.25	2573869	2915245.5	2179195.5	1821730.375	1799874.875	1926455.125	2119331.25	1908207.625	2175042.75	1896781.75	1978776.625	1913177.625
P07024	2034719.875	3096529.75	2948910	2090342.125	2808408.75	3211077.75	2909002	2986137	3104901	3137636	3064961.75	2895199.25	2732041.25	3153247.75	2014542.875	2133935.25	2115470.25	2111247.25	2149105.25	2076530.25	2091875.875	2056409.25	2041643.25	2055351.625
P07102	131974.796875	115432.1640625	121502.78125	141617.078125	104710.546875	105998.5390625	104721.6171875	117311.828125	119928.3203125	117469.25	123835.2265625	105644.6328125	124802.140625	142823.1875	95028.7890625	104955.84375	100278.7734375	87026.5234375	100411.7109375	124621.9375	133950.421875	105065.6796875	146663.109375	115551.59375
P07109	595187	607109.3125	476778.40625	587876.5625	644391.875	433319.84375	648189.375	592317.5	582778.4375	587060.1875	510406.28125	682048	580791.375	456098.96875	616885.4375	724229.3125	601017.25	634916.4375	604657.375	648260.375	558829.5	664861.0625	659346.0625	613374.375
P07117	57628.703125	65356.484375	75080.8359375	44451.859375	53856.69140625	90326.0546875	72382.2890625	76182.1640625	90328.4296875	84220.171875	77848.1328125	63669.375	50281.671875	67694.3359375	46518.546875	51956.24609375	54305.35546875	41496.953125	53370.69921875	47677.30859375	48395.84375	46492.6171875	44085.62890625	49616.16015625
P07118	11772680	9356629	9103797	11471267	9102604	8941519	9212492	8852510	9003009	8892462	9073185	10172578	9481074	8741696	11164596	11032349	11188148	12090616	11787846	11248469	11359239	11808658	11806743	11672157
P07363	86709.9765625	160278.765625	155836.421875	340657.71875	60809.59375	212320.9375	179196	178277.921875	97555.734375	281281.71875	251755.96875	82103.7734375	74479.359375	167276.140625	109271.796875	107614.4609375	141379.59375	80534.328125	96228.8828125	92308.765625	72842.4921875	92538.2265625	59850.8125	174736.09375
P07395	16841746	13306636	12745129	16667925	13146665	12387699	12964016	13338414	12829849	12470148	12850481	13524947	14118787	13523315	16070786	16306137	16552082	16509386	16785264	15956259	16799790	16991224	16713308	17184000
P07604	1056593.75	961690.75	934652	1065710.375	1045065.875	903377	1052677.25	1031118.5	1046608.375	945701.5625	1015328.875	1001820.8125	1032323.875	977672.5	1058306.875	1046779.4375	991349.5625	1010426.6875	1037456	1015677.5625	1010806.0625	1041553.6875	1042478.875	1013728.875
P07623	2971898	2047203	1865864	3025459	2252524	1591316	1835317.625	2027594.25	1701333	1779221.375	1795344.875	2016366.25	2065706.25	1983741.125	3081019	3229091	3288853.25	3201082.5	3109044	3301470.25	3362741.5	3270478	3217795.75	3447893.5
P07639	1302826.5	1352032.25	1289460.5	1296816.25	1348433.125	1206615.5	1282637	1241356.125	1313842.625	1400948.75	1322593	1311716.25	1312502.625	1318118.625	1261872.5	1406272.75	1235657.5	1325320	1214522.875	1322742.375	1277830.875	1331234	1303245.75	1276867.875
P07648	225774.921875	234870.65625	203220.21875	203757.28125	218482.046875	231536.40625	234905.25	212855.84375	227338.125	207782.03125	204059.96875	257645.53125	246161.71875	186250.46875	230753.0625	211570.875	209112.140625	273209.8125	259969.515625	189961.171875	240720.484375	252160.40625	229567.15625	234846.28125
P07649	144654.453125	90002.9921875	82985.8828125	147865.296875	93553.0390625	73813.5390625	93222.1640625	80702.015625	98768.2265625	77879.59375	71457.546875	72988.78125	85463.2421875	72967.8046875	130849.5546875	129310.5	126939.2578125	124597.4140625	129947.359375	118561.8671875	118244.265625	127773.421875	134477.5	116118.75
P07650	1274199	1436866.875	1503497.25	1344919.375	1330060.5	1485430.75	1460853.5	1393192.25	1459376.125	1516326.875	1473634.125	1397555.125	1308457.375	1496719.875	1331918.75	1433169.25	1349538.625	1287892.375	1328124.875	1322234	1318138.375	1381052.375	1335980.375	1253085.625
P07658	11196.35546875	13539.509765625	10266.1650390625	10901.7822265625	10634.7958984375	7960.982421875	13879.4384765625	9819.7509765625	8109.40234375	10256.794921875	9385.859375	8779.4677734375	9824.341796875	13429.6904296875	6212.79443359375	8453.6533203125	11654.2099609375	8510.6982421875	8277.2412109375	7263.34326171875	11011.005859375	10718.4990234375	10320.3310546875	9880.859375
P07762	2428719.5	2966739.25	2827660.5	2679690.75	3562812	2221443.25	3005660.5	2811727.25	2670252.75	2526966.25	2587423.25	3547360.25	3375356.25	2667866.75	2364159.25	2271850	2172699	2628663.25	2630034	2474858	2433075.25	2609749.25	2627104.5	2390488.75
P07813	11183863	9696805	9472650	11535295	9848587	8860231	9757249	9403992	9304001	8805858	8917228	10545434	10120108	9063606	11186613	11044353	11102359	12112070	12099928	11466745	11445650	11991267	11633394	11976786
P07821	199497.6875	151566.953125	169663.875	166197.078125	124965.703125	149351.203125	152017.578125	149905.25	173990.40625	168882.984375	148691.28125	96694.3671875	82823.625	153679.546875	192237.484375	223814.484375	213212.515625	240692.609375	164604.203125	201608.171875	202784.796875	199437.9375	179637.375	211062.390625
P07822	21063.3984375	7674.3798828125	26918.052734375	16408.712890625	19371.521484375	NA	21345.69921875	23459.375	23983.431640625	19532.794921875	17785.646484375	19428.169921875	14024.2490234375	17566.646484375	10175.2109375	13095.740234375	10502.396484375	10536.6787109375	22972.314453125	11745.0341796875	23235.994140625	22482.0390625	21089.748046875	10495.9248046875
P07862	699003.5	612423.75	609678	691240.875	589844.1875	625120.875	612707.3125	591282.5625	596493.375	612653.4375	618671.5625	537980.5625	582741.75	577991.75	664339.25	676506	675496.9375	695759.9375	717530.3125	698306.5625	668863.0625	676642.5625	691572.3125	683984.625
P07913	283805.75	673333.25	622040.375	341671.8125	706758.375	518128.34375	720939.625	656419	638671.6875	570025.25	657875.6875	790800	864113.125	674240.75	306160.15625	308188.21875	274912.59375	309359.4375	298814.09375	319738.5	281923.3125	275329.96875	298896.46875	309946.28125
P08142	4160746.25	4957829.5	4671496	4128187	5293183	4749961	4556514.5	4832116	4653156.5	4992091.5	4809541.5	5247872	4591259	4903069	4446716	4351713.5	4573312	4789573	4571123.5	4516483	4495815	4499933.5	4554133.5	4647191.5
P08178	5523543	4478083.5	4620017.5	5378094.5	4849109	4718063	5271642	4345888.5	5228667.5	4645730.5	4405664.5	4944481	4533214.5	4566199.5	5584751	5623285	5371847.5	5509241.5	5702717.5	5416099	5440985.5	5399485	5524243	5205199.5
P08179	842030.3125	878883.125	917671.875	878181.5	773196.8125	946143.75	868448.5	820106.0625	953492.0625	896514.0625	899279.6875	748201.8125	684264.5	829857.75	911104.9375	860265.375	887148.5	932375.8125	896252.875	895667.5	896458.375	949591.75	935568	862001.875
P08189	4233.4248046875	4295.91455078125	12174.4482421875	2232.27001953125	10614.5791015625	19249.505859375	NA	4448.38916015625	8292.748046875	6277.64599609375	9478.1044921875	7192.25390625	3590.690185546875	13273.4189453125	1636.818359375	NA	NA	2598.61669921875	2593.31982421875	5441.73046875	NA	NA	4542.021484375	7721.8720703125
P08190	47421.109375	66419.2265625	98081.984375	32955.421875	70868.0625	96004.21875	52956.6875	100512.109375	48268.25390625	84002.1875	74929.8515625	43892.50390625	26182.55859375	77435.5234375	48793.47265625	32560.173828125	40085.05859375	39553.4453125	50251.9375	49634.86328125	54257.5546875	28951.07421875	53400.6875	55617.2109375
P08191	80985.7578125	82463.3515625	100138.6015625	57828.91796875	72427.4609375	107924.1171875	75147.359375	107275.9453125	55595.25	70777.9921875	91738.0625	42161.49609375	27852.421875	92876.1796875	90204.671875	51487.2890625	63992.14453125	76212.25	82956.765625	95323.90625	90087.765625	59817.76171875	90818.0078125	102565.25
P08192	732290.625	500914.40625	538235.4375	736712.0625	527986.8125	535940.3125	589070.5	518145.5625	560595.8125	497394.84375	515707.53125	511424.40625	487645.65625	431724.84375	746115.6875	699516.5	736754.9375	765750.5	712011.125	747131.0625	764458	735535.3125	732767.5625	725540.8125
P08200	76126856	122255168	122417288	77842512	135362592	107144040	135458640	115904432	120945440	103978736	102597376	147416976	118221952	99248008	77734904	87843192	70791712	93697720	78712192	81483016	76279040	84812872	74834712	77193760
P08201	1190053.25	381174.71875	361750.75	1764662.375	362806.59375	281904.4375	336206.0625	339017.53125	367350.375	501606.15625	334283.78125	364156.34375	284356.90625	318427.96875	913238.0625	1059370.875	1057408.75	843722.5625	1208577.75	1298897.375	1052091.75	1164365.5	1247387.125	922400.5625
P08202	27266.1640625	73043.828125	78502.3515625	16217.0556640625	75117.109375	68504.3125	75679.0859375	72343.0390625	72872.7265625	70007.734375	63792.21875	73927.5234375	81283.6484375	66894.453125	20239.255859375	15769.3173828125	22898.638671875	16329.4501953125	22131.875	19969.16796875	24730.8203125	21248.044921875	20998.1796875	21393.240234375
P08204	104295.8359375	48324.08203125	55267.8828125	204283.453125	85749.90625	105239.625	82691.953125	71541.078125	95177.3203125	68195.5859375	80588.4296875	70367.6953125	80613.3203125	84566.3671875	30108.697265625	36179.12109375	34366.99609375	NA	50883.8984375	32837.046875	67331.7421875	87161.21875	74155.765625	NA
P08244	1885617.375	1912879.5	1940450.125	2037565.875	1877331.625	1985710.875	1906789.875	1903424.375	1873103.75	1815481	1789184.25	1889003	1868036.5	1796586.125	2022296.75	1967703.625	1979812.625	2050054.5	2014380.5	1978856.75	2158751.75	2016572.25	1998979.875	2003087.25
P08245	211509.328125	241355.578125	240257.984375	210295.75	232641.8125	288771.9375	218636.71875	229682.203125	200369.3125	228140.671875	216898.484375	213821.15625	189766.484375	216156.28125	228320.984375	243313.84375	237718.125	207433.9375	208610.78125	214507.671875	228538.109375	212621.515625	195623.0625	199249.578125
P08312	6444380	5808517.5	5508131	6234205	5833771.5	5371409.5	5464863	5948155.5	5426368.5	5814226	5657512.5	5271798	6118174	5732144.5	6083926.5	6449085	6399915	6200071	6018257.5	6231837.5	6347974	6053565	6283427.5	6299939
P08331	1781083.75	4469298	4637124.5	1795305.75	4343916.5	4096439	4182156.25	4237136.5	3969150.5	3925380.25	4104145.75	4467618	4541079	4023002.25	1689804.125	1745862.125	1646965.5	1713135.375	1742500	1818396.875	1630433.875	1799338.5	1815967.875	1701027.625
P08337	64074.17578125	50163.1796875	53018.4140625	59390.609375	48517.55078125	38826.33984375	57582.73046875	48109.6640625	38087.59765625	52039.7421875	36948.58984375	45008.55859375	40734.98046875	43118.87890625	57006.703125	70148.59375	53834.04296875	59429.45703125	53842.859375	65095.94140625	57130.73828125	57193.3359375	52818.25390625	60424.5078125
P08368	240883.609375	228622.390625	219294.609375	206108.59375	289060.5	183321.53125	243468.265625	249493.390625	237273.828125	204092.9375	196822.875	251990.265625	250949.453125	210818.484375	187327.0625	249944.015625	168057.15625	224311.09375	197363.65625	164749.703125	238460.765625	225861.5	205075	215557.84375
P08373	362234.15625	353715.90625	346188.40625	402798.34375	398590.125	286831.125	388648.875	359008.875	387726.3125	361288.5	361102.25	383851.34375	393316.21875	329747.25	362915.90625	327485.46875	364334.78125	384577.375	367711.4375	370200.78125	354317.125	373855.5625	379505.15625	353460.40625
P08390	1032889.25	987071.0625	909344.5	1088864.625	944114.875	921802.9375	930839.5625	944479.75	879364.5625	923698.75	935275.625	1013066.3125	909723.1875	920707.9375	1085406.75	1060708.75	1070956.75	1094146.875	1032512.5625	1047814.0625	1109598.75	1077211.25	1079641.875	1049742.25
P08394	103977.3671875	97665.2421875	95244.90625	91491.3046875	95124.671875	102053.6796875	100271.5859375	96898.34375	101887.875	103423.4296875	92377.9609375	87200.84375	109193.5234375	94773.4375	89046.7734375	104187.5703125	83087.09375	89484.8828125	83605.6015625	101172.015625	92590.171875	90650.984375	95919.7265625	108357.1875
P08395	383010.59375	363459.125	338961.15625	331201.8125	331496	358509.625	356883.25	372674.8125	361543.15625	381141.0625	380036.125	372112.125	360336.8125	355850.78125	361599.21875	346136.90625	372001.9375	394674.46875	377950.78125	363740.71875	369559.59375	366444.25	364654.03125	369661.3125
P08401	5677.20703125	4203.2060546875	4752.6083984375	5991.12353515625	5846.1376953125	3336.336669921875	6740.3662109375	7685.51318359375	4758.48046875	5867.71240234375	4496.12841796875	6341.0888671875	7459.48486328125	4500.390625	5373.50537109375	6519.85986328125	5113.99755859375	6899.51513671875	5430.24560546875	4634.697265625	5213.69287109375	2958.302978515625	6696.83740234375	6476.31982421875
P08506	3000343.25	3922975.5	3847112	3065761.5	4073705.75	3906527.5	4124916.5	3843846.25	4025123.25	3967907.25	3948927	4139291	4054107.25	3974227.5	2958115	2924222.5	2883338.75	3074409.25	2973241	3002711	2934993.75	2971342.25	3030447.25	3123353
P08550	17331.849609375	18321.73046875	NA	24773.3671875	12132.65234375	14328.42578125	16914.52734375	16501.744140625	16038.8232421875	NA	8722.9296875	19964.705078125	16770.064453125	24228.142578125	11773.2607421875	10992	17397.427734375	NA	9828.69140625	20366.03515625	24575.513671875	16474.0625	NA	24404.75
P08622	2046133.75	2161887.25	2176225.25	2199674.75	2131772	2164794.5	1953547.5	2280049	2218725.25	2178765.25	2304868.5	1918875.5	1944135.375	2264217.25	2302716	2402938	2264677.5	2136964.75	2091840	2331096.75	2269104.5	2216805.25	2294035	2255565.75
P08660	16838810	5430081.5	4651738	19107624	6668772	4398254.5	4502622	5089028	3692160.75	4546017.5	4699498	5833797	6225625.5	5709997.5	16550770	17270400	15164060	16362538	17311940	18205288	17342866	17613422	17641788	16143232
P08839	34961240	10027861	10221304	33702792	8941862	10807229	9767004	9340310	10186193	10647319	10032285	9115536	8329918	9900490	33294220	36698740	35058332	33618484	35180784	36484456	36046900	36667060	34838116	36837412
P08956	937294.0625	1367301.5	1408131.5	969908.125	1278624.5	1173441	1358262.375	1308037.25	1248504	1220039.875	1199617.125	1427828.75	1331284.125	1224967.625	853323.125	852480.125	803065.5	923264.875	859456.3125	865667.375	878582.0625	919890	895699.4375	868672.875
P08957	1059841.875	764915.9375	800320.5625	1120715.5	715495.5625	725446.125	736511.8125	763055.9375	748249.9375	726009.4375	770211.375	733469.875	653128.9375	764658.75	1071403.625	1142502.25	1071991.625	1099452.875	1063514.25	1086681.75	1056696.5	1113234.875	1043498.5625	1060343.75
P08997	20655662	46457220	44769512	20199090	46737284	36384336	44713460	42098136	43337548	41664928	38724352	48364592	38565420	40586356	21397766	24007812	20022564	25902416	22184206	23576094	21410766	23898648	20935810	21588162
P09029	1453802.875	1271445.625	1291716.75	1507019.75	1152839.375	1348368.125	1317911.875	1248033.375	1344519.625	1252478.125	1325619.625	1240647.75	1141164.875	1249131.375	1472427	1391118.25	1467343.875	1504407.125	1497760.75	1449557.875	1499432.625	1523753.25	1456466.875	1504281
P09030	1251886.625	1220054.375	1279591.5	1321119.125	1117252.25	1323010.375	1129619.75	1244270.75	1310259.5	1350319	1359329.875	1101573.125	1106650	1241742.625	1292755.75	1514180	1327610.625	1338813.75	1283959.5	1329210.125	1235629.875	1281449.875	1251356.75	1306186.75
P09053	1713713.75	1257656.125	1322787.375	1741753.625	1453923.125	939522.25	1452253.875	1131982.625	1233167.625	1053497.25	971302.1875	1446949.5	1314750.375	1004844.375	1809667.75	1738061.25	1578098.75	1932568.75	1645234.125	1780896.25	1851396	1855242.125	1766392	1789041.75
P09099	76162.078125	96778.84375	122662.8984375	56566.1015625	100572.46875	132478.171875	90854.8828125	97478	110176.34375	117371.9453125	115414.7734375	103545.484375	100285.4375	119979.8046875	66624.2109375	43293.0390625	72545.28125	69610.03125	51201.79296875	67699.03125	55475.53125	63867.5234375	56631.45703125	77337.2734375
P09126	127611.71875	162056.875	168295.296875	142819.671875	185577.3125	130922.90625	191426.359375	167142.84375	191932.140625	159396.75	148977.140625	179475.515625	197080.53125	140681.46875	127932.2421875	142789.09375	129632.2265625	139592.6875	138073.984375	126748.421875	140774.015625	127052.4296875	121486.9375	117678.4375
P09127	2318689.5	3286792.25	3360123	2334713.75	3099631.75	3265008.25	2976814.5	3299814.25	3279363	3450317.75	3475593.25	3001095.75	3181664	3269213.75	2281031.5	2405805	2403729.75	2341803.25	2340222	2309086	2317764.25	2332217.25	2297575.25	2301135
P09147	1015421.9375	1324606.875	1324091.125	1048303.0625	1139701.75	1429650.125	1401013.375	1318172.5	1532333.25	1502589.375	1476154.5	1193500.25	1157630.625	1373497.125	1018294.5	946605.875	1033445.5	994840.6875	1001748.25	956792.875	994705.9375	1000638.125	1035052.0625	981218.8125
P09148	242823.015625	511022.03125	498731.8125	227973.109375	579074.875	497784.5	514722.9375	531728.0625	523995.375	525494.8125	478615.40625	513429	530324.5	489819.1875	252455.640625	224750.75	242820.53125	226623.671875	247631.890625	224389.84375	237428.96875	227494.828125	248775.78125	207117.078125
P09151	19243722	14351387	13017630	19368222	14952483	12252669	14591145	14376654	13780298	13277869	12824347	14613026	15302020	13538021	20725900	21224734	21588490	20482290	20088066	20976390	22084064	22593206	21502566	22847344
P09152	1720807	598729.5	565638.9375	2216695	655811.4375	625529.625	614674.4375	597429.6875	581130.375	541186.875	633729.8125	652832.4375	711105.0625	701380.125	1501346.125	1252583.75	1476314.75	1108290.875	1754261	1618498	1731789.25	1825203.375	2074623.875	1621041.125
P09155	823319.875	730758.25	777110.25	708448.625	681352.1875	798839.9375	766941.4375	767098.4375	648920.75	790064.1875	679585.5625	857471.125	748824.5	686923.9375	737532.6875	787642.25	729175.5625	863151.875	834028.0625	825815.0625	962370.875	783853	696331.75	757231.0625
P09158	1483259.125	1366868	1368561.25	1440980.625	1491344.375	1322545.5	1373655.125	1366048.625	1428706.25	1318674.375	1273759.375	1516112.375	1531114.5	1294282.25	1464069.75	1558490.625	1535123	1515493.125	1481237.5	1474746.875	1525305	1460911.375	1532803.875	1532192.25
P09169	53910044	40618096	43705072	55110076	37126540	38529404	40524136	39574808	41330792	36837328	40733112	42437036	35303532	38003116	55133556	53095796	53455308	56340284	55186528	59755308	56327052	58570692	58839700	55293308
P09323	724285.5625	1231414.875	1249057.125	646221.625	1290152.875	1190428.125	1348269.5	1278901.625	1337017.875	1268533.875	1246715.125	1399961.875	1266626	1212079.75	667738.0625	676801.625	631153.9375	702065.6875	679947.25	671939.25	701824.4375	715838.3125	662359.75	700514.4375
P09348	NA	6088.3076171875	8735.1015625	832.890869140625	NA	9559.6455078125	16905.99609375	23402.0703125	16347.9306640625	20514.5234375	11243.1298828125	NA	NA	15689.962890625	NA	NA	NA	NA	NA	NA	NA	NA	NA	NA
P09372	5483962.5	6085008	6263445.5	6122238.5	6434774.5	6600231.5	5967094	6509532.5	6007983	6331294.5	6131007	6083296	6200528.5	6204876.5	6347272	6965238.5	5950485.5	6062621	5815990	6917565.5	6701696.5	6142430.5	5945365.5	5937298
P09373	128681448	91878344	85193480	141601856	93204080	73212744	85736728	88379696	83235976	86110648	92252688	87724864	79087808	108381088	114494808	124609104	101425168	115641064	123138056	112386000	114198384	117665368	123305160	118153464
P09391	8848.0947265625	6573.21240234375	5226.443359375	6017.61474609375	5994.44482421875	5266.638671875	6500.78271484375	7928.91357421875	7860.0693359375	5365.97119140625	4005.01904296875	5383.58935546875	6220.39697265625	6401.97119140625	8324.548828125	7183.3095703125	8543.7734375	6918.22998046875	7325.85888671875	9817.5283203125	5067.0166015625	8253.814453125	7830.43017578125	8604.2978515625
P09394	73085.890625	254057.5625	272954.03125	72151.1875	248008.375	250897.265625	252804.65625	260381.703125	209498.453125	231843.5	231273.609375	241251.796875	287297.4375	266382.1875	61848.09375	79188.6171875	80255.0078125	73133.71875	87333.859375	96034.3046875	56463.76953125	66061.6953125	80323.4375	52892.1640625
P09424	2310847	2480463	2492815	2372753.5	2562814	2804969	2544610.75	2419424	2617864.5	2590574.75	2587287.75	2507552.25	2268166.5	2453689.75	2298480.5	2085097.25	2354400.25	2269305.75	2241418.75	2272293.75	2299327.5	2323088.5	2346817.75	2380177.25
P09546	792763.8125	1269698.625	1148782.625	1092527.125	1490727.125	1131909.5	1257273.375	1289573.375	1132133.5	1152460.625	1117919.75	1526293	1714542	1201026	925966.5625	971073.75	876497.6875	1125778.625	931776.5	920558.25	850746.3125	1028517	959925.8125	896046.5
P09549	333123.28125	328297	323460.96875	366760.28125	360564.625	402547.8125	353397.90625	365746.75	331849.40625	325701	324481.5625	323947.3125	384415.96875	370537.71875	363885.8125	379639.34375	336922.0625	350676.75	348294.4375	339719.75	314556.4375	356109.875	383431.46875	351773.9375
P09551	6235691.5	23532142	25577564	5114966	20470188	34224628	24166498	24736882	30113050	30232466	28351140	19424546	18648208	23411802	6593079.5	7078696.5	7088302.5	6735867.5	6062703	7031164.5	6511923.5	6470066	5963954	6861313
P09831	58993444	21241344	21089758	57727984	21895972	16070848	21925324	18186336	19055846	16916168	16334359	22942028	19617852	16867574	54536552	57979360	52269960	63975932	59534348	56961704	57661312	61667228	60634828	60297412
P09832	20919776	9907692	9391454	21824042	8991179	9096179	9135787	8600068	8548389	8800542	9005882	8842676	7992704	8714018	21430342	23096696	21446566	23252484	22320850	21790518	21055620	22075878	22216644	20583918
P09833	67152.3671875	117987.1640625	111137	81748.0703125	93877.984375	109821.4765625	118668.0390625	116217.4375	109322.6328125	130552.6796875	114092.984375	83747.921875	111390.34375	108838.625	65093.17578125	71061.5703125	64988.5859375	71252.6171875	68597.484375	77219.1875	76070.296875	82255.5	69722.0546875	70335.1484375
P09980	220809.421875	205973.21875	199078.796875	235403.671875	227437.078125	174539.046875	211391.078125	187125.9375	185706.28125	174427.921875	183912.359375	225341.625	218594.359375	161083.984375	241701.765625	227685.671875	222656.625	236683.640625	244396.34375	250155.59375	239799.09375	233341.25	216065.15625	249634.46875
P09996	80634.90625	64933.8203125	82755.75	60106.0859375	72436.25	89736.125	70317.15625	90726.0703125	78686.7109375	75412.3515625	87036.6171875	67254.3828125	70904.3828125	80981.171875	54887.65625	67337.390625	69671.09375	63918.73046875	55127.84765625	43631.75390625	80470.34375	51814.296875	65880.0390625	65618.1875
P0A698	1436426.375	1561811.375	1574390.375	1369240.625	1468845.75	1552817.375	1545320	1604824.625	1734866.5	1650176.375	1585932.25	1431358.875	1584781.625	1567580.5	1310820.125	1149100	1442118.375	1274208.625	1338340.125	1237762.625	1381123	1303066.375	1335668.75	1398531.125
P0A6A0	308375.125	255826.03125	296892.5	281761.9375	262699.90625	217571.8125	303184.375	237315.953125	289540.875	282298.1875	211993.265625	270886.875	258097.09375	244916.25	292366	278177.625	293836.8125	317829.1875	299445.53125	311592.1875	296846.40625	323711.6875	305009.90625	304823.03125
P0A6A3	14029607	21778956	21675206	15727456	22512080	25843836	21763542	26199062	22486122	25120178	25134518	21351156	27040722	27369036	13937583	13307145	12826256	11076684	12948303	13484410	14038017	12851380	14551766	12954568
P0A6A6	19810980	15808343	15340794	21032732	15238846	15724344	14899380	16378944	13828320	16185990	16119000	15335150	14789653	16826130	21920204	20238770	22394520	20961696	22817822	20425030	21912698	20903010	22566390	21977382
P0A6A8	16847052	21796772	22576490	16875950	20021780	29243984	19169514	24491844	22983194	28242576	26595860	16386223	17861784	23337018	17030000	19841952	19730052	17091352	16622376	18701388	17999380	16632000	16980004	16732090
P0A6B4	289164.34375	241810.5625	227219.640625	330604.375	226524.953125	160730.265625	221129.140625	202324.09375	179077.1875	187187.359375	174553.640625	251309.15625	246064.609375	205870.40625	267884.53125	303201.34375	266876.5	276427.5625	277024.28125	288668.9375	285568.3125	297691.65625	277652.6875	292999.96875
P0A6B7	9899319	8905473	8902372	10166357	8588003	10964794	9872751	10275691	10357355	10032869	10037695	10208224	11543309	9213908	9944049	9140155	10022782	10221082	10771396	10457942	9497145	9658735	9984335	10516694
P0A6C1	389359.875	279268.65625	298466.25	414803.90625	261977.140625	331853.96875	268943.03125	283239.375	308808.9375	336605.78125	309518.03125	243934.015625	244651.921875	292422.09375	389438.5625	395632.5625	388189.3125	374544.5625	373123.96875	401056.71875	394061.4375	433727.28125	398841.75	425227.125
P0A6C5	2076896.375	1625843	1473524.625	2213727	1993264.5	1027203.875	1741206.5	1477033	1409027.625	1210740.5	1276501.625	1905930	1731123.375	1349829.75	2075704.625	2193018.25	2037653.75	2100024.25	2157779	2077220.375	2124282.5	2172894.5	2074153.375	2066957
P0A6C8	5923423	5523534.5	5359138.5	6551727.5	5885535.5	5373086.5	5057747	4796014	4518939.5	4801392	4861641	5249003	5237244.5	4847291	6295904	6692854.5	6038769	5851723	5989250.5	6211529.5	6277212	6314345.5	6159918	5911832.5
P0A6D0	154574.65625	245721.71875	243599.96875	184098.46875	268606.21875	272249.0625	255293.15625	196025.3125	245382.421875	219070.953125	237782.640625	268293.6875	260244.21875	215230.84375	173609.546875	155614.375	155063.375	157243.765625	138959.828125	189219.796875	204582.96875	170362.40625	155186.921875	141758.640625
P0A6D3	4562823	2162729.5	2298870	4241855	2084227.5	1864021.25	2230014.5	2154641	2057203.5	1958389.375	1910141.375	2099626.25	2058968.625	2002746.5	4440048.5	4705860.5	4279753.5	4498472.5	4486296.5	4582971	4639370.5	4608059.5	4332881.5	4325420
P0A6D7	2337332.25	2361756.75	2188491	2490179.75	2415777.25	2461493.75	1999421.75	2377935.5	2131486.5	2419813.25	2535672.25	1962778.5	2125480	2330261.25	2608688.5	2670231.25	2645802.5	2573870	2472537.75	2409182.75	2476403.75	2374033	2540946	2415988
P0A6E1	780771.75	946393.25	920819.9375	782704	872119.9375	932645.625	915491.8125	888446.875	948589.6875	935971	930196.6875	816711.5625	660290.625	858739.6875	790617.8125	695017.5625	687528.25	754912.75	791701.0625	687979.375	705252.4375	764130.5	799138.125	741112.3125
P0A6E4	21644540	16666985	15402396	24364678	18376494	13020732	15373550	14586357	12903370	13067984	13117407	18023156	16988406	13775085	23340332	22724046	22586406	23246812	24068670	22456954	22189978	22588166	23402954	22590930
P0A6E6	1779270.5	2815889.5	2982237	1801903.375	2732969.5	3399528.5	2883076	2910099.5	2862789.75	3047347.25	2963146.5	2592475.75	2471162.25	2635828.5	1892405.5	1808307.625	1777734.875	1686227	1790642	1813205.125	1804931.25	1710744.375	1807657.625	1748990.25
P0A6E9	985629.4375	589211.3125	550332.625	1209273.625	670972.3125	483855.03125	553821.25	665114.4375	397077.03125	528352.5625	531134.4375	621270.5625	756837.25	666664.875	931069.75	842172.875	894047.6875	773786.125	1000613.875	904526.4375	1007627.3125	911173	1045129.6875	866334.3125
P0A6F1	13590813	10665119	10836258	13737445	10682841	11131998	10382396	10174326	10117518	9978209	9849069	10962124	11113048	10056056	14160354	14271934	14962322	14454476	14747262	13409406	13134016	13328506	13284092	14034787
P0A6F3	754460.0625	2607637	2515837	714210.5	2940997.5	2067496.5	2821798.5	2334646	2495673.75	2320166.25	2139476.5	3265876.75	3070436.25	2112073	542140.8125	452709.03125	553360.5	537481.375	523093	581256.8125	574393.3125	558968	561706.4375	576506.5
P0A6F5	70729328	91617376	94321128	72261408	87396880	96294264	89213824	93382448	92477432	95315176	97522568	90055984	86732872	97335624	73018544	77771088	72206712	69937384	68892976	77999088	75146064	74644640	73395248	76457792
P0A6F9	10511295	14536798	15651472	10792236	13352239	17176452	14432955	14531753	14585102	14982355	15615280	11930067	11883621	14980505	11441344	11951429	11064530	10319659	10134568	11357034	11058286	10207619	10604445	11019867
P0A6G3	360346.21875	321752.28125	324305.59375	341645.84375	371090	302719.5	342858.96875	347926.75	376844.59375	326142.875	340407.53125	372506.21875	346030.875	341197.625	358896.34375	329668.0625	350895.65625	361610.75	343601.5	362707.09375	340838.90625	363551.3125	355074.96875	323562.125
P0A6G7	3703890.75	3714217.5	3833033	3869775.5	4169503.75	3815136	3859281	3835964	3667927.25	3773563.25	3740560.75	4160437.75	3947203.5	3810618	3749766	3778213.25	3466954	3614405	3757485	3683747.5	3686677.5	3716640.25	3742125.5	3712139.25
P0A6H1	6159080.5	5197610.5	5468311.5	6239755.5	4770273	5905976	5265779.5	5198937	5620201	5702247.5	5722723	4928263	4416814	5534400.5	6245584	6457842	6423011.5	6100658	6331686	5994085	6038325.5	6133404.5	6180683.5	6309947
P0A6H5	5546685	4907602	4819221.5	5518931.5	4990242.5	4494081.5	4654377.5	4770054	4482835	4699974	4849928	4511889	4558303	4847305	5494943.5	5495057	5292583.5	5429725	5322422.5	5603748	5544035.5	5350143	5506353.5	5191144
P0A6H8	360174.40625	269306.6875	271293.4375	310799.125	356714.21875	180574.578125	340157.9375	275466.65625	271688.0625	228813.09375	257856.453125	364204.03125	316293.625	218977.0625	317333	297905.375	295351.53125	360494.1875	316310.3125	358843.1875	303601.78125	361850.9375	327738.53125	319094.25
P0A6I0	946338.625	1083520.25	1167402.75	945206.3125	1046186.625	1327063.75	1038151.875	1114561.5	1110769.125	1232211.5	1230989.75	989583.125	1013489.375	1188693.75	974562	1027369.1875	975920.6875	975637.5	964680.75	1009180.6875	1073008.625	967211.875	951357.25	962824.125
P0A6I3	502572.3125	503808.9375	474288.0625	470089	467767.15625	448918.0625	516436.125	476017.625	536743.4375	507997.875	470587.625	507439.5625	475732.09375	462042.875	475840.15625	512538.53125	464229.75	490166.65625	491626.375	495842.90625	534246.0625	513316.03125	495524.25	514950.9375
P0A6I6	321641.84375	188816.390625	153528.203125	312406.1875	185463.28125	157573.234375	179150.640625	194253.734375	182601.765625	169871.703125	164635.453125	174368.21875	198154.78125	177922.875	301742.9375	289086.21875	288845.03125	352138.90625	305040.625	343903.78125	309732.3125	324506.8125	339873.9375	295589.5625
P0A6I9	195153.375	271442.84375	293466.625	192386.375	282240.84375	281414.09375	270800.96875	255503.1875	267892.15625	289007	293900.78125	216658.375	287699.78125	282635	178049.03125	167891.65625	188172.84375	167823.59375	173754.1875	177858.15625	189432.59375	173900.75	188236.328125	165676.921875
P0A6J1	1018731.6875	753638	804345.0625	1037387.0625	723088.0625	776744.1875	749936.75	789839.625	758971.4375	757064.25	776836.25	799936.5625	745372.1875	792421	1052097.375	981227.9375	1025195.125	956108.625	1024921.6875	1062002.25	1044132.9375	1014492.5625	1045906.8125	1075167.25
P0A6J5	1398906.125	5370828	5118212	1349885.625	6382578	3429273	5230977	5810566.5	4624330.5	4401956.5	4477674	6298002.5	8004253	5355551	1158965	1226488.5	981376.0625	1100286.625	1047719.1875	1152967.125	1204262.125	1204009.25	1037138.6875	1088203.375
P0A6J8	979891	1372668.625	1327675.375	1117712.125	1519711.875	1189353.375	1361034.125	1384619.375	1108147.125	1264119.375	1258348.375	1375217.25	1558693.25	1461308.875	988705.5	1078771.5	905276.8125	1024740.125	1083298.75	999315.75	965307.125	1023968.9375	1054330.625	945524.75
P0A6K1	295464.90625	252208.359375	236403.359375	319733.03125	295959.46875	232188.890625	296143.625	265823.0625	265767	226436.875	183719.125	266530.75	287328.5	240459.109375	283952.96875	305928.375	282666.8125	313037.65625	292422.03125	275333.8125	271181.40625	278967.5	304785.6875	271408.28125
P0A6K3	1321777.25	1445108.75	1462726.875	1292573.75	1346899.875	1725773.875	1277303.25	1449794.25	1412744.625	1545930.75	1593645.125	1187669.25	1351756.5	1492679.625	1427343.625	1375669.875	1561803	1270232.875	1329746.375	1324142.25	1392745	1267426.75	1327559.625	1391870.625
P0A6K6	3425409	5016970	5290169	3508915.75	4642649.5	6085941.5	4979744.5	5287258.5	5347421	5934850.5	6189707.5	4222401.5	4564988	5956578.5	3554855.75	3459020.75	3590228	3153003.75	3425056.5	3322921	3449096.5	3393289	3401920.5	3416253.25
P0A6L0	1591464	1529712.75	1550431.625	1720154.625	1541724.875	1625887.5	1428585.625	1515368.5	1400899.625	1569607.5	1545811	1463589.5	1398995.625	1619263	1574753.125	1668480.875	1580509.125	1536615	1571999.125	1585854.75	1634788.5	1619763	1627166.375	1535303
P0A6L2	6721712	7772512	7125320	6995435.5	7942225	7458474	7542389.5	7760897.5	7427407	7841906.5	7442432	7622055	7814301	7676980.5	6740983.5	7382735.5	6808463	7286040	6918619.5	6691615.5	6620736	6846427.5	6855320.5	6846488.5
P0A6L4	99140.671875	284592.0625	280369.65625	95864.6640625	266795.78125	282323.21875	298913.25	310833.875	391089.84375	300757.40625	311703.21875	249637.640625	276142.15625	276133.78125	90747.3671875	65629.65625	93254.7890625	82359.140625	88271.609375	87072.21875	88387.0078125	77018.4453125	86119.5234375	97629.546875
P0A6L7	79315.4765625	102768.46875	137943.21875	94953.3359375	110536.25	146305.421875	138097.984375	158634.34375	186199.546875	134289.71875	115920.4140625	111613.7578125	135925.5625	179346.765625	77694.4609375	106887.859375	98877.0078125	80063.828125	70770.9140625	65631.78125	102293.6796875	80657.609375	85359.21875	112704.4609375
P0A6L9	341993.625	392237.375	373933.5	348849.3125	393330.0625	497134.90625	377149.625	453944.59375	388031.75	441611.65625	395956.6875	347915.4375	503403.5	383028.125	371596.875	348951.9375	367021.9375	338724.1875	348324.375	344694.15625	342389	304418.8125	335584.4375	325650.59375
P0A6M4	393144.25	316973.59375	321574.34375	366855.34375	349333.03125	320468.5625	340015.09375	333661.5	353585.6875	351432.65625	356046.78125	340036.34375	311312.65625	319828.25	347200.15625	448068.125	380305.65625	399564.1875	371174.46875	389114.65625	358401.65625	402261.90625	374095.375	370369.71875
P0A6M8	147143024	122706296	118518760	138653440	124384048	118370032	126767552	121141808	123070944	118672896	119169360	132937672	128846360	122583384	137451024	143030784	137499920	144611744	143286896	143336864	140389312	141585136	141021504	143284640
P0A6N4	2716405.25	2763528.5	2907775.5	2717319.25	2582046.5	3261205.25	2535417.25	2690331.25	2805707.25	2858825.5	2994912.5	2471074.75	2479692.25	2707546.5	2846098.5	2452345.5	2776404.5	2476475.75	2538811	2516638	2652661	2588010.25	2660159.25	2712273.75
P0A6N8	1415941.125	1490631	1605520	1408415.125	1365350	1720444	1525564	1448216.875	1566625.25	1578853	1650941.375	1341158.625	1342745.625	1542724.625	1461034.625	1443171.75	1506998.375	1335727.375	1374149.75	1388344.375	1523838.75	1392492.125	1354539.875	1453631.625
P0A6P1	45935108	38918304	39067284	45268348	38590120	44951448	38678424	37974920	37988708	40371196	40982996	36565504	36784800	40195604	47018956	48204080	49370152	45515916	47144864	45563860	45971744	44211692	45917580	44579320
P0A6P5	2687686	2431772.5	2297791	2693161.75	2425660.5	2373367	2312422.25	2351457.25	2336926.75	2456714	2369334.5	2227553.25	2446229.5	2395040.25	2679685.25	2700138.75	2709337	2750202	2734631	2724694.25	2642193.5	2604642	2610556	2700701
P0A6P7	1009048	1070047	1167716.875	993041	980177.9375	1361639.625	1029000.6875	1123510.25	1134445.125	1225894.75	1223072.625	904494.4375	1027737.8125	1139771.75	1059452.875	1009509.3125	1075658.75	935559.5	970499.3125	999847.6875	1023216.75	958566.8125	955766.125	930087.75
P0A6P9	94541240	50205352	51082144	100559312	48380180	59896632	49832688	47916032	53628896	53301704	54831012	45843884	41751168	50796408	95700904	96400560	99647904	82136800	93835696	95697920	100649832	93857616	98976936	94367184
P0A6Q3	5862871	6018188.5	5699080.5	6002404.5	6677459	5890484.5	6528589.5	6252939	5776505.5	5937791	5521937	7047801	6405044.5	5702295	5837592	5965148.5	5507494.5	6002905.5	5959221.5	6051893	6311756	6117152	5929857	6041639
P0A6Q6	6590086.5	4837742	4386089	6534132	5642049.5	3448088.25	5187608	4679720.5	4321311	3994214.5	3637741	5456986	5548723.5	4073683	6642305.5	6443637.5	6253972	7155458	6445749	6936557	6355208.5	6434561.5	6543353.5	6317484.5
P0A6R0	2904473	2514941.75	2525219.5	2886460.25	2641256.75	2225670.75	2703087.75	2534564.5	2573731.5	2412868.75	2456976.5	2853763.25	2762067.5	2551645.75	2857602.5	2850857.5	2996935.75	3046395.5	2985346.25	2864177	2962822	2832084	3001251.25	2834776.75
P0A6R3	502195.9375	207560.171875	175315.25	504740.9375	201217.09375	260994.5625	175158.125	195028.71875	178340.1875	212822.96875	207126.03125	217906.921875	253241.953125	215522.65625	536621	559771.8125	541196.5625	537082.4375	539589.875	519792.25	495940.375	476280.125	483253.84375	515612.71875
P0A6S0	77535.5	172911.796875	175163.28125	NA	359678.8125	642519.125	707671.75	807836.5	678962.5625	768371.8125	617324.75	337352.25	335067.6875	673038.875	50717.015625	141511.734375	26193.234375	85423.4453125	56715.40625	68051.7265625	27408.2109375	NA	63284.33984375	69381.953125
P0A6S3	NA	NA	3738.924072265625	NA	NA	9950.197265625	5997.3369140625	14486.7744140625	6487.49609375	10128.26171875	NA	NA	NA	8223.4599609375	NA	NA	NA	NA	NA	NA	NA	NA	NA	NA
P0A6S5	20400.34375	6387.93408203125	9345.65625	8645.802734375	11152.005859375	7081.0732421875	6557.4296875	17408.26953125	8038.16845703125	6369.80322265625	5275.16064453125	4768.02490234375	3588.5	6200.44091796875	7460.1728515625	9509.9677734375	11256.56640625	8997.6796875	284.6172180175781	2810.3701171875	6707.55029296875	4247.74462890625	5807.8916015625	5588.8515625
P0A6S7	656876.5	928537.125	890231.125	674462.5625	910592.5	1058066.5	876379.5625	921989.375	981221.5	948863.9375	999983.375	935681.25	839642.125	928582.9375	713633.875	725246.0625	683468.5625	680506	644705.3125	680756.5	695714.75	668765.6875	669844.375	704928.25
P0A6T1	13834765	7463780	7164605	14322097	7184858.5	7156929	7560070	6978476.5	7937189.5	7318527.5	7479096.5	7194246.5	6457968	6905341.5	13812810	13114320	13544255	12560284	13836286	14064859	13974843	14146606	14166786	13748221
P0A6T3	835651.5625	2023690.125	2135449.25	846293	1957082.5	2274720.25	1933175.5	2075812.75	2135507.75	2116634.25	2211975.75	1953846.5	1828650.25	2005171.125	767617.0625	807782	804762.4375	715131.9375	752205.1875	860873.5625	812383.8125	720580	789157.9375	740481.1875
P0A6T5	5654742	3097873.5	2906352.5	5732013	3246295.25	2712149.75	3297850.75	2877286.75	3129348.75	3021131.5	2798435.5	3214582	3139936.25	2582371.75	5384649	5778653	5696079.5	5530352.5	5327353.5	5848347	5764840	5835556	5573806.5	5767337
P0A6T9	127607.484375	376310.8125	320644.34375	162423.609375	486645.96875	291880.15625	271092.125	368276.8125	315673.25	310740.1875	332951	348619.46875	340052.25	294997.375	142483.3125	149365.59375	157852.640625	123629.90625	98582.609375	123916.71875	124993.3046875	117610.53125	122988.9140625	103188.484375
P0A6U3	1342583	1143271.75	1109624.25	1405869	1154527.125	1073906.125	1153537.625	1106317.375	1048761.875	1079189.625	1073233.5	1180177.875	1083099.25	1123023.875	1400083.875	1372797.875	1329497	1505363.25	1433395.25	1358128.875	1387294.375	1435747.375	1402104	1383379.625
P0A6U5	246777.109375	242576.984375	199914	262683.46875	288632.59375	211313.734375	222451.796875	224034.515625	195419.15625	233810.984375	243068.09375	226232.765625	244325.28125	251541.84375	307344.09375	225119.671875	263363.5625	259440.296875	266286.53125	251571.96875	225187.9375	225852.390625	268962.875	213839.484375
P0A6U8	2821956.25	3205474.25	3045123	2988911	3519776.75	2609471.25	3035811.25	3058734.5	2807682.5	2852969.75	2721431.25	3448738	3392174	2979103.5	2835507.5	2918585.5	2656691.5	2780212.5	2889539.5	2964887.5	3076255.25	3047677.5	2857674	2773474.5
P0A6V1	3140357.25	4038576.5	3934117.75	3471279	5309995.5	2937268.25	4181241.25	3917797.75	3192447.5	3070628	3101022.5	5207734.5	4879273.5	3573313.5	3308488.75	2991695.5	2948596.75	3010605.5	3424850.75	3258531.75	3093128	3119013	3205118.5	2895862.5
P0A6V5	29156.5078125	32591.392578125	28573.8671875	31105.828125	23891.337890625	36032.32421875	25842.685546875	31751.744140625	30923.240234375	27945.798828125	34146.53125	16965.087890625	24357.62890625	24913.92578125	32905.28515625	31851.701171875	31729.443359375	30583.6796875	32608.21484375	28609.310546875	36719.0546875	31739.78515625	30165.8046875	24880.482421875
P0A6V8	1590093.5	1150901	1132699.375	1887719.25	1349754.875	761631.375	1227022.625	1045968.1875	1157045.375	940927.375	868399.4375	1225588.625	1217302.375	919484.5	1507501.5	1471733.125	1384268.75	1408237.875	1567474.625	1610886.125	1700709.75	1572440.25	1691040.875	1567559.625
P0A6W0	527741.625	308535.90625	292659.8125	541879	400026.09375	266992.0625	348703.96875	393351.28125	317293.8125	306543.59375	317344.34375	398572.4375	403226.4375	329308.1875	496842.28125	523613.625	504750.1875	523528.625	507547.96875	525526.0625	513983	591445.4375	531337.4375	496123.21875
P0A6W3	23052.279296875	5986.97314453125	14170.3115234375	9431.2158203125	4869.16015625	7398.681640625	12863.013671875	10725.5947265625	12994.6845703125	4556.51904296875	5635.04736328125	10578.263671875	8666.6650390625	9763.9345703125	13420.8671875	6735.96044921875	10492.2216796875	12844.5380859375	7510.40625	9301.9560546875	12063.9814453125	2566.587158203125	9372.5361328125	13416.8583984375
P0A6W5	2170308.25	3026366.75	3149453.5	2211512	3041305.75	3498016.25	2901115.5	3102157.5	2854681.5	3172385.25	3156563	2520658.75	2888959	2990688	2293009.75	2425364	2394028.25	2109073.75	2276426	2293005.75	2229707.5	2096330.375	2167627.25	2177280.75
P0A6W9	2154330.75	1872664.625	1788082.5	2185184.5	1795403	1867133.5	1807760.75	1868635.5	1850295.5	1954187.125	1867141.375	1870538.875	1829835.75	1773843.625	2165794.5	2235905.25	2194906	2211559	2238968	2161979.25	2155928.5	2245395.5	2243123.75	2231594.5
P0A6X1	56982.99609375	58519.0078125	74362.78125	56916.18359375	57724.2265625	61655.4765625	55952.62890625	54600.5234375	49330.67578125	54577.69921875	63758.1875	55907.9453125	50869.0078125	49930.76171875	55401.57421875	56228.73828125	46980.359375	54623.328125	49222.58984375	60828.55078125	59329.015625	55281.1171875	49187.66015625	50557.62109375
P0A6X3	1530865.5	1999664.25	2278453.75	1021631.625	1490115.25	2324806	1722481	2019861	2006073.25	2418935.25	2408446.5	1420681.25	1810465.875	2113821.25	1165985.625	1038739.125	1306886.5	935779.3125	997244.875	910284.75	944402.625	1008047.8125	1001482.75	1007940.8125
P0A6X7	5319017.5	9519207	9559532	5766183	9278862	10430144	7895915.5	9897477	8581985	10329036	10283619	7061961	9283152	9618247	5777673.5	6402168.5	6161258.5	5211976	5513181	5784482	6094461.5	5496007	5450113.5	5563377
P0A6Y1	3537619	5539499	5737496.5	3570124.5	5631371.5	6344871	4999544	5745397.5	5198020.5	5887194	5995721	4654820.5	5432656.5	5753758.5	3689157.25	3963221.25	3797527	3343321.75	3552232	3877007.25	3803076	3562307.5	3422438.25	3731881
P0A6Y5	1105134.625	1320118.125	1327941	1146912.375	1242229.75	1545205.125	1261972.75	1393031.75	1353866.625	1425006.25	1456983	1118135.625	1264899.25	1386193.875	1196904.875	1234915.625	1233542.375	1142788.875	1133128.25	1177813.125	1129939	1120443	1124320.375	1159635
P0A6Y8	48673884	59534268	60642296	49188988	53800752	67303840	52282248	61510120	56169820	63568260	64889432	48241204	50442276	61604756	53396936	46993436	53446456	48606380	49092472	50458628	52219560	49331708	50383852	50225500
P0A6Z1	1492550.125	1391306.75	1372294.375	1631991	1467276.625	1527374.875	1380900.75	1446145.875	1341978.625	1429598.5	1383048.875	1398648.25	1691408.5	1335143.75	1592130.125	1530805.25	1523796.25	1547196.25	1620013.125	1544464	1555922.25	1503891	1500297.75	1554690.25
P0A6Z3	11824225	13541104	13176279	11313243	12912951	13682497	12173538	13321968	12662270	13443178	13719415	11821545	12560084	13603927	11146468	11447274	11461925	11119083	10996343	12246188	12112702	11943937	11612562	11804606
P0A6Z6	172956.3125	179049.59375	178583.234375	187805.6875	203941.1875	211282.46875	167312.59375	195447.484375	172809.40625	201656.65625	202941.578125	196640.71875	215652.75	215647.609375	153813.453125	169755.734375	175701.53125	154195.828125	157427.546875	149338.140625	177255.015625	161279.0625	183512.3125	160874
P0A705	21271986	16670558	16793650	20959830	17522280	15585191	16553061	16562658	15818369	15733965	15624943	17721804	17299370	16493468	20196958	20564276	20164056	20715722	21106514	20566878	20956592	20064708	20420938	20288176
P0A707	9501663	10443465	10472850	9542181	10175021	12900059	9268481	11050773	10485424	11851756	11590013	9709819	11236588	11620729	9915993	9744430	10270011	8924421	9505059	9683111	9967138	9061465	9185106	9572665
P0A715	5652705	6016700.5	5954544.5	5685602	6779467	5881978.5	6318147	5815424	6102872.5	5804919	5672147	6435673.5	6264248.5	5716980.5	5761813	6080690	5593342	5672717	5682373.5	5882128.5	5799783.5	5945160.5	5666566.5	5769671
P0A717	10701285	18033906	17346498	11610742	17889428	18415344	16962842	17479708	16440650	17256584	17053384	18515684	20800590	17613228	10812404	11588573	11048264	10473562	11181850	10586955	10888103	10883231	10851460	10908815
P0A720	333495.75	284309.3125	279092.25	334305.21875	324780.3125	274196.5625	269078.90625	263190.5	242751.328125	278652.625	267036.5	278439.0625	291754.78125	260901.484375	343601.5625	328704.1875	311674.75	316511.625	301713.1875	294562.40625	337361.875	332896.5625	296590.78125	317877.125
P0A722	1149407.625	1503360.5	1502797.625	1132933.375	1597561.5	1505228.875	1521797	1440920.875	1490960.75	1416328.5	1499523.625	1529664.5	1699899	1479602.75	1120913.625	1149491.5	1133756.875	1151296.875	1164784.625	1162342.125	1203025.75	1103875.5	1166553.375	1123021.625
P0A725	544549.9375	467241.75	483710.03125	499590.71875	521527	469389.96875	502050.25	478094.28125	561337.625	538290.0625	503724.125	446046.0625	496308.6875	504968.71875	532752.75	481942.9375	515785.1875	589401.875	557610.1875	548230.125	533508.4375	512562.78125	519617.8125	542017.5
P0A729	1036389.8125	1450831.125	1398594.5	1014921.9375	1401877.75	1648624.75	1407539	1502487.75	1616444.5	1587577.625	1629274.625	1478583.5	1379481	1627160.75	1062790.875	953754.4375	1182370.125	1029396.1875	1075917.375	1026251.375	1043378	1115592.125	1082341.625	1143723.625
P0A731	920296.5	1249796	1209542.25	1147386.625	1531305.375	1252407.875	1341941.125	1201532.75	1203181.75	1236834.5	1213442	1326772.5	1591675.625	1282283.875	1034812.125	1002391.9375	935110.5	1051099.125	993885.75	1103932.625	982947.375	1047539.4375	1040176.4375	877472.875
P0A734	2387640	3750357	3799309.25	2475029	3814431.75	3788844.75	3470892.75	3720160.75	3556151.75	3680616	3647681.5	3405195.25	3491363.75	3402522.25	2320371.5	2642426.25	2244860.25	2368257.75	2226918	2385011.25	2330521.75	2328251.25	2366398.25	2347369.75
P0A738	514264.75	507167.5625	486355.875	522327.15625	544807.25	457009.1875	512568.1875	482200.59375	537982.0625	506451.25	472534.25	479199.28125	499863.53125	474744.3125	506189.59375	531377.375	485224.65625	538149.75	516495.875	562689.8125	507000.90625	538927.75	561982.875	550874.5
P0A742	241131.328125	292340.6875	328525.53125	214569.875	227405.9375	332887.5	364850.09375	266329.5625	304787.375	310874.5625	336852.8125	286305.15625	250879.015625	274563.5625	252595.75	175274.34375	280413.65625	232312.109375	238147.859375	251136.109375	289740.0625	293663.40625	298069.125	306588.53125
P0A744	1280272.25	1878828.625	1969062.125	1258981.625	1810509.75	2414235.75	1728837.125	1931698.125	2039155.5	2244636.25	2120347.25	1428735.5	1699604.75	2059094.125	1368179.625	1351831.5	1470836.375	1229503.375	1319991.25	1335313.125	1378104.5	1284253.625	1264762.5	1274397.25
P0A746	797246.75	2591976.75	2746229.25	782692.4375	2418435.25	2715354.75	2236605.5	2470094.25	2338249.5	2381819.5	2521371	2379629.75	2421028.75	2183878	880664.6875	945431.875	909229.875	979492.5625	913291.125	887231.25	829206.75	799823.0625	763989.375	817912.3125
P0A749	2196211.5	1875813.125	1937355.375	2050827.125	1958414.875	1722584	2062083.375	1812664.75	2018555.5	1851654.875	1650355.125	2083799.125	2072421.125	1753825.25	2071854.375	2142309	2072277.625	2238295	2219272.5	2195523.25	2299606.5	2254368.5	2149602.25	2268109.25
P0A752	21621.595703125	23052.09375	24051.40234375	19679.830078125	27878.419921875	30962.888671875	22158.650390625	23836.197265625	22741.63671875	23230.732421875	25407.91796875	18024.24609375	23433.33984375	18179.091796875	26154.291015625	21798.80078125	25451.744140625	20887.431640625	22057.87109375	17643.14453125	18135.078125	17824.74609375	27867.65234375	22548.4296875
P0A756	32632.697265625	35318.78125	31967.73828125	29795.095703125	36362.98828125	26418.173828125	22239.14453125	25871.6171875	31341.021484375	24705.31640625	17183.650390625	26203.962890625	30760.375	29401.81640625	19839.49609375	34796.69140625	33602.90234375	31486.498046875	19723.55078125	39478.17578125	26223.908203125	19795.671875	33722.97265625	27251.861328125
P0A759	874384.875	906753.1875	911337.5	733337.375	902814.0625	816786.6875	1022690.25	880580	1109945.375	924988.9375	923157.375	984345.4375	940084.625	898587.375	769950.5625	792368.5625	807883.375	828268	847518.75	780316.8125	821220.5625	873593.375	860524.5625	946837.3125
P0A761	64385.68359375	178403.921875	200219.640625	47619.5859375	183425.90625	249247.671875	168393.125	169870.65625	222395.53125	227093.390625	198184.34375	170051.140625	176630.765625	181517.421875	73669.3515625	79076.9140625	59821.31640625	66241.9296875	58845.390625	67811.2890625	61376.625	71992.109375	43860.28125	67437.59375
P0A763	6462019.5	14966464	15042521	6634634	14837188	15872913	13464165	13976006	14196223	14482194	13918861	12770045	13611401	13125446	7059966	7075257	7005959.5	6893133.5	6784527	6635130.5	6101995	6147354	5703787.5	6529370
P0A772	49866.125	18959.35546875	26476.005859375	18312.27734375	9284.8837890625	45465.23828125	27804.322265625	36982.71875	38767.0703125	43135.84765625	47455.69921875	NA	11769.3984375	27442.525390625	33842.66015625	80309.546875	53364.75	33617.76171875	24352.7421875	65528.71484375	44017.21484375	46035.25	36152.65625	46617.32421875
P0A776	73845.375	46712.6875	61034.8125	88195.734375	65441.7890625	31249.939453125	59016.78515625	56525.359375	57174.8828125	47043.890625	40488.0859375	61545.34765625	63719.42578125	37723.26171875	79582.5546875	66694.0703125	69389.03125	92226.2109375	80607.5078125	74982.0625	80141.2890625	87768.9375	82881.15625	73791.125
P0A780	889000.1875	1001198	1045526.625	913645.8125	1104851.375	1176989.75	971753.375	1026258.1875	947136.4375	986594.0625	1016744.125	957622.25	1031617.625	993569.0625	948857.6875	890398.75	892659.1875	908885.875	866107.625	885562.125	958943.9375	814016.25	915104.1875	909080.75
P0A784	781154.875	813340.375	791539.625	824118	783707.0625	861972.75	737831.875	812207.9375	833771.25	811411.0625	794791.9375	711253.0625	711917.25	744143.625	808145.0625	845953.125	827844.3125	841085.75	804882.9375	862637	854138.1875	803919.9375	815199.5625	819852.3125
P0A786	40536288	53132572	51868364	47400048	61344800	45641476	56530828	48686680	51313460	43815580	41569912	64334500	55814984	41308788	45866724	48445668	46247392	48049608	47208008	44460096	43752456	45498832	45413268	44466744
P0A790	1334748.375	1396219	1285219.5	1339727	1216234.625	1348692.125	1135228	1321615.25	1190884.375	1353762.5	1262247.625	1127428.375	1399418.125	1290913.875	1388245.125	1467685	1412549	1536856.875	1384835.875	1330068.75	1202710.375	1427860.125	1408357.375	1354661.375
P0A794	3748751.5	4500145.5	4447288	3991936.5	4625330	4321858.5	4477153.5	4427216	4312323.5	4202617	4093498.75	4334442	4474594.5	4549917	3907084.75	4044677.25	3626815.75	3880384	3912376.5	3965021.5	4046024.5	3902251.75	3956262.75	3896022.25
P0A796	14681692	4499926.5	4620910	15800792	4273856	4082496.5	4205622.5	4271965.5	4160083.5	4296588	4193068.25	4286861	3955745.75	4080569.75	13951566	13980746	13805339	12082987	14786326	14931547	15921710	15110363	15257754	14676583
P0A799	98739560	62964488	64733880	100079256	57233864	64952472	61544048	58614896	62943468	64563384	63443312	59497944	52007496	60406460	91169464	91749512	93707520	81768080	92509840	96795272	99349880	96494920	100029040	97624472
P0A7A2	1080416.25	1374955.875	1348633	1090071.625	1320657.375	1202897.375	1314449.625	1293336.75	1236005.25	1238759.5	1200337.25	1343892.75	1485422.25	1273361.375	1066175.625	993749.125	1017717.875	1089750.625	1016019.9375	1080064.375	1138822.375	1067707	1151111.625	1070173.125
P0A7A5	303510.09375	368887.96875	367174.96875	286208.65625	346798.125	372658.53125	320433.4375	347554.8125	314309.25	382845.875	342838.28125	331282.78125	390251.71875	359234.75	293864	300282.90625	291032.84375	276886.8125	261969.9375	301641.84375	306335.03125	276982.9375	297571.65625	309214.53125
P0A7A7	2687045.25	2251360.25	2238775.75	2624055.75	2547233.5	1902588.375	2512439.25	2252858.5	2482784	2094272.875	1984866.125	2458221.25	2367162.25	2006611.5	2578749.5	2605403	2562518.75	2772557.25	2595599.25	2621815	2589364.75	2799370.75	2648276.5	2647176
P0A7A9	19147160	23869282	23404658	19834336	22349634	28380672	21514062	22719786	23716636	25054170	25535752	19868014	20395392	23167994	22114942	21092298	22506176	19754892	20853060	18957750	19000866	18450780	20283440	19625786
P0A7B1	1205165.5	1121683.625	1075837.125	1240601	1220444.625	863633.75	1216238	1104910.125	1141593.75	997391.75	992081.9375	1175678.125	1190604	1040596.25	1208718.125	1240063.875	1184985.25	1308386.375	1206389	1253023.625	1239317.875	1235332.75	1285662.375	1240007.25
P0A7B3	57655.125	66673.515625	58804.00390625	65161.5	71396.875	50069.29296875	81421.0078125	65637.0703125	59661.7421875	61469.7578125	38770.875	70745.015625	58543.9140625	54394.97265625	70236.875	70160.390625	61854.140625	60838.62109375	77701	79529.59375	69680.71875	70696.3046875	77177.9453125	69089.3984375
P0A7B5	1688626	1833373.375	1882219	1797397	1998520.625	1684649.125	1662216.875	1797448.875	1555026	1656875.25	1693104.25	1834184.375	2120837.25	1781150.75	1693817.125	1894393	1698469.75	1753081	1712510.125	1787614.25	1771048.875	1755745.75	1764261.5	1717908.25
P0A7B8	509010.78125	560526.75	585005	521266.25	581500.4375	535922.25	493121.84375	569895.875	502324.46875	550567.6875	600162.75	497159.59375	556003.4375	589477.625	488611.3125	561433.9375	540223.0625	555816.3125	531640.5	545671.3125	547539.1875	546878.625	557774.9375	528608.1875
P0A7C2	749255.6875	870576.25	903448.1875	703301.3125	811355.8125	978504.875	836759	839841.1875	882299.9375	915024.1875	892371.875	707916.125	756767.625	872524.9375	755028.0625	753048.875	765234.875	698005.3125	738844.125	724541.75	743807.4375	662148.9375	684737.1875	731665.5
P0A7C6	915873.375	831291.75	813408	1033306.6875	797675.5625	799586.25	740984.625	846876.9375	718667	795460.0625	816646	748158.875	805095.25	932740.5625	869674.5625	859859.625	807779.5625	695170.875	834715.375	844713.9375	901886.125	850554.9375	888583.6875	765423
P0A7D1	825408.625	888573.0625	881529.625	831221.9375	870540.25	915026.6875	843466.125	870675.5	875195.0625	850252.5	828794.625	829098.5	857545.8125	843486.6875	831211.125	828670.375	842302.5625	826312.375	794013.0625	898572.9375	883616.5	831883.4375	843222.5	839286.625
P0A7D4	25100208	27023338	27198870	26924546	28963050	23406332	27505252	23708230	25172944	22963134	23006494	28393562	25040222	23009104	23781932	24910890	21533844	22585436	24408736	23497232	23579686	23484832	24430188	22641968
P0A7D7	15579549	18141052	18821328	15679095	17445958	18580688	18856410	16798466	18882082	17038648	17963056	17656182	16731185	17399630	14534747	15414470	14798779	14904068	15184074	15414668	15346551	15796329	15511250	14922665
P0A7E1	4129886.5	3443413.75	3141810	4249859.5	3277361.75	3835041	3123635	3541252.75	3332186.25	3565702	3617844	3339395	3372957.25	3885712	4089879	4011019	4476052	3779339.25	4265632	3967358.25	4136781.75	4148939.5	4375378	4283882.5
P0A7E3	120800.7421875	63738.98046875	67699.0234375	125301.9765625	74419.34375	69659.015625	65427.3046875	58220.3046875	63319.71875	55665.578125	57663.37890625	73013.5390625	66355.1953125	61004.0234375	119048.90625	123614.0390625	107509.109375	96663.3828125	102996.875	103931.53125	121101.8359375	114381.1015625	106280.9921875	111145.46875
P0A7E5	8732197	7759815.5	7576060	9299507	7361821	7233153	7815074	7447100	7661469	7193149.5	7172311	7658035.5	7426251	7422286	9034633	9486733	9269492	9237669	9712581	8973772	9108612	9137721	8890834	8811758
P0A7E9	2303334.25	2050975.375	2102764.25	2375481	2307851.75	1502971.625	2161452.5	2075981.25	1927103.375	1608886.375	1709666.625	2333952.25	2067421.125	1710888.125	2339899.75	2546666.75	2200165.25	2419158.25	2177930	2378972.25	2372514.5	2358320.5	2161651.75	2338590.5
P0A7F3	21807652	39138808	39642900	26285092	37966764	47230560	35257648	39004528	40610140	39787248	39606504	36936752	36566896	38491964	26302458	28383934	29527320	25608446	26250148	24556550	25267416	24259158	23638522	23856518
P0A7F6	1547957.625	1372348.75	1404226.625	1592448.25	1477568.875	1620038.75	1351871.5	1418699.625	1509099.25	1541758.375	1583902.375	1467548.625	1526948	1588514.5	1800244.875	1746992.25	1676465.125	1667177.125	1757356.375	1604012	1662195.125	1550420	1672849.75	1744522.375
P0A7F9	427254.9375	256869.328125	237347.546875	409202.9375	250727.296875	261479.484375	269666.9375	238337.484375	219243.890625	230272.28125	217078.3125	206569.265625	227946.765625	240685.4375	399221.4375	382622.53125	410026.09375	424467.90625	382303.53125	381853.0625	420276.9375	395439.125	383964.96875	371347.40625
P0A7G2	1861349.5	1928453.75	1926348.625	1851359	1777438.25	1991621.375	1666829.875	1870490.75	1665937.75	1944556.5	1868500	1768271.625	1867521.75	1929328.125	1891124.375	1823065.875	1858248	1769571.125	1728788.375	1776795.75	1924942	1680281.625	1716332.25	1777610.125
P0A7G6	6116366	6381354	6688226	6149334.5	6148213.5	6987447.5	6791320.5	6348180	6930922.5	6786652	6639088	6296316	6159909	6708999.5	6103485.5	6484794	6012473	6169133	6233695	6246910.5	6232359	6297727.5	6186449.5	6286541
P0A7H0	39344.7109375	30330.798828125	33105.875	40888.85546875	28954.396484375	27016.609375	35267.60546875	25101.685546875	31364.6015625	26146.482421875	23891.59375	28827.8984375	32595.953125	23986.4765625	41524.625	42412.5390625	37188.109375	45937.9765625	34291.05859375	33693.13671875	46192.5	37368.94140625	39149.54296875	36628.6171875
P0A7H6	157265.734375	236713.6875	253307.46875	170436.796875	219227.125	245416.859375	207068.609375	237273.953125	247930.421875	247462.546875	239463.671875	199251.546875	209088.5625	229949.515625	177756.34375	178731.390625	186214.890625	180011.890625	174997.796875	172380.953125	160679.4375	163232.6875	165974.734375	168997.015625
P0A7I0	749932.25	671509.0625	630645.75	805993	624301.6875	709852.25	587518.1875	662546.625	625452	679853.1875	664636.375	555835.5625	637618.0625	692283.375	808815.125	754279.75	814729.25	731825	780627	738749.125	831647.4375	721515.3125	749273.0625	708937.875
P0A7I4	2414884.75	1722021.375	1790088.75	2496340.25	1798388.25	1346464.5	1747971.5	1609711.5	1694189.375	1467345.375	1459352.75	1955059	1749266.375	1530247	2484431	2391525.25	2368669.25	2543916.25	2502533.5	2333958	2380151.25	2461479.25	2443067.75	2429557.25
P0A7I7	742581.5625	793148.625	815176.5	746866.4375	834745.0625	862494.9375	807625.875	862008.1875	785586.625	817730.4375	790798.375	719422.1875	795480.3125	779159.3125	775351	754425.4375	741854.25	712412.4375	714688.25	714650.8125	801255.8125	757564.6875	710768.125	755509.5625
P0A7J0	944503.75	1261247.5	1237790	954488.8125	1163523.375	1344522.25	1092205.375	1145659.75	1112350.875	1233850.5	1246038.125	1080681.375	1182207.75	1216464	923676.375	1010871.9375	882810.9375	858942	900142.0625	953232.625	826854.375	897450.8125	909235.8125	833142.625
P0A7J3	56611020	47526648	46908296	58456640	48147576	52692804	44384516	48731872	45115704	48343512	50616856	43164116	43750508	48954732	59168696	62923716	59814960	56261376	55437188	57845536	58219604	53945176	55205148	54664824
P0A7J7	33824212	29486352	28810744	34732892	28553070	32758772	26326886	30043956	27863584	30661068	30527182	26450042	27254088	29714458	35063876	37045508	35801040	33754832	33586304	34695728	35177044	32482130	33656256	33643356
P0A7K2	58334844	53413616	63861244	56919916	47751076	59961232	52094084	52968508	49932884	52637952	53197416	50770280	50394620	52628508	59744088	66684600	60981228	52653340	58987220	70749216	70596984	58401404	57130396	67589656
P0A7K6	15302079	8687456	9191111	15755738	10644956	8945596	10068931	8959463	8807519	8189610.5	8295559	10006527	9538345	8490970	15637697	16119981	14602866	15598503	15180387	15713994	16606288	16437813	15478112	15201270
P0A7L0	37454500	29865890	31052330	36550832	28556346	34185504	30103824	29381462	28308542	30319810	31966666	29589182	29037462	31261766	37468308	37149376	37876944	35753040	38770860	37452688	35891556	36271116	37296392	39315900
P0A7L3	13830236	7273301.5	6919911.5	13882942	10235794	4243139	9440490	7302483.5	7076101	5325403	5212614	10158462	8494257	5733907.5	13143887	13246008	12098087	14089505	13090222	13558445	14172373	13681878	13616051	13201157
P0A7L8	9459476	8387855.5	9046058	10376066	8267784.5	7983817.5	7524306.5	8695646	7964648	8560250	8507146	7503891.5	7868595.5	8054123.5	10723996	11683232	10922312	10006448	10652027	9628941	9528015	9589112	9876021	10218250
P0A7M2	14355173	10659755	11165435	14124227	9835312	11819945	9674844	10041484	10047008	11275842	11454547	9296037	8989722	10658331	14454087	15177305	14430713	14135190	13476834	14341273	14433729	14082514	14219079	14074096
P0A7M6	7416593.5	6769196	6448519	7808740	6390161	7581754.5	5685094	6858965	5904911	6537372	6962009	6097608.5	6062480	6694750	8046097	8080257	7964990.5	7143413.5	7491625.5	7153378.5	7957413.5	7301845.5	7067310	7353788.5
P0A7M9	5308301.5	9993365	10821382	5017855.5	8518293	11208798	8704555	11160589	10222374	10471045	10848042	8025996.5	9028476	9808701	6129524	3525546.75	7954405	3977098.75	5844732.5	4917588	5752628	4032470.25	4637199	5151056
P0A7N1	8305879.5	1456889.375	1109512.75	9012703	2296465.25	559878.5625	657683.25	208069.484375	171846.03125	657847.4375	728220.5	1036801.125	545104.9375	767274.6875	8574717	12892713	6634393.5	9635811	7515264	9580106	8596860	9446074	8615210	8205154
P0A7N4	5904739	5007829.5	4453309	5779596.5	5136441	6896369	4611600.5	5229230.5	5179152	5746235.5	5466612	4196660	4520613.5	5281945	5858449	6001778	5989801	5636318	5851924	5876784.5	5643052	5387224	5519328.5	5731448
P0A7N9	6826480.5	5385567.5	5685265.5	6647188.5	5707488	8084748.5	5019816	5861668.5	5581986.5	6208687	6550159	4164283.75	5011908.5	6004230	7040806.5	7801247.5	7349442	6301722	6483814	7033610.5	6906035	6101300	6130087.5	6364953.5
P0A7P5	3920201.75	3226480.5	3248861.25	4022350	3254194.5	4276553.5	3053661	3308611	3330649.25	3588165.5	3450935.25	2897573.75	3072960.75	3486462.5	3729393.5	3620688	3873190.5	3743845.75	3756695.75	3708084.5	3668938	3644989.75	3700999.5	3732862.5
P0A7Q1	3488361	2563643.75	2077004.5	3411491.25	2033650.75	3002875.25	2637247	2515559.75	2420238.25	2523982.25	2589986.5	3063613	2231807.5	2537270.5	3129567.25	3029854.75	2860312	3170818	3140879.25	2883016.25	2306585.25	2684082.25	3112215.75	2702362.75
P0A7Q6	650391.0625	726845.5	813237.1875	698313.6875	560478.8125	1032944	701382.75	885241.625	791632.9375	816275.5625	853672.625	518054.90625	670745.4375	785577.25	637038.4375	538414.375	715879.5	451339.78125	582545.375	568480.9375	601463	500154.59375	502541.78125	575627.4375
P0A7R1	49680940	42504540	43237184	49684432	41470424	49387952	39243452	43532028	41153920	45700076	45754608	36750416	40223936	44725000	50195156	53458380	53134736	48306048	50829888	50212012	49703132	46517616	48616092	48501052
P0A7R5	33661808	29755438	27965692	34959748	29198778	33201118	26932320	29936786	27393948	30459298	30734010	27183296	27666810	30701550	36457432	38158180	36896492	34801052	35754052	35473428	34728400	32707612	34364892	32817914
P0A7R9	10093478	8118324.5	8236425.5	10579209	8004250	8377546	7858129	8319162	8132233	8488858	8381379	7660022.5	8058594.5	8229511	10133800	10791231	10391974	10454319	11357527	9809488	9563349	9929220	9899314	10348600
P0A7S3	12500677	10199205	9677311	12978755	9566557	11361291	9652919	9871495	9404718	10505108	10563388	9432272	9506108	10591263	12762979	13642357	13414131	12893061	13243299	12538209	12720726	12741829	12509459	12517729
P0A7S9	25531128	18712996	17993488	26867830	18694528	21176184	18953310	17532974	18551154	18694686	19095044	18665734	18303600	18938946	25390922	28063724	24595760	25450826	25374334	25502458	25155894	24363454	25113444	24247814
P0A7T3	17572286	14687585	13231439	18389304	15142252	16632495	13709457	16158872	14426514	15349668	15864817	13410651	13220042	15366110	19698782	17118482	19443464	18157426	19337994	18214044	18799540	17686418	18263166	16727876
P0A7T7	13902458	9770670	9440957	15012595	11587212	9701991	10136036	9543485	9137116	9346481	9523818	10476109	9890192	9902067	13754379	14122238	13949527	14308792	14655553	13823325	14236421	13763961	13867162	14270053
P0A7U3	13432521	11771864	12246677	14262488	11737822	13303597	10254684	12245835	11201228	12082319	12173159	9938635	10528164	11995556	15293350	17203354	15268250	13129625	13747115	14138584	14690567	13311740	13028881	13364617
P0A7U7	13505228	10529946	10965999	13777705	10857468	14213376	9215007	11014627	9859143	11955783	11859449	9051676	8810621	11047116	14296109	15033829	14598402	12712311	13102740	14172884	14592085	12974250	12856623	13537086
P0A7V0	33868560	27223432	27953424	35121660	25962522	29735628	25869772	26401768	25611524	27874692	28882960	26910240	26611698	27566872	34799556	36562364	35518216	33573368	35312932	33745024	33765032	33393998	33370718	32723666
P0A7V3	43490016	28001776	27955798	43280920	32948366	22412842	31837912	28197872	27181854	24444562	24787254	31309336	29243780	25001720	43656888	45376100	42269792	43430680	42707136	43200496	43614904	43766288	43994516	42799824
P0A7V8	43873664	32867990	31085498	44785568	34965360	32160456	33238278	32019014	31261814	31514236	32637260	35376968	32682872	32138802	45093420	47598692	44487792	46195764	45364612	43723940	44702204	44579256	46143600	44096952
P0A7W1	34644484	27616786	27315900	33869012	24796090	30337272	24151540	27099682	25101790	28105314	27753672	24439940	24692886	26999248	33720052	36117264	35111604	33342798	32904924	34792644	35172848	32267026	32870692	34318080
P0A7W7	18113518	17054776	16832808	18526858	14592723	19984912	14186991	17034254	16011142	18707228	17823974	13379487	14643718	17867922	19835396	19308106	20480686	17691074	17865134	16870244	16845340	16847364	17612442	17364298
P0A7X3	19752536	15182021	15345294	19230400	17697698	15919554	14220652	14065792	14941317	15861796	15366044	16465604	14530173	15800767	19814838	19775844	19800422	21568342	20789350	19421132	18793396	19799196	20656576	20738782
P0A7X6	745546.8125	639232.375	654903.1875	688485.0625	589907	647585.375	593959.25	626063.1875	644959.5625	628131.125	665901.75	629193.6875	597955.875	682532.4375	771852.375	740148.625	734033.375	738960.875	747183.75	747805.3125	754316.8125	603394.4375	703915.3125	709248.3125
P0A7Y0	1722791.75	1515806	1480002.75	1661553.25	1479089.125	1589270.625	1495223.875	1510279.125	1489549.625	1483504.375	1507091.625	1458677.5	1583934.375	1441774.125	1672244.5	1662230.625	1665618.375	1702389.625	1670819.875	1649223	1697806.125	1650205.5	1812594.875	1704956
P0A7Y4	52903.83984375	55002.125	54719.03125	62354.78125	48080.6875	49268.0859375	48183.37109375	41059.078125	49604.19140625	49370.171875	43682.27734375	47937.66015625	45703.46484375	39750.8671875	61686.05078125	53019.69140625	58130.2421875	64907.671875	58485.38671875	57387.6953125	57090.91015625	56399.69921875	58860.9609375	52035.13671875
P0A7Y8	368676.96875	303423.90625	336496.6875	375305.03125	367686.28125	342965.5	324113.375	329016.5625	302950.78125	311366.0625	323286.15625	344717.71875	300979.09375	328112.625	353519.15625	409036.46875	373688.4375	364945.5	356464.34375	390781.84375	398838.53125	362992.25	345460.15625	397991.5
P0A7Z0	4736628.5	6817878.5	6969024	4893182.5	6712251	7399017.5	6257215.5	6509916	7006161	6917359.5	7079510	6426179.5	6628934	6605623.5	4823435	5003850	4815223.5	4491390	4833095.5	4924690	5071779	4723153	4827339.5	4621541.5
P0A7Z4	33229470	32790712	31869782	32888578	33308774	35533012	32445596	33238988	32726186	34079908	33974756	32585564	32780388	34984468	34605572	36960048	34039388	33580088	34206544	33829380	33116432	33585932	34223656	33053106
P0A800	3942426.25	4252783	4274993.5	3970535.25	4099905	5378973.5	3783238.5	4573768.5	4234035	4781832.5	4779813	3457593.5	3886185.25	4492070.5	4443865.5	4493583	4324838	3697544.5	3853181.25	3965298.75	4149702.5	3732193.25	3752646.25	3795484.75
P0A805	9898781	11074395	11797174	9674593	10249989	13673995	10282974	11003727	10686013	11994223	12153540	8639072	8987346	11179216	10360758	11001581	11234133	9981258	10059358	10681115	10761921	9764326	9561066	10052532
P0A809	174887.140625	242742.234375	276355.21875	169763.21875	238343.484375	288817.34375	235535.28125	234815.109375	234903.171875	262881.125	271131.375	224167.46875	260239.65625	261602.09375	174218.375	186679.5	178699.15625	167351.546875	159665.390625	172353.296875	147602.875	155524.765625	162038.890625	165014.53125
P0A812	445318.65625	541682.875	534220.0625	426284.6875	503274.1875	618637.25	528571.875	518266.875	561659.5	605181.4375	580169.9375	492548.5	506741.5625	603325.5625	433874.375	406168.9375	455412.1875	435447.5	430535.46875	456682.03125	456847.71875	444271.5625	452187.59375	465010.5625
P0A814	56166.390625	54145.15625	27563.611328125	43894.32421875	32797.1796875	20465.65234375	78458.5390625	46200.94140625	28278.2109375	32903.5078125	23228.671875	31944.1640625	37389.7578125	29690.08984375	48256.7109375	59279.765625	60113.30859375	44432.54296875	46792.28125	48333.80078125	66797.171875	54222.4140625	51766.8203125	51867.9921875
P0A817	17818492	17353854	16500533	18381308	18435188	16888080	17031240	17233982	16944828	16668977	17034944	19070562	17347790	16384847	18031558	17574406	17365324	18161024	17767224	17967818	19004804	17957214	18146688	18897480
P0A821	873995.4375	757313.125	783409.8125	916305.875	785467.75	588879	726333.625	731092.5625	729072.75	710145.125	661846.3125	796238.5	738786.3125	690634.875	847503.0625	930604.3125	812278.875	885036.0625	861194.125	843484.125	847313.375	855355.5625	864000.5	808664.125
P0A823	70621.2734375	61416.51953125	54155.0703125	71321.296875	60977.578125	56906.0390625	63722.92578125	71034.8046875	46479.8046875	60065.609375	51470.2578125	53351.6640625	55433.0625	45958.13671875	64103.4609375	63897.68359375	70570.96875	71653.65625	58095.54296875	64117.55859375	57011.20703125	75972.59375	67199.28125	72528.515625
P0A825	71297032	63080928	66614084	68276080	56968216	77217512	63314632	63875860	68358056	68614264	70211192	58347500	56706568	66502096	68694416	71881256	72524792	65476308	67594808	70801160	74105184	71380184	70612112	69001128
P0A830	NA	18207.09765625	4819.41259765625	NA	17655.05078125	12365.0078125	24419.3671875	8404.9013671875	21528.927734375	20137.625	20184.0234375	22314.537109375	21425.72265625	15131.2216796875	NA	NA	NA	NA	NA	NA	NA	NA	NA	NA
P0A832	753534	667524.5	595095.9375	744404.625	838009.1875	622241.625	704029.75	656232	631562.5	659073.625	581749.5625	801846.6875	848958.5625	680370.25	745343	835863.375	633492.625	744115.8125	792006.5	742751.625	689934.5	801930.8125	798322.875	733816.375
P0A836	11028605	55527844	59795204	9569694	61606576	49584676	61424548	50753220	55738888	48937080	48005712	59212096	51649816	43424508	11024511	13954672	10738763	14278886	10967998	12411049	11249681	12678546	10306522	11483435
P0A840	155217.6875	205288.953125	183982.953125	164375.328125	207562.859375	236027.6875	198247.21875	243091.390625	233912.046875	224308.59375	231745.9375	219146.296875	237866.125	230647.125	158503.78125	163127.8125	160979.90625	160809.515625	155292.609375	157575.53125	139754.78125	161191.09375	158949.6875	165175.5625
P0A843	404009.1875	480434	591610.875	409263.875	381080.28125	300377.25	537489.9375	668695.5	375876.46875	344446.46875	474628.15625	241386.359375	423981.5	452767.65625	344826.78125	389392.40625	415643.59375	375042.21875	351327.59375	302457.625	365899.09375	377836.5625	355132.65625	380108.375
P0A847	1623749.25	1088369.5	1113291.75	1540304.75	972066.6875	1244228.625	1043595.3125	1214757.875	1134612.625	1239173.25	1271779.25	897568.4375	1056695	1336821.875	1523989.625	1351084.75	1831846.25	1325587	1519125.625	1484825.875	1593703.75	1447983.625	1591746.125	1679962
P0A850	51191164	49320436	49279736	51763884	46143616	56023992	45669844	49567648	45840572	49543928	51907368	43100800	43373400	49792144	54267088	56196788	54348744	51537944	53023260	53445148	52090888	50524676	51101020	51180588
P0A853	807481.625	3607410.5	3641367.5	594292.3125	4371038.5	3853434.25	4018914	3640405.75	4255777	3892361.5	3855267.75	4551065	3969223.75	3574945.5	506142.625	332015.09375	585963.8125	342464.21875	376531.21875	837503.25	381319.71875	530104.5	769947.1875	471785.25
P0A855	3157144.75	3283899.75	3341135.5	3138892.25	3269003.75	3427649.75	3196627.25	3315787.75	3330809	3282461.5	3324504	3311268.75	3446447.25	3291823.75	3178349.5	3303778.5	3208649.75	3272212.5	3120581	3322243.75	3250897.75	3265052.75	3111756.5	3154267
P0A858	15658314	11992896	12234462	15844460	11418253	13764584	12633532	12220553	13346232	13058428	13137792	11858188	11468723	12569732	14772373	14732432	14965608	13973911	14996381	16068106	16008153	15798673	16121442	16057822
P0A862	18088336	24023138	27277722	18733632	23133222	26570720	23659022	24377148	24168208	24353570	24056694	20606984	21595526	23277200	19791710	23281978	19382620	20677432	19061802	20242714	18804706	20035940	17938700	19155850
P0A867	10996357	9118283	9852720	9649206	9060155	11073762	10014462	9221951	10909765	10585526	10398000	8849572	7760333	9830758	10887408	10710917	12061909	10645145	10898032	11348599	11650682	11332410	11039173	12054397
P0A870	17606258	23883184	24165218	17761518	26645752	21121778	24933252	23387750	22899302	21359306	21824932	25820354	26054254	21824338	16935396	18247590	16047987	17973134	17089976	18121194	18160468	17761016	17234632	17111426
P0A873	312824.75	313648.9375	299021.34375	306184.28125	300886.5	318230.65625	289508.28125	300524.71875	315543.125	326427.5	318463.40625	243835.875	290001.65625	305573.78125	312052.5625	315796.46875	327825.21875	319301.375	324759.90625	302984.65625	321596.78125	289558.65625	321158.4375	302495.90625
P0A877	6837247	7154571.5	7276416	7474986.5	6797946	8503534	6613802	6730882.5	7580317	7628699.5	7567531	6550135	5678313.5	7146302.5	7138686	7832126	6816006	7632156.5	7274439	6819475.5	6989672	6817698.5	6840114	6845820
P0A879	6364942.5	6284458	6177447	6976045.5	6345465.5	7014999	6100075.5	5992558.5	6556326	6769351	6539739.5	6101184.5	5273404.5	6233369.5	6771465.5	7026638.5	6347618.5	7401650.5	7154770	6420169	6270153.5	6406321	6721585	6250327.5
P0A881	2022079	3094776.25	3073071	2196157.5	3010191	3552024.5	2762843	3145855.5	3348054.75	3377572	3359872.75	2434489.5	2668879.75	3163814	2132346.25	2123945.25	1918646.125	1914631.5	2040445.375	2198291.75	2118087.25	1914782.875	1834798.25	1812236.625
P0A884	838396.6875	746964.75	767431.125	827210.25	746406.0625	701316.25	756015.25	760307.75	778063.375	748349.3125	758371.9375	726821.9375	761880.4375	728813.75	823791.375	876918.25	796881.5625	838952.75	774549.5	800004.5625	850166.5	815498.8125	843670.1875	794410.75
P0A887	1847402.875	1913495.375	1827947.5	1909786.125	1968354.75	1793518.125	1911192.875	1866480.625	1878287.25	1922731.625	1916192	1789418.875	1991270	1879352	1815953	1843103.125	1797146.75	1770026.5	1770353.125	1780610.625	1841289	1754941.125	1781820.25	1813608.125
P0A890	199631.453125	294780.78125	246883.515625	231984.53125	297793.59375	279161	249647.09375	313821.71875	268603.59375	300299	283272.09375	252215.21875	284641.9375	302776.90625	223401.15625	228000.921875	206490.15625	190414.484375	217587.34375	216810.28125	199081.90625	190505.671875	192265.4375	190742.3125
P0A894	1163151.25	1229849.5	998144.3125	1176435.125	1264926.125	1115543.5	1211654	1182630.75	1176162.375	1147393.625	1192666.5	1247104	1166026.125	1177832.875	1126997.625	1214362.25	1123834.5	1167690.5	1214696.375	1180944.75	1035875.0625	1160099.625	1202903.625	1076663.5
P0A898	119669.1015625	150452.421875	133010.546875	136554.3125	139549.125	161788.484375	130186.4921875	156419.265625	138218.65625	172291.765625	162687.203125	88531.5390625	135493.140625	152104.28125	130930.859375	127629.109375	143866.078125	129938.0390625	132932.390625	111515.3515625	118771.6796875	111128.7421875	114796.453125	107853.1484375
P0A8A0	3328391.25	3293329	3311814.75	3224667.75	3522857.25	3395587.5	3044421.25	3279203.5	2958182	3308375.5	3459846.25	2799975.75	3413809.75	3344814.75	3492664.75	3354209	3439183	3073514	3218359	3089907.5	3071782.75	3094655.5	3145071.5	2829082.75
P0A8A2	1331575.25	993145.375	1015666.3125	1440993	1009386.25	966288.875	930837.25	993072.75	990261.375	986132.6875	950499.5625	859268.75	762165.0625	859810.375	1456021.875	1412976	1405698.625	1322765.125	1320258.875	1396609	1407787.125	1353248.5	1408329.75	1281745
P0A8A4	353832.875	1248961	1158607.875	427244.3125	1274072.875	1057409.25	1201613.375	1232552.5	1199034.625	1184995.75	1069337.25	1165265.5	1236513.875	1138255.375	385725.71875	411618.03125	337589.6875	390689.0625	357068.34375	404468.625	373687.875	366434.28125	393029.6875	396379.6875
P0A8A8	771775.1875	547417	577182	751834.5	621282.8125	465302.0625	529798.375	553704	528290.375	527977	441278.6875	506907.90625	506726.21875	467931.40625	727616.5	719658.6875	635014.375	689055.5	698470.9375	717134.4375	714517.9375	712327.1875	731885.3125	711421.375
P0A8B2	94524.0703125	120371.3359375	121279.28125	106611.640625	114431.8515625	103167.421875	96075.0703125	103953.0703125	100695.1015625	108944.7265625	100657.84375	89427.703125	108176.75	102663.5859375	103715.34375	98833.25	102067.7421875	110490.84375	98524.296875	97699.6015625	94750.4140625	84316.671875	93055.96875	96092.484375
P0A8B5	2930551.5	3701323.25	3824228	2975601.25	3397467.75	4314115	3387299.75	3671044.75	3535717	4022146.5	4129383.5	3262285.25	3599535	3859245.75	3189717	3247552.5	3053533.25	2798585.5	2963041.75	2992251.75	3175518	2663055	2909254.75	3227078
P0A8C1	781114.9375	970904.0625	1259827.625	810484.3125	1263526.125	1381990.625	1115617.625	1375192.375	1146142.75	1330395	1281047	1060004.375	975728.375	1332555.625	918015.25	909584.625	816822.125	808236.625	767468.0625	843022.875	892850.25	825313.9375	866173.75	838606.875
P0A8C4	772752.3125	899570.5	893640.625	907255.125	887461.5625	892649.625	827617.125	855168.875	816907.5625	896087.5	918650.5625	784324.375	814681.125	857432.875	762283.5625	783282.875	842097.6875	838443.1875	803310.375	826395.5	787027.875	721184.3125	800944.4375	758361.1875
P0A8D0	321346	493271.96875	517341.46875	353736.53125	477231.53125	503163.40625	434813	466258.5	477999.0625	479166.71875	524098.53125	399392.9375	493201.3125	496152.8125	320028.90625	330815.71875	321208.71875	299732.375	317627.09375	340714.4375	323492.375	322703.1875	320463.0625	297724.5625
P0A8D3	161888.421875	139645.078125	151671.140625	167502.96875	131168.09375	136263.5625	126408.5625	149759.015625	126568.9609375	131617.109375	135960.109375	117026.1484375	145369.46875	139845.09375	156555.140625	149524.078125	161170.21875	138189.765625	148345.03125	145688.171875	157349.53125	147548.515625	140002.234375	141455.5625
P0A8D6	345035.5	413339.65625	445090.875	327554.4375	399458.28125	475039.9375	424783.4375	433565.625	449874.84375	456307.84375	459467.84375	393499.6875	358941.625	429806.59375	340965.5	355258.3125	345316.71875	304636.1875	339781.03125	328953.71875	346059.1875	311470.09375	307570.15625	320887
P0A8E1	2995689.75	3224793	3168839	3145350	3377581.25	3342932.75	3053896.25	3307270.75	3112265.25	3369455.75	3309333	3096846.75	3369428	3591116.5	2987364.75	2949983	2872948.75	2932420.25	2979911.75	3041124	3110289.5	2922106	2949097.25	2948479
P0A8E5	55843.8671875	67442.1484375	65724.9140625	50956.3359375	67485.28125	77270.7734375	59429.20703125	62286.8203125	64495.27734375	65851.234375	65582.2734375	51808.99609375	62395.86328125	62743.28515625	61206.95703125	47313.73046875	48375.8046875	46353.8671875	55326.828125	57017.81640625	47367.90234375	50933.8125	47287.01953125	52755.31640625
P0A8E7	7046019.5	8406204	8346023	7584967	8114967	9744272	7367680.5	8079227.5	7662935.5	8128357	8952105	7239535.5	7668969	8324067.5	7693858	7875715.5	7848717	6644001	7160625	7664318.5	7518443.5	6986672	7127077.5	7013170
P0A8F0	17087222	19952616	21224716	18697564	18164182	22826246	18039778	18791140	18976348	20302604	19519660	19772364	18829838	19228268	18507334	19001106	19047884	17254538	17782284	17946220	18889720	17237224	16945952	17550668
P0A8F4	640953.8125	619745.5	667255.25	599277.625	640484.6875	691838.125	618079.1875	566810.375	584758.3125	615435.4375	636174.125	635439.375	682074.125	601827.125	630928.375	656263	643714.5	626314.1875	645865.8125	605797.6875	604164.125	642249	596597.6875	620563.5625
P0A8F8	685269.6875	851581.625	785380.1875	689055.0625	879497.5625	813070.1875	838609.9375	835381.0625	827540.4375	876683.3125	867695.875	805605.3125	911355.1875	852331.8125	694593.9375	658401.6875	691858.8125	640842.1875	633762.125	676564.4375	664598.8125	682401.5	717346.875	710149.25
P0A8G0	439294.8125	372430.96875	399646.125	449580.875	374080.65625	350406.59375	375819.75	400806.84375	382739	378052.9375	377719.40625	398498.5	408294.5	405353.0625	444447.40625	422635.46875	444185.4375	423824.46875	446186.9375	405489.4375	414508.34375	450074.78125	441955.21875	446231.21875
P0A8G3	784467.4375	1108295.25	1192889.625	673957	948451.4375	1513237.75	1248472.25	1214883.5	1551668	1428739.25	1424092.5	1063399	1195383.75	1332605.25	701873.625	889861.875	921981.5	771609.4375	797954.8125	861177.5625	700206.1875	876008.8125	734751.3125	860376.125
P0A8G6	11761218	11313142	11158833	11818917	10752245	11915876	10827840	10571272	11611264	12034999	11962817	10590712	9819314	11897901	10834736	10824302	11042941	9970386	11316558	11750658	12127243	11552371	11763514	11613856
P0A8G9	533357.6875	788715.625	716776.75	582381.25	656360.0625	826417.625	629057.9375	736009.5	698627.9375	780502.0625	818011.375	568859.625	660343.1875	782536.375	594298.6875	637220.25	665777.5625	513554.21875	541547.6875	539338.375	609976	530268.4375	554824.875	520282.9375
P0A8H6	425092.78125	601810.1875	546978.125	469124.90625	520916.84375	552452.3125	508839.28125	582824.75	609776.375	617318.5	608360.6875	478515.125	524877.6875	579491	532512.5	522449	517523.21875	455563.96875	458385.46875	423882.6875	466469.5625	331639.84375	454475.71875	426156.4375
P0A8H8	262062.296875	293777.6875	313997.28125	283047.40625	284837.75	288340.375	242554.71875	316138.8125	333274.75	304279.8125	303663.53125	262704.09375	257068.921875	260689.171875	301681.6875	242239.625	331943.90625	253027.015625	280129.46875	271618.09375	273524.9375	284227	257075.453125	254300.9375
P0A8I1	126364.8125	143904.953125	145974	138621.765625	134269.078125	152070.859375	126585.984375	134991.25	136760.609375	143437.609375	146491.984375	125456.9296875	139622.140625	149341.984375	149295.609375	144099.34375	153648.3125	139759.4375	135774.515625	136095.390625	147212.90625	135671.40625	134475.15625	133932.296875
P0A8I3	439238	382572.9375	370890.0625	452631.34375	359141.4375	374054.84375	372861.0625	385481.3125	397246.96875	380846.75	410542.96875	364021.625	360422.875	381002.40625	453099.125	479017.90625	481436.375	469056.375	442649.21875	456047.9375	454990.53125	464750.6875	436979.65625	482748.1875
P0A8I5	584540.9375	561807.0625	580896.625	584595.125	490184.4375	608390.5625	569732	545301.625	585966.125	603196.3125	626234.875	532811.5	509464.65625	570385.1875	612466.375	560206.25	614883.25	620388.1875	681395.1875	588045.25	598673.3125	610757.75	581273.375	589874.25
P0A8I8	314959.28125	294910.09375	291950.40625	360454.84375	282037.28125	313542.4375	333108.40625	308136.65625	275774.25	331136.1875	328323.84375	282658.75	296559.03125	325151.40625	320962.4375	314803.21875	326481.84375	332917.8125	327496.375	318526.6875	305661.3125	310437.71875	326017.625	311066.4375
P0A8J2	52394.83984375	58851.21484375	67047.09375	55506.33984375	70347.5234375	63726.546875	53579.4765625	52133.2421875	57375.62890625	50218.2265625	80456.8671875	40694.58203125	59772.8203125	54161.72265625	58425.43359375	58485.4609375	60935.58984375	56035.28515625	51701.84765625	51442.37890625	48811.8203125	46585.5625	54991.796875	38826.7265625
P0A8J4	1538700.875	2081806.125	2065111.875	1446077.625	2105078.75	2541239.25	1940266.625	2029868.75	2041236.125	2274029.25	2304616.25	2210658.25	2262254.25	2332856	1526128.5	1652974.875	1580697.5	1467881.375	1430710.25	1464579.25	1471232.5	1385320.375	1430511.375	1455859.125
P0A8J8	6114976	5764983.5	5643350	5939375.5	5763041.5	5787621	5608408	5458967.5	5515759	5518886.5	5630390	5546562.5	5644594.5	5686184	6089281	5965446.5	6140849.5	6044092	6043606.5	6034874	5990687	5924729	6147323.5	5974928
P0A8K1	1173755.125	1255681.5	1104556.125	1180159	1241627.375	1149317.5	1223051.625	1167783.5	1148434.25	1223781.5	1207169.75	1215478.5	1168917.875	1165624.125	1174576.75	1093278.5	1144721	1117870.875	1114550.5	1152959.25	1217175.25	1130627.5	1194578.125	1171611.75
P0A8K5	274158.4375	466226.09375	442524.34375	335274.53125	543101.625	526125.6875	467989.15625	462385.5625	477504.84375	509028.875	544361.9375	450157.96875	472783.46875	513260.90625	354726.28125	316193.71875	300368.46875	378937.46875	309395.25	302095.375	303818.3125	296240.0625	305521.40625	291968
P0A8L1	12738492	17682282	16469289	13903610	19243940	14311350	16032979	17495442	13924350	15171734	15551102	18526504	20624464	16820348	12614312	12794835	11868273	12724669	12810041	12046346	12549371	12508309	12900454	12049866
P0A8L5	76331.21875	68051.9375	73072.046875	83436.7421875	60240.3515625	46550.1953125	58461.55859375	54846.2265625	56548.12890625	59391.19921875	63202.140625	68828.4921875	52797.72265625	60828.6953125	84666.8671875	92017.0703125	71032.2734375	69915.515625	75193.4765625	84850.421875	61815.5625	78432.8984375	81758.234375	78327.6640625
P0A8L7	45508.375	49725.859375	47161.31640625	44990.66796875	28719.337890625	54895.984375	35839.1328125	51720	47610.453125	35474.5078125	60870.84375	31738.642578125	45471.8984375	40802.7890625	46000.26171875	34009.875	53850.703125	51032.2890625	49089.703125	48837.14453125	47421.359375	50886.3984375	43894.98828125	50776.92578125
P0A8M0	17231446	15948346	15626421	17610172	16556628	13340064	14933389	15277623	13646004	13670418	14083126	16846650	17302384	14680343	17201536	18155706	17142422	19031362	18142874	18157578	18409254	18722988	17741588	17811392
P0A8M3	8737195	9215067	8972546	9458907	10341700	7581277.5	9234701	8894570	8111253.5	7827699.5	7828512.5	10664503	10808912	8411271	8752202	8742908	8101363	9404314	9351989	9022658	8794181	9168939	9046477	8666141
P0A8M6	6522437	5947375.5	5797304.5	6589963	5558072.5	6648461.5	5541030	6164592	5787506.5	6184574.5	6030949	6285544.5	6299643	5897081	7081435.5	5772064.5	7045209	5562571.5	6208045	6041624	6438733.5	5748301.5	6602124	6324598.5
P0A8N0	114667.484375	182606.234375	193253.796875	123526.046875	164329.171875	206875.640625	171687.765625	163147.78125	178046.65625	187397.84375	188302.859375	149875.21875	163296.375	180617.96875	118816.265625	130604.4921875	120826.0078125	113182.5859375	119202.09375	137107.078125	135207.03125	119808.796875	120727.78125	114025.328125
P0A8N3	10364733	8445717	7854469.5	10663365	9898651	6305125.5	8887342	8251812.5	7329985.5	6860322	6694635.5	9699199	9199644	7379213	10411556	10094270	9657040	10608367	10471594	10373254	10327483	10242930	10451217	10236265
P0A8N5	619491.8125	675942	691425.0625	624255.25	810926	437965.28125	695029.1875	632201.75	533445.875	545248	532871.875	828892.4375	894172.0625	675964.9375	620059.875	609283.4375	577750.6875	657814.5	607748.875	655911.0625	621917.6875	667472.8125	618387.4375	622354.0625
P0A8N7	141064.46875	102301.1328125	85017.9609375	140095.21875	85722.4140625	67995.515625	81046.8359375	79189.40625	88539.7890625	70274.3359375	85761.96875	107632.609375	88643.1328125	66135.109375	125258.28125	126521.59375	84960.3203125	125382.6015625	99847.9453125	140268.625	126214.4921875	132825.21875	118778.1953125	113955.4921875
P0A8P3	2573468.75	3219254.5	3335215.5	2626105.75	3271314.25	4064214.25	3126058.25	3525044.75	3460047.75	3560722.5	3644318.5	2842605.5	3453778.5	3482824	2948853	3126219.5	2911700	2590289.75	2831949.75	2878550.25	2729075.75	2697067.5	2702480.25	2685189.25
P0A8P6	82939.875	61646.875	77888.1484375	83726.015625	60748.25	62304.19921875	70374.7578125	64345.0625	78386.8125	66232.203125	55255.11328125	66761.1484375	59832.76171875	65389.703125	99644.9609375	97682.59375	84654.828125	84086.9453125	85620.8359375	78707.6328125	98324.328125	99141.0546875	90077.9296875	87817.296875
P0A8P8	40930.24609375	37503.5390625	48291.21484375	40453.21875	44338.28515625	39717.57421875	42415.16796875	38276.96484375	42820.82421875	41219.85546875	36639.56640625	32238.95703125	36833.7578125	31137.6484375	39226.37890625	49059.921875	40759.70703125	38255.0078125	42137.26171875	34887.015625	43075.28515625	39697.4921875	33626.31640625	40886.8046875
P0A8Q0	184524.953125	181888.875	172743.859375	232382.234375	193841.3125	134082.609375	193707.953125	177058.15625	145982.53125	167618.015625	156071.4375	200740.890625	214803.078125	157946.875	162094.828125	124972.9375	144895.4375	153801.625	140194.921875	158724.796875	176145.96875	166874.65625	183521.828125	170095.125
P0A8Q3	27570.83203125	30922.498046875	35932.2109375	32876.24609375	23433.259765625	31286.892578125	33339.23828125	35587.3828125	20742.083984375	28700.552734375	25755.470703125	35644.89453125	37210.484375	31104.69140625	22291.28125	17398.095703125	16374.4736328125	18120.658203125	20679.16015625	21789.865234375	17679.978515625	18242.986328125	19290.775390625	18369.8359375
P0A8Q6	173313.28125	127231.6171875	148760.875	174170.5	118616.40625	156401.640625	181064.484375	151620.703125	157039.546875	150650.65625	140022.390625	131721.65625	144314.34375	140575.46875	182745.234375	167824.3125	131106.296875	142855.65625	155177.328125	179262.078125	159414.9375	157123.390625	173441.96875	177382.40625
P0A8R0	2353447.75	3464462.75	3426966.75	2601983.75	3542094.75	3774735	3031822.5	3597348.75	3217198	3536411.5	3455947.5	2964158.5	3388987	3452373	2498096.5	2560159.75	2421772.25	2295090.75	2347508.25	2513227.25	2569133.5	2427960.75	2395583.5	2293850.75
P0A8R4	126784.21875	256098.609375	262435.4375	133929.375	249218.296875	316903.125	229126.578125	277491.59375	286649.34375	297769.59375	294215.46875	191205	204879.96875	268549.0625	156218.34375	144051.765625	154516.078125	135137.515625	138473.890625	145731.734375	130303.078125	137434.65625	127314.1015625	122103.9921875
P0A8R7	77159.21875	87417.6796875	79454.984375	65292.33984375	92126.7421875	89629.546875	90313.453125	86268.125	83510.125	89949.3125	87413.390625	75185.7578125	87186.0390625	84306.8984375	67078.9921875	67389.515625	73354.421875	76023.9453125	64070.51953125	77478.3984375	65638.9921875	71271.6171875	72776.5234375	78476.8125
P0A8R9	191169.5625	135995.796875	142128.828125	161337.046875	149092.03125	88174.484375	151302.34375	150547.140625	136115.296875	108383.4609375	106533.828125	163155.75	154119.1875	108727.5390625	218439.828125	178132.203125	191161.953125	211973.265625	189878.15625	185849.375	200369.296875	193031.53125	178162.171875	192419.796875
P0A8S1	881965.5	1060437.625	1003312.4375	928801.125	1061999.5	901858.3125	969115.1875	1059989.875	977499	1039655	975612	1039787.6875	1176321	1083225.5	938837.3125	922778.1875	944902	888593.625	921986.25	894231.4375	892739.75	914119.1875	924412.8125	895673.25
P0A8T1	296269.21875	310937.75	311820	274234.9375	238612.265625	332648.5	247744.71875	248229.4375	262287.34375	304960.71875	300800.34375	199758.71875	232598.421875	253223.84375	302645.03125	230419.28125	285026.375	239455.046875	260634.203125	250614.53125	279571.78125	246176.0625	265069.25	278593.1875
P0A8T7	56853940	48009880	46337776	54414868	47466840	45844260	47381240	46541072	49030368	47041068	47132080	50341988	49455688	48000920	53824188	55170660	55271488	56960844	57898732	52844316	54216800	56564336	56637316	56878908
P0A8U0	304714.75	376673.21875	275637.125	319706.71875	275955.75	286234.71875	273453.5625	258961.375	306007.8125	282143.6875	341848.59375	277783.21875	304260.125	242593.828125	314077.90625	288724.75	351449.15625	277338.34375	291897.65625	303526.78125	319301.28125	267609.96875	316524.03125	314604.40625
P0A8U2	102126.6171875	57998.0390625	53571.5859375	97581.359375	67916.3515625	45146.5859375	75377.4296875	57246.609375	38592.8671875	39452.296875	32909.1640625	60892.71484375	80158.484375	57514.92578125	99530.1875	93913.0625	77754.6328125	101145.53125	86257.09375	99305.1015625	106354.3984375	97057.2890625	108384.0625	97787.8828125
P0A8U6	1422465.875	1950783.875	1962620.625	1496215.625	2246622	1910325	1704267.25	2006030	1744929.625	1728791.25	1866654.625	1824492	1966849.375	1901700.25	1514237.125	1487536.125	1516622.375	1388569.5	1523226	1395245.75	1484674.25	1343442	1475474.375	1384915.25
P0A8V0	218615.921875	220804.3125	217686.40625	217661.140625	219745.640625	225905.609375	239030.453125	186909.71875	220519.03125	233618.328125	225520.546875	205972.53125	238941.859375	223852.09375	220049.71875	249614.796875	241922.671875	223936	223258.3125	211146.34375	222520.046875	243128.328125	222153.25	248207.859375
P0A8V2	51399288	45130784	43808092	49307132	43702600	46658452	45029112	43826140	44775860	45533540	45946940	47834736	46133012	46181992	48886588	50608168	49633844	51576896	52693892	48843444	49066936	51565128	51136708	52612540
P0A8V6	317621.8125	254273.59375	257524.796875	317014.15625	248451.5	225273.40625	274849.6875	248345.296875	269442.125	252125.8125	233816.59375	260210.265625	242743.515625	252174.765625	268236.75	254433.75	285249.28125	307859.0625	290773.46875	255867.359375	308031.875	303751.8125	289882.4375	329300.09375
P0A8W0	309173.4375	376735.96875	403364.46875	350317.21875	380974.6875	400004.09375	352241.34375	368878.75	376111.46875	381051.28125	380554.09375	332992.75	331349.40625	392030.59375	359072.34375	345711.875	319130.34375	323009.75	306307.9375	327185.5	309563.46875	305827.71875	327988.15625	310153.125
P0A8W2	856459.3125	1692550.875	1665906.875	891439.5625	1822961.25	1629368.75	1485590.75	1665834.5	1415668	1595129.75	1619182.375	1556731.375	1773614.125	1605758.5	876246.6875	961849.5625	838197.3125	877846.5625	837081	866594.375	900315.375	843195.3125	842042.75	778941.625
P0A8W5	757566.5625	698993.125	699373.4375	694466	666799.3125	751088.4375	627106.875	705811.0625	696698.25	707372.125	758950.625	664391.625	756283.3125	696012.875	717718.4375	691489.75	745246.5	726720.4375	752904.625	732229.125	728136.9375	719171.25	719110.5	715017.1875
P0A8W8	4878893	2777682	2720977.25	5040204	3060908	2381584.25	2786795.75	2720901.75	2750502.25	2585552	2516169.75	2920264.25	2859439	2468641	4834649	4838379.5	4591242	4605684	4672864	5096315	5068795.5	4775573	4839077.5	4694683.5
P0A8X0	618609.625	659219.9375	728883.375	607337.375	590078.875	797370.5625	595156.6875	672398.875	696984.3125	726817	761474	517394.1875	483354.3125	724685.8125	636571.9375	627639.125	668904.9375	552120.625	564981.4375	639190.125	676045.375	530532.75	616141.125	613998.5625
P0A8X2	1374905	2045710.625	2379653.25	1152167.125	1813396.375	2723373	2125637.5	1944465	2557165.75	2428450.25	2430646	1524634	1492305.125	1898678.875	1445597.5	1696600.125	1548399.375	1561356.25	1341524.875	1544112	1383609.875	1554158.625	1339268.75	1527814.25
P0A8Y1	68847.8515625	73611.65625	43967.0546875	30824.1171875	59418.55859375	60375.98046875	73903.21875	60046.01171875	72632.125	81587.0859375	44324.59375	43259.46875	41749.91796875	65039.75390625	50238.16015625	61034.875	60662.5703125	59346.08203125	68990.125	45521.4453125	56729.0859375	46357.2734375	45701.2890625	61614.82421875
P0A8Y3	641061.875	1305592.125	1276620.75	647696.5625	1318681.375	1297038.5	1303273.75	1242805.75	1207460.5	1236536.875	1232882.25	1198532.5	1289478	1167484.25	651434.375	611152.375	609158.25	635960.875	613082.1875	634536.9375	630259.8125	627201.4375	629383.625	625527.5
P0A8Y5	1169662.375	726277.625	707557.6875	1159076.625	652123.1875	722859.6875	679145.875	659018.875	676514.4375	723960.625	755450.3125	605738.625	664523	733648.375	1138984.375	1196640.75	1133474.375	1165525.125	1171457.25	1108095.125	1141335.75	1120977.25	1161125.625	1158563.875
P0A8Y8	280091.625	277293.46875	282667.5625	253471.40625	233586.734375	320374.5	339272.28125	354688.78125	370873.03125	343206.78125	364400.84375	152600.25	194532.6875	342564.28125	241292.359375	404700.34375	340196.625	277457.875	224189.1875	298188.84375	247645.265625	340556.71875	263206.5	275752.03125
P0A8Z0	200216.15625	154831.296875	154721.890625	203599.265625	169345	144822.234375	160609.96875	155268.625	143624.96875	136545.578125	150542.390625	155929.890625	192714.640625	144784.234375	190880.71875	210945.515625	198983.625	199922.5625	188863.375	187040.40625	201852.15625	196436.671875	191644.875	192449.8125
P0A8Z3	150725.078125	151218.484375	208066.421875	175596.0625	212452.34375	126450.4765625	183329.765625	198127.265625	122167.375	184388.703125	115943.375	199140.96875	200844.140625	154880.453125	151619.71875	158266.6875	164886.609375	184028.578125	158588.9375	159421.25	113740.828125	138348.171875	146964.078125	111474.0625
P0A8Z7	29083.419921875	29770.458984375	34564.765625	25750.181640625	38481.29296875	29465.71484375	37100.73828125	38642.55078125	35819.53515625	29471.126953125	32925.90625	31039.30859375	41077.71875	33322.22265625	22465.287109375	29494.33203125	18723.5390625	26219.259765625	29581.75390625	30536.59375	28042.513671875	30231.52734375	24397.267578125	24537.630859375
P0A901	305441.46875	422713.375	399599.0625	266407.9375	404254.71875	472153.65625	447537	404097.125	508828	505065	469525.09375	421752.25	377965.96875	435893.6875	313619.875	269243.4375	323676.875	318253.96875	312286.0625	296244.4375	274312.71875	305764.78125	314732.8125	322326.875
P0A903	2557626.5	2807032.25	2817114.75	2438361	2508946.75	2965514	2743119.25	2906522	2757609.5	3010952	2876018.25	2804316.25	3031917.75	2922883	2474758.25	2090005.625	2475936	2355321.25	2383862.75	2343265.5	2413267.5	2388438.5	2453510.25	2484238.5
P0A905	2792629	3956156	3900572	2619483.25	3137808	4702607.5	4111409	3793079.5	4034308.5	4386714	4232099	3663487.75	4516577.5	4632727	2164089.5	1978533.875	2421161	1927987.875	2380130	1904375.625	1813946.125	2277196	2416454	2590613.5
P0A908	2981708.75	2588128	2563143.5	2869367.25	2670110.75	2576719.5	2742591.5	2676693.25	2681700.75	2474786.75	2554862.75	2551861.5	2672389.5	2590833.5	2939495.25	2665955	2961742.25	3241597	3168944.5	3046445.25	3273873.25	3275706	3146495.5	3245757
P0A910	377824384	542490560	500670784	380263360	521005504	561032704	492412480	545578304	525605056	560696704	555703936	544961920	611092736	579363200	370593568	398109632	422396224	383162080	408471712	359604224	375119104	379947008	433121504	442001216
P0A912	2613248	2890253	2903464	2635101.5	3275521.75	3006965.25	3140619.75	3052523.5	2714425.75	2928475.75	3053322	3474084.5	3703901.25	3018293.75	2778894.75	2870479	2483938.25	2665656.25	2472747	2691324	2825104.25	2785843.5	2593721	2701140.5
P0A915	1694855.5	5442538.5	4578596	1766244.5	6717500.5	3939225.75	4616046.5	4270271.5	3818285.75	3958954	4160502.75	5941523.5	4636438	4327721	1847667.875	1599149.625	1610629.375	2098231	2090438.5	1660146	1506650.125	1649836.625	1685576.625	1429936.25
P0A917	37327224	21082452	21602066	37329216	18720840	25718762	18804486	20943008	21204634	23415740	23710342	17419540	18769934	23183900	38550560	35930380	40486056	36860028	38921748	38159564	40419948	37363852	38387076	38662508
P0A921	293788.15625	303161.21875	297085.5	284098.3125	316665.53125	247518.015625	325500.875	270962.59375	292967.1875	260717.4375	274763.96875	324236.6875	290959.59375	269380.625	283706.125	273798.625	290716.15625	312968.21875	286585.375	311325.90625	301500.125	296468.09375	269309.25	279306.21875
P0A927	2083431.75	2059139	2077312.375	2326642.5	1946308.5	2162545.5	2235960	2171539.5	2220557.75	2195323.25	2279769.75	2311183	2313901.5	2227716.75	2241424	1794700.75	2199233	2169375.5	2379278.5	2081917.5	2137935.25	2034745.875	2140253	1978318.125
P0A932	34936.015625	20858.47265625	18967.96875	25076.69140625	31963.400390625	16546.01953125	50917.03125	18046.232421875	17860.947265625	34698.21484375	27605.990234375	20418.001953125	21600.15625	21732.357421875	31757.36328125	17442.931640625	32174.30078125	23255.19921875	16434.6484375	21921.423828125	28811.0625	20413.177734375	31410.001953125	30091.826171875
P0A935	257733.265625	248390.390625	253907.046875	272434.75	265603.65625	262564.5625	243566.328125	226931.9375	265011.625	263959.65625	270870.28125	266432.5	255135.65625	261823.625	278040.5	279465.5625	268607.75	287275	288662.40625	266058.8125	239225.921875	255159.1875	266281.25	253885.96875
P0A937	108637.78125	119414.5390625	171802.5	112125.6640625	162622.640625	149805.609375	160248.328125	117938.9765625	190475.515625	133059.109375	156310.84375	160804.390625	185500.359375	133256.609375	127032.171875	89815.4609375	118642.734375	139024.640625	133183.703125	116801.9921875	87695.3203125	120098.1953125	105085.9765625	110490.5625
P0A940	8096495	8589201	8712229	8223629	8452904	8797926	8743451	8492069	8472045	8797150	8904103	8708426	8581299	8743700	8145859.5	8534783	8118088.5	8194677	8198971.5	8214949.5	8202211	8310654.5	8167319	8101373.5
P0A944	305231.90625	322462.71875	286006.5	331329.59375	307476.78125	331699.90625	294506.375	296839.125	294415.90625	294273.53125	320222.03125	229218.265625	259241.75	311577.40625	331281.9375	329725.78125	325659.75	342194.46875	337422.03125	339819.25	332588.25	319960.28125	318797.78125	286289.46875
P0A948	216467.5625	193116.84375	192855.1875	256841.40625	191714.53125	148533.828125	198393.375	173640.90625	174917.484375	194560.765625	163231.9375	193834.828125	203751.890625	178374.015625	212805.34375	237872.25	218227.0625	250222.859375	219477.453125	231244.59375	228372.0625	225910.015625	231431.578125	197631.84375
P0A951	361372.8125	409471	354461.65625	410541.8125	516682	169578.125	418939.75	367892.75	312080.84375	250245.515625	225693.375	464957.0625	499187.8125	246804.390625	398047	399454.59375	326266.71875	424644.6875	388016.5	407409.75	421814.25	409842.21875	386503.375	367495.03125
P0A953	8840605	11175093	11708356	8778253	11627629	10693492	11274604	11569442	10403799	10937060	10404811	11684464	12868364	11306548	8642324	9217134	8602392	8499600	8918274	9468801	9182936	8962312	8789318	8955523
P0A955	9491841	9199003	9332819	10292341	9908808	8553484	9512684	8779623	8637971	8529396	8513846	10074224	8715007	8635365	9680940	10311898	9712427	9631298	10183388	10122404	10052979	10223292	10360461	10112708
P0A959	389643.875	359977.1875	396124.25	335762.3125	359990.0625	291710.875	431559.40625	314279.84375	369903.78125	335125	313704.5625	375783.03125	317321.34375	315057.03125	398235.875	369050.5625	361778.375	400095.09375	392611.1875	363347.09375	353707.28125	373588.40625	373749.1875	358862.4375
P0A962	363302.8125	323312.25	309801.5625	348220.40625	305980.625	345985.9375	313950.5625	310882.65625	325697.3125	325919.53125	318325.8125	296417.6875	275932.125	322231.125	324415.34375	358216.0625	336085.71875	367472.875	354625.34375	355929.15625	335372.78125	351334.21875	331350	339702.59375
P0A964	54137.55859375	206816.046875	714414.9375	121236.1171875	257570.328125	1334627	687676.5	1024326.25	1029698.4375	779433.125	929298.6875	258263.609375	256596.34375	648513.375	66290.5	292504.875	114362.9140625	202500.96875	43865.45703125	29544.359375	23005.01171875	21109.73828125	31074.736328125	NA
P0A968	651520.0625	3005592.5	3071427.75	748052.75	3143994.25	3341988.5	3015973.75	2896419.75	2680744.25	2795682.25	3021902.75	2538330.75	2813952	2619343.5	711454.125	722104.0625	619574.75	520365.28125	601624.5625	686461.375	711639.875	684271.75	663357.1875	640706.8125
P0A972	26854780	15684349	16251951	26286646	18266496	16836870	17282876	21876158	18663586	20506252	22052712	14445328	14477269	20702842	20262460	23682778	20527038	21776022	22388746	4919443	5430956.5	9296324	17104240	9355568
P0A978	2621761.75	18188134	11709835	666020.25	14514090	NA	1507920.375	NA	NA	15837044	5710914.5	12891841	4050575.25	15258103	1791589.5	1476011.5	1688095.375	1503677.75	1624881.375	741371.0625	883896.625	852001.6875	1452128.875	979803.875
P0A986	5475.0322265625	2744.568359375	6616.1904296875	4593.62255859375	2644.07861328125	9165.775390625	4715.7783203125	4388.56103515625	7604.45849609375	5971.2919921875	7156.01123046875	2534.128662109375	2978.28564453125	5652.33935546875	5360.36376953125	NA	2072.34765625	NA	2030.417724609375	NA	4839.59375	NA	2593.82568359375	3190.2333984375
P0A988	838707.625	913125.625	941739.3125	920787.75	1026494.0625	698374.8125	987425.1875	845053.375	863559.875	845668.5625	801282.1875	1009403.125	1011448.375	834913.8125	839917.9375	956684.3125	824598.375	890503.0625	902871.4375	903872	894003.1875	857964	918333.4375	870465.5625
P0A991	9963573	21439198	22162776	9839780	20301604	23046624	20601728	20977248	24793424	24312178	22728192	19339812	19759214	22310478	9886986	10195716	10736755	9551829	10006515	10605966	10412432	10060037	10030757	10352436
P0A993	2171708.5	4726146	4633915.5	2109820.25	4968395	4074143.75	4545116	4453500.5	4134583.25	4063315	4203092.5	5128124.5	4374924	4242419	2181028	2433955.75	1999205.5	2338487.25	1998380.625	2191104.75	2115646.25	2174899.25	2226635	2133283.25
P0A996	NA	NA	NA	3166.658935546875	1561.80126953125	NA	515.91033935546875	NA	NA	1016.1463012695312	625.945556640625	960.9271240234375	1365.960693359375	NA	NA	NA	NA	NA	NA	NA	NA	NA	NA	NA
P0A998	2837896.5	3076163	2787813.5	3006429	3568197.25	2684321.75	2575775.75	3234702	2045891.5	2602968.25	2774469.5	3209877.75	4183472	2911585.5	2595825.5	1759358.125	2461078.5	1784388.75	2427088.5	2606772.75	2732811	2811603.25	3103365.75	2523888
P0A9A2	200270.9375	304750.59375	285359.5625	200478.796875	253675.765625	241041.25	237651.96875	261755.9375	276601.15625	296750.5	267870.46875	239254.453125	250921.296875	279588.25	138542.328125	131499.703125	152580.640625	146635.90625	160095.4375	136897.125	129764.8359375	135439.625	147564.875	150849.765625
P0A9A6	9301714	8193942.5	8639696	9452649	7873053	8832168	8101243	7985151	8280464	8708883	8372808.5	7586104.5	6951440	8207819.5	9759741	9635001	9704660	9475017	9710321	9383031	9606203	9673636	9453806	9789770
P0A9A9	1581888.375	2844807.75	3098726.5	1637694.25	2482092	3761000.25	2707531	3282827.5	3225837.75	3241336.5	3226587.5	2342781	2797530.5	2891976.5	1662267.5	1659710.5	1768847.625	1531265.125	1595971	1544730.375	1575075	1490516.625	1479421.75	1562964.625
P0A9B2	174535776	73307776	74566280	165835456	66551880	70489392	67870096	66775360	68197088	66595588	67634904	62700180	59925516	71655304	156980480	187442608	172173488	155742448	169307120	181695184	182615152	176495168	173622768	173945248
P0A9B6	518914.3125	324875.0625	289473.96875	541956.625	294667.90625	236482.9375	309325.15625	297334.625	302565.21875	293333.625	287396.6875	305807.21875	270174.28125	293463.71875	490275.6875	501847.375	487221.25	491236.5	491156.125	501021	514691.15625	516321.5	522579.8125	497792.65625
P0A9C0	147568.0625	11420.1005859375	55451.66796875	100039.1875	104798.375	70596.640625	40219.671875	163276.671875	497795.3125	47867.19921875	15338.8876953125	94889.6796875	85538.1484375	50716.35546875	46135.42578125	NA	NA	NA	NA	NA	NA	NA	NA	NA
P0A9C3	2097362	3344388.5	3191137.75	2099675.25	3722772	2964568.5	3130852.25	3549520.75	2971824	3087776	3178113	3484733.5	3825119	3170655	2094520.375	2212911	2090850.25	2219517	2101509.5	2244853.5	2137271.25	2182130	2133397.25	2113941.25
P0A9C5	27368842	22017388	22462496	24709834	21305782	23054364	21873878	21050500	22071310	21945980	22297614	24227638	19975514	21082216	24839944	25811354	25235374	27584476	26724368	25199092	25727536	25823156	24741908	25788734
P0A9C9	762913.125	442498.03125	427655.34375	809753.875	426935.9375	462150.15625	464484.1875	480223.21875	482900.6875	460854.78125	452208.09375	429746.9375	468128.0625	488755.84375	758191.5	750857.875	729820.375	680514.125	739723.75	717808.5	763764.0625	720117.3125	803004.875	755457.3125
P0A9D2	1107783.375	1844281.75	1806796.875	1017376.75	2157101.25	1707455	1966056.125	1734853.875	1751711.125	1637174.875	1705300.625	1959234.25	1975395.125	1679861.875	1112773.5	1208606.75	1075834.125	1178999.875	1123411.5	1134812.625	1061438.875	1146947.375	1037260.3125	1075081.375
P0A9D4	492600.53125	632523.5625	549938.625	481615	674736.75	588380.625	668286.25	608163.625	644784.0625	588864.6875	570097.25	614420.5625	626379.125	575541.375	478400.25	481351.53125	436630.09375	524749.5625	445016.59375	476799.375	427630.71875	487591.28125	489419.53125	463883.34375
P0A9D8	23193716	10572106	10532558	23678348	11360073	9165083	10888828	10675614	9983533	9542710	9844936	10598849	10625649	10537854	21903632	24961854	21749302	23678586	22183434	24302024	24202616	23745562	23174990	23282890
P0A9E0	50043.4609375	112552.046875	122296.5546875	35997.96484375	122432	90196.296875	111553.75	108014.890625	113287.9140625	90041.9921875	102066.4453125	110759.2578125	95784.859375	86104.6484375	46569.4140625	52892.28515625	35759.1328125	40470.8203125	43440.07421875	48997.23046875	46998.09765625	40634.61328125	44734.56640625	49360.84765625
P0A9E5	658572.875	559023.1875	609851.1875	632437.625	546384.9375	620347.4375	639968.8125	540952.875	584912.0625	577499	563579.0625	610201.0625	556503.375	495463.28125	637910.5625	688820.6875	597027.375	636979.75	632849.9375	650471.625	626528.25	598748.125	661221.75	604538.9375
P0A9F1	126639.2890625	176586.328125	178252.921875	137803.4375	185159.25	153846.046875	162996.609375	161816.625	146840.359375	153424.625	160689.734375	141640.9375	152306.96875	160057.65625	130894.625	139867.71875	135602.953125	122793.8125	116322.1953125	134248.265625	135816.453125	123922.203125	132726.375	114593.328125
P0A9F3	1612214.125	1233036.125	1313305.25	1611390	1320589.5	1155841.5	1413342	1215051	1282730.5	1241136.5	1197898.125	1386123.875	1417554.375	1181660.375	1557933.75	1553938.625	1553863.25	1532643.75	1652776.125	1611552.875	1627592.125	1568868.875	1587436.25	1585785.375
P0A9F6	84258.640625	115545.8203125	94100.6796875	83720	125354.9765625	70689.5	122325.71875	108530.671875	96258.6640625	88635.15625	91989.96875	113190.9765625	125315.1875	87536.7421875	87083.9375	72372.640625	69219.8984375	90651.203125	97290.234375	80087.34375	76646.828125	78224.9296875	72412.1796875	75072.3125
P0A9F9	185962.40625	152085.9375	115364.9609375	215187.734375	205636.421875	115642.1484375	131162.921875	115513.2421875	123293.78125	122301.8671875	113425.5546875	201838.921875	196204.90625	123822.25	238985.40625	194477.71875	227687.46875	236342.9375	237029.75	216068.640625	211106.890625	228495.46875	230124	233595.34375
P0A9G2	35413.2578125	33411.15625	32804.109375	34952.96484375	41251.1875	36220.8828125	29803.390625	32207.115234375	31624.43359375	35955.76953125	25906.87109375	27469.798828125	20092.55859375	36306.65234375	36835.44921875	29218.9609375	36531.51171875	28357.1015625	29966.16015625	33317.609375	40756.234375	32368.931640625	30616.625	28359.650390625
P0A9G4	224950.546875	248252.953125	232816.59375	227548.109375	207085.53125	211225.515625	213138.078125	204884.078125	222069.21875	242933.484375	234097.265625	198627.46875	158187.296875	244966.46875	207255.640625	225977.4375	251662.90625	223787.4375	208531.46875	216715.765625	180063.28125	218439.859375	206682.828125	186825.5625
P0A9G6	48349436	221673376	234978832	46436736	207399968	224609872	206347600	187432416	217996192	213244160	205736144	200600000	156928928	182539248	50863600	56392448	51266096	58390260	49937044	54290444	51443588	53681804	46071612	52010168
P0A9G8	245879.53125	174288.484375	167464.96875	233429.46875	200676.109375	124243.7734375	189757.78125	134947.578125	164090.6875	144920.9375	133219.171875	186389.96875	160291.1875	150449.890625	222288.8125	251028.375	203120.984375	226760.1875	220020.53125	235306.609375	237592.421875	248243.5	235892.515625	226290.171875
P0A9H1	691571.125	593783.25	627371.0625	635234.25	555168.625	674400.4375	562328.1875	576388.3125	659241.625	660044.125	658473.75	498080.84375	505561.6875	622010.9375	665592.4375	680197.125	707777	650966.8125	646624.5625	688436.375	729558.5625	670646.9375	670502.5625	690110.375
P0A9H5	110570.109375	135167.359375	98735	109098.7109375	125371.765625	133234.34375	126114.140625	134950.09375	129666.015625	143028.5	138141.84375	127129.0078125	128388.6796875	119656.40625	113730.1328125	121472.96875	119075	107477.5390625	99958.3125	111388.6796875	141813.78125	125666.6015625	101494.4453125	120304.6640625
P0A9H7	971444.9375	626560.6875	589962.6875	1113019.875	731137.375	609186.3125	713891.9375	711902.4375	677883.875	697916.75	707667.0625	701601.8125	709384.75	745428.375	937533.625	1119818.5	895632.875	958646.4375	904271.1875	972411	998117.5	1154138.5	1089924.75	904191.375
P0A9H9	NA	85167.3359375	49412.8046875	NA	165998.265625	74569.8203125	65723.1484375	123744.5234375	78353.3125	207877.78125	76785.5546875	169620.28125	33376.49609375	138499.53125	78756.2890625	NA	NA	NA	NA	NA	NA	NA	NA	NA
P0A9I3	123113.46875	114722.140625	100472.7109375	115882.4765625	103797.125	90081.7734375	113684	104988.8828125	111401.5703125	104175.7265625	94871.40625	96988.2734375	110488.21875	96757.75	111479.140625	126865.0078125	122762.2578125	127963.5859375	120116.5703125	132413.3125	125823	132330.46875	127743.390625	126669.59375
P0A9I8	42511.9921875	NA	NA	58244.296875	NA	NA	NA	NA	NA	NA	NA	NA	10584.8876953125	5858.85009765625	33523.0078125	38883.76171875	33254.8828125	24681.783203125	46659.79296875	38851.10546875	33596.51171875	31136.947265625	38674.1640625	31467.451171875
P0A9J0	1676441.75	1023968.875	1045768.375	1646554.5	1041767.375	822185.25	1109698.875	962815.125	1017955.8125	1029325.4375	890681.8125	1031256.3125	820758.75	874172.25	1700760.625	1829334.875	1652188	1767053.125	1643014.125	1669107.125	1745281.25	1715332.125	1701593	1711610.875
P0A9J4	177294.71875	147823.75	147329.828125	172224.28125	148702.5625	126356.7421875	146828.28125	143262.25	140160.71875	126009.4609375	145356.046875	157392.984375	142477.515625	142110.125	159928.75	186301.40625	176258.734375	198765.515625	180701.578125	182652.6875	196890.40625	193813.953125	193458.890625	172066.234375
P0A9J6	281332.0625	641397.875	707451.875	298999.46875	639832.5	654626.625	643083.8125	694274.375	650962.375	677101.0625	648502.9375	629470.8125	630497	624294.1875	295682.125	291207.65625	268729.96875	274536.84375	217756.03125	269924.5	264476.375	268654.5625	257744.09375	251245.28125
P0A9J8	3012189.75	1710053.375	1743966	3067140.5	1563506.375	1458968.875	1748965.625	1682162.875	1692791.375	1650860.125	1574918.875	1497420.875	1501940.75	1754329.75	2995637.25	3221442.25	3062904.75	2950387	2880648.5	3168354.75	3336438.75	3235578	3268649.5	3367770.75
P0A9K3	3426433.5	3180645	3293514.25	3591822.25	3185395.75	3347461.5	3287574	3330243	3166363.5	3270895.25	3202533	3063792.75	3281157.25	3306709.75	3418933.25	3828469	3530478	3349537.75	3360401	3507793	3792497.5	3496511.75	3460342.75	3498870.5
P0A9K7	778008.625	929265.1875	1074674	767164.75	1143810	892804.5	1130263	1014853.4375	1013677.1875	937577.625	891762.5625	1052862	1124927.5	947958.375	779025.625	805575.75	698394.3125	788008.4375	820107.4375	837466.4375	717526.0625	758383.3125	823763.75	766637.375
P0A9K9	4736208	5888649.5	6209494	4927954.5	5369254	7680844.5	5545645.5	6063782	6079311.5	6789257.5	6577974	4820670.5	5637848.5	5990614	5196415	5314720	5460569.5	4950500.5	5055831	4817898.5	4697390.5	4514194.5	4769909	4843931
P0A9L3	5279689	5581732.5	5903543	5259763.5	5240644.5	6578303.5	5341008.5	5388936	5962049	6349679	6137376	4919498	4909028.5	5820150.5	5594697	5342776.5	5665868	5478615.5	5382667	5290422	5395847.5	5292640	5300836.5	5394017
P0A9L5	816791.5625	848436.8125	850201.875	796726.875	799737.375	1000187.4375	776072.9375	822682.1875	856821.4375	922274.375	862602.6875	754775.875	765218.375	844292	872979.6875	825693	886754.625	739398.25	813223.5625	807573.4375	885444.1875	792373.9375	816054.25	788046.125
P0A9L8	1133258.125	1013201.5625	1073503.125	1154921.875	1172934.25	779524.0625	1131610.125	963860.8125	1074003.125	957163.0625	816702.9375	1173063.375	1030931.1875	833845.4375	1218836.625	1045683.4375	1036449.6875	1264773.625	1137845.25	1178933.625	1189011.75	1157913.5	1187218.375	1076869.625
P0A9M0	8482286	7958527	7546507.5	8303841	7798082	7872272	7849612.5	7957963	7831072	8070553	8096029	7808990.5	8076876	8261562.5	8398026	8639056	8242601.5	8598962	8613501	8522811	8394291	8571918	8549053	8361843
P0A9M2	1461540.875	1303664.75	1246569.125	1442652.875	1158961.25	1410675.375	1202261.25	1206983.5	1158189	1300725.875	1260749.375	1017694.1875	1262416.625	1176373.625	1455297.375	1516201.375	1436978.25	1381610.5	1404506.625	1464108.375	1419137.875	1364106.5	1380065.875	1448474.25
P0A9M5	2296703.75	2585589.75	2709608	2355440	2589921.5	2739539.75	2337452	2641834.25	2427302.75	2545487.75	2598125.75	2299975.25	2661669.75	2617307.25	2399482.25	2292459.5	2370515	2319501	2328572.75	2369150	2345872.5	2155677.5	2230442.25	2217637.5
P0A9M8	19269566	27218786	27365938	20890290	27186960	27886104	27817994	27905728	27713894	27910440	28088424	27775822	28052028	29699198	17197670	16923846	16656799	14900652	17297344	17108314	17999018	17908662	18723860	17059782
P0A9N4	565665.3125	417610.3125	401166.125	666885.5625	561140.8125	295986.1875	440553.3125	400756	345595.25	294198.1875	311682.875	498008.8125	462221	334392.34375	581657.25	474680.09375	494208.53125	562213.0625	578333.5625	562474.5625	580263.25	549229.9375	593036	553152.3125
P0A9P0	30756850	66752420	69816576	32923592	71586304	60886296	73139232	66020644	69649096	61257184	61156344	76754448	66391968	61570260	31222314	33508480	29848662	32688942	32030972	31788428	31522024	31381602	29548340	30671234
P0A9P4	3864053.25	3992932.25	4106722.25	3764010.75	4034436.5	4379307	4006647.25	3967183.25	4180948	4128437.25	3916036.5	4036922.5	4142644.25	3883512	3839566	4345266.5	3845088.5	4153397.25	3920282	4137072.75	3909441.25	4087191.5	3732473.25	4251802
P0A9P6	7123231.5	1870419.75	1798143.75	6607043.5	2061296.125	1979887.75	1797568.625	1900642	1988965	2145797.5	2088055	1973018.625	1839430.625	2137460.25	6695076	5946423.5	6779776.5	6559789	7162412.5	6141596	7017312	5995785	6341949	6555030.5
P0A9P9	41083.5390625	76677.421875	68274.09375	48448.42578125	85822.640625	78261.921875	76805.421875	74156.2578125	83260.125	59278.4375	55558.42578125	75010.96875	64667.76953125	60246.70703125	30782.759765625	33930.51171875	48535.62109375	42827.5546875	49408.13671875	53464.10546875	26929.41796875	49112.34375	52225.3359375	61436.2421875
P0A9Q1	5131045	7017993	6877384	5038963	6468296	8725227	6586647	6856646	7529320	7980604.5	8068275	5775895	6098174	7286830.5	5178389	5229842	5372463	5140234.5	5281632.5	5342159	5083805	4969509.5	5001164.5	5033679
P0A9Q5	6151966	6184199.5	5969759	6237280.5	5805085.5	6158976	5930020.5	6042650	6064383.5	6279187.5	6146273	5884662	5737025.5	5705567	6231328.5	6383056	6346873	6322261	6189207	6354457.5	6039143	6155542	6318497.5	6080712.5
P0A9Q7	149885056	23556868	23122056	147120800	20077520	25083946	22575112	21437684	26775392	25146122	24742404	19303284	15662087	23590174	132224056	129196448	135606816	108940128	145979376	139708272	143718800	147970368	150900448	142174512
P0A9Q9	46129840	25137002	23283150	48837700	26417352	21371014	24064188	24605218	20974620	22634360	23681864	28378198	28455784	25347182	44996620	48054756	42176984	46700936	48199300	49780996	44973508	47808660	46726988	44438848
P0A9R4	824597.8125	860489.1875	943510.4375	918522.5625	804973.0625	1002495.75	735394.1875	930643.0625	849662.5	896019.5625	836170.9375	731302.875	868890.875	785942.4375	945079.875	852801.75	951211.6875	879118.875	905974.5	713612.6875	805684.1875	720177.625	794925.5	804593.5
P0A9R7	531702.625	520411.25	505068.0625	557720.5625	577804.375	435605.53125	511287.09375	441995.34375	499605	486221.84375	480857.125	508823.84375	557412.9375	468694	503532.59375	527013.5625	528874	554331.75	556657.375	492576.8125	582815.375	519734.65625	549347.0625	471842.5
P0A9S1	258098.453125	1316659.125	1341384.75	336006.3125	2074367.125	783491.375	1485703.625	1272978	936459.6875	875711	886754.8125	1809271.875	1842094.25	1153578.5	312982.8125	296175.90625	179366.484375	239925.1875	218449.765625	260866.484375	238319.296875	248932.84375	266015.25	227757.65625
P0A9S3	1761150.125	8473706	8687603	2677647.75	9541695	5385082.5	9177987	7964579	6475179.5	6071064.5	6265245.5	8543082	9174371	6739306.5	1595739.25	2138967.5	989370.25	1574769.25	1633562.75	2070968.625	1781018.125	2031402.125	1870388.875	1522275.375
P0A9S5	2920074.5	2370032.75	2257756.25	3670563.75	2705273.25	1926463.875	2209032.75	2473030	1570611.75	1847279.75	2031628	2341431.25	2637591.75	2520338	2893233.5	2622841.5	2659592.25	2398672.75	2983022.25	2951704.75	2983918.75	2960237	3231534.5	2671787.75
P0A9S7	1260137.125	1077052.125	1127409.25	1168436.375	1114438	1051679.5	1207576.5	1094455.625	1266637.625	1137067.875	1039391.9375	1150372.25	1025802.4375	1098655.75	1228807.75	1355906.375	1146248.25	1308664.875	1182755.25	1205719.375	1183539.5	1206679.75	1122633.625	1149632.5
P0A9T0	44254764	21280818	21160352	44246984	23588094	15534924	23057250	20702358	18190670	18160982	17744084	22543802	22880916	19426110	42738952	46811980	40520596	44355932	42835424	44943012	44994596	45680052	44914752	43750960
P0A9T4	744958.0625	704604.25	688709.5	744164.5625	727192.3125	658289.9375	733304.9375	701345	706698.1875	739488	683042.8125	721222.9375	739088.5	688824.125	723772.8125	812266	771920.9375	749591.875	735736.5	737739.625	787875.4375	716727.6875	707075.9375	746864.8125
P0A9T6	49683.43359375	9681.490234375	13505.6943359375	48486.9609375	9211.9658203125	28097.205078125	12631.7021484375	9885.1396484375	27702.9140625	28046.357421875	23031.509765625	5356.67431640625	3532.74365234375	16160.974609375	57425.95703125	60567.1640625	53063.6015625	50221.44921875	35585.9375	52523.29296875	52162.41796875	50208.55859375	54601.5078125	57051.33203125
P0A9T8	115843.3671875	177768.0625	160063.109375	123862.828125	203519.8125	180106.25	193333.125	176193.140625	188611.9375	183736.78125	165850.28125	190027.328125	176789.703125	182381.015625	118381.890625	134124.125	130232.5390625	133074.296875	125722.953125	108008.3046875	103427.5703125	111775.7890625	111285.7890625	108042.8046875
P0A9U1	28585.14453125	27306.8828125	16993.3984375	30535.7265625	27556.623046875	13516.6328125	33022.625	18917.978515625	23387.134765625	15598.505859375	13526.810546875	34423.34765625	23633.578125	22935.357421875	32611.59375	26713.11328125	33785.80859375	25908.498046875	27761.3125	30869.90234375	32742.998046875	29269.203125	28719.552734375	23560.57421875
P0A9U3	2170743.5	1680618.375	1576455.875	2138057.5	1681349.625	1479140.5	1618998.75	1591625.875	1464902.375	1536690.875	1500027.5	1618939	1722303	1585054.625	2109094.75	2166747.5	2067775.625	2192644.5	2206684.75	2095263.125	2169854.25	2173606	2123851.75	2120882
P0A9U6	62737.046875	126388.9765625	143599.359375	70656.15625	96284.734375	125844.3828125	144341.109375	148697.84375	132691.59375	145487.296875	133850.125	148084.578125	176110.421875	147648.25	80148.9453125	89988.9453125	101878.0234375	76227.3359375	90332.6953125	98872.1796875	84427.1875	68333.203125	73138.625	71609.1171875
P0A9V1	1725555.375	1871306.375	1972658.625	1709039.875	1797976.75	2050695.375	1812246.5	1919241	1893277.75	2040379.625	1909666.375	1701630.5	1810463.875	1958654.375	1647248.25	1745507.75	1689144.25	1658088.125	1577123.125	1699024.375	1765892.875	1727339.5	1688066.125	1723071.5
P0A9W0	171064.625	190536.515625	201622.546875	192055.890625	173442.34375	151277.84375	190506.03125	201090.0625	176483.703125	147923.96875	196920.859375	173127.375	183286.703125	178833.78125	163093.21875	175547.546875	173689	178328.171875	169882.515625	182633.40625	167149.546875	196676.90625	176046.703125	173265.1875
P0A9W3	6624501.5	8709934	8556324	6633424.5	8343748.5	9975033	8584325	8881366	9252323	9631916	9808512	8557530	9082772	9152696	6771360.5	6773273.5	7096604.5	6897223.5	6897144.5	6841095	6764716	6971929	6771889	7094590.5
P0A9W6	630279.875	606160	555505.375	605459.1875	535610.75	599551.9375	509213.4375	608541.625	590400.625	608279.5	657567.3125	413170.09375	485791.65625	600321.875	679333.875	749652.75	689888.5625	652383.4375	619668.1875	657154.25	635633.0625	621651.5	646250.25	575191.4375
P0A9W9	1073614	746490.0625	758890.0625	941803.8125	644090.125	983655.6875	672688.9375	752384.375	827748.5	908019.25	921563.5625	620128.6875	688730.875	858103.6875	1053350.75	1044219.5625	1083189.875	987118.625	1049378.625	986089.1875	981204.5	964661.875	996692.25	1020066.125
P0A9X1	1541663.875	1012444.6875	891748.5	1569684.5	1104416.375	606636	824412	433451.34375	456086.1875	678124.375	715223.6875	950060.25	753894.4375	767844.875	1489614.375	1556996.5	1492110.125	1535281.25	1496324.875	1510297.125	1471276.75	1471543.375	1500655.875	1513613.875
P0A9X4	8763019	8755456	8917905	8745515	8712185	9276772	8618807	8702039	8855718	9117119	8825044	8739951	8617225	8563654	8824609	8537018	8864434	8661997	8694231	8636247	8975941	8782318	8774485	8868715
P0A9X9	15234904	5929102.5	5665403.5	14023090	5987977.5	8271756.5	4732689.5	7593658	6188682.5	7446112.5	8468072	4028296.25	7117452.5	8351574	14865892	10212607	16058196	11417684	14797630	12365208	13837117	9144597	12119819	11042130
P0A9Y6	43712400	50594392	54928904	46801396	45161560	56499232	45198024	46971164	49171652	53532384	55353364	45150060	40221116	52759408	49764340	52987452	48963068	46179412	47217396	39617200	45697444	37032768	45852448	43419580
P0A9Z1	1957091.75	2093524	2211421.5	1955351.75	2046087.5	2366323.75	1963990.125	2058966.25	2063540.5	2246172	2263170.75	1764131.875	1847131.25	2139144.75	1954869.75	2156048.25	2064635.875	1835179.875	1884359.375	2081454	2145838.75	1947486.75	1842468.125	1877453.125
P0AA04	6682969.5	4048968.75	4568130.5	6412026	3833285	5622014.5	4058025	4461047.5	4372539	4671592.5	4722219	3200420	3802656.5	4278395	7130799	5487663	7026738	5772269.5	6279471.5	6087168.5	6617782	6679450	6940786	7085232
P0AA10	28321642	23208688	21782398	28235644	22959036	25013866	21443428	22766914	21555490	23154790	23988710	19937372	21561664	23972760	30481018	30104456	31063056	27786666	28931802	28871186	28534088	28091162	28564744	28171990
P0AA16	2396346.75	3055639.25	3117375	2365882.25	3043678.5	3655798.5	3028066.5	2998407.75	3274028	3422564.75	3299916.75	2841550.75	2871315.5	3235946.75	2387962.25	2473937.75	2438705.25	2353162.75	2388276.25	2456630.75	2490473.25	2342036.25	2372214.75	2379141
P0AA25	9714597	10195378	10877920	9605189	9466248	11847243	8751432	9883265	9892205	10686572	10987498	8571286	8364705	9296619	10149536	10925238	10389342	9435767	9453334	9843183	10095639	9253971	9134725	9370940
P0AA31	858438.1875	1915859.625	1868826.5	1042010.9375	2018236.75	2175356.75	1808745.75	1953659.375	2207503.75	2215892	2260296.75	1671663.625	1685318.5	1854589.125	890213.375	954490	872959.5625	791235.8125	913643.8125	759860.125	876591.75	832261.375	865330.25	812944
P0AA37	70540.2109375	75195.5859375	74998.125	77107.6796875	68401.8125	68375.5	74284.5390625	72417.46875	67230.25	42877.62109375	68293.9921875	60208.15625	66247.9375	58574.1796875	71746.734375	71481.6171875	83000.4140625	79086.84375	66989.9921875	68915.625	78084.140625	62478.2109375	73718.1640625	68770.3828125
P0AA39	744514.125	508992.34375	539538.25	719789.0625	614463.4375	501378.1875	591822.4375	500347.03125	534597.8125	506039.34375	483138.3125	585321.625	569487.8125	517803.5625	705366.4375	711374.3125	713472.375	737111.3125	728621.0625	762534.4375	715054.4375	727318.0625	737603.875	706302.375
P0AA43	1211830.375	1139341.75	1150699	1284666.875	958758.5	1147603.5	1016150.25	1133758.25	994910.125	1148455.375	1160336.75	1011724.3125	1152191.75	1112017.625	1214650.25	1215280.25	1293564.125	1227682.875	1171980.875	1230502.25	1327861.5	1240936.125	1182929.5	1220774.375
P0AA53	427108.90625	671072	642176	452214.6875	754373.5625	568454.5625	673658.0625	665389.1875	564374.875	585548.4375	537717.25	768625.8125	636894.0625	645994.3125	435182.96875	468009.5625	417927.75	429550.875	441280.96875	443177.125	434931.53125	402422.71875	409673.4375	422122.71875
P0AA57	166477.828125	148575.078125	161314	149395.375	140727	173448.375	122792.828125	151772.46875	133645.71875	145973.75	137185.9375	117831.21875	126280.4453125	145373.59375	165986.296875	196804.984375	185798.15625	169941.765625	150617.453125	171825.40625	186829.546875	181343.328125	150903.90625	176506.234375
P0AA60	12656.95703125	3120.495361328125	6813.66455078125	7360.89501953125	1796.678466796875	6622.47021484375	7288.71533203125	6264.00048828125	4408.7421875	6183.3798828125	6776.83935546875	5481.38330078125	6550.96337890625	6596.7958984375	4391.810546875	3291.24072265625	3150.25830078125	3172.81103515625	3400.527587890625	5602.12890625	6540.951171875	3217.2919921875	5557.91552734375	9051.978515625
P0AA82	158068.4375	78641.796875	79912.5390625	161175.640625	94240.0625	97285.234375	108997.2734375	84661.6171875	128967.4921875	110487.0859375	114869.8359375	107718.640625	100687.2734375	94441.125	139116.4375	117736.2734375	119152.875	136653.96875	123119.8359375	123042.9453125	130730.21875	123965.1953125	113087.640625	136926.546875
P0AA84	503145.5625	261123.40625	313686.8125	472254.15625	219976.984375	540771.5	310935.90625	191643.484375	344726.75	209503.046875	457588.71875	226986.640625	222420.9375	294854.0625	393826.625	337860	432122.21875	484475.28125	497122.9375	467611.65625	626801.625	494660.375	438372.1875	516599.46875
P0AA86	13257.5654296875	15812.2333984375	14135.498046875	14501.005859375	12337.8310546875	14134.873046875	13991.00390625	16673.048828125	13706.3525390625	14470.626953125	19968.142578125	13309.2041015625	16600.318359375	12954.0322265625	13844.4951171875	10639.1708984375	16356.021484375	13847.421875	17398.40625	12777.7822265625	11220.576171875	15485.572265625	16258.3125	15385.328125
P0AA89	14754.064453125	17271.478515625	21324.33984375	13726.59375	18421.8203125	23088.22265625	15398.76171875	24736.189453125	20971.982421875	24116.623046875	17462.62890625	15525.76171875	12878.64453125	28180.28125	12724.65234375	15886.5927734375	17143.162109375	12764.9697265625	13594.69921875	15438.5537109375	14360.443359375	14184.5830078125	14040.7822265625	16112.486328125
P0AA91	331197.71875	435813.59375	435147.4375	334361.3125	414981.875	438620.5625	418960.75	464155.125	454712.5	438552.9375	455015.78125	393965.6875	399301.1875	449609.5625	310620.0625	299840.75	323482.59375	301318.53125	309687.625	311629.375	336351.625	324035.84375	330090.28125	302494.625
P0AA95	101422.34375	97617.109375	107604.3984375	104940.8125	88523.015625	132030.6875	99508.3671875	101259.3515625	102800.6328125	116584.640625	113060.578125	74205.1640625	90241.421875	102103.7109375	100425.484375	113598.234375	110744.203125	85968.078125	89984.140625	103861.140625	111877.9296875	90616.7890625	98901.125	103499.375
P0AA97	87566.2578125	72420.59375	81095.4921875	88685.6171875	66282.9609375	52838.89453125	76115.0703125	54006.75390625	58742.609375	67429.2109375	65200.625	81502.2421875	61740.640625	55292.84375	103452.5859375	71716.9296875	98998.328125	97699.96875	94309.0078125	76627.21875	96036.8515625	79882.5078125	95700.1796875	78792.3828125
P0AA99	18704.275390625	7522.6435546875	12446.08984375	18441.67578125	9356.73828125	21769.982421875	6645.1669921875	13760.2158203125	12780.189453125	20324.75	18244.41796875	6379.1494140625	11756.5556640625	15866.025390625	25092.681640625	17559.34765625	34299.57421875	12679.46484375	21988.91796875	17456.279296875	19255.970703125	20300.33984375	22748.794921875	21383.62109375
P0AAA1	978766.9375	446746.65625	420302.625	1069153.875	462116.65625	329843.40625	484773.5625	508198.3125	456522.25	466803.625	371951.5625	508925.65625	553050.5	401283.0625	928263.875	886549.4375	781238.125	976515.125	871887.25	913544.6875	945847.5625	932528.3125	921329.75	977098.6875
P0AAA9	64740.0078125	21507.21875	NA	47085.87109375	102456.625	NA	14126.8818359375	25537.658203125	80490.6015625	27855.357421875	52957.84375	280844	18603.810546875	NA	NA	29185.640625	9.883182525634766	NA	NA	47118.0859375	93181.078125	NA	8715.6748046875	NA
P0AAB4	778614.8125	1104986.375	1017041.5625	758431.75	1131908.75	1063024.875	1063398.625	1077911.25	1080546.25	1022368.4375	1016125.875	1214943.75	1083864	1034022.875	751484.4375	753920.4375	710247.375	818214	743649.75	758236.25	730657.1875	800188.1875	758012.0625	761250.625
P0AAB6	5668780.5	5512293.5	5215174	5534880.5	5619110.5	6208660.5	5495948.5	5466621	5684217.5	5693500.5	5705778	6182181	5605850.5	5820311	5759042.5	5773268	5473052.5	5900063	5998516.5	5696125	5358471.5	5490206.5	5573225	5582651
P0AAB8	530172.6875	1037215.1875	855010.1875	586204.6875	977953.1875	905628.3125	775473.6875	929108	610714	773332.5625	930679.875	960760.1875	991931.9375	975929.875	556013.0625	573857.6875	483140.125	462514.15625	545275.375	594288.625	482684.125	510827.71875	558357.5625	394542
P0AAC0	2070041.125	3099905.25	3042531.5	2240923.75	3704048	2747461	3503912	3303366	2751024.5	2718385	2716901.25	3624133	3922689.5	3088960.25	1944728.375	1784604.25	1758309.625	1829257.5	2074952.125	1928737.5	1893998.125	1842701.5	1977543.375	1718165.625
P0AAC4	215396.296875	162920.125	178888.53125	206656.59375	112341.984375	165475.125	175965.828125	180040.71875	177286.875	202003.890625	188374.375	158711.140625	151669.96875	185437.546875	174423.921875	136176.296875	152738.59375	150512.546875	134111.84375	147192	180205.4375	147135.625	139201.609375	193203.078125
P0AAC8	783662.8125	611565.875	634936.5	822062.875	595840.75	854699.4375	574429.125	661353.6875	662791	731015.6875	685253.75	538588.5625	639786.1875	646444.5625	810204.4375	691558.9375	824821.625	690743.375	716855.5625	737165.625	753983.125	687269.4375	709919.5625	728673.0625
P0AAD6	10597.0390625	20351.884765625	23357.990234375	9721.759765625	13643.978515625	19147.58203125	20336.708984375	19996.052734375	20454.921875	22099.466796875	22045.564453125	17952.412109375	18714.705078125	20779.248046875	7603.62353515625	6981.24755859375	7890.43701171875	6244.3583984375	7038.265625	7025.1455078125	7125.0390625	5869.72998046875	5742.1181640625	5881.01318359375
P0AAD8	987.4658203125	1616.3306884765625	923.83099365234375	NA	865.1943359375	1734.9912109375	1391.187744140625	1550.6439208984375	1842.6064453125	1862.84765625	2044.137451171875	1684.67041015625	1227.590087890625	1665.5921630859375	543.27105712890625	NA	NA	829.21966552734375	NA	NA	NA	NA	NA	555.756103515625
P0AAE0	230114.859375	394075.90625	470536.1875	220464.828125	277863.53125	433967.28125	419507.21875	378399.8125	444971.6875	483788.71875	459416.15625	371083.46875	320148.21875	363829.3125	173485.40625	252215.015625	141049.640625	180394.640625	152616.765625	179499.234375	189810.046875	188299.0625	176419.3125	211347.25
P0AAF6	426187.90625	515949.1875	533717.5	440671.0625	558072.8125	509823.6875	511456.4375	537869.25	515258.53125	538344.625	504872.5625	488333.15625	538479.6875	568584.25	408255.09375	400413.3125	426199.15625	378626.59375	386809.21875	409524.4375	439395.71875	406190.8125	432430.125	426571.5625
P0AAG0	2192357.5	3164286	2890182.5	2556660	3475186	2881458.5	2979242.75	3154651	3004468.5	3067520.25	3062012	3171359.5	3265287.25	3033152.25	2209973.75	1890492.375	1921940.25	2069826.25	2185230.25	2068865.625	2137634.25	1966516.875	2257310.75	1932555.875
P0AAG3	145298.84375	176763.796875	170898.59375	144117.234375	197047.9375	144732.203125	205173.03125	175498.734375	188982.8125	160918.453125	157647.078125	172912.796875	174370.75	134594.890625	123767.1328125	137102.71875	120861.859375	141968.59375	124948.546875	125977.53125	124755.140625	137228.203125	118862.5390625	118352.6171875
P0AAG5	5692.47119140625	3887.12109375	3508.03515625	4944.748046875	2172.049560546875	5613.94921875	4301.1044921875	4535.3701171875	3602.377197265625	4811.6494140625	4274.3681640625	NA	4690.97998046875	4081.900390625	7683.017578125	4216.96044921875	5605.29638671875	6108.9619140625	5351.890625	6744.09716796875	5152.35400390625	4738.9296875	4463.57763671875	5476.07470703125
P0AAG8	137779.34375	332262.28125	357891.5625	93186.9296875	372464.5625	301596.96875	395217.78125	379011.625	414788.0625	367214.875	346948.15625	356781.625	345335.875	311468.25	103883.4375	186394	224675.546875	40461.45703125	89528.0390625	61806.8828125	77040.1015625	90900.8203125	80557.5859375	123551.90625
P0AAH0	317198.96875	290538.75	324914.75	324503.34375	306403.1875	324709.71875	331994.78125	316612	379692.09375	328579.65625	316892.21875	294657.71875	300306.0625	325524.8125	339569.625	378035.8125	346439.34375	344389.46875	328485.40625	334698.21875	365255.5625	342990.5	356081.9375	368172.78125
P0AAH4	253227.53125	268022.65625	209791.359375	322633	248572.28125	219787.859375	276140.375	227633.375	197479.046875	248672.671875	237432.84375	264569.8125	233332.203125	275477	294223.59375	277548.09375	264431.875	303981.03125	291504.03125	254613.0625	295114.375	285554.21875	309486.9375	283917.15625
P0AAH8	89752.1328125	92797.8984375	77724.6953125	87982.7734375	83616	70316.859375	79662.28125	71508.28125	83355.109375	91935.140625	71651.9453125	71344.0859375	80483.78125	89147.8828125	88292.75	87680.828125	80908.890625	88152.8203125	93190.296875	81013.8359375	83777.3125	82865.9921875	93218.203125	70177.7578125
P0AAI3	8644229	8403827	7992835.5	8607073	7868147	8657674	8145360.5	8314392.5	8441906	8803942	8870930	8365906.5	8842670	9132671	8526350	8936267	8792582	8806699	8914082	8614268	8552932	8766307	8661715	8520508
P0AAI5	4375102.5	3900092.5	3931274.25	4169714	3942759.25	3612995.75	3973954.75	3853978.75	3642528.5	3606827.5	3403104	3978220	3842461.25	3536135.5	4304307	4527635.5	4523263.5	4574029.5	4425246	4455878	4250462	4340306	4404049	4491949.5
P0AAI9	6182564.5	6232194	6498604	6036817.5	6580095.5	7172167	6439594.5	6658950	6406409.5	6812738.5	6621399.5	6583164	6583039.5	6528114	6249055	6148881.5	6203978.5	5964366.5	6037854.5	6086878	6046195.5	6036791	5912392	6139605
P0AAJ1	397820.21875	199210.640625	192087.625	511086.75	215283.109375	120205.3515625	165123.890625	256989.171875	84684.359375	128301.125	142863.859375	169793.671875	237218.90625	196821.875	307162.34375	306229.0625	281008.4375	213415.34375	326423.375	365073.875	371848.09375	367928.625	382580.09375	287508.25
P0AAJ8	99322.2890625	162874.65625	146166.5625	131917.8125	182792.546875	131444.28125	125404.7265625	202578.90625	97507.1328125	105039.9765625	149460.15625	126262.828125	241552.765625	183751.125	78590.1484375	99469.984375	68517.2421875	45132.43359375	71627.8515625	67630.453125	85637.921875	87300.5625	86645.1640625	63693.578125
P0AAL6	5088.80126953125	12596.576171875	13381.5771484375	4906.783203125	16881.8515625	11076.421875	21349.46875	9050.486328125	12383.279296875	7877.5908203125	15224.4296875	14092.5498046875	17820.970703125	13018.9384765625	NA	3270.546630859375	NA	2275.370361328125	6300.22998046875	3433.896240234375	2592.80224609375	5492.17529296875	3240.972412109375	NA
P0AAN1	10520.0029296875	8341.1728515625	11126.3857421875	16379.3427734375	13558.943359375	9758.4443359375	11572.658203125	18445.330078125	6449.8974609375	6789.4462890625	15645.3701171875	17701.16796875	28180.5859375	16410.41015625	10960.6513671875	7708.6884765625	3957.090087890625	3106.82421875	6195.51025390625	10269.59765625	8620.654296875	7785.02197265625	11598.5673828125	4257.5068359375
P0AAN3	560559.1875	706061.4375	741529.9375	770227.5	755547.5	629577.1875	662900.375	718908.3125	565022.6875	538555.25	579461.6875	741849.5	852885.5625	631064.875	548208.625	583850.25	477092.65625	486248.9375	549040.5625	518929.59375	538155	528026.875	592171.9375	480975.84375
P0AAN5	139049.03125	225388.4375	253167.875	124892.3984375	213926.828125	405424.625	237503.8125	263024.4375	290481.96875	324836.53125	315119.40625	180603.9375	212396.90625	273874.90625	154794.609375	138975.5	178064.578125	134624.828125	144966.828125	139383.71875	162148.09375	132618.546875	143051.890625	144862.734375
P0AAN9	548433.5	1397011.625	1378273.25	711221.75	1512491.25	1401936.125	1254095.5	1378760.875	1251915	1381263	1304216.625	1254535.125	1427455.375	1500287.75	714384.4375	601349.0625	633395.9375	567620.5625	582686.5625	633530.375	649889.3125	650226.375	649156	571646.875
P0AAP3	378817.4375	406167.09375	432049	401037.4375	390924.40625	378495.65625	380247	394585.875	390298	396013.4375	405210.625	349682.90625	346083	392190.9375	378581.9375	440999.15625	384862.09375	363931.0625	345054.21875	390590.5625	389438.84375	413985.21875	377128.6875	367066.9375
P0AAQ2	58485.0234375	121822.328125	162775.34375	49082.66796875	74098.265625	250585.4375	139627.96875	202163.375	220647.84375	205075.8125	203707.984375	86436.5703125	124116.34375	188135.140625	62098.95703125	42177.83984375	82483.8125	43566.67578125	62951.109375	55306.44921875	60351.41796875	52266.69140625	52780.38671875	63342.50390625
P0AAQ6	NA	62610.46484375	156016.46875	NA	48754.875	135043.015625	140549	95965.609375	69399.2109375	84855.90625	66419.9765625	40366.32421875	44889.359375	60170.625	18262.833984375	7549.857421875	29919.0234375	13722.3681640625	NA	NA	NA	NA	6524.939453125	12016.78515625
P0AAR3	774432.875	574829.6875	611131.625	732583.0625	502097.59375	554723.8125	500327.625	580457.375	565346.875	578779.625	562016.125	507554	516274.25	551229.6875	749656.1875	825308.125	716488.75	718803.5625	693108.1875	768408.6875	730145.5625	761670.4375	706684.9375	705462.5625
P0AAR8	NA	25971.6015625	12962.4658203125	NA	20924.384765625	10687.849609375	13641.1591796875	20587.3359375	5355.2529296875	17596.69921875	15387.29296875	15926.56640625	24764.3515625	20305.26953125	5324.77734375	NA	NA	NA	NA	NA	3420.91650390625	4242.927734375	NA	NA
P0AAS0	82154.4296875	114208.2265625	94428.375	90108.078125	145830.5	65800.171875	111752.3359375	87786.0859375	82569.1171875	75057.359375	67933.4296875	128802.09375	119866.609375	74710.03125	76574.8984375	94209.5703125	77411.609375	93271.9609375	73866.3125	74882.9296875	77230.03125	73029.203125	74385.1328125	72942.40625
P0AAS3	11103.33203125	6515.59326171875	18795.498046875	9533.9833984375	15846.80078125	12048.166015625	17989.736328125	14824.62890625	16132.541015625	16675.05078125	10871.3359375	15506.3408203125	12032.080078125	15184.509765625	9281.7451171875	6886.78369140625	7423.8955078125	11833.052734375	10425.1162109375	7842.302734375	NA	10620.955078125	9522.7978515625	10546.4296875
P0AAS7	669909.5625	763866.0625	744737.25	734560.4375	723665.375	814995.875	702754.375	742315.0625	694808.4375	732671.6875	724843.875	613590.4375	703097.1875	705329.75	709079.0625	698136	688763.0625	631972.6875	660021.9375	691223.75	715379.8125	646512	659570.9375	634845.625
P0AAS9	NA	35173.56640625	36134.015625	1977.77734375	23759.796875	38599.85546875	28349.115234375	32135.08984375	39629.48046875	42495.82421875	44409.62109375	25778.3671875	22093.970703125	40110.09375	NA	NA	18442.763671875	NA	NA	NA	NA	NA	NA	NA
P0AAT2	38578.7265625	79886.03125	87719.3984375	51854.68359375	70199.90625	77475.8671875	66219.0625	81989.296875	74726.640625	69496.609375	80037.015625	56698.97265625	69824.6875	70838.015625	49893.44921875	41416.77734375	43094.81640625	40686.171875	42136.28125	40209.00390625	35913.60546875	43428.4453125	31189.828125	40420.31640625
P0AAT4	883655.5625	596875.8125	528741.6875	901195	601795.25	530346.75	685640.875	621424	605328.875	570758.5	511126.25	627900	611944.875	588051.25	853311.75	878302.125	830568.125	881584.75	851322	880728.6875	906048.125	898743.5625	881314.375	825587.1875
P0AAT6	893835.875	709101.875	696751.4375	946908.5625	638518.5	855242.9375	661000.1875	646165.125	714292.6875	754000.0625	745531.5625	632736.25	570580.25	704180.3125	975247.75	960807.9375	1027960.4375	941562.5	933132.875	772902.8125	853882.3125	875655.8125	943827.25	879479.875
P0AAT9	911829.6875	1802172.625	1859280.375	976005.5625	1929747.875	2006458.75	1805374.625	2142945.75	2134726.5	2016118	1944005.875	1755263.25	2071571	1923245.75	1045064.875	842576.125	1023863.25	830726.6875	952252.8125	942054.875	931340.4375	873973.5	971154.0625	899929.8125
P0AAU2	19656.0234375	8637.6806640625	3591.687744140625	17924.26953125	8794.525390625	6339.857421875	8691.1328125	6933.0625	6275.24267578125	4906.65966796875	5767.9228515625	9778.1123046875	10460.203125	8614.9833984375	23044.92578125	12396.7666015625	16594.541015625	18745.876953125	21021.021484375	16113.513671875	15812.82421875	17295.802734375	23007.41015625	15026.4501953125
P0AAU7	57506.81640625	72186.015625	80503.6484375	45405.7265625	63353.64453125	74271.359375	60300.58203125	70801.078125	63084.5234375	66027.453125	62492.7109375	57841.98046875	62384.3125	64203.8671875	67228.3828125	72476.34375	64368.59375	63568.5234375	49984.34375	70583.125	60177.5546875	61149.6015625	56379.25	61371.921875
P0AAV4	259945.640625	331666.9375	282115.84375	269937.96875	297849.03125	299583.75	341083.6875	309717.125	331193.40625	309772.03125	314283.65625	280597.25	314812.40625	290916.375	286879.25	271104.4375	271223.46875	278668.3125	271167.875	274880.53125	273969.46875	270719.6875	270589.78125	257689.703125
P0AAV6	31265.576171875	142626.28125	173288.265625	22350.845703125	115811.765625	279899.53125	140657.015625	150025.96875	216895.265625	207886.953125	209255	94380.9375	114365.203125	152974.5625	34249.5859375	28762.892578125	41137.48828125	32764.396484375	30714.935546875	29287.279296875	26604.58203125	21384.095703125	27576.11328125	26245.552734375
P0AAW1	67016.0078125	62745.65234375	69973.9921875	68591.9375	66503.140625	80594.484375	65551.2734375	62741.98046875	77352.203125	78100.4453125	72937.609375	59840.86328125	56150.87890625	71539.90625	66139.3984375	65663.140625	81539.4609375	65296.6171875	68461.3828125	73529.1484375	78293.0703125	76604.1328125	63477.41796875	78100.390625
P0AAX3	139307.0625	74545.7109375	80009.1953125	120771.890625	97722.421875	74071.203125	74615	39489.1953125	44034.25	57841.87890625	58128.91796875	70331.75	61090.59765625	56249.73046875	132228.796875	182504.734375	138356.25	137683.34375	111945.953125	129114.4453125	127950.9375	126220.7421875	119186.578125	122379.8515625
P0AAX8	2295618.25	2592135	2586417.75	2358269.75	2529136	2793778.75	2496411.5	2516017.5	2461842.5	2544287.25	2753832.75	2582325.25	2594467.75	2580571.75	2368223.5	2304138	2329780.75	2207500	2323002	2317431.5	2332907.25	2203000	2250383.75	2232776.25
P0AAY1	NA	20414.37109375	19415.267578125	NA	17137.98828125	4949.751953125	15058.6396484375	8639.80859375	5736.81103515625	6734.11962890625	4378.54833984375	12846.24609375	12443.7412109375	8907.6396484375	NA	NA	NA	NA	NA	NA	NA	NA	NA	NA
P0AAY6	23045.65625	22747.330078125	15305.7177734375	28673.548828125	18131.365234375	9797.9716796875	17032.576171875	10921.94921875	21581.314453125	13777.3369140625	12548.5751953125	8746.8994140625	11272.6923828125	9222.861328125	23598.291015625	25563.52734375	21322.48828125	23277.125	20518.84765625	27043.798828125	27484.302734375	24199.7578125	16761.1484375	23036.443359375
P0AAZ4	560759.75	514523.46875	528615.1875	608330.125	513436.46875	493376	497459.40625	508664.15625	491546.71875	507866.75	472994.875	493390.34375	500639.53125	533382.625	594297.4375	582419.1875	565455.4375	549173	565065.5625	552263.5625	604678.9375	568365.25	587157.6875	572061.1875
P0AAZ7	823712.9375	1398681	1398300.375	840435.875	1244001.125	1537742	1219642.5	1479768.625	1312754.25	1369115.875	1394903.875	1012079.5625	1238280	1344906.125	805830	705551.75	865750.375	721607.5	762115.0625	727836.6875	820597.625	732931.25	686557	711271.1875
P0AB01	135750.78125	175276.125	187479.96875	146488.65625	167524.5	165768.53125	144337.953125	179952.25	114475.296875	171325.828125	168289.265625	154160.34375	163391.859375	178503.34375	135114.578125	165444.625	139771.109375	156603.140625	134882.4375	164554.3125	134691	141974.375	146891.65625	134483.5625
P0AB03	164624.890625	214117.453125	205230.96875	208390.234375	228371.390625	169223.109375	243758.25	223836.328125	150196.203125	167532.96875	164212.921875	247994.6875	297131.3125	200055.78125	139904.15625	108428.3359375	122872.5	120103.15625	156014.84375	146274.1875	153673.5	150582.984375	160282.328125	122730.515625
P0AB06	11740.984375	10406.998046875	NA	15502.4716796875	23048.931640625	44578.60546875	24414.1015625	26736.287109375	25016.896484375	35861.76953125	29213.751953125	16725.396484375	39739.7578125	33898.75390625	22174.986328125	NA	34045.43359375	16792.693359375	23503.181640625	19168.779296875	31717.017578125	20551.99609375	9529.6572265625	14944.71484375
P0AB10	43703.98828125	40884.58984375	40330.546875	44061.82421875	44698.578125	40378.69921875	43934.421875	40816.8203125	40433.015625	39692.4375	35529.76171875	43908.765625	45072.44140625	39285.40234375	35613.69140625	37412.328125	42667.46484375	45704.87109375	42810.72265625	48249.44140625	49033.12890625	46563.83203125	46911.28515625	46773.1328125
P0AB12	236908.0625	119157.125	110977.140625	249558.953125	145381.90625	114245.734375	140903.96875	140084.984375	134623.015625	120515.421875	109110.4375	164022.609375	134432.546875	120405.890625	212906.390625	220544.015625	183970.515625	216106.375	200134.359375	203828.609375	207830.09375	217553.046875	237873.203125	257283.015625
P0AB14	2059464.875	2312192.25	2380289.5	2148618	2287842.75	3027000.75	2246061	2678231.5	2533052.75	2745610.5	3067346.75	2099719.75	1996928.375	2715204.5	2163751.25	1820800.75	2336716.25	1664512.375	2072446.375	2139577	2175262	1969243.5	2104021	1961468
P0AB18	120351.71875	132118.359375	126599.328125	129424.234375	133129.90625	124691.78125	124682.890625	126154.5390625	122695.125	115003.4453125	133584.03125	105998.09375	125760.140625	112277.2109375	116319.421875	115217.359375	130118.640625	113677.3515625	114132.1484375	109905.7265625	115983.7421875	107455.859375	117181.984375	110649.3984375
P0AB20	13931.0009765625	15969.6220703125	21835.439453125	15794.869140625	18827.8984375	12101.841796875	17123.09765625	14676.4208984375	11509.6611328125	14788.380859375	13289.15625	14221.384765625	10477.560546875	14885.5576171875	16143.990234375	16152.3935546875	14801.69921875	19420.912109375	15625.9658203125	14094.7587890625	18785.578125	14305.41015625	14246.9560546875	14609.224609375
P0AB24	1764059.125	1660568.75	1828735.25	1815843.375	1467472.75	1978182.875	1721639.375	1944126.125	1812087.5	1622686.875	1641958.375	1302138.375	1294155	1589677.625	1588557.625	2385005.5	1811594.25	1830257	1391580.625	2021008.25	1700258.375	2135277.25	1584652.5	1863068
P0AB26	815508.6875	1028122.625	990806.1875	845848.625	1015238.5	928541.375	1034449	1007122.8125	987549.875	1052664	1060006.75	1115354.375	1134097.875	1080882.375	810703.625	692110.25	768919.375	807743.375	719108.8125	744321	801709.1875	799699.0625	828580.4375	851055.75
P0AB28	1072138.5	1364213.75	1373557.25	1107116.5	1254984.25	1517628.625	1173980.25	1410241.25	1347705.625	1419292.875	1389799.5	1094631.125	1268127.5	1346682.875	1103573.375	1155924.375	1178652.375	1086677.125	1061504.125	1054192.75	1070842.375	1055598.875	1019611.5	1053528.125
P0AB38	625666.0625	643885.375	712926.75	642006.6875	614327.6875	741102.125	659648.3125	729678.25	730121.75	723395.5	715776.625	580311	629450.625	744693.125	644228.5625	718473.5	663416.3125	619126.1875	636974.25	651040.75	670906.4375	636579.1875	634145.5	637665.875
P0AB40	183867.375	81029.4609375	44322.76171875	214524.15625	34693.39453125	16685.734375	28459.166015625	12442.8212890625	11841.76171875	24704.486328125	31169.720703125	45900.84765625	37978.6796875	22618.9765625	145966.390625	203238.875	154415.625	121552.8203125	200710.875	202433.5	156384.578125	170710.90625	160215.828125	124452.15625
P0AB43	546204.5	476138.875	445882.09375	545711.5625	498813.875	551085.5625	439805.25	486932.15625	468132.59375	514434.15625	510955.3125	394426.71875	486393.90625	500871.875	569986.5	629831.375	583424.1875	575260.8125	552604.375	568040.375	573370.4375	550289.8125	530054.125	570431.5
P0AB46	640903.5	886333.25	874765.125	781855.4375	820431.8125	1043036.1875	723996.0625	1101173.875	965496.625	1019786.75	971734.5	662266.875	795563.625	1143202.375	700792.625	573820.1875	669129.375	478565.0625	554818.0625	643690.0625	731859	578822.5625	708329.6875	579962.5625
P0AB49	4908.77783203125	11911.6728515625	15202.8076171875	4197.16357421875	16195.7431640625	6965.078125	21060.763671875	14193.44140625	9646.716796875	7273.15966796875	7198.14892578125	22292.041015625	12716.955078125	4854.615234375	2968.4990234375	4032.100830078125	2176.99951171875	4608.37841796875	2705.73681640625	1893.3126220703125	4536.48828125	4211.69287109375	3666.071533203125	3062.543701171875
P0AB52	820237.4375	1225075.625	1285172.75	851868.0625	1284920.625	1360998.625	1176141.75	1207805.375	1091591.5	1191577.625	1200192.625	1231816.875	1304098.375	1117557.125	807560.875	832881.625	766815.9375	779788.5625	762810.3125	843693.9375	803900.0625	776587	790444.5	739910.5
P0AB55	954696.25	1061485.375	914334.0625	1055608.625	1219688.5	848915	1132757.25	1119167.875	1016122.5	956101.875	887205.1875	1050324.625	1077008.875	923766.125	1074660.875	1184030.75	969063.9375	1118634.875	949152.9375	1114192.25	988068.625	1065645.375	1085582.75	983422.8125
P0AB58	117795.4453125	142620.96875	153871.09375	116612.484375	164520.0625	124436.15625	155022.4375	137386.546875	157815.984375	131581.921875	135583.03125	165332.9375	164181.328125	138552.765625	112425.0390625	105436.78125	108898.2265625	109573.734375	125385.984375	125112.140625	133479.0625	120327.5390625	112531.5234375	107283.5625
P0AB61	432763.96875	699970.75	698392.875	445585.25	618904.6875	815996	597344.6875	724888.3125	695955.5625	760611.8125	730903.125	497216.125	577107.9375	668845.1875	484102.8125	497982.71875	506867.875	446016.3125	453772.53125	471013.375	432682.21875	418593.25	442259.71875	413126.53125
P0AB65	194697.875	269826.6875	286637.75	204971.171875	268605.96875	279470.875	232114.15625	268576.71875	269732.5625	289555.46875	272444.84375	224160.546875	241398.796875	252650.34375	193924.078125	183012.8125	203371.1875	183972.671875	178790.765625	192900.390625	206148.578125	169937.171875	181021.390625	172600.09375
P0AB67	5933215.5	2934720.5	2824878.25	5093254.5	3032467.5	2605858	3194817.5	3040978	3117595.25	2744349.5	2745398	3157280.25	2823060.75	2838935.75	5723001.5	5837739	5361697.5	6300741.5	5595216.5	5921397.5	6008513	6049555.5	5763624.5	6163217.5
P0AB71	26926512	16362991	17351438	26954284	14927186	17544586	15913713	15419166	17117944	16971764	17262666	15102198	14433519	17073532	24730462	23556736	25817866	23592100	26532608	26188462	26571904	26676878	27160138	25639596
P0AB74	19844.689453125	2722.771484375	51117.0078125	26282.15625	42826.80859375	61500.1171875	167845.328125	55068.03125	79973.296875	56039.89453125	54838.39453125	108412.53125	25117.970703125	31434.603515625	20520.734375	30158.638671875	17632.705078125	16138.7255859375	7166.6171875	18950.76953125	16900.349609375	26904.66796875	24440.541015625	NA
P0AB77	218541.1875	1018210.75	994746.3125	317130.71875	999361.3125	939675.0625	1055154	1166840.375	903286.1875	981372.0625	1030061.1875	1098630	1358957.5	1102457.25	270021.53125	218397.171875	215229.5	245933.59375	238662.03125	237955.171875	217007.40625	234099.21875	244039.1875	264799.96875
P0AB80	5145714.5	5893611	5905994.5	5270103.5	5663999.5	4915187	5438301.5	6301308	4828233.5	5419101	5787047.5	5274191	6074994	6203428.5	4723108.5	4280868	4620471.5	4396660.5	4375515.5	4460580.5	4898325.5	4404636.5	4640832.5	4388658
P0AB83	92199.046875	74966.28125	75989.34375	80536.4921875	81530.84375	61028.671875	90317.453125	62930.16796875	72311.3203125	69716.59375	64762.77734375	60263.67578125	64066.40625	63330.828125	73174.09375	74168.2265625	65696.140625	77203.8671875	69600.03125	79128.0078125	80246.25	77479.21875	73740.1171875	85161.53125
P0AB89	9831630	8099728	7882296	10124869	8253758.5	7378030.5	8189034.5	7913717.5	7960110.5	7107039	7558630.5	8529696	8164906	7657171.5	9892040	10034850	10193235	10046889	10097122	10057470	10486713	10349136	10133876	10076613
P0AB91	17058774	8548140	8569470	16912142	8315099	8677867	8111773	8391469	7457285	7991467.5	8382855	8635493	8610033	8521286	16574027	17486452	16491668	16755788	16975284	16984842	17072028	16520548	16301172	16624126
P0AB96	22913.783203125	37717.29296875	33454.2265625	28469.859375	33308.2109375	44441.34375	32195.001953125	32528.46484375	27011.18359375	29672.025390625	38021.09765625	29794.900390625	29644.986328125	32199.80078125	16135.224609375	28844.48828125	23896.69140625	24903.611328125	17346.53125	31162.552734375	28004.447265625	15637.8447265625	21887.591796875	23284.71875
P0AB98	122826.5	156731.03125	130531.4765625	122024.03125	168304.109375	194186.78125	141772.015625	112547.8984375	158158.234375	154863.234375	164141.265625	151047.390625	142725.6875	156305.59375	84875.2109375	132598.25	95060.3125	95775.875	57145.8046875	82058.40625	77453.0078125	30974.529296875	84386.796875	78454.953125
P0ABA0	5807007	8029847	8342076.5	5819381.5	8090384.5	8689227	8495290	7259293	8223640	7872523.5	8149391.5	7983469	7300341.5	7645846.5	5597257.5	6373256	5638543	5736076.5	5709270	6156917.5	6062805	5935699	5970654.5	5578528
P0ABA4	7125071	11456166	11665230	7685341.5	11982504	13939094	11198358	11713184	12820813	12816510	12896441	10741141	10484525	12006487	7656623	7737464.5	7584201	7174294	7030860.5	7319559	7341044	7319555.5	7412189.5	7187083.5
P0ABA6	7103779.5	8937644	8969069	7212028	9266253	8755394	9524065	8475698	9016392	8631964	8590573	9574910	8341241	8281218.5	7160007	7327039.5	6687316.5	7066317.5	6990483	7099843	7116660.5	7113623	7184620.5	6832999.5
P0ABB0	55218100	74647320	74454984	55040716	79689840	61742480	80285344	71711416	75740616	67320776	63417368	79088688	71350176	63391496	54491332	56473396	51357140	55697796	53588472	54916232	55543880	55442860	55739244	54739644
P0ABB4	45888024	63023228	63749412	46506156	64411776	61884272	65728500	60518288	65101312	62403428	60599376	65599640	59384144	60348672	45255444	49363328	44234600	46796428	45912776	47514908	46896832	47002748	46477152	46494816
P0ABB8	1087075.75	689937.1875	703066.3125	917350.625	637010	892829.5	793430.4375	772220.6875	964355	892760	914603.8125	645440.75	633916.625	903016.625	889867.8125	844231.4375	941998.625	816613.25	844383.875	871975.625	981606.4375	886998.6875	969035.125	923331.125
P0ABC3	3501333.5	3694004.25	3614155	3424770.75	3441496.5	3787557.25	3679319.5	3485422.25	3726374.5	3890539.25	3730645.25	3350562.25	3231347	3648745.5	3715115.25	3867717.5	3808961.25	3616064	3625467.25	3617636.75	3642997	3544079.5	3682655.75	3645131
P0ABC7	5029635	5019778.5	5286365.5	5171096.5	5103803	5494218	5435438.5	5016963.5	5430045.5	5580761.5	5275167.5	4960866	4796578.5	5203984.5	5283914.5	5237575	5096659.5	5366546.5	5154024	5045741	5151009.5	5206642	5155211.5	5204817
P0ABC9	66098.140625	78520.671875	66485.2578125	65573.0078125	58963.3359375	82930.9296875	63777.89453125	73799.2578125	87365.2421875	72838.1640625	72978.75	77918.8515625	62149.5078125	66255.484375	69486.09375	59550.5078125	59022.42578125	70624.5859375	67435.09375	51119.5390625	70427.921875	53261.98828125	55687	62396.68359375
P0ABD3	2026175.625	3958437	3892000.5	2350877.75	5262094	3607301	3000324	3538813.25	2836518.5	3676056.75	3692373.25	4251224	4615176.5	3843509.25	2189981.25	1516333	1963556	1540410	2282560.75	1962143.625	2156569.25	2013582.75	2412325.25	1927220.5
P0ABD5	6369460	6948282.5	6631442.5	6527860.5	6403196.5	7480413.5	6522999	6934143.5	6817992	7346470	7198549	6546730.5	6896470	7129434	6468993	6323987	6546218.5	6532224	6433259	6284223	6329806.5	6356213	6691518	6589768
P0ABD8	3562074.25	4916389.5	4466163	3963267	4383164	5022255	4059025	4611036.5	4753856	4886421.5	5242795.5	3769802.25	4001755.75	4783418.5	4228345	4527890.5	4543527.5	3959214	4137578.75	3534082.25	4054619	3938884.5	4034925.75	3956219.75
P0ABE2	767141.875	633811.5	606207.6875	765582.5625	711717.8125	629693.5	625758.375	697755.125	602630.5625	550700.1875	571390.6875	635694.375	559563.125	561484.75	819701.375	686898.375	788338.3125	755727.1875	773361.6875	832583.6875	867804.3125	789831.1875	806973.8125	827593.75
P0ABF1	1277940.375	904650.875	902147.6875	1246260.5	912913.9375	683664.625	902082.25	873497.1875	895291.8125	815110.5	815379.8125	905102.875	878867.9375	820626.9375	1247467.5	1233259.375	1244999.125	1289957.625	1242575.75	1268809	1278350.625	1249369.75	1284586.625	1240682.25
P0ABF4	74567.8984375	158857.046875	161390.734375	59679.15234375	161945.984375	147236.875	158773.578125	159331.46875	154092.90625	140999.625	142392.09375	143312.125	160263.84375	120601.921875	63619.59765625	40805.25390625	68148.2734375	66402.8984375	61658.26171875	51220.66015625	60943.9140625	53264.5	61223.4765625	59640.984375
P0ABF6	831784.375	984490.6875	938823.4375	890481.75	1007015.9375	982587.5	906361.6875	986477.0625	854406.125	1020010.625	981535.3125	1011999.25	1080416.375	1006251.9375	796554.1875	772031.3125	762087.1875	766861.1875	812286.3125	732888.125	724692.25	776429.625	857210.8125	740617.375
P0ABG4	567854.25	NA	31333.1015625	604543	163486.328125	276155	234457.234375	NA	142419.640625	297281.125	151791.609375	255488.34375	309115.625	108419.4375	300637.75	127841.6875	175680.96875	192363.359375	326559	216396.28125	222416.109375	167092.65625	196638.828125	292347.03125
P0ABH0	1089031.125	933419.9375	879972	1062190.25	930490.4375	760475.875	962387.375	889832.125	908601.6875	818872.6875	837837.4375	970708.3125	967009.8125	884845.5625	1062271.25	1117574.25	1054810	1149567.75	1125812.75	1103611.625	1052974.5	1094883.375	1060924.75	1074657.375
P0ABH7	17301884	61540700	64208932	17050816	66395768	55371320	67327312	58138620	63351808	57202188	54038816	70244024	58937764	50276080	17502578	19058136	15865103	19820410	17246620	19829268	17414442	18890710	16966644	18264260
P0ABH9	3341270.75	3006088.75	2949217.5	3616918.25	3232169.75	2196195	3007602	2722645.75	2283450.25	2248271.5	2219304.25	3180152.75	2857374.25	2437910	3133657.25	3295459.5	2866668	3314114.5	3163543	3067699.75	3125640.75	3066465	3114094	2930508.25
P0ABI4	609549.125	654250.25	628355.125	599742.1875	711418.375	497329.90625	678091.5625	677958.4375	673685.125	558204.5	602292.4375	773597.75	696990.4375	611997.375	627400.6875	603448.6875	627358.0625	607188.1875	570660.1875	587949.6875	605026.25	585200.625	583013.625	601218.3125
P0ABI8	939941.1875	1446060.5	1654561.375	794309.4375	1318735	1472933.25	1581375.375	1439101	1689397.875	1533538	1607632.125	1722076.25	1324866.25	1289891.5	858575.5625	790352.5625	822419.9375	942999.6875	803879.6875	813384.25	808228.625	814052.6875	696381.5	888411.5625
P0ABJ1	2091735.25	4078521.5	3934906.5	2130347.75	4296840.5	3789778.75	4153403	3810203.75	4344313	4132328.25	4162012.5	5016616.5	4024190	3474260.25	2288519.25	2756876.5	2149314.25	2824854.75	2435903.75	2283526.25	1871183.875	2341915.75	2238881.25	2282355.75
P0ABJ6	3748.34619140625	3790.745361328125	4166.3447265625	2866.58642578125	4685.1865234375	2695.428955078125	6717.76171875	3631.55224609375	4572.20361328125	2358.57568359375	3926.701171875	6154.404296875	3589.7431640625	1853.5101318359375	3449.365234375	2778.72216796875	2646.803466796875	3961.28857421875	2586.76318359375	2873.189453125	3043.1298828125	3973.424560546875	3455.652099609375	3462.5458984375
P0ABJ9	3170735.5	4817741.5	4905808	3136080.5	4760906	5313653	5239729	4508628.5	5238243.5	4999454	5300265	5802826.5	5051401.5	5233701.5	3016853.25	2627320.5	2710598.25	3296322.5	3059855.75	2487591.75	2788034	2520996	2573922	2725886
P0ABK2	248316.296875	182873.90625	200606.53125	225032.953125	115511.8828125	164417.125	254676.796875	139693.390625	231476.234375	192888.078125	208618.984375	246843.953125	215966.328125	206135.15625	163581.453125	83602.6875	128747.3203125	155866.140625	126917.171875	128117.7109375	135814.25	107001.484375	104791.2421875	173433.921875
P0ABK5	84102672	103614344	104857568	89110744	107439776	111654952	100390344	102696872	94802656	101569048	102881928	101662448	101363664	103636056	89482280	94460744	88794040	86154872	87221784	92377632	90779928	89418744	89331312	87771488
P0ABK9	159286.90625	190918.9375	286800.78125	173048.34375	236712.953125	234260.578125	274396.0625	296779.375	113308.9375	237848.359375	236228.765625	263783.65625	314866.59375	237377.25	152411.265625	162247.84375	140349.171875	152934.84375	124169.875	128857.125	126932.2265625	84452.171875	132075.625	87747.2421875
P0ABL1	NA	5212.55029296875	5783.7275390625	4005.084228515625	7931.92431640625	4997.48779296875	8357.8291015625	10557.0478515625	1877.581787109375	4890.4609375	6188.26904296875	8269.0556640625	13174.1142578125	6373.3828125	1108.9674072265625	793.6044921875	1032.3055419921875	NA	1432.5142822265625	1211.9132080078125	1854.211181640625	NA	1720.849609375	1346.719482421875
P0ABL5	10778.556640625	10099.79296875	10827.9638671875	11861.8115234375	9906.6650390625	8925.35546875	10151.5068359375	11861.4306640625	7850.12060546875	11584.6357421875	8900.3125	12346.51171875	15871.5390625	12347.6044921875	8658.5986328125	3978.77294921875	7214.970703125	10494.7509765625	11259.330078125	10092.564453125	10050.9482421875	9895.3583984375	10287.583984375	10404.89453125
P0ABM9	26223.783203125	11240.384765625	24827.1875	31237.6640625	18608.927734375	17057.130859375	30155.36328125	17710.333984375	20546.359375	22617.705078125	18868.517578125	39866.28125	22543.255859375	22468.732421875	30076.619140625	24504.533203125	25978.453125	15175.2060546875	24090.890625	25287.11328125	17637.330078125	13586.6611328125	26786.3046875	22295.55859375
P0ABN5	94319.046875	104727.59375	121042.0859375	92615.5703125	90073.6015625	88203.1328125	106323.4453125	117171.5859375	89150.328125	108133.171875	98166.859375	129194.109375	132069.9375	89820.9765625	64811.9453125	51556.30859375	49531.71875	55583.37890625	48370.3359375	53062.1796875	71469.578125	58586.67578125	56813.60546875	72371.21875
P0ABN9	52507.4375	NA	NA	10839.728515625	NA	3072.97705078125	NA	NA	NA	NA	NA	NA	3113.55126953125	NA	25591.34375	12157.1611328125	496.18145751953125	6747.705078125	19276.484375	15679.47265625	1164.4105224609375	11468.6279296875	4353.4013671875	15539.04296875
P0ABP8	5861008.5	7186892	7244092	5977145.5	7068130	7546348	7330397	6955714	7443076.5	7508393.5	7304282.5	7300543.5	6185745	7405360	6163041.5	6587641	6059046	6127321	6015046.5	6441296	6166791	6105479.5	6226680	6376829
P0ABQ0	508644.875	663801.625	647172.875	481812.40625	657923.75	579742.5625	671060	654879.1875	645010	657073.25	644910	694992.25	671254.6875	625903	471418.3125	469681.96875	483977.4375	503407.625	470495.40625	459848.1875	471587.25	481357.4375	506277.375	461140.53125
P0ABQ2	227590.640625	428039.65625	410279.21875	268382.5	647606.8125	430573.625	466067.1875	431958.625	357882.28125	339275	342347.8125	541416.5	1076867.75	394780.28125	240676.375	244093.125	243868.34375	221415.21875	235537.078125	275054.5625	225677.609375	235750.203125	245418.328125	245289.1875
P0ABQ4	201591.421875	272371.21875	276426.84375	212056.171875	276119.625	333997.75	262641.71875	281379.25	302442.46875	309363.75	311723.6875	215066.625	233231.890625	280264.25	210922.625	196928.484375	251995.859375	209496	216211.15625	213502.34375	214866.34375	178208.109375	208271.359375	183965.171875
P0ABR1	10629.13671875	6305.32177734375	12032.1376953125	8217.6513671875	3941.774658203125	7586.3369140625	8006.6025390625	3895.798828125	7782.6953125	5761.7275390625	7358.19873046875	3833.97998046875	2469.665771484375	5528.1962890625	10329.6845703125	8544.0927734375	4690.51513671875	6347.58935546875	7723.751953125	3588.69091796875	5880.70849609375	6011.86669921875	5712.45703125	8022.3896484375
P0ABS1	3573160	5268114.5	5202877.5	3651597.5	5135805.5	6455273	4893327	5498315	5403532.5	5458922.5	5691351	4331087.5	4581533.5	5545786	4013843.75	4319676.5	4080577	3879417.75	3704081.25	3762751.25	3513324	3673222.5	3709484.25	3619963.75
P0ABS5	237106.625	292298.71875	304972.96875	231363.34375	263975.25	331393.375	276601.03125	274151.5	299808.5	277638.21875	303139.375	291869.78125	272378.28125	266081.84375	230139.9375	232324.640625	240961.25	228626.546875	247531.765625	204221.140625	218999.5625	239557.875	232815.078125	220582.890625
P0ABS8	129382.953125	139110.984375	132271.09375	140314.125	144237.078125	177471.0625	138823.4375	144514.6875	160565.984375	149991.6875	155494.34375	116639.4921875	132960.859375	148045.421875	145988.40625	145110.828125	154750.296875	127398.7578125	138044.21875	139907.296875	143718.859375	135902.921875	134953.84375	142023.109375
P0ABT2	16376199	22295144	22222714	13258707	24008530	26804754	18622940	23946560	20650394	28060804	29828674	18038748	14323931	28897922	17557012	13760486	17673856	14589931	18035836	15784490	18033284	14042175	15845605	16203313
P0ABT5	63980.734375	24573.84375	71694.6328125	50417.8125	24003.419921875	68264.328125	38720.88671875	53209.62890625	61141.25	65752.46875	46182.36328125	30943.35546875	28988.96484375	43616.8828125	71422.6796875	57518.6796875	51443.2734375	36061.234375	49181.859375	54877.46875	27987.74609375	59227.3359375	56164.95703125	49189.375
P0ABU0	1700819.5	1354320	1335043.5	1612397.25	1248691.875	1424732.75	1285021.625	1239588.875	1332858.125	1448678.75	1386888	1327229.875	1186173.375	1501417.25	1705377.75	1602590.625	1654532	1642555.5	1734150.375	1589557.75	1592460.375	1490969.5	1640270.625	1721897.5
P0ABU2	4752058.5	4309619.5	4138400.75	4740284.5	4555653.5	4437180.5	4106172	4293911	4283032	4291632.5	4280711	4442947.5	4201730	4165972.5	4827475	4941515	4968014	4895951	4966389.5	4732347.5	4724444.5	4735271	4785202	4859316
P0ABU5	2066674.75	3339803.5	3237724.5	2305421.25	3486095	3125641.25	3179077.75	3420841.5	3206383.5	3149638	3251543.25	3604288.5	3103018.25	3226211.75	2121000.5	1999060	1955249.875	2135875.25	2007771.75	2051268.875	2199978.5	2105359	2077335.375	2113797
P0ABU7	944927.5	497230.1875	456266.0625	824794.0625	444595.84375	491789.3125	557496	480064.1875	519522.96875	443107.78125	338575.46875	423230.65625	273615.4375	338606	1073041.875	1299673.375	1146246.625	1193000.375	1006404.875	1124295.375	1022321.375	1082188.75	1081529.25	1100212
P0ABU9	242489.578125	197425.53125	183680.21875	224775.5	190864.78125	166445.78125	194122.484375	203208.46875	204316.21875	185886.578125	178691.953125	182859.671875	195777.0625	191677.15625	240083.046875	249464.671875	216362.6875	229641.46875	214342.96875	229767.390625	246059.109375	244648.8125	229684.046875	239079.296875
P0ABV2	809761.9375	457975.46875	496909.9375	740317.75	342319.59375	511100.3125	556516.8125	474391.625	593643.625	572043.8125	517128.375	304545.21875	278254.9375	502080.75	692156.5625	787385.0625	852329.3125	783485	692399.875	756854.5625	745385.3125	790991.8125	695724.0625	846583.25
P0ABV6	243699.703125	186168.234375	229582.390625	207093.4375	205870.0625	225308	216149.3125	211500.921875	207208.296875	218078.421875	206140.40625	191339.5	180578.59375	199998.234375	205209.5	219236.84375	230596.125	206058.46875	202534.078125	212522.21875	231939.625	225137.609375	212434.96875	222680.484375
P0ABX5	NA	NA	NA	NA	9436.8125	52578.88671875	11260.37109375	101261.015625	29709.982421875	44026.85546875	11227.7900390625	NA	76425.828125	17414.62109375	NA	NA	NA	NA	NA	NA	NA	NA	NA	NA
P0ABX8	22101.203125	51702.859375	102814.140625	13369.00390625	61780.05078125	101998.6015625	169080.25	163419.046875	127132.8359375	134931.84375	111016.2265625	58369.85546875	50720.921875	111886.5	18466.142578125	23916.6484375	23267.4609375	20487.126953125	15850.32421875	13623.322265625	13769.5546875	NA	12768.056640625	15172.04296875
P0ABY4	279675.28125	309850.25	287868.375	295412.28125	296138.875	360832.84375	272748.4375	315041.5625	355817.96875	341692.53125	334767.78125	273543.6875	321614.5625	348279.90625	317792.84375	209760.734375	294792.8125	288365.9375	285976.65625	241899.84375	286430.21875	281224.4375	281701.875	266336.125
P0ABZ1	22205.814453125	76161.2109375	81048.609375	38440.328125	106641.0078125	114290.4140625	120431.359375	267313.1875	178506.625	235060.484375	199421.546875	75569.7734375	80810.265625	197587.78125	21961.728515625	NA	NA	25035.693359375	NA	29753.884765625	13208.50390625	NA	NA	23940.673828125
P0ABZ4	427864.46875	464484.375	456334.5625	467269.78125	459456.75	494031.4375	433783.78125	511950.5625	441539.09375	464557.03125	466421.4375	437820.90625	463807.53125	444207.28125	470270.8125	470435.09375	473913.25	460795.625	450541.8125	483225	467348.6875	454937.8125	460515.875	438794.3125
P0ABZ6	5073359	5762067	5683824	5024100	5691702	5802723.5	5754576	5928884	5643765	5895556.5	5748188.5	5530450	6187277	5839019	5174521.5	5251727.5	5170359.5	5338289	5022262.5	5460371.5	5322392	5099638.5	5314013.5	5037552
P0AC02	3431950	3795788	3687845	3401452	3721927.25	3779455.5	3682553.5	3729537.5	3896546.75	3884881.25	3867062.5	3633840.5	3696447.75	3808718	3501361.5	3481208.5	3402864.25	3634761.75	3491780	3409196.25	3200370.5	3326529.5	3453592.25	3353972
P0AC13	742641	669211.3125	623287.3125	718061.8125	744630.9375	554067.75	683407.75	684477.0625	583555.3125	634473.1875	584133.875	687906.75	684029.6875	625928.875	740860.375	724699.3125	729713.625	782901.4375	725069.9375	693822.3125	716486.8125	728617.5	747455.125	700836.375
P0AC16	176305.984375	130948.8125	156422.515625	177359.8125	169239.828125	121491.734375	149164.921875	138722.390625	126562.640625	99035.046875	110565.8828125	164312.15625	144077.484375	114626.2421875	173453.96875	169574.59375	164269.234375	179690.96875	186271.203125	170289.125	179370.296875	166529.34375	166166.34375	168083.890625
P0AC19	941554.875	711436.6875	771742.5	878618.375	851181.0625	556202.5625	822808.75	679948.3125	777710.0625	628895.125	586904.625	803545.6875	704050.1875	569915.625	922333.9375	1071273	893480.3125	1060280.75	859114.125	1013468.6875	1016651.3125	1037500.0625	855748.125	972083.375
P0AC23	162073.453125	163293.1875	176186.65625	157761.34375	142392.296875	230463.359375	181708.59375	219547.640625	179368.984375	236395.8125	247821.125	206845.328125	233499.0625	276287.21875	124225.625	98315.8671875	110534.828125	88877.15625	110304.6015625	93111.15625	89135.390625	96012.125	102225.078125	112528.9296875
P0AC28	NA	1833.3896484375	1067.8800048828125	1584.32421875	1198.8536376953125	NA	2312.18505859375	1378.064208984375	1137.285400390625	3053.81103515625	1602.4119873046875	3097.121337890625	2937.144775390625	2128.314453125	1846.046630859375	NA	776.04217529296875	1747.3856201171875	1180.558349609375	NA	NA	1159.799072265625	1473.5196533203125	NA
P0AC30	195127.609375	177568.984375	193660.03125	199022.671875	180461.3125	198486.515625	178949.234375	175720.3125	182243.390625	188374.375	164289.5625	173098.703125	176865.625	189591.59375	175209.390625	181403.484375	170563.984375	176947.046875	176151.71875	177827.171875	182422.265625	164025.09375	180993.75	187857.875
P0AC33	4221156.5	14890043	14853364	4043087.25	16027488	11459970	13589461	12645893	11743113	11526429	11766236	16597112	15007441	11446831	4477244	4395657	3852422.75	4839295	4544124.5	4377979.5	4144681.75	4231039	4300426.5	4239172
P0AC38	1353976.125	4291101.5	4167676	1738884.75	4913543	3235735.5	4157574.75	4113938.5	3430353.5	3403796.75	3460879	4499872.5	4608993.5	3616185	1125197.5	1356202.5	879114.6875	1153026	1148022.625	1234535	1111228.375	1213264.375	1233858.125	1078529.125
P0AC41	5644863.5	36042552	35335420	5329865.5	38763860	32145406	34997500	31987594	31870122	31458422	31192092	41715052	38308480	28927694	6365258	6598929	5729242.5	8049518.5	6502223.5	6194606	5667388.5	6032538.5	5444740.5	5732439.5
P0AC44	45220.078125	167003.578125	216699.15625	36704.328125	141284.875	155847.890625	202937.34375	171144.34375	167758.28125	179866.328125	171069.765625	188589.578125	185202	147237.234375	41640.7421875	37839.91015625	31302.96484375	47567.1015625	36387.52734375	37434.6015625	36077.078125	35041.04296875	26950.22265625	43891.95703125
P0AC47	1937915.875	2495782.75	2314784.5	2461169.5	2488197.75	1916666.75	2095247	2496573.25	1711876.875	1924394	2097901.5	2433574.5	2935194.5	2333759	1952671.875	1879837.25	1667779.875	1790910.625	2039120.25	1699211.75	1738680.375	1818727.375	1991309	1619338.25
P0AC51	201972.40625	321399.8125	309934.1875	205170.25	318246.40625	375739.78125	285834.96875	320894.53125	309104.53125	333855.875	347232.21875	306728.8125	342702.46875	320708.5	209531.390625	193619.140625	228264.875	178133.5625	203378.53125	190072.046875	212957.625	167805.640625	202238.984375	183062.859375
P0AC53	6631416	5241283.5	5319183.5	6486686	5615499	5058160	5554360	5249495	5385970	5190385.5	5270494.5	5593826	5801206	5324046	6327879	6673863	6224604	6632448.5	6352505	6498105.5	6645850.5	6525954	6431208	6447671
P0AC55	11447.650390625	NA	3639.344482421875	4759.62060546875	6605.78173828125	NA	NA	NA	NA	NA	NA	NA	5459.66845703125	4146.923828125	3720.7578125	7119.8212890625	3506.613525390625	6448.10400390625	6156.95849609375	9397.3076171875	7790.638671875	6266.9384765625	5071.24755859375	4828.6943359375
P0AC59	9663961	14779728	15376151	9157472	13514219	18840034	14633571	14710614	16845122	17875728	17342052	13652354	13102266	16908968	9835180	9671561	10676021	8478564	9626593	9638730	9839174	9274830	9760890	9510057
P0AC62	2761247.75	3782433.5	3837676.5	2893558	3141556.75	4679407.5	3247586.75	3754359.25	3862491	4140963.5	4265364	2911500	3040609.5	3741937.25	3038401	3148828.25	3198009.5	2637197.5	2789147.25	2928132.25	2852546.75	2686380.25	2763101.25	2734185.25
P0AC69	4386398	3954039.75	4051874.5	4381841	4079842	4193836	3589185.75	3770304.5	3702809.25	3849214.5	3832774.75	3427701	3541035.25	3608509.75	5023207	5371498	4877963	4928778	4774222.5	4881420.5	4592204.5	4487368.5	4525935	4582115
P0AC75	160334.140625	117058.0390625	122089.8359375	169440.953125	135986.921875	90244.6640625	111272.296875	117892.578125	119783.46875	99956.75	79986.796875	115317.4765625	127439.328125	94933.8515625	169729.390625	175771.5625	163764.828125	178420.203125	168863.921875	169519.546875	162669.890625	172404.328125	158965.078125	151471.9375
P0AC78	19580.8203125	13518.9951171875	13917.0732421875	18030.125	8958.037109375	9539.2431640625	13172.8232421875	13070.265625	16675.890625	13970.7001953125	12965.14453125	13514.8125	13918.1181640625	12172.2705078125	10410.7353515625	10048.2177734375	7903.39453125	6308.0341796875	7098.30078125	10329.404296875	15039.318359375	10298.3369140625	8034.90185546875	12604.88671875
P0AC81	771903.25	888887.875	942270.0625	760028.0625	855591.3125	965808.875	758444.75	920196.1875	889958.75	934449.875	908560.5	735746.6875	794626.9375	868321.125	764674.25	773071.9375	776995.5625	703531.0625	703108.0625	693911.8125	720000.25	693218.125	720515.3125	733613.3125
P0AC84	729730.0625	656815.9375	678939.0625	666589.75	642168.4375	669208	629245.4375	699657.8125	698472.0625	716538.75	637524.625	657365.875	613575.375	647896.75	736306.625	658558.125	730850.625	708966.125	690843.5625	756265.5625	747081.125	732893.5625	724333	736628.6875
P0AC86	1786291.625	1667909.25	1637417.625	1939453.125	2101822.25	1188319	1836147.375	1645591.75	1670571.5	1428148.75	1382252.5	1944583	2009192.625	1443071.5	1823193.5	1703322.75	1571931.125	1874280.125	1936694.125	1860743.875	1831022.875	1929594.5	1845642.125	1756491.125
P0AC92	130916.6953125	86644.875	87555.7734375	147385.140625	79605.75	107101.390625	86592.90625	105165.9609375	80692.25	96985.3984375	105771.0546875	81686.5390625	91242.25	99655.7421875	172286.609375	193331.546875	155148.203125	151520.453125	150732.78125	180406.890625	181529.6875	163017.359375	157050.3125	150638.15625
P0ACA1	527884.1875	690796.375	702391.25	440600.84375	649358.875	775801.5	708672.5625	686765.8125	792175.1875	800009.5625	722494.1875	600734.6875	598381.1875	657566.8125	502685.125	574338.375	533271.125	516132.71875	493084.96875	520641.03125	528769.375	520309.4375	461360.09375	543742.625
P0ACA3	6315056.5	5904407	5695805.5	6180792.5	7049568	4872747.5	6490002	5823969.5	5949571	5259535.5	4897318	7028540.5	6206476	4972352.5	6031430.5	5594296.5	5477151.5	6189292	5549385	5983764.5	6353652	5905647	6001771.5	5628610
P0ACA7	1902493.75	2178696.25	2103824.5	1831772	2198361.5	1941295.625	2212621.25	2155591.5	2190496	2152325.5	2079595.625	2261791.25	2179615.5	2000874	1980304.625	1758380.375	1854131	1999546.875	1872886.375	1817227.625	1884981	1896087.875	1989745	1932575.75
P0ACB0	625627	679954.25	636321.0625	677251.375	736169.4375	667085.5625	673422.4375	682964.875	678683.125	732425.4375	704713.5	666761.5	651495.0625	677525.6875	647254.1875	658165.375	644033.5	658748.25	650676.375	623988.0625	642986.75	627729.625	646625.4375	620362.375
P0ACB2	1355528.625	1563741	1660161.625	1424975.875	1516980.375	1647395.5	1514765	1566479.125	1554436.75	1536364.625	1476333.625	1570916.25	1637426.25	1623126.125	1397227.375	1441665.875	1331069.25	1463076.25	1398840.25	1369131.625	1383950.125	1325106.75	1398830.875	1443313.125
P0ACB4	369215.75	333125.125	380765.25	369272.59375	366026.40625	309110.59375	380633.34375	375397.28125	346413.84375	328039.46875	336468.3125	352402.1875	367812.71875	332990.21875	362431.3125	379784.375	363806.59375	389746.8125	353420.25	368672.1875	383510.625	376613.5	387913.3125	347977.5625
P0ACB7	840643.5625	1034687.9375	1104271.5	894025.5625	928707.375	1112611.125	1052487.75	1066900.75	1121457.25	1135063.875	1143812.375	1001371.25	1004395.8125	1085772.5	854413.375	827687.25	866180.6875	851480.375	814271	830700.25	895748.4375	910112.75	872678.8125	823258.25
P0ACC1	22825.724609375	20678.869140625	22435.466796875	30107.576171875	25042.939453125	21101.16015625	20297.38671875	19544.943359375	22321.982421875	20778.50390625	26018.041015625	22267.64453125	25212.349609375	25367.1328125	25885.587890625	21891.53515625	25777.0703125	18920.685546875	26997.904296875	24703.814453125	19380.634765625	22912.9921875	22455.185546875	20827.6953125
P0ACC3	1373563.75	1420430.5	1538217.125	1518977.875	1284907.375	1736615.25	1325137.625	1444461.625	1479633.25	1537937.25	1588228.125	1155486.375	1333584.625	1356133.375	1587964	1648449.375	1535004	1429314.875	1421108.75	1557359	1537446.625	1397683	1444556.125	1323724.625
P0ACC7	1505214.625	1291643.25	1326409.625	1539082.125	1257339.25	1443141.625	1334511	1347730.625	1306496.25	1331765.5	1390859.125	1240813.125	1247615.625	1317450	1456021.125	1487941.875	1467170.5	1498611.75	1454722.875	1542182.875	1471013	1507758.875	1467679.5	1484516.875
P0ACD4	3836704	4019502.5	4517220	4214275.5	3850287.75	6249053	4253135.5	4705826	4799078.5	4903556	4933628.5	3748640.75	4784751.5	4373814	4242472.5	3867372	4235769.5	3766521.75	4042406	4015519	4229912	3746590.5	3670697.75	4101782
P0ACD8	146148.890625	104751.1015625	94229.25	174103.09375	126292.21875	31311.896484375	100106.5078125	127782.9921875	28949.27734375	75499	93416	104600.8203125	107987.1171875	149610.046875	112558.4140625	65041.9375	108917.8203125	60106.58203125	117096.78125	127733.6171875	154091.8125	127747.328125	172444.140625	98401.1015625
P0ACE0	735303.625	623870.0625	502046.53125	891462.5	735656.0625	430814.125	591279.125	736294.875	371552.59375	471520.03125	504808.9375	724893.75	1008825.3125	635393.625	642325.875	484123.15625	511529.53125	485166.25	606405.1875	655935.375	724069.8125	671001.4375	735111.1875	562879
P0ACE3	328006.8125	181517.4375	196068.546875	347754.28125	193639.546875	231393.671875	178268.8125	163273.59375	200405.5625	202140.65625	214369.015625	182271.796875	185865.765625	202397.5	331149.78125	340536.1875	343383.96875	336336.5	366519.25	318162.875	292026.09375	323855.25	345993.875	316380.25
P0ACE7	2684178.75	2807058.25	2975771.25	2704916.75	2372995.75	3279191	2499270.5	2886055.25	2792308	3052131.5	3051534	2221151.75	2289830	2743738.75	2926580.75	3153880	2992795.75	2705484.5	2598571.75	2995705.25	2915539.25	2795449.25	2680014	2728702.25
P0ACF0	34515120	49877600	49168820	34066444	46541328	62095888	46521884	49934140	51561008	56126180	57529648	40492284	45044328	52423176	35684344	35655228	37359196	33789396	34598348	32937070	35235128	34230944	34209196	34889664
P0ACF4	16581450	27328848	28744294	17325180	27098034	34495544	26078854	28433626	26764532	31164408	29005902	21423472	25678140	28026172	18216990	19311772	17337980	15890854	16580821	18075752	16242353	15276788	16467191	15519732
P0ACF8	14617569	28614944	29412606	14756575	28068752	34377676	25221952	30315610	27064638	31813228	33306906	24536580	26714226	31011102	16041871	18082782	16402809	13887452	15000648	14212350	14210565	13270200	13972319	14064187
P0ACG1	10870620	6704903	7037936	11518625	6799227.5	7086741	6279241	6892013.5	6876944	6716588	6939146.5	6389172	5896947.5	5954652	11407854	12332415	11078162	10987477	10716909	11189170	11056325	11392835	11335466	10874405
P0ACG8	17071.208984375	108578.5625	24085.380859375	90150.9453125	21155.79296875	29978.8046875	14397.548828125	9039.7548828125	18850.26953125	13646.744140625	20975.25	14683.0322265625	16176.568359375	58417.58203125	6440.3427734375	15247.5498046875	25250.6796875	17533.9453125	16617.25390625	2283.164306640625	17143.87109375	10965.681640625	11312.060546875	18549.267578125
P0ACH8	NA	1644.0859375	NA	NA	1546.2755126953125	944.5390625	1714.482666015625	1576.247314453125	NA	1464.807861328125	2310.630859375	2688.1044921875	1686.248046875	1078.7950439453125	NA	NA	NA	NA	NA	NA	NA	NA	NA	NA
P0ACI0	983650.6875	908895	896887.75	975488.5625	1013482.5625	823790.25	941773.4375	885591.875	951863	853406.25	862781.625	873102.9375	826974.75	852071.25	935548.375	997141.875	923211.1875	973662.9375	996932.25	997852.6875	1013182.875	925723.125	969236	946563.125
P0ACI3	56290.578125	81108.953125	71104.328125	62256.62890625	80835.3828125	58698.39453125	84234.421875	55643.09765625	73312.28125	77328.5859375	80131.3203125	83198.421875	75671.703125	73268.5078125	59418.89453125	63502.0859375	52508.75390625	76154.5390625	55165.7890625	66336.7109375	59719.1484375	65829.203125	51072.140625	63735.91796875
P0ACI6	125733.2734375	131046.3671875	91918.53125	145775.375	124638.1796875	80606.890625	131612.796875	89656.6328125	112474.3359375	110338.21875	98225.8828125	94708.59375	113958.75	84901.8125	145319.921875	151491.515625	118145.1796875	154637.890625	150113.046875	149235.734375	148446.484375	147285.34375	147058.46875	121895.2890625
P0ACJ0	8078327	7044037	7208594.5	8116124	7424489	6585741.5	7309231	7217581.5	6756368.5	6801480	6714184	7051399	7214315	6771301.5	7982033.5	8362089	7503352	7984781.5	7728088	8192854	8311778	8279478	8193339	7760413
P0ACJ8	6746066	12119427	12435935	7561589.5	15630731	8434176	14198352	12626739	12624073	10130587	10165824	14982173	15375139	10152057	7387601.5	7494626	6579224	7290172	6779041.5	7148195.5	7140051	7085294.5	7344866	6859099.5
P0ACK2	214587.390625	210444.125	204550.109375	231718.984375	218678.71875	217534.46875	217239.09375	211866.8125	204965.203125	193600.453125	204429.796875	211824.703125	220669.6875	205440.125	194612.890625	218296.015625	182828.734375	212483.453125	189955.84375	210130	215286.375	200578.515625	191839.8125	183033.671875
P0ACK5	409345.125	482009.53125	469134.09375	431260.0625	536222.25	472075.125	456005.53125	423298.6875	455058.34375	432050.5625	463438.96875	502560.28125	537982.75	502159.46875	428105.875	447645.15625	388873.34375	419195.75	413582.5625	409582.3125	417096.15625	450820.5625	420172.71875	392951.0625
P0ACK8	36376.0390625	68736.484375	75709.7421875	32182.46484375	120236.0234375	91112.7421875	75264.875	76304.671875	96038.5078125	77443.3984375	86468.34375	93541.2109375	87615.59375	101365.1796875	16903.18359375	24754.32421875	30598.85546875	NA	29958.0703125	27982.080078125	24349.10546875	26925.97265625	39598.59375	24616.11328125
P0ACL0	316927.09375	243528.8125	243502.6875	277449.9375	266009.5625	201000.09375	276905.75	234157.96875	243533.640625	196745.671875	239792.453125	278687.90625	248754.6875	242439.96875	298940.25	338169.84375	283406.8125	312892.5625	282883.34375	286743.59375	311099.15625	291188.6875	284773.6875	290162.625
P0ACL2	150233.6875	156171.796875	144221.96875	150956.828125	164736.09375	151966.8125	141943.25	181827.6875	152109.515625	130638.109375	164604.125	166337.546875	169112.140625	150177.765625	153831.203125	134385.453125	128943.25	140312.15625	121333.7890625	125062.4296875	151056.609375	136793.515625	149407.53125	133663.609375
P0ACL5	67102.34375	418568	437813.1875	65016.14453125	361963.625	365174.5625	416165.8125	346471.59375	392830	369400.59375	303754.15625	395226.5625	309651.125	271479.84375	50128.3046875	57869.28125	41499.41796875	67642.6796875	58748.015625	40179.55078125	37075.29296875	38014.9921875	52362.53125	74410.421875
P0ACL9	335232.9375	1082199	1077543.375	381054.53125	1031989.5625	1203286.5	1013695.875	1073458.75	1139581.625	1154723.25	1196622.625	872789.6875	1023304.0625	1131054.75	381564.125	358291.25	395754.65625	323722.96875	338037	359450.125	341020.09375	336274.28125	322343.53125	335649.15625
P0ACM2	117944.9296875	110740.25	99925.296875	132842.609375	118348.375	90400.203125	101814.3046875	102051.9609375	85002.078125	97805.609375	102819.5546875	111518.1171875	130455.546875	105785.4765625	108328.1328125	103928.609375	106561.546875	109424.09375	110654.7890625	105768.4609375	112889.625	101025.796875	114970.453125	102223.375
P0ACM5	106526.6640625	106049.28125	115543.7890625	116889.6953125	119478.203125	109649.1875	117077.15625	86996.109375	113191.796875	113364.84375	99593.140625	112845.3984375	114692.8671875	102053.078125	113165.21875	118360.046875	89370.0546875	114055.828125	115067.421875	98664.25	86506.03125	107523.765625	108372.6875	105600.65625
P0ACN2	5141.4912109375	5888.33837890625	5751.1357421875	3049.142333984375	3653.403076171875	6188.388671875	5300.56494140625	5134.19384765625	3134.776123046875	4736.029296875	3170.66259765625	3904.791015625	4023.658203125	2285.3154296875	4664.71044921875	5284.38037109375	3628.671875	5465.82666015625	3568.962646484375	2041.10498046875	4199.60791015625	1692.445556640625	2319.394287109375	3564.781005859375
P0ACN4	1012924.5	714983.8125	700622.5	955112.9375	847709.6875	564146.3125	726053.25	716585.5	706886.9375	667626.9375	523554.4375	773182.5625	844255.25	595879.5625	923237.8125	1006479.75	887076.9375	928442	818633.625	1003138.875	1076749.25	998589	944469.3125	912042.25
P0ACN7	133280.9375	230163.984375	207278.875	161217.65625	237952.40625	217034.015625	213087.640625	220114.6875	226780.1875	231719.125	219222.15625	196814.59375	234084.90625	220096.15625	140881.84375	150520.25	133732.21875	137023.984375	129463.7421875	135655.265625	141498.765625	141094.359375	144852.5625	139383.984375
P0ACP1	630390.3125	885901.875	849982.0625	670514.5	1115866	708944.25	916622.75	919318.5625	851212.8125	784172.375	789793	1084180.375	1097344.625	820586.1875	635564.625	627159.4375	588367	595835.3125	625416.5	598210.9375	658230.3125	606682.5	609388	544848.4375
P0ACP5	677853.8125	1018293	1088050.75	780011.625	924508.75	978337.5625	998031.75	983535.9375	1034530.5	1068799.75	950646.1875	959213.6875	951079.5625	961756.0625	722771.1875	751158.3125	671964.3125	702360.1875	668910.5625	683473.625	674717.875	658492	702970.8125	657741.0625
P0ACP7	10013399	10807607	10308065	9734873	11516277	9110096	10668989	10541799	9653990	9162684	9214289	11257461	11776706	9417658	9495536	10197234	9235390	10020900	9570940	10385336	9739696	9839139	9870508	9826761
P0ACQ4	759805.5	742441.3125	729450.375	778025.25	728182.4375	749210.5	750398.9375	773755.0625	746414.75	780912.5	733280.1875	695957.25	746022.5625	712645.5	777820.5	774858.5625	727479.9375	774546.875	736762.25	749112.5	761692	769264.125	783397.0625	762118.3125
P0ACR2	25426.26953125	9821.6201171875	14271.990234375	14074.5498046875	12588.7919921875	14819.73046875	10398.3642578125	21770.474609375	11628.46875	6637.779296875	12362.87890625	NA	22388.68359375	11218.7529296875	16929.318359375	7448.19580078125	11026.4736328125	9238.5146484375	11832.3330078125	13874.3662109375	15450.1787109375	13280.0869140625	14152.5849609375	16396.361328125
P0ACR4	176570.53125	125190.734375	140719.671875	176706.453125	139657.515625	139269.6875	126647.2578125	135571.40625	158571.40625	139496.84375	127788.1015625	145880.796875	129857.65625	147660.953125	171207.84375	161406.78125	165740.6875	167347.625	153020.9375	153680.65625	165952.234375	161214.65625	153616.546875	170830.484375
P0ACR9	2545478.5	3186087.5	3053740.5	2743518.25	3111318.5	2735678.25	2716010.75	3317995.75	2703324	2804117.75	3097837.5	2829594.5	3005007.5	3141491.25	2765257.5	3199348.5	2765863.5	2809048	2636380.5	2881510.75	2668369.5	2710152.5	2682722.5	2566295.5
P0ACS5	40878.01171875	38348.2578125	60367.0703125	42713.5234375	47900.39453125	57268.42578125	48272.4296875	38951.96875	49885.0390625	55036.359375	50010.6328125	27561.33984375	34620.80078125	43608.2109375	48368.89453125	52502.61328125	36131.80078125	42341.34375	41802.91796875	41624.25	36439.02734375	31867.796875	38365.01953125	32579.11328125
P0ACS7	333745.1875	399463.3125	370499.125	322468.71875	467641.125	285894.71875	446596.53125	355658.5625	366018.46875	355815.25	313042.6875	450673.84375	409469	315463.28125	302956.09375	345737.0625	276882.1875	369768.6875	296858.40625	325820.59375	291972.625	337405.1875	316022.21875	326992.09375
P0ACS9	54041.62890625	44003.23828125	57269.1484375	49710.28125	46486.49609375	49739.265625	53252.73046875	46726.4375	65855.9140625	53988.48046875	45711.39453125	47688.22265625	34733.10546875	41334.48046875	49161.22265625	42974.78515625	44907.98046875	60115.1875	42500.6953125	41201.9921875	56901.6484375	61926.38671875	53743.74609375	61189.74609375
P0ACT6	187165.078125	298923.4375	291469.03125	201145.15625	369341.0625	250417.125	365193.3125	245720.125	324364.1875	241444.4375	252424.34375	301762.71875	362536.625	258232.59375	190497.171875	195323.734375	170538.328125	191276.53125	182121.328125	198966.3125	205814.21875	184592.015625	180689.375	151908.515625
P0ACU0	42687.3671875	37218.02734375	35216.3359375	35415.25	34526.0390625	29848.60546875	29354.4921875	32915.28515625	33546.26953125	34705.83203125	26809.884765625	31432.076171875	31349.19921875	25430.841796875	42461.31640625	36975.9375	41358.484375	38825.07421875	32951.40625	32108.365234375	37724.4765625	39992.69140625	33798.6796875	34681.9921875
P0ACU2	12074.3857421875	8063.6826171875	7028.9462890625	10962.796875	5423.693359375	5027.671875	6778.94287109375	3972.803955078125	8199.96875	6772.001953125	5718.73974609375	4758.2421875	6943.5048828125	5415.31005859375	11041.6474609375	8097.55126953125	8890.056640625	11107.9658203125	10399.712890625	9161.146484375	10307.76171875	6255.58154296875	10646.173828125	13481.0029296875
P0ACU5	332247.96875	287368.96875	290789.75	339312	329082.125	209698.390625	313239.28125	267437.1875	282547.65625	264056.40625	231541.71875	292918.71875	318710.9375	235626.390625	309840.65625	355685.25	290065.8125	345963.40625	316100.8125	332141.1875	366277.8125	338415.75	343284.84375	347630.3125
P0ACU7	1082109.125	1382308.125	1446321.875	1000829.4375	1390757.25	1735821	1450191.875	1489348	1678282.125	1622393.5	1591365.5	1361182.375	1514404.75	1512344.125	1071851.875	1072664	1120682.875	1059130.125	1013566.0625	1057520.625	1147922.625	1063779.375	1055046	1156245.75
P0ACV0	256057.796875	187933.796875	181638	246525	184362.4375	154735.609375	181148.28125	189041.25	194362.921875	180932.5625	155427.109375	225219.9375	198946.0625	211921.828125	254356.171875	190918.75	217984.90625	226813.84375	244001.453125	227652.4375	244339.453125	220774.25	266946.9375	227101.171875
P0ACV4	108636.1171875	99451.734375	104821.3515625	108816.953125	89203.6484375	95720.0234375	110060.8515625	96556.828125	107633.515625	100112.671875	115818.0859375	106988.171875	112334.6953125	97709.7265625	93823.125	117430.34375	83313.953125	86591.40625	91784.8359375	108124.9296875	99059.6015625	99551.5	93248.875	90563.328125
P0ACV6	164707.65625	267701.28125	255755.34375	149050.59375	254113.875	317225.8125	286229.5625	212474.515625	250809.328125	309608.21875	297378.375	230267.203125	237477.65625	243984.65625	163066.265625	189592.3125	163899.921875	181225.53125	188166.546875	166277.09375	131474.84375	157556.484375	132439.40625	161216.71875
P0ACV8	103396.6484375	129661.765625	143687.609375	115696.296875	146376.125	150992.53125	123882.6796875	136158.90625	139358.390625	154184.90625	141478.34375	104023.0859375	114885.6796875	127677.3671875	116148.828125	136124.890625	108604.2109375	108168.5625	109758.03125	105509.7265625	99331.1796875	103212.6015625	101565.5625	107211.2265625
P0ACW4	17797.41015625	25688.0078125	29520.41796875	21790.73046875	21329.318359375	35643.93359375	29371.4375	26533.486328125	20952.47265625	24672.330078125	27742.375	21639.91796875	27490.658203125	27035.94921875	18620.966796875	16580.77734375	17031.37890625	13461.412109375	17977.435546875	17615.572265625	16114.80078125	16341.3232421875	18388.84375	18995.73828125
P0ACW6	176826.59375	1512978.625	1453459.125	210893.71875	1723805.25	1234584.875	1281057.125	1345829.25	895095.0625	1033137.0625	1181871.375	1334628.5	2052194	1241266.75	144893.046875	161738.71875	135415.96875	95496.71875	126497.109375	167741.84375	153343.515625	192013.59375	165497.1875	143439.28125
P0ACX3	505852.71875	1021947.125	1024108.0625	524557.25	841346.75	1179521.75	915441.5625	998574.875	852873.125	1075204.625	1062070.75	832499.375	1022550.5	1023588	568705.375	558910.75	525371.9375	499509.65625	495760.28125	542178.625	574183.375	524900.5	540555.1875	543680.3125
P0ACX5	116997.109375	152642.3125	155306.859375	117444.9296875	170849.296875	141163.515625	140368.984375	150309.0625	128830.3828125	148746.625	141947	153837.59375	154243.140625	148639.84375	120231.5234375	122947.8359375	109468.1328125	118474.6953125	121853.0078125	128721.8359375	131617.671875	124322.609375	110708.3203125	123167.265625
P0ACX9	75823.6015625	30401.47265625	64987.1484375	72733.828125	29915.23046875	78591.375	56497.83984375	70497.84375	66209.4140625	61950.125	63553.1015625	NA	25062.173828125	61633.08203125	87472.0390625	108259.15625	93188.5625	73909.484375	63455.66015625	75518.375	74341.4921875	72184.7734375	61182.74609375	75244.0546875
P0ACY1	2713166	4317123	4329632	2561256.25	4373378.5	4532992.5	3888983	4329189	4018178	4350063	4304132	3821311.5	3814849	4263223.5	2643463	3196169.25	2709027.75	2896580.5	2617863.5	2713233.5	2633770.5	2726204.5	2572650.5	2561289
P0ACY3	2160356	2874684	2920638	1800639.25	2696560	3413792.25	3109899.25	2859598	3424531.5	3354632	3193271.75	2645808.5	2656800.5	3091506.25	2055541.375	1811189.25	2404876.25	1997481.5	2181172.25	2010291.375	2142852.25	1964193	2095688.125	2266697.75
P0ACY9	125413.7109375	110048.4375	110610.640625	134724.703125	115100.6953125	138298.1875	105664.34375	112845.0234375	106990.3671875	124383.6640625	124036.625	91162.9296875	108265.5859375	112610.53125	129959.96875	115786.59375	148270.3125	131677.234375	121195.5	135289.703125	131349.125	131523.15625	127271.8359375	124305.3046875
P0ACZ4	1232530.25	968512.25	929409.0625	1331246.5	1105209.75	699218.0625	876581.4375	867159.9375	663631.9375	742168.0625	706780.3125	947110	721824.0625	836808.9375	1138880.75	1416887.5	1086232.75	1270487.25	1132740	1161670	1173848.125	1231619.25	1124569.5	1153085.625
P0ACZ8	47392.5625	41969.6796875	37278.06640625	46345.30859375	57301.30859375	32669.26953125	50260.5546875	32563.177734375	37333.71875	28781.6328125	30387.578125	47480.52734375	52216.00390625	24281.771484375	41145.046875	45157.76953125	43470.7734375	46238.6484375	42297.08203125	49129.6875	46505.3203125	48606.9375	40158.703125	48646.2578125
P0AD01	101833.265625	218377.0625	225724.484375	112234.015625	222477.46875	218086.84375	227508.421875	221808.359375	192258.1875	220922.40625	201595.859375	214468.046875	240974.734375	199164.5625	97258.7890625	93172.09375	76915.703125	101757.9609375	88828.7890625	98824.0078125	97385.03125	103921.3359375	103219.828125	91863.703125
P0AD05	494784.21875	773981.4375	748001.125	461545.125	840414	771464.0625	715448.3125	785861.9375	729584.0625	749108.5625	777606	756754.25	827722.1875	738858.1875	492492.40625	415945.34375	454453.625	465256.4375	478551.09375	382676	463480.3125	414130.84375	450095.65625	417317.53125
P0AD07	147075.078125	175230.859375	189353.28125	160188.15625	178250.125	168155.875	153240.84375	167097.0625	139762.203125	171977.828125	139079.921875	144551.734375	198630.59375	178526.53125	183668.3125	168690.921875	168152.671875	164502.375	165326.46875	157182.28125	151864.09375	163494.234375	170287.046875	131915
P0AD10	202729.515625	182477.96875	178789.34375	204532.203125	199278.96875	195953.328125	187171.984375	213326.3125	194648	201931.09375	201779.703125	190881.78125	195841.140625	188737.703125	222549.8125	233715.5625	211030.953125	217211.65625	208189.953125	210453.40625	186962.640625	202936.828125	201795.90625	184054.46875
P0AD12	1462656.875	1715031.25	1552925	1490208.375	1634015.125	1657775.375	1550235.875	1666578.25	1516439.125	1701641.5	1715431.625	1530887.125	1701515.25	1750387.75	1504946.25	1491212.875	1512589.5	1476707.75	1506338.375	1437204.375	1360311.875	1429545.5	1442204.375	1326397.375
P0AD14	35725.4765625	95825.875	94639.5390625	32463.4765625	95293.515625	91752.3828125	94531.5078125	112782.1171875	96242.15625	99012.671875	83134.796875	90543.1875	112448.390625	100047.0703125	26868.408203125	19933.185546875	20835.7421875	16707.71484375	7896.06396484375	20239.498046875	15604.0537109375	24843.669921875	32242.798828125	22140.11328125
P0AD21	53715.91015625	34083.546875	35776.984375	47173.4921875	28061.5234375	41333.61328125	28953.0234375	35706.29296875	39424.20703125	35347.15625	34796.75390625	29794.029296875	28810.43359375	34749.390625	48041.03125	47011.38671875	58897.09375	50863.57421875	44434.18359375	48788.16015625	51072.69140625	40390.421875	40810.2890625	46082.5234375
P0AD24	292018.34375	311764.84375	298128.3125	298620.8125	297293.9375	331100.71875	245702.546875	330728.625	275920.25	348620.71875	305339.09375	255756.625	295554.4375	339679.0625	295289.15625	307046.15625	321888.75	277693.75	323972.5625	307833.53125	319983.03125	295204.65625	287161.03125	293517.0625
P0AD27	277313.75	378291.03125	346977.8125	252194.90625	312908.71875	363451.84375	324564.71875	354622.3125	349664.34375	389270.59375	392927.75	334434.46875	356173.125	394308.6875	256410.5	293312.75	263821.5625	260014.890625	256329.140625	259672.890625	265247.1875	276203.65625	258038.78125	247631.40625
P0AD33	1529329	1760440.75	1847740	1901763.125	1604392.375	1622503.75	1457274	1625906.125	1579880.375	1482548.25	1652129.75	1202614	1297336.625	1582172.75	1552719.375	1550966.125	1441932.125	1469690.5	1544910.625	1205136.875	1204960.75	1279300.375	1398364.375	1053595.25
P0AD37	25440.669921875	82083.6171875	89509.984375	28685.837890625	84205.0234375	80202.6328125	72989.65625	88489.6953125	74465.859375	67969.15625	71997.1484375	72804.3203125	66816.3671875	76998.0703125	27073.66015625	24440.65625	21909.67578125	39717.265625	24698.353515625	26127.05859375	27547.40625	35951.640625	41310.0546875	17936.677734375
P0AD40	40454.4375	65881.5859375	56875.359375	52730.62890625	47934.10546875	27147.779296875	32524.73828125	36860	36269.8984375	37257.6640625	NA	31289.5078125	44659.2578125	34867.84765625	29619.7109375	45428.75	29780.708984375	32359.4609375	44511.04296875	47535.78515625	60634.87109375	44001.56640625	35749.47265625	44462.5234375
P0AD42	120564.8984375	100619.3203125	92627.734375	133646.3125	117384.1640625	48207.58203125	120898.0703125	102006.8515625	115791.015625	88355.828125	69352.28125	115475.4140625	107883.171875	78597.140625	117048.7265625	137239.609375	106719.8515625	134997.5625	135387.109375	125022.296875	114100.34375	139171.625	124979.0625	140970.96875
P0AD44	38530.73828125	36830	36836.234375	36746.2578125	36064.58203125	42276.16015625	34834.3125	40688.546875	40508.14453125	40878.48046875	40373.93359375	41905.40234375	39205.53125	33734.609375	37750.47265625	40067.46484375	27352.72265625	37035.3046875	33574.5703125	32552.849609375	37657.515625	35827.42578125	31204.880859375	32864.60546875
P0AD49	4176044.75	7897058	8111154.5	4862875.5	9056077	6766422.5	6848615.5	7295859.5	5392329.5	5835696	6021219	6946439.5	6821166	6076046	4196525.5	4711460.5	3854940.5	3971273	4226342	4271068.5	4103006.25	4094379.5	3954947	3437678.25
P0AD53	65910.75	70567.21875	68334.296875	67975.34375	45787.42578125	99589.890625	60753.05078125	59598.11328125	92488.625	92473.4921875	81997.21875	42249.31640625	36284.359375	63512.91796875	71340.6640625	69679.0625	75008.3828125	71968.1328125	59553.59765625	68726.765625	67884.3125	76227.7109375	66134.7734375	69147.09375
P0AD57	544468.0625	576104.375	563840.1875	519818.78125	602943.125	520762.3125	549687	568584.625	577881.5625	540310.3125	539585.375	569243.8125	555028.375	494403.21875	554246.0625	537854.625	554415.4375	541043.375	569993.3125	514725.9375	528878.875	529190.0625	558446.4375	532473.25
P0AD59	2092282.25	4388505	4433241	2058240.375	3618690.75	5778497	4350678	4584499.5	5723146	5063196	5287640.5	3531161	3859828	4910862.5	2267132	1972717.375	2261541	1853051.75	2093563.375	2292933.5	2169637.75	2049807.625	2195014	2099010.25
P0AD61	26003916	11661256	11255177	25395128	10862415	11776415	12340286	10742116	12819718	12186299	11760327	11250479	10158957	11797691	25875404	25362194	26314476	25678606	26560180	25395572	26796720	25592506	26481492	26323850
P0AD65	397637.75	376289.09375	351440.8125	407244.53125	342311.28125	367572.25	365904.625	362484.84375	360549.21875	370341.125	355096.15625	347538.28125	360852.375	375236.40625	383509.75	369022.3125	379689.625	374058.6875	407246.53125	354012.375	357682.15625	378360.53125	357144.53125	388450.78125
P0AD68	498004.375	405797.15625	416557.25	503794.9375	399741.1875	412054.625	395931.0625	396497.78125	426842.8125	433233.8125	431027	379995.9375	363343.5625	389525.59375	481655.0625	500895.84375	498730.5625	508068.78125	499926.4375	469972.15625	489789.0625	517379.625	499195.34375	475725.5
P0AD70	109061.578125	95662.2578125	66813.375	94232.9296875	80980.9140625	87561.484375	59936.83203125	84539.390625	105623.125	93672.859375	76118.8984375	48701.02734375	72312.984375	86858.0625	98097.046875	94878.234375	83590.0546875	88436.4296875	79255.328125	60074.19921875	94209.8671875	98784.640625	83771.6484375	79465.0625
P0AD96	38469972	43849676	48924104	34837528	40274596	57981628	45029780	40886852	50242360	48873996	47967536	41548520	31901176	39178700	39975480	45302032	40503580	42273836	39171472	40314112	38728716	39129260	36361568	38794380
P0ADA1	538718.3125	705672.1875	702302.625	551901.75	663206.8125	713954.875	591306.625	688693.8125	640530.625	692552.25	697669	586992.25	700566.5625	716989.5	580441	608890.75	596826.125	528848.8125	520844.71875	560594.125	579531.3125	551406.9375	524065.875	519281.8125
P0ADA3	755750.5	818648.5	829973.6875	770520.1875	790379.6875	755281.5625	805342.0625	774903.3125	830820.3125	807780.5	822284.8125	825715.0625	788577.8125	795030.6875	796945.25	851312.9375	810124.3125	787881.9375	772583.625	836592.1875	808406.5	820912.1875	779163.75	792732.9375
P0ADA5	1731996.25	1636717.375	1612624.75	1595264.5	1767335	1481570.125	1746521.375	1716907.25	1644062.75	1604141	1504406	2037960.25	1711142.625	1627406.5	1602878.5	1717040.875	1540839.375	1640343.125	1521440.625	1568698.625	1616340.125	1576686.125	1593505	1583526
P0ADA7	92202.1875	123972.75	161456.421875	107683.8203125	121318.3359375	163736.578125	135895.015625	149854.234375	165144.09375	147332.96875	138813.46875	118886.0625	109752.8359375	126551.265625	139814.96875	99016.203125	108863.765625	118861.7578125	118901.890625	111637.9609375	90329.328125	107066.1484375	81097.7578125	101028.546875
P0ADB1	10287994	12708843	13162691	9627866	11928693	14283856	12556943	13464659	14512076	15476732	14318713	11939492	11127168	12974045	11684429	10046254	11304803	9831711	11019061	9904458	10693856	10874403	10319424	11768582
P0ADB7	541413.4375	856450.1875	984833.75	413203.03125	566882.1875	879103.375	759487.375	634719.9375	835544.5	944493.8125	864836.4375	611331.1875	592541.875	658640.75	424898.40625	323468.8125	346325.59375	355512.53125	316995.15625	322941.3125	355412.375	392902.5625	381717.78125	596696.75
P0ADC1	755719.3125	919358.125	829230.75	741815.125	891392.3125	832502.25	821899.5	914211.9375	838015.4375	904464	898467.875	889817.8125	995189.5	910166.5	718568.625	697791.125	771520.3125	728039.5	753686	676423.6875	704054.6875	733141.8125	759389.5625	657229.4375
P0ADC3	835671.125	688132.8125	630366.9375	843761.4375	633353.125	652715.6875	704618.75	693023.25	718018.9375	799262.375	764831.9375	542120.0625	725682.875	575195.875	717062.4375	903949.25	882548.1875	680077.75	770454.75	706227.9375	748121.8125	722088.875	707388.9375	731780.6875
P0ADC6	241835.8125	236313.84375	265708.71875	237767.71875	258690.015625	247027.625	260133.25	245792.375	269472.96875	263685.21875	252952.640625	247950.25	239438.78125	240748.421875	228401.671875	215288.59375	221117.90625	231256.828125	226176.140625	220630.0625	253379.265625	222158.703125	238512.09375	238546.609375
P0ADC8	NA	4522.3466796875	3579.326171875	NA	3423.79443359375	4519.6171875	2127.310791015625	4808.171875	1711.5899658203125	13531.587890625	1496.8114013671875	3551.473388671875	6193.3828125	4765.16162109375	NA	NA	NA	NA	NA	NA	NA	NA	NA	NA
P0ADD5	19109.380859375	4137.17431640625	4563.14013671875	12121.4912109375	8220.802734375	NA	11584.048828125	9009.9638671875	10571.0322265625	5997.52978515625	7206.8955078125	7403.99267578125	9737.5947265625	11630.8525390625	10589.6298828125	7667.4248046875	16482.916015625	7654.060546875	7360.68701171875	8014.46142578125	12341.3935546875	NA	9705.138671875	6214.3232421875
P0ADE4	402184.5	399357.53125	394581.34375	412705.59375	404715.3125	400202.96875	366787.21875	390606.25	413915.46875	378415.46875	378856.28125	360600.78125	392344.09375	395230.84375	397195.625	392018	386365.59375	393762.15625	378342.46875	395468.3125	380430.03125	392555.90625	385497.5	421717.71875
P0ADE6	8449749	11166811	11701654	6898548.5	9047405	17301298	12187697	12314559	15745689	15770189	16066012	11276801	12747435	15410589	5903473.5	5295259.5	9106746	6678023.5	7647534	5994141	7202450	7820123.5	10781795	10162065
P0ADE8	5711976.5	6889895	7085719.5	5957566	6928348	7018980	6990710	6842845.5	6811035.5	6830421	7029675.5	7316688.5	7233776.5	6622485	6062068.5	5855314.5	5841624.5	5883701	5789834	6171949	5847545.5	6096050.5	6014592.5	5940296
P0ADF6	916903.9375	615681.75	605691.625	969005.375	341783.15625	351240.125	480320.6875	266338.25	565367.625	483823.375	408480.53125	328164.53125	336076.59375	361199.1875	931189.3125	818859	776652.5	810423.9375	728206.1875	816127.8125	743201.375	844734	794453.625	831823.4375
P0ADF8	524095.59375	813998.375	889030.125	558688.3125	813054.25	911571.3125	662569.8125	824275.4375	783912.25	938680.3125	857908.3125	706875	741089	835685.6875	627090.9375	558579.75	689835.4375	579533.4375	579782.5	538401.25	562755	548442.6875	646679.125	638252.3125
P0ADG4	4436817	2818285.25	2836313.5	4260877.5	2649184.75	2954850.25	2705301.75	2786989.75	2793593.25	2783897.75	2703983.5	2658670.75	2721032.5	2866535.75	4122849	4173355.5	4725538	4120337.5	4289667	4008852	4461621.5	4217302	4065906.5	4261245.5
P0ADG7	22328488	15249076	14403732	23883908	15335278	15249006	15543501	13950611	14005046	14194131	13906643	16605022	16369079	14389871	23084922	24243008	23743300	23310964	24685654	22989492	23051078	23305606	23876042	23041914
P0ADI4	4126106.25	3501108.75	3698901.25	3021612.25	2141603.5	4615814.5	4093727.75	3942951	4362615.5	4042778.25	4050109.25	2162188	2177438.25	4027589	3433239.5	5144582	4779860.5	3900771	3061659.5	4591837	3742062	4977555	3538285	4215447
P0ADI7	459772.9375	470750.3125	518387.5625	467218.03125	428190.59375	468297.09375	451511.125	474105.21875	497822.78125	448100.125	492234.84375	487487.25	443296.40625	458587.84375	439822.5	439874.40625	445819.125	397984.65625	387123.4375	432623.3125	451137.84375	443714.65625	413396.90625	433571.65625
P0ADK0	902019.0625	1073662.75	1008544.5625	893206	1170051.625	1054460.75	998583.9375	1111748.5	1021436.1875	1102848.625	1108552.125	1048913	1184393.25	1110801.375	942430.5	912219	866107	922801.8125	922857.8125	882747.0625	867466	893170.75	932427.875	870255.9375
P0ADK6	5803.71044921875	12294.5361328125	9773.2119140625	7340.78271484375	12474.771484375	10672.3505859375	11930.546875	8714.6767578125	9868.9873046875	8178.67138671875	9963.3056640625	13090.2880859375	10883.5361328125	8770.2041015625	6047.46044921875	8436.212890625	8049.68115234375	9643.1455078125	5394.814453125	3236.614013671875	7374.13232421875	5883.59619140625	5468.14111328125	5759.17822265625
P0ADK8	566361.875	449178.8125	526224.125	518561.21875	459207.9375	642506.625	493134.1875	450456.46875	485134.6875	511966.9375	577448.9375	448517.15625	447467.9375	568423.5	564556.125	610854.6875	557057.8125	499636.96875	572877.1875	554231.125	543478.8125	530917.875	505046.53125	499484.4375
P0ADL3	119730.8125	94846.0078125	85814.265625	114670.6171875	83792.9453125	79938	93848	91427.984375	91833.3359375	66726.7421875	84958.6171875	70963.859375	74658.4609375	110890.90625	97480.703125	131235.78125	107990.0234375	124321.5	109421.3828125	129459.8828125	101327.6484375	102758.6171875	103596.328125	122163.40625
P0ADM4	82192.6875	135125.125	168837	61072.75390625	151431.75	199734.90625	152389.390625	161155.453125	181979.0625	183872.6875	175037.8125	155792.453125	167235.296875	161066.125	71078.359375	63500.66015625	74207.6484375	62463.640625	63222.48828125	72774.2578125	71378.78125	79676.96875	71963.453125	75274.6015625
P0ADM8	2003.6800537109375	4386.318359375	5644.56884765625	5047.025390625	2838.791259765625	1928.185791015625	2516.1455078125	2425.210693359375	2274.416015625	2151.357421875	2595.73876953125	3705.630126953125	1776.247802734375	2152.8916015625	2512.433837890625	4357.9345703125	3226.910400390625	3928.413330078125	3128.286376953125	3684.61572265625	795.85382080078125	1483.535400390625	3890.973876953125	1604.12939453125
P0ADN0	7910.3935546875	NA	15649.7109375	21274.5859375	10090.861328125	NA	10891.67578125	NA	5041.02099609375	NA	NA	6165.7099609375	8200.376953125	5665.81396484375	7776.0263671875	10857.603515625	15329.171875	10632.3759765625	7600.38525390625	8262.21875	12318.2822265625	3321.326416015625	14074.896484375	11414.8212890625
P0ADN2	4103782.75	4054249.5	3979124.5	4615798	3924504.5	4249001	3420426.75	3919545	3769252.25	4180883.75	4044706	3130303.5	3496784	3774168	4470712	4779835	4629028	3795170	4007546.75	4327636	4666957	4086935	4373443.5	3942913.5
P0ADN6	121995.765625	157990	158018.453125	159000.84375	161122.828125	145497.765625	182321.84375	156026.3125	165662.40625	181659.3125	172621.296875	145448.96875	109961.6875	152977.90625	180150.734375	138951.5625	143278.859375	133329.390625	142804.5625	84906.515625	95769.0390625	119705.8046875	134326.625	84729.5546875
P0ADP0	587717.75	616733.375	573599.5625	564866.4375	531783.375	647067.0625	601933.4375	597440.625	629005.9375	608192.875	615121.4375	562157.3125	586330.875	604054.9375	548947.875	600351.75	537796.5625	579097.3125	533122.625	549784.4375	520616.40625	552473.625	568781	543809
P0ADP2	210899.59375	264798.46875	267226.65625	245154.609375	316402.5	161353.953125	263018.46875	226277.28125	237691.921875	201034.671875	185680.296875	291819	326460.03125	188579.109375	225792.53125	251968.796875	210540.09375	252328.203125	219934	244373.796875	207404.984375	233949.875	226007.9375	214765.15625
P0ADP7	146862.140625	142955.140625	138985.765625	156394.21875	152858.65625	137984.921875	156196.921875	144502.609375	161993.859375	140426.71875	132102.3125	146184.828125	136601.234375	121301.390625	153474.28125	121815.078125	126245.2734375	128403.0078125	132916.265625	137010.515625	131056.328125	124556.046875	147536.125	126922.90625
P0ADP9	1668652	2048978.625	1903943.25	1721775.5	2225311.5	2032769.625	1694445.75	2094974.875	1579826.5	1946760.875	2027412.375	1838716.75	2216580.25	2038328.5	1857757.875	1375893.25	1805912.25	1534946	1713266.125	1583517.375	1706526	1532803.875	1741940.625	1506870.5
P0ADQ2	557029.5	648428.1875	619707.1875	577200.25	683134.3125	531784.6875	669715.125	655132.8125	665107.6875	584148.75	576206.5625	657498.375	694971.5	564742.1875	572903.6875	576164.375	546854.4375	558820.1875	558820.3125	605559.25	589056.4375	568283.8125	600194.375	576004.9375
P0ADQ7	1139286.375	1018632.5	1003942.0625	1074851.75	886991.1875	1347833.125	993804.125	987568.875	1252986.5	1275090	1252772.5	1085990	830201.75	1171432.875	1035419.5	907709.5	1274995.75	1057206.125	1079668	975018	1063100.625	1048845.5	1264299	1310668.25
P0ADR6	1316426.625	1018676.125	1027153	1392886.25	1181337.625	796188.1875	1045650.5	1057847.875	982843.5	960821.5	963457.0625	1087060.125	1155494.375	1027156.25	1313090.25	1398383	1367743	1391863.5	1329763.25	1324881.25	1396872.125	1294562	1294477.625	1287416
P0ADR8	1057105.5	886285.375	845267.125	1033006.625	874358.3125	889790	873669.25	775448.25	912649.0625	879269.1875	880986.4375	818249.6875	716827.5	789833.25	996929.125	1035060.375	1056550.125	1087584.875	1008038.75	1027237.75	946524.3125	1021881.0625	1043453.625	999205.375
P0ADS2	471004.65625	593617.75	604156.25	495575.5625	547875.0625	677671.0625	535649.5625	611343.625	570892.375	619606.375	610991.1875	497000.6875	563222.5625	612251.4375	496228.5	506328.0625	487701.71875	478139.84375	440288.34375	456729.875	469704.21875	416648.65625	445738.875	454656.6875
P0ADS6	1789709.625	2188587.5	2272457	1713767.625	2096684.625	2616848.5	1968892.875	2331896.25	2441961.5	2525137.75	2545321.25	1717335	1973314.25	2363460.5	1798172.875	2035549.75	2044735	1777907.125	1789909.375	1892541.125	1855974.25	1770960.75	1788416.375	1865106.75
P0ADS9	604642	772733.625	819521.4375	594042	721231	846421.625	734992.0625	728611.125	837770.8125	823137	783878.3125	721563.375	758429.3125	793976.625	592420.5625	604057.5	651610.0625	552450.0625	593116.1875	571884.9375	581197.625	578177.5625	591492.4375	630134.625
P0ADT2	568273.25	850328.9375	819744	592332.75	790494.25	877345.8125	750399.6875	832225	707475.1875	824862.5625	856458.3125	747657.3125	807483.875	884879.375	525330.75	560433.125	521073.625	488829.75	540558.1875	527634.9375	537125	529700.9375	556895.1875	516167.8125
P0ADT5	661470.0625	888206.875	814994.375	661586.125	863401	715191.8125	909299.375	824995.4375	922785.375	835692.6875	832452.875	925037.5625	912017.875	790465.4375	686826.375	623236.9375	669670.1875	726934.9375	713051.5625	697503.25	664227.4375	723940.3125	685876.6875	686875.875
P0ADT8	1061331.125	1179802.25	1389061	1059148.125	921716.5	1418230.125	1207030	1178628.25	1419222	1350981.125	1341542.125	973702.5625	943001.3125	1225045.25	1020476.4375	1063836.125	1043184.875	994230.5625	974005.9375	1074984.125	1099217.5	1050960.5	1030189.6875	1110305.25
P0ADU2	1580268	2000161	2038907.5	1648160.25	1977474.25	1913626.5	1838030.375	1945414.75	1787106.5	1903259.625	1907558.875	1752810.875	1869805.5	1878240.625	1588312.375	1537261.5	1494624.625	1523554.75	1503015.625	1585718.25	1641955.5	1574640.5	1603352.75	1488874.875
P0ADU5	1038170.125	1713822	1736266.5	951062.5	1731898.75	2132442	1552579.25	1610469.5	1711623.25	1778824.875	1914175.875	1419101.25	1337108.875	1663394.125	1047839.875	1147226.875	1241353.125	1033924.75	1008137.375	1033734.125	1149806.5	1026565.625	997265	1091988.75
P0ADU7	26941.99609375	14886.52734375	17353.15625	40021.8671875	28657.52734375	12568.78125	20393.837890625	15096.4248046875	13406.3359375	12156.6318359375	10778.94140625	22285.619140625	20925.130859375	17170.283203125	28994.720703125	20287.92578125	29780.5859375	28302.939453125	30627.681640625	26489.251953125	26028.287109375	25251.98828125	40484.60546875	24602.9609375
P0ADV1	353185.5625	515549.3125	513344.65625	369561.21875	528604.5	560126.6875	497043.375	523719.125	507792.65625	532131.1875	490003.59375	431358.15625	498229.75	535791.6875	403364.1875	364802.78125	380891	363180.40625	399528.40625	370259.15625	379993.53125	358271.28125	370725.34375	373364
P0ADV5	425344.65625	379748.8125	368891.28125	370996.9375	344544.90625	388572.15625	378440.8125	363398.125	403912	450269.46875	402330.125	347105.6875	319417.40625	350129.40625	440952.09375	488712.53125	470268.4375	468684.5	422353.09375	449848.78125	391383.59375	481918.4375	439145.78125	486001.25
P0ADV7	2126532.5	2179050.75	2143063.75	2358746	2924655.75	1978077.375	2801319.5	2309622.5	2325328.75	2192289.25	2052020.25	2680531.5	2595069	2088437.875	2323210	2692169.5	1947226.125	2518202.25	2170885.75	2648979	2595206.25	2655289	2638182	2388907.5
P0ADV9	192536.25	173661.6875	148577.96875	186298.015625	206420.953125	168405.09375	160959.109375	185483.65625	158763.28125	162228.21875	154785.609375	187348.796875	207512.5625	151482.1875	187106.625	151570.71875	154140.984375	208367.828125	175771.609375	182426.921875	162941.453125	188431.96875	198565.65625	165196.578125
P0ADW3	3110744.75	3502534	3170187.5	2983240.5	2953045.5	3457913	3169335.5	3475505.75	3521096	3552880.25	3600756.25	3020072	3125961.5	3471256	3004544.25	3103641.5	2737321	3005330	2533359	2809239.5	2841340.5	2942058.75	2802543.25	2870767.25
P0ADW6	30279.232421875	33719.359375	26597.4765625	36370.26953125	21790.013671875	37699.90625	14172.5810546875	16382.2490234375	NA	20925.966796875	28192.126953125	14243.4375	20727.2734375	23177.53125	23831.65234375	22217.73828125	24524.224609375	12746.00390625	21222.12890625	28227.9375	17152.83203125	24967.736328125	26937.025390625	18536.85546875
P0ADW8	13296.0361328125	27630.794921875	33532.984375	16149.923828125	19363.1328125	20775.70703125	16830.92578125	20758.138671875	15508.1669921875	21789.546875	24748.384765625	20674.857421875	17491.310546875	17041.44921875	8329.8251953125	15835.599609375	14110.5234375	11069.2685546875	13477.390625	11708.4736328125	NA	8441.7021484375	6845.60107421875	9370.9609375
P0ADX1	610817.3125	550722.375	539675.4375	634138.375	565705.3125	516377.75	559001.6875	561982.9375	533612.8125	525452	522554.75	511178.90625	560903.6875	547819.6875	604963.1875	655097.75	582353.875	638534.875	607094	633112.5625	659088.125	624603.1875	629368.0625	614761
P0ADX5	34437.171875	73540.6875	62047.48046875	34853.82421875	66538.046875	125939.828125	38692.046875	50681.3203125	59082.21875	53302.83984375	66663.2734375	57066.7421875	38195.61328125	67520.71875	28056.474609375	16892.57421875	32946.31640625	21931.671875	32462.888671875	32668.384765625	25892.6796875	13216.6533203125	14681.1689453125	26446.7421875
P0ADX7	97516.1640625	227689.015625	218471.1875	85514.109375	217397.484375	422470.625	198052.109375	282810	281356.125	297088.34375	300331.5625	183581.34375	177520.953125	270489.03125	133478.765625	64822.8828125	144506.78125	91167.4375	114457.3515625	102976.8515625	98876.1953125	79629.171875	112267.5546875	132273.359375
P0ADX9	97799.8125	108043.265625	109048.6484375	109305.359375	104769.421875	114263.90625	100150.734375	115207.6875	87697.953125	112542.1953125	109830.875	93195.203125	112403.0625	107148.1171875	112642.421875	110088.5390625	102639.578125	111350.359375	89625.390625	110279.1484375	100469.875	85765.6328125	123259.0078125	72356.9453125
P0ADY1	4668523	5655355.5	5833786	4744504	5465090.5	5832665.5	5362412.5	5581578.5	5245270.5	5560679.5	5738314.5	5499312.5	5797748.5	5634775.5	4666790.5	4864433.5	4627192	4644635.5	4649396	4643447	4712374.5	4626275	4676974	4641480.5
P0ADY3	20118520	15678035	14851589	20713044	15320815	15452560	14708993	15028970	14338314	15474270	14686679	14945542	15241503	15160561	20482544	21746940	20595820	20457040	20720124	20121048	19372948	19797410	19728926	19976492
P0ADY7	23382580	16843398	16649513	22759602	16527956	19241686	16805826	17014846	15942462	16978756	17826374	15593409	15917857	17287408	23131510	22834652	23625998	21061376	22202242	22634544	23540870	21847230	22970028	22602594
P0ADZ0	2905720.25	2115290.75	2302273.5	3031211.25	2003545.625	1939473.375	1872591.625	1986251.625	1962484.25	2028838.625	2061207.875	1868013.75	1666818.25	2116161.5	2741484.5	3111251	2865868.5	2689402.75	2638515	3041651	3253761.25	2974406	2728326	2879100.5
P0ADZ4	11397799	9949287	9957088	11455481	11306132	12782791	10288520	10910252	10237928	11446649	11181069	8307153	9876712	11191578	12146359	12673140	12538955	10566698	11341078	11851142	11575131	9794748	10160196	11320714
P0ADZ7	2123485	2389798.25	2368555	2314942.75	2290778.75	1972490.875	2446371.25	2257323.25	2256030	2372314.75	2243135.25	2700978.5	2582118.5	2195265.5	2153126.25	1961031.25	1961815	2203329.75	1986048.75	2023072.75	2316793.75	2045690.125	2238110.75	2199209
P0AE01	590744.875	487819.375	456835.4375	649333.625	517008.5625	405702.875	509910.125	457103.375	489003.65625	422056.3125	409775.6875	496192.78125	505641.53125	428248.40625	624418.75	646717.625	609932.8125	635453.125	593082.875	638774	615994.8125	597141.625	636954.625	593925.0625
P0AE06	3430764.25	3828671.75	3771721.5	3372893.5	3752073.5	4054979.25	3581254.25	3932890.5	3816668	4143689.5	3947490.75	3540166.25	3744425.25	3883948.25	3492200.25	3404030.5	3477944	3466395.75	3426287.75	3323656.5	3231005.25	3338004	3363672.75	3319727
P0AE08	55919496	69475176	72215160	55950560	72279056	77220688	71432376	65701792	72630368	67528136	70786144	71868568	65267332	63767124	54450708	57747500	53484492	54364176	54249864	58350564	54118372	55794936	56750956	54704784
P0AE12	2214515.75	2339138.5	2311991.5	2184510.5	2308572.5	2064273.75	2333328.5	2343770.25	2298782	2212718	2274448.5	2218801	2175822.75	2217298.75	2138566.5	2479003.25	2294263.25	2462091.5	2273205	2279572.5	2236365.75	2391451.25	2164276	2328718.5
P0AE14	38278.59765625	33314.0234375	38103.75390625	37617.109375	52614.46875	32770.38671875	38781.0859375	34092.90625	42576.046875	32110.17578125	43260.01171875	65603.53125	65574.5390625	36187.453125	32636.501953125	22708.2734375	21212.9609375	34516.328125	27327.94140625	31394.375	36228.9453125	24613.88671875	31011.150390625	23771.484375
P0AE18	3267571.5	2787146	2780338.5	3330411	2902668.75	2908346.75	2942115.5	2689689.75	2684956.5	2689290.25	2757182.5	2777145.75	2657080.5	2756448.5	3176578.5	3520223.5	3252291.25	3357003.75	3288076.25	3338128.25	3369504	3383963	3284930.75	3375528.25
P0AE22	87820.1171875	758113.5	819159.25	113719.6171875	728522.875	782883.75	746905.1875	779574.6875	703359.875	775637.125	798295.9375	739797.375	887240.0625	805337.3125	95542.7890625	94883.2890625	82854.8359375	113445.9140625	99535.03125	94972.1171875	87611.2734375	83945.59375	89279.3515625	59440.7734375
P0AE28	215468.859375	397011.03125	429236.5	224260.71875	409565.375	513605.40625	410626.0625	410030.9375	555782.375	499524.90625	532655.5625	387257.375	382851.90625	482430.8125	256259.1875	257702.8125	259561.953125	221281.734375	262034.546875	229477.15625	228916.140625	251647.578125	253998.109375	250417.703125
P0AE30	49700.984375	37673.0859375	41971.3671875	52308.87890625	50005.2265625	44504.46875	40575.8984375	58958.15625	45475.3984375	34997.984375	46540.02734375	42046.6796875	38699.8359375	39546.8515625	33964.6953125	41940.49609375	39072.4453125	29506.31640625	31469.259765625	29349.828125	40191.67578125	27037.25	36015.17578125	24064.12890625
P0AE34	25247.93359375	9469.34375	10160.9814453125	23186.6484375	7118.63232421875	5197.2216796875	20194.037109375	11481.013671875	6156.84130859375	8313.744140625	8088.57861328125	15545.3447265625	9761.41015625	6831.2451171875	15157.0859375	5569.2138671875	6561.70654296875	7019.8720703125	8656.7626953125	13775.1865234375	11937.974609375	10375.1611328125	8580.515625	13822.013671875
P0AE39	81811.890625	71243.515625	66044.7578125	85553.2890625	69894.609375	56722.9765625	63342.47265625	60817.8125	68439.5625	66485.8046875	68419.0703125	68100.9140625	81011.734375	64836.21875	83283.8671875	72632.7265625	67677.421875	76691.5078125	78017.7578125	92131.1640625	73548.625	86685.21875	81201.375	76678.984375
P0AE45	281066.5	234637.234375	231232.515625	277173.90625	339089.96875	303827.4375	283415.90625	273789.46875	244985.9375	254747.09375	179932.3125	288538.21875	283194	226376.0625	264941.6875	313515.03125	231395.28125	282587	215747.53125	238836.734375	255809.859375	225637.546875	257352.609375	232968.828125
P0AE48	358699.5	424430.5625	432765.21875	400371.96875	444437.6875	373407.53125	403464.71875	443064.375	435294.5625	413407.8125	407521.6875	347666.8125	464725.96875	434164.40625	375889.875	408763.78125	347586.125	379386.09375	372628.34375	381555.71875	405786	384541.96875	359324.78125	379047.25
P0AE52	4016558.5	4929629	5155827	4201044	4507701.5	6045669.5	4830383	5108510	5260907	5474657.5	5656739	4057280.25	4746567.5	5081661	4564335	4674078	4802200.5	4413919.5	4367527	4417495.5	4303340.5	4355367	4378326.5	4227713.5
P0AE58	14973.234375	25658.787109375	31222.310546875	31400.716796875	29689.236328125	12371.9765625	20883.818359375	20337.8515625	14806.7333984375	9256.9140625	13514.4365234375	26584.63671875	22654.923828125	9018.3369140625	15105.9775390625	16497.1796875	13257.1396484375	9446.552734375	12314.6474609375	9786.1416015625	9938.060546875	13787.95703125	12166.50390625	12680.8662109375
P0AE60	179532.3125	125584	133010.125	127266.2109375	144139.078125	110481.359375	127446.7734375	151407.71875	138904.546875	138721.046875	129391.9375	130509.4609375	128725.9921875	128017.46875	180348.625	176082.640625	161582.375	146950.546875	157205.28125	159004.375	137740.5625	139077.484375	158376.78125	138962.21875
P0AE63	183372.3125	278234.375	281734.25	208904.375	257592.609375	376345.65625	259175.75	299722.96875	303150.15625	323426.6875	334800.90625	211308.171875	227110.171875	298469.3125	244523.625	198081.84375	236270	188763.703125	209228.640625	229504.53125	222084.203125	214826.21875	203945.71875	209478.25
P0AE67	19745.40625	97528.46875	100983.28125	19102.15625	54559.8125	176336.875	167785.609375	262841.25	149648.1875	219833.390625	203902.734375	56531.3671875	78322.3671875	164989.59375	19238.62890625	28034.080078125	17844.63671875	46071.859375	16031.064453125	13907.931640625	17460.248046875	41974.56640625	23460.181640625	9509.8466796875
P0AE70	66621.546875	63666.3359375	86525.2578125	63936.44921875	68928.3359375	82654.09375	78242.5234375	72900.5703125	70231.2890625	68965.9609375	74584.1796875	52706.0390625	68760.5546875	75974.5703125	63913.6796875	74966.3359375	60787.83984375	52423.890625	54913.83203125	39663.66015625	40776.2578125	51547.5234375	52555.32421875	55051.1171875
P0AE78	1055471.375	1537676.875	1412986.375	1098264.75	1505458.5	1544832.25	1377857.5	1559182.25	1404810.625	1528370.625	1536069.375	1458354.75	1607275.75	1581279.625	1093299.875	1195206.625	1066398.125	1080094.375	1092649.625	1082109.125	1023010.5625	1020619.875	1030950.75	977010.25
P0AE82	453275.125	485225.59375	515517.90625	446666.625	522013.1875	488137.5625	504868.1875	520787.875	497085.3125	517901.25	522706	482915.46875	491110.9375	533555.75	435943.59375	459507.75	450222.0625	440935.28125	445686.1875	437618.03125	483341.375	450000.78125	431591.09375	459428.25
P0AE85	81488.609375	248988.796875	235433.71875	72675.6015625	192052.515625	294088.625	204777.546875	238624.015625	306810.53125	294272.4375	295213.90625	146914.953125	168881.78125	264803.3125	103666.890625	92481.6015625	121071.515625	77974.7421875	69079.078125	93385.71875	70542.2109375	79194.7109375	85418.2734375	90739.578125
P0AE88	1378712.75	2113138.75	2130166.25	1348627.125	2114181.25	2294159.25	1881487	2081821.875	2047220.625	2321347.5	2243832.25	1806237.5	1849266.125	2232831.5	1435720	1435799.75	1478847.875	1308226.5	1333327.75	1373476	1288045.5	1229523.25	1342184.125	1289097.5
P0AE91	831323	907652.375	920999.5	863467	790871.8125	930794.875	796377.9375	937281.25	864064.875	940702.125	948556.375	773173.5625	851286.875	863399.5625	836779.375	949053.125	862401.1875	850525.3125	786408.0625	864327.25	843649.3125	814161.125	836032.4375	806998.25
P0AEA8	423998.8125	463532.5625	451310.5	454577.65625	486534.9375	436338.6875	465179.59375	421915.1875	454286.71875	436339.65625	450974.28125	479779.15625	492902.09375	466035.5625	447551.3125	440592.15625	449660.21875	432751.25	433681.65625	432592.125	416083.09375	443155.84375	438595.25	418531.25
P0AEB0	0.0010706796310842037	NA	NA	0.90242600440979	NA	1.4383487701416016	NA	NA	NA	NA	1.2433873414993286	NA	NA	1	NA	NA	NA	NA	NA	NA	NA	NA	NA	NA
P0AEB2	4224654	3125552.25	3030527.5	3965388	3040886.5	3000694.5	3128102	2942337.5	3095515.5	2955203.75	2958533.75	3284532	3155138.75	3126783.25	3744265.75	3945490.25	3673697	4128613.25	3963040.5	3761013	3925026.75	4033435	4024446.25	4010588.75
P0AEB5	323138	372480.84375	294149.0625	289252.34375	338977.28125	295430.1875	358649.65625	284413.125	395639.9375	296874.6875	278720.1875	371417.1875	383993.5625	303097.625	318498.78125	321443.4375	281512.96875	337917.65625	246299.703125	240326.4375	290662.59375	279347.34375	277998.125	278181.96875
P0AEB7	1529717.625	1689917.125	1907165.625	1399407.625	1542552.875	1812298.875	1686277	1775161.625	1712131.625	1724070.75	1733826.25	1599937.25	1624732.375	1752713.375	1575917.125	1379700.625	1550215.5	1578365	1605224.5	1452560.625	1487992.25	1564072.25	1519510.25	1461458.125
P0AEC0	113270.3671875	109359.2421875	107143.1875	112675.625	100809.578125	100658.953125	124810.921875	103107.3984375	124913.5859375	109743.75	112895.4453125	99983.7890625	116927.953125	110957.1328125	97347.3203125	96071.6953125	101347.984375	96353.75	80094.9375	100115.078125	102464.8984375	96003.078125	93598.71875	98114.2734375
P0AEC3	941970.4375	1275624.375	1314292.875	1039032.5625	1172465.125	1425623.5	1312231.375	1284543.875	1360200.125	1298513.25	1371109	1178548	1108649.75	1452216	1021191.125	994723.9375	1057049.5	967346.5625	1057644.875	988569.9375	1060975.75	995813.1875	1045097.9375	1007274.875
P0AEC5	253096.296875	262239.25	229129.15625	267076.875	274686.5	217052.578125	282181.09375	220494.03125	256223.40625	256426.859375	247131.546875	276057.9375	264491.53125	234169.09375	244529.515625	232526.171875	227817.453125	279539.84375	263113.0625	214579.1875	224542.140625	266559.4375	247686.609375	244938.59375
P0AEC8	10769.9326171875	17586.005859375	10941.1875	8588.8740234375	17376.587890625	12297.26171875	16880.365234375	13603.1748046875	13576.484375	13642.607421875	12103.677734375	14657.9658203125	15818.966796875	15353.451171875	7506.87890625	5924.5712890625	4943.3564453125	9601.75	8611.869140625	6229.6005859375	6082.77734375	8295.16015625	7606.828125	8323.9658203125
P0AED0	11182715	21299388	22081484	12123004	21998718	22785526	20917932	20781670	19281060	20607680	20633268	21940366	21637472	20820156	11955091	11584888	10883215	11307565	12744756	12534366	11888470	11717971	12483939	11396138
P0AED5	327920.0625	195868.578125	212622.03125	321079.875	178192.265625	195322.453125	210650.125	188639.984375	218846.34375	199462.484375	204760.9375	185477.328125	171469.96875	196301.8125	315863.0625	326757.5	300921.59375	316253.71875	311989.9375	296776.5625	305975	294639.59375	305363	324463.40625
P0AED7	666699.875	468542.0625	422793.21875	709905.1875	586536.125	333912.78125	499795.1875	475719.78125	431756.9375	403634.59375	411052.59375	565448.875	575549.75	440776.09375	683328.3125	704887.875	644557.125	730335.5	683572.875	660193.5625	656893.6875	656076.625	689507.1875	653236.3125
P0AED9	315163.5625	228663.71875	222082.828125	314002.09375	227684.34375	193210.484375	224631.828125	218968.546875	228338.75	228160.078125	227923.65625	196932.65625	243701.921875	222022.296875	304081.78125	295149.90625	289566.03125	295372.40625	298063.09375	312024.3125	311234.90625	336248.125	304141.03125	315843.59375
P0AEE1	760021.375	807237.375	800272.625	742412	840217.4375	809598.8125	805396.1875	815395.875	844896.125	837427.625	857766.3125	820632.75	826459.3125	859893.3125	775057.3125	739154.125	763191.125	791463.125	767238.75	710782.375	660808.1875	703952.6875	745493.125	687667.875
P0AEE3	866777.125	1017541.1875	981688.8125	845173.625	1007939.0625	1042708.625	985715.3125	1051913.625	1078099.375	1044848.4375	953232.4375	951930.5625	1055427.375	1004630.5	901579.25	891118.1875	804965.9375	857302.625	852387.1875	865864.4375	771479.25	960228.75	891254.25	905465.5
P0AEE5	561510.0625	16505186	18497760	380053.25	12514710	23402650	14984861	16296450	20017698	21059648	19230064	12879425	13967655	16373752	487853.34375	425711.53125	656983.4375	459772.125	439931.65625	622466.25	507391.78125	441249.0625	479086.15625	594252.375
P0AEE8	83875.3203125	57223.76171875	40669.30859375	98185.703125	69050.7265625	39240.34765625	60532.50390625	52172.3828125	53915.2734375	58915.6875	42418.28515625	63942.01171875	53985.2421875	50626.9375	91321.25	84913.6171875	85099.4765625	82114.8671875	86431.59375	88011.6171875	83073.265625	89295.4296875	97847.9609375	95441.6484375
P0AEF0	145119.15625	142056.78125	146427.46875	147044.15625	120525.59375	138503.28125	158399.8125	132344.84375	111579.8984375	138513.828125	119756.890625	145931.640625	133079.015625	129889.453125	143400.046875	106888.671875	123919.0859375	135198.75	131132.59375	145228.46875	131867.953125	145304.953125	150683.609375	130262.0234375
P0AEF4	194623.953125	193306.671875	203377.03125	199557.5625	209354.171875	213016.15625	189080.40625	220253.6875	205744.59375	167323.765625	215721.5	236497.484375	269102.84375	205091.015625	184830.4375	136436.5	196158.34375	180338.28125	179664	229812.296875	223709.640625	202690.140625	181433.203125	200440.21875
P0AEF8	129841.6484375	82492.921875	88616.5390625	136549.875	105174.71875	56342.98828125	126422.828125	108688.8203125	112708.453125	79582.8828125	75424.1328125	152893.828125	122430.1171875	81400.953125	100760.5078125	67959.1875	68619.2890625	95050.140625	78652.3125	86915.6875	107082.65625	82297.390625	90294.4140625	104292.0078125
P0AEG1	60079.0859375	85946.2578125	76779.5078125	68210.1875	80539.671875	59539.390625	84857.953125	70363	83967.90625	84163.125	72736.046875	86306.90625	54914.46875	71944.0078125	66434.640625	49692.1171875	52304.7109375	63738.90625	53039.42578125	57091.31640625	60942.9921875	60908.7734375	60916.11328125	67853.3125
P0AEG4	2618231.5	2931736.5	3246961.75	2421015.5	2653989.75	3529746.25	2780498.75	3001468.75	3135410.25	3261293.75	3193523	2498511.75	2550012.25	3014951.75	2799912	2395079	2972227	2486108.75	2600296.25	2598784.5	2678985.25	2590981.75	2558130.5	2691715.5
P0AEG6	1109600.5	1088024.375	1111816.25	1077607.875	1025750.875	1093925.25	902794.625	1062019	964299.75	1077393.75	1018475.75	971230.5	979973.875	1057544	1191397.125	1130652.5	1165785	1066735	1111987	1181706.625	1116075	1061195.5	1078785.75	1102187
P0AEH1	271534.5	296637.75	295726.1875	292448.21875	256152.609375	312228.65625	293664.6875	275646.25	304182.96875	280897.375	270734.96875	279897.1875	295086.21875	323637.1875	288830.5	258420.546875	266528.78125	275616.09375	281516.53125	282116.53125	305430.375	248473.359375	253427.875	289033.5
P0AEH3	425148.59375	337269.78125	320455.28125	421258.28125	256445.703125	350466.78125	321686.34375	280677.25	350492	327258.90625	349225.1875	264867.21875	262555	350080.8125	416713.78125	426863.78125	418316.96875	416875.9375	427858.4375	435813.9375	465232.1875	422582.59375	395944	415656.875
P0AEH5	10751338	13761778	13551374	9910974	11420488	15940539	12669848	13778199	15758018	17719626	16867420	14661329	11738116	17380626	9704724	10601919	11908831	8911408	9815243	10156705	10413940	11206270	12555385	13431388
P0AEI1	2871699.5	1899232.75	1927351.625	3111353.25	2064646.875	1651976.125	1992758.25	1714538.875	1794587.5	1688810.625	1641717.5	2148170.25	1927084	1726443.875	2902998	2874851.5	2749260	2982188.75	2922959	2780085.25	2798727.75	2708219	2891013.75	2731625.25
P0AEI4	993751.25	802776.1875	758461.875	1101110.75	833220.8125	656159.75	763332.125	792651	662335.9375	698180.5625	711390.375	843458.5625	814661.4375	710745.8125	1058580.625	1052931	1026434.875	1032719.5	1044576.3125	966626.875	1054557.375	1009062.375	992448.3125	999427.125
P0AEI6	254451.796875	249264.0625	237960.171875	256825.640625	229662.359375	217035.5625	219236.90625	260197.734375	241868.703125	239853.328125	250037.5	213205.4375	231511.4375	229937.734375	250972.078125	256435.546875	272160.25	268110.4375	227891.921875	260745.734375	223887.859375	236716	254170.65625	232664.984375
P0AEJ2	3199473.5	2258912.75	2262273.25	2605556	1270348	2810508	2570484.25	2802722.75	2926840.25	2745440.75	2438828.5	1155473.375	1007342.25	2467474.5	2372482.5	4102654	3396022.75	3060980.5	2182428.75	3469045	2761596.25	4151785.5	2692375.5	3421865
P0AEJ4	75182.296875	109561.7734375	104281.9140625	74014.5	97357.40625	107672.6953125	112782.0859375	92250.234375	115132.03125	96234.3515625	109238.4609375	93555.296875	90863.1328125	102936.6328125	76161.796875	70997.0234375	81267.6328125	81817.9609375	81986.625	76481.078125	65810.5859375	81911.6796875	78241.5703125	85773.0625
P0AEJ6	475843.625	727283.125	791638.3125	458685.3125	746056.5625	660298.1875	716355.4375	754665.4375	735463.625	710915.375	698859.8125	702707.125	736803.375	690264.625	456943.09375	492346.59375	433836.59375	454695.5	431433.4375	470092.84375	453188.8125	469305.4375	449412.5625	418040.375
P0AEK0	21314.681640625	18314.556640625	17786.3671875	17479.5859375	17139.626953125	19375.720703125	21223.61328125	17693.076171875	23994.373046875	14368.62890625	25011.54296875	11618.07421875	10107.2509765625	22374.107421875	11497.8037109375	14462.3515625	12883.3798828125	17760.763671875	21896.927734375	11973.1044921875	12053.220703125	12046.3515625	7455.59228515625	13556.033203125
P0AEK2	8170363	7334448.5	7892718	7971436	7405266	7898976.5	7460294.5	7309944	7164994	7438063.5	7483977.5	7238321	6654939	7273232.5	8160075	8699006	8260821.5	7986078.5	8040376.5	8225782.5	8249932.5	8174588	7890462	8089087.5
P0AEK4	13628676	13332861	12537525	13146450	14395060	11089909	13963174	12909026	12955400	12133997	11294974	14044077	13438018	11782579	13685575	13739969	13297059	14371277	13841967	14195943	13448596	13545403	13803408	13875572
P0AEL3	664975.8125	596004.25	509902.3125	565004.625	535696.625	385270.0625	571744.875	592813.75	508968.375	802505.5	881038	391111.75	199196.34375	1218551.5	879426.875	697625.0625	892036.3125	763411.9375	823716.5	609913.0625	667392.9375	535674.6875	727828.875	650880.5
P0AEL6	448585.84375	482104.96875	501778.4375	388430.5	375839.21875	575109.8125	515243.09375	546726.0625	585523.25	569688.75	525839.1875	342726	341600.1875	539080.875	417666.625	553480.6875	501327.34375	486506.25	370222.53125	465504.71875	434035.6875	496623.90625	438070.90625	470334
P0AEM0	328640.5	467400.09375	361388.9375	339005.34375	465453.21875	511631.84375	447022.9375	435427.78125	473854.3125	504945.34375	491181.03125	373422.0625	405434.78125	474381.71875	347115.65625	375602.53125	350476.25	331995.6875	309589.3125	270792.65625	310878.71875	289744.78125	274712.1875	306586.21875
P0AEM4	268212.84375	1273426	1334553.375	267881.5625	1134666.375	2063935.875	1760138.25	2551486.5	1788612.5	2497564	2458030.5	908881.75	1114755.375	2171341.5	280428.15625	392432.84375	353793.4375	354215.71875	299776.84375	268351.5625	259446.78125	283267.5625	278002.5625	250973.5625
P0AEM6	35982.359375	214339.78125	254590.09375	6216.66943359375	131286.96875	326733.84375	262220.875	340189.28125	244165.515625	302744.96875	284555.375	121538.6484375	114704.140625	267333.5625	21420.0078125	28090.71875	21413.9453125	21561.98046875	15494.2890625	20828.78515625	21340.611328125	20218.478515625	9404.0087890625	28449.05078125
P0AEM9	4925760	7192950	7164236	5273701.5	6906496	9579638	7631867	8375165	7806918	8850011	8109610.5	6659447	8054957	8791972	5716142.5	5395554.5	6073871.5	5125146	5396282	5632977	5790494	5538137.5	5700638.5	5798896.5
P0AEN1	1005875.625	928955.5	887841.3125	1001002	1142643	562160.4375	1063461.5	879184.3125	1013564.9375	735509.6875	715829.125	1159916.75	1033394.5	719766.9375	1028447.625	1007763.4375	964583.25	1127843.25	1009172	1004745.5625	980013	1005861.1875	1079763.875	1019784.1875
P0AEN4	35468.7265625	23263.25	30303.25390625	33373.95703125	24176.2265625	30054.986328125	26027.072265625	26266.857421875	28469.140625	30983.212890625	25604.365234375	20645.541015625	23271.458984375	21380.00390625	33659.296875	27504.455078125	30637.28515625	33911.79296875	32591.5234375	34869.31640625	32995.40234375	30885.130859375	30652.55859375	33601.265625
P0AEN8	326193	475855	520340.25	353918.21875	646067	341671.8125	554115.5625	559872.6875	509608.34375	395766.21875	408468.96875	555343.5	604654	407383.0625	326646.96875	376652.90625	291445.96875	347332.5	323084.625	388990.40625	392286.46875	359532.84375	348921.9375	341303.21875
P0AEP1	3093.373046875	1674.7279052734375	1206.6043701171875	1636.9034423828125	1191.990478515625	2071.7509765625	1976.7249755859375	2152.299560546875	2929.696044921875	2541.511962890625	2023.3140869140625	1377.6580810546875	1184.975341796875	2785.650390625	2123.546142578125	2218.480712890625	1973.568603515625	1801.9105224609375	1805.690185546875	1938.4949951171875	1809.25390625	1852.056884765625	1417.2672119140625	2769.4501953125
P0AEP3	5076952	4253077	4498864	4589565.5	4001859.75	4786760	4300247	4352071.5	4594323	4671415.5	4739584.5	4420225.5	4366795	4595824.5	4952659.5	4856296	4856307	4884681.5	4827303.5	5131912.5	4742721.5	4844887	4924832.5	5057501.5
P0AEQ1	216254.5625	470546.1875	498402.09375	187403.53125	489033.0625	558236	424735.59375	458300.28125	449614.1875	456737.03125	460290.1875	418983.78125	397810.8125	433635.125	206650.75	220896.828125	236575.078125	192720.46875	211101.25	225673.890625	221045.953125	213900.1875	185368.328125	202599.09375
P0AEQ3	6640684.5	13879176	15192052	6978088	13745756	16593518	13887565	13745024	15477107	15034192	14754799	13600451	12846589	12616020	6609842	7332920	6696432.5	6264975	6210933	6857864.5	6982847	6542491	6325827	6453980.5
P0AEQ6	133418.28125	46170.1015625	50620.04296875	121971.3046875	42425.64453125	22918.947265625	72986.5078125	51153.1171875	73339.4296875	45529.96484375	32931.71484375	78254.65625	56520.859375	28293.10546875	74026.015625	52681.73828125	42524.25390625	65411.109375	37873.390625	70931.609375	78788.8984375	62468.671875	52972.640625	99864.9296875
P0AES0	1080156.875	602888.6875	530098.3125	1223645.125	674153.625	446150.34375	618755.8125	596036.375	517492.21875	495544.90625	513235.28125	696947.375	730788.375	573146.625	1132767.625	1027099.75	1025601.75	1288788.5	1230206.5	1130154.25	1151028.375	1201282.375	1185371.5	1061046.125
P0AES2	52906.421875	78576.46875	85227.3359375	52421.48828125	73688.203125	75642.109375	79020.5234375	69492.0234375	73369.65625	74310.734375	81434.7578125	72806.5546875	94506.0546875	76205.6640625	50168.84765625	48468.0078125	43475.1953125	47440.0546875	42372.96484375	51531.94140625	48809.234375	48428.171875	48809.4140625	47804.44921875
P0AES4	9994629	6904313	6829769.5	9788412	7379146	5304897.5	7205238.5	6542569.5	6606417.5	6073475.5	5992704.5	7330920	6968707.5	6303602	9889279	10179579	9531327	10271659	10156429	9761545	10265076	10321700	9880482	9736143
P0AES6	6058183.5	4785812.5	4591915	6062761	4992375	4848938	4784447.5	4701973.5	4662737.5	4685627	4799177	5175776	4691029.5	4725767	5848596.5	5758929.5	5912534.5	6121444.5	6049845	5709406	5897251.5	5946706	5915712.5	5877149.5
P0AES9	14275390	24966872	26508900	14512792	19062638	41994000	25812418	25493038	31024812	30978712	38214324	18127600	21105106	33704012	15478913	11634252	17424426	10674047	14812306	14528486	16054817	12693806	16097090	13771512
P0AET2	6925219	11178179	9832435	7061155	8143046	18035220	10037109	11463978	14143504	14031510	16083387	7479471	9070775	14599784	7500383.5	6526987	8308365	5619767	6589221	7472109.5	7789260.5	6301521.5	7767609	6244813.5
P0AET5	1708.49560546875	836.51739501953125	1388.1190185546875	2632.1826171875	NA	1128.6834716796875	1900.7545166015625	1518.554931640625	2594.845947265625	3151.75927734375	1523.36181640625	1135.62255859375	NA	2988.98974609375	2670.251708984375	NA	1810.7401123046875	932.82989501953125	2164.0439453125	NA	2213.80517578125	1604.6162109375	2830.828125	3411.83544921875
P0AET8	2117041.25	2601486.25	2484900.5	2047791.75	2496776.5	2419512.5	2622502	2507747.25	2665460.25	2505915.5	2520443.25	2460292.25	2468664.75	2580630.25	2168150.5	2173491.5	2130653.25	2075355.125	2172859	2270123.5	2187181	2240465.75	2230566.75	2125577.75
P0AEU0	8500884	12217280	12674746	8799335	12435536	12494404	10997924	12194076	10871015	11438329	11611180	11144786	10531840	10755330	9039456	9711700	8948932	8749868	8619064	9124756	9061568	8572250	8516499	8706400
P0AEU7	6226669.5	8483617	8225221	6352587	8658188	9403535	7442747.5	8884228	7414183.5	8656157	8713199	7247647.5	8648400	8590911	6642534	7013302.5	6743264	6202479.5	6309265	6529638.5	6373224.5	5852589.5	6241450	6211576.5
P0AEV1	129816.265625	108691.078125	97201.2578125	124997.0703125	141633.765625	95587.3359375	119770.375	106034.0390625	116251.390625	105325.609375	111565.609375	127462.265625	143564.078125	107233.015625	128747.109375	120996.515625	122918.859375	124599.8671875	136498.859375	128918.4296875	124273.6015625	127653.984375	131969.75	130682.4140625
P0AEV4	71650.5078125	NA	32554.24609375	91115.2109375	11206.771484375	22867.03125	18688.169921875	15785.5087890625	36413.875	18429.646484375	26810.33984375	1555.3311767578125	14361.6474609375	21476.693359375	14972.265625	25402.84765625	19815.087890625	12665.8505859375	18689.138671875	19405.634765625	13697.1845703125	44830.96484375	14066.5146484375	10588.6748046875
P0AEV9	34586.03515625	72394.5859375	54459.11328125	49701.6328125	61048.234375	69753.53125	53475.7890625	55428.23046875	59486.48046875	65928.65625	77448.734375	53188.6171875	67139.84375	65504.88671875	34681.25	27890.017578125	38968.25390625	21692.537109375	30745.1640625	30083.140625	21652.4765625	36735.921875	41378.45703125	28622.9921875
P0AEW4	101220.046875	155878.078125	162598.21875	102654.1015625	169075.53125	122156.125	170409.765625	146815.96875	139043.5	128575.859375	123380.9765625	163423.171875	174530.46875	139901.359375	104744.2109375	107019.8359375	91350.15625	106117.7265625	90295.5	105805.4453125	99011.375	107351.734375	104699.5546875	105107.28125
P0AEW6	460784.59375	294131.875	266189.34375	448793.6875	359487.78125	248467.5	295498.34375	301515.65625	269150.625	221010.546875	250200.6875	324673.125	309815.25	277133.0625	436670.46875	458025.53125	408063.4375	458054.96875	502153.34375	447853.0625	398102.4375	409568.6875	453135	421458.84375
P0AEW9	955677.25	273912.9375	245688.5	994724.9375	218552.328125	287976.5	215145.765625	232165.546875	288163.71875	297090.3125	288003.625	167263.875	250100.515625	248765.203125	899354.875	967013.625	831686.5625	835761.6875	875710.375	949151.875	950405.375	1067951.25	923201.3125	969459.3125
P0AEX3	150667.59375	104912.1484375	97748.046875	119154.0078125	93284.8203125	67423.3125	119509.0546875	94150.0390625	123530.90625	62975.34765625	79766.65625	157236.109375	86275.265625	84872.5234375	107541.484375	77712.828125	63119.828125	102874.5	66554.3828125	101952.1171875	98075.46875	104205.1953125	70882.1875	140077.296875
P0AEX5	218856.015625	325872.09375	308634.0625	236352.734375	290707.4375	313605.84375	317198.75	314554.46875	336126.71875	364338.59375	332243.53125	235861.921875	300047.03125	312228.34375	204620.453125	255800.5625	213081.390625	241734.390625	192758.9375	205977.59375	216503.296875	227779.734375	241308.90625	244670.5625
P0AEX9	4418036.5	5412613.5	5458372	4385402.5	3904920.75	7973984.5	5472970	5061080.5	6798780	7072803.5	6385207.5	4128708	4309760	5284673.5	3522933.25	3578752.25	3311777.5	2506503.5	3423410	4688728	4115151	4538567	4244887.5	4075765.5
P0AEY3	79914.6875	90515.46875	54406.234375	82120.9453125	87190.6640625	82570.4609375	71688	84575.1796875	77712.1875	87691.8671875	79275.9921875	85881.53125	93223.3125	92405.84375	68949.5	46179.10546875	80770.1953125	82075.7421875	78025.0703125	64797.98828125	64396.13671875	65302.54296875	88073.265625	64051.484375
P0AEY5	309444.5	450880.28125	464384.15625	317179.625	485218.40625	476733.4375	445714.90625	459917.40625	436557.40625	468697.53125	477937.90625	418576.9375	461996.625	451545.125	343382.65625	397092.28125	328569.09375	291497.28125	313484.28125	320623.28125	312938.46875	315604.46875	308935.875	313487.5625
P0AEZ1	5265962	3076057.75	2805329.5	5762369.5	3387270.25	2649647.25	2816393.75	2960760.25	2423696.5	2735250.5	2765531.75	3308987	3414041	3041388.25	5477746	5048617.5	5174239.5	5321348.5	5770177	5380687	5356653.5	5057158.5	5426359	5316052
P0AEZ3	6205871.5	9589609	9727336	6438357.5	9511304	9684139	9283091	9084515	8883344	9403067	9305705	9110242	9044432	9168171	6101636.5	6956890	5997060	6143003	6029540.5	6397428.5	6294825	6331720.5	6298868.5	6158255.5
P0AEZ9	2771260.75	4000452.5	4116330	3122468.25	3875283.75	4151623.5	3768027	3861193.75	3920112.75	3859239	3983050.5	3436106	3698050.5	3595718.5	2848964	3113507	2894442.25	2742058.25	2792277	3260023.25	3047593	3160779.75	2979551.25	2929742.75
P0AF03	371487.40625	544375.3125	549526.375	349030.78125	574903.6875	543258.4375	512030.5	544236.5	578947.75	572990.5	562455.1875	576379.875	542603.625	542535.0625	338305.5625	365991.78125	338579.21875	339725.21875	364988.6875	344960.59375	356958.28125	358651.15625	320977.21875	344856.84375
P0AF08	1716384.25	1601739.75	1470594.875	1778195.125	1761448.125	1332988.125	1619007.875	1545668.5	1467807.875	1380470.5	1411316	1793823.125	1938629.25	1390199.75	1674978.875	1609026.25	1506979	1633275.625	1705342.5	1683939.625	1665272.125	1650058.125	1656650.25	1548828.625
P0AF10	8430.2724609375	NA	NA	5805.68359375	5726.9716796875	NA	NA	NA	NA	NA	NA	7228.63671875	7442.93310546875	NA	NA	5104.22314453125	6674.15478515625	6779.3232421875	10560.8447265625	7863.55126953125	10431.87109375	10317.6806640625	3519.603271484375	4678.18603515625
P0AF12	2370674.5	2074477.75	2251602.25	2440754.25	2198475.75	2352148	2231350.5	2141837.75	2302450	2215311	2183339.25	2127237.25	2116017.75	2108052.25	2530570	2517416	2445813.5	2504426.75	2403812.75	2497221.25	2481172	2426276.5	2555944.25	2538723
P0AF18	1493006.625	2018911.375	1898248.125	1475702.125	1981179.5	2091064.125	1971581	2074070.375	2031399.125	2177969.25	2051546.625	1786881.625	1919331.5	2070028.375	1448786.125	1591549	1567463.875	1458885.125	1477415.375	1570079.75	1512667.5	1532330.625	1562359.875	1501184.375
P0AF20	1195942	1274735.125	1296442	1197761.625	1345161.125	1083523	1281397.75	1304468.25	1206900.625	1155000.25	1149834.25	1345877.875	1436441.5	1200530.25	1203920.75	1175792.375	1123723.25	1164050.875	1102132.375	1154013.375	1207916.5	1142030.875	1146365.625	1139713.25
P0AF24	892455.75	731620.375	698905.8125	928462.125	811855.875	624346.5625	732448.9375	716783.625	762830.8125	613906.375	622004.8125	787508.3125	755755.875	665153.8125	846885.3125	915145.125	861195.5625	882286.9375	881371	866838.25	913562.8125	898919.1875	933652.375	842086.0625
P0AF26	9143.1171875	5826.8095703125	7344.056640625	13164.798828125	5823.876953125	8344.4990234375	5673.82373046875	5414.25390625	4346.7294921875	6348.29931640625	7931.5234375	6931.33056640625	4324.0458984375	6881.83349609375	6055.81787109375	7938.166015625	5786.89404296875	5918.98046875	9661.6396484375	6771.2109375	5295.88671875	11401.7705078125	11467.701171875	5677.1162109375
P0AF28	1190478.5	1310838.5	1241383.875	1424878.875	1379156.625	1370994.375	1221209.375	1201390.625	1149395.25	1250311.75	1252306.625	1258082.875	1116978.5	1201738.5	1448785.375	1540498.875	1416672.75	1463094.5	1391514.875	1511930.5	1476483.25	1393011.75	1369076.25	1350629.125
P0AF36	2579037.5	2897837	3026951.25	2801172	3409664.75	3357227	2998631.5	3346539	2621326.75	3007921.5	3121581	2762171.75	3046685	2805178	2868683.75	3177969.5	2615834	2707743	2640186.25	2794573.25	2992900.75	2663352.25	2549947.5	2647217.5
P0AF43	79246.203125	79315	72028.1171875	60809.609375	71857.15625	88114.7265625	88550.3515625	82049.8515625	95811.5	74069.3359375	79817.3203125	68932.25	74219.171875	64424.4921875	67746.125	73855.6796875	63119.015625	70572.9296875	67279.4296875	61329.86328125	64129.0234375	63151.72265625	64675.66015625	79924.078125
P0AF48	69519	96571.1953125	95382.453125	74312.078125	102536.4765625	97646.8359375	91877.5234375	93922.390625	101739.46875	102467.0234375	106821.3203125	90417.4296875	111039.9765625	103422.6875	65373.76953125	65746.546875	74324.3046875	68522.6953125	72103.5078125	65607.8359375	55059.52734375	69473.0703125	75512.1484375	70878.296875
P0AF50	712664	1522439.25	1500985.875	694075.0625	1447711.625	1810972.5	1292223.125	1536540.375	1612215.125	1685461.75	1650428.875	1141029.75	1406721.875	1584834.125	759837.0625	755383	725498.875	693128.5	714796.125	734004.5	677676	612001.0625	731210.5	623766.9375
P0AF52	140965.515625	48145.57421875	42225.4296875	112196.9765625	16117.5478515625	55723.125	64010.7890625	46431.8515625	51885.58203125	50297.375	62695.81640625	42391.6796875	53748.7578125	62789.51171875	95964.78125	86371.96875	104120.203125	70486.203125	73497.984375	90638.4921875	95511.0234375	93075.3984375	86959.5625	89615.4765625
P0AF54	NA	35975.9453125	40169.703125	NA	42219.10546875	38666.56640625	42943.01953125	41479.03515625	55795.05078125	44624.01953125	40458.4140625	35733.453125	33631.57421875	25792.9609375	NA	NA	NA	NA	NA	NA	NA	NA	NA	NA
P0AF56	42016.61328125	90956.046875	123791.5390625	62928.44140625	71044.953125	89776.9296875	93501.9453125	92010.7890625	110262.953125	95985.234375	137855.0625	95671.3125	71930.859375	92462.671875	67045.8828125	61517.46875	65632.4453125	57626.55859375	67976.265625	77221.59375	63226.53515625	52108.75390625	64699.03125	71554.2421875
P0AF59	58821.59375	96431.1640625	106944.3359375	75011.375	101122.8203125	88969.5234375	87996.4453125	83432.671875	85527.2109375	100935.7734375	79357.4921875	90776.203125	82358.984375	75416.6328125	62218.65234375	60517.609375	59702.765625	55783.69140625	60633.1484375	49076.2421875	58143.421875	64259.47265625	53703.6875	59430
P0AF63	245796.8125	268466.78125	260671.703125	259201.359375	288573.875	266103.125	257244.0625	250990.765625	257739.5625	257237	267666.65625	231701.453125	273736.59375	270210.75	235059.375	252123.671875	241060.484375	243231.171875	227841.84375	233272.015625	226795.390625	234377.3125	242139.234375	220925.125
P0AF67	411316.75	485928.34375	507610.46875	412117.53125	458685.40625	503993.53125	441138.21875	521288.75	513532.0625	525235.3125	521911.5	365329.84375	499244.71875	481604.84375	423224.125	431331.625	414334	417050.46875	397345.28125	382875.59375	411517.0625	370128.90625	407784.25	392328.96875
P0AF70	1561774.125	2251926.25	2260964.5	1508692.875	1925227.625	2544563.25	2180703.25	2250311	2163644.75	2259638	2169943.5	2252258	2402636.5	2312367	1523989.625	1539577	1534594.875	1661052.375	1588884.875	1532972.125	1324660	1408406.75	1564512	1483254.625
P0AF90	1034227.3125	1488059.5	1451652.625	1130981.875	1422541.375	1581914.375	1343328.25	1398317.125	1408660.75	1520891.875	1511016.25	1217638	1222072.625	1381980	1193481.125	1216224.875	1184614.75	1064084.75	1112121.375	1005601.875	1050974.625	1019735.4375	1038786.25	1018155.75
P0AF93	12869200	24996532	24914816	15825858	30277122	24535910	25515520	27359812	24266506	23348334	22202054	26801682	26856904	24474160	15373089	15974439	15166338	14574475	14652931	14892221	14593503	14112296	13804418	13486640
P0AF96	1056281.5	822798.6875	854738.6875	1140317	818236.25	816430.9375	791470.875	748199.125	748664.6875	733257.9375	841340.125	759736.125	626285.75	785167	1053256.25	1034835.4375	1007449.375	969008.4375	1071631.125	1069949.5	1092042.625	1094513.375	1149584.375	1058683.625
P0AF98	217545.9375	249885.875	242254.40625	204146.828125	225476.734375	255924.953125	252340.734375	241470.65625	262123.0625	270374.25	266285.5	226860.46875	228032.078125	260268.3125	214725.484375	152030.953125	220660.46875	207766.328125	196742.40625	185981.328125	228400.328125	198633.390625	197284.46875	214139.328125
P0AFA2	45482.09375	31608.74609375	38613.375	41785.6171875	37675.08203125	26306.232421875	30423.94140625	24705.41015625	25250.89453125	36503.0859375	30541.341796875	28495.080078125	28046.908203125	22766.43359375	42203.82421875	41615.8359375	29940.470703125	40165.72265625	40121.5625	47737.3515625	35651.703125	44831.515625	35606.37890625	36253.42578125
P0AFA7	58658.3515625	30109.841796875	34059.15625	55610.90234375	20762.208984375	23107.23828125	37465.42578125	31728.453125	35365.29296875	30717.505859375	29553.0390625	33721.08984375	34251.515625	29584.89453125	43551.49609375	29504.77734375	33266.953125	39698.21484375	32834.6796875	42520.125	47896.80078125	39295.41015625	38261.44140625	47930.1328125
P0AFB1	297808.1875	319681.375	354426.625	307630.125	291238.03125	319256	330224.15625	293892.125	316205.875	317292.875	328533.9375	322902	307889.25	311809.8125	273508.46875	295305.125	280056.03125	299595.90625	280039.8125	283970.65625	280799.28125	289161.75	274942.6875	299095.65625
P0AFB5	330271	208928.40625	206222.328125	322666.90625	216037.109375	154346.96875	228230.25	179083.828125	217304.328125	182704.984375	192783.484375	206512.265625	201782.65625	185794.859375	296458.03125	335160.53125	316645.125	327548.53125	302751.3125	306263.0625	309509.09375	323604.65625	294723.71875	311242.40625
P0AFB8	525562.5	348779.3125	374926.0625	487582.4375	355881.0625	303359.46875	377645.5	345751.21875	347765.71875	372568.90625	344943.09375	347273.65625	303385.25	313463.875	467525.3125	476501.375	494438.0625	520981.71875	483831.5	480673.96875	502347.46875	509237.4375	467387.3125	462929.34375
P0AFC0	30286.423828125	16319.6865234375	15903.72265625	34040.12890625	26375.1171875	13454.0302734375	16279.1826171875	18391.177734375	19922.2109375	16885.998046875	13837.40234375	29041.6953125	22064.013671875	15651.8818359375	32496.521484375	17497.953125	24166.744140625	22366.5078125	24620.025390625	23941.41015625	26614.802734375	28050.6328125	27468.880859375	26632.4921875
P0AFC3	184353.125	199872.71875	200143.828125	175411.34375	158249.75	203745.4375	203756.171875	189119	216127.578125	213582.78125	204644.421875	203347.78125	192847.421875	173907.578125	144984.53125	145965.4375	129182.1796875	149836.6875	119139.234375	129278.1015625	161980.03125	130924.703125	134450.90625	148452.125
P0AFC7	1082024.625	1641877.25	1610530.625	1172642.625	1660737.5	1591692.625	1550338.125	1576296.875	1689325.75	1654927.75	1588658.375	1796445.5	1824722.25	1491046	1154290	1083720.25	1106484.125	1333040.125	1181450.25	1124014.375	1136375.125	1100686.25	1189737.625	1152378.25
P0AFD1	888674.125	1645734.875	1798790.75	992487.25	1742466.875	1891649.75	1543426.875	1661890.375	1637982.75	1744978.75	1750533.375	1623172.375	1635954.375	1501922	1009459.625	935319.3125	937150.625	974756.375	952245.5	911962.625	915893.625	893365.0625	874201.5	881172.9375
P0AFD4	10186.3525390625	8030.23486328125	4667.87939453125	9840.0458984375	3188.529052734375	NA	8818.4091796875	3684.921630859375	7884.22119140625	4367.578125	6409.21875	8466.873046875	6306.90771484375	5595.62939453125	4859.67138671875	7941.99560546875	2429.487060546875	5591.52880859375	4728.419921875	5333.375	1501.338623046875	3097.114501953125	4097.88134765625	7974.5244140625
P0AFD6	1102009.25	1593436.875	1642254.875	1095023.75	1667591	1635481.25	1629590.625	1534693.75	1656636.375	1668064.875	1566919.625	1623786.375	1680656.25	1501502.75	1093111.75	1011179.8125	1070705.75	1167781.875	1212672.125	1025873.1875	1018530	1129293.25	1131781.375	1085208
P0AFE4	43758.83203125	54681.4453125	39162.6328125	47225.5625	52786.44921875	41762.296875	51115.85546875	50337.57421875	55869.1796875	54806.52734375	37881.4140625	59078.46484375	52146.96484375	41638.96875	52348.83984375	49975.01171875	40744.65625	54319.5859375	30290.751953125	39898.26953125	35883.2578125	33307.96484375	46004.12109375	35505.96484375
P0AFF2	11281.9267578125	5154.21826171875	7550.18603515625	13520.939453125	5042.41357421875	1719.146728515625	9097.8759765625	6183.869140625	7576.96240234375	5368.21484375	4770.9931640625	7838.33056640625	6141.36083984375	4879.31298828125	10133.126953125	8677.611328125	8409.6494140625	8665.7470703125	7956.52880859375	9456.5078125	11403.931640625	8925.5419921875	8325.2802734375	13755.0849609375
P0AFF4	1020.5293579101562	1834.6988525390625	1792.06787109375	NA	1076.5120849609375	1625.3682861328125	3032.1865234375	1413.61376953125	2212.305419921875	2659.767578125	1072.3980712890625	3035.93017578125	2290.08447265625	2408.285400390625	NA	1008.5299072265625	690.6318359375	NA	NA	NA	NA	2243.20849609375	NA	NA
P0AFF6	12172065	11413989	11400531	12099057	10995778	12219883	10798786	11766134	11289471	12055201	12075285	10744085	10561120	11862923	12572436	12330237	13088544	12026182	12224823	11569180	11884865	11428305	11933289	11987251
P0AFG0	3452839	3948391.5	3766148.5	3540176.25	3862433.75	4478659	3623569.25	4035603.25	3864890.25	4220407.5	4125749.25	3773346.25	3968450.5	4329587.5	3973510.5	3470647.25	3708472.25	3384417.5	3555629.25	3260689.25	3534975.5	3424469.25	3710662	3477333.25
P0AFG3	7923150	27782998	27794496	7282943.5	29110712	23199038	28853886	25910476	25897614	23766526	22155452	31174392	29932704	21326960	7847208	9195359	7525136.5	10342122	8131760	8347018	7495337.5	9054706	7369234	8089758
P0AFG6	8253122.5	28815556	29581554	7613474.5	32431000	28715940	30304898	27091236	26286196	25860268	24415462	32309024	31382392	23754376	8397310	10691193	8037824.5	10629145	8655285	9418215	8592965	9133559	7586766	8391233
P0AFG8	70806184	161201616	163749328	77094584	161321136	156211424	168241440	163457424	173999216	161450912	161364592	174241952	156411632	164927200	71845752	70390560	73452560	72173672	75634832	70125480	69545936	71338456	71417688	72640800
P0AFH0	26592.4765625	28148.279296875	23803.353515625	17959.767578125	24809.5	17805.935546875	31569.263671875	28933.6875	25882.888671875	22775.462890625	26854.310546875	24820.345703125	29136.39453125	26448.43359375	20299.00390625	16287.2119140625	13604.04296875	17559.830078125	22912.76953125	20878.99609375	26444.896484375	20231.466796875	19415.326171875	23862.818359375
P0AFH2	640237	279660.03125	286199.5	718198.375	306569.46875	209554.3125	328124.4375	372551.875	226858.609375	282717.96875	332308.96875	391090	423726.125	450417.625	552618.9375	362819.625	377828.375	364979.15625	431776.9375	413514.625	521009.28125	416940.53125	460212.3125	532990.0625
P0AFH6	337058.3125	180229.265625	161168.28125	357653.59375	149981.25	176416.125	178200.109375	234014.53125	151563.75	225469.125	245145.15625	188459.90625	208372.6875	265740.59375	245109.375	153872.984375	211700.15625	169354.65625	227143.859375	209508.640625	243554.84375	200228.265625	226735.5	232315.890625
P0AFH8	11086438	19453490	20933676	9890511	17474362	27394660	18723798	20627336	23511658	24137146	24811490	14323653	15089277	21630660	12872813	13707661	14516945	12889586	11823357	12954537	13158083	12277266	11087936	13322909
P0AFI0	221619.375	565629.25	551945.4375	250181.046875	455984.71875	571779.4375	462854.5625	540294.3125	611978	654574.0625	570410.5625	413930.625	272967.5625	588148.625	233745.328125	290123.09375	208550.09375	299242.875	237538.296875	171358.953125	192956.3125	206617.75	235558.90625	217932.40625
P0AFI2	1301531.5	1092729.625	1056027.875	1270006.5	1074221.25	1064920.25	1010434.75	1059171.125	1017980.75	1054149.375	1122401.625	1141785.875	1117097.375	1157391.375	1319184.25	1309958.125	1304673.125	1336919.25	1309074.75	1268789.625	1274089.625	1330652.125	1351554.125	1279773.75
P0AFI5	132486.15625	118873.1171875	90589.7578125	122473.015625	144475.390625	101001.359375	110214.515625	118892.7734375	97093.46875	74197.8828125	129969.9296875	64883.65625	92883.328125	96325.6875	118335.25	120318.6640625	123527.265625	117420.9296875	124973.3125	114278.25	116001.5390625	92385.125	100955.8671875	96886
P0AFI7	872968.125	747730.875	688825.625	948358.75	922021.625	532084.875	809138.875	735546.4375	692991.4375	581706.6875	578694.5625	1031398.25	864152	609673.4375	877481.1875	879846.125	804381.4375	906871.6875	894411.6875	850858.6875	854789.625	891769.5	897347.0625	841913.8125
P0AFJ1	496170.46875	678057.5625	656455.6875	552614.5	688411.4375	732969.5	568030.0625	627224.5625	554291.375	644261.625	687183.5625	542495.75	614096.3125	732538.125	563119	545012.875	564643	484294	563441.5	512135.09375	528853.125	473162.59375	525931.0625	454386.09375
P0AFJ5	71514.234375	77989.4765625	88448.0625	70580.5546875	71042.3359375	118294.375	78169.3671875	84066.1484375	102455.9375	111550.296875	113143.171875	73057.703125	83157.28125	100699.6328125	82151.796875	69424.0859375	69781.796875	81047.140625	72414.8359375	70537.890625	71252.90625	73661.921875	82573.3515625	74951.78125
P0AFJ7	421436.59375	300375.28125	305925.09375	356336.59375	232045.84375	302865.75	259843.796875	328138.53125	290861.375	304854.46875	335741.625	304977.1875	316208.875	350889.5	334119.6875	281953.53125	339189	322656.5625	347209.78125	329934.34375	371896.25	339229.90625	350349.3125	380117.0625
P0AFK0	2400580.5	2452185.25	2506768.25	2404863.75	2185608.75	2598336.25	2311024.75	2395839	2571364.75	2607870.5	2637382	2169790.25	2195404.25	2559931.75	2444054.75	2408655.75	2583517.75	2415858.5	2417557	2341109.25	2353816	2365473.25	2414294.25	2427932.75
P0AFK2	1282.2188720703125	880.36602783203125	753.47900390625	1159.0699462890625	633.5860595703125	264.25677490234375	419.5174560546875	1263.33544921875	783.61590576171875	609.92974853515625	861.7325439453125	1067.7003173828125	864.068603515625	873.00555419921875	955.53179931640625	243.6282958984375	222.54261779785156	579.46734619140625	NA	267.55230712890625	261.177734375	NA	650.3590087890625	NA
P0AFK9	5506382.5	6524178	6860659.5	5418217.5	5913318	7724079.5	6445745.5	6604018	6642895	7156457	7426895.5	6137193.5	5890637	7318054	5692168.5	5752576	6010782	5336038	5480708.5	5717835.5	5846757.5	5762415.5	5937870.5	5570814
P0AFL3	1085233.5	1670006.125	1573865	1088484	1637637.875	1777052.375	1496329.375	1627493.875	1567306	1698289.75	1662916	1395490.625	1593058.375	1626837.125	1264231.125	1281543.625	1290302.75	1272337.5	1104242.25	1216171.875	1224866.125	1189715.25	1229535.75	1188644.125
P0AFL6	607491.9375	510147	472631.96875	601920.0625	498947.65625	363570.125	497928.28125	469456.625	478499.4375	436673.46875	448037.15625	537013.75	467990.09375	464820.125	587907.25	604860.4375	570373.75	647198.125	616851.5	597598	606721.625	617105.9375	584290.5	569694.9375
P0AFM2	6160186.5	8258224	9436896	5517756.5	7086203	13503365	9638947	8960135	11748233	11732742	11741209	7505217.5	6231888	10068269	6541246.5	4979349.5	7345269	5674245	6470830	5672563	5633975	5282507	5921100	6043566.5
P0AFM4	79643.6875	159782.84375	159090.6875	77779.140625	124375.171875	255224.421875	147564.125	175089.625	200774.6875	217439.296875	213039.078125	114685.59375	156072.625	185372.5625	90724.421875	87791.8984375	109057.3046875	75640.421875	89748.9296875	82578.9921875	84401.125	79057.7265625	90015.71875	75919.0703125
P0AFM6	1196292.75	1932318.125	1786523.75	1250426.375	1977546.25	2211083.75	1684388.125	1976816.625	1815834.75	2023330.125	2030447.875	1616008.75	1792205.125	1980695.875	1438581.125	1432212.375	1425842.75	1267376.75	1392720.125	1324717.875	1335310	1212187.875	1289746.25	1282790.875
P0AFM9	79552.421875	113562.1953125	98293.9375	79640.734375	96206.84375	107112.0390625	93748.390625	107196.1953125	99872.1015625	97441.75	98816.625	95745.359375	106234.578125	95844.46875	73682.484375	58183.2421875	82545.71875	82099.4765625	74882.8125	77694.5	84873.7421875	66156.515625	80752.0859375	73246.140625
P0AFN2	21117.1875	28133.134765625	24169.400390625	17842.166015625	24166.37109375	26694.849609375	20884.55078125	29851.224609375	26352.736328125	26690.53125	28186.98046875	15343.626953125	25911.634765625	24206.384765625	21728.158203125	17515.640625	23735.6640625	20964.259765625	19348.2109375	24244.94921875	20768.705078125	21210.78125	17891.98828125	18142.3046875
P0AFP4	328810	252452.125	261377.90625	291903.03125	294364.75	142621.484375	265483.125	259206.296875	244445.6875	209238.109375	206439.234375	310642	305382.8125	206224.171875	317503.625	315967.21875	272690.9375	375964.59375	313855.28125	309173.21875	330436.5625	306029.4375	356988.59375	311003.0625
P0AFP6	2689780.5	2625432	2683367.25	2762301.5	2135432	2879817.75	2555898.5	2529590.5	2779403.75	2709556.25	2984675.25	2359011.25	2282421.5	2772157.75	2887299.75	2680345.25	2934860.25	2824879.75	2797758	2919086	2847421.25	2898184.75	2813638	2860007
P0AFP9	25497.625	23599.056640625	25622.52734375	27722.30859375	21749.23046875	24437.70703125	22153.890625	22703.392578125	24783.169921875	27683.099609375	24791.048828125	20457.4375	27572.189453125	22679.25390625	24705.998046875	32124.064453125	21218.853515625	32207.560546875	23457.9375	27196.00390625	31178.5625	24228.205078125	25544.25390625	27073.10546875
P0AFQ7	486937.4375	366941.03125	359883.8125	475896.8125	343665.125	351602.625	342085.46875	384546.125	338826.21875	347932.53125	365249.75	344394.125	358879.875	374368.8125	496787.71875	471225.03125	495973.28125	493424.5	461122.15625	462828.25	523720.21875	467412	508600.3125	484257.5
P0AFR0	124643.5078125	95426.265625	90660.09375	123924.203125	105314.0078125	85920.7734375	91208.6796875	97181.9296875	96809.453125	95075.71875	84409.0390625	87964.0625	107486.46875	83712.6171875	111820.3515625	126440.984375	130069.046875	114510.4453125	144048.765625	127901.5703125	103216.078125	129459.8984375	114169.53125	135008.296875
P0AFR2	18415.62109375	49224.4921875	42011.16796875	23763.857421875	50600.1328125	29330.59375	39422.64453125	36294.46875	11841.1357421875	32351.091796875	23927.015625	50557.96875	65610.5546875	33423.48828125	17714.498046875	10532.3076171875	4442.994140625	NA	14556.0908203125	12055.81640625	6022.34619140625	15183.9189453125	NA	7173.58544921875
P0AFR4	1146957.25	1420585	1455688.375	1122814.25	1478205.75	1594252.625	1314859.375	1502103.875	1366818.25	1492025	1481141.625	1251253.75	1365813.875	1515510.125	1228194.375	1198904.75	1230762.5	1140799.75	1133442.875	1132284.375	1133226.5	1087982.375	1153445.75	1123031.25
P0AFS3	53633.453125	78988.9765625	70878.8125	52294.40234375	72416.4140625	70753.46875	78568.7890625	79053.6015625	64876.390625	90872.78125	89138.78125	75349.78125	72778.890625	82502.59375	43584.00390625	47502.53125	49924.984375	46131.68359375	45334.546875	51387.83984375	40655.28125	39119.34765625	44201.87890625	50823.93359375
P0AFT2	121992.0703125	70351.578125	53934.328125	109579.375	66657.203125	62519.59375	81680.09375	91279.328125	75689.65625	72078.4765625	74021.2578125	81900.078125	66949.984375	69493.8359375	101844.5	66794.90625	88589.953125	91780.7890625	79538.7734375	83570.6171875	93824.28125	77865.1171875	99115.484375	113108.96875
P0AFT5	84876.109375	277787.125	277700.90625	98892.609375	292366.8125	266714.34375	297940.3125	307652.90625	274922.5625	263106.65625	268391.6875	264451.6875	302632.34375	258918.5	72667.140625	79443.8203125	65207.35546875	87087.265625	76306.8671875	98473.7890625	76583.453125	83627.4765625	76888.8984375	74646.1328125
P0AFU0	7268.87158203125	5568.39013671875	7498.6796875	3285.750732421875	1309.9073486328125	6758.8486328125	4581.19482421875	5165.7939453125	8261.9853515625	7791.6279296875	7970.72314453125	5359.36376953125	5026.78662109375	6690.90673828125	1938.078369140625	3747.7138671875	3738.754638671875	1109.562744140625	3177.2548828125	436.6873779296875	1342.9932861328125	1666.3546142578125	1867.3619384765625	2082.946533203125
P0AFU4	2197257.75	1866234.375	2023808.5	2339443.5	1841623.625	1635704.125	1955684.5	1985187.375	1875006.875	1838279	1906538.875	1722066.375	1714642.625	1848086.125	2301697.75	2366791.75	2008942.375	2063771	1956542.25	2232644.5	2399890	2327690.75	1994344.75	1983750
P0AFU8	3691822.5	3274741.75	2924746.25	4081902	3248373	2812946.5	2945306	3092104.75	2808780	2967762.25	3109409.75	2970869	3084320.25	3145452.75	3794354	4029178.75	3878498	3886949.5	3934234.5	3893134.5	3782653	3897032	4035202.25	3677230.75
P0AFV4	51212.32421875	34503.5625	59364.16796875	55171.62109375	35861.59765625	19892.48046875	44394.8359375	43677.29296875	48197.3515625	30526.90234375	27089.44921875	52283.640625	51001.01171875	29463.970703125	26725.35546875	31255.625	31108.658203125	45260.4921875	36310.05859375	31345.74609375	37684	42363.171875	47185.45703125	44759.45703125
P0AFW0	81703.640625	96158.3671875	93689.6484375	81728.953125	103960.8984375	98106.390625	103280.9296875	97249.7109375	99750.5703125	96690.390625	83600.3046875	101405.6640625	97739.46875	86961.34375	92834.1953125	80006.78125	83210.1328125	88724.328125	79638.59375	91134.5546875	83406.7265625	93959.2109375	91367.734375	86343.4140625
P0AFW2	200385.53125	1371378.875	1510701.75	208896.109375	1290277.375	964518.9375	1226834	1160092.125	956852	915005.9375	936988.4375	917049.1875	861071.1875	983127.375	144548.515625	210581.328125	116907.7734375	137730.234375	146207.40625	179825.765625	162927.96875	145772.265625	137399.796875	104620.96875
P0AFW4	299594.21875	1006073.5	857341.3125	345868.1875	888999.4375	1069532	808666.8125	907876.6875	826239.75	967360.625	978350.375	747676.1875	828565.6875	970916.5	343276.9375	291581.75	355437.25	296672.6875	385226.21875	256073.6875	251024.515625	277045.65625	305173.65625	281892.1875
P0AFW8	270241.9375	381003	390451.1875	277989.71875	366307.0625	410497.59375	352400.15625	387319.25	364378.65625	389466.28125	388523.96875	286651.03125	374489.1875	392471.0625	272265.4375	305651.8125	294902.53125	244289.5	259519.484375	285980.46875	288822.78125	267697.53125	261737.28125	272121.0625
P0AFX0	436419.375	518090.53125	567468.375	461211.96875	663613.125	408416.65625	580394.8125	541912.125	492672.4375	456070.28125	408439.125	518941.53125	511887.75	457560	517039.5	446126.15625	404471.4375	551046.75	439414.1875	476081.40625	540076.5	478840.03125	443066.96875	417150.34375
P0AFX4	430003.4375	791791.0625	843739.375	380304.28125	816610.3125	910400.8125	795380.25	730893.75	835925.1875	902635.9375	758503.6875	611190.875	639534.625	638142	453568.65625	472958.8125	438442.96875	461063.96875	414058.78125	456840	450765.84375	419736.21875	359338.3125	399414.40625
P0AFX7	338338.71875	308676.9375	302039.78125	340129.625	290924.96875	376447.09375	320779.375	362997.5	345012.09375	379591.5	382044.0625	289020.6875	323208.71875	356659.0625	286961.90625	243193.109375	311170.8125	270039.96875	264540.59375	260183.609375	295125.5	252894.953125	308460.96875	277623.375
P0AFX9	872864.1875	989604.625	918328.75	877477.9375	978136.3125	941017.4375	1008499.6875	1019662.4375	980520.625	995627.0625	976157.1875	929590.8125	1011836.1875	1047974.875	902662.625	948493.4375	913591.75	871509.4375	863396	900983.5	827376.375	904847.8125	927690.3125	951671.0625
P0AFY8	1112380.5	1400896.875	1439752.5	1181836	1393487.875	1526206.25	1255189.5	1368944.625	1250281.75	1384667.125	1434312.5	1300804.375	1474384.875	1404265.25	1236553	1306513.375	1221150.5	1133664.75	1131579.125	1196287.625	1220324	1141246.125	1150738.75	1070597.5
P0AFZ1	82875.203125	92028.8671875	97246.84375	107534.7421875	103401.1484375	117507.3046875	88187.796875	99580.15625	102519.3828125	93262.546875	93387.1796875	74305.2578125	119633.6640625	107540.6328125	95368.4921875	87079.75	97944.0078125	95057.8203125	117567.59375	81914.1171875	87790.2421875	77998.2734375	80549.2734375	91967.1171875
P0AFZ3	420196.5625	512091.53125	520530.46875	386968.625	521992.90625	538764.3125	464567.5	527083	481661.65625	526321.25	490823.5625	407237.6875	451993.03125	488056.84375	424528.03125	478152.28125	451962.875	389713.84375	449297.84375	435696.1875	423987.0625	401210.65625	381946.46875	392465.96875
P0AG00	662139.0625	653635.375	654149.6875	650325.1875	625507.875	707940.0625	665356.0625	684946.75	695871.3125	749161.375	716907.9375	621671.6875	622888.25	705657.5	638612.875	642678.375	650809.875	692539.8125	652688.375	595891.5625	601639.125	631050.3125	624556.0625	592736.375
P0AG03	63620.046875	67271.1015625	59164.87109375	56955.92578125	71846.2265625	55587.34765625	67106.9921875	65631.890625	65070.51953125	59187.50390625	58803.859375	68717.8671875	72251.1796875	68252.7421875	71070.796875	69655.953125	60073.94921875	69769.765625	58091.375	64529.53515625	64758.08203125	63216.60546875	62806.1015625	65505.68359375
P0AG07	2371860.25	2690830.5	2525055.25	2442341.5	2565969.5	2773237.25	2535047.75	2755768.75	2682281	2768710.75	2675979.5	2401269.5	2544138.75	2679777.25	2318468.75	2578688.25	2415361	2396510	2432241	2517423.5	2472752.5	2458115.75	2536879.5	2461811.5
P0AG14	1063522.5	902693.875	832220.4375	1028917.4375	871211.4375	865717.125	887959.9375	866189.125	865115.625	853342.5	903358.75	905686.875	893042.4375	916691.375	1054127.75	955471.625	1031825.625	1064405.5	1009775.625	983874.1875	964699.5625	1024080.25	1052202.5	975726.6875
P0AG16	3010881.5	1920939	2088308.5	2985085.75	1929009.75	2003655	2083495.875	1894930.625	2095792.5	2044976.375	2024099.75	2009924.375	1608736	1920466	2971834.25	3251162	3117476	3115551	3102814	3120304.25	3036859.25	3121818.75	3029063.75	3046717.75
P0AG18	1226529.5	1052137.75	1074631.625	1225778	946704.6875	1252575	1002968.25	1016260.0625	1046144.75	1081283.125	1108777.625	972413.125	954251.1875	1086478.25	1247953.125	1286211.875	1210019.875	1164364.375	1202768.125	1203117.375	1226432.5	1123268.5	1155338.375	1181415.75
P0AG20	1300027.625	1629231.875	1527077.875	1357138.875	1738975.125	1221994	1606335.375	1537993	1405116.375	1329695.375	1384067.75	1666350.75	1843070.875	1483415.5	1273103	1390346.375	1214876.625	1378594.125	1355718.75	1370216	1295150.625	1418545.25	1382524.375	1356115.375
P0AG24	702631.375	618678.0625	618484.625	659814.3125	635042.6875	539756.25	605788	577374.125	591227.6875	602090.625	609179.375	642515.75	571642.3125	599073.1875	701367.8125	673256.75	671215.625	646787.6875	686842.0625	655205.875	675583.75	671909.0625	670906.5	675669.3125
P0AG27	1948120.5	1990867.25	1969877.125	1941236.875	1783552.25	2363775.5	1902867.125	2005624.25	2113056.75	2130701.25	2248236	1907650.625	1866307.5	2022571.5	1926262.875	1888707	1899697.375	1789810.625	1816974.375	1917614.375	1726725.5	1873770.25	1910057.625	1851147.875
P0AG30	13159061	11358324	11527254	13033298	11912128	10206657	11530645	10912022	10453310	10371843	10270136	11353824	10677964	10443313	12675074	12955999	12422665	12685316	12473527	12505892	12976733	12410956	12452732	12522927
P0AG40	495400.09375	438714.78125	386022.78125	508768.0625	458496.28125	415763.78125	480597.875	418234.28125	441189.46875	445135.34375	371771	464491.78125	457789.625	407315.71875	508648.53125	510478.15625	479916.90625	473949.65625	472717.28125	501872.1875	510275.375	502806.09375	510450.53125	481627.9375
P0AG44	18205496	15806498	15651777	18731180	15546636	18245422	14637178	16451858	15210928	16761720	17194326	13247235	14434569	16497749	19855748	21280982	20248096	18041790	19049378	18792392	18508114	18018012	18090864	17607378
P0AG48	13218607	8817679	8594385	12973574	9766371	8908549	8830771	8601406	8331402.5	8461301	8570988	9671670	8515243	8770201	12964559	12799641	11903348	13431278	12543893	13115085	12868657	12516392	13279676	12832347
P0AG51	17824784	15158138	14016423	16316608	14712184	19392838	13706696	15882034	14036081	16754881	16293586	12852389	13319394	15357861	17155008	17516852	17784000	16480480	16819554	16651021	15747876	15197426	16119730	16012322
P0AG55	38806172	32174244	32606336	38858020	33595396	36433960	29277448	32643628	30879530	33201214	32988950	30429996	30451914	32577122	39722196	41287376	40669644	37475704	38193196	39102680	39053300	37107460	37325176	38355232
P0AG59	4868176.5	3794226.75	4041725	5070352	3642108	4541423	3916906.5	3728442.75	3612730	3608743	4302460	3621359.5	3577069.5	4103304	5114675	5534672.5	5368706.5	4729575	5322164.5	5483868.5	5151256.5	5062413	4789525.5	4798143.5
P0AG63	8046613.5	6221703.5	6108951	8227631.5	6222189.5	7057740.5	6132987.5	6147205.5	5940197	6285240	6406648	5983368	6040656.5	6406456	8291637	8754546	8418104	8303664.5	8515363	8216547.5	7887210.5	7732028.5	7888063.5	7678148.5
P0AG67	59031036	49342660	50041964	59925212	46612920	52231144	47772904	48773220	46587816	48156436	49604400	47270148	45961900	50227664	62284900	61841272	65686408	61222896	62413940	61432648	63259436	61378636	60494400	62178216
P0AG71	138991.109375	245732.96875	272819.1875	128784.3125	250231.90625	286077.15625	265846.0625	228992.125	274628.3125	291867.84375	262483.09375	213217.921875	219055.640625	230375.3125	146694.609375	107614.390625	146132.265625	107364.484375	124733.0234375	115168.703125	120728.84375	104991.4765625	95379.0859375	162435.625
P0AG76	48293.7734375	42448.05078125	36044.53515625	50407.09765625	44749.10546875	44014.1640625	39302.75390625	48502.28125	43468.15625	36302.7578125	34446.4140625	44327.16015625	51430.796875	37700.125	49143.87109375	45358.8125	46720.15625	47633.87109375	45955.7109375	45900.1796875	49097.62890625	39968.34765625	39821.1953125	37596.62109375
P0AG78	1325597.375	806343.125	858355.5	1806005.25	654340.75	1301427.25	748089.625	931463.1875	738254.4375	968441.25	917074.1875	701321.375	887976.3125	1040470.3125	1384434.625	1344986.625	1278239.625	1010621.5625	1237851.375	1536419	1566151.75	1268736.25	1636444	1321481
P0AG80	879526.1875	2587997.25	2741579.75	595206.6875	2189365.5	3219053	2402195.25	2513029	3222915.25	3063822.75	2995044.25	2242407.5	2314681.75	2607648.5	756978.375	635521.5625	966447.0625	822548.125	821754.5	782459.5625	758321.0625	847554.625	736367	944649
P0AG82	727800.0625	1214671	1267236.75	738090.25	992052.375	1510897.25	1320640.375	1245918	1460506.625	1505383.625	1388214	1059298	1213199.75	1311018.625	741654.6875	852680.8125	742586.6875	768390.4375	676458.9375	807561.125	825797.9375	854036.1875	806212.8125	888473.1875
P0AG84	1389676.75	2196743.5	2383203	1078391.75	1967845.375	3465677	2256241	2325792.5	2896646.5	3305735	3167282.25	1660133	1751216.25	2939767.75	1365853.25	1097868.375	1621657.875	1125460	1256229	1360314.375	1482113.25	1313211.125	1459095.5	1460588.5
P0AG86	5424571.5	6462102	5832544	5734806.5	6390644	7273556	6268952	6680231	6521629	6931017	6954901	7370588	6082178.5	6518904.5	5725614.5	5757790.5	5784906.5	5674189	5454050.5	5528750.5	5517754	5416925.5	5567156	5375170.5
P0AG90	3156604	3310544.25	3346660.25	3117377.75	3207086.25	3086370.25	3223795	3235242.75	3265286.75	3290456.25	3177224	3124569.5	3443872	3303620	3028300.5	3054283.25	3050312	3161823	3031713.25	3057377.75	3148648.5	3094197.5	3069296.75	3100812.75
P0AG93	290435.875	294255.84375	300268.375	278940.21875	250887.015625	315097.9375	277445.09375	306617.53125	300996.59375	308194.875	316772.65625	279991.375	297650.875	316078.59375	267222.4375	222414.796875	247910.953125	237369.0625	234191.59375	241885.453125	223662.640625	237456.828125	239677.046875	254083.96875
P0AG99	987351.9375	796850.3125	840159.5625	1055233.625	720046.3125	137731.703125	602566.375	730700	773632	847619.5625	922741.4375	818645.9375	708916.75	776417.625	983264.6875	919810.875	1046247.3125	915586.375	872311.3125	223090.9375	604576	584376.375	1074951.25	314862.53125
P0AGA2	304903.3125	174706.203125	206928.3125	306560.28125	169821.078125	178775.140625	218739.703125	220816.734375	218332.125	207283.203125	199423.8125	230238.4375	200791.875	207946.515625	280097.8125	239928.625	233000.578125	237273.65625	228044.453125	242156.59375	279966.0625	262022.171875	237425.28125	278592.09375
P0AGA6	117859.546875	156489.75	169123.1875	116042.8203125	153880.5	164109.90625	146063.375	156106.640625	147505.890625	163546.984375	163226.578125	146047.984375	148178.5625	150122.625	123255.09375	135234.359375	124633.6796875	133508.921875	117690.390625	125580.171875	127430.6875	125589.7421875	123013.9609375	135637.6875
P0AGB0	478936.28125	242210.265625	289912.59375	467195.0625	276367.5625	217683.71875	285576.03125	271842.8125	283470.125	234374.921875	252661.84375	274105.8125	272507.5	226323.09375	508812.125	515662.03125	476522.1875	538417.625	472214.75	485764.28125	538033.5	527842.1875	517578.21875	510815.1875
P0AGB6	475816.6875	477679.84375	489845.96875	520299.1875	527418.125	457000.5	479225.53125	500259.0625	452530.09375	476981.5625	440304.875	436657.65625	473996.5625	442768.5	520634.75	530116.1875	488545.03125	509317.3125	443463.5625	488411.6875	556388	467366.09375	493309.6875	517358.65625
P0AGC3	1177231.625	1555066.625	1573639.375	1103812.125	1467639.875	1531859.875	1565871.125	1514616.25	1684234.375	1578126.375	1589895.5	1541095.125	1551215.25	1592451.625	1121267	1080248.75	1167828.875	1207403.5	1185024.25	1168363.25	1073181.625	1169414.375	1154988.375	1144460.875
P0AGC7	38744.75	60671.4609375	57689.32421875	39556.05859375	57241.171875	65240.80078125	58083.73046875	59613.80078125	61922.88671875	57149.65234375	60112.67578125	60441.18359375	61364.140625	63888.51953125	44391.265625	50721.0546875	50486.2109375	48249.23828125	44974.84375	41290.6484375	45780.71875	48371.00390625	47226.4296875	55100.34765625
P0AGD1	600412.4375	1271712.375	1395558.5	461853.0625	1203145.75	2165114.75	1183595.75	1479043.625	1549960.625	1775067.875	1866225.875	951321.625	1191165.375	1552784.125	640609.5625	464827	806403.4375	490769.1875	536967.8125	588413.0625	620759.875	474402.4375	562695.8125	564486.75
P0AGD3	9741104	12091454	11324449	10263573	16898294	7303722	10408834	9243680	7788535	7864702	8825224	18169074	13734190	9025094	11845451	8248518.5	9747318	10749641	12245911	10434245	11631432	8872622	11038312	9539281
P0AGD7	3001896.5	2849560.25	2658788.5	2937671.25	2644828.75	2713379.75	2607402.25	2600080	2573994.25	2753790.5	2745571.75	2871195.5	2753405.5	2735022.25	2948775	2951271.25	2921076.5	2920460.75	2951542	2832474	2881263.75	2966347	2971524.5	2898843
P0AGE0	3016290.25	4595464	4640335.5	3153833	4342094.5	5000150	4204515.5	4608739.5	4564385.5	4801951.5	4541904.5	4229309	4495589.5	4577036.5	3315340.5	2837758.25	3250829.25	2967694.75	3197809.75	3332113.25	3360554.25	3214206.25	3033945.75	3147991.25
P0AGE4	399995.75	308429.40625	332361.875	390965.84375	265091.03125	289566.71875	399708.40625	387280.78125	404411.5625	395299.78125	365930.875	409652.65625	406099.625	332024.65625	282014.125	209272.015625	217150.4375	213631.203125	196333.015625	239145.109375	286708.03125	229907.609375	233129.90625	276590.28125
P0AGE6	1180048.25	1722155.375	1761663.375	1216668.125	1760634.5	1661688.125	1649854.625	1731305.375	1791019.75	1837280	1722069.5	1769323	1657025.25	1799468.125	1224140.625	1231945.75	1200960.125	1095731.875	1150130.875	1131639.625	1153636.375	1140669.25	1180058.75	1106553
P0AGE9	8043908.5	42706372	44877480	7087535.5	42101436	42141884	43636792	38881504	40937928	39748872	37077408	41794884	36825472	34126044	7904311.5	9839017	7768471	10222945	8038216.5	8744774	7872392	8917287	7145632.5	8335776
P0AGF2	188797.84375	202045.109375	201881.328125	201493.09375	207934.859375	221346.515625	174427.96875	207110.125	183532.453125	218062.609375	201585.671875	164649.4375	209277.421875	209699.140625	202583.984375	207874.296875	199977.0625	186683.65625	175282.328125	193480.3125	190041.515625	184070.5625	187475.203125	176954.4375
P0AGG0	519889.28125	562671.1875	626942.5	483856.34375	478904.8125	628989.625	563615.5625	550314.1875	610587.4375	618447.9375	584112.75	507842.0625	479674.78125	584061.75	502382.4375	506068.46875	497107.71875	492896.5	488456.59375	482742.65625	532899.875	484187.40625	472434.375	511421.875
P0AGG2	390387.96875	580467.1875	592867.25	355321.65625	534562.625	610097.625	520959.5625	592387.0625	565514.5625	599296.6875	586641.4375	511888.09375	546331.1875	576493.625	349393.125	357295.25	369962.84375	355963.90625	333968.875	354227.15625	372779.0625	366547.90625	347182.90625	376425.15625
P0AGG4	136923.75	172582.546875	213493.328125	157697.109375	185559.6875	206059.234375	187903.390625	185235.84375	201588.125	200982.390625	175492.296875	171974.046875	129399.546875	154558.125	139892.03125	150449.4375	141787.78125	141815.265625	114756.6640625	146022.75	130959.2109375	120302.515625	108518.2734375	134792.359375
P0AGG8	2015542.375	1889894.625	1702102.125	1982453.25	1758858.875	1678918.75	1651494	1855948.125	1731734.25	1850638.25	1819355.125	1471860.625	1854666.875	1836454.75	1978695	2064710.375	2112841	2079422.125	2074187.625	1894722.75	1805374.75	1967745.625	2095203.25	1986434.375
P0AGH1	50288.09765625	34463.3359375	32638.1875	42861.24609375	43145.67578125	NA	59658.23046875	51688.06640625	62260.80859375	68877.109375	65885.3125	49494.6484375	40199.6640625	47869.359375	38234.1875	58914.7734375	36171.22265625	46171.69921875	11387.3134765625	47166.25390625	53871.421875	NA	40220.14453125	50322.8828125
P0AGI8	155214.640625	169507.28125	156565.078125	169945.78125	186400.96875	148672.859375	192846.25	171039.484375	182115.984375	164865.890625	178559.296875	181957.515625	158561.515625	168209.28125	192667.75	192090.0625	171795.78125	175137.953125	181894.25	169086.296875	149306.8125	171145.90625	180933.65625	163290.28125
P0AGJ2	229497.28125	184362	187834.9375	235842.421875	164788.953125	189928.0625	217665.59375	176976.28125	188959.40625	187931.0625	220374.4375	184146.578125	191930.109375	205256.5	240269.078125	240131.8125	236717.5625	245479.15625	238407.125	230779.203125	226998.40625	234344.09375	237129.28125	224736.015625
P0AGJ5	1573603.625	1551770.5	1608216	1607638.125	1589213.25	1701424.375	1519258.625	1621890.5	1559053.375	1599294.625	1653398.875	1514344.25	1549740.125	1647304.375	1649151.125	1637162.375	1696403	1586079.25	1720825.75	1611261.75	1600047.375	1583009.875	1606521.75	1603342.75
P0AGJ7	100755.265625	94149.109375	111948.1171875	106046.1328125	78875.34375	105044.59375	88166.3515625	76830.953125	92634.2734375	91782.15625	103977.671875	90082.03125	91978.765625	93207.0859375	104329.2734375	108351.9375	119079.8359375	113505.90625	105840.3125	104295.2578125	101435.6875	106201.2109375	101521.4375	103173.03125
P0AGJ9	6834804	5122218.5	4890350.5	6709773	5378631.5	4411034.5	4930022	5013341.5	4392163	4341285.5	4669549	5499935	5610642.5	4913152.5	6698744	6421920.5	6348221.5	6785391	6756275	6784367	6954720	6905052.5	6845751.5	6663973.5
P0AGK4	831183.5625	778346.375	830816.5625	936392.1875	753887	796599.4375	673652.25	779448.9375	679216.125	801098.5625	722475	581242.5625	842640.0625	642395.5	885715.9375	904515.75	850955.875	772961.25	741205.375	777152.8125	925444.6875	787926.9375	694267.4375	772417.9375
P0AGK8	348299.96875	236779.765625	247142.234375	279364.53125	183780.4375	549902.9375	274119.75	413820.4375	498173.78125	553671.9375	490222.625	226751.859375	276275.5625	393584.09375	371008.0625	349792.53125	447697.9375	320258.0625	326814.65625	402547.875	397347.1875	383549.3125	333827.65625	429470.5
P0AGL5	277867.78125	177085.71875	179080.828125	283030.875	142077.59375	145452.96875	188743.546875	106902.609375	139954.953125	156820.984375	141531.34375	116673.0390625	104297.515625	87745.390625	232107.71875	291653.90625	257746.75	225541.65625	233478.734375	275332.78125	302819.28125	260508.953125	228195.9375	291874.8125
P0AGL7	216762.875	138270.015625	135950.046875	232228.09375	154273.34375	103767.75	154509.859375	155253.46875	137517.5	115743.9453125	125083.765625	144057.078125	151888.34375	141923.296875	217263.8125	237588.46875	203658.609375	228448.75	204173.640625	218713.5	211020.546875	231556	221525.203125	211804.234375
P0AGM9	24203.00390625	9316.537109375	4529.59423828125	20435.08984375	2784.95703125	14587.494140625	8415.806640625	11425.4873046875	16432.951171875	14772.2529296875	13489.193359375	5553.33935546875	3720.378173828125	6957.6689453125	19059.162109375	16399.51171875	15129.193359375	15123.009765625	4194.8525390625	17919.89453125	20751.064453125	18557.359375	12904.419921875	24046.1015625
P0C018	19619738	16970254	17107478	20240794	17439066	19206962	15831581	17862838	16679691	18345098	16906106	14607404	15190154	17617200	21265300	23210360	21506384	19411270	19785780	20437394	20552996	19610766	19535396	19794524
P0C037	334544.0625	350724	473655.71875	307403.03125	294485.90625	399212.1875	335372.59375	363121.5	392388.21875	403038.1875	370154.5625	289107.65625	298345.21875	382102.25	326726.03125	343656.71875	345628.90625	290019.71875	328553.53125	294990.15625	310568.78125	302112.5	274009.1875	316881.46875
P0C054	280178.65625	384993.3125	407425	298910.71875	367841.59375	428762.75	333014.53125	402283.125	370097.84375	378688.03125	358527.96875	296653.1875	301838.75	355933.1875	312330.75	288375.78125	287540.75	276583.0625	284791.125	313048.84375	293212.625	295637.0625	277306.125	281125.53125
P0C058	55900.29296875	57305.125	48731.37109375	60370.375	66613.0078125	44879.5234375	57278.75390625	59996.03515625	43370.83984375	45327.70703125	37184.1015625	43769.9453125	50989.2421875	43900.6484375	60552.04296875	55367.11328125	45605.98046875	50326.703125	50954.4140625	67251.9375	61440.1796875	60067.84765625	49017.6015625	47123.671875
P0C066	100728.1953125	88490.28125	86816.515625	110291.1484375	76914.125	86771.375	83974.5390625	91110.1015625	98739.234375	95107.546875	85595.2578125	80006.515625	74516.4140625	87095.4609375	114062.7265625	114159.4765625	113509.90625	102490.21875	103084.9609375	96384.109375	111555.265625	105784.28125	100532.4765625	111886.2421875
P0C077	116277.375	160035.359375	132735.296875	122324.59375	179624.640625	127862.1875	171165.6875	148423.59375	138638.96875	139206.75	141128.421875	147187.359375	202514.53125	116879.359375	132783.328125	97354.40625	125736.953125	104301.5390625	131112.96875	109586.359375	101695.0625	122272.6171875	107734.0078125	102350.4765625
P0C079	252709.9375	409074.375	361666.0625	309232.78125	436570.90625	397647.15625	344721.1875	394635.84375	340688.84375	391935.40625	339180.71875	349797.3125	383370.375	376603.5	301784.53125	327873.28125	240064.15625	295080.4375	305070.125	279326.3125	289200.3125	258592.8125	288957.71875	294804.71875
P0C093	492978.53125	430499.3125	447648.40625	446520.15625	432988.9375	403846.65625	426546.40625	430743.71875	501864.28125	442158.75	427418.28125	412761.59375	472269.1875	411325.90625	389153.53125	426824.0625	436268.34375	467723.78125	415431.75	394353.84375	437518.9375	457352.8125	527429.875	537039.9375
P0C0K3	229455.390625	219176.671875	218509.265625	260052.296875	217917.859375	196600.46875	221500.390625	213167.390625	247728.734375	204812.140625	206219.578125	237681.15625	198411.953125	204471.484375	246257.1875	220511.84375	237377.421875	243703.171875	243301.984375	239450.21875	231562.609375	218914.40625	210013.9375	209501.5
P0C0L2	9715619	17934686	19656276	8744399	16584068	28293658	18510220	19027624	22351428	23173514	24984668	15343263	15726585	21694298	10366623	9458359	12260169	8572142	9998476	10020100	10357033	9877405	9940432	10683768
P0C0L7	1020901.1875	258841.625	286840.5	949809.4375	214944.890625	297824.6875	261624.203125	260538.34375	275212.6875	301996.625	290078.84375	236283.265625	191188.71875	267399.09375	1005713.8125	896810.75	1059851.75	1005609.6875	1002968.4375	869757.3125	983797.8125	921753.0625	944714.5625	947573.875
P0C0L9	121037.8359375	148880.96875	122943.3125	141169.28125	138908.875	184238.125	98971.7421875	125299.359375	112744.7734375	125894.984375	133776.640625	168678.5	122742.984375	121490.1640625	121325.0703125	87856.2421875	87794.3203125	98799.1484375	87392.9375	94909.75	111825.0234375	97492.1328125	105606.7421875	129048.90625
P0C0R7	578971.1875	524423.9375	477833.3125	547403.8125	531304.5	495812.65625	509225.46875	529296.25	538628.125	504110.6875	517488.375	547277.0625	535754.5	504385.71875	542213	480718.5625	496356.4375	552671.75	573862.5	539045.6875	555212.5	609787.375	566338.6875	536611.0625
P0C0S1	3201357.5	2010780.875	2138667.25	3010072.5	2043420.25	1668830.5	2368161.75	2237739	2183448	2063373.375	2011252.375	2517462.75	2306182	2193474.5	3151943.5	3137747.25	2813444.25	3391923.5	2990358.75	3308466.75	3427654.25	3230195.5	2990350.5	3365890
P0C0T5	17822.4453125	969.50592041015625	8562.083984375	13726.3095703125	4195.6201171875	5559.13427734375	7447.88818359375	487.9060363769531	3871.761962890625	5695.880859375	3419.773193359375	NA	3531.4833984375	4099.71533203125	9518.6259765625	9704.681640625	14433.55078125	7133.0625	9647.0439453125	4894.51123046875	11627.275390625	5664.14697265625	8281.1826171875	11925.583984375
P0C0U4	18505.455078125	26269.25	32048.416015625	17236.443359375	24457.3359375	18504.75390625	24523.80078125	27083.97265625	16109.7197265625	15952.4306640625	22481.365234375	25019.06640625	25424.4140625	19482.994140625	17014.6796875	18222.015625	14306.8046875	19532.78515625	18438.755859375	21866.908203125	14042.58203125	12564.1494140625	19583.5234375	13770.7939453125
P0C0V0	4578173.5	5050264.5	5329806.5	4671425.5	4375188	6112243	5177204.5	5092782	5718790.5	5798657	5921416	4168147.75	3950749	5432304	4922190	5301968.5	5121672	4802916	4662329	4919659	4952158.5	4791460.5	4904052	4660452
P0C8J6	14735906	65557152	61664668	19221528	77008040	52417672	63104296	64625368	51588460	54333540	52907436	66410308	72980104	59321596	13259616	13516415	10324888	11998590	13428669	14229948	13461482	13991431	14660898	12232154
P0C8J8	13884689	51933232	51022408	17973370	68248576	30775258	60892940	48121196	38506340	33952808	32161002	68035032	55883840	39350496	11162059	14027589	5959236.5	12417055	11100219	11733243	10656367	11436121	11677436	8973961
P0C960	217753.0625	283724.46875	264154.34375	235432.140625	250407.578125	262064.3125	257536.3125	274981.875	266504.8125	281309.4375	286365.59375	254874.65625	298074.4375	284940.5	244155.296875	270881.0625	233666.828125	262240.3125	265039.78125	224804.46875	227917.828125	246347.609375	261675.1875	281766.71875
P0CB39	792380.8125	617024.125	591361.1875	829151.0625	578298.1875	583823.5625	616786	609733.8125	621454.625	587087.25	613947	604135.5625	640033.5	610432.3125	748122.9375	800240.6875	783982.875	830310.9375	842272	771229.8125	753496.25	818841.5	781655	774010.5625
P0CE47	616293120	588464896	592495232	606483840	598595456	643848576	583829888	593496256	592160128	609123840	609250432	604549760	564917312	607779200	608262208	671735168	615428736	606571648	618735936	630973824	630625920	622903168	598702464	644856320
P0CF66;P0CF67;P0CF68;P0CF69;P0CF70	7850.23681640625	14611.04296875	13216.548828125	19128.291015625	14203.9453125	10512.302734375	20338.90625	10179.5703125	12252.0478515625	10181.5322265625	11216.12890625	7354.99267578125	12370.8544921875	9175.2548828125	17843.884765625	12155.65234375	7365.10888671875	8926.2412109375	8130.74169921875	6307.306640625	5717.36279296875	5738.68017578125	16267.203125	3903.24560546875
P0CF91;P0CF92;P0CF93	8776.2197265625	8141.97900390625	6258.775390625	8340.640625	8649.7177734375	8028.03076171875	9607.6259765625	7869.70263671875	6740.13818359375	9958.5771484375	7757.58544921875	9415.4091796875	8937.7900390625	8859.1513671875	7274.24072265625	7715.62744140625	9761.96484375	9767.921875	9621.0458984375	6763.935546875	7331.2763671875	8036.65966796875	8770.3681640625	5433.54638671875
P0CG19	125860.3984375	62079.203125	53012.34765625	94334.984375	44261.5	62600.8828125	52658.3359375	53770.3515625	73104.75	67140.546875	48703.7265625	51207.68359375	57447.85546875	47598.703125	119271.609375	127626.4140625	134237.703125	126581.8046875	119707.6640625	124997.515625	121928.796875	118301.2578125	117035.0703125	124718.890625
P0CK95	264629.34375	143170.546875	157542.8125	248931.453125	161634.75	155186.984375	144585.140625	180546.625	154350.21875	152722.9375	149591.015625	150218.109375	135307.234375	152443.84375	237233.3125	259417.125	258553.09375	271193.3125	233841	274588.4375	255515.546875	303089.4375	262126.328125	268612.5625
P0DMC5	439469.09375	356035	324007.40625	374209.75	291882.3125	354757.03125	343009.78125	305446.3125	414487.75	345673.875	359262.40625	338403.46875	381531.40625	347419.28125	417473.90625	442705.6875	436301.4375	437267.09375	432336.21875	389837.8125	393497.21875	431867.15625	460735.5625	446207.65625
P0DMC7	1906923.375	1698660.375	1760871.5	2049204.625	1819890	1473298.625	1798097.375	1712191.75	1622691	1551079	1525834.375	1555405.125	1607910.25	1464031.625	2010458.5	2115065	1926417	2077497.125	1876715.125	1998863.625	2029281.625	1973515.375	1927041.375	1918552
P0DP89	733007.75	738979.1875	783178.4375	794016.9375	731695.5	892473.1875	969633.8125	776159.5625	1126535.25	1027520.5625	889777	692408.5	684001.5625	941144.125	568520.5625	514637.40625	529827.25	486575.375	541628.4375	554112.625	609958.375	640175.5	675633.6875	514696.46875
P0DTT0	11076973	5365461	5437176.5	10720837	5842905.5	5011533	5850958.5	5259267.5	5475289	5018312	5108919.5	6142575	5841081.5	5116645	10797557	11067073	11057944	10956887	11128524	10490731	10846247	10781999	10639230	11125074
P10100	536353.3125	610748.3125	575350.6875	527710	563753.3125	598710.9375	544337.5625	603928.5625	540168.5	582718.375	605337.75	491893.84375	575347.625	610726.9375	506864.40625	555729.5	544894.375	557667.1875	485236.84375	533686.75	490418.65625	511450.8125	510194.28125	519993.4375
P10121	2233463	2525793.75	2525725.75	2346885.5	2406445.75	2522305	2483601.5	2396829	2491889.5	2551018.75	2553841.75	2396407.25	2429383.5	2547335.5	2296294.75	2364943.5	2320499	2242565.5	2252347.75	2247701	2248004	2268934.5	2329408	2282017
P10346	982651.0625	1235307.625	1259463.5	1025133.75	1235380	1296102.375	1236781.75	1110745.75	1307726.125	1230023.25	1182470.375	1257641.875	1105564.125	1095616.625	926827.4375	1007768.3125	942915.375	975570.9375	981387.25	1078184.875	974420.3125	1017983	986258.9375	987456.375
P10371	2809787.75	1285202.5	1298580.875	2486471.75	1298240.5	1250841.875	1177459.75	1239410.25	1301140	1302754.375	1330429.75	1276306.875	1137318	1297782	2768293.25	3231284.25	2667239.75	3649133.5	2830562.5	2644397.5	2686195.75	2798435.75	2708184.25	2817200.25
P10378	2696832.25	2032472.125	2089779.25	2082274.875	1418832.625	2345451.5	2367233.5	2427607	2582867.25	2283727.25	2171144.25	1489228	1406056.375	2146965.5	2040750.125	3324299.5	2854753	2580989	1938913.75	2851082.5	2351773	3335896.5	2236704	2806719.75
P10384	776344.875	2202098.25	2364118.5	650091.125	2082133.625	2825819.25	2365456	2419490.25	3014871.75	3074740.75	2604297.75	2070332.375	2115074.75	2250405.75	768313.9375	674060.75	835486.8125	750441.1875	841529.4375	786516.6875	715512.125	662727.4375	705507.625	801776.9375
P10408	7878780.5	6958788	6779725.5	7629686.5	7229526.5	5872783	7376520.5	6377539.5	6745188.5	5937554.5	6197682.5	7252442.5	6636999	6298498	7609939.5	7578003.5	7246695	7984028.5	7900754.5	7567168	7907904	7712902	7821569	7759836.5
P10441	918274.5	1124829.375	1020709.625	965927.875	1171917.25	1113003	1131836	1148093.375	1161724.875	1140384.75	1140860.875	1108349.75	1130439.25	1157929.25	936609.75	1030668.75	868736.4375	954505.6875	964655.6875	929917.625	906686.625	925481.6875	906582.5625	892315.125
P10442	219131.796875	143693.96875	162148.296875	187949.71875	96192.2890625	170467.8125	120421.8359375	118462.2578125	187835.828125	183143.625	184230.421875	118166.8515625	88912.625	154940.78125	218314.9375	196104.78125	209496.734375	210707.078125	210613.3125	219125.171875	218188.609375	212799.015625	209543.09375	225866.609375
P10443	260109.1875	222217.890625	232387.015625	258649.0625	228292.765625	212409.75	220248.015625	212389.125	197684.3125	210605.234375	209897.84375	219304.21875	238214.125	215054.921875	284472.9375	241400.546875	268147.84375	296431.78125	261832.59375	237086.15625	262142.421875	256111.71875	276570.0625	283169.75
P10902	913477.1875	822492.3125	764280.0625	1024608.5625	778711.8125	727235.6875	753849.875	858569.0625	728155	705948.4375	755805.25	741758.625	701156.25	845565.5	901436.625	805477.5625	895194.1875	865568.25	967345.3125	945646	909718.8125	970966.4375	909473.3125	862623.625
P10903	22457.21484375	5607.09912109375	6933.6806640625	24702.13671875	NA	13338.2490234375	7348.580078125	9525.9208984375	15462.0419921875	9535.8212890625	11586.8095703125	5266.51513671875	NA	19450.44140625	19501.9921875	7681.86474609375	15405.470703125	10168.2958984375	21386.70703125	20926.85546875	17068.17578125	15361.9453125	19359.615234375	19706.84765625
P10907	155133.828125	315310.5625	354719.0625	133784.890625	238986.234375	306756.65625	287297.34375	281971.90625	336012.625	280085.84375	247343.296875	232265.109375	225290.9375	279394.4375	129729.7734375	114520.015625	141310.53125	141183.6875	114904.1484375	141393.6875	151594.859375	138578.421875	109379.515625	163370.453125
P10908	334344.1875	498983.375	476587.9375	325443.40625	425671.3125	507510.71875	495676.34375	519192.21875	535016.75	538779	526240.1875	450062.9375	491828.15625	476826.875	351635.4375	345953.5	361787.6875	362200.78125	334588.4375	333931.90625	331859.1875	362674.21875	344659.1875	344095.15625
P11071	105058.8359375	161503.390625	164505.625	98459.09375	183789.15625	105848.84375	172350.328125	145389.75	168737.546875	130779.6875	124471.2734375	162137.875	155971.515625	127108.578125	91485.078125	98295.453125	100679.2890625	118431.59375	99188.3359375	100739.7421875	96624.9375	112145.265625	112405.078125	116883.28125
P11072	67199.78125	31391.650390625	85470.328125	56176.05078125	52178.96875	42476.66796875	45267.65234375	44839.47265625	39071.08203125	43979.21484375	NA	67875.5078125	63566.5625	61148.71875	NA	46099.828125	40876.2421875	47618.609375	44181.70703125	27727.412109375	37813.859375	25968.28515625	40958.3125	37779.9609375
P11289	6335.1044921875	10155.4560546875	9502.650390625	4017.328369140625	6378.0693359375	12015.8037109375	7825.072265625	9647.4375	9674.1328125	12214.2763671875	10094.4990234375	7410.2568359375	7382.34814453125	11022.0224609375	5883.09423828125	4362.09716796875	6126.64208984375	5203.5380859375	5249.931640625	5906.85400390625	4563.05419921875	5323.85986328125	4344.24755859375	4944.7080078125
P11349	762724.9375	282352.53125	270158.03125	1020199.25	297028.96875	283331.375	289757.03125	255433.875	252383.5	237860.140625	282661.5625	285181.3125	315640.875	300155.75	663942.4375	625231.125	638820.375	495661.34375	670100.5625	736274.875	794825.0625	789206.875	844948.875	664645.25
P11350	43508.06640625	NA	34300.57421875	45162.4609375	11796.5576171875	NA	11458.4365234375	13803.48828125	7307.35546875	10688.5166015625	12097.765625	10880.62109375	12169.91015625	6351.1748046875	19629.62890625	21035.87890625	21609.162109375	23831.021484375	16047.0966796875	42959.8671875	23389.98828125	30392.53515625	35439.671875	32736.794921875
P11446	1184349.5	1070933.75	991052.125	1368519	1248263	846374.4375	1031929.375	972449.8125	895848.9375	823611.1875	753263.375	1159599.125	1079836.125	905146.0625	1272392	1369862	1267984.875	1306437.75	1371533.25	1208853.75	1248072.625	1315440.75	1301512.5	1212327.375
P11447	9526210	6946569	6834045.5	10296912	7803904.5	5942653.5	6352816.5	6114723	5602153.5	5756241	5679929	7120683.5	6890676.5	6161581.5	9746886	10259120	9568541	10031647	9921373	9388579	9188293	9759092	9917099	9328134
P11454	3345745.5	2047504.25	1979502	2346134.25	1319769.375	2207706	2274932.5	2405223	2632649.25	2457100	2224478.75	1385022.75	1304516.875	2562688	2603850.5	4279975.5	3547623.5	3541629.25	2595523.25	3483210.25	2850020.75	4305773.5	2900539	3468744
P11458	951016.75	1118934	1129566.625	1153036.375	909489.4375	1019566.625	1104231	1194028.875	1031012.625	1086681.375	1218394.625	972136.9375	821530.9375	1257375.75	959910.5	940727.3125	989037.125	939901.4375	1117741.625	1076814	1032514.4375	1105019.5	1092560.875	970395.5625
P11557	1274226.25	1432765.75	1202586.625	1464385	1406138.875	1241312.25	1200689	1441659.875	1247081.875	1394450.875	1389843.5	1299323.875	1439434.625	1366221.25	1482820.25	1524481.375	1421676.5	1372063.5	1325624.25	1325315.5	1325015.5	1295984.5	1426055.125	1253731.875
P11875	3939975	3331975.5	3301579.25	4062304	3733701.5	2634842.5	3210146	3073109.5	3175823.75	2799940.75	2871472	3396997.25	3377507.5	2929256.5	3995939.5	4167432.25	3884518.75	4201810	3942534.25	3913763.25	4085558.75	3991204.5	3985447	3885037.75
P11880	329141.3125	266358.03125	272847.375	326137.71875	286426.40625	225645.59375	276038.84375	247772.796875	266481.6875	239506.265625	219952.328125	279650.15625	268992.4375	229651.40625	348276.375	344660.4375	331410.0625	361416.5	331226.75	341533.6875	359865.5	351095.375	334475.6875	344199.875
P12008	1324445.25	1406799.25	1340025.875	1363290.25	1288783.5	1390821.125	1377875.25	1305474.25	1378006.5	1390523.25	1393623.625	1339920.5	1345979.625	1429000.125	1387404.25	1308997.875	1427011.125	1449968.75	1398115.125	1351513.5	1382513.75	1321752.75	1369961	1343191.875
P12281	1490836.375	1362573.75	1385587.25	1520162	1461043.75	1448876	1319783.625	1284700.25	1328089.125	1388800.375	1333690.5	1496701.125	1482999.875	1316525	1489295.625	1422186.625	1447033	1439599.5	1432296.75	1456145.5	1436613.5	1499150	1515634.75	1456051.375
P12282	59766.48046875	58690.71484375	63613.93359375	62806.05859375	64744.1640625	52272.109375	60228.546875	45713.21875	58811.875	52165.234375	49829.40234375	62464.953125	64476.74609375	53320.38671875	54038.19140625	61495.859375	47301.3046875	58693.8359375	52882.1796875	51314.2109375	50464.484375	58862.81640625	49209.69140625	48508.76171875
P12295	346966.875	258087.28125	269756.9375	362745.03125	319752	225045.953125	323233.84375	306236.28125	261504.890625	289703.125	283320.4375	317341.8125	322811.84375	263699.9375	348270.03125	377494.09375	361815.75	389419.75	397546.8125	372831.96875	371437.1875	380176.9375	388397.65625	345311.5
P12758	5380295	5269841	5210913.5	5730771	5184671	5135999	5628918.5	5064682	5324399	5216467.5	4860521	5408544.5	4935455.5	5046521.5	5200131	5679764.5	5036600	4935574.5	5340712.5	5505416	5410567	5307169	5346171.5	5092637.5
P12994	463585	603624.625	636560.125	425383.46875	538003.875	802751.4375	612758.875	604993.625	746439.125	726809.1875	752667.5625	535018.625	563602.125	670736.0625	426629.84375	459577.34375	488606.6875	432069.1875	438446.3125	431067.75	431289.25	459493.90625	424601.8125	466693.84375
P12995	499121.125	535690.9375	515479.53125	455127.21875	573401.1875	489498.6875	530689.625	495951.25	578908.9375	534489.4375	473022.5625	532274.6875	508992.75	523336.71875	496924.4375	499308.9375	543265.0625	472825.8125	468519.03125	521381.1875	503315.375	558276.625	493243.375	544555.125
P12996	419745.25	287780.3125	259101.296875	351894.5	315966.5	364838.25	232427.4375	252765.90625	296875.1875	324852.78125	294351.3125	311331.96875	292972.875	278364	435149.5625	369183.71875	506507.1875	363551.5625	432808.875	403017.78125	465092.21875	418196.1875	413730.71875	471970.5625
P12998	86089.125	55292.4765625	59973.671875	79331.375	60278.85546875	68035.7265625	62014.9609375	57968.2734375	68245.828125	59492.140625	67675.1171875	51603.984375	49755.25	54630.16796875	77130.1875	68210.609375	87190.1640625	75410.1796875	81540.015625	88463.34375	82711.3828125	87169.5859375	79472.2890625	91253.84375
P13000	520280.21875	506844.8125	502704.0625	509526.21875	412478.5625	553961.4375	436816.28125	491935.71875	532848.625	550860.75	534685.0625	428306.40625	437759.5625	513186.21875	512029.4375	511570.125	581699.625	473505.375	494582.6875	538329.8125	570224.0625	528645.8125	538170.875	580919.3125
P13001	147681.0625	125488.2578125	127928.9765625	149243.46875	142383.625	103416.7265625	137101.890625	118049.59375	124363.15625	113254.9921875	99829.2890625	137049.09375	123517.171875	115035.1875	167741.40625	156623.921875	147447.046875	161053.234375	157031.96875	157869.84375	145871.96875	154833.96875	159415.359375	157309.40625
P13009	7846320.5	5401722.5	5266612.5	7877344.5	5366219	4712029	5250844	5234442.5	5310008.5	4952679.5	5064789.5	5723032.5	5306305.5	5289616	7561990	7315861	7546586	8266869	8050919	7405147.5	7730166	7813199.5	7870721.5	8129830.5
P13016	169657.453125	208083.953125	216034.6875	195543.46875	204788.34375	195003.46875	207060.109375	215754.640625	213534.21875	212947.78125	205344.71875	199586.9375	230356.71875	209575.625	170129.328125	166983.796875	166475.28125	175545.828125	179095.15625	157568.734375	166858.8125	176068.203125	182343.21875	154321.5
P13024	618564.1875	990527.9375	974989	630979.9375	900231	1120135.875	986050.8125	1077774.125	1060682.375	1059034.125	1054420	926121.125	989813.25	985480.75	629731	543758.625	664091.25	605169.3125	612546.9375	580945.625	603843.0625	625055	610106.125	622554.375
P13029	14044866	11093056	10993912	14260842	9975331	9566029	10616916	10851316	13097527	10438815	11196758	13024862	11387089	11365004	11060526	10957115	10832156	12503383	13674498	11108779	12199345	14278763	16148769	14076844
P13035	159294.03125	160839.90625	144690.8125	191266.703125	139796.796875	154604.109375	147742.90625	132416.703125	175701.953125	148537.4375	156543.8125	133160.765625	117581.3671875	133294.171875	82366.0390625	93581.3046875	101998.1015625	94312.375	75543.4921875	98124.5	98261.734375	78431.71875	50260.3203125	75653.3984375
P13036	9756.9453125	NA	6489.7998046875	9443.435546875	NA	5809.8388671875	7099.93017578125	6689.29296875	10236.4619140625	8041.19384765625	6536.94873046875	4121.1171875	9535.193359375	9736.7490234375	16959.9296875	10742.759765625	17334.748046875	13007.6875	14728.9677734375	9877.6689453125	10198.796875	13280.701171875	13856.974609375	8179.2783203125
P13039	293276.1875	148141.765625	161645.921875	198518.953125	78829.3203125	190670.09375	168215.546875	198610.859375	207621.21875	219084.6875	205230.96875	87269.140625	81870.09375	226761.984375	217863.265625	334795.875	317279.375	272163.21875	209454.171875	292181.53125	260819.15625	331291.53125	241333.34375	263402.15625
P13445	283795.15625	295054.71875	323737.34375	332995.5625	216253.46875	236700.671875	244631.46875	281904.09375	295466.0625	296201.65625	303031.625	226418.640625	191024	326867.15625	180302.75	147183.609375	201779.515625	178098.21875	162871.9375	157770.953125	180060.046875	113575.9609375	121384.1328125	163941.890625
P13458	852760.8125	947643.875	860706.75	828491.3125	970466.1875	925980.4375	957880.375	1073733.625	1018535.3125	938142.125	925377.4375	845360.125	969294	931531	939042.3125	829889.25	816620.9375	887914.25	864708.625	885774.5625	819966.75	832225.375	945977.125	770965.9375
P13482	843032.4375	1809852.125	1872143.375	791303.5	1597636.375	2471790	1772330.25	1939254	2356890	2383195.25	2354308	1626606.625	1591720.375	2104703.25	902327.9375	777279.6875	1007023.1875	813344.5	905010.875	866043.625	792001.8125	828272.6875	808212.125	870866.3125
P13518	65773.7890625	69299.875	72722.515625	50849.60546875	103394.3984375	58409.2890625	94763.328125	75475.4765625	70999.9296875	65919.6328125	60806.41015625	86678.5625	93999.1015625	61017.73828125	55751.76953125	57749.828125	46867.359375	58135.7578125	47815.78515625	45911.046875	65054.08203125	58047.56640625	51778.46875	58589.5859375
P13669	71493.1171875	110886.765625	105996.2734375	81732.1171875	81410.390625	105281.5234375	96721.9140625	97056.0859375	87899.3515625	95348.59375	97514.640625	74070.0078125	81408.7578125	67778.34375	77975.9765625	70801.3828125	60319.77734375	76615.7265625	77782.96875	77990.328125	72600.234375	84811.296875	69944.8046875	72935.0859375
P13857	55004.015625	90601.9765625	94052.953125	60552.1328125	94621.9921875	91924.5625	81471.0078125	88410.8515625	76383.8828125	93359.8984375	84725.46875	87997.65625	93157.96875	80362.671875	55736.640625	33411.80078125	53615.671875	53167.90625	48650.484375	50781.734375	56193.8125	52790.73828125	47951.8125	46953.4609375
P14081	1201664.375	985124.375	974885.6875	1196948.625	938608.5	895633.5625	1066170.25	976175.375	1049389.75	985272.4375	1000087.0625	1009245	854280.8125	965647	1179475.375	1153174.75	1157886.375	1266380.5	1208535.25	1218176.75	1180344.25	1254907.125	1222841.875	1182706.875
P14175	9941428	6193924.5	6740347	8850968	5250164.5	7873053.5	7366306	6325146	8362589	8016331	7405708	6424908.5	4607407.5	7196963	10041418	9740103	10971501	10007054	10167865	9795120	10069601	9929976	10072171	10830366
P14176	902044.5625	392166.09375	449503.46875	678791.625	317637.5625	554298.5625	574541.1875	459209.1875	656309.25	617526.5	560730.1875	445771.4375	330054.625	522470.875	766889.75	566323.9375	713596.75	692758.375	659225.875	653792.4375	760541.3125	741846.5	682447.9375	928858.5625
P14294	178289.109375	154456.015625	161649.125	174045	154958.625	127571.4453125	168411.46875	129738.1015625	138498.78125	142000.140625	124859.390625	161708.71875	138697.6875	118685.2734375	167258.578125	172072.0625	157523.1875	179795.328125	171163.6875	174263.796875	170057.265625	169095.921875	175845.859375	179818.140625
P14375	110694.921875	129324.8046875	135433.953125	108638.984375	142002.109375	126748.1015625	151083.734375	121551.796875	124966.3125	134421.921875	135964.453125	124399.3984375	141644.25	126492.109375	101286.2421875	146192.328125	82803.3828125	121252.90625	96998.6015625	107670.046875	87029.2734375	107315.453125	107723.3671875	92567.375
P14407	274002.40625	112418.6484375	82562.4296875	350115.90625	154424.640625	71614.7265625	95851.5390625	114369.3125	71328.1484375	93772.0390625	73026.96875	111268.953125	172386.546875	93632.3671875	250113.359375	282225.53125	194851.65625	245690.671875	279409.125	224343.875	250881.875	303105.09375	298634.75	184210.1875
P14900	644193.9375	640795.8125	654125.9375	658748.1875	676945.4375	631384.0625	641868.4375	633073.0625	639569.0625	647425.3125	628318.4375	598170.25	618420.9375	691145.4375	610789.125	678565.375	572869.25	648478.9375	612378.6875	662126.5	621008.25	642805.6875	625966.25	657729.6875
P15005	122624.40625	71741.8046875	77220.2421875	118725.2421875	67308.6796875	61518.67578125	100375.890625	75387.1015625	102007.6953125	110063.5625	48204.27734375	73909.8671875	71817.5859375	65723.90625	110853.515625	115882.6484375	103716.28125	134696.984375	99216.9609375	113534.328125	129945.671875	100319.390625	136943	98494.359375
P15006	NA	NA	NA	10177.3056640625	NA	NA	3676.44189453125	6711.41162109375	NA	3293.101806640625	NA	NA	4819.6884765625	NA	NA	8349.3681640625	NA	6965.990234375	8150.0947265625	NA	NA	NA	NA	7091.3876953125
P15028	9300.3115234375	9025.404296875	6878.2255859375	5362.87841796875	5694.11962890625	7922.154296875	9607.9248046875	9746.869140625	9062.900390625	11071.3876953125	10542.306640625	5274.7138671875	6541.63720703125	9487.7529296875	6879.2177734375	10169.2001953125	5974.44580078125	9135.1103515625	6095.70166015625	7723.05615234375	4440.95458984375	4448.7744140625	5819.1533203125	6727.64892578125
P15034	2682950.75	3778520.25	3576666.25	2894841.5	3793025	3680222	3675408.5	3615149.5	3615339.25	3643739.75	3688368.5	4046589	3816003.75	3593795.25	2782380	2722460.5	2731147	2888836.25	2770537	2766827.5	2707779.5	2756135.5	2877943	2578103
P15038	687828.5625	660724.9375	630388	687979.3125	704554.8125	481525.875	716743.875	620278.375	671993.25	606257.375	542998.0625	699953.125	677567.5625	604383.4375	702932.5	724687.75	636061.375	796584.9375	737322.6875	727424.0625	671629.375	718401	734009.5	710775.375
P15042	1260323.25	1303079.125	1272370.875	1285170	1282500.375	1188048.625	1177108.25	1257271.25	1171295.625	1257026.5	1220145.75	1156271.75	1255545.75	1238717.5	1245846.375	1229684.125	1230790.875	1274255.125	1267292.5	1195984.25	1205302.875	1238921.25	1231405.25	1230915.75
P15043	78888.9375	79479.9140625	76654.09375	86400.3359375	77566.6328125	66219.3828125	91931.6484375	79737.140625	80051.921875	84637.8203125	74054.1171875	90852.4453125	100671.2890625	65546.7734375	56700.640625	79882.34375	62345.69140625	88955.0625	72063.6796875	69794.609375	76075.53125	28553.833984375	72310.3515625	60459.34765625
P15047	1527150.25	1300127.75	1336819	1172725.375	864232.5625	1493628	1426121.375	1486725	1558525	1509605.375	1359686	798641.5	875315.6875	1451252.75	1232668.75	1975287	1672737.625	1475650.25	1119153.875	1725001.25	1376576.25	1915130.375	1360950.625	1587464.75
P15067	1061438.75	1219108.125	1159811.375	1073528	1357772.625	924820.0625	1205158.5	1168454.5	1049185	1099917.375	1007928.125	1360430.75	1370374.625	1098983.5	1030584.5	988226.9375	976144.9375	1058391.375	1142782	1026054.3125	1009121.125	1063854.5	1097317.75	997625.1875
P15070	NA	34712.0546875	38256.5859375	NA	24114.51171875	43761.81640625	44907.1875	54215.625	25238.005859375	46286.54296875	39337.6328125	14686.5029296875	20352.185546875	43709.6640625	NA	NA	NA	NA	NA	NA	NA	NA	NA	NA
P15078	399215.5625	4562757	4960760	257017.328125	4190129.75	4521637.5	5279937.5	4683238.5	5694479	5389872	5234711.5	5835051	4857401	4565507	297012.375	267514.53125	320292.03125	322208.25	277071.5	246687.234375	286769.9375	275852.125	252153.234375	313023.15625
P15082	70154.875	98363.9921875	72999.171875	63815.58203125	106643.0546875	95815.5	82588.0859375	107083.8671875	88200.828125	77187.734375	79533.4453125	101421.421875	103676.90625	86031.71875	58645.3671875	67075.7890625	59886.2109375	54629.85546875	55399.87109375	51533.03515625	51875.65625	57117.48046875	51041.20703125	60136.44921875
P15254	16042872	14789213	15194696	15886916	13695863	15949720	15929589	14568872	17230770	15228899	15320404	16188111	14494875	14831471	15495779	15393199	15764193	16174050	16826986	15493114	15467671	16207971	16638371	16385935
P15286	23746.0234375	12225.4951171875	20857.34765625	20998.51171875	14418.875	13317.42578125	20071.6875	11527.0166015625	22741.748046875	18106.60546875	15153.931640625	17860.255859375	13214.1298828125	13938.9580078125	19190.25390625	17297.904296875	19165.13671875	20945.6953125	15338.43359375	13514.080078125	22852.814453125	17546.318359375	17342.787109375	22709.123046875
P15288	4637165	5193931	5281390.5	4906676.5	4953712	5451984	5555571	4927796	5343318	5097472	5396914.5	5213046	4781832.5	5184014	4942846	4846748.5	4821274	5030962.5	5076519.5	4713500	4704652.5	4705842.5	4941642	4678337.5
P15373	69406.59375	93957.828125	97062.5546875	86106.5390625	93460.1640625	111652.9609375	88588.421875	100763.640625	85316.5703125	102410.8046875	104864.1015625	72141.765625	99285.2734375	94946.3984375	78739.9140625	79219.203125	78589.34375	71211.8671875	65829.3125	80484.0859375	71103.859375	79578.328125	77371.6171875	67505.046875
P15639	15636145	11659017	11946446	15078139	11696938	12264037	13058132	11603636	12880869	11753884	11913894	12387449	10758781	10906495	15126254	15161339	15254360	15381728	15303341	14878154	14693169	14996272	15228320	15224361
P15640	4040770.5	3542696.25	3864848	4032576.5	3017069	4215959.5	3638694.25	3432389.5	3893366.25	3715978.5	3757376.5	3283415.75	3134272.75	3533877.75	3980505.75	3977345.75	4036412.75	3831943.5	3953270	4001965.5	4060935.75	3960744.5	3985320.75	3932485.75
P15723	188514.09375	234513.65625	209870.09375	181387.015625	222137.125	214679.625	232119.875	209018.125	220473.453125	193853.734375	206295.609375	203943	196029.28125	217611.734375	209965.3125	194231.765625	209378.015625	208096.15625	206404.78125	193186.953125	176428.953125	203273.296875	205473.9375	198871.125
P15770	624606.4375	578689.5	541975.375	621338.5	576075.625	581912.875	524178.84375	531997.375	503232.5	522735.03125	566231.9375	569976.375	548187.5	545058.25	628749	650761.0625	655619.0625	638139	598226.5625	658099.875	650348.5625	661608.25	595868.1875	651668.125
P15877	2191356	986928.6875	1005620.3125	1938104.375	768156.1875	1206717.5	1044005.25	939269.1875	1327708.75	1137225.75	1135738.125	1139687.25	1071819.125	1070728.75	1563088.625	1503867.25	1747333.125	1987036.75	2005478.5	1523056.375	1553792.5	2010258.375	2178529.5	2200614.25
P15977	767891	543015.6875	503312.28125	747300.5625	432406.125	458139.46875	490503.21875	492289.34375	553866	496114.65625	495383.4375	458447.96875	462968.78125	478036.5625	722085.125	741585.25	716418.75	765774.25	779053.3125	745404.1875	747757.375	804639.75	753273.0625	779631.1875
P15993	134107.71875	102375.3984375	121155.1875	129352.078125	73328.6171875	121356.8828125	122934.6484375	106024.7265625	133377.515625	120447.765625	129903.5703125	114680.1640625	92868.1328125	121834.578125	116443.5390625	92433.0859375	105343.8359375	115320.0859375	117791.4609375	110708.578125	101826.640625	96892.65625	100846.859375	111936.7734375
P16095	173883.359375	275304.96875	243004.5	181856.078125	294156.40625	182140.8125	251326.484375	270547.65625	214656.5625	231596.953125	244278.921875	295700.96875	318540.21875	269178.25	161617.203125	163145.46875	182050.625	176594.40625	157189.3125	169553.96875	195568.0625	192474.0625	188680.203125	181046.546875
P16384	343505.09375	281819.9375	293122.5625	330859.5625	284462.8125	286557.28125	276671.125	301638.125	299266.9375	299072.15625	301047.59375	254530.9375	257666.015625	289869.65625	332252.34375	340263.90625	345894.5625	345384.4375	332710.125	341070.5	356130.5	349365.40625	358561.75	346245.34375
P16431	52362.9375	4365.607421875	NA	14762.8037109375	19636.927734375	22094.64453125	22430.904296875	19242.236328125	NA	17059.26953125	NA	31463.689453125	16655.083984375	21603.83984375	31536.455078125	10991.083984375	5385.53076171875	16250.2392578125	36270.13671875	30374.00390625	35078.27734375	40116.984375	50184.69921875	33894.36328125
P16456	3615118.5	5403343.5	4959282	3825074.75	5578174.5	5051069.5	5027455	4986346.5	4831097.5	4894809.5	4868526	5017679.5	5069736.5	4841802.5	3661645	3888284.5	3503248.25	3713852	3737814.5	3651193	3577134.5	3576091.25	3637459	3384648.5
P16525	89205.9453125	73466.390625	74369.015625	89066.4921875	68532.4765625	63865.14453125	80626.734375	68405.6015625	81131.4296875	68830.4765625	55174.48828125	64472.3828125	68918.3125	57437.83203125	95489.140625	85922.78125	95681.625	89094.1171875	90065.0234375	99661.328125	103167.140625	97405.6796875	88125.3984375	93436.296875
P16528	32782.515625	15876.89453125	27069.2734375	27731.65625	23555.99609375	17000.03125	23113.029296875	21009.59375	20859.412109375	20602.90625	15282.9140625	18980.708984375	19628.078125	17458.99609375	27535.994140625	34736.79296875	25208.4609375	26382.146484375	28900.630859375	26720.17578125	27891.947265625	23606.33203125	25543.1015625	27101.56640625
P16659	8837287	8024811	7836636	8735293	8299664	7031109	7831671	7659949.5	7396562	7205384	7318909.5	8467424	8300240	7280220	8593166	8820834	8406107	9064774	8783768	8743693	8727582	8749325	8600334	8656251
P16676	1496839.625	1038563.25	916999.375	1463299.875	1180729.75	1031732.6875	1120428.625	1142489.125	1196791.375	1127036.875	1046011.6875	1177386.375	1228884.25	1143612.875	1779132	1682990.125	1925996.875	1681710.625	1691405.625	1682686.5	1676006.75	1811959.875	1824033.25	1937204.375
P16681	56839.328125	206038.796875	196012.375	37474.546875	170609.359375	286010.03125	217824.59375	191274.171875	261086.421875	260875.34375	284167.6875	176943.984375	208044.375	253717.234375	69382.46875	52330.0703125	69713.1171875	64194.109375	59069.8828125	64922.8203125	46702.09375	57027.9375	66424.7109375	43720.19921875
P16691	19134.86328125	31024.9765625	24885.818359375	25768.029296875	25072.58984375	33423.9296875	32999.0703125	30466.494140625	42865.36328125	39142.81640625	40193.10546875	30810.0078125	30320.900390625	32363.626953125	28014.140625	31014.60546875	36765.7578125	27533.84375	24310.3671875	32609.724609375	23885.728515625	21677.720703125	26725.74609375	22701.83203125
P16692	4746.3837890625	5739.99755859375	5829.0498046875	4030.260009765625	6398.3349609375	6981.947265625	4353.23681640625	4957.02587890625	5397.02197265625	5898.54443359375	5405.67138671875	5069.728515625	5909.5146484375	4447.02783203125	4597.7900390625	4024.412109375	5117.09375	4728.2548828125	4714.43408203125	5278.92578125	5684.203125	4755.123046875	4563.8837890625	5876.0068359375
P16700	9072496	10354557	10386819	9028274	10389361	11912643	10157770	10830223	10390760	11074831	11183033	10514349	10934982	11282762	9469094	9075105	9778240	8905078	9745780	9609988	9483440	9476161	9650669	9504588
P16701	39024.1875	NA	NA	45091.28515625	NA	NA	50847.9609375	33201.21484375	12448.5380859375	27177.6484375	22344.298828125	26018.09765625	26826.013671875	27507.947265625	30255.18359375	16284.591796875	NA	16099.5341796875	26798.779296875	22282.033203125	18761.54296875	NA	23907.857421875	32726.029296875
P16703	2194890.75	2123684.5	2049276.625	2260747.75	1969825.125	1950002.625	1882484.875	2131070	1798890.25	1998392.875	2035623.875	1924352.625	2084793	2093721.125	2158786.25	2161452.5	2302617.5	2086134.125	2178095.5	2168628.25	2217778	2226820.25	2187370.25	2261399.5
P16869	487239.09375	353331.34375	343161.53125	419296.53125	275354.84375	416454.09375	404807.09375	418700.53125	414480.09375	433755.5	392010.25	223768	276719.21875	447263.40625	443794.65625	595318.5	572064.375	512320.78125	413717.09375	489587.59375	474065.75	559619.6875	455300.40625	520246.53125
P16926	532588.375	366170.4375	367784.28125	514664.21875	391206.65625	360089.09375	414604.875	342625.875	437636.9375	379126.96875	362404.1875	391069.03125	343085.3125	362367.875	518858.59375	513432.9375	516091.375	556186.4375	529024.25	523156.8125	576356.25	520488.3125	558058.8125	510527.6875
P17109	104408.6171875	82968.7265625	92412.15625	107846.78125	63130.0859375	73754.2109375	91277.703125	71545.8984375	85969.796875	83455.6015625	94126.2265625	66074.1640625	80604.8671875	94853.1171875	92002.9921875	92517.96875	90829.1875	90922.3671875	91717.3359375	90348.9609375	90700.203125	102222.046875	97036.4140625	97078.9921875
P17115	546731.875	729226.5	727436.375	602338.625	761716.875	662357.8125	747920.75	661179.6875	682744.125	677317.125	672844	675790.875	752806.4375	672037.5	531085.1875	632104.25	535225.125	561381.5625	528610.9375	591021	636306	600156	572034.375	543837.1875
P17117	805963.5	803721.25	770228.0625	796418	792208.5625	850100.375	784604.8125	791884.75	839896.625	854906.5625	840948.8125	752571.4375	672577.3125	762783.3125	828850.25	871815.875	826214.1875	860495.125	831149.25	867676.8125	827451.875	842507	822925.5	850027.1875
P17169	6063218	4194331.5	4101683	6445523	4316634.5	3365643	4691110	4104234.25	4339901.5	3727972.25	3643667.25	4670325.5	4178539.75	3932110.5	6285779	6254461	5888043	6407506.5	6289790	6375583	6427468	6276747	6502717	6125251.5
P17315	10435619	8697832	10066664	8705927	5710403.5	11311205	11301574	12664881	11412507	10105990	8892328	5412217.5	5645378.5	8632322	7033637	14163540	11246319	9667051	6326091.5	11438495	8476703	14545162	7955252	11249689
P17443	563715.375	612939	600698.4375	554444.375	574571.3125	578148.6875	581856	578377.875	583082	600638	581810	565225.25	580941.75	551365.3125	559308.4375	548914.25	551019.125	550313.25	541499.8125	551908.125	563739.875	561768.5	566919.0625	524609.1875
P17444	370.19622802734375	213.38555908203125	NA	309.1547546386719	292.4733581542969	639.32769775390625	429.94879150390625	221.90478515625	289.7158203125	374.9844055175781	541.573486328125	377.28289794921875	NA	NA	494.318115234375	254.14649963378906	491.52734375	527.9786376953125	665.8192138671875	231.2137451171875	NA	NA	161.89315795898438	199.44461059570312
P17445	539533.875	630746.9375	625975.625	520410.8125	617005.6875	622997.0625	646509.1875	573639.125	655075.8125	600393.8125	620053.3125	623623.3125	598917.6875	544039.9375	546571.0625	558507.125	572418.9375	618851.125	584264	584810.375	497059.84375	562273.25	534967.5	556650.9375
P17446	3425.392822265625	13500.90234375	15838.3994140625	3305.55029296875	8113.65087890625	13776.666015625	11226.087890625	7317.7626953125	11569.96875	11584.1787109375	10282.267578125	5329.5302734375	10794.5615234375	15678.1328125	6258.69287109375	6177.0087890625	10888.728515625	6834.48193359375	7262.27294921875	5973.830078125	8291.603515625	9076.791015625	7157.6796875	3702.943603515625
P17802	19772.4609375	135.0089569091797	10821.3544921875	12904.0224609375	7480.88134765625	NA	13099.5185546875	12367.2109375	6085.27099609375	7404.32275390625	12868.953125	11299.7099609375	5167.302734375	6906.3720703125	14282.0166015625	9756.2392578125	10268.779296875	15088.3427734375	10023.359375	13585.7861328125	14161.7490234375	14093.6123046875	7166.7119140625	11236.244140625
P17846	9469858	8105346.5	7551281	9941196	8321454.5	8753193	7861343	8118475.5	7598683	8166076	8059696.5	8723711	8890699	8306645	9945275	9101642	10004361	9299963	10317048	9120662	9635185	9453578	9791091	9780281
P17854	2569446.25	1968603.5	1935379.125	2765691.5	1774304	2483105	2057081.25	1953306.25	2126741.5	2199265.25	2417317.5	1903170.625	1882964.125	2284319.5	2738640.5	2337376.25	2786082.75	2480726	2752372	2446814	2647549.25	2474299.25	2682731.5	2558536
P17888	340894.34375	376032.46875	368284.0625	325254.15625	301895.1875	307700.8125	346856.09375	289406.03125	347597.6875	344603.78125	333016.625	332757.03125	366743.5625	327038.8125	309844.65625	313687.96875	336804.46875	337291.78125	338722.46875	328818.46875	324461.875	342143.375	343696.03125	361478.0625
P17952	862529.25	751403.125	708719.3125	824556.6875	713773.25	751037.625	703266.1875	721770.125	775395.125	691544.0625	723107.875	660162	705033.625	742831.6875	883286.375	867020.6875	862676.4375	869669.125	930786	907644.9375	821319	863823.3125	872011.4375	850465.25
P17993	1431478.125	1428654.125	1388888	1485893	1394152.25	1410185.375	1331695	1464068.375	1313053.125	1429799.5	1446856	1310488.25	1450553.125	1432954.5	1502283.375	1520277	1487190.25	1453747.25	1476453.125	1497943	1497677.25	1458302.625	1496969.75	1442932.5
P18133	2787394.5	2326130.25	2364174.5	2784965	2483091.25	1713479.125	2587062.5	2255830	2349619.25	2077959.375	1998289.5	2547717.25	2633266	2167618	2758073.25	2766089.5	2700923	2825765.25	2767995	2687925.75	2843018.75	2793030.25	2811636.75	2708467.5
P18196	521953.03125	498801.875	523048.875	510593.8125	493856.8125	511021.75	481123.65625	526696.125	492508.4375	505282.96875	516792.78125	476575.28125	510996.09375	506912.5	493232.9375	512277.125	493622.34375	513841.9375	498256.71875	471788.96875	508253.46875	485468.375	515501.84375	479528.40625
P18335	7543374.5	6230297.5	5812451	8058566	6672439	5144876	5749382.5	5546267.5	4935469.5	5158680.5	5036687.5	6219344	5572586.5	5111809.5	7532426.5	7911383.5	7516348.5	7601138.5	7587178	7824571	7888327.5	7994092	8053353.5	7943313
P18390	152554.265625	184709.328125	191911.296875	159134.8125	179712.90625	235983.34375	171287.0625	180057	194154.9375	186047.578125	204375.6875	154334.84375	173863.765625	187128.765625	157220.84375	141541.546875	156897.15625	129496.828125	132908.9375	136874.84375	132631.5	118424.203125	124797.28125	138243.8125
P18392	61156.171875	46078.94140625	58069.5078125	54110.93359375	45078.9765625	46661.62109375	45326.46484375	41867.79296875	62222.265625	48025.46484375	37784.81640625	42221.05078125	49024.29296875	36729.6171875	39672.9921875	58086.2578125	46937.09765625	53194.7734375	42522.2109375	50215.7265625	43733.79296875	47160.515625	52949.6796875	45404.83984375
P18393	90101.1640625	81773.5859375	78367.65625	64416.7578125	43551.68359375	99186.3671875	62684.5859375	92115.5	82907.015625	100294.0703125	100572.65625	39122.78515625	31305.1796875	105973.4609375	85879.046875	144897.6875	114570.765625	89340.7890625	71182.765625	96884.3828125	83855.28125	111725.8515625	79164.265625	89674.2421875
P18775	2798062.25	1721316.625	1632651	3486803	1968350.25	1318514.125	1636035.625	1920270.625	1000650.3125	1151677.625	1287469.75	2091834.125	2675672	1565716.125	2429274.5	2116593.25	2136796	1709577.125	2626421	2527444.5	2732784.75	2850183.75	3081302	2390990.5
P18776	830094.75	601276.625	587704.3125	1091837.75	644332.8125	430438.28125	509837.21875	633407.25	297094.65625	390611.375	446499.1875	596993.3125	797205.9375	508430.90625	713971.9375	629042.6875	667736.25	427837.46875	703022.75	791118.5	823089.5625	836881.25	875113.25	667436.125
P18811	347467.65625	403436.65625	406480.875	321661.15625	324478.65625	425903.65625	393531.84375	354016.84375	369748.90625	413828.5	340762.90625	355740.6875	379870.5	410739.78125	330468.46875	293773.59375	306605.21875	304277.8125	288505.03125	308669.28125	345985	379822.75	292231.8125	312182.71875
P18843	8068284	5018970.5	5126892.5	8244517.5	4721026	5388863	4977653	5166601	5299708	5464546.5	5414071.5	4576891.5	4567574	5154304.5	8235906	8326665.5	8474018	7992733.5	8140948	8085764.5	8322834.5	8347293	8523855	8588424
P18956	1018247.0625	1389627	1516664.625	944691.5	1155612.375	2239337	1399545.5	1468061.375	1945299.625	2039463.875	1956306.625	1148455.375	1276128.5	1679471.5	1168535.75	1108365.25	1384944.5	1084645.125	1152489.125	979380.25	1056628.25	1024351.8125	1076995.25	1109713.625
P19317	78828.8671875	99018.40625	116750.9765625	78920.921875	10718.0302734375	124325.921875	95790.8671875	114270.3125	105003.0234375	88276.2265625	94448.3046875	158071.015625	45043.02734375	22028.16015625	58613.5	35660.38671875	69316.65625	70914.7109375	57134.65625	60215.00390625	118780.0703125	71378.84375	85411.640625	98260.53125
P19318	201727.015625	201816.03125	250972.140625	208172.859375	154383.671875	221140.21875	204642.09375	191424.265625	232381.5625	222392.21875	211269.765625	184169.953125	140307.90625	194084.34375	106792.15625	146945.9375	178718.34375	156149.0625	169640.53125	164609.046875	190759.453125	133466.65625	157571.328125	124205.1484375
P19319	262397.5625	49369.60546875	55249.17578125	132943.671875	83321.3515625	73163.1328125	67344.59375	95590.28125	80439.7109375	75422.953125	77469.1328125	55897.26953125	67084.9609375	63258.51171875	105835.28125	115937.0546875	60215.609375	92127.7734375	63175.46484375	116792.7578125	NA	NA	50945.5078125	117639.59375
P19323	18311.734375	13548.6005859375	11191.5322265625	23497.267578125	13414.640625	10510.6962890625	10746.1796875	16460.552734375	12672.578125	12247.107421875	13130.8203125	4431.2763671875	20280.5859375	8048.8974609375	12531.40234375	19546.8671875	12106.6240234375	17254.75390625	4202.3955078125	15306.251953125	17904.08203125	15299.8369140625	15935.876953125	14890.37109375
P19624	218687.15625	195818.328125	189780.953125	199380.453125	207681.46875	177644.4375	211184.484375	172789.328125	190891.671875	168594	193644.21875	180556.4375	182823.25	184088.109375	200578.28125	199901.5	201647.484375	215859.234375	206652.671875	200663.859375	195401.40625	198752.1875	203904.875	203902.390625
P19636	115183.4140625	195814.265625	208883.828125	146865.40625	203384.59375	179372.796875	195705.390625	193150.484375	190025.34375	179314.921875	196727.5625	199266.46875	219524.3125	204580.75	136546.3125	133227.546875	132116.265625	142611.75	136282.265625	137353.609375	128694.2734375	143404.390625	145555.28125	140992.96875
P19926	1878124.5	6617180	6937131	1955606.875	7478002	6208848.5	6776433.5	6513188	5782879.5	6280223.5	6170582	6891515	7110873	6299388.5	1913462.75	1991281.75	1865239.25	1743113.5	1960508.625	2003962	1703026.125	1688184	1880667	1705785.875
P19934	117462.859375	134387.09375	118417.375	108278.015625	112489.484375	128460.0546875	107274.6875	122257.796875	116568.65625	129586.7890625	137598.328125	98953.390625	129056.078125	117033.078125	106818.7578125	108115.5078125	110766.1640625	93410.0390625	98945.8828125	105523.96875	106368.8046875	101120.4453125	107161	108666.7421875
P20083	713786.8125	545575.875	551283.1875	737344.875	560324.5625	512537.53125	558133.6875	564611.875	543769.5625	559798.6875	552012.3125	624490.8125	594986	535644.375	715637.0625	723898.0625	706470.875	750244.3125	731019.75	717637.5625	769698.875	716757.875	729263.5	721697.8125
P20099	381756.5	336752	318323.78125	372438	308425.125	340261.5	318260.0625	314318.5	355227.59375	344509.3125	347501	320533.875	340868.5625	351769.15625	394390.8125	344018.8125	366827.53125	388576.25	391553.15625	356854.25	357649.15625	355181.5625	368663.34375	379944.125
P20605	179320.9375	201955.125	200869.015625	160218.4375	264798.28125	193244.875	221871.28125	225882.859375	201903.1875	208569.453125	200837.390625	232360.078125	224288.28125	219135.90625	195484.21875	203045.671875	205408.671875	171066.84375	199209.796875	177484.203125	186556.625	176213.984375	189940.4375	176064.25
P20966	1100765.25	435029.84375	444620.71875	1033092.875	432035.96875	518932.0625	411880.96875	430299	480581.09375	510361.625	485230.875	371259.15625	419093.125	434075.25	967351	1004774.5625	959249.9375	939428.5	994738.75	1128923.125	1092039	1222289.625	1118323.25	1157745.625
P21151	203086.828125	1630700.25	1590441.375	125445.3203125	1459735.75	1998286.625	1633273	1765933.5	2009947.125	2109260.25	1756724	1564451.25	1702638.625	1642374.5	182711.421875	141582.0625	224951.234375	199330.109375	214684.46875	179755.203125	196208.625	138940.984375	163981	191928.640625
P21156	2964693.25	1884425.375	1741232.25	3023257.25	1888067.375	2004312.5	2000220.75	1883649.25	1850668	1953537	1917126	2177697.25	1814973.125	1939796.125	3194609.75	2982345.5	3161294.25	3036196	3162009.75	3009396	3006203.75	2987630.25	3147776	3123030
P21165	3629995	4078297.75	4048920.25	3546305.25	4427169.5	3514174.75	4178495.75	3968059.5	3890768.5	3739802.5	3538589.25	4063394.75	3976069.25	3605617.75	3408344.75	3539194	3333867	3575358.25	3506064	3615110	3657770	3592919.75	3489095.25	3486226.25
P21169	1025709.375	755529.9375	749018.25	905947.4375	720643.75	705264.0625	767123.3125	769989.5	775798	719073.1875	790381.0625	707780.8125	735112.6875	742345.875	958529.375	974997.5	1027147.5625	1047647.5625	921542.75	952169.5625	964086.375	1050668.75	939784.375	1005273.3125
P21170	4379420.5	2828543.25	2805897.5	4133814.75	3058064	2431477.75	3399584.5	2973487.25	3257301	2928802.75	2752801.75	3269444.25	3074714	2650967.25	4242584	4217211	4069586	4610690	4287485	4308453	4342297	4430316.5	4359369.5	4485307.5
P21177	278678.1875	2558906.5	2706384.75	213182	2263532	3085672.75	2573106	2649653	3220169.5	3088823	2747064.25	2335417.5	2649598.25	2485757.25	235688.546875	155005.875	294766.15625	235861.90625	241827.578125	236516.796875	229609.34375	190443.25	205896.53125	299245.25
P21179	12108302	19282490	19819272	11471870	15855804	26445994	19424900	18593768	25869238	26143372	24935730	15731161	15670753	22804714	12449239	12088968	14085661	12199578	12984695	11521846	12465449	12167693	12364032	13230529
P21338	406493.1875	359247.9375	330310.09375	395758.40625	317239.75	366396.40625	309196.90625	348908	330668.6875	331497.6875	361995.40625	270280.71875	335424.09375	346301.1875	412938	409211.84375	436220.6875	384900.59375	402808.8125	411149.46875	380597.09375	382687.28125	393030.34375	367385.0625
P21345	16905.513671875	105540.28125	NA	4006.76513671875	NA	NA	NA	NA	NA	NA	NA	NA	NA	4806.20458984375	NA	29224.00390625	NA	NA	20696.248046875	31352.73828125	15055.6787109375	33385.10546875	37147.37109375	25453.44140625
P21361	27964.982421875	58122.1640625	43346.61328125	6645.4521484375	32715.203125	33440.33203125	18416.125	46217.2734375	23747.974609375	45415.51171875	49513.0703125	23220.24609375	19874.44921875	60310.8359375	31028.697265625	16241.6220703125	29953.07421875	25180.40234375	21165.841796875	28636.005859375	40279.5625	23188.75	25932.876953125	27901.32421875
P21362	478096.53125	933487.375	1000034.875	326451.9375	930291	1858900	764427.75	1091805.75	1243168.125	1759100.625	1707345.5	648197.9375	703328	1655815.625	564676.125	325468.78125	646583.5625	454899.9375	474966.34375	459340.1875	540400.4375	458691.65625	605317.5	494220.21875
P21363	417289.09375	772605.375	817098.75	278310	800803.5	1532033.625	717544.625	921816.75	1173269	1535145	1444288	700169.375	690449.9375	1361265.5	457418.40625	284113.78125	501568.625	382860.53125	385222.90625	383726.75	506344.15625	416044.5625	519813.03125	450814.5
P21365	15219.873046875	8079.0009765625	10893.892578125	12755.3984375	8489.818359375	5975.5107421875	12725.3984375	7767.07568359375	10600.865234375	10548.564453125	9036.51953125	10945.8427734375	9567.3310546875	9181.58984375	10323.9599609375	8715.27734375	12149.6318359375	9309.1005859375	6795.59375	11312.3837890625	13265.609375	10373.5615234375	9171.2724609375	14266.595703125
P21367	965942.0625	2720155.5	2910230.25	823689.25	2231670	4042127.75	3253613.75	2734079	4203667.5	3910309.25	3689043.75	2231579	2665393	3440229.75	1033595.125	925358.5	1170395	942961.75	970793.375	1013231.4375	991166.875	906267.625	959520.3125	1055658.5
P21369	109119.9921875	143350.53125	142257.328125	120521.9453125	133420.3125	155335.09375	132092.34375	127824.0546875	130698.875	147902.703125	147025.21875	134800.53125	129089.5078125	132764.1875	120262.1953125	134680.265625	130558.625	129237.6484375	126886.6640625	126359.7421875	117904.1796875	122000.0078125	117208.2734375	117249.75
P21420	470061.03125	516694.84375	544196.5	252543.390625	804335.5	927687.375	676964.0625	1037994.875	757768.1875	901771.5625	890780	696065	1208240.375	908855.875	478719.125	348823.84375	482972.34375	434685.46875	518005	431920.46875	459663.3125	406419.09375	436052.46875	382004.5625
P21499	5173720	5804908.5	5539242.5	5329575.5	6154835	5060836.5	5645367	5391662.5	5058579.5	5000801	4952477	6021664	6021577	5274643	4947569.5	4931012.5	4899078	5229224	5256631.5	5004810.5	5040170.5	4940081.5	5149725.5	4894679
P21507	1450660.625	1562796	1534588.625	1492759.375	1610235	1454017.25	1558352.125	1571118.75	1469674.875	1455749.125	1465081.125	1646652.5	1540516	1497560	1449454	1522759.5	1466842.375	1482328.5	1425849	1514396.875	1545217.875	1499427.25	1500379.75	1411336.625
P21513	8082287	8095123.5	7976442	8244816.5	8091728.5	8014451	7787783.5	7862183	7650411.5	7655740	7841008.5	8354237	8069422.5	7956962.5	8290099.5	8702901	8296023.5	8675338	8674916	8301215	8222501	8677659	8518069	8485993
P21514	361881.125	1765355.875	1533867.5	353496.5	2081597.375	1417253.375	1908574.5	1953258.625	1803292	1835895.75	1581765.5	2262816	2011551.375	1853681.25	305479.5625	222203.46875	353521.78125	263103.21875	234107.8125	337009.6875	337169.34375	371288.9375	376168.75	393669.5625
P21515	18945.166015625	9824.6796875	15259.181640625	14747.326171875	8857.546875	23511.01171875	14343.47265625	13446.5625	14279.8115234375	14633.3740234375	11523.9130859375	11484.955078125	9939.7890625	12787.4345703125	14531.4169921875	13567.962890625	14081.451171875	10147.6435546875	12435.1826171875	10563.9482421875	15821.416015625	13682.796875	12776.845703125	16121.73046875
P21517	50348.0078125	49202.36328125	40764.92578125	38541.1796875	46180.1015625	34208.01171875	37892.83984375	36461.21484375	44635.609375	37588.62890625	37845.7734375	29138.947265625	35435.6171875	34375.21484375	37285.4453125	41138.4375	46259.6796875	38596.0859375	47229.07421875	44632.98046875	38062.59375	43236.14453125	44389.9296875	48803.80859375
P21599	16634197	16454924	15512237	19075900	18339910	13369393	16782460	17897952	13470383	13905191	14534946	19068306	21203206	16778282	15648172	15574172	14173735	14322231	15875477	16575449	16398533	16218544	17157216	14894694
P21645	1114815.375	1028011.0625	1086714.875	1075937.625	1034933.625	984073.5	1074623	998093.1875	1064057	1008088.4375	1008432.8125	1096776	1089812.375	984791.8125	1049164.25	1064254.875	1114317.5	1123893.875	1099983.25	1090201.875	1192574.75	1107166.75	1151343.375	1188085.875
P21693	332947.28125	263262.96875	308997.4375	265959.40625	174619.828125	257518.234375	184206.296875	204809.734375	264963.0625	283361.8125	230314.046875	154180.734375	194860.796875	194122.578125	273436.71875	272653.625	309965.1875	283078.3125	196310.84375	197386.96875	233332.8125	235699.21875	163225.453125	232198.671875
P21829	322452.46875	328812.78125	336777.90625	349675.9375	335836.59375	298811.46875	315532.90625	310439.71875	329177.6875	305375.9375	311691.8125	349004.03125	313436.71875	281305.25	322448.5625	331305.3125	316195.21875	327408.28125	321523.125	326284.65625	320084.28125	338417.6875	311117.03125	352077.96875
P21865	135116.953125	194814.375	185640.984375	123095.3515625	199026.046875	178860.453125	178957.5	183712.4375	174054.875	176900	174115.5	193844.546875	215229.734375	189688.78125	133295.140625	129229.0234375	119453.2578125	161478.8125	138500.21875	123775.828125	120970	131504	127141.671875	132880.03125
P21866	107045	179872.96875	149964.171875	129758.6640625	181378.6875	130837.3671875	143601.515625	130493.5546875	148669.546875	137828.4375	155861.359375	169533.578125	185517.21875	131194.734375	140111.375	135752.03125	121163.5546875	132627.5625	130199.4375	114072.265625	122347.1875	91925.390625	129527.9296875	116724.359375
P21888	3229249.75	2813307.5	2855406	3408568.25	2631320.5	2797013.75	2547690.25	2744513.25	2677557.25	2824848.5	2792841.25	2755822	2794364.5	2779354.75	3229030	2946869	3285662.5	3343312.5	3406161.25	3300865.75	3294094.75	3263481	3376680.5	3234822
P21889	9791685	9874507	9287137	10166500	11055415	7908375	9441432	9504329	8224624.5	8451741	8319034.5	10664527	11110220	8966900	9488129	10117454	8820103	10134501	9869692	9702485	9919771	9942106	9822505	9454531
P21893	139320.46875	123675.4453125	121208.5390625	146580.34375	130350.4921875	110195.046875	127558.8828125	128617.765625	128637.140625	131563.171875	124747.1171875	147243.296875	151235.6875	98559.3046875	169166.21875	141518.078125	155472.921875	161351.703125	155333.078125	156672.15625	148932.71875	154970.890625	147877.890625	153676.984375
P22106	6204179.5	4349235	4253752.5	6328208.5	4346901.5	3808842.75	4201996	4148797.5	4044770.75	3843904.75	4033463.75	4542402.5	4926828.5	4002237.75	6804994	6686245	6010742	6818857	6517340.5	6088703	6257140.5	6184316	6435709.5	6507294
P22186	181950.953125	292921.75	270703.84375	170194.15625	292537.5	280339.65625	251716.859375	289880.6875	273374.15625	297526.40625	296163.96875	233818.71875	286633.5625	276318.875	154167.578125	169276.890625	164423.0625	171363.40625	164075.09375	173675.34375	173732.234375	174120.359375	181502.296875	172598.203125
P22188	1095439.125	1078214.75	1029977.0625	1116173.25	1074353.625	962927.5	1057553	1025125.75	993556.625	995911.9375	1035347.25	1100333.75	1085403.5	978364.625	1093615.125	1130342.75	1083798.375	1125553.25	1119323	1128820.125	1094856.75	1086522.875	1104465.875	1032439
P22255	801667.0625	1148861.75	1119047.875	771491	1075682.75	1309645.875	1093201.625	1190471.375	1225753.875	1278285.75	1294162.875	990599.4375	1038213.0625	1185707.25	845108.6875	774897	914583.5625	779004.9375	850840.25	874856.75	826830.5625	800697.1875	829897.4375	849582.6875
P22256	2255393.25	6082663.5	6448401	1746747.25	6143114	6698651	6450525.5	5922652	7717243	7092959	6378836.5	6069231.5	5241433.5	5706165	2249556.25	2224661.25	2673048.25	2462429.75	2317672.25	2312707.75	2190956.75	2277283	2155389.75	2578478.75
P22259	4361977	36965412	37316652	5317538.5	38055932	33212340	38524704	33178086	37514928	33072308	32227714	43073800	31564194	29964952	4322611	3719013.25	3560275.25	3490278.75	4376577.5	4459017	4042357.5	4343741.5	4208447.5	3712575.5
P22333	678913	394648.4375	397274.90625	666388.875	436708.3125	396354.71875	385912.75	441139.25	374757.3125	414488.71875	405846.15625	423030.53125	453004	437709.03125	662930.5	711806.875	678150.4375	721369.875	688996.125	654694.375	671837	670819.75	663703.3125	651862.6875
P22523	3039216	2898917.25	2829431.25	3206122.75	2920974.5	2647896.25	2944965.75	2809598.5	2958803	2853872.25	2870944.5	2886355	2927015.75	2895568.25	3104893.25	3352771.75	3043646.25	3343310.5	3192709	3103819.25	3086575.25	3281727.5	3186467.25	3136897.5
P22524	445202.53125	591228.375	547007.875	450546.53125	562480.8125	629188.5625	521172.15625	532539.3125	499953.0625	562203.75	585689.1875	509395.71875	554292.625	558266.6875	503414.625	485404.96875	459513.4375	505720.46875	466835.75	477424.90625	445353.625	471566.34375	475857.5	454328.09375
P22525	271905.15625	236299.515625	221269.015625	240934.140625	217260.796875	242232.828125	221264.171875	191069.546875	222047.59375	223521.078125	219301.140625	225130.5	217381.09375	231488.546875	234804.09375	229663.8125	233431.375	236254.15625	246012.046875	203530.390625	231363.1875	234404.5625	237377.171875	242678.234375
P22564	71557.21875	277065.28125	217168.859375	79261.6640625	274778.84375	204021.84375	260651.40625	226164.484375	290222.21875	226138.8125	222918.859375	258561.171875	243755.46875	232756.140625	66504.53125	57156.01171875	64580.15625	72062.1796875	76070.8828125	63989.984375	66620.7265625	77656.7734375	71117.1171875	52704.45703125
P22634	178051.5	161771.890625	170279.9375	212461.546875	225700.34375	146873.703125	199516.109375	166719.859375	171897.984375	150112.09375	147159.609375	220243.625	235793.09375	127919.6015625	188789.25	177090.078125	166865.734375	214898.234375	193162.796875	165457.203125	186316.078125	191352.6875	218208.625	183109.890625
P22731	1076645.625	1025822.6875	1103537.375	1064519.75	911224.875	1056139.75	1096410.875	967958.75	1163642.375	1121536	1115330.375	1017822.8125	934720.0625	1031908.4375	1017784.8125	1125798	995604	1128005.875	1048416.8125	1109357.75	1081795.5	1094491.875	1021628.875	1034370.375
P22939	606424.5	721084.4375	746101.125	622131.5	680357.625	758388.125	675242.0625	721040.8125	702172	736470.4375	726659.6875	713799.6875	767603.125	738545.375	640673.875	611022.75	609978.25	576054.5625	597067.125	581752.5	631732.25	603698	604317.125	641592.9375
P23003	546483.5	506425	581937.125	602509.25	528106.625	498410.84375	518053.78125	523601.46875	555079.6875	512434.8125	496021.8125	538672.0625	492420.4375	525796.4375	566847.9375	563452.375	568426.8125	610691.5625	584366.6875	592550.375	577730.6875	575422.5	547176.5625	582186.8125
P23256	122495.75	306839.46875	313542.84375	136553.21875	293291.84375	259066.796875	276603.78125	248684.0625	270291.5625	271873.125	260443.609375	320276.5625	286864.03125	259461.515625	133159.015625	128167.734375	132412.234375	132301.109375	123973.578125	130032.421875	132422.765625	134617.234375	112056.453125	108337.890625
P23305	179616.53125	170361.953125	175195.1875	177103.8125	141927.6875	163400.703125	156146.78125	163028.46875	171497.453125	182873.234375	177436.703125	135116.484375	156254.984375	171523.25	165832.453125	194727.390625	157449.375	171044.546875	156904.65625	164147.28125	166321.34375	185445.625	166809.1875	162360.109375
P23331	383315.28125	391331.0625	399531.53125	398075.9375	454230.3125	292436.75	414959.21875	403964.34375	400863.375	327167.71875	319356	443255.375	434653.5625	372045.5	389304.5	424518.34375	365635.6875	425826.96875	380809.65625	398426.46875	415139.5625	384525.71875	398681.8125	393627.09375
P23367	603697.75	688700.4375	679281.5625	602004.5625	704281.6875	680917.375	667271.5	688808.875	674192.375	651093	638248.25	664636.375	704613.25	661462.125	592972.375	610105.5	613589.125	661548.375	583986.4375	577144.75	608549.875	652668.125	609840.125	605706.75
P23485	26728.494140625	8203.3046875	7773.52587890625	17612.115234375	3689.154052734375	9354.5859375	6028.20361328125	6290.42626953125	10707.72265625	11021.427734375	9041.80859375	4268.763671875	1747.913330078125	12265.51953125	22427.05078125	29365.490234375	35108.375	23187.30859375	22969.560546875	23673.736328125	22654.806640625	24066.244140625	21115.90625	27348.802734375
P23522	125784.6328125	63648.72265625	84817.671875	NA	242747.4375	140644.734375	111544.5234375	78129.5078125	92126.8046875	122273.71875	172742.234375	292721.625	371465.78125	139811.328125	NA	NA	NA	31875.033203125	NA	33304.49609375	NA	46016.78125	NA	48838.828125
P23538	4286981	38300824	37043604	4813388	36762700	37738848	38658188	39570756	38569232	38454792	37816276	40624236	40766952	38525936	3883462	4511781	3252217.25	4371758	3738922	4329000	4048889.25	4662098.5	4351503	3988065.75
P23721	29738358	18155138	18314216	29125404	17251728	18694900	17873346	17744022	16683455	18212104	18317552	17401016	17222618	18127748	29069216	31812228	30217180	30319408	29906306	31253568	29797000	30879146	31016550	31074892
P23827	322736.96875	876309.125	814370.6875	350751.40625	850746.9375	782020.8125	627674.75	899923	589171.25	826336.8125	825353.3125	696515.875	997342.0625	916448.9375	361071.625	328145.90625	346106.5	336023.59375	348869.78125	323855.6875	330827.875	309637.875	322921.40625	325894.84375
P23830	1576827.75	1571624	1593918.625	1568316.125	1930781.125	1412554	1878697.875	1690353.375	1753935	1547963	1469466.875	1920738.5	1868642.875	1475321.125	1525692.75	1544277.125	1427697.5	1582644.875	1439431.375	1553491.125	1681944.25	1563186.125	1554530	1566311.875
P23836	4312472	4186121	4313176	4159353.5	4391515.5	4033228	4338522	4106758	4036369.75	4090778.5	3900888	4362664.5	4303184	3985710.5	4276160	4553137	4017609.25	4377227	4177450.25	4310997.5	4168258	4246434.5	4108595.25	4119446.75
P23837	137240.109375	131923.390625	138232.46875	131604.546875	136192.609375	115533.625	133272.421875	146096.453125	140471.6875	137298.25	137545.625	136580.515625	150808.703125	132808.8125	131170.796875	141183.234375	142005.328125	132978.890625	138049.875	139540	152892.015625	147471.421875	132206.8125	147902.265625
P23839	1925760.875	1501631.125	1478129.625	1819303.125	1586812.125	1192268.125	1638264.125	1462934	1521603.625	1319731.875	1317399.5	1622812.625	1570339.5	1377952.875	1857066.875	1821839.375	1814373	1908234.625	1835061.875	1866541.25	1858232.875	1863294.75	1866478.75	1836175.75
P23842	55012.2578125	42367.22265625	53945.99609375	59382.1328125	39570.37109375	37976.81640625	46212.87890625	41028.375	45239.49609375	39872.125	35303.9140625	56640.89453125	41001.4375	46603.6875	56283.1015625	55166.015625	51325.23046875	61209.87890625	43919.08984375	53511.13671875	58454.14453125	59416.80859375	50632.08984375	58992.8515625
P23843	92063952	90554424	79638352	101951640	90861760	79673056	80784664	93778624	69131648	84106192	93579272	103425752	107816520	118015168	74852040	60613728	73034016	67901520	87120544	69127152	75289096	73082800	93589312	77264576
P23845	7032285	4283090.5	4481023.5	7328097.5	4528131	4108754.5	4606147.5	4335887	4522850.5	4034868	3950042	4732761.5	4022530	4062500.75	7227646	7370369.5	7361737	7480735	7666407	7479990.5	7375962	7311778	7200158	7452523
P23847	38142856	72122800	70509712	36330792	69307696	74871472	71398312	70651440	79304584	72511656	74729832	85009416	78598880	72711256	32255436	28884506	31017418	33916880	35975884	30833120	31906100	32986142	38643604	34917524
P23857	156480.625	875207.4375	905444.8125	191468.390625	878816.6875	1042615.8125	841133.3125	898864.3125	748645.6875	836888.0625	920917.5625	796517.375	988790.25	850389.875	158015.46875	130806.1796875	133155.53125	109921.09375	129899.046875	142448.78125	156033.109375	141660.984375	152533.890625	129412.8203125
P23862	47079.125	55314.55859375	48343.82421875	51160.3515625	45666.37890625	66915.703125	58061.16796875	57742.38671875	58979.74609375	57867.17578125	57518.07421875	48951.12109375	60129.91015625	50173.8515625	49669.83984375	60689.85546875	50651.8359375	51417.49609375	41441.53515625	40362.578125	32194.609375	48615.8359375	47443.76953125	51538.94140625
P23865	3319508.25	2824609.5	2839822.5	3142370.75	2869796.75	2805201	3020551.75	2795657.25	2928170.5	2849991.5	2888140	2922719.25	3056688.25	2787312.5	3282690.75	3261902	3278281.75	3305938.5	3295129.25	3105773.75	3258907.25	3236343.75	3242578	3288084.75
P23869	5034060.5	6008301	5963598	4905038	5621597	6515026.5	5321004.5	5823207.5	5558248.5	6159375.5	6303900	5414712	5880413.5	5831031	5296842.5	5862402.5	5388000.5	4943437	5410814.5	5414358.5	5139385.5	4710879.5	5283041	5027000.5
P23871	230499.03125	205076.109375	195313.90625	213360.234375	164151.984375	221434.9375	180879.34375	191683.265625	245617.828125	225288	219076.75	161741.40625	174785.53125	219051.421875	238761.796875	218664	253537.796875	222085.375	221228.84375	231947.578125	214469.578125	245755.828125	220068.109375	220553.1875
P23874	42981.40234375	54548.140625	62300.75	50554.0390625	57430.16796875	41760.29296875	60892.0625	75621.4765625	55156.07421875	56552.64453125	60122.73828125	67472.5625	56769.80078125	56976.9375	47635.015625	30040.421875	40009.94140625	37170.62890625	37338.5390625	28825.21484375	40781.16796875	29269.126953125	42578.640625	36273.7734375
P23878	125045.390625	83073.3203125	58918.94140625	121240.4453125	60304.63671875	82262.921875	117038.6875	93597.453125	113077.921875	104430.96875	91078.09375	55164.140625	72913.59375	73064.4375	110083.5625	180306.109375	138350.25	124470.0078125	83169.78125	111542.296875	123100.8125	124471.2578125	96723.4296875	128194.3984375
P23882	1114626	1243405.125	1354310	1062225.625	1254384.375	1373519.5	1226516.25	1294166	1248276.625	1256822.5	1252902.25	1225662.125	1290175.25	1227369.875	1038548.875	1070680.875	1095528.5	1040557.4375	1032207.1875	1048490.625	1125856.75	1051319.375	1050346	1064860.875
P23886	298684.875	303395.78125	324465.53125	278101.21875	257583.28125	257320.625	299394.3125	273706.84375	341472.6875	312700.5625	283377.78125	318778.96875	303355.09375	249879.265625	291840.25	310021.71875	281239.9375	301900.28125	295927.21875	276498.34375	302711.625	304338.25	282594.78125	309773.9375
P23893	3853721.5	3619781	3672646.75	3925913	3371814.25	3279516.25	3629502.75	3428098.75	3774542.5	3577762	3273447	3659331.25	3505134.25	3453549.75	3801028.5	4049910	3867785.5	4046538	4021983.75	3907987.75	3866863.75	3943446.75	3844195.75	3827769
P23894	857948.25	884286.125	864306.25	866833.5625	856575.8125	816919.1875	877671.25	838600.5	784352.375	853078.125	864003.8125	890589.5	912494.75	818118.375	844065.875	883823.25	793563.9375	898714.875	828466.5625	904321.0625	806461	864677.4375	867041.5625	894313.25
P23898	55370.7890625	74445.71875	72056.328125	69533.1640625	60933.984375	55975.81640625	56647.96875	80220.25	71160.40625	75325.4921875	77923.9296875	47064.515625	52791.59375	77836.4140625	52651.3828125	67568.7109375	72817.484375	75020.0625	62730.3515625	59014.4609375	55889.5625	41837.21875	61277.80078125	56140.6875
P23908	1819315.375	1899127.125	1856692.25	1867359.375	1865049.75	1947209.375	1816000.5	1802606.75	1889615	1854220.625	1857113.875	1740973.5	1758005.625	1716880.25	1852987.75	1768580.625	1938621.125	1907855.875	1949312.125	1900607.875	1778355.75	1838807	1853878	1857455.875
P23909	713859.9375	707330.125	707575.9375	726346.25	711654.5625	657982.3125	668883.5	698245.6875	696743.1875	657582.9375	684372.5625	697491.25	751137.875	697630.9375	706060.8125	728251.6875	679980.1875	746562.9375	704814.75	700815.125	652153.3125	729215.375	735654.4375	639770.5625
P23917	488198.875	600922.0625	650782.6875	448169.5625	594708.125	636462.8125	624103.5625	606076.625	670200	617754.6875	639302.8125	607319.5	587739.5	569905.875	501292.9375	460250.96875	505579.59375	516833.9375	486027.03125	499503.21875	506835.5625	476634.59375	488946.40625	529189.6875
P23930	182565.59375	178827	185107.984375	149012.578125	140821.484375	199074.4375	167901.546875	190226.125	201462.859375	199307.984375	201988.9375	154803.171875	174544.921875	194325.5	165637.234375	147694.625	170001.921875	150618.28125	163230.515625	167394.296875	161741.28125	146900.125	145399.234375	176844.78125
P24077	2513.691650390625	NA	NA	891.6302490234375	NA	NA	NA	NA	NA	NA	NA	NA	NA	NA	NA	NA	828.868896484375	919.4150390625	NA	1637.66064453125	NA	1569.179931640625	1143.888671875	1745.6785888671875
P24169	391834	194679.71875	210704.75	396588.53125	79455.0078125	196389.359375	199525.609375	196663.046875	178413.75	185024.28125	199822.765625	210988.25	204185.953125	211640.53125	389092.4375	375538.59375	373563.34375	357384.34375	352227.5	366277.28125	395624.5	389798.21875	369312.0625	405768.5
P24171	2826164.75	2521698.5	2409152	2774028.5	2546899.5	2299947.25	2616167.75	2476954.5	2697727.25	2405903.25	2429486.75	2566035	2470539.5	2383647.5	2867725	2894487	2856899.25	3121847	2916866.75	2939222	2866693.75	3136567	2897666.5	2907694.75
P24173	176413.0625	145129.796875	159792.859375	193008.546875	139489.75	136767.234375	132578.984375	126728.6953125	147910.15625	138590.671875	141330.0625	141629.15625	113476.515625	140489.234375	171392.28125	175867.9375	172101.921875	166268.140625	171031.25	157875.8125	168726.109375	172183.25	172823.265625	170456.4375
P24178	221392.71875	229201.15625	229522.4375	242795.375	234896.15625	232531.90625	197385.75	235096.921875	216025.015625	232568.390625	217324.640625	197757.140625	239082.59375	220693.375	223385.71875	247421.890625	228647.734375	227319.984375	224868.5	220675.609375	235354.140625	187370.40625	214555.140625	210458.65625
P24182	6231543	5048473.5	5156391.5	6258186	4981163	4673284	5355698.5	4730710.5	5064503.5	4890685.5	4819212	5227097.5	4645960	4806305	6293323.5	6237615.5	6362568	6474549.5	6511416	6408610	6435636	6351680	6370145.5	6528831
P24186	1950396.25	1474285.375	1548882.75	2017956.75	1646444.625	1414856.125	1583340	1422406.625	1404455.125	1376510.625	1332782.375	1557384.5	1404580.625	1288626.625	1992994.875	1945461.125	1861842.625	1987399.375	1887100	2022375.625	2126849.5	2034392.75	2010349.5	2001494.625
P24188	46315.76171875	29111.345703125	38578.65625	33794.13671875	NA	88511.7578125	57227.19140625	58907.80078125	73270.9453125	77689.5	69218.2578125	46763.36328125	56373.328125	63667.53515625	45782.078125	48075.59765625	66046.890625	38246.73828125	42318.8671875	35749.3828125	47692.6875	40562.1484375	34126.859375	56044.61328125
P24192	68086.1328125	44799.921875	37220.27734375	88108.0546875	48056.203125	32568.685546875	41068.36328125	53226.7421875	36847.3828125	31928.359375	45814.47265625	47147.89453125	44061.3125	37965.80078125	59374.015625	50863.19921875	45300.234375	54160.58203125	61413.62890625	50759.43359375	56315.76171875	60565.35546875	68602.4609375	54602.9375
P24193	200954.765625	187465.109375	152170.90625	243744.53125	207137.109375	124529.609375	175617.53125	182573.5	141620.921875	136203.984375	138621.9375	186541.5	221147.234375	174706.265625	184294.296875	180060.28125	167030.09375	184176.765625	190122.546875	202655.171875	195244.828125	196325.703125	230759.421875	156338.453125
P24202	274291.1875	379601.3125	400626.75	289816.65625	415276.71875	348039.46875	379590.21875	365813.96875	348609.09375	353033.4375	347554.75	386913.53125	374185.25	367954.84375	262666.3125	286227.15625	241506	291209.9375	285434.03125	308382.25	287098.75	304160.84375	278556.25	278608.5625
P24203	761994.625	2938491	2735151.5	764010.6875	3270894.5	2318144.5	2881913	2669160.25	2580376.75	2349215.75	2367840.75	3500516.25	3013667.75	2578935	790370.625	729597.375	664102.3125	746514.6875	717728	725015.8125	747899.9375	760119.5625	754710	727082.1875
P24205	579006.0625	537727.5625	525997.5625	541429.8125	552414.625	576760.5625	553751.75	509790.875	548803	566333.125	557239.5625	536838.9375	531478.5625	566805.75	559461.1875	566517.375	561900.375	593227.125	579675.6875	545966.875	532510.0625	553136.1875	562987.5	553130.6875
P24207	10171.943359375	8160.6328125	7136.123046875	11969.8759765625	6944.0390625	6393.8701171875	7847.49755859375	8089.37890625	7328.93212890625	6940.41943359375	8025.39013671875	6360.45068359375	5222.4833984375	6911.63720703125	8209.7470703125	2985.87158203125	8340.28515625	7651.3486328125	6055.21142578125	5862.53564453125	6008.1552734375	7342.19189453125	5807.03515625	8265.05078125
P24215	834494.3125	1645674.125	1726765.25	780308.8125	1531582.625	2041775.375	1794578.125	1921897.875	2228986.75	2167999	2015642.5	1557362.125	1771696.625	1860780.75	881694.4375	1168715.375	1003934.5625	966066.375	878609.375	974351.0625	864264.75	1027520.4375	853981.25	969919.6875
P24216	NA	NA	10506.0673828125	NA	NA	7928.77001953125	92.23839569091797	11337.0927734375	7627.20458984375	11517.845703125	18430.767578125	NA	7962.30126953125	11182.78125	NA	NA	NA	NA	NA	NA	75.18138885498047	NA	NA	NA
P24224	129160.7265625	114101.6875	136845.09375	116951.6484375	158456.703125	207198.34375	124746.1796875	206349.921875	120680.4765625	106986.640625	105368.2421875	127372.1640625	128856.359375	121924.9140625	128912.9921875	113623.484375	129066.6640625	126214.6640625	78613.859375	119597.0859375	149483.90625	140253.890625	107919.875	50925.59375
P24228	341576.5625	249823.703125	228289.265625	315396.65625	235016.59375	251134.75	256900.828125	212878.828125	282664.40625	273693.21875	232215.65625	254636.3125	236798.578125	255566.53125	328255.59375	312636.03125	330486.15625	340552.46875	333528.5	344545.65625	339620.875	357534.46875	325883.90625	332717
P24230	153717.4375	147215.234375	128641.0390625	158327.828125	140451.484375	135035.421875	137721.1875	127441.2421875	145400.953125	121398.0703125	106034.34375	130168.9140625	142341.484375	131869.46875	157469.515625	147089.4375	122942.7578125	172291.390625	153290.546875	149195.234375	158711.90625	152998.5	156807.703125	135582.03125
P24232	315357	627219.0625	630062.4375	309133.875	626363.625	623423.1875	545850.125	601726.25	665271.125	639652	586998.1875	557826.6875	584420.125	560637.125	334480.40625	355925.09375	308261.46875	375885.875	295906.4375	319419.40625	291989.21875	321155.4375	308885.3125	314097.625
P24242	76392.4765625	109807.921875	98684.3828125	92578.984375	124949.21875	103861.265625	114134.375	107373.484375	124529.2421875	106326.1484375	114297.2578125	133896.359375	141813.890625	121695.1953125	88772.90625	105498.6015625	78769.59375	89308.3203125	88316.75	90007.2109375	86660.71875	93059.59375	89440.0625	87686.8359375
P24251	1962739.75	2140600	2232282.75	1969836.875	2010621.25	2020872	2156987.5	1934126.375	2122501.25	2022030.625	1884883.125	1948732.875	1782991.375	1761116.125	2033379.25	2171271.5	1954088.75	2247397	1988622	2094625.375	2009629.5	2150203.5	1955555	2121887
P24252	134210.1875	98862.59375	99173.8828125	119581.6640625	114325.5703125	71769.65625	123307.0078125	99917.5390625	117349.40625	101504.4453125	95942.9921875	88683.0078125	105475.9609375	94995.3125	142433.59375	132405.734375	154708.328125	134700.71875	142506.765625	143566.015625	144094.125	126303.6796875	129796.0078125	154579.640625
P24255	547320.125	537509.3125	573446.4375	528798.4375	539930.0625	528512.25	568398.3125	548339.3125	555987	557549.375	558437.4375	545700.375	591526.8125	521870.8125	539580.6875	553993.375	533123.125	548797.8125	527150.875	521657.0625	535903.875	561381.125	541059.875	552083
P24554	570836.4375	425268.96875	422513.15625	591554.125	447489.3125	361495	400654.71875	417620.5	414780.75	420722.1875	366455.6875	405538.65625	458900.6875	398228.15625	556109.25	574535.125	558166.625	598436.3125	566142	575222.875	582897.4375	583033.75	575699.75	576994.25
P24555	150003.328125	159371.53125	127991.1953125	145317.71875	134782.765625	99931.3671875	153923.046875	125902.515625	145263.140625	136609.359375	144701.03125	152666.65625	126337.984375	126043.078125	137530.171875	163727.59375	145046.765625	180704.09375	146468.09375	146020.5	139033.203125	142572.84375	157715.328125	152968.671875
P25397	573050.5	544710.5625	559669.5625	570690.5	534251.25	535417.8125	513387.3125	525458.625	534702.6875	522041.90625	517877.8125	510570.40625	530456.375	533292.625	583368.3125	592323.5	605876.375	601826.875	627164	569190.875	560563.6875	591408.4375	590307.9375	590028.1875
P25437	5448307.5	6322250	6583701	5149368.5	6493226.5	6372310	6676910.5	6568986.5	6469031	6246747	6164285.5	6516337.5	5796455.5	6357965.5	5229752.5	5471529.5	5481535	5417247	5157456	5580418	5684065.5	5725425	5648208.5	5598717.5
P25516	5421153	15720478	15698200	4748157	15025235	16042345	15057630	13484754	16661681	16338353	15914025	16754595	12424092	14195850	5312112	5571827	5532974.5	6529858	5776641.5	5169406	5121409	5590389	5132187.5	5894626
P25519	1054545	974443.1875	873769.0625	1055709.75	1038182.0625	767157.125	960007.25	886008.8125	959280.9375	922822.125	900528.6875	1008704.3125	954796.3125	889096.5	1064463.125	1050750	1006672.75	1046606.625	1005096.25	1014834.5625	1043475.4375	1049698.25	1064252.5	1027853.125
P25522	877926.875	1053755.375	1029587.875	857279.9375	1041625.625	1048804.625	983783.125	1027882.75	1073084.875	1072873.875	1045906.1875	935133.8125	1036453.4375	1036787.5	898193.1875	894600.1875	915885.5	852688.0625	872159.4375	845822.25	858321.75	885602.4375	880396.6875	927858.0625
P25524	4108442.25	3380055.25	3362419	4735338.5	3733234.25	3189579.5	3725393.25	3312264	3452318	3153245.25	3140440.5	3989074.25	3857658.75	3238568.5	4496547.5	4235069	4195086.5	4518163.5	4626582.5	4086118.75	4129527.75	4213467.5	4262213.5	4085572
P25526	1469813.875	3924670.5	4160333	1178820	3539855.25	4613731.5	3884668.5	3743842.5	4680939.5	4457359.5	4189625.5	3464031.5	3088769.5	3737112.75	1453439	1331624.375	1805065.5	1517188	1504869.5	1454329.875	1468160.375	1505020.625	1356078.875	1616366.25
P25534	239819.609375	205021.984375	211623.21875	242264.09375	234042.90625	188570.703125	235727.78125	216588.03125	199949.125	178539.1875	190882.03125	227904.09375	238129.875	221575.171875	233843.03125	230957.359375	215981.53125	235498.75	248325.203125	198415.734375	249413.59375	247947.796875	237446.484375	223017.109375
P25535	481456.46875	352706.84375	362120.3125	472391.5	393892	293027.15625	380009.84375	368604.84375	370223.28125	353955.15625	331573.875	387921.75	385832.28125	372742.34375	444233.59375	454865.75	449662.21875	464773.6875	435423.03125	463672.375	491810.6875	467614.65625	465243.09375	450288.46875
P25536	236223.5	179265.65625	167053.5	237633.859375	153661.328125	200219.921875	164775.265625	177591.21875	168800.8125	177875.3125	168377.796875	143874.046875	157670.0625	175499.578125	238562.6875	230860.859375	236962.953125	241988.140625	233673.203125	232490	233633.859375	235977.296875	229172.609375	250523.125
P25539	912983.875	1231187.375	1169758.25	969771	1262831.5	1236530.25	1227506.375	1238199.5	1201524.875	1214926.5	1186168.25	1203919.5	1337557.375	1196765.25	899942	908272.0625	920608.8125	866435.5625	906936.4375	912061	923987.125	930300.1875	926406.625	867218.1875
P25552	276856.8125	216668.53125	208044.421875	273314.28125	261857.109375	161713.53125	249994.453125	226121.125	216425.171875	206458.421875	182055.015625	247793.375	238573.140625	185200.625	263089.21875	281090.375	255535.875	295964.375	267236.46875	273591.625	264323.625	270759.59375	267832.46875	251503.03125
P25553	4611146	54308380	58899464	2846150	49818832	58952344	63951240	52488716	72073488	62165268	56893076	56383752	47530976	48409200	4300751	4606705	4855930	5182974	4114060	4833669	4609325.5	4637534.5	3738426	5209568.5
P25665	202848336	131963400	134846352	205300368	135100880	128414520	144176464	132395760	148729056	126656496	123383504	134584432	127864456	122368296	203764240	218337200	201190912	229388832	213430992	214219792	206106848	236605456	212386656	218361072
P25666	453675	353443.375	326702.4375	430342.125	356989.5	300626.78125	395777.8125	329026.90625	354352.59375	311833.4375	256889.640625	321457.46875	280304.90625	211621.28125	401691.5	378133.125	392761.6875	455254.15625	406682.03125	428660.34375	443186.9375	450793.6875	450844.375	415251.8125
P25714	1970683.25	1908716.75	1829717.25	1930699.75	1809738.875	1981018.625	2039987.875	1998134.125	1868525.75	1999356.875	2054480.25	2019968.875	1918024.875	1997395.125	2043335.125	1913166.625	1984004.25	1903852.625	1941909.75	1891724.5	1931329.875	1844141.75	1953966.75	2005233.75
P25718	2402.421630859375	NA	552.2139892578125	587.16680908203125	NA	NA	NA	NA	NA	NA	NA	NA	NA	NA	1068.9686279296875	17.195396423339844	542.27703857421875	1184.0032958984375	1516.716064453125	418.099853515625	NA	NA	1182.76708984375	1021.9677734375
P25737	197280.046875	91829.8671875	103839.53125	201746.90625	91392.96875	93279.203125	100596.921875	110056.640625	129510.8203125	110247.4296875	111472.5859375	137258.65625	107716.0625	121689.59375	175500.4375	151219.265625	151430.6875	183554.390625	166322.75	169184.109375	184273.796875	175754.8125	164410.515625	202708.359375
P25738	1499872.875	2955768.5	3168696.25	1399709.5	2260556.5	3784348.25	2321635	2940122	3261955.25	3728546.75	3443747	2117064.25	2288558.75	3287918.25	1706451.75	1325206.875	2043653.625	1344332.375	1604868.5	1510886.75	1589207.875	1391920.875	1394699	1699710
P25740	140544.625	199150.796875	157081.34375	127553.6875	220552.578125	146294.703125	177819.375	161570.84375	190868.203125	198988.0625	171134.578125	195833.828125	199433.09375	171983.953125	129022.8515625	143072.015625	121417.984375	151575.734375	137761.0625	129455.171875	135363.3125	131955.84375	131237.015625	126747.6875
P25741	16489.994140625	20342.630859375	27268.791015625	18849.904296875	15530.298828125	20238.388671875	17295.609375	22433.896484375	21932.251953125	21666.166015625	19614.0546875	19336.61328125	16172.021484375	17099.11328125	18143.0078125	19280.6953125	19684.91796875	16746.3515625	21813.970703125	18498.4609375	19115.115234375	15665.734375	16822.099609375	15964.6552734375
P25742	611717.5625	659245.5	638778.1875	630585.375	582499.1875	707154.75	608518.5	580420.3125	592941.6875	689719.4375	586467.5625	570499.9375	631492.6875	660723.6875	618168.25	640438.3125	572174.5	518589.75	549054.875	545125.3125	605900.8125	579292.5	587510.375	621568.25
P25745	1068992	904517.625	923384.8125	1020531.25	896037.375	908426.875	866757.8125	899071.0625	806260.9375	894659.0625	932630.75	892526.375	893605.125	834551	1129095.125	995204.625	1122297.5	1054312.5	1077376.75	1036150.5625	1042725.1875	1068980.375	1100128.875	1037953.0625
P25746	419617.28125	357239.71875	358723.34375	468939.78125	504021.25	185904.96875	434281.71875	339789.4375	340877.65625	243586.546875	225385.796875	494217.75	430357.4375	234390.234375	446573.375	452440.71875	407049.4375	456881.1875	442903.03125	449949.65625	429192.875	451366.25	445619.84375	423171.71875
P25748	NA	17466.64453125	8397.400390625	NA	13971.201171875	2443.424072265625	8579.9501953125	26461.279296875	28585.419921875	16881.5078125	7593.49560546875	9940.1005859375	9832.60546875	10159.1728515625	NA	NA	NA	NA	NA	NA	NA	NA	NA	NA
P25798	NA	130579.5390625	74647.5546875	NA	62088.42578125	138572.703125	115609.609375	104586.1640625	102821.6953125	186220.234375	179359.9375	65815.6171875	63410.10546875	198849.171875	NA	12538.892578125	55306.1484375	7480.7109375	NA	14796.0263671875	NA	NA	NA	34876.1640625
P25888	1267171.25	239711.046875	193943.5625	1020759.875	214284.65625	286273.6875	225757.859375	241075.0625	209605.828125	265171.28125	279163	180686.609375	226346.140625	269090.125	1112303.125	1047586.5625	1257295.25	1080419.25	1197433.875	1018894.375	1193842.625	975117.1875	1051649.75	1098033.875
P25889	45034.21875	190478.921875	205246.6875	71309.71875	315620.71875	114906.78125	209732.25	180231.484375	100711.9296875	92689.9140625	120969.6875	282258.34375	448755.65625	180569.578125	43854.3671875	66082.203125	86862.421875	109851.78125	98120.0625	47023.2109375	28430.8046875	63437.125	45816.75390625	32923.3125
P25894	285016.9375	492120.34375	496829.84375	271527.46875	423827.65625	518986.8125	485903.375	446877.03125	595254.875	548621.4375	534421.25	423455.375	427774.40625	471283.375	276677.84375	286232.78125	291692.0625	296486.5625	272729.84375	266697.21875	266195.46875	263139.4375	273782.125	294547.28125
P25906	2136060.75	4277364	4401404	1909772.25	4231012.5	4496395	4427275.5	4190980	4321982	4486817.5	4330880	4105671	4713495.5	4303936.5	2027418.625	1982304.375	2123745.75	1859983.125	1997795.75	1916491.5	2019735.125	2136735.75	1975631.25	2145142
P26281	76088.4453125	79878.1015625	96139.1640625	62487.86328125	65387.7421875	83882.28125	67394.9453125	72945.25	75795.71875	63213.5	73127.4921875	69090.71875	64097.8984375	80122.2265625	61791.8203125	82335.1875	73589.390625	80969.6015625	66740.6796875	86557.109375	78419.8125	75125.7421875	78462.515625	79067.7890625
P26365	15627.6474609375	11165.01953125	13240.107421875	17854.87890625	8001.0419921875	19927.90625	8426.435546875	15919.185546875	19275.3671875	16235.8046875	19988.45703125	7733.01025390625	8462.6845703125	13223.095703125	15386.7744140625	21907.12890625	18326.3515625	15747.0615234375	15720.4404296875	16853.623046875	14556.8974609375	12508.6220703125	15059.1181640625	15942.5048828125
P26459	140334.28125	107858.2109375	131629.25	157479.78125	107903.3125	101561.4140625	117390.5234375	119030.1484375	81895.15625	104052.328125	92844.9765625	98290.40625	116958.734375	73544.0234375	76383.6484375	80790.3515625	103375.2578125	82452.1171875	97155.015625	105359.203125	106811.84375	98504.1796875	143635.875	116459.453125
P26602	220253.296875	315718.90625	288956.71875	225293.53125	274580.90625	327798.75	308844.5	274548.5	324620.875	285088.5	292962.25	288337.375	282562.625	262947.6875	251706.5	257256.796875	241800.578125	240610.53125	261967.03125	222614.109375	206394.03125	235373.4375	243831.765625	247444.078125
P26612	208401.296875	263479.125	257351.359375	180426.1875	233529.125	326572.53125	280140.46875	234258.6875	337606.125	346210.6875	308769.96875	237871.5	225769.40625	295909.625	202888.109375	173414.671875	246534.265625	232161.109375	235053.734375	191948.953125	195840.890625	232036.53125	207927.46875	224693.9375
P26616	2729543.5	4135658.5	4176880.75	2721137.5	4499964.5	3496242.5	4131400.75	3981971	3827138.25	3514104.5	3431168.75	4764246	4124378.75	3606983	2620055	2761542	2565463.75	2878256.5	2678718.25	2707208.25	2532969	2685328.25	2580334.75	2608813.25
P26646	2242142	2408820.5	2395902.25	2282114.25	2404156.75	2691066	2525630	2428111.25	2560822	2647411.75	2656490.75	2419022.25	2409997.25	2631866.5	2169442.5	2118931.25	2099597.25	1939503.375	2109411.5	2119954.5	2215023	2179048	2285582	2063841.25
P26647	171014.71875	134125.65625	137509.25	172788.71875	141760.078125	134846.640625	142544.859375	131381.046875	132918.453125	130742.125	123519.875	143307.453125	124967.3984375	125841.7421875	162275.921875	168723.109375	157265.40625	164214.421875	162686.5625	158965.46875	172102.578125	156575.703125	161797.84375	137198.375
P26648	228408.796875	222739.375	228589.109375	239994.609375	239029.71875	211185.90625	210931.03125	212207.6875	212914.25	202214.96875	207478.109375	225164.90625	225776.8125	206840.703125	226207.46875	228228.40625	230045.5	258046.09375	237611.78125	222837.1875	235652.359375	234119.640625	232079.84375	217739.90625
P26649	NA	30006.96875	17875.806640625	NA	28689.310546875	25789.0625	44847.765625	13270.626953125	36519.7578125	8412.671875	7068.7353515625	15358.703125	17927.7421875	11875.8330078125	3079.37109375	NA	NA	NA	11844.8330078125	NA	NA	NA	NA	32926.26953125
P27127	98698.3046875	95498.6171875	90131.390625	116877.3359375	110437.125	104984	108709.828125	101508.3984375	105183.6953125	84381.6171875	84103.734375	113846.96875	93070.7890625	90585.90625	103096.8359375	110368.53125	114911.453125	122255.2265625	99545.03125	100853.4453125	105398.8828125	122477.4375	112865.5390625	97116.2265625
P27128	24524.59375	20719.0078125	20788.66796875	21083.365234375	16354.6962890625	14375.53125	29740.171875	18803.923828125	21465.962890625	12515.8779296875	26504.587890625	24254.494140625	15157.2919921875	21749.560546875	26842.724609375	14225.458984375	15190.505859375	23589.220703125	17783.16015625	17871.134765625	16909.619140625	15156.97265625	21846.638671875	23548.751953125
P27129	22794.46875	10984.5380859375	11013.626953125	23841.498046875	13504.8935546875	4854.107421875	15008.0673828125	5937.8525390625	11052.244140625	9422.2841796875	6737.82373046875	21201.60546875	12345.103515625	8230.9599609375	21432.609375	19724.240234375	19682.09375	25573.931640625	20640.759765625	18952.236328125	20713.609375	20589.68359375	24806.607421875	19172.041015625
P27238	46874.8359375	71988.4140625	77417.1796875	37194.21484375	74319.6171875	68721.71875	68368.640625	78125.890625	60479.92578125	63214.421875	55299.25390625	69511.546875	76312.3203125	63281.05078125	37845.6953125	48063.1875	32549.931640625	34634.9921875	35519.11328125	38398.375	49852.78125	42452.39453125	39930.84375	29060.271484375
P27240	111947.21875	107102.6640625	82660.796875	99283.5390625	79181.9296875	133765.5625	109560.984375	87858.9609375	133907	95871.953125	92010.9453125	100519.234375	112160.1640625	96637.9296875	117850.890625	100173.03125	121198.3828125	110920.671875	101670.3671875	99305.328125	99127.671875	92332.46875	121763.1640625	100618.5546875
P27241	7572.68603515625	5.611523151397705	3533.9990234375	10954.630859375	3013.751953125	18775.263671875	5284.02978515625	4587.11279296875	3714.59228515625	8571.26953125	NA	3868.79150390625	3851.70654296875	9747.994140625	8301.7431640625	5491.935546875	4997.2470703125	5616.47216796875	5185.380859375	7211.08251953125	2840.253662109375	5069.25390625	5244.7490234375	5303.1142578125
P27242	216082.78125	93445.1328125	133835.296875	193340.0625	142913.875	55956.8046875	159473.6875	134841.75	122042.828125	99511.265625	80954.1015625	134124.09375	140463.75	77242.375	190916.265625	194131.0625	173959.640625	215276.703125	183127.890625	190951.78125	226663.109375	214822.21875	203493.578125	205350.15625
P27243	18671.98828125	10754.5556640625	11624.0576171875	11529.1962890625	5706.7666015625	10342.3818359375	10637.076171875	12327.181640625	16082.2783203125	24687.736328125	15808.7587890625	13470.9384765625	6578.6220703125	10865.537109375	7297.4677734375	12341.46484375	17670.078125	7663.90771484375	10877.390625	7981.79833984375	10713.7373046875	6147.3642578125	7199.462890625	15068.2724609375
P27247	360010.34375	429585.625	393751.75	340245.15625	454597.0625	347387.8125	437350.4375	448394.4375	401600.71875	400502.6875	389250.40625	461144.71875	471810	421558.90625	371363.03125	300832.71875	331985.40625	359015.34375	346486.875	390554.59375	379512.71875	345608.375	377898.65625	390260.0625
P27248	589030.5	1158733.875	1211029.375	533704.3125	1258094.125	1130742.875	1158546.875	1133571.875	1058762.875	1092179.375	1132898.375	1174588.625	1257770.25	1052541	484273.78125	527593.3125	491000.5	498615.90625	502446.9375	527079	519256.09375	498746.125	513013.75	490178.125
P27249	539245.375	509819.46875	517574.625	568222.375	574333.0625	382252.0625	577569.8125	537372	515334.6875	462783.6875	418566.84375	526848.75	567182.875	453543.65625	539229.375	531185.3125	500449.625	581330.1875	517372.90625	548494.0625	541349.375	557452.0625	534532.75	550008.375
P27250	272642.9375	351148.625	343874.75	258610.734375	311472.6875	411100.8125	339521.625	381974.0625	422951.28125	386890.6875	356270.84375	269207.96875	334101.875	359466.21875	282765.53125	252497.234375	331742.78125	285094.5	297235.59375	269862.15625	300343.21875	259070.765625	265188.15625	279884.84375
P27253	77796.734375	55028.55078125	73487.5625	58067.78515625	39734.44921875	44970.49609375	91791.46875	36014.1328125	37158.6171875	75428.2265625	50145.7109375	74428.1875	59098.5078125	62813.37890625	37529.98046875	64738.66796875	37523.91796875	50128.03125	31318.53125	42995.30078125	61439.44921875	79129.0234375	85650.5234375	50353.8515625
P27278	757513.125	648853.5625	643274.1875	752265.25	723029.625	538390.3125	659078.4375	652505.25	621115.375	653495.3125	574309.125	638076	685491.5625	572311.125	737690.3125	704599.75	721083.125	738511.8125	719393.625	723151.8125	783656.4375	773207.875	733465.75	727738.0625
P27296	6596.8623046875	9078.9462890625	7956.0947265625	8345.0361328125	3805.503662109375	4536.14794921875	10234.2431640625	6009.841796875	5895.50732421875	4800.8984375	5003.81201171875	4092.82373046875	7919.40478515625	5938.6123046875	6549.39697265625	6080.5615234375	3638.55322265625	4965.8037109375	3737.63525390625	6409.52197265625	6652.6767578125	6921.74755859375	6985.8857421875	2597.748779296875
P27298	4104570.25	3803532.75	3844805.25	4070448	3480258.25	4455942	3754467.25	3792616	4082643.75	4209839	4314906.5	3574133	3271252	4140287	4212856.5	4125883	4360816	4332348	4192462.5	4277941	4311574	4309065	4194263.75	4379185
P27300	155936.109375	77634.734375	82011.1875	155279.40625	74823.7890625	83982.4296875	76601.671875	80378.5234375	79572.703125	90808.125	75918.4609375	84517.90625	84842.1640625	78394.546875	118102.375	97261.125	119671.453125	119948.4765625	118672.9921875	118477.453125	99440.3046875	98274.828125	131294.4375	120912.5703125
P27302	16248206	19683180	19167150	15981446	19380372	19253964	19888892	19163614	18822278	18176070	18902636	22293326	19308478	18670966	15462882	15809284	15309087	16805674	16703129	16145364	15840272	16372671	16407998	15744262
P27303	655058.5625	504450.625	511374.9375	691636.0625	488280.78125	424045.84375	526360.3125	526898.0625	478165.6875	479984.96875	513119.59375	509772.4375	530977	507805.0625	626953.5	677796	632335.5625	678123.4375	622720.8125	662156.625	686247.3125	690303.9375	637288.5625	663600.5
P27305	28726.412109375	28266.166015625	20572.388671875	26375.638671875	27284.138671875	30109.6015625	30864.203125	29083.169921875	23119.998046875	22715.359375	25500.017578125	30333.490234375	27238.833984375	34542.58984375	35094.86328125	30365.84375	28786.642578125	28606.892578125	27432.85546875	23214.708984375	26760.015625	32588.017578125	28578.423828125	21030.23046875
P27306	1940687.375	8327221	8628023	1815285.625	8747645	7449367.5	8572566	7641355.5	8363244	7451713	6974973	8959913	7945420	6756245	1820517.5	1855222.875	1936675	2039532	1930218.75	1953643.625	1683774.625	1772639.375	1681170.25	1671652.625
P27431	836051.5	981557	998133.375	833499.625	960023.3125	1081609.5	890702.3125	975154.8125	927072.5	1028479.1875	1001336	964383.5	971971.75	1007424.3125	830427.4375	777338.125	812936.9375	819972.75	814075.75	827838.375	838165.9375	795790.375	820841.0625	817606.9375
P27434	7005543	9781242	9323353	7430175.5	9883862	9881102	9956661	10012322	9595219	9907380	9713336	9804054	10502192	9598171	7105808.5	7422356	6799925.5	6945726.5	7226474.5	6929699	6834855.5	6705124	7001946.5	6923208.5
P27550	1831561.875	18924676	19758882	843973.5625	16782714	21249372	19504318	18193026	23010552	21453428	19873816	18362794	15660557	17192434	1571495.75	1244569.125	2142382.75	1776083.25	1706392.375	1777582.125	1673948.625	1515296.625	1442492.875	1976715
P27828	604101.75	426459.5	370763.96875	628136.75	399909	417452.46875	425352.21875	397209.375	434372.28125	383920.21875	418918.96875	397252.03125	360125.1875	417177.71875	640739.6875	647396.625	591925.375	637265.5625	584431.75	631219	583002.0625	637411.25	625989.1875	566515.875
P27829	490476.25	325873.78125	324299.875	503444.34375	328642.71875	361595.25	362426.4375	338498.90625	347414.96875	323318.40625	334344.21875	329565.46875	276087.40625	336062.78125	512941.875	467167.90625	482432.84375	516701.90625	508646.53125	491111.25	485091.03125	490580.125	504233.03125	470212.125
P27830	546538.25	381669.9375	365683.96875	554993.25	356307.40625	349026.875	367576.65625	355631.0625	378604.34375	352041.21875	352933.40625	388013.875	319622.8125	377442.6875	570713.125	521339	528293.3125	579194.375	510983.5	525896.5	571336.8125	547424.75	586144.1875	530666.9375
P27833	402749.0625	295937.0625	301477.53125	384926	257278.4375	263313.28125	283561.09375	295608.46875	284968.125	283641.15625	248970.5625	247730.453125	248798.75	296760.15625	372114	397763	375925.15625	402255.5625	398545.375	367105.65625	369469.375	374048.15625	372467.625	385169.125
P27836	111319.375	77459.4140625	67590.9375	115631.3046875	73660.3203125	56794.80078125	83665.265625	65963.8359375	78029.59375	70769.515625	61869.55859375	77569.9609375	71818.0859375	77714.078125	109204.7265625	115368.6953125	104289.171875	119807.5	105769.875	93983.8359375	119713.3359375	106238.21875	113912.6015625	107453.578125
P27837	26633.826171875	24683.98046875	25952.779296875	22948.39453125	20993.3515625	29458.470703125	23811.3046875	22527.548828125	25756.439453125	22970.259765625	28059.6796875	24442.173828125	21204.203125	20985.078125	19649.34765625	18255.640625	21092.076171875	18943.767578125	20154.302734375	21249.78125	20558.9453125	19659.416015625	18185.087890625	19358.580078125
P27838	336182.1875	423491.65625	452628.84375	336976.6875	392084.84375	503806.8125	380633.53125	457758.0625	475365.0625	476695.5625	501720.78125	381363.5625	386753.59375	426880.75	359811.8125	357213.78125	364981.34375	346473.625	349319.75	363084.53125	404569.65625	335346.3125	327797.34375	344908.84375
P27848	439507.3125	458299.84375	392913.3125	394406.84375	437581.875	428818.59375	440037.375	421265.0625	424458.78125	473241.78125	420398.40625	405737.84375	443791.28125	416675.75	433344.875	420106.21875	437656.75	467733.4375	449724.53125	408726.59375	410885.25	364310.8125	406792.09375	433771.375
P27859	118763.796875	115565.140625	111898.0546875	103904.953125	80629.9453125	101524.3828125	85767.03125	113451.390625	102995.7890625	107805.53125	100587.3671875	100780.3515625	99180.3203125	113372.078125	102406.2421875	93163.2578125	109724.4375	111257.7265625	102792.453125	113830.8046875	90237.703125	112158.4453125	81935.875	111508.375
P27862	26572.302734375	36207.71484375	12998.0341796875	22599.705078125	45415.33984375	15996.744140625	34001.6171875	26317.603515625	20529.4765625	31242.55859375	31811.251953125	38450.81640625	36192.19140625	21251.271484375	23429.5859375	3280.576171875	21735.939453125	16507.109375	30722.919921875	20039.291015625	19976.666015625	17203.80078125	16572.66015625	20982.333984375
P27896	11413.1484375	NA	NA	13374.7548828125	6777.091796875	4847.03125	5939.36083984375	7190.92822265625	4960.892578125	4348.37841796875	3620.02978515625	10008.39453125	9185.654296875	3705.468505859375	8817.4501953125	10815.283203125	4820.98681640625	10876.3984375	5884.05615234375	11475.162109375	12534.1376953125	9365.3544921875	11736.53125	9784.8544921875
P28224	132050.328125	299397.09375	283461.875	172761.53125	239487.203125	307058.5625	299499.1875	283363.5625	337852.09375	279775.625	289772.5625	235536.53125	275133.90625	277724.59375	113864.5546875	73322.421875	89352.2421875	79236.9453125	113667.421875	80276.921875	128862.2421875	121047.2265625	127572.0234375	113089.7578125
P28248	523415.375	713835.5	675835.375	510493.75	567088.8125	676819.3125	603681.1875	676924.25	611804.5625	702600.4375	748399.5	614109.0625	633981.375	631920	432279.21875	301233.28125	438386.21875	390902.28125	370899.25	428686.75	401202.21875	435336.5	425042.8125	421253.28125
P28249	518864.28125	714954.5	684893.75	516878.53125	727123.25	731601	718770.1875	742340.375	692618.1875	726691.9375	693767	686502.375	781741.9375	714319.8125	517383.4375	549325.0625	502166.65625	535518.1875	523478.28125	496602.09375	500762.375	535897.1875	531109.9375	518210.5625
P28304	1846959	2044753.375	2127773.75	1881890.75	2146680.5	1971039.75	2143349.5	1896608.5	2257895.5	2120875.25	2007952.125	2117093.75	1923114.25	1976971.375	1745491.25	1748059.375	1815052.25	1651604	1826681.5	1987719.375	2027255.125	1923329.875	1853770.25	1907793
P28305	32961.1875	41449.8125	40674.7265625	29884.041015625	44744.59765625	40277.50390625	37059.484375	37731.49609375	39398.6328125	45642.77734375	36916.828125	38287.7265625	44049.9296875	42605.671875	33017.6796875	34393.66015625	30166.494140625	33534.13671875	32435.521484375	31540.5390625	35612.51953125	34283.125	35173.84375	34469.96484375
P28306	133799.84375	106939.5625	110795.359375	124924.8984375	106985.59375	105438.890625	111413.5234375	107870.734375	111302.234375	101426.09375	97636.6171875	111807.3203125	116827.7265625	106501.8984375	116057.1484375	123027.3984375	117770.1484375	130194.59375	120746.1015625	113076.0859375	117093.2578125	132122.640625	117723.8046875	123050.75
P28630	108523.6015625	95223.28125	88067.0234375	111177.9375	107317.0625	69222.9453125	107477.7734375	93437.953125	95867.1875	66887.8828125	79086.296875	97877.2109375	103586.546875	84370.0703125	110846.265625	113684.8515625	103316.96875	115018.6796875	100054.984375	110511.78125	114841.8046875	104568.921875	109772.671875	108462.2421875
P28631	109839.5234375	115122.7265625	105917.7578125	136949.25	97062.703125	107610.4140625	109431.4765625	101687.5625	86268.9140625	74330.1640625	82153.9921875	102498.4921875	103272.6640625	111183.59375	104058.09375	107089.8984375	96546.4453125	114290.5234375	116654.5859375	103553.921875	113482.1484375	109028.3203125	118694.6640625	112015.7890625
P28632	55450.60546875	97207.7734375	72664.3203125	42124.7578125	78559.375	76343.0546875	68373.625	61049.234375	77984.6484375	76502.3046875	64618.7734375	79508.0546875	80652.390625	74664.0546875	54769.1875	51182.1796875	59160.33984375	59916.79296875	62583.47265625	46944.3359375	49336.1015625	42735.3828125	47368.671875	51118.3125
P28634	103293.7734375	98600.078125	108853.5234375	121605.0390625	106991.0078125	80366.8671875	111202.953125	107678.59375	110247.6953125	88047.0703125	79770.3515625	103761.890625	114840.5078125	101515.9921875	103966.96875	97841.3984375	102209.34375	106597.328125	89770.40625	102884.375	99243.1171875	88739.6015625	112046.0234375	105018.890625
P28635	27880444	25625854	26252070	27793380	25878564	27249768	26436088	25553162	23667600	25492300	25657462	26811858	25795658	25506248	27834816	28185996	25851610	25969236	26136160	27285912	27301986	27111378	26852002	27400262
P28722	4756.38330078125	NA	NA	4184.314453125	434.83856201171875	NA	NA	NA	NA	NA	NA	NA	NA	NA	4038.305908203125	5901.87353515625	5651.552734375	3536.75390625	3743.45556640625	5229.17724609375	3301.956787109375	2792.638427734375	3921.2724609375	3593.954833984375
P28861	467303.90625	478460.40625	435519.78125	471416.5625	431927.3125	488508.03125	457795.5	443037.5625	478258.875	484812.1875	464491.90625	462103.53125	465024.53125	449337.8125	467215.40625	526464.0625	458871.0625	491602.34375	464927.75	479439.15625	454625.78125	455656.8125	482111.9375	465668.34375
P28903	885285.9375	685450.375	627273.8125	1011000.8125	611161.1875	625617.25	614847.625	629213.5	713989.6875	697083.9375	646591.5625	709661.125	695339	691934.9375	844039.1875	720787.6875	808710.75	636872.3125	859995.25	867010.5	925044.0625	916692.625	938421	884443.8125
P28904	196755.078125	54229.91015625	46707.90234375	247443.484375	59564.45703125	78458.7265625	79082.140625	51963.58203125	69243.40625	65685.65625	89158.4921875	57576.703125	72377.2890625	68776.296875	176772.4375	154106.796875	145805.953125	153006.171875	197240.515625	179012.1875	169844.375	197142.5	183460.328125	155144.078125
P28905	165232.328125	177870.765625	191440.9375	151458.5625	155543.671875	161446.890625	160953.84375	161363.078125	173944.109375	169756.734375	166626.203125	169185.171875	147921.109375	166284.4375	156199.328125	128066.3515625	151161.125	143854.671875	136720.71875	149698.921875	163808.21875	154735.765625	140068.9375	150247.78125
P29012	151361.484375	1163096.75	1069295.375	123911.328125	1457462.5	790042.25	1082549	1090570.375	945335.5	955018	874033.125	1309768.125	1675757.375	1058178	139349.203125	116677.28125	138164.671875	128027.6328125	118312.34375	122632.75	101963.0625	109695.9453125	115817.53125	129015.15625
P29013	72644.8828125	79078.46875	98421.2421875	51590.13671875	78394.3359375	73600.71875	91075.0078125	78019.65625	99842.6015625	79178.6484375	68682.3515625	61098.703125	58530.98046875	84147.875	56795.92578125	48281.14453125	69846.5234375	61350.6484375	62168.87109375	63504.53125	66482.4765625	63428.73828125	51914.61328125	75614.4609375
P29018	445648.15625	412871.78125	432612.5625	409753.03125	386003.84375	411626.28125	422315.875	408845.34375	451684.03125	412210.8125	446240.75	462140.59375	425569.65625	416716.3125	425669.625	452554.0625	441451.28125	454152.78125	390673.90625	394906.46875	413695.09375	441901.03125	432690.25	487985.9375
P29131	554338.125	602106.75	591098.875	560917.3125	572473.1875	592330.4375	541032.375	596784.4375	587334.25	593077.8125	572381.3125	552010.625	614042.8125	577604.125	568988.5625	618924.875	565771.25	554288.6875	543706.5	564843.5	560540	568688.9375	582789	591386.875
P29208	206121.625	167038.828125	169462.84375	209952.984375	150291.890625	153698.015625	152617.265625	167714.15625	167383.078125	169058.265625	166694.296875	144181.390625	143792.40625	173577.25	194084.515625	197906.828125	188430.75	207288.84375	196337.125	200719.734375	202014.484375	199703.546875	198294.53125	202371.796875
P29217	1224368.25	1469170.5	1438994.125	1272845.625	1578162.625	1532935.5	1448497	1591220.375	1343760.75	1465106.875	1490897.125	1287135.375	1548058.25	1508887.375	1288524.125	1432922	1240226.75	1264614.125	1240807.625	1301996.75	1237773.5	1274656	1185666.375	1193945.25
P29680	1057517.375	1127139.75	963592.1875	1042621.0625	1062043.125	1059933	983295.875	1032840.75	1113701.625	1120260.125	1065104.875	1134113.5	1087014.625	1111461.375	1028912.75	977776.8125	1053369.875	1067186.375	1050098.875	994175.375	999129.375	1053120.5	1072637.75	1025817.625
P29744	27928.7578125	16499.5078125	NA	NA	31226.91015625	89564.234375	18302.568359375	51174.36328125	16684.466796875	38016	40311.7109375	14996.6953125	18906.875	67207.3515625	2905.98046875	NA	36523.58984375	NA	35764.99609375	NA	NA	NA	NA	NA
P29745	3351492.5	2723488.75	2736640.25	3926088.75	3070190	2489015.5	2605164.5	2880983.25	2353846.75	2662521.25	2697445.25	2764031.25	3225515.5	3033881.25	3265554.25	3407002.75	3105843.25	3044556.75	3522468.5	3377737.5	3234047.5	3343452.75	3601012	3088969
P30011	649021.8125	778420.375	798179	678531	764385.1875	775099.0625	763763.9375	803092.1875	761476.5	783600.875	779975.3125	763843.3125	850118.75	761291.6875	689195.625	697220.25	689682.75	692294.125	668624.0625	679090.0625	664181.0625	652968.3125	683474.375	655821.5625
P30014	361706.65625	233714.578125	234959.625	328824.625	244105.734375	234583.375	216779.390625	236775.25	221710.390625	219791.921875	227991.84375	215255.5	237077.625	207685.40625	332232.03125	331257.3125	317175.1875	333388.46875	322940.375	330245.25	320018.5625	330751	336833.28125	338582.5625
P30125	21379328	17112056	16949800	22750356	17595350	15898329	15860786	16579023	14980803	15031735	15737628	16258837	16985220	15836792	22575448	25090360	23831652	23342338	23164430	24618146	24995732	24767210	23807546	26226072
P30126	10297420	9227567	8865931	11105994	8835075	9665508	8224734	9685051	7861014.5	9428396	9633277	8362278	8163808	9764815	12083025	11102757	12466417	10737034	11250111	10827073	11615821	10601886	11684724	11688223
P30128	132090.5	171912.34375	184528.5625	142439.28125	153354.90625	179163	159374.09375	170877.4375	170354.984375	168359.359375	173319.640625	136585.609375	151513.421875	153730.734375	144243.5	155585.484375	128943.4609375	131257.265625	128351.3125	132748.265625	131520.0625	132819.609375	132362.25	143661.203125
P30130	253090.65625	355276.09375	500707.3125	205635.890625	354307.125	415842.53125	268361.3125	463288.59375	263614.53125	379226	368193.875	241201.859375	147601.890625	450085.21875	281137.3125	221498.359375	235580.90625	257357.671875	284045.84375	278317.09375	320256.25	179344.203125	284843.84375	322152.09375
P30136	4195368.5	5025734.5	5394552.5	4185061.5	4445677	5635930	5550471.5	4901885	5905971	5497610.5	5319198.5	4564098	2769090.25	4759838.5	4230750.5	4777031.5	4144978.75	4891889	4276176	4385259.5	4233052.5	4750562.5	4148858.75	4396537
P30137	1854089.25	2394874	2365592.25	1759069.875	2064522.875	2589813.5	2754134.25	2463635	2938813	2732999.5	2465031	2055009.625	1514197.75	2241288.5	1817052.875	1884549.75	1719656.875	1936478.5	1728182	1733927.625	1801410	1871430.25	1745771.75	1746331.875
P30138	1108290.125	1941118	2067262.125	1155916	1616762.875	2491259	1963936.375	2138179.25	2580632.25	2342912	2166238.25	1709784	1290044.625	1957580.5	1213798.625	1380027.75	1257209.375	1313786.75	1223348	1223563.875	1174450.375	1253864.375	1137801.25	1234948.375
P30139	1801735.375	2090509.625	2295607.25	1665945.625	1938686.625	2024571.625	2323161	2023307.125	2464725.75	2216959	2144003.75	1921736.625	1051854.875	1974682.625	1814279.5	2073656.125	1718394.5	2110190.75	1745052.375	1915475.375	1791457.375	1983021.625	1703437.25	1813880.25
P30140	457381.125	542212.5625	564725.9375	414621.84375	419063.625	501862.40625	616893.625	510170.5	665905.4375	598213.875	553971.8125	377200.46875	216166.96875	505369.375	431909.46875	499181.75	417782.8125	559471.875	487666.40625	457663.78125	435539.53125	462453.875	404998.84375	476750.84375
P30176	NA	16883.919921875	10666.6474609375	NA	11871.994140625	12116.578125	8064.8935546875	10049.8642578125	8455.8916015625	11479.7548828125	9448.8310546875	6243.3642578125	12552.5048828125	10209.5263671875	3717.1455078125	NA	NA	NA	1663.2254638671875	NA	NA	NA	NA	NA
P30177	2555098.5	3003887	2934081.25	2834306.25	3441247	2890168.75	2939778	3093877.5	2843132.5	2930813.75	2868055.75	3118574.5	3438065.75	2928257.5	2720345.5	2801466	2552053.5	2790709.25	2713489	2748892	2746940.25	2758120.75	2740450.75	2591599.5
P30178	2808471	2424072	2306001	2873384.75	2868259.5	1815420	2376412.25	2257004	2056672.375	2011167.375	2027687.5	2652727.75	2313096.75	2126274	2819557	3064218	2649306	3167518.75	2825811	2927950.75	2771834.5	2874067.75	2743360.5	2762957.75
P30744	9877.3271484375	7524.013671875	2711.3173828125	5393.626953125	16762.8515625	9711.6103515625	7633.6201171875	5094.66162109375	7161.02392578125	7596.5458984375	6967.2021484375	13195.8779296875	13307.1044921875	8240.8837890625	4972.52880859375	6499.48583984375	7327.7685546875	8137.41552734375	6376.48193359375	5984.841796875	NA	NA	5703.001953125	NA
P30745	150235.734375	189779.171875	172998.46875	169506.796875	111214.4375	170649.4375	135257.078125	125201.7265625	129615.546875	170616.71875	161580.40625	97480.8984375	121337.28125	73566.0078125	159333.875	203690.71875	159933.234375	150750.21875	130991.5625	139220.75	158921.296875	166578.15625	172430.453125	161098.734375
P30748	299779.21875	317719.03125	355666.21875	278923.125	310316.03125	365306.09375	308114.3125	325846.5625	339859.28125	337712.59375	348370.40625	253541.875	283338.78125	321573.75	285616.59375	321929.46875	276343.96875	265627.09375	250355.34375	315515.59375	317920.5625	285674	279295.125	302372.9375
P30749	248383.140625	277189.59375	270871.875	247868.03125	302522.15625	334460.6875	277073.5625	304954.4375	285019.1875	285058	301354.875	215463.34375	279699.09375	289016	276605.5	255467.5625	280762.375	229666.09375	277191.6875	250594.984375	245064.53125	246654.328125	257931.4375	237919.640625
P30750	1802980.375	1606769.625	1519605.5	1826979	1923596.375	1146381.375	1504158.125	1476491.375	1315527.75	1283610.25	1281206.25	1671726.5	1736916.5	1337999.5	1816665.5	1864949	1723446.25	1807118.625	1725855	1796102.375	1858692.875	1855872.75	1849712.75	1853505.25
P30843	44228.75390625	28927.345703125	36721.359375	39311.88671875	40760.28125	16378.134765625	45358.45703125	33408.27734375	33593.80859375	34926.7890625	30596.294921875	39684.88671875	35074.80859375	30312.8203125	38578.58984375	38299.3359375	37511.640625	32788.390625	34183.3828125	37177.78125	36533.9375	36869.765625	38475.12890625	31291.953125
P30847	100969.6796875	105551.9765625	102375.9296875	115436.8359375	106358.1875	101795.7890625	102199.6640625	98103.3984375	114715.1484375	108076.3984375	120240.484375	84954.53125	82075.4296875	116811.3984375	113564.640625	111319.640625	120144.375	112514.8984375	111487.484375	113772.9375	110784.6328125	111909.1875	113936.0703125	101551.4765625
P30850	7123888.5	5649564.5	5536574.5	6957193.5	5282308.5	5733292	5450063	5686062	5422231	5561635	5716051	5542583.5	5632076	5790426	7143676	7166932	7495312.5	7410799	7530209	6972689.5	7004028.5	7290907.5	7468188	7314080.5
P30855	434126.21875	288397.625	290387.875	449309.53125	297690.09375	187800.375	318602.53125	216294.1875	260433.921875	180491.515625	231030.234375	308389.78125	214815.4375	236544.28125	425391.46875	468781.8125	419841.3125	488597.96875	403730.65625	409590.03125	423248.4375	460865.40625	409926.8125	402865.625
P30859	4880655	8302023.5	8349286	5353480.5	8038909	9270412	7208833.5	8766711	7425878	8450651	8597554	7700540.5	8082331.5	8501680	5344244.5	5318144	5490907.5	4547494	4975375.5	5056973.5	5369975	4869656	5037318	4900988
P30860	9837984	10379404	10761272	10937807	11165758	10046088	9162150	9966439	8546655	9219746	9729556	10107846	9796128	9679220	10518774	10648830	10475413	9163424	10117162	10393728	10434149	9855352	10184964	9399130
P30863	300916	589997.5625	622132.4375	296481.96875	588662.8125	551190.8125	607040.9375	533929.5	613318.4375	546538.25	527453.125	586474.875	555920.8125	498663.625	339304.625	385180.46875	296230.34375	340830	294828.0625	361388.15625	346919.34375	354552.25	266600.25	331759.6875
P30864	284933.125	266221.59375	300974.5625	309296.21875	341634.75	195436.390625	311415.9375	273332.9375	284049.4375	264116.15625	232937.15625	289840.59375	298872	274556.375	281747.40625	315352.5	268764.8125	283841.59375	253076.9375	302813.84375	300768	298646.625	287106.5625	263998.15625
P30870	515677.34375	605850.1875	591669.3125	526129.75	654811.75	537636	632529.625	606552.8125	607847.5	537786.875	550349.6875	635905.9375	681210.4375	578157.875	509540.78125	551208.0625	477824.625	570539.5	519578.46875	541194.375	538873.9375	569441.25	518596.21875	538063.875
P30871	777152.0625	684016.875	690201.5	786946.875	737697.0625	643228.5	755246.9375	678260.25	726062.0625	717498.8125	669946.125	701741.5	697503.1875	659321.3125	820492.1875	858838.5625	770319.5625	861381	780414	819822.0625	776662.25	807143.125	812836.6875	813275.8125
P30958	2737859.75	2598012	2738785.25	2667942.25	2592186.75	2600014	2668886.75	2562442.75	2655943.5	2528416.5	2665600	2667284.5	2627298	2669804.5	2548846	2678570.75	2571136.5	2822728.75	2754736.25	2638018	2734925.75	2754089.5	2665363	2721405.25
P31057	4240324.5	4053907.25	3668987.25	4307166.5	4436478	3783052.75	4349327	3775453.5	4257306	3755119.25	3895731.75	4777186.5	3918628.25	3675833.5	4254114.5	4454667.5	3912281.75	4039619.75	4335289.5	4263566	4224394.5	4163680.75	4552633.5	4054861
P31060	645175.375	371230.0625	428137.53125	600064.9375	328397.875	396274.5625	404659.28125	378131.9375	472752.75	460840.6875	420085.46875	338601.25	312455.59375	427442.875	611680.4375	756826.5625	637756.4375	739616.125	641310.625	694430.6875	635012.6875	718551	625604.5625	706289.75
P31063	1849059.5	1965183	1899472.875	1859430.625	1741613.5	1926816.75	1726543.25	1916566.75	1759792.375	1966985.5	1931658.5	1790527.75	1827939.125	1884407.25	1824672.25	1665589.125	1730845.5	1766126	1674427.875	1806577.375	1808819.125	1828155.25	1794455	1848298.875
P31064	39448.515625	34593.328125	30095.55078125	41633.39453125	26927.20703125	25813.779296875	44381.12109375	40426.2109375	53064.125	44104.4765625	32738.548828125	43834.921875	39841.01171875	32435.578125	28019.015625	14836.00390625	12415.775390625	13143.4755859375	17755.970703125	13425.9794921875	19809.11328125	20474.34375	12877.830078125	27407.46875
P31068	NA	35873.23046875	5416.88427734375	NA	149978.625	29621.7265625	17955.318359375	59332.88671875	35253.69140625	24469.705078125	24490.53515625	5060.87548828125	6923.4833984375	44328.1796875	NA	NA	NA	NA	NA	NA	NA	NA	NA	NA
P31069	245433.921875	244490.875	225535.765625	248814.265625	179176.09375	312822	200905.15625	207255.984375	269235.125	260967.828125	276722.53125	156414.15625	167266.09375	258787.375	273592.53125	289504.625	299573.6875	241113.5625	249665.484375	275354.96875	294910.6875	261505.84375	247119.609375	283522.34375
P31119	763357.6875	580162.125	615746.75	673568.75	630458.375	477411.3125	636215.0625	598044.5625	566297.6875	542392.4375	474832.84375	679713.1875	615141.6875	563910.8125	682634.25	743877.625	697035.4375	813115.5625	754686.875	706648.0625	704642.125	816278.3125	691941.0625	731851
P31120	3969226	4498064.5	4357045.5	3995141	4524427	4355557	4410319.5	4542414.5	4326823.5	4436274.5	4316389.5	4444439	4526332	4382477.5	3910973	3782689.25	3809489	4047214	4025414	4021442.25	3782105.25	3861896.25	4013415.5	3788178.75
P31130	345055.1875	1207070.375	1338731.25	369722.90625	1190612.25	1705133.625	1169626.75	1467036.25	1451739.875	1602604.5	1508604	897615.375	1098544.625	1466062	433383.65625	283174.46875	487083.59375	364172.96875	347866.5625	389325.4375	433781.6875	318421.96875	442815.375	387506.65625
P31131	120115.0625	227658.75	204710.625	98477.984375	204472.015625	230085.796875	225185.5625	213121.5	237315.984375	270405	243705.15625	197080.140625	212334.28125	245214.4375	124494.5	114454.515625	110931.5703125	112311.28125	103245.6015625	93480.15625	95326.8125	104364.515625	115784.1796875	104409.5234375
P31133	1342650.75	2128043.5	2181331.25	1244895.875	1750807.875	2783790.25	2156088	2031464.5	2560180.75	2547722.5	2399648	1949850	1822632.25	2202456	1288858.125	1459473.25	1330429.875	1414633.625	1281925.625	1318966.875	1371753.125	1415421	1321772.5	1404491.375
P31134	123492.3203125	147601.328125	162192.828125	120805.171875	125992.203125	169309.796875	176969.828125	122639.1953125	181610.03125	158212.46875	169251.4375	124125.109375	109966.8671875	145040.53125	118642.3125	136238.859375	132414.265625	136324.3125	131349.671875	132545.546875	121872.4765625	123411.609375	121793.390625	119829.625
P31142	1533565.5	3216502.75	3588199.5	1556560	3297311.75	3706256	3423076.25	3210737.5	3409531.5	3426388	3531345.75	3315585.5	3255942	3281723.5	1537178.125	1429819.125	1481358.875	1424765.5	1488423.125	1485872.75	1512596.375	1519296.75	1488035	1475540.625
P31224	1802910.375	1467374.375	1470669.125	1648484.875	1382561	1322861.75	1551432.875	1428548.625	1524474.875	1546797	1444503.875	1543003.125	1506598.75	1402509	1725169.375	1566466.25	1664326.625	1764169.375	1761192.25	1638995.625	1691492.125	1764108.25	1713003.875	1758441.75
P31433	541435.4375	697377	733318.1875	535132.375	634721.5	653063	646244.25	683670	657335.6875	679598.5625	669605.25	671131.4375	709849.9375	704158.4375	527731.3125	538219.5625	523023.28125	553235.5	534803.75	559792.75	586506.3125	544779.625	564977.8125	556426.3125
P31441	16578.0703125	34661.765625	25891.15625	22885.544921875	28189.9140625	27280.42578125	33912.765625	29769.630859375	23190.630859375	26259.13671875	26447.1640625	29508.537109375	32276.95703125	24628.259765625	20443.564453125	18833.763671875	17253.25390625	23408.158203125	19947.32421875	24329.78515625	20472.21875	24206.861328125	12904.2724609375	19350.28515625
P31455	313982.6875	345724.5625	349370.96875	294489.0625	347522.90625	331940.125	332984.46875	360440.125	328191.78125	350802.4375	368440.90625	302247.09375	341681.375	355212.625	310253.40625	312253	296535.71875	317525.21875	308179.0625	295784.6875	310088.71875	317310.21875	318243.59375	296858.125
P31460	258209.328125	293264.28125	367655.46875	256204.984375	340150.9375	385565.28125	326160.03125	372157.15625	386531.65625	393071.375	368236.0625	284410.5	346295.71875	362335.625	270406.875	273817.3125	251315.609375	274059.5625	239315.53125	230435.703125	262678.3125	250882.46875	250109.875	258080.046875
P31466	27616.986328125	30277.654296875	21615.51953125	31184.57421875	25620.0078125	27816.703125	23974.9765625	29023.12109375	28493.6875	27918.60546875	28267.5390625	29565.23046875	34488.1328125	30660.615234375	31976.212890625	27102.998046875	28232.806640625	27890.490234375	33716.33984375	27716.115234375	19260.078125	23357.408203125	29015.19921875	27104.65234375
P31467	127632.1953125	128775.328125	130236.7109375	146257.328125	99780.265625	102709.9921875	89255.734375	102304.6875	132994.078125	87845.078125	116753	127842.21875	88857.859375	115555.703125	143247.640625	132967.859375	121979.796875	112595.7734375	134941.21875	150056.796875	117985.546875	124516	127326.7421875	138535.1875
P31473	452995.90625	330103.65625	291600.40625	480100.4375	414970.1875	270342.8125	354681.0625	324813.09375	282150.5625	267122.9375	247749.28125	361178.84375	381780.125	326995.90625	408189.5625	422272.15625	399866.21875	405596.4375	416940.125	459800.375	441636.53125	464294.96875	471261.46875	426326.09375
P31475	227795.21875	136457.640625	154526.703125	250668.65625	167877.71875	142968.765625	151261.640625	151402.078125	150980.625	142304.921875	119858.296875	137130.84375	148385.171875	129895.0859375	222014.484375	241524.265625	214192.53125	239845.859375	209721.890625	216115.359375	237101.171875	217105.359375	216076.234375	219541.921875
P31545	122072.6171875	97544.0703125	92925.359375	132853.453125	75596.328125	96496.15625	98700.171875	105804.40625	86736.6328125	94826.84375	82701.828125	64341.77734375	58318.0859375	77287.25	91825.2734375	142613.140625	126297.0390625	116131.109375	95298.8671875	124747.1328125	111628.0078125	146236.203125	113188.9921875	128025.4609375
P31547	112759.828125	76073.78125	76510.015625	110434.5	64708.390625	72211.0234375	91297.28125	76573.671875	87533.8515625	85248.0546875	80673.3046875	106985.5	84733.28125	74498.75	100864.5078125	71977.4140625	79856.828125	87326.6171875	83425.9375	74913.65625	74765.09375	74683.140625	70703.8359375	96438.9296875
P31548	423250.78125	424186.0625	452569.03125	399788.09375	458409.4375	383467.96875	429893.5625	434985.1875	375428.03125	326906.1875	400634.5	309479.6875	303467.8125	367222	419679.71875	426812	405708.625	389674.375	328194.3125	341789.9375	442784.75	431277.46875	374860.21875	357982.6875
P31550	1587605.75	1700576.125	1709464.5	1510087.75	1598084.375	1746093.5	1721490.5	1693163.25	1716394.125	1506865.125	1672321.875	1650854.625	1491756.875	1629372.75	1505291.625	1680297.625	1613805.875	1619567.625	1536582.5	1615920.125	1590255.875	1657961.125	1562374.875	1608062.375
P31551	17335.80078125	35574.53125	45146.17578125	31216.158203125	49677.51953125	34315.83984375	37872.44921875	37691.7109375	39432.5703125	47910.375	43316.5546875	45975.18359375	41960.8046875	37872.3203125	20023.279296875	32651.068359375	14448.107421875	22766.181640625	30007.994140625	34518.45703125	23400.09375	24915.521484375	10032.3271484375	NA
P31554	3729292.75	3834338.75	3608239.75	3621538.75	3889405.75	3686259	3700592.75	3753299.75	3709880.5	3895354.5	3780626.75	3714247.25	3987123.75	3882767.5	3787224.25	3633577	3823492.5	3766473.75	3745829	3671197.5	3782205.5	3687901.5	3680944	3849125.5
P31600	229662.640625	281456.8125	256526.046875	212805.203125	313125.25	266441.84375	290533.40625	298066.34375	237793.359375	250591.171875	288840.34375	296813.9375	307101	298111.65625	276740.875	193570.078125	205000.421875	290789.21875	212150.234375	262775.28125	194951.484375	263541.21875	266770.78125	211227.046875
P31658	1623706.625	3418974.75	3332829	1414180.25	3068586.25	4445941	2965372.75	3582136.25	3701582.5	4294687.5	4249095	2715169.5	2852982.75	4000736	1635251.125	1392862.875	1870434.25	1502251.125	1516816.375	1665211.125	1673848	1453158.125	1547346.875	1667152.75
P31660	182125.96875	29790.298828125	48964.5546875	NA	35277.01953125	62402.078125	39854.9140625	30408.19921875	81201.265625	67341.421875	56822.3359375	27140.328125	34592.01953125	37364.4609375	NA	NA	46796.46484375	NA	53595.1953125	NA	NA	NA	NA	NA
P31663	4209229	5039218.5	5173665.5	4360920	5720943	4608692.5	5288433	4793194	5032386.5	4563084.5	4601971	4919664	5256072.5	4522170	4229062	4164714.75	3917803	4051349.25	4011476.5	4304759	4470865	4078540.5	4217547.5	3976687.25
P31666	1607.462890625	1406.0516357421875	779.65216064453125	1087.2286376953125	1677.1802978515625	1673.8126220703125	2176.96533203125	741.310546875	NA	1639.5701904296875	1530.131591796875	2170.4052734375	2659.26318359375	2015.435302734375	2199.198974609375	1603.3590087890625	NA	1776.3675537109375	1070.5113525390625	2667.92333984375	1434.35546875	NA	1126.34619140625	2244.9091796875
P31677	2730205.5	2364227.5	2430794.5	2406365.25	2092118.5	2710349	2569617.5	2349971	2861837	2738009.75	2668107.25	2119631.5	1909920.875	2530236.25	2675535.75	2486245.25	2877914	2713377.25	2803622.5	2807858	2879444.75	2756438.5	2729084.25	2892831.5
P31678	1128744.75	1484586.625	1461721.375	988374.75	1265470.125	1863598.625	1393603.25	1454162.625	1824699.125	1897877.625	1796839.625	1214676.125	1224984.5	1669405.125	1124865.5	1068070	1322240.25	1071724.25	1248258.875	1136311.625	1167137.875	1105309.375	1182842.125	1217727.875
P31680	205296.90625	182038.046875	170433.359375	218905.484375	168914.09375	150654.296875	177504.953125	174655.375	154073.9375	138253.75	158047.390625	160129.453125	181817.421875	165975.171875	185989.3125	215864.40625	188303.25	199048.75	184339.015625	196556.25	209634.9375	195786.671875	189468.328125	199911.828125
P31697	631174.75	891133.8125	1301179.125	507317.28125	977786.4375	1211179.25	677275.125	1180241.125	602841.375	958835.0625	1053642.75	602482.4375	360740.59375	1117014.75	732366.75	549327.9375	656568.1875	631091.25	729513.875	767978.1875	791264	469632.625	681505.9375	782981.25
P31802	411702.28125	470032.28125	457302.125	447200	559499.0625	451522.28125	441880.6875	497514.1875	444969.96875	459678.3125	439854.46875	530319.6875	558191.1875	476043.25	461362.75	441611.40625	383339.59375	409929.875	440483.375	349015.53125	422974.21875	392258.34375	411115.96875	402980.78125
P31806	289313.15625	446862.03125	406828.53125	298490.0625	487823.6875	438533.8125	428881.71875	432496.21875	475667.375	455642.4375	446774.625	437542.90625	446345.75	435463.46875	294353.375	276275.0625	301934.34375	303700.1875	313931.3125	301459.71875	290158.84375	308091	307687.71875	289823.125
P31808	5989465.5	5989346.5	5281473	6044570	6414820.5	5746678	5429076	6015270.5	5592948.5	5815336.5	5885947.5	5747865.5	6296153	6157094	6236002.5	6231499.5	6129014	6306529.5	6206459	6384021	5940724	6195284.5	6271540	5946724.5
P31825	37932.7265625	33061.30859375	39719.3046875	35288.6015625	24374.43359375	19932.794921875	30955.384765625	33040.1875	25460.099609375	27860.830078125	20947.341796875	30315.609375	23264.30078125	23743.755859375	38120.546875	33122.46875	35340.1328125	39122.91015625	35102.578125	30271.677734375	35997.2109375	33820.52734375	34035.328125	29644.03515625
P31827	67495.7578125	55042.359375	55311.44140625	49762.58203125	41526.7890625	65696.65625	52229.55078125	81203.1171875	71069.3046875	71264.484375	58164.984375	33025.7109375	40191.46484375	59557.1796875	57355.4375	59889.78125	68127.671875	50558.33203125	43562.859375	62414.90625	68382.8359375	67132.53125	52897.421875	68176.6796875
P31828	222764.015625	201433.6875	201177.109375	156806.078125	178863.203125	268056.75	207079.65625	264267.875	254976.625	280196.5	266642.65625	144416.734375	194004.203125	255149.171875	177725.734375	203701.5	245789.234375	170813.625	171295.078125	194480.09375	196784.3125	220478.953125	197926.21875	220051.8125
P31979	4480093	7131281.5	7045801	4709098.5	7332056	6862152.5	7576617	7026384.5	7573313	6895208	7296613	7844920	7255309	6646768	4811957	5003296	4594701	5288238	5129838.5	4694257	4605060.5	4794652.5	4887836	4631350.5
P31992	248501.828125	314081.03125	340585.21875	257906.078125	268829.5625	364671.9375	316633.53125	260452.1875	325144.0625	322236.4375	355938	225139.109375	173694.5	304161.375	271048.1875	327454.78125	284629.0625	246670.375	239504.0625	277020.15625	258412.875	297093.5	263458.40625	277247.90625
P32053	294362.9375	211821.46875	213684.03125	271710.75	273128.46875	213950.578125	190316.265625	222471.03125	115024.6328125	211059.984375	258302.015625	217025.875	166469.921875	201571.65625	242300.453125	288393.375	259713.71875	294906.875	268974.625	302533.1875	233049.703125	287498.28125	296933.34375	244019.28125
P32099	536977.5	739599.8125	777532.0625	565888.0625	736919.9375	675246.3125	692944.375	714934.625	693256.5	700754.125	693413.8125	665752.1875	720801	711786.25	531450.75	612011	532424.125	555225.5625	566219.125	515422.9375	560130.375	552466.75	523062.5625	568177.625
P32125	15922.2421875	26786.98828125	21566.1015625	22686.712890625	17390.798828125	22876.404296875	17749.763671875	19975.4453125	21432.8125	27026.51953125	24794.54296875	15497.984375	17884.46484375	20151.056640625	15408.4013671875	23647.76171875	16696.55859375	17543.921875	15172.4130859375	16827.6171875	22133.970703125	18121.12109375	11775.107421875	16177.666015625
P32131	1357937.875	1207195.625	1254733.75	1432104.75	1357112.5	1050392.375	1116399	1169301.375	1170015.125	1059289.375	1044748.0625	1249039.625	1371257	1143291.375	1406707.875	1393095	1389358.75	1416036.75	1428084.375	1378540.25	1419666	1457255.125	1437372.375	1340422.25
P32134	16254.78515625	15975.9423828125	18850.279296875	18433.064453125	13769.095703125	15719.9462890625	23005.154296875	16964.06640625	19432.591796875	15062.353515625	12618.884765625	19934.6796875	14317.833984375	15047.5029296875	13636.6787109375	15059.1123046875	11342.9931640625	13099.90625	12632.123046875	16866.0703125	14421.513671875	13683.8251953125	14052.900390625	10920.94140625
P32141	NA	16226.16015625	4450.23974609375	17258.021484375	13402.7578125	1440.561767578125	17337.853515625	12493.28125	9676.603515625	13658.72265625	2911.9912109375	9495.166015625	1123.6864013671875	15726.8828125	16113.64453125	12500.986328125	10389.1416015625	95915.03125	13856.083984375	12167.8203125	18012.861328125	19434	117114.6796875	14675.9462890625
P32144	85267.9140625	122662.875	127780.8984375	82334.953125	130180.15625	110245.5625	130003.34375	120814.7109375	119550.0234375	126190.7421875	111441.3203125	118547.5703125	140445.359375	132831.640625	85462.1796875	95926.0078125	79984.1171875	71010.5390625	76706	82847.6015625	84620.3671875	85487.4140625	87194.546875	74831.6171875
P32151	NA	1390.45654296875	1535.18896484375	NA	2326.751220703125	NA	2135.600830078125	NA	NA	3612.6826171875	2690.6279296875	1181.9638671875	3734.7900390625	2415.55810546875	4090.739013671875	NA	NA	2165.56591796875	1632.0758056640625	NA	NA	1290.5994873046875	NA	NA
P32157	639660.625	796554.5	765560.8125	607915.5625	814943.25	883140.4375	736587.625	727592.875	817576.9375	829530.1875	851463.6875	756369.875	720734	819109.875	616652.9375	636359	642089.5	632628.4375	608995.6875	610830.625	648289.375	599178.1875	648871.875	606239.625
P32160	150110.5	169043.484375	161264.359375	162002.078125	131259.234375	192072.390625	140761.71875	171969.328125	176455.75	186336.9375	188990.15625	130496.1328125	137035.484375	173141.6875	176415.109375	167237.296875	183054.40625	158904.09375	151264.671875	145577.59375	148674.953125	156415.515625	150525.109375	141965.859375
P32162	98555.3203125	145928.78125	146730.1875	134529.5	139632.015625	142253.671875	132007.140625	146185.890625	118537.6015625	138390.34375	151257.140625	134471.6875	129708.734375	154250.90625	140200.34375	112027.34375	118642.109375	124233.375	122144.921875	116446.390625	127484.0625	107984.890625	119153.4453125	92422.0390625
P32173	67180.46875	95221.1875	61703.96875	67574.6953125	106568.9375	92552.2265625	98524.8515625	113739.1953125	110222.7421875	105186.984375	92829.15625	92522.65625	98592.4453125	83985.6953125	87318.03125	74680.8125	81573.8359375	75178.046875	63899.3671875	66387.6484375	72611.453125	67878.4296875	80399.8671875	70764.03125
P32176	90233.28125	145463.8125	148419.359375	102364.796875	234687.65625	222605.375	120116.0625	167626.15625	197990.15625	184349.125	207099.328125	117081.1953125	147270.765625	180601.171875	91679.8046875	68367.90625	125493.8203125	86734.8671875	91344.03125	87364.0625	67889.9921875	92359.921875	85204.328125	95280.7265625
P32177	87699.34375	96642.5703125	100880.25	104907.703125	90014.953125	89893.890625	105400.8671875	112687.2265625	83427.1875	83672.5390625	94408.5234375	106928.9140625	111649.359375	81207.234375	96469.9140625	91096.359375	84950.6875	98752.3671875	96409.78125	101350.78125	99856.8203125	102740.296875	100773.2421875	86760.921875
P32662	517469.6875	488826.75	479659.25	500549.28125	463819.5625	547252.8125	448178.21875	484640.65625	445764.875	517766.21875	511581.59375	420497.21875	449696.15625	508846.46875	507862.375	576437.0625	534648.25	491929.90625	504399.84375	529793	511138.09375	492115.8125	537196.8125	482396.125
P32664	231266.453125	249097.859375	216620.421875	216846.34375	218683.953125	242773.328125	246753.296875	266518.75	276507.5625	233973.953125	258040.109375	228973.6875	201411.96875	235641.15625	238111.125	210055.40625	252939.59375	245488.296875	223517.0625	232313.015625	235753.65625	233323.046875	239244.28125	228909.5
P32669	59085.1171875	117886.859375	107562.1484375	54176.23828125	113965.9609375	113308.59375	113984.9140625	117928.2890625	97361.2109375	98752.359375	97512.9453125	140991.078125	141226.609375	82858.1484375	37660.35546875	49823.9921875	25789.4921875	28578.509765625	32269.37890625	43441.46875	38243.5703125	28540.443359375	46601.50390625	22776.921875
P32680	284632.4375	201871.5	194793.5625	311044.40625	239251.859375	140358.921875	228833.078125	178661.109375	190055.3125	194917	195721.171875	195298.296875	218347.109375	176841.5625	304594.0625	289006.90625	292936.15625	310076.15625	300439.21875	259512.171875	308008.34375	294719.21875	292343.59375	264422.5
P32684	129916.09375	104115.671875	129890.1015625	125863.6328125	111428.4140625	144497.515625	118750.0625	120207.0390625	116447.1328125	123453.796875	126683.921875	106489.6328125	108688.625	121783.234375	126562.4765625	139964.953125	132110.8125	125221.59375	119572.203125	128104.796875	127428.25	125276.8671875	122787.5234375	126663.90625
P32685	16901.46875	12336.6357421875	8068.5390625	15303.4853515625	2785.02294921875	13681.7998046875	12123.64453125	9476.1494140625	7435.3505859375	8790.0302734375	12740.8125	8595.298828125	6740.6025390625	8750.7587890625	10441.9736328125	7538.8173828125	12609.0458984375	9367.439453125	11807.2392578125	7280.78857421875	5371.12744140625	7384.33251953125	7594.7568359375	7641.40380859375
P32695	669963.8125	709279.8125	691647.4375	669391.5625	667154.5	816844.0625	720109.0625	705841.75	744402.5	745829.375	719666	729556.5	731767.3125	726628.9375	699131.25	626124.75	689965.1875	654296.0625	734532.5	698319.5625	668831.9375	681389.375	686434.4375	677006.25
P32703	72935.3125	74215.46875	84488.2890625	76862.9765625	73887.125	64382.4140625	68778.828125	64996.00390625	62043.875	60523.00390625	66009.7890625	78283.265625	81940.25	67843.3984375	72640.4140625	78377.171875	74699.75	82026.828125	69133.3984375	67097.2578125	66368.4375	60901.88671875	70101.625	63627.171875
P32705	5482.2060546875	124938.6875	159638.734375	938.89324951171875	87070.7890625	158181.828125	136137.140625	130882.765625	214952.140625	192361.484375	162484.21875	122220.59375	109151.0546875	139690.8125	3702.363525390625	1331.819091796875	6665.3564453125	2929.853515625	3942.66259765625	4000.219482421875	4740.96142578125	2506.46484375	1876.3031005859375	3581.950927734375
P32717	30737.724609375	35745.26171875	20368.896484375	21412.796875	45710.9609375	11426.794921875	19088.466796875	42503.21875	31683.12890625	40721.6640625	15851.841796875	24812.185546875	31600.330078125	26150.4375	30680.134765625	47745.62109375	39242.03125	67572.1328125	31781.83203125	29566.453125	37216.875	28239.5546875	39505.12890625	22197.14453125
P33012	149585.4375	265157.5625	234237.984375	162282.359375	225466.578125	282217.21875	238636.484375	254070.6875	251922.96875	273340.65625	259972.65625	218252.21875	208799.1875	277777.375	157633.3125	99181.7890625	159947.015625	129873.328125	150542.015625	142478.40625	127883.828125	122918.953125	159795.9375	134566.328125
P33014	117669.046875	101296.0859375	99606.515625	122779.578125	106483.1015625	177642.796875	130172.109375	95665.8125	114582.65625	124120.28125	129991.640625	114622.203125	71087.1640625	127664.140625	118108.359375	78395.9296875	112882.828125	90747.2890625	102680.6328125	92855.4765625	103412.375	85561.71875	107542.203125	103752.390625
P33018	768107.125	1474230.375	1414074.625	739410.3125	1377009	1386454.75	1431394.375	1373093	1388078.75	1421358.625	1360530.125	1458803.625	1401749.5	1303148.625	764444.5625	801724	722480.9375	838165.25	799435.1875	743112.6875	709188.9375	814413	805334.6875	693762.625
P33025	47548.37109375	318801.5	316737.59375	51923.82421875	325907.09375	291656.625	335508.875	251643.125	346329.3125	290327.40625	297889.5625	318862.84375	279216.25	280450.28125	38661.6484375	51082.359375	52094.3984375	39791.06640625	30716.900390625	41244.73046875	78948.9921875	42928.04296875	74412.609375	25106.34375
P33026	18832.341796875	9967.55078125	6957.30615234375	17860.548828125	9514.4609375	6237.4873046875	8606.5234375	10152.6220703125	8168.90283203125	9704.166015625	NA	NA	8622.3642578125	6159.619140625	17661.828125	37480.3203125	19893.904296875	16927.681640625	20408.427734375	24763.03515625	18342.5859375	16707.083984375	15256.1689453125	16695.015625
P33030	813952.8125	704534.4375	704142.125	804688.1875	682872.9375	735242.9375	666707.8125	732696.5625	706796.875	736512.1875	705939.6875	601262.5625	634316.875	666662.9375	817261.3125	926853.6875	846387.4375	866180.625	757635.6875	841390.25	847330.625	800732.1875	830904.3125	835889.625
P33136	6350837.5	6207598	6219035	6489203.5	5888846	6166140	6097028.5	5992500	6155467.5	6170642.5	6353893	6206875.5	6232205.5	6271642.5	6298380.5	6285513	6364353	6583420	6606888	6341641.5	6359610	6380668	6438668	6247994.5
P33195	1763385	2495752.25	2437154.5	1570015.375	2466203.25	2101781.25	2471758.5	2290823	2359819.75	2277952.5	2240476.5	2633985	2656741.25	2266922.25	1585262.75	1585063.375	1550155.125	1576375.375	1679518.125	1582851.125	1550860	1655135.25	1678419.5	1554064.75
P33218	181868.546875	266170	288009.1875	176868.5625	248527.359375	305074.59375	240211.125	255185.703125	258732.46875	299487.28125	258413.46875	191995	216463.4375	282380.53125	188353.265625	193609.5625	204440.84375	172359.25	175487.671875	164659.1875	175398.078125	181727.3125	195584.234375	187854.625
P33219	1334452.625	2236709.75	2303388.75	1193698.25	1957191.25	2937194	2040442.75	2330912.25	2802550	2722278.5	2681238.25	1800742.875	1886362	2256269.75	1560229.125	1579463.75	1854558.125	1498395.625	1438494.875	1445122	1400685.625	1478020.5	1365898.25	1651301.125
P33221	6052406.5	5737861.5	5823649.5	6237650.5	5557755.5	6076773	6619642	5861539	7218979	5964165	6028501.5	6183159.5	5501723.5	5689847	6291918.5	6058522	6071840	6015458.5	6180858.5	6257905	6339186.5	6351131	6460190	5977882.5
P33224	280395.21875	436219.25	426688.375	244339.78125	359737.9375	517751.09375	393058.6875	407372.4375	504889.84375	512322.59375	539722.875	352705.15625	391739.5625	529948.5625	252972.375	239010.546875	287691.3125	227658.53125	256620.828125	276161.84375	288020.0625	248999.640625	275449.65625	265911.75
P33225	162310.75	228710.5	229595.953125	177718.109375	203991.265625	234360.4375	208675.015625	209175.546875	233571.453125	225634.890625	233485.0625	175657.296875	169763.328125	215164.8125	165463.6875	109515.796875	188146.125	152945.453125	143652.515625	135617.28125	165912.03125	152830.125	179797.34375	150632.859375
P33232	1109403.875	1789479.375	1767569.875	1064206.375	1733606.625	2049557.25	1848668.75	1616530.5	1880556.25	1764693.875	1755977.375	1753120.125	1641417.375	1586295.5	1122293.125	1200498.375	1069926.875	1307378.125	1167609.5	1226316.5	1079016	1151173.25	1098359.625	1248415.125
P33235	NA	218085.15625	71352.7109375	269649.28125	95851.5	197888.859375	85704.7109375	202148.546875	154877.859375	333503.65625	224075.953125	171199.375	194177.671875	553126.5625	NA	NA	83607.1484375	NA	NA	NA	NA	NA	NA	94469.15625
P33343	54970.04296875	33573.00390625	43633.828125	42269.171875	19366	27080.3984375	51929.77734375	24900.4375	35890.30859375	27746.669921875	41320.3359375	31609.34765625	35250.359375	42797.6484375	15799.7724609375	42592.2734375	35254.59765625	43759.390625	19567.306640625	31378.150390625	38382.125	37171.2109375	36253.9296875	29881.404296875
P33344	NA	NA	NA	NA	1254.1162109375	1424.64990234375	247.18157958984375	1611.4771728515625	220.37820434570312	3368.75830078125	7266.57568359375	433.0226135253906	2037.85400390625	4751.12939453125	NA	2519.399169921875	387.0843505859375	NA	1837.3101806640625	NA	NA	1559.3792724609375	2264.955810546875	412.2628173828125
P33355	146491.3125	129028.109375	144472.859375	133726.75	145799.90625	134980.625	141475.796875	139809.6875	137086.234375	133746.140625	131954.90625	124321.5703125	126947.765625	131645.953125	137344.984375	128861.4765625	143538.609375	131167.25	123744.1796875	136825.71875	129784.2421875	134245.21875	135759.328125	129667.4453125
P33360	327669.8125	287665.0625	284128.875	275894.0625	243660.203125	285721.75	279418.625	279467.53125	334393.40625	332333.375	301359.4375	252482.28125	246931.90625	311669.125	306642.96875	350224.25	338914.34375	283346.5	304933.6875	296376.03125	309451.0625	331581.875	291246.25	311400.71875
P33362	839045.5	1267469.375	1361358.5	787199.5	1143715.875	1772605.875	1283664.5	1411016.25	1533936.125	1703373.25	1607148.75	1096320	1215971.125	1494295.75	890215.0625	867118.125	1010343.4375	816622.5625	820856.3125	850227.6875	947987.3125	906986.1875	868095.5	978747.625
P33363	1703492	1976444.875	2106850.75	1639028	1953886.125	2058047.5	2015234.25	2028279.5	1903392.125	2041380.25	2029833.125	1962993.25	2039652.25	2052398.625	1566899.5	1658890.75	1597133	1725674.875	1631050.625	1589302.625	1569689.625	1653663	1596321.875	1607837.25
P33368	166085.53125	180415.53125	188392.03125	135785.359375	207222.0625	243413.359375	227515.875	213177.84375	238726.953125	230326.671875	222830.109375	174389.15625	174957.625	226250.515625	180779.328125	146302.640625	211422.921875	169117.59375	156763.359375	153620.828125	161071.640625	173163.4375	174078.75	165194.875
P33371	2240.20947265625	6100.67529296875	NA	2112.4697265625	NA	NA	5462.40869140625	NA	NA	2036.505859375	NA	NA	NA	NA	2299.14599609375	3398.226806640625	3603.94970703125	2667.7900390625	5029.69287109375	3438.76708984375	3299.378662109375	2238.645263671875	3199.073974609375	2566.434326171875
P33570	6366575.5	6699226.5	7087101.5	5582221	5863535	8484991	6937080.5	6771469.5	8145279.5	8428042	8333559.5	6132699	5770317	7704806.5	6401228	6088289	7291757.5	6195397	6570785.5	6327559.5	6428680.5	6575608.5	6368281.5	6978877
P33590	1191502.625	1397265	1225372.875	1427905.625	1551625.875	1080909.125	1069497.75	1700493.875	809437.625	1239829	1400040.75	1330806.875	1716494.125	1996176.5	1059628.5	996505.9375	923225.9375	775720.5	1137795.125	1087787.625	1133406.125	1177654.125	1268956.25	992783.375
P33593	135399.71875	115497.484375	108720.9921875	156815.5	132415.625	76296.5625	113862.2578125	162481.703125	82159.421875	114677.6796875	107400.8984375	124130.5859375	160396.828125	189838.828125	112046.5546875	107040.7265625	95483.1796875	84749.6015625	127706.3359375	121076.9375	120037.1015625	130159.578125	144244.265625	106755.390625
P33594	344192.1875	282793.78125	265540.21875	410111.875	370089.71875	202556.90625	275963.09375	366854	184972.859375	246169.828125	277277.4375	313231.5625	370445.5625	429481.40625	320331.15625	327323.28125	270255.6875	293833.90625	343391.84375	286118.03125	305936	334481.71875	376940.28125	265867.59375
P33596	1173.9212646484375	1524.3619384765625	31799.34765625	5339.166015625	20523.07421875	13823.974609375	9681.447265625	7512.8623046875	4939.3251953125	11351.4072265625	10485.0517578125	6896.328125	5628.47705078125	8183.51513671875	NA	2174.041748046875	NA	10223.91015625	6521.03173828125	7408.13623046875	163.66372680664062	9173.19921875	3267.501708984375	2153.74658203125
P33599	5576929.5	8332161.5	8445671	5843372	8776660	7801967	8851509	8034912.5	8758160	8073635	8029028	9384685	9114418	7536377	5659819	5410238	5335909	6351186	5984912.5	5454265.5	5397901	5687259.5	5793919.5	5496075.5
P33602	6433931	9292910	9485397	6746159	9314722	8875215	9807317	8820102	9836298	8737000	8723983	10598914	9964578	8335663	6467563	6655468.5	6053930.5	7502392	7058466	6245409	6170001	6593801.5	6666245	6548665
P33643	835371.3125	728112.3125	720639.875	864233.1875	758320.75	764603.25	722563	746205.25	754278.3125	815566.8125	763316.625	650836.25	759094.8125	768727.8125	850390.8125	819309.875	880402.75	839068	827359.25	846252.8125	889991.375	849822.625	827693.1875	850750.25
P33644	410518.3125	440229.71875	481868.34375	404294.59375	430255.375	494017.84375	434003.34375	461252.625	487083.875	458539.4375	486640.1875	403551.34375	454239.59375	476607.90625	432092.96875	382598.8125	431879.34375	399075.46875	402065.21875	436453.28125	439819.1875	429099.25	414796.84375	430158.9375
P33647	NA	8931.53125	6906.98583984375	6042.02734375	7624.05322265625	12483.6943359375	8544.798828125	11197.806640625	6796.8486328125	13804.9365234375	11510.080078125	11060.5439453125	10951.9482421875	7433.109375	NA	NA	6440.78125	7945.04052734375	NA	NA	NA	6581.58203125	5095.2666015625	NA
P33650	1599954.875	1112876.25	967687.875	1268529.625	751886.25	550176.125	1024972.375	1158882.125	949516.9375	1395378.25	1592321.875	867182.75	431722.40625	2066468.25	1794718.25	1516955.5	1760904.125	1591758.125	1784182.75	1311921.75	1484341.125	1215293.5	1578380.625	1423374.375
P33667	44348.35546875	41411.99609375	31200.435546875	56427.83984375	21871.369140625	21861.6953125	16145.9072265625	50081.59765625	26482.841796875	53521.4375	2649.399658203125	24248.5703125	17168.259765625	25851.60546875	24208	32620.85546875	24773.333984375	37376.9765625	28237.498046875	30325.728515625	174.5535430908203	16306.083984375	21253.076171875	16056.74609375
P33913	602582.4375	855465.875	761297.125	592201.8125	809673.3125	795682.6875	843073.5	771341.4375	884482.6875	721672.0625	747761.625	757703.6875	842161.0625	765273.25	714971.0625	629479.125	624656.3125	635254.0625	601816.6875	609827	465306.4375	588230.3125	553632.5625	657401.375
P33916	159289.703125	152266.765625	168004.46875	169576.4375	178207.984375	214437.015625	183127.578125	170296.515625	178628.890625	197576.671875	177080.84375	168484.984375	152329.453125	158248.40625	171888.3125	195176.84375	157745.890625	196795.09375	169682.546875	161909.421875	151147.828125	154395.5625	180825.234375	137685.546875
P33919	108419.9609375	82208.3984375	106400.1640625	116635.921875	84231.921875	69627.1484375	96529.453125	64004.38671875	95613.1171875	77843.0078125	75860.5078125	62598.953125	80103.3984375	72087.4140625	90587.7109375	95013.0625	107263.078125	106033.859375	103754.3203125	109104.765625	107036.40625	111651.6796875	94794.6953125	95531.375
P33920	1339812	1328638.375	1321736.375	1345208.25	1384226.125	1237013.25	1358209.25	1356726.875	1239723.75	1191627.75	1194191.625	1323375.625	1227824.625	1265276.25	1303557.375	1410955.75	1307727.625	1380175.875	1273374.5	1353691.25	1317864.5	1370370.25	1343212.75	1330363.375
P33931	NA	993.829833984375	1034.9317626953125	NA	858.3494873046875	NA	321.93292236328125	773.5921630859375	772.29754638671875	468.4212341308594	1094.3876953125	1646.772705078125	2533.938232421875	1242.374267578125	NA	NA	NA	396.0359191894531	946.88922119140625	NA	NA	NA	917.0980224609375	NA
P33937	292716.90625	442843.875	348592.375	323817.09375	446050.21875	404619.78125	435756	527989.875	387476.03125	443760.3125	462170.09375	469843.84375	598746.125	499064.4375	285954.8125	241636.90625	266550.46875	218642.1875	307250.96875	253879.21875	271976.5625	277419.6875	306875.96875	269605.125
P33940	542232.8125	1019924.6875	1001027.9375	715087.625	1056730	776264.8125	1184616.5	1031052.125	963098.875	884057.5625	774320.3125	1180421.625	1155276.125	800409.4375	481604.71875	485845.03125	460150.5	456564.8125	420971.25	564370.875	512692.3125	612377.4375	571342.625	489483.375
P33941	129169.0703125	86757.2890625	68054.34375	106626.59375	76887.9375	42835.64453125	105701.1875	91362.75	94813.7265625	69287.40625	63560.8046875	69082.9140625	75737.9296875	49927.515625	110054.359375	109856.828125	98376.296875	123037.0390625	105917.28125	112022.2421875	121177.46875	135056.6875	116817.046875	122340.125
P34209	657215.0625	992579.4375	987311.125	701111.9375	957362.6875	924363.625	1037533.4375	996330.375	1127112.375	1028438	964267.8125	923754.3125	1051345.125	1029563.3125	760674.375	744573.9375	747279.375	749720.4375	729732.25	802351.875	755151.5625	712487.375	766027.875	718912.0625
P35340	6207269.5	5753584	5568625.5	6871135.5	5951191	5190193.5	5526151.5	5160982	5145155	4864130	5085025.5	5938984	5535961.5	5010372	6059129	6574532.5	5817257	6021542	6209084.5	6438669	6464388.5	6519210	6446957	6056479
P36548	253886.5	203510.15625	213634.3125	276884.65625	224449.015625	186232.390625	201005.40625	216888.3125	212811.390625	220918.65625	217277.78125	200024.640625	191008.6875	220955.265625	256054.6875	267663.40625	242130.9375	271754.6875	231933.1875	253712.109375	224753.3125	238847.75	263363.96875	259950.015625
P36553	278462.21875	361494.125	278210.4375	299500.125	315640.0625	285549.78125	336838.46875	318445.53125	326591.78125	293275.09375	327244.78125	303392.71875	325090.125	289863.5625	328541.96875	306714.75	296285.5	334655.0625	332854.25	301606.65625	325420	320769.21875	335571.90625	289532.4375
P36562	98107.296875	141381.390625	117743.1015625	118029.0078125	140571	118008.6015625	129523.09375	120958.25	121743.2109375	114559.3515625	122204.1796875	129580.4921875	146615.828125	131251.09375	117500.2578125	125531.078125	120600.171875	125309.625	116571.609375	106749.53125	107242.9296875	114484.4765625	103757.9609375	125582.2265625
P36566	124185.375	125956.6953125	109232.15625	140091.3125	77138.234375	100655.6796875	83330.359375	111568.890625	108415.046875	94354.9453125	115111.4296875	89492.3125	99459.1796875	98235.25	126121.9921875	125738.7578125	126588.7421875	146637.140625	112433.6875	126390.640625	141344	126426.375	126903.765625	103872.578125
P36649	422378.53125	532762.3125	437047.125	379336.9375	476491.40625	450573.625	527331	441378.8125	643285.125	436178.53125	467359.65625	564722.6875	467476.625	461088.40625	402423.15625	364303.5	478988.90625	422742.28125	392601.25	433239.875	415591.15625	429765.125	403151.65625	418783.34375
P36655	324260.28125	297538.65625	318705.3125	283284.53125	255848.171875	295821.40625	282518.9375	262491.625	294874.9375	322914.6875	333541.375	282674.375	301497.0625	343061.5625	295999.65625	272161.6875	306717.5	307171.90625	293615.1875	295859	309598.8125	292061.21875	325718.34375	331762.21875
P36659	980647.3125	1375306	1337246.125	1028247.6875	1388226.5	1217543.875	1257005	1260234.375	1258437.125	1282571.5	1374099.25	1335225	1332263	1453138.625	1044538.4375	891488.5625	993103.125	885188.6875	979165.4375	1014727.5	1025070.3125	955147.1875	1127720.125	911404.4375
P36667	8777.1279296875	NA	NA	10768.68359375	4180.79296875	NA	NA	NA	NA	NA	NA	1107.4923095703125	NA	NA	9927.8916015625	13767.9248046875	7886.35595703125	12377.947265625	8937.73828125	8176.86572265625	7181.3408203125	11026.9765625	13153.7880859375	9644.498046875
P36672	49947.9140625	NA	NA	48604.36328125	NA	NA	12175.5888671875	5958.0791015625	NA	NA	NA	8872.826171875	7041.52294921875	NA	29867.455078125	29299.34375	23943.73828125	26568.400390625	36603.48046875	45667.6171875	36379.7421875	44032.01171875	35429.2578125	39972.15234375
P36673	153142.015625	202287.625	189016.78125	203237.625	194916.34375	183766.34375	187606.75	206907.984375	209726.921875	203747.203125	191575.1875	173407.34375	203401.1875	177284.796875	177669.0625	193480.4375	173283.921875	187105.5	165107.4375	167107.484375	200373.703125	163528.796875	182171.078125	171263.8125
P36680	490695.53125	285651.5625	299638.25	504555.75	393522.40625	231477.359375	370601.5	334603.96875	315851.71875	294165.75	258176.59375	387966.53125	378475.71875	300542.9375	510393.875	465496.53125	475286.875	534884.75	502708.84375	511990.90625	532351.375	501334.78125	448064.375	537302.75
P36683	32059972	94356472	95288240	33506612	92516656	82294608	93352480	79535392	87834792	82836088	79482792	105686016	83113496	74007592	32559268	34018560	29218422	38969968	34416192	31390920	30757276	33063464	31973796	31887790
P36767	1082657.75	1031152.1875	953189.75	1114279.25	1165334.125	945019.3125	1044362.125	1031259.1875	1027544.75	975187.125	972083.0625	1121644.375	1130915.125	974153.6875	1130259.75	1176484.625	1119816.25	1185359.5	1087197	1105226.125	1045935	1146286.625	1135734.875	1014628.6875
P36771	182200.6875	249237.953125	231206.15625	197030.3125	296809.78125	163517.5	234692.234375	257663.5	168870.234375	176849.21875	187390.71875	299264.0625	339072.03125	214495.15625	168733.171875	142680.03125	144575.078125	145952.03125	165902.671875	179966.9375	173706.34375	184887.9375	196918.5	162521.3125
P36879	512131.46875	430526.78125	461405.84375	488845.0625	505458.875	294529.46875	462773.03125	429086.4375	412835.875	373721.8125	345100.90625	510621.78125	508979	407740.875	493922.28125	456319.71875	463809.78125	487956.5	465387.5625	480866.65625	492286.59375	479703.21875	456439.03125	476281.09375
P36928	190632.4375	111043.734375	99955.609375	179730.1875	97816.0703125	96729.2265625	102778.34375	92242.53125	105377.296875	112039.1328125	96345.65625	102851.3984375	80056.9375	94449.1171875	169754.828125	198810.265625	194543.328125	189848.234375	177352.375	158649.09375	199681.046875	195927.90625	170851.78125	179976.15625
P36929	606081.875	562762.25	543564.0625	543785.6875	543398.875	566871.8125	524863.5	556324.875	552034.6875	545599.9375	582708.125	525771.1875	527886.25	555135	546602.1875	545514.0625	568367.625	532839.75	549964.4375	511996.71875	545439.625	522607.09375	542994.6875	539887.6875
P36938	4165361	5615227.5	5818392	4019216.75	5509860.5	5363347.5	5547836	5356045.5	5178560.5	5444215.5	5520995	5476543	5667945	5458156	4078201.75	4133563	3915642.75	4169705.5	4033993	4065553	3880205.5	4196678	4039139.75	3952435
P36979	1128408.875	920841.5	902806.4375	1158542.5	981024.8125	743765.4375	944759.875	879581.5625	868063.5	891442.3125	797730.3125	983515.5625	936912.125	826808	1120710.125	1136996.125	1113220.5	1175173.375	1124311	1117493.25	1134107.5	1126958.25	1106844.625	1084803.375
P36995	1049114.25	456595.53125	473023	1068625.125	394213.125	886412.625	388859.28125	585497.0625	632043.3125	721411.75	716897	325586.25	481360.53125	715786.0625	923191.125	676201.1875	1075205.75	732231.25	992962.8125	959439.625	1017833.25	596880.75	769487.125	800644.125
P36999	130274.140625	136360.046875	135308.609375	139836.859375	107842.75	126464.7421875	113855.0703125	138091.3125	116131.9609375	112189.875	134528.796875	104020.8984375	127337.375	135531.6875	151445.296875	154301.578125	152117.328125	140290.46875	149960.765625	117888.03125	133311.96875	99052.1328125	136033.796875	136481.390625
P37005	174703.484375	112687.7734375	110675.5859375	185704.890625	119252.90625	90591.953125	111039.3984375	92636.7421875	107421.7578125	107397.5625	92553.4921875	113136.9453125	103520.3046875	95021.046875	179178.296875	163156	168029.9375	186959.59375	177473.265625	174022.859375	156835.84375	167663.96875	182055.328125	159882.984375
P37019	31448.208984375	33653.60546875	36212.78515625	29865.849609375	32159.958984375	27828.10546875	36106.6640625	36905.85546875	39192.60546875	33885.19921875	33471.73046875	34801.59375	34512.578125	38802.65625	27576.2890625	20512.5234375	27807.255859375	24755.10546875	21352.58984375	28583.044921875	26082.439453125	26062.693359375	27611.5625	28762.7578125
P37024	95497.125	124109.4140625	112629.09375	104028.6875	96707.9609375	95742.3359375	125412.9453125	85532.25	88750.0703125	58337.5	73274.78125	120886.71875	131229.828125	88161.9375	89635.265625	108719.4609375	118494.140625	85038.984375	87614.171875	86084.8984375	77469	94574.53125	85054.8046875	111173.5078125
P37025	4388.72607421875	6292.6865234375	7236.26318359375	4476.75537109375	5503.5087890625	4144.47412109375	6819.9130859375	6635.091796875	5241.87548828125	8085.86767578125	7796.1279296875	6436.19189453125	6770.724609375	6677.45947265625	4667.037109375	5878.49072265625	5845.60400390625	4480.0771484375	5002.75537109375	4328.787109375	4500.7724609375	6189.19873046875	5179.01708984375	3132.4599609375
P37028	52776.6953125	60027.90234375	60658.0703125	55968.24609375	43134.9609375	72309.1796875	61710.08984375	61216.3671875	67905.9375	63164.35546875	71618.609375	57856.75390625	54992.8125	68069.109375	44980.40234375	39560.70703125	60099.765625	50372.31640625	56126.08984375	40389.921875	48126.39453125	48325.59375	53518.3828125	42673.609375
P37051	4623454	2550918.75	2334757.5	4712227	3043265.75	1681440.625	2683348.75	2393455.5	2162597	1911253.375	1915023.375	2873244.5	2696686.75	2162068	4623708	4887573	4373845.5	4895025.5	4611700	4737159.5	4659063	4736535	4763180.5	4598193
P37052	95911.9296875	80217.46875	72749.9921875	90874.6328125	89911.625	72068.1796875	82457.96875	79046.1171875	76881.109375	70980.7890625	75249.1015625	86597.734375	89531.953125	77673.2734375	91896.890625	86382.96875	94436.734375	97041.5	101705.484375	79705.53125	75050.796875	88158.234375	95664.1875	81163.421875
P37095	5035750	6660545	6815858	5230518	6263140.5	7646495.5	6506427	6916972.5	6710520.5	6852572	6856407.5	6743392.5	7360035.5	6680519	5063220.5	4566657.5	5021975.5	4939539.5	5101270	4778113.5	4924233	4794235	4878749	4921428
P37128	1593219.375	1237753	1194967.25	1481369.125	1159325.375	1244123.375	1202269.75	1197886.5	1126101.75	1175802.75	1185255.125	1113525.5	1117721.625	1199495	1518915.5	1667697.625	1488303.625	1493967	1386172.625	1600482.625	1460581.875	1504276.125	1503574.625	1426577.5
P37146	580805.625	331577.125	397527.84375	407085.125	268599	355058.0625	511808.84375	404486.3125	508584.09375	348531.90625	272000.59375	220413.203125	209119.65625	294494.15625	411247.125	642088.9375	570036.75	536088.75	371857.78125	592432.625	529182.1875	734162.1875	446494.90625	559001.375
P37147	9740.1669921875	16807.2421875	20423.626953125	11442.013671875	9203.7119140625	16188.8642578125	14694.375	18496.865234375	20182.630859375	14576.4111328125	18933.498046875	7533.06494140625	14405.099609375	14424.923828125	10700.162109375	9482.314453125	9131.7255859375	7606.8896484375	8909.595703125	8821.3037109375	7625.27783203125	4808.93505859375	8400.75	11409.572265625
P37177	1203141	1225248	1265807.625	1216530.875	1271900.375	1135059.375	1306152.875	1199930	1253499.75	1235696.875	1206832.25	1266678.75	1375689.25	1231771.5	1167082.5	1221840.25	1226543.25	1277180.75	1239563.625	1242328.375	1194586.625	1243773.625	1238747.5	1199351.125
P37182	164373.09375	211757.6875	195062.078125	190915.578125	225668.109375	204350.3125	175672.421875	265385.3125	174210.015625	186088.40625	187907.96875	219963.359375	255127.0625	245537.359375	164813.90625	142054.96875	135160.09375	135009.796875	151415.546875	148442.84375	134156.125	152156.4375	160740.15625	134780.65625
P37188	5735436.5	30774166	34257272	8730642	34104944	33838496	33479956	32311022	29217552	31149856	30371894	32277068	29367424	31426710	7315967	7018476.5	5106587.5	5177133	6181706	6189094	5677157	5869996	5710179	5232033.5
P37194	2042550.875	3440756.5	3215959	2160054.75	3317543.25	2287244.75	3232675.75	3034716.75	3338396.25	3072319	2762057.75	2985083	2566855.25	3032223.25	2113522	1897152.75	1891995.75	2108902.5	2237811.75	2145214	2199666.75	2043635.125	2454909.5	2002634.125
P37197	78533.5390625	93772.8828125	95647.8515625	95260.2265625	115303.3046875	80430.7109375	92918.34375	115009.2578125	64174.42578125	72319.3671875	76620.890625	119004.34375	139664.390625	105835.28125	76080.3046875	71557.203125	59947.45703125	70902.390625	85861.28125	68833.71875	76594.2109375	74629.828125	89128.2734375	70392.21875
P37313	1763067.5	2372627.5	2426163.75	1969766.5	2539624.75	2597286.75	2404410.5	2417220.25	2302956.25	2487176.5	2572402	2522125	2502691.75	2481200.75	1643306.875	1516294.875	1489555.25	1521759.125	1617391.25	1606953	1588669.25	1553863.375	1660725	1570261.375
P37325	11770.2470703125	15999.6630859375	14160.806640625	11693.7685546875	11096.6279296875	14928.865234375	14619.3427734375	7395.591796875	14565.197265625	9274.7763671875	15017.650390625	13004.607421875	12763.37109375	10073.5927734375	4340.076171875	11538.583984375	9382.7685546875	5877.9326171875	6311.9501953125	5981.611328125	5734.52392578125	8062.060546875	9795.625	12039.0126953125
P37326	3586.04541015625	2662.591796875	2220.3173828125	4248.564453125	3204.4609375	958.42999267578125	2138.170166015625	NA	3996.147216796875	1141.083251953125	NA	2220.934814453125	2135.8857421875	1760.259765625	4631.9716796875	4505.0048828125	3954.867431640625	2322.955322265625	4096.5009765625	5864.62158203125	3908.833251953125	6365.669921875	5226.49609375	4052.922119140625
P37327	16202.7373046875	23183.302734375	21178.654296875	13578.6572265625	7833.31396484375	33592.421875	17475.18359375	19572.048828125	27263.978515625	24751.0390625	24731.287109375	10806.91015625	12594.4619140625	23685.0078125	8966.9609375	13640.7138671875	12965.5302734375	3897.5751953125	5264.9169921875	8648.287109375	7529.43798828125	9180.935546875	7389.27392578125	9811.3271484375
P37329	312087.6875	854297.8125	830953.875	295105.34375	604098.6875	1000900.6875	814591.125	925018.6875	866441.5625	983267.8125	895492.9375	637544.3125	876883.875	965578	278623.28125	297267.03125	301965.9375	316699.96875	253281.8125	300327.96875	331902.5	321171.0625	313687.9375	318404.53125
P37330	1096087.25	2167889	2158244	995876.3125	1997195.375	1870474.875	2192471.5	1999101	2099392.5	1994432.125	1872350.5	2162781.75	1908032.75	1791343.125	1139936.875	1015026.375	1171881.75	1139009.25	1190657.25	1073615	1038211.1875	1140545.75	1059793.5	1153090.125
P37339	64173.79296875	191310.40625	211717.109375	27428.48828125	174034.296875	242837.671875	202842.5	197018.03125	274460.0625	261150.109375	217634.875	154059.9375	159027.703125	190971.484375	38105.28125	32219.51171875	51333.4375	34887.94921875	43908.79296875	59726.2265625	58929.98046875	34338.70703125	60006.13671875	68385.359375
P37340	553.81097412109375	NA	NA	866.64093017578125	NA	NA	NA	NA	NA	NA	NA	871.1337890625	1082.918212890625	NA	NA	NA	NA	NA	NA	NA	NA	NA	NA	NA
P37342	579797.3125	386009.375	332770.0625	700881.5	372168.4375	319011.5	391455.03125	401351.9375	272661.59375	339322.6875	345550.90625	389576.375	395173.5	442313.65625	558298	592292.5625	467976.03125	503585.1875	563749.875	534956.5	563937.0625	601840.5625	635580.375	500845.90625
P37344	149146.96875	135713.046875	142747.828125	152290.546875	145685	113566.2578125	152538.671875	141845.203125	140664.234375	131635.234375	130124.671875	141723.609375	152211.109375	129406.828125	147656.703125	173244.359375	144163.390625	151265.921875	158476.53125	131611.328125	152427.671875	152029.3125	140788.78125	151882.734375
P37348	36044.99609375	53150.1953125	49411.77734375	36849.296875	43643.0234375	44697.984375	41510.91796875	44017.73046875	41753.37890625	46887.36328125	44002.25390625	43216.86328125	36283.984375	46085.61328125	41037.8125	38825.45703125	43247.3125	45784.75390625	43513.8984375	38980.95703125	34959.58203125	41485.9140625	43153.96875	36508.44140625
P37349	1718521	529292.9375	458363.90625	1847673	582343.8125	406563.75	478108.96875	517361.65625	464230.5625	476782.5	479295.78125	520677.5625	605887.6875	524787.1875	1569244.375	1868357.375	1397928.625	1714602.25	1567404.875	1618841.75	1550042.125	1726043.25	1664479.125	1516940.875
P37351	145486.9375	243297.375	217669.59375	137766.84375	268349.5625	219676.21875	247393.828125	191619.046875	249504.078125	174744.640625	154469.703125	242414.484375	246702.453125	201452.78125	121888.6015625	127589.5390625	116365.3828125	106975.984375	134781.859375	114416.4375	121198.125	116650.7578125	126775.4140625	117791.4921875
P37353	45032.6953125	34660.55078125	45031.24609375	50321.1640625	39891.8671875	48760.4453125	49533.65625	24873.224609375	34527.88671875	54600.7265625	21434.21875	52628.6640625	46217.30078125	39418.35546875	51153.84765625	45998.328125	53941.57421875	77540.671875	52992.19921875	44605.16796875	45891.38671875	32955.2578125	53603.3515625	38563.08984375
P37355	2189.268310546875	2675.750244140625	2276.450439453125	2465.3203125	2137.16650390625	2106.31494140625	1928.378173828125	2179.507080078125	2380.5517578125	2684.157958984375	2222.73828125	2209.505615234375	2162.6044921875	2913.531005859375	3367.003662109375	2447.5166015625	2092.031494140625	2034.882080078125	2671.645751953125	4372.64208984375	2334.66259765625	NA	2778.246337890625	1474.490478515625
P37387	354618.4375	255383.59375	185470	NA	282978.03125	240149.234375	243736.078125	214456.765625	299368.59375	373497	343851.6875	268053.5	315905.28125	293813.84375	196676.421875	NA	67300.9296875	126109.5625	NA	171082.828125	NA	59408.2265625	110597.6015625	106677.4453125
P37440	332207.1875	1657252	1682377.625	369334.6875	1810716.25	1493388.875	1620715.5	1665239.25	1471873.25	1448963.75	1472155.375	1738527.125	1930982.75	1512846.875	292936.28125	300275.6875	248264.109375	263546.53125	264493.5625	313613.28125	283296	278957.0625	295624.28125	299136.65625
P37590	110480.375	215218.78125	222540.734375	117952.53125	178731.796875	203120.890625	178767.484375	188641.5625	185303.625	181120.96875	194743.953125	196026.59375	191201.3125	169438.1875	119465.8671875	94900.6171875	122410.8515625	108253.1015625	127184.28125	116247.046875	110054.9296875	85018.6171875	108657.5859375	106368.0859375
P37595	530600.6875	719455	689991.3125	544730.5	827355.875	608966	677954.5625	727358.5625	647438.75	707267	666634.1875	715292.5	813923	712709.8125	540247.875	561677.625	522863.125	574622.125	565634.625	517349.15625	494303.90625	578457.5	569356.5	552031.375
P37613	81991.6015625	59510.71484375	56978.109375	81851.3515625	74589.0234375	54492.8046875	64246.48828125	62790.828125	63057.8203125	60835.1328125	59762.76171875	73977.890625	71635.390625	57143.7890625	82997.140625	81758.3828125	74852.34375	69734.28125	77312.640625	75151.8046875	74416.6796875	76839.0859375	74659.21875	72421.6015625
P37615	266381.15625	283045.25	269108.90625	257985.578125	314020.03125	309753.65625	310670.4375	324041.875	326812.71875	303402.59375	346578.34375	303667.59375	323960.46875	336981.84375	268002.40625	259761.1875	268536.09375	275036.25	253965.359375	214520.9375	214497.4375	239382.671875	288150.9375	219859.71875
P37617	99723.8671875	90509.0859375	86157.7109375	77249.2265625	87965.546875	114578.2109375	82943.5546875	161547.84375	113583.1484375	125529.2265625	97662.8671875	80518.8359375	104165.3828125	93006.78125	97198.2421875	72479.1796875	85216.140625	91568.953125	81750.4375	77053.359375	86985.40625	100563.0234375	99715.2109375	102060.3203125
P37623	20638.720703125	30343.642578125	26581.869140625	17924.86328125	28601.412109375	26998.837890625	26007.94921875	20587.49609375	24904.01171875	23772.00390625	21339.1875	21333.666015625	25285.07421875	19669.068359375	14050.55859375	10265.4580078125	20774.626953125	13641.046875	9043.328125	13233.8115234375	15528.3876953125	6453.72509765625	13324.6005859375	12732.7685546875
P37624	308513.21875	527885.5	490540.5625	327325.3125	513620.375	258288.046875	503990.40625	443088.03125	408416.28125	391260.90625	370057.375	535203.0625	470169.375	408893.59375	303756.09375	375936.0625	300855.375	419869.71875	349062.28125	347211.6875	286277.5	402167.25	336743.5625	306481.8125
P37626	1187184.75	2129817	2180507.5	1310183.125	2414374.25	1473129.5	2219732.5	2033740.5	1764946.5	1806995.625	1730407.75	2360575.75	2037530.25	1912667.875	1184239.875	1450479.5	1037648.8125	1499880.375	1193648.25	1287782.375	1269471.125	1361917.75	1200105.875	1201828.875
P37631	130653.1640625	129632.2578125	119941.046875	136930.375	103919.2890625	116229.5078125	116916.390625	119520.6640625	126429.46875	124297.8828125	102205.859375	111367.1015625	104179.34375	126186.3515625	124922.640625	141815.65625	129806.6640625	123646.71875	129492.2265625	125889.6015625	123649.90625	126661.2578125	127639.265625	129556.9296875
P37634	462561.03125	306940.28125	318876.1875	418299.875	347735.625	307035.375	320987.875	276108.625	328708.71875	317782.625	328772.21875	305252.4375	309215.1875	299977.78125	436362.96875	425816.28125	415165.28125	424933.6875	433215.46875	415934.28125	440735.03125	394894.21875	393256.9375	396307.71875
P37636	840825.125	877861.4375	888031.75	767754.875	613648	1128000.25	790443.9375	890635.5	1043472.5625	1098163.5	1203333.875	597151.6875	730332.625	1317128.875	755175.6875	644045.3125	831016.9375	531331.625	716888.875	836126.8125	873857.5625	698463.5	912967.5	767692.0625
P37637	513987.03125	478545.71875	497474.3125	441226.875	337621.5	557391.125	438851.625	458911.40625	591692.875	603280.625	651423.625	304425.5625	390189.3125	641846.9375	476779.5	374443.46875	499874.78125	356018.3125	470421.03125	477406.15625	521389.59375	446920.5	540507.875	444249.28125
P37642	123421.90625	111145.0546875	123544.1640625	102193.0234375	101033.5234375	138579.9375	118677.75	111537.46875	122018.8984375	132164.796875	145334.265625	99829.984375	84329.2734375	141343.625	112953.25	110632	124560.3125	105935.6328125	98876.8984375	123074.4140625	113098.1328125	104236.421875	108304.0546875	123922.3125
P37643	743941.75	158148.15625	143416.03125	655393.75	92524.8125	172007.734375	169524.28125	150326.0625	217752.109375	200618.59375	219431.40625	175729.0625	117026.625	136687.84375	575167.875	661306	438135.5	604593.1875	441985.84375	595835.75	580745.375	533110.3125	496962.875	604218.25
P37645	269251.65625	506078.75	527453.5625	236122.34375	398890.53125	737423.6875	502335.15625	501336.8125	689798.25	686233	687038.875	431261.59375	446716.5	621544.875	247193.265625	232195.546875	299222.25	279972.0625	272822.53125	229135.4375	268685.40625	239085.578125	234467.75	287672.875
P37647	612461.6875	769456	772142.8125	634440.4375	708065.375	859413.9375	788120.625	785248.1875	759883.25	775046.875	809285.3125	748735.8125	747773.4375	768837.9375	607757.6875	581492.6875	606514.6875	563244.4375	592707.1875	625488.6875	656009.4375	623804.0625	634092.3125	593191.625
P37648	639747.6875	708136	708936.0625	727493.6875	675595.25	715589.1875	698779.375	695850.1875	726996.25	693128.875	745604.3125	679166.1875	681936.25	736302.25	645824.4375	671810.5625	620977.1875	636971.625	644680.875	654130.5	647122.8125	637757.5625	670265.625	618315.375
P37649	133805.25	138619.734375	130669.3203125	124157.625	125228.4296875	124596.3671875	133295.390625	131365.453125	139283.5625	123602.9609375	131400.171875	124023.71875	137790.890625	107386.0390625	121187.0390625	124849.8671875	111843.8671875	131063.125	125521.890625	119098.8828125	131252.28125	124167.703125	127637.296875	138083.421875
P37650	89348.484375	43216.69140625	76720.7578125	63506.90234375	39606.58984375	74327.3984375	41339.1484375	63641.38671875	43655.05859375	20879.037109375	53623.1796875	33693.65625	65503.75390625	44250.75	29033.984375	38161.50390625	32814.3671875	40017.53515625	31951.3515625	43814.5390625	30299.509765625	35537.7265625	25309.33984375	22652.955078125
P37652	10727.7998046875	7557.88330078125	7557.03515625	9097.5537109375	6473.30712890625	6938.3955078125	5872.19140625	9092.1611328125	11079.498046875	8321.6953125	6451.4365234375	3973.234375	3707.650390625	6941.7783203125	7407.138671875	6980.8828125	6821.2216796875	9114.984375	6471.76123046875	4530.43310546875	8549.7080078125	8580.40234375	6625.2607421875	6233.9267578125
P37657	20659.873046875	NA	10632.609375	11450.7265625	NA	NA	NA	NA	NA	NA	NA	NA	NA	NA	13440.091796875	22597.791015625	12824.11328125	15337.5654296875	12764.2109375	17999.560546875	14257.1611328125	20204.705078125	18352.318359375	18179.908203125
P37659	153513.640625	164550.265625	135107.984375	133200.09375	112583.84375	184661.671875	164158.34375	138516.09375	168028.953125	173934.546875	168557.09375	152096.34375	152339.96875	160831.5625	161601.0625	176508.296875	151646.9375	169385.140625	165443.734375	167038.796875	115465.84375	151771.171875	146694.671875	147977.1875
P37661	36886.1875	114388.8125	107708.8203125	32684.70703125	103275.4765625	126184.546875	117194.921875	115062.2734375	116677.15625	128053.5	123429.15625	99163.234375	111156.96875	117626.6328125	37349.140625	28493.509765625	35272.42578125	29742.263671875	29470.427734375	30434.765625	35787.37109375	32031.80078125	44323.55078125	36312.4140625
P37665	91256.1328125	76482.875	73507.7578125	102702.84375	61133.4765625	76823.0546875	70562.9765625	79634.578125	77103.65625	72937.015625	81973.1640625	60449.08203125	69598.328125	76309.078125	91045.984375	99033.1015625	92000.4375	85762.234375	79761.453125	97528.5234375	101537.1796875	91393.6484375	90451.90625	96729.4140625
P37666	3488898	2510084.75	2631499	3235931.25	2329542	2644590.25	2683895	2498383.75	2726316.75	2640560.5	2565560	2250457	2510961.75	2572016.75	3291366	3698444.75	3434116	3610198.5	3394846.75	3663823.5	3535269.5	3695401	3526804.5	3583157.5
P37671	150963.9375	149308.578125	136761.3125	163491.578125	146415.859375	131119.03125	136869.09375	134754.6875	148086.984375	140958.015625	142739.65625	146330.953125	161661.828125	148320.546875	158505.734375	168529.921875	129303.515625	174323.734375	154288.921875	152878	146831.59375	145766.40625	172639.203125	167937.78125
P37685	505987.65625	2560613	2611944.75	372517.96875	2305107.75	3274968.75	2777347.5	2573150.25	3634990.25	3249546.75	3128982.5	2467596	2438660.75	2827822	469069.03125	334132.03125	608571.8125	339968.21875	453150.875	485545.71875	497713.96875	423061.15625	446554.96875	492428.4375
P37689	16000299	2642077.75	2402656	17026668	2105347.5	2245091	2031698.125	2217489.25	2198118.25	2309566.75	2217642.5	2037944	2141936.25	2311178.5	14730272	14431743	14303838	13760086	15968011	15197985	15712651	15591540	15968637	15213513
P37690	237159.078125	297058.59375	303457.40625	250571.8125	273631.25	306159.8125	267796.0625	300656.03125	292826.375	294063.125	298407.03125	259983.328125	288534.1875	304862.625	260917.609375	256086.609375	255775.921875	242896.828125	237896.453125	249217.125	247267.1875	257487.53125	243892.9375	238078.4375
P37691	63294.26171875	32658.396484375	29978.345703125	63659.42578125	33445.26171875	32704.599609375	27099.529296875	21472.208984375	34266.9140625	30043.447265625	30472.626953125	35058.39453125	38517.54296875	31905.43359375	48826.80078125	45128.34375	44164.4609375	57456.65234375	53448.359375	47643.12109375	46337.73046875	47830.19140625	56850.2890625	52143.85546875
P37692	464711.125	456329.8125	452539.09375	440687.46875	437285.1875	455307.96875	487676.59375	435134.375	482976.71875	486158.03125	511629.5	448862.1875	405572.9375	476525.8125	470686.6875	435779.8125	464624.34375	473125.34375	515617.3125	463626.96875	421380.96875	450794.8125	463118.8125	471693.65625
P37744	3454518	3043349.5	3076008.5	3429351.5	3041681.75	2969691.75	3148739.75	2860017.25	2741189.5	2940353	2903583.25	2943199.75	2707371	2899004	3335191.25	3587292	3302659	3538300.75	3390584	3404482.75	3406285.75	3333197.5	3340116.25	3400258
P37745	384115.84375	340358.28125	322540.625	364268.84375	316828.75	329377.03125	347494.3125	345197.8125	306224.90625	338260.96875	305047.84375	328120.28125	304303.71875	331522.8125	360158.3125	341034.21875	339496.25	370131.8125	380022.59375	349777.125	386258.21875	360729.28125	339087.75	330088.625
P37747	2796902.75	2045085.125	2131699.5	2764112	2175831	1717591.625	2232910.75	1853204	1847040.375	1743650.5	1810525	2194537	1768014.5	1945810.875	2804630.5	2681953.25	2638854.5	2863586.25	2677988.75	2468438.25	2683126.25	2620457.25	2609632.75	2516098
P37749	1675508.25	1225020.375	1157085	1687728.625	1299968	925821.5	1329806.5	1215334.375	1163971.875	1037884.9375	1009532.3125	1364861.875	1242829.625	1035438.375	1636044	1695707.125	1481144	1771155.75	1676116.375	1590167.75	1710181.75	1698402.25	1699307.75	1578177
P37750	211417.828125	168408.375	175672.296875	247534.25	153284.78125	173270.65625	183587.15625	176031.8125	119316.5859375	147105.765625	160620.78125	178058.34375	166353.34375	158253.765625	214174.171875	217148.1875	179746.953125	233844.890625	200023.3125	221409.640625	216023.140625	208935.3125	207010.875	208319.421875
P37751	679768.3125	549032	536571.875	721111.0625	591747.875	372145.71875	643114.6875	583634.375	527420.25	456681.40625	438234.53125	610051.4375	576492.1875	475655.25	705323.125	674323.375	641061.75	745810.1875	664198.625	692246.875	715221.625	698955.75	693624.625	676480.8125
P37757	147409.15625	161638.953125	149833.921875	150273.890625	166176.03125	153994.640625	161328.046875	164169.921875	161718.53125	144923.96875	158063.515625	156757.703125	147569.0625	150975.5625	150889.984375	156799.453125	163676.828125	147873.34375	141836.28125	151027.765625	151972.9375	136993.140625	144672.609375	132019.171875
P37759	2749773.25	2244820	2264200.75	2852780.75	2332555.75	2154841.5	2355197	2202679	2092898.75	2193184.25	2190739.5	2323652	2035311.625	2224690.75	2789016.75	2685240	2662818.25	2914827	2861061	2690956.25	2739595.75	2776650	2753507.75	2679621.75
P37760	1580216.25	1294299.625	1329729.625	1562187.75	1418989.125	1185047.375	1355010.375	1222759	1248652.25	1243402.75	1268052.75	1441427	1216528.375	1255253.75	1485205.5	1502264.5	1473556	1579090.75	1555578.5	1554847.375	1438394.125	1555296.625	1514840.375	1494024.375
P37765	1822313.125	1276681.75	1099768.375	1882810.375	1434520.375	920255.25	1355722.125	1162624.625	1090201.5	969065.8125	1024124.625	1439703.25	1218098.375	1101685.25	1822481.125	1979597.625	1754687.625	1883539.625	1849559.875	1794060	1858504.375	1766510.25	1774801.375	1690174.125
P37767	60151.28515625	65037.8046875	68200.015625	58671.59375	68085.1171875	63447.23828125	72951.3046875	61799.01171875	62364.26171875	63450.59765625	63503.2265625	63274.4609375	97083.0703125	75564.3828125	56980.03125	55584.12109375	57650.09765625	61529.63671875	54974.546875	63953.0625	57259.94140625	56609.9765625	40185.1484375	59527.39453125
P37769	50249.7578125	40359.8671875	48512.8828125	43586.8046875	26139.3359375	15050.728515625	45811.16015625	37210.10546875	38095.21484375	39237.54296875	17637.93359375	25004.638671875	34720.37109375	35476.5703125	33574.4453125	49916.70703125	36418.57421875	56711.6640625	29468.921875	46901.30859375	42328.984375	37716.7890625	45653.296875	40910.48828125
P37773	768707.125	622891.1875	653399.3125	791571.5	605003.375	606779.25	614514.1875	639800.25	629308.625	601382.4375	636827.5625	625343.75	598065.6875	586951.5	753879.75	764434.125	740422	809723.9375	807640.625	788315.5625	783551.4375	798556.125	810148.5	745232.625
P37774	534206.375	446883.8125	326809.5	541321.25	391026.75	428534.4375	472138.5	442906.15625	451817.125	476609.375	482781.0625	436125.28125	453088.375	483792.15625	500454.71875	488336.5625	527091.0625	507573.78125	516742.59375	474749	481921.90625	483211.96875	535069.125	486775.4375
P37794	11083.3037109375	22735.474609375	21329.4609375	16855.974609375	27041.99609375	12302.771484375	20489.345703125	20635.759765625	24695.310546875	27118.376953125	17275.068359375	22715.55859375	27795.96875	21580.71875	14709.8349609375	18565.681640625	12224.044921875	13768.291015625	14095.509765625	12064.8076171875	14924.0458984375	11530.7265625	13779.1474609375	13612.1796875
P37902	3428752.5	8105486	8910262	3418654.75	7286576.5	9748879	7759165	7625975	8729246	8587472	8581034	6954477	6807314.5	7605810	3680833.75	4209151	3824058.5	3904991.25	3588337.75	3880940.5	3739648.25	3690642.25	3371971	3756862.75
P37903	1871179.75	7830313	8445766	2039422.375	8118183.5	8310474	7309718.5	7539667	6811828.5	7423348.5	7448310	7277896.5	8172731.5	7107918.5	1950504.5	1624178.875	1927526.125	1416030.375	1920931.5	1726290	1869352.875	1743018.75	1816868	1651055.75
P37908	114938.890625	102080.71875	109725.7578125	112710.4375	93000.484375	96835.2109375	110879.34375	111544.3515625	113178.6640625	96524.4140625	119455.3203125	93990.3359375	102521.0078125	117099.0859375	120099.7890625	125259.640625	116982.4921875	113786.765625	114519.3125	94450.296875	102290.8359375	124402.515625	109358.1171875	87318.4296875
P38038	10532131	8281920	7798332.5	11442484	8299294	8434560	7848649.5	8239845.5	7888384.5	8187654.5	8165216	8680820	8674565	8236066	11309356	9899480	11153685	10686402	11754435	10145590	10707454	10335249	10923594	10948150
P38051	474149.125	574535	615364.75	469178.625	566728.4375	504842.875	561473.375	520208.6875	510120.28125	550818.375	555099.0625	514391.71875	546476.375	516627.5	479678.53125	442492.46875	471140.1875	423417.75	473605.34375	464485.84375	435528.40625	500812.96875	499585.84375	454655.6875
P38104	17883.33203125	51834.6171875	55943.0859375	25510.08203125	38850.87109375	76878.328125	53756.875	67938.1953125	71845.9453125	73159.890625	88199.7109375	37822.4609375	52135.95703125	78271.359375	22000.517578125	15632.5849609375	10742.4033203125	16878.208984375	14309.1875	20112.8984375	27150.068359375	25902.31640625	15839.3203125	14222.8037109375
P38105	116310.96875	180045.71875	174810.34375	89034.90625	167589.375	221410.9375	176719.765625	189721.375	170786.359375	202893.78125	217190.734375	136067.375	147893.421875	210838.796875	128741.046875	144719.421875	147714.78125	141804.421875	135855.859375	132831.359375	132205.515625	153694.890625	130299.390625	135201.828125
P38489	2370801.5	2039781.5	2056646.875	2413319.25	1909473.125	2019740.25	1991492.875	1872854	1980595.625	1917201.625	2005851.75	1901520.375	1825899.75	1993549.875	2497718.75	2511752.5	2447411.5	2397639.75	2416929.25	2452803.75	2410623	2384961	2421863.25	2247828
P38506	92923.8203125	133687.921875	130211.109375	98393.8125	146427.734375	152740.90625	151133.65625	141165.015625	131932.203125	126110.7109375	142142.5	148312.71875	160834.4375	129627.2890625	86865.21875	88961.2109375	88144.9140625	85797.1171875	100277.8671875	84169.96875	96433.4140625	90768.2109375	96303.0390625	84222.46875
P38521	1108872	1489552	1519580.25	1146966.125	1560223.25	1397073.75	1405617.75	1712465.875	1606251.875	1403719.75	1748582.75	1388598.75	1399966.75	1374305.625	1264286.125	1076187.875	1174473.75	1168118	1116535	856775.25	1124936.75	1076270.125	1124009.25	1024416.875
P38684	84261.703125	88708.71875	101154.5	111881.859375	128701.15625	54954.39453125	92669.9453125	101030.515625	91488.8359375	61039.2890625	71228.5703125	82369.140625	94585.71875	71207.890625	97857.9609375	111487.6015625	81241.2265625	114147.8359375	90288.6171875	129065.375	113161	105023.296875	104675.65625	98261.9921875
P39099	1443319	1899422.75	2012672.375	1377300.875	1689979.125	2179563.25	1862183.75	1873402.5	1991865.875	2129147	2094776.875	1565212	1649079	1930367.25	1468179.875	1619233	1487082	1410950.125	1370471.75	1416850.5	1431030.875	1382063.875	1341377.375	1406687.625
P39160	265556.75	425800.84375	451617.15625	244951.90625	377679.3125	525852.9375	471685.09375	480345	568908.6875	515703.34375	507471.25	405779.0625	459839.40625	433522.09375	265540.15625	317678.09375	290157.65625	308856.96875	267345	307306.125	266428.15625	307023.46875	266388.6875	285273.09375
P39161	145487.125	158102.390625	124934.125	140523.640625	201398.765625	119298.3828125	160440.28125	145492.71875	152416.171875	167488.046875	136173.078125	142105.734375	150716.84375	135870.171875	140021.84375	168641.34375	129132.8203125	164285.71875	144369.109375	141363.4375	96858.71875	136773.1875	159433.375	138394.125
P39165	11416.1396484375	5530.27392578125	5254.0712890625	8882.5625	5692.197265625	6624.1484375	4071.85791015625	3473.309326171875	6216.4931640625	7557.78564453125	6614.44970703125	4853.34228515625	4404.34814453125	4510.4638671875	9510.7587890625	13066.8017578125	10398.5712890625	11927.7041015625	10298.7392578125	9514.36328125	9809.8896484375	9571.1259765625	7491.43994140625	8968.244140625
P39172	77248280	41516220	38505816	74556376	44045156	27802110	33561288	14858930	15896853	29930348	31775432	35016592	24548436	36052736	85407192	88104408	79870912	77982592	83247312	78957856	75621912	76096048	76954032	75434256
P39173	3791164.75	2178542.75	2278692.5	3331296.5	1984290.625	2244206.5	2029470.125	2001542	2120263.25	2180235.25	2134368.25	1880828.25	1624469.125	1979619.375	3594872.25	3667967.5	4155179.75	3623989.5	3770838.75	3691564.5	3761036.75	3944691.25	3711641.5	3954707.75
P39176	373513.96875	546933.625	548902.4375	375912.65625	505620.78125	509291.59375	429544.84375	506904	485860.40625	502820.1875	533802.5625	443374.34375	443411.71875	520515.1875	342967.59375	338236.625	321922.5	345624.90625	331439.4375	355370.5625	332110.53125	348399.3125	349637.03125	357864.375
P39177	2067911.75	6427122.5	5746568.5	2333317.5	7332273.5	5690629.5	5618605	6418060	4362571.5	5590069.5	5397980	6075307.5	6686319.5	6358090.5	2200699.75	2054806.5	2168561.5	1884856.625	2302223	1973199.625	2074886.25	1789241	2112341.5	1883863.875
P39180	16907162	24877156	36337164	475358.6875	30638078	27477960	42095492	32347576	32639140	26213398	23322212	12293948	387969.15625	27252756	20119686	24076948	17077278	19096006	20254662	19800620	19974122	8036596.5	20084480	16922434
P39187	115141.25	376734.96875	583293.5	83427.109375	466417.96875	697507.625	581482.3125	490630.8125	674658.375	699876.625	623466.875	487157.09375	487682.46875	565102.6875	75588.0859375	NA	79017.921875	104378.2578125	97209.78125	81751.6796875	84986.6640625	66117.6953125	73641.171875	86748.6015625
P39199	887397.375	785585.5625	823732.375	863513.3125	850122.875	802332.875	827877.25	749979.5625	779017.25	801164.6875	804010.9375	851110.375	759708.5625	751939.875	877096.375	886358.75	867869.625	893218.0625	862807.5625	842176.5	872253.625	856611.6875	837668.5	815205.375
P39264	13595.4013671875	5984.240234375	9251.6181640625	7162.48046875	24906.927734375	10609.291015625	14290.3173828125	11945.22265625	NA	1545.609619140625	15537.5458984375	31639.44140625	34161.59375	23577.23046875	7987.84326171875	NA	6172.07421875	11178.9365234375	9424.3505859375	8186.8349609375	11464.2607421875	7725.517578125	9526.0322265625	9434.6884765625
P39265	78803.3203125	248823.796875	248658.71875	92923.25	266137.125	301723.28125	244116	269261.375	257959.890625	288016.5625	279354.90625	238691.25	286789.53125	248891.453125	85320.703125	68568.0078125	79360.3984375	72338.953125	80990.5625	80068.6953125	72222.3828125	70697.65625	76586.328125	74167.4921875
P39267	NA	6204.1474609375	NA	NA	NA	10728.455078125	12034.908203125	24168.1171875	7437.60546875	25407.619140625	12807.8193359375	1585.202880859375	4353.96240234375	12149.7216796875	NA	NA	NA	NA	NA	NA	NA	NA	NA	NA
P39274	289478.0625	318069.03125	359913.90625	261937.453125	342099.125	322884.75	342986.1875	285143.53125	367418.1875	345897.0625	347582.84375	298960.59375	258625.859375	319921.78125	283882.9375	322364.0625	283828.84375	243581.46875	229796.875	282003.21875	310003.625	280492.0625	241429.21875	333384.28125
P39280	217029.078125	99878.109375	122507.359375	200120.59375	98757.40625	140963.78125	126613.96875	105223.453125	121608.5390625	106498.5703125	103135.7578125	120254.8359375	120232.2109375	113864.8203125	204493.9375	217065.484375	226767.109375	243281.015625	204858.5	203351.109375	200181.359375	215682.421875	217356.921875	216102.8125
P39285	186250.265625	220719.9375	204495.9375	186590.5625	182165.140625	243996.984375	178907.21875	217885.625	243160	253934.265625	224391.03125	179247.359375	196743.625	205417.359375	187831.3125	168947.453125	196035.59375	192503.125	172182.6875	172326.828125	175079	178006.890625	187040.90625	177075.796875
P39286	510830.53125	524352.1875	507256.40625	526668.4375	491197.46875	544608.0625	487058.46875	521794.0625	527887.0625	549522.3125	538582.1875	480062.65625	547000.5	562238.25	518501.75	508539.71875	553969.1875	529037.625	516576.9375	527564.875	498846.03125	484469.5	526420.375	511475.5625
P39298	104250.4765625	77013.96875	96954.9453125	90922.71875	75985.9609375	89197.921875	92425.265625	83750.703125	87506.2734375	86553.078125	78137.9921875	88142.78125	83202.109375	93890.4140625	89675.265625	96724.921875	87801.1484375	94496.1796875	88971.125	85439.84375	99445.9921875	97484.6484375	91624.8125	95462.5390625
P39304	566723	534341.625	1311834.5	541462.25	998146.1875	1478477.75	1525958	1298943.875	1214785.25	1093813	1375503.125	958788	1291869.625	1255822.875	532049.1875	NA	499637.375	585642.875	589587.4375	709681	579687.25	354301.6875	839560	536502.3125
P39310	321727.40625	438962.78125	432229.28125	315602.625	478308.71875	426693.1875	401224.46875	463348.84375	433571.0625	451389.3125	423894.3125	438728.375	498729.25	431682.6875	292286.46875	327770.09375	302150.0625	314927.09375	322319.03125	312154.5625	286087.125	312416.9375	304719.21875	307677.3125
P39315	347380.75	360812.40625	335228.9375	352068.375	352766.03125	364250.28125	341027.21875	335082.96875	336079.4375	357030.5625	369743.25	329006.90625	301063.75	348033.34375	378777.9375	357677.625	368393.84375	332667.65625	342150.0625	339381.6875	340224.875	310829.9375	351435.25	338845.34375
P39321	1123383.625	1022267.1875	1025472.125	1105941.625	962918.5625	969490.375	1047398	1043476.875	1057754.25	1025854.5	1086499.25	1027706.1875	1057706.875	1076769.625	1070075.5	1063555	1093871.75	1175151.625	1147554.25	1046933.5625	1081968.25	1188972	1161262.875	1107604
P39325	835275.125	4316935	4787629.5	535983.9375	3781263.5	6423343	4202279.5	4367805.5	5466718	5233663.5	5188285	3596921.5	3860167.25	4346483.5	806296.8125	500306.3125	1174756.25	666906	728881.0625	637063.375	819021.375	646878.5625	720497.9375	944066.375
P39332	40063.93359375	68294.0625	72827.15625	47789.06640625	60375.88671875	78448.9765625	73219.8984375	76792.7578125	91338.296875	83533.0625	88560.109375	51013.62109375	56900.3671875	76435.0234375	51169.95703125	35745.5859375	54639.47265625	61281.68359375	42809.84375	38582.4296875	54667.50390625	47000.80859375	50903.9453125	62903.046875
P39334	133124.296875	125354.859375	98721.828125	116994.1015625	132325.125	139375.71875	102260.484375	119067.515625	144129.984375	119990.6328125	140969.671875	126241.09375	126973.4453125	125457.6171875	120947.0390625	97885.3203125	120074.703125	116930.921875	103470.4765625	99497.78125	108059.140625	109799.375	93494.1640625	87487.3671875
P39337	111802.4765625	133742.28125	131859.34375	118428.171875	139644.09375	129006.46875	108627.9609375	132104.765625	123585.234375	125123.375	129648.2734375	119330.28125	138579.421875	121815.390625	123089.1875	129102.1640625	118444.6953125	128649.1328125	107784.546875	121491.0546875	126692.2265625	115805.90625	118125.8046875	114525.7109375
P39342	900832.4375	1229341.375	1282173.75	783306.0625	1042634.875	1392882.25	1203196.375	1204159.625	1389958.875	1397159.75	1347886	1035043.6875	1097063.125	1276318.125	827146.4375	842707.0625	892450.0625	786282.625	808921.625	821668.9375	794770.875	842544.6875	815877.0625	900837.1875
P39353	87209.2890625	119610.7890625	128737.1171875	91123.3046875	100384.5078125	105677.875	140050.578125	116049.15625	151221.96875	125039.7265625	123063.5234375	102259.2421875	86611.1953125	101295.0078125	75367.203125	73912.1328125	76668.890625	76911.09375	71206.5703125	89721.1171875	77074.1171875	92138.3046875	83882.90625	84853.2734375
P39356	585418.625	491065.875	533435.25	576577.9375	565343.125	328181.75	605015.875	481685.84375	504511.75	411127.0625	370606.40625	568599.4375	551165.125	433634.375	572526.625	627607.4375	500208.4375	579422.1875	563645.5625	601696.5625	589260.9375	601941.875	547185	537051.9375
P39359	NA	26285.064453125	4939.77587890625	NA	27799.404296875	3411.110107421875	4498.60205078125	17945.982421875	21436.49609375	27235.470703125	18558.970703125	23105.10546875	8429.013671875	16466.205078125	9073.828125	NA	NA	NA	5763.451171875	4361.88818359375	22070.728515625	22345.611328125	20954.587890625	16358.890625
P39360	NA	NA	NA	NA	9918.8173828125	NA	5311.11279296875	NA	NA	NA	NA	3670.18603515625	3492.97900390625	NA	NA	NA	NA	NA	NA	NA	NA	NA	NA	NA
P39370	NA	NA	10066.654296875	NA	NA	5818.736328125	NA	8191.50830078125	8451.8359375	9694.5849609375	5522.26806640625	NA	5745.10302734375	NA	NA	NA	8508.759765625	NA	NA	NA	NA	NA	12715.716796875	10023.81640625
P39371	522673.8125	807905.75	805232	484825.21875	715961	978938.875	857645.6875	806517.375	670309.25	835681.9375	830012.4375	580676.0625	747846.8125	790728.3125	519189.84375	506905.4375	509873.4375	364667.1875	403698.1875	523272.90625	461705.375	537838	458581.96875	445902.15625
P39377	695537.125	827008.5	686795.1875	764768.875	934588.0625	605356.75	719607.3125	901464.0625	558752.4375	658221.4375	708693.4375	828882.5	905904.4375	910839.9375	699138.6875	728280.25	649732.3125	689324.3125	735887	722761.875	685436.9375	695662	726966.9375	665320.6875
P39383	81830.390625	87324.9296875	81455.6484375	99105.953125	74883.46875	44388.3828125	53870.48046875	106570.140625	29952.21875	62532.56640625	67683	63446.96484375	104099.3984375	67625.6640625	74986.6953125	55165.67578125	66463.8046875	60622.5625	69702.8671875	72688.96875	82924.234375	76610.546875	83254.4609375	40221.0546875
P39384	708745.5625	635982	551241.9375	847346.125	743317.75	345343.5	542553.3125	627067.875	336944.59375	494346.25	534965.625	633640.6875	752146.625	647675.375	635214.1875	592706.5	475636.09375	433280.1875	641919.8125	623607.625	534785.6875	631005.8125	732243.6875	545089
P39385	223016.0625	278499.4375	301942.65625	210965.84375	296476.65625	326190.71875	277437.4375	256831.359375	301422.78125	271747.125	310488.59375	247395.203125	260665.0625	324432.40625	178459.875	261878.625	201434.28125	232088.984375	222218.09375	191744.9375	228201	226910.90625	222263.984375	222124.46875
P39396	184050.765625	5076919	5306451	315463.78125	4858910	3195290.5	5473170	5103511.5	4393886.5	4046549.25	4290543.5	5978716.5	6106039.5	4169999.5	134030.6875	102102.125	63209.47265625	33933.04296875	84569.1484375	145908.40625	179139.921875	211066.453125	130288.9296875	143899.1875
P39401	391679.40625	312189.375	320681.84375	341224.1875	252684.390625	375624.5	294141	286485.75	421598.8125	385242.5625	371002.09375	215122.734375	189617.546875	326707.6875	333840.4375	390458.3125	344378.4375	395930.9375	361583.9375	354466.1875	351119.1875	395558.75	372925.375	387148.71875
P39406	829736.375	854474.375	790261.0625	811386.1875	813729.8125	900802.625	786458.5	819989.75	821480.625	874144.0625	856089	748042.8125	792670.6875	819501.3125	867415.3125	857136.1875	899514.875	866717.125	819573.3125	847710.5	849731.25	863056.6875	840118.9375	882795.3125
P39407	111961.5390625	74152.6953125	73663.515625	114395.1640625	68737.71875	74890.21875	80861.3359375	75459.921875	101960.3359375	83326.7890625	70368.34375	62727.84765625	49677.06640625	78853.4453125	116007.4609375	124411.8984375	125148.140625	113932.375	117255.8984375	111710.7109375	114836.4453125	122151.5546875	131291.203125	118765.984375
P39408	157620	127177.15625	170055.078125	170213.203125	135431.859375	162150.921875	159074.875	173165.609375	186167.265625	203048.234375	166764.546875	117640.6796875	142290.40625	193706.046875	160457.765625	160679.109375	157552.4375	147070.125	145108.59375	163174.28125	196351.625	158111.890625	173980.5625	141328.71875
P39409	7594.37939453125	NA	18851.90625	9052.27734375	NA	NA	13549.4453125	17513.755859375	NA	15817.248046875	NA	NA	5059.75390625	6849.69970703125	8561.5419921875	10143.2138671875	5605.93603515625	6836.96142578125	7994.2177734375	6543.90234375	7872.47802734375	11326.0556640625	11056.7880859375	10551.205078125
P39410	7007.625	9151.140625	8406.8095703125	8256.28125	11331.7861328125	7530.72021484375	14069.2392578125	6527.3447265625	8909.740234375	10355.0654296875	9435.1171875	8096.24658203125	7940.90185546875	6557.9765625	13095.724609375	14810.71484375	11656.8544921875	10267.60546875	8229.021484375	8481.5126953125	5613.3828125	11803.1162109375	9685.1787109375	9281.046875
P39411	323421.0625	275700	248728.15625	309109.34375	236858.28125	228376.15625	246815.125	238548.9375	219947.375	242704.015625	281358.03125	195677.21875	243308.015625	245482.296875	310566.375	306067.6875	319294.65625	333382.25	301342.3125	308816.59375	280064.03125	321674.625	305639.59375	308233.65625
P39451	55569.01953125	107797.046875	77650.0390625	34834.546875	49962.33984375	120350.765625	75033.875	171485	156807	163444.328125	104131.5625	41721.171875	46898.9140625	110524.84375	71707.65625	40065	62257.203125	31377.71875	40058.4296875	54184.703125	58273.05078125	33885.0625	53563.9453125	25510.828125
P39452	624110.4375	563031.1875	571123.5625	468225.59375	400048.28125	711777.8125	637987.4375	600532.875	776641.625	642243.8125	581492.3125	404819.65625	354512.28125	521286.375	538304.9375	760449.25	700092.75	652304.625	512258.09375	693465	558441.1875	786535.75	571377.625	683534.9375
P39829	52246.15625	157032.046875	149237.765625	47085.296875	193379.328125	144608.796875	170860.171875	167428.015625	136816.46875	126303.4921875	133748.140625	189195.546875	317780.15625	152013.390625	41867.765625	46840.2890625	49915.58984375	21260.82421875	42574.1640625	40575.20703125	61643.03515625	60483.7109375	50817.7890625	40716.59765625
P39830	314301.46875	297308.34375	309670.03125	271453.53125	241538.953125	333677.0625	307306.96875	333576.03125	357151.84375	345905.5625	347773.5625	277308.84375	272675.59375	334547.875	310667.8125	259596	315070.4375	281655.90625	294708.8125	278682.8125	290009.65625	281332.21875	295163.34375	315285.53125
P39831	4863642.5	4621022	4690215.5	4768977	4626923.5	4833690	4805430	4660219.5	4941150.5	4867832.5	4810439	4484366	4239663	4836721	4875406	4704883.5	4934372.5	5129168	5218240	5112346	4855451.5	4870233.5	5160202.5	4977045.5
P39836	24514.25390625	17612.025390625	17803.751953125	16677.94140625	5270.11376953125	8405.748046875	14875.8876953125	11970.2783203125	5643.59130859375	6983.00537109375	11200.984375	8779.818359375	13128.9296875	9392.6591796875	11154.357421875	11643.841796875	11475.8974609375	10158.4716796875	7444.47607421875	6124.02734375	10106.650390625	7936.68994140625	9269.28125	7434.13671875
P39838	818236	800350.5625	826555.4375	822163.9375	758482.9375	825391.75	793794.375	848958.4375	845506.6875	855712.9375	819048.4375	748096.25	738446.3125	823255.875	837138.875	855110.0625	834163.75	857521.875	816192.9375	788229.875	816306.625	868577	824127.25	848731.5
P40120	815747.75	966460	1002312.625	785277.6875	962433	1026538.9375	1004742.5	1000441.75	1026100.75	1004515.0625	1026818.25	977947.875	954045.1875	973858.0625	795453.5	842056.6875	836135.25	884547.1875	865440.9375	849963	802348.75	836317.5	848940.625	825615.4375
P40191	675022.75	535918.0625	537186.125	737305.125	680222.6875	310018.90625	568820	542289.375	450127.34375	357713.9375	408294.59375	655144.375	645551	438387.9375	660638.0625	724580.375	557063.0625	715751.5	653629.625	692226.5	690621.625	719835.4375	709649.75	630983.25
P40710	196709.5	256590.515625	252895.53125	204576.640625	208702.8125	252286.203125	215945.953125	225466.15625	221567.328125	238323.03125	248252.3125	233283.34375	242119.78125	236099.765625	193059.109375	184996.40625	185616.359375	182345.4375	195603.734375	197812.875	187934.859375	178419.078125	208147.453125	191495.84375
P40719	110655.0234375	104854.234375	108016.3359375	113202.0234375	127473.78125	127135.5546875	100164.5234375	103178.375	112262.8125	108824.7890625	106748.796875	113988.2578125	98912.0078125	109816.59375	86456.3515625	108822.78125	106149.1328125	107813.890625	101057.703125	93857.6015625	106482.4921875	102874.5859375	103053.3125	98637.609375
P40874	1671226.5	1378697.875	1443080.125	1596350.875	1357472	1537148.5	1415728	1476556.75	1555902	1511031.375	1458793.375	1399171	1449466.375	1412954	1671041	1697724.875	1700137.875	1741227.375	1642177.125	1684040.375	1715631.75	1692005.75	1688234	1694780.125
P41052	188573.921875	146825.046875	153755.265625	168444.40625	136369.25	136753.1875	153119.65625	138654.03125	161439.90625	137636.171875	133518.8125	107258.59375	127778.6640625	146533.890625	152801.703125	162688.453125	157324.859375	154167.421875	136891.109375	148671.53125	160769.453125	163835.25	155753.328125	162698.28125
P41407	1413765.625	1436020.875	1404911.25	1570513.5	1754368.875	1106455.25	1419810.5	1407978.75	1210067.875	1192408.375	1133748.25	1513763.125	1686866.25	1248861	1456007.75	1782465.375	1347717.75	1598374	1334298.5	1624849.625	1479279.375	1507395.625	1461553	1496870.75
P41409	362634.375	901176.75	844396.875	352899.6875	922062.625	783142.8125	861512.4375	840339.4375	829969.625	891815.9375	821018.8125	795636.3125	873994.25	790997.0625	328304.0625	327184.25	270902.15625	361669.0625	336892.40625	362572.90625	306741.90625	341691.71875	335989.84375	270477.09375
P42588	40923.0859375	80657.84375	69582.3828125	35608.43359375	61407.2890625	69730.40625	80322.4375	81221.9921875	93584.1484375	93939.0703125	79802.203125	62239.1796875	55927.953125	69136.5234375	43081.6796875	93567.4140625	55441.80859375	50660.8359375	27325.349609375	41898.58984375	58412.296875	47737.37109375	33170.3828125	46506.4609375
P42589	24193.59765625	23012.16015625	21021.92578125	NA	22578.419921875	18284.62890625	18865.294921875	23091.861328125	13571.3037109375	18887.857421875	20639.9609375	12148.1767578125	18452.890625	27185.9140625	21772.703125	NA	22392.94140625	NA	NA	14112.93359375	NA	NA	NA	NA
P42593	177826.65625	545253.875	1110352.25	NA	925095.8125	1023146.4375	1044007.875	1002761.875	1266668.75	1173070.75	1053501	949901.75	939783.875	945724.6875	122253.375	182369.734375	164123.734375	108265.2890625	144888.953125	156557.421875	147934.390625	154931.65625	137795.8125	179398.3125
P42596	179060.8125	95387.3125	75045.0546875	160566.984375	108932.9609375	78228.2265625	105400.5859375	92826.5078125	89625.4453125	84848.4921875	87135.3515625	112583.2265625	103677.7890625	82634.546875	166038.234375	137891.28125	170346.015625	162904.84375	174562.171875	149205.609375	178440.5	151204.15625	150569.15625	163395.125
P42599	129776.34375	159120.484375	178542.328125	123714.640625	209371.21875	109940.3984375	184992.203125	160551.6875	171776.078125	123843.109375	120197.71875	192807.4375	187198.15625	112638.4609375	112812.4375	119921.7421875	101072.2890625	102905.9765625	124562.3203125	124366.7578125	132953.578125	124659.5234375	120127.6015625	112539.8125
P42604	67684.421875	62266	80420.3671875	53204.2265625	66341.484375	111248.5	63712.83984375	81663.0390625	89295.03125	81705.2421875	92983.078125	59677.03125	69725.0625	83559.1953125	48462.69921875	53823.265625	61062.7109375	49787.16796875	58552.8125	51836.80078125	78214.140625	63406.59375	38748.84375	57073.59375
P42616	144892.671875	172271.375	183941.03125	147265.1875	186525.015625	204968.859375	164236.359375	187383.0625	176098.265625	183203.1875	171657.28125	136966.71875	166294.125	180383.078125	144308.921875	163318.796875	149756.9375	139306.4375	144636.59375	146260.40625	166641.96875	152969.015625	134850.828125	138814.125
P42620	616933.9375	783775.3125	794397.75	555655	788043	874145.375	778592.125	805345.1875	884867.375	883398.9375	864445.5625	715468	702612.8125	875181.25	617367.4375	537285.4375	673832.625	539876.1875	609948.25	610787.8125	636738.75	606042.4375	641593.875	639208.75
P42624	12281.193359375	5180.25146484375	19633.861328125	8801.0283203125	21793.240234375	19708.318359375	18449.267578125	5289.87646484375	5023.296875	19505.24609375	16992.21875	19521.111328125	20954.22265625	15981.923828125	NA	NA	NA	7257.23583984375	NA	1943.0882568359375	NA	NA	NA	6218.07373046875
P42625	24417.27734375	64271.78125	49359.54296875	30169.396484375	47459.04296875	50858.26953125	30786.037109375	45470.5078125	27907.71484375	42436.828125	53385.5703125	14412.919921875	37007.4296875	47947.84375	32160.31640625	35087.640625	34186.3515625	NA	27491.75	18636.865234375	31622.767578125	31697.685546875	35017.86328125	18388.146484375
P42628	20754.798828125	13775.654296875	14648.12890625	21837.93359375	12634.333984375	11466.9892578125	14703.46875	12708.03515625	12967.6943359375	12595.134765625	10838.9931640625	8193.60546875	10558.0224609375	12980.1845703125	18422.724609375	19257.19921875	25880.3984375	17114.69921875	16961.5546875	19236.67578125	25411.3984375	21476.78515625	17655.673828125	19527.0546875
P42632	51590.4921875	71526.4609375	67105.9140625	50886.1015625	33150.734375	25846.9140625	64037.47265625	64751.28515625	60651.625	64834.12890625	37956.65625	28004.72265625	47565.5390625	49689.796875	64894.11328125	26456.5234375	54247.64453125	65156.1953125	44147.453125	9640.5166015625	17048.828125	21676.4453125	67421.25	21294.896484375
P42641	1014497.6875	892888.4375	825958	966270	861780.4375	902039.3125	804057.0625	822876.5	775779.8125	836132.8125	900493.5	873109.9375	907012.5	872266.125	1025957.6875	915714.375	1008157.125	929733.8125	987119.625	938934.375	991366.125	877987	963814.1875	997027.375
P42904	24036.9765625	27327.296875	25633.638671875	4090.042724609375	66038.609375	33479.94140625	75314.3828125	68744.3125	69266.953125	90558.6796875	38222.29296875	46677.703125	61284.35546875	39769.11328125	11680.83984375	5943.59814453125	NA	NA	83.23314666748047	NA	87.92643737792969	5776.74609375	NA	12415.2431640625
P43329	2418354	1689356.625	1696059	2358653.5	1729783.25	1642887.25	1794684.625	1694714.5	1794487.5	1741383	1638841.75	1788954.875	1728758.875	1597421.125	2302858.25	2256766	2297992.5	2437793.5	2447666.75	2376206.75	2355141.5	2418229.75	2429827.75	2396665.5
P43337	1498830.5	1781424	1640172.25	1513468.875	2009640.375	1766769.375	1599243.5	1901154.875	1728487	1749862.25	1815659	1877534.75	1969733	1875408.875	1569268.375	1732648.625	1466208	1468128.75	1488004.125	1641822	1559172.625	1524071.625	1532712.75	1448665.375
P43340	47500.078125	29294.5	44904.1328125	55056.46875	30333.390625	41912.6875	36371.37890625	35202.22265625	43296.94140625	35049.95703125	36243.7578125	31006.283203125	36120.5625	28249.826171875	43989	40105.80859375	43441.29296875	37468.69140625	43863.015625	48605.140625	45025.046875	47555.09765625	37655.66015625	40812.765625
P43341	76752.359375	78713.703125	61774.72265625	72435.75	112519.5390625	60472.2734375	118422.015625	70426.703125	110626.3046875	82369.796875	76148.2734375	76330.140625	101803.390625	93014.0859375	72521.8203125	60432.171875	86772.109375	68877.2265625	95347.6484375	90572.875	47946.85546875	65469.37109375	99950.265625	66648.5859375
P43531	NA	5928.78173828125	4513.26953125	NA	4370.83544921875	8457.798828125	9886.3037109375	6186.59716796875	3561.48095703125	5120.0947265625	4635.0986328125	5254.98388671875	5826.787109375	4745.4443359375	NA	NA	NA	NA	NA	NA	NA	NA	NA	NA
P43533	30787.14453125	40563.390625	30323.19921875	41695.58984375	35220.984375	26969.09765625	19819.375	27845.658203125	38273.6640625	37884.33984375	34767.3203125	83319.5390625	18369.63671875	35174.3125	22837.9765625	22239.748046875	22820.708984375	15707.1181640625	19327.5625	19094.1171875	23621.787109375	15263.658203125	20109.53515625	33245.9296875
P43667	NA	NA	NA	612.18426513671875	106.3414535522461	NA	NA	NA	NA	NA	NA	NA	NA	NA	146.02503967285156	359.8900146484375	223.13243103027344	298.65509033203125	NA	272.39654541015625	608.4876708984375	152.5204315185547	112.54496765136719	NA
P43671	448012.4375	402919.96875	384969.0625	414525.125	384320.15625	396487.59375	371552.375	376036.1875	367416	381864.78125	374913.59375	358053.21875	383133.65625	410314.125	412785.8125	437699.59375	416097.5	425723.4375	436127.90625	440730.09375	444383.28125	411521.9375	428036.6875	446805.6875
P43672	970127.75	716566.0625	690991.125	1005428.125	697332.3125	661733.6875	676781.5	661855.75	648784.0625	686838.1875	649353.625	707881.5625	721458.25	701177.625	933953.9375	883961	949845.1875	984406.1875	956758.4375	920588.5625	943037.75	953862.9375	948461	939330.9375
P45395	754082.3125	841181.75	810911.625	785004.25	946874.9375	727064.3125	904915.5625	787279.1875	869037.1875	808922.5	820277.4375	967143.5	887258.125	843145.125	788994.375	872035.8125	787175	824633.0625	764821.5	764451.875	821851.9375	804903.75	793660.25	759274.125
P45424	13890.7294921875	25692.478515625	13520.9228515625	11820.287109375	19339.068359375	35258.7109375	27897.10546875	33490.81640625	14767.1181640625	23859.80859375	19192.767578125	19750.31640625	16980.36328125	30416.345703125	11354.26953125	12732.7099609375	14205.2177734375	14511.869140625	7926.9775390625	13243.3330078125	13324.947265625	14055.6455078125	8913.203125	4278.81396484375
P45425	17776.52734375	48563.75390625	56147.5078125	20329.095703125	38128.82421875	55428.37890625	49491.1953125	48190.3984375	63857.76953125	47098.46875	45658.10546875	51229.67578125	49390.83203125	42475.5390625	15079.0869140625	9286.935546875	12742.3564453125	17429.01953125	NA	19866.865234375	12194.7861328125	14259.9970703125	12325.0322265625	17989.06640625
P45464	1386621.875	1869387	1868803.25	1349740.625	1755217.25	1959914.875	1837012.75	1928982.25	1854653.5	1987453.375	1824203.5	1690954.625	1905034	1882167.25	1335715.875	1386964.5	1240359.75	1277379.25	1306811.625	1282192.875	1378215.75	1361783.625	1344935.625	1352156.875
P45469	46991.37109375	95116.03125	68840.546875	41337.71484375	75392.8359375	88476.0390625	88407.765625	70073.7421875	88058.625	103617.6875	98165.640625	81891.03125	94357.421875	109116.984375	55229.11328125	40120.1328125	50155.90234375	53754.7578125	58816.9375	48329.875	43727.8671875	43407.56640625	49743.2265625	38793.015625
P45470	500263.78125	1001951.3125	1188259.5	401101.84375	916174.375	1865414.5	987818.875	1105822.375	1415182.75	1577058	1587572.25	706557.375	797503.5625	1430572.875	517739.34375	457271.34375	626444.375	433433.8125	484620.40625	539999.25	557179.25	460952.5	475843.6875	521405.0625
P45475	5001.41064453125	4518.7138671875	5986.43017578125	242.15643310546875	3077.242431640625	NA	3863.33740234375	5647.4208984375	5004.21630859375	NA	NA	6570.40625	5651.34130859375	3301.316162109375	8420.2568359375	7305.77099609375	5758.54345703125	7241.00927734375	5154.8486328125	7653.48291015625	6442.431640625	5853.0234375	5694.93603515625	6065.013671875
P45523	6327116	7954342	8339733.5	6263262.5	7139797	10240886	7713079	8360000	8270385.5	9082829	9280353	6492664	6840108	8537456	7125030	6662797.5	7089193	6271278	6583831.5	6610314	6747742	6135272.5	6468986	6505349
P45524	28215.861328125	16628.443359375	17956.4375	25376.513671875	14065.791015625	14179.72265625	14628.4443359375	NA	11191.7177734375	18953.6953125	15563.15625	18894.087890625	14785.2685546875	17440.16796875	26979.7109375	22767.515625	25635.916015625	24917.27734375	25227.619140625	24607.853515625	25273.330078125	19492.287109375	24000.748046875	23529.2109375
P45527	50247.05078125	27020.62890625	23320.33984375	58105.8046875	24668.53125	13837.4580078125	21788.478515625	31277.583984375	25113.65625	18231.74609375	24804.712890625	28254.3671875	17570.443359375	38184.8359375	32964.50390625	41220.328125	26765.373046875	22408.16796875	35948.21484375	38077.0078125	51049.9375	39946.296875	42421.1953125	43393.63671875
P45530	39446.86328125	44904.8828125	42937.66015625	40671.82421875	42505.15234375	50479.4921875	40554.54296875	44246.65625	43002.98828125	49293.44140625	48313.53515625	39421.43359375	44199.79296875	46708.73828125	42527.35546875	39147.6328125	40023.0234375	40001.8203125	38919.61328125	38108.515625	45213.3203125	38296.71875	38170.47265625	39844.125
P45531	43979.88671875	61852.6328125	55954.3828125	47223.09765625	49018.3828125	60232.140625	57966.8203125	60485.12109375	59563.46875	54465.86328125	58692.484375	53778.39453125	53400.578125	59926.8125	48943.6640625	40649.1328125	52467.96875	50907.6875	48296.0625	49289.73046875	33177.296875	56699.88671875	48408.04296875	42284.35546875
P45532	10769.634765625	6716.689453125	9251.3974609375	9718.7880859375	8515.6689453125	17709.5859375	14131.91015625	12888.4150390625	8827.4326171875	7056.63427734375	7705.56982421875	12737.1748046875	9062.5947265625	NA	8138.1318359375	13384.884765625	12274.9931640625	NA	6338.40673828125	7951.83251953125	12552.708984375	12901.0888671875	10524.0380859375	9102.44921875
P45537	44188.6015625	73313.0859375	89102.234375	44599.10546875	74839.21875	69508.3828125	83077.328125	75137.84375	70620.8515625	75125.53125	68405.4453125	64952.48046875	54375.03515625	71504.1953125	43358.35546875	49003.734375	40622	42292.8671875	43667.26171875	45127.71484375	48860.8046875	55477.5078125	45803.7734375	51903.25
P45541	NA	5141.09228515625	4409.998046875	3761.367919921875	5808.3046875	3375.914794921875	NA	3489.2880859375	5348.2529296875	960.2698974609375	2556.279541015625	NA	2676.84130859375	22.71404266357422	2783.1142578125	4765.4013671875	1997.7196044921875	2191.24951171875	3143.465576171875	7055.0068359375	NA	1393.240966796875	NA	NA
P45544	77119	86206.9921875	86878.203125	81834.1796875	99878.1875	62315.31640625	82670.140625	84148.78125	77431.84375	80338.796875	68707.0703125	89628.203125	96862.03125	79865.765625	63657.09375	84017.3671875	66424.078125	70106.671875	70503.875	70213.8359375	79629.890625	69380.0234375	69106.03125	64808.4375
P45552	30219.20703125	38694.4375	37044.1484375	37882.0546875	44290.62890625	32100.29296875	37243.59375	38393.58203125	37793.27734375	40702.8125	33939.26171875	28938.3359375	32342.693359375	26160.380859375	30061.05859375	34489.98828125	29064.474609375	29807.40625	24582.8203125	35236.3046875	26520.400390625	30798.076171875	26633.984375	30179.208984375
P45568	241308.90625	196011.78125	165816.84375	260500.453125	194469.1875	151619.21875	181169.09375	176638.96875	196651.359375	170397.3125	156190.96875	195905.9375	200590.8125	162416.265625	250343.3125	252055.578125	261925.09375	264236.0625	249469.203125	257592.859375	250320.875	235294.203125	248640.75	227001.0625
P45577	3054504	2791052.75	2846217.5	3226443.5	2693288.25	3227184.75	2566447.75	2712310.25	2789891.5	2931669	2994248.75	2461719.25	2613767.75	2822184.25	3418847.5	3478199.25	3443157.75	3167584	3276135.75	3270500	3261848.5	2936422.5	2978009	3042660
P45578	7630820	6502529.5	6900695.5	7612778	5859439	8029002.5	5872315	6943537	6862767.5	7725472.5	7544971	4929092	5603700	7286048.5	7943900	9242524	8339145	7592849	7322958.5	8776632	7983977	7798438.5	7752026.5	7625260
P45579	223176.921875	371973.09375	348924.6875	284437.125	495396.34375	317786.9375	360848.75	339095.53125	299274.21875	302495.28125	322085.875	431848.21875	486634.84375	331715.875	251925.265625	225798.40625	248048.078125	239985.078125	260781.1875	247179.484375	211340.765625	228588.09375	270612.875	232237.640625
P45748	778927.625	762434.6875	882536.25	733328.9375	774716.0625	751209.6875	657406.75	759252.3125	708161.375	802935.375	792840.25	687129.8125	753314.75	704889.6875	744540	773671.875	768715.875	762254.6875	713732.25	758185.875	743230.0625	705711.3125	741155.4375	805479.5
P45771	77066.734375	155785	147925.90625	81347.1875	127176.6015625	150036.015625	126871.9921875	152573.546875	136322.109375	139721.25	139517.1875	113058.265625	160820.8125	142339.65625	81094.703125	81167.6796875	79850.390625	69671.671875	74491.78125	71370.5	81775.4765625	77506.3671875	66936.8828125	71976.2890625
P45799	533285.0625	692855.125	688505.625	512080.65625	634674.75	757185.8125	650059.5	654555.8125	682802.6875	648132.875	667254.3125	624819.375	672292.6875	657349.5	500348.53125	613347.25	562627.25	546987.4375	562379.625	509944.96875	524009.40625	530226.375	491926.34375	526521.3125
P45800	289031.53125	400042	410617.53125	286397.59375	351195	407391.125	381454.21875	398340.90625	458068.9375	422572.9375	420102.03125	367389.84375	392084.03125	402435.09375	278339.625	285066.03125	270338.125	302247.84375	287366.8125	267919.25	309744.625	305030.59375	297749.1875	305756.5
P45807	NA	6928.62744140625	NA	3298.894775390625	7243.326171875	NA	NA	5362.4833984375	6330.888671875	2088.713623046875	3628.773681640625	1202.845458984375	NA	4112.33642578125	2371.770263671875	NA	4417.7265625	NA	NA	NA	NA	NA	1714.5003662109375	NA
P45955	699086.25	749894.3125	826233.0625	750568.125	817896.875	825302.875	794904.9375	879037.4375	754837.375	817595.6875	805485.75	795066.4375	939045.9375	793779.9375	964812.25	709169.875	744298.5625	895315	718620	856125	936833.6875	937355.9375	921503.25	831832.9375
P46022	13263.1181640625	16818.515625	19457.8359375	16202.2998046875	15701.25	13716.0078125	21772.2890625	18865.87890625	20273.38671875	18711.796875	17399.87890625	20656.263671875	19774.96484375	21592.2578125	15558.96875	11376.0185546875	14983.4453125	16968.486328125	15184.7392578125	15924.892578125	16335.65625	12229.5888671875	15746.158203125	15072.484375
P46118	233834.5625	601811.4375	604396.0625	254505.65625	603576.5	518506.21875	591559.1875	590523.1875	561446.0625	512357.5	534766.8125	580337.1875	653690.75	563777	211474.59375	223019.890625	190303.46875	187183.375	203560.484375	201480.96875	225997.078125	222691.390625	219307.828125	223301.453125
P46122	133023.890625	271160.375	259795.828125	157483.28125	261815.9375	266243.90625	227068.640625	280035.78125	269029.65625	291688.1875	282578.28125	199630.1875	215557.5	266793	151150.4375	167708.15625	143070.40625	146877.078125	141030.296875	141542.578125	138925.6875	160212.265625	134353.421875	124561.84375
P46125	56735.3046875	42730.3828125	47270.78515625	50650.6328125	47819.36328125	51699.671875	53164.50390625	45965.76953125	56225.76953125	45219.02734375	50131.56640625	54728.1796875	55394.0234375	54146.61328125	52539.21484375	42919.42578125	55674.98046875	46432.53515625	51644.84375	50259.25	47340.02734375	51202.58203125	50986.859375	43964.2578125
P46130	975339.0625	1226550.5	1270100	1031590.5625	1133577.5	1079764.5	1193724.125	1205501.875	1120461.625	1207618.75	1219483.125	1229838.25	1298976.125	1226264.125	1055478.5	1096000.625	1046154.1875	1110263.375	1108683.75	1013965.75	1034918.6875	1035930.5	1044427.3125	990430.1875
P46144	135213.59375	112565.9921875	106680.9453125	134325.171875	91199.8828125	81151.8359375	74815.0234375	95467.078125	129440.2578125	89073.625	127777.96875	118132.7109375	112969.7265625	123385.09375	113094.515625	101426.9375	133398.078125	141068.546875	106898.421875	90412.4140625	111717.8203125	91375.9765625	105122.234375	112528.1015625
P46474	369448	358482.6875	337532.15625	380852.84375	320116.28125	334687	354923.46875	324040.6875	346413.78125	391765.0625	349981	364880.34375	295997.96875	342524.6875	345693.84375	394323.78125	382403.9375	417322.75	407686.75	379695.125	348310.5	386213.46875	381688	375081.875
P46837	4471411	2990253.5	3023147	4300144	2821072.75	3142783	2959482	2824417.75	3222668.5	3160876.25	3138274	2651859	2269367	3051353.25	4441372	4860507	4501855.5	4844478.5	4536084	4490069	4437904	4743589.5	4540244.5	4524851
P46850	19934.390625	NA	4173.98779296875	28463.931640625	17311.0625	58153.390625	19741.474609375	32547.337890625	NA	32982.46875	21722.583984375	31358.216796875	14454.8193359375	29319.8125	13655.71484375	19990.77734375	3690.796630859375	18941.791015625	16922.75	14623.8271484375	18736.287109375	9681.216796875	17300.150390625	21124.662109375
P46852	118012.421875	176577.234375	156934.296875	134882.328125	162892.09375	187570.375	158662.8125	182724.125	188152.515625	195672.9375	189985.71875	148250.328125	165137.40625	191751.890625	135574.03125	114721.4375	140179.609375	135812.046875	135198.078125	124960.296875	133010.609375	132477.265625	144174.421875	128712.7421875
P46853	1195134.5	1142257.375	1182292.625	1195691	1070188.875	1176401	1139178.5	1073851.5	1062338.5	1132848.5	1188909.625	1077528	1015472.4375	1109316.5	1136257.25	1202839.625	1172818.625	1156390	1121433.625	1128158.75	1129255.5	1105195.625	1117804.25	1164337.625
P46854	34944.1796875	35648.609375	30273.8046875	29891.921875	28739.5078125	31465.302734375	30440.048828125	25573.337890625	29361.75	32128.490234375	36309.921875	26186.748046875	26702.64453125	40084.40234375	29729.6953125	29368.49609375	35062.33203125	35257.07421875	28013.7421875	17400.591796875	26285.56640625	25731.91796875	31687.9921875	27100.75390625
P46887	44742.8046875	24659.123046875	20847.6484375	57165.32421875	35636.95703125	16464.21484375	19675.234375	24023.275390625	17466.525390625	20820.224609375	18556.197265625	25349.583984375	22924.96484375	24581.892578125	40845.61328125	35734.76953125	39971.59765625	40014.546875	42837.1796875	42036.38671875	45102.91796875	42087.66796875	43950.0625	34442.7734375
P46888	17862.63671875	18417.892578125	20343.470703125	19833.791015625	20163.35546875	17432.53515625	20785.130859375	16668.306640625	14796.5849609375	20568.44921875	14709.2783203125	18926.533203125	23714.599609375	16251.771484375	18653.416015625	16352.0732421875	14195.0810546875	12521.916015625	NA	16429.84765625	11346.2685546875	14235.4521484375	12210.111328125	11753.9296875
P46889	879355.25	567425.375	546949.25	960144.4375	569057.25	583053.1875	563100.4375	575081.0625	661111.5	580649.4375	606925.4375	568086	601177.8125	627544.75	929730	924265.1875	888109.9375	908803.6875	930069.1875	887309.4375	849951.6875	958893.125	917949.1875	902548.5625
P46923	6970.73095703125	8104.95361328125	7801.8115234375	6971.85791015625	12747.1474609375	2444.580078125	9525.8154296875	8352.482421875	8619.4697265625	6510.55615234375	6275.51416015625	13146.875	7357.4375	5310.11328125	7568.42822265625	6650.30126953125	5433.45458984375	7702.42041015625	5321.67822265625	6014.26611328125	7258.56640625	6213.74658203125	7833.9609375	7035.7744140625
P50456	110488.0625	109176.3203125	91979.0390625	118206.578125	91475.078125	85688.75	109135.0078125	83999.1328125	103655.0859375	92405.78125	101588.484375	107269.9453125	102274.9375	92856.125	101369.7421875	89299.9375	90539.5546875	100537.78125	98369.5546875	111580.6328125	102820.46875	101919.984375	108138.2109375	110322.515625
P50457	61635.80859375	27850.7578125	42526.171875	33425.4296875	39923.6484375	31176.580078125	29394.7109375	29094.916015625	22003.369140625	37980.88671875	24999.939453125	25732.6484375	21136.798828125	38990.55078125	37389.109375	37703.88671875	40645.32421875	37498.875	28718.884765625	25621.287109375	26367.84375	45040.15234375	35853.02734375	31265.0390625
P50465	51337.52734375	34198.59375	27058.0546875	62267.5078125	22243.134765625	50309.4609375	19103.5703125	27874.603515625	15871.3544921875	25558.078125	19656.861328125	26904.01171875	15370.4609375	22118.37890625	40232.41796875	39156.43359375	38206.2734375	42842.54296875	39831.8359375	46189.14453125	54461.34765625	44328.79296875	33369.48828125	40025.19140625
P51024	219321.609375	257479.84375	269726.0625	215627.046875	259247.328125	249920.1875	200286.84375	241697	222591.609375	257295.328125	257270.328125	194504.671875	204482.59375	248384.3125	224301.953125	214432.6875	236653.609375	213197.859375	210128.03125	207488.828125	184705.34375	185650.453125	190478.21875	172402.390625
P51025	35607.12109375	27193.77734375	17491.685546875	33494.984375	23225.068359375	23323.638671875	21032.4609375	19619.572265625	26806.107421875	9608.8671875	27399.697265625	18094.794921875	18241.23046875	13941.677734375	26553.728515625	36342.859375	24448.990234375	32782.25390625	18746.583984375	30321.42578125	26531.423828125	28045.5	25316.091796875	19584.400390625
P51981	203054.5625	306936.09375	289613.53125	191755.078125	316787.15625	196712.21875	293307.3125	280756.96875	316824.1875	259952.28125	257713.859375	311695.5625	305217.71875	228518.125	167488.75	179735	182881.734375	199105.28125	179426.609375	179268.265625	186753.03125	185561.71875	211517.421875	190809.90625
P52006	57973.85546875	104749.671875	84357.8359375	45100.05078125	53824.19140625	72593.2734375	93040.0703125	44215.44140625	85428.546875	79981.8828125	49091.328125	83419.75	59248.6015625	72152.03125	37098.703125	40987.5	40939.16015625	28233.67578125	28531.951171875	35768.79296875	32025.17578125	29850.349609375	31113.810546875	50595.6875
P52007	473046.5625	500547.53125	526796.25	449454.21875	457997.9375	555348.375	446161.9375	486414.1875	516075.84375	491539.5	502231.71875	385379.375	463314.5625	482863.46875	480646.34375	484445.15625	470829.6875	503439.6875	442815.78125	449929.9375	472892.28125	477705.4375	432735.125	466080.40625
P52037	NA	2359.63818359375	NA	NA	NA	3.466346025466919	2739.566650390625	NA	NA	3.381978750228882	NA	1537.6517333984375	4926.09912109375	716.0645751953125	NA	NA	442.30731201171875	788.21221923828125	NA	209.4824981689453	NA	NA	NA	209.61260986328125
P52060	50963.46875	59098.1328125	55307.17578125	51871.0625	75536.7421875	38419.62109375	65106.8671875	63427.3984375	63318.71875	48401.4140625	47555.51171875	62917.890625	63585.99609375	53232.6484375	58221.76953125	57242.33984375	46880.3359375	55700.0234375	50746.1484375	43867.3828125	49511.66796875	46420.75390625	51258.03515625	40487.5078125
P52061	828906.4375	1006781.4375	1012554.0625	833200.8125	965390.0625	1081208.125	878433.1875	1023599.6875	924475.375	1065318.125	997578.75	854014.6875	894423.125	975844	803174.5625	866193.125	855072.9375	812261	811405.9375	819985.75	843405.4375	806150.5	801200.0625	793215.6875
P52062	141356.140625	153792.015625	178318.5625	148538.40625	158639.796875	167932.6875	154190.9375	161381.515625	157911.171875	171012.484375	169578.59375	156470.78125	157248.53125	143468.125	146766.671875	148446.453125	136659.015625	134278.71875	147664.046875	147170.734375	132271.28125	141193.75	123402.0390625	140200.390625
P52074	79055.9140625	153427.015625	136024.953125	178420.5	141797.03125	85369.96875	156951.421875	140795.59375	189627.953125	117846.3046875	103962.15625	137629.828125	116572.6015625	103834.7109375	119099.3359375	99057.0703125	91047.2734375	110512.9140625	102529.03125	107767.2109375	130213.984375	NA	123535.1796875	117504.25
P52076	86684.34375	82967.8359375	81845.890625	87203.7578125	71076.5625	63967.70703125	81351.3125	63312.87109375	72411.859375	64017.56640625	73560.1015625	58054.44140625	80444.671875	56895.9296875	91637.6328125	90565.6875	80012.328125	82129.4609375	78341.0390625	85752.28125	92623.2890625	89643.8203125	84950.2890625	91267.1875
P52095	457754.40625	532366.6875	528732.8125	386123.3125	530323.875	527092	506897.5	504497.53125	556967.4375	529240.0625	507407.8125	567663.375	471498.4375	523418.09375	455644.71875	396435.75	485508.84375	453064.8125	485548.65625	464925.5	463983.53125	451585.4375	476142.15625	467002.71875
P52096	50357.6953125	49654.07421875	54511.203125	35798.59765625	51434.18359375	63185.28515625	54266.46875	51106.47265625	56989.2890625	56480.4921875	53281.3203125	51199.640625	43006.375	60576.75	45831.078125	48729.87890625	49852.265625	40720.7890625	41099.9765625	40691.7578125	48276.25390625	43911.78515625	42023.78125	43477.4453125
P52097	80671.9609375	62560.1015625	68714.4375	83701.3828125	76858.203125	39702.1953125	69409.984375	67169.0859375	71177.390625	54671.1015625	58553.33984375	75718.421875	73341.90625	43609.81640625	78516.4609375	71570.390625	75213.1953125	94719.1953125	68022.828125	86885.015625	91626.6953125	81791.296875	77573.390625	75251.0390625
P52101	14376.5439453125	4767.47216796875	10794.052734375	10913.806640625	NA	8076.1181640625	9330.1669921875	11041.263671875	9153.9130859375	10751.7939453125	7941.67724609375	9285.505859375	9766.9921875	12393.18359375	8050.76416015625	14913.060546875	10497.85546875	8050.115234375	NA	9250.0859375	7569.90966796875	3738.18017578125	NA	6873.6064453125
P52102	52887.9453125	30570.943359375	58170.86328125	60958.04296875	44405.54296875	46048.16796875	43865.3984375	58631.0859375	46625.38671875	42236.22265625	48442.1328125	32630.849609375	40934.84765625	9373.55859375	63892.83984375	NA	60152.01953125	48110.12109375	52222.83984375	68064.890625	28391.216796875	34187.48828125	44288.375	34485.2265625
P52108	643392.9375	586188.5	622306.25	610789.3125	616061.8125	589514.125	568395.9375	577489.375	562020.0625	587289.75	599817.125	608654.6875	610388.0625	574984.3125	634246.0625	715600	637034.4375	620565.1875	593610.625	659518.8125	704784.5	685520.75	660582.875	632574
P52119	125714.40625	145016.625	149637.59375	119085.8046875	138508.28125	164936.640625	130337.265625	138804.359375	129168.2890625	141281.421875	157461.953125	104732.109375	131779.03125	132601.65625	131135.484375	153211.875	137955.1875	114921.984375	122174.4921875	137386.4375	133441.703125	126585.6015625	118511.4921875	120938.0859375
P52129	135335.5	59587.515625	49147.55859375	115819.140625	59040.8984375	29064.845703125	49198.0546875	48418.63671875	43722.5625	37102.0703125	43791.09375	65444.16015625	60932.81640625	53403.0078125	119366.1328125	88642.234375	85690.5859375	111466.8515625	124494	89177.65625	97088.265625	104919.8515625	113596.7109375	96461.6640625
P52598	45426	41308.2265625	43361.5	48855.44140625	54057.73828125	22404.1953125	58675.671875	42692.3359375	46179.67578125	30387.541015625	36448.17578125	59500.05859375	47800.0859375	31336.958984375	50589.8671875	49404.62890625	37651.51953125	46512.30859375	37922.2265625	50203.234375	46283.12109375	53960.65234375	47384.1640625	43774.73046875
P52612	NA	32139.8515625	26210.701171875	NA	18079.76171875	23011.34375	85996.6875	88681.6796875	61088.328125	41199.7265625	59831.87890625	31029.369140625	43169.8515625	68269.6640625	NA	37240.55078125	NA	NA	NA	40042.9765625	NA	NA	NA	NA
P52627	NA	NA	NA	NA	NA	98680.359375	NA	57873.00390625	45667.515625	46330.265625	37075.37109375	NA	29510.34375	42158.6484375	180226.59375	NA	NA	NA	NA	NA	NA	NA	NA	NA
P52643	1427892.25	3515705	3151602.25	1521477.125	4335193	2215795.5	3616289.75	3287106	2858830	2658901.75	2640765.75	4009268.75	4107868	2868218.25	1386693.375	1324620.125	1335224.125	1281896.25	1309215.5	1414798.875	1294128.375	1279971	1394169	1221802.25
P52644	64764.875	119632.75	140705.546875	86743.171875	81753.5625	99394.8125	99424.3203125	106222.5625	88365.15625	97064.84375	134765.53125	97059.0546875	121989.4296875	101810.78125	75881.9375	78413.0390625	56664.81640625	57325.97265625	72327.90625	67318.265625	74098.90625	67457.8828125	71207.0234375	60231.8515625
P52645	66824.8046875	62701.6953125	72313.625	65138.77734375	62859.49609375	70082.1796875	71291.5859375	76630.0390625	74643.8125	75693.1328125	78045.1171875	78293.875	72394.71875	73691.3125	58651.1796875	59514.484375	75633	62255.1171875	60636.375	58639.0390625	69042.21875	60636.640625	55760.71875	73852.609375
P52647	1666292.5	1128697.375	1159917	1774338.25	1167520.375	1320470.25	1117267.625	1151781.875	1266739.125	1222964.625	1233226.75	1128801.75	1174383.875	1202308.625	1626001.375	1486294.375	1594294.5	1695266	1776247.375	1505640.375	1622329.75	1679811.625	1755523.625	1709293.625
P52697	4961504.5	5627350	5783377.5	4557238	5169471	7058720.5	5499471	6016292	6589043.5	6929282	6714523.5	4950437	5053598	6432600.5	4963412.5	5004666	5357493	4746407.5	4869636	4954312.5	5038244.5	4896268.5	4897776.5	5254958.5
P54745	11158.7294921875	16339.8525390625	36714.109375	16122.03515625	148667.546875	19037.025390625	27386.974609375	24179.69921875	12231.919921875	33218.296875	27467.044921875	128430.640625	20029.953125	134889.4375	13723.3388671875	26180.990234375	19883.607421875	16766.72265625	17942.822265625	20211.96484375	17264.4453125	17062.46875	25859.232421875	14625.4931640625
P54901	12904.287109375	32494.568359375	34141.6796875	11003.939453125	41885.2109375	30997.236328125	39798.42578125	34987.30078125	47281.08984375	28626.33984375	24576.3203125	35883.9765625	33627.34765625	27610.654296875	14387.6142578125	11055.1826171875	10993.431640625	11910.3759765625	10612.642578125	8024.61669921875	4923.05517578125	9179.587890625	5616.0234375	8334.9921875
P55135	285083.875	260232.375	230542.203125	282155.90625	208970.8125	232391.015625	241080.09375	215762.125	222261.921875	214819.15625	246067.828125	201402.5625	225387.296875	216960.578125	254209.015625	277514.25	283035.625	263955.0625	269382.71875	291062.34375	280554.15625	265398.75	245928.953125	235135.09375
P55734	129087.4921875	175505.234375	149531.09375	126815.6875	164727.28125	203569	173616.9375	161635.453125	191079.296875	185669.703125	190670.1875	157119.5	131799.96875	170660.21875	155301.109375	138187.734375	157035.125	137233.59375	135069.578125	145393.21875	150546.515625	129742.3359375	137200.46875	165955.734375
P56258	98218.1328125	66235.5859375	65951.734375	89877.6640625	68016.9453125	69939.9296875	66853.171875	69190.8046875	72402.3359375	70219.7109375	77074.125	63234.015625	65614.8046875	71023.5234375	83315.484375	92691.6796875	98483.609375	89141.8828125	99887.1796875	85295.65625	86920.9453125	99582.7265625	91824.4609375	92578.328125
P56262	584570.75	1327843.75	1249101.25	558817.25	1265116	1441785.875	1245879.5	1204547.25	1518900.75	1363423.625	1317274.375	1193141.625	1016009.25	1199570.375	700289.5	689974.0625	713196.625	729436.375	663821.1875	672850.5625	664231.625	697115.125	566384.6875	641688.5
P56614	NA	593.56219482421875	NA	NA	1832.53955078125	NA	NA	848.06768798828125	NA	217.95445251464844	319.1517333984375	450.41607666015625	145.48182678222656	1281.401611328125	116.01890563964844	NA	NA	NA	NA	554.80169677734375	268.58135986328125	NA	NA	202.26258850097656
P60240	1693890.75	1275046.25	1201929.25	1660541.5	1347885.5	1133989.625	1303460.625	1255118.25	1227859.125	1248988.875	1260242.125	1311274.375	1248264.125	1289502	1606425	1595535.5	1725812.75	1784549.5	1763867.125	1683341.125	1752347	1735156.5	1727104.25	1715165.125
P60293	524698.5625	501707.71875	486007	498015.53125	497408.03125	415894.125	464165.96875	468579.625	487199	496709.59375	435968.71875	493099.6875	496054.53125	430902.5	513332.0625	552368.0625	521160.71875	533835.375	500502.1875	522801.46875	525864.375	516326.65625	510854	521599.9375
P60340	347862.84375	348126.71875	328586.03125	382012	392649.40625	351069	346938.5	355925.875	348502.65625	393037.0625	382424.3125	346253.40625	370741.125	394218.84375	383411.375	374161.59375	373262.46875	379195.25	355453.46875	366909.9375	356260.15625	360791.75	345436.6875	359491.125
P60390	930558.75	1175378.25	1247186.625	943463.625	1123304.75	1284657.875	1108430.625	1112475.25	1128029.625	1213268.75	1220388.25	1037563.625	1182813.375	1110569.75	908590.6875	1001782.5625	939360.25	908978.5	867370.6875	965813.9375	959946.25	932941.1875	911152.25	929324.875
P60422	48199772	35494820	34077580	49509200	35786912	40003088	35502372	35515536	34206924	37218476	38234748	35252444	34034464	37448760	49036556	49729196	49765748	49351668	49586876	48613128	49882512	48048500	48517896	49678624
P60438	32489572	25721756	25938902	33237138	24796970	27375280	25056402	25295444	24377080	24888404	26249482	23524114	23899026	26294060	34028268	35232068	35498896	32354486	33355456	33044048	33318940	32939166	32832082	32511674
P60472	123220.2734375	137501.59375	141870.1875	131342.421875	148461.6875	146736.828125	147895.28125	140234.1875	167877.34375	163103.203125	143397.0625	146224.953125	136655.375	129243.765625	122640.296875	126050.984375	134854.453125	145333.3125	140961.25	133075.5	120132.28125	137130.9375	139745.734375	129616.84375
P60546	814765.8125	723449.6875	753308.3125	802472.0625	693368.375	847913.0625	614143.0625	715402.875	673939.5	771355.5	746274.625	556343.4375	689045.6875	735975.4375	811467.25	896766.5625	827878.6875	786790.3125	805839.8125	869972	851339.1875	792273.125	727635	804473.75
P60560	3235918.25	4328626	4377003	3350192.5	4146663.75	4616184	4714087	4273968	5029276	4636893.5	4427593	4421125	4173865.25	4503903	3308564.25	3753605.25	3290912.25	3657998.75	3416512.25	3626654.75	3397444.25	3529849.25	3379363.25	3688743.25
P60595	2007858.125	1057299.625	1044628.375	1895065.375	1059234	1102046.75	975924.9375	997614.5	1011434	1080264.875	1059444.25	1010687.25	970371.125	1066928.5	1997758.5	2262334	2015295.375	2672172.25	2098938.75	1928988.375	1929114.375	1981931	2012217	2093580.125
P60624	16823008	13726394	14107771	17005340	12836084	17093740	13210113	14504466	13303264	14714558	15135946	11631996	13092490	14517884	18033916	18721146	18344502	16143703	16561256	18007244	17782174	16384435	16155253	16945884
P60651	1005937.125	935802.8125	905303	953103.0625	862256.5625	1134358.375	935687.0625	942905.75	1068644	1121432.125	1074028.125	905172.5	739217.125	999033	985824.1875	959026.4375	1006240.6875	972233.5	1017454.9375	985604.875	969396.0625	976050.9375	1002720.4375	943316.1875
P60664	3080991	1422889.5	1394425.25	2776721.75	1379043.875	1400300	1311390.625	1361423.75	1416693.125	1473736.375	1407368.5	1400418.75	1304764.875	1390378.125	3004361	3196510.25	2904771.5	4005116.75	3028374.5	2805272	2939157.5	2963522.5	2921723	2998597
P60716	1571162.375	4348073	4355214	1926967.125	4917648.5	3984728	4144860.5	4273394.5	3752055	3836035.25	3805040.25	4913314	5522629	4036811.75	1546938.25	1506181.875	1393725.625	1527987.25	1652864.75	1429176.375	1458577.25	1600967.125	1576751.125	1401694.25
P60720	155414.75	109084.484375	124809.34375	130311.7578125	93325.6875	88968.84375	95676.3515625	82319.5625	111740.59375	89070.953125	92341.3203125	89594.7578125	86724.5390625	91512.953125	125946.2890625	177090.71875	123301.1953125	146301.796875	149582.15625	153443.921875	142249.390625	170884.984375	144979.703125	116961.0625
P60723	32266072	27198570	25959152	34465964	27659280	30193276	26495394	27208730	25074962	28173852	28068058	24950694	25070984	27826874	34442376	38480404	34363376	36073652	33562148	35403480	37259864	35040400	34606892	33676784
P60752	938223.0625	713124.5	705013.375	919426.25	766844.3125	656009.5625	737932.25	724346	720840.0625	665510.0625	707897.5	759972.5625	781855	713335.875	889866.8125	916582.25	888015.625	872348.25	913632.6875	904674.9375	914921.9375	856072	927409.25	938622.6875
P60757	8773846	2721452.5	2712809.5	7375131	3263033	2287840.5	2613529.25	2499601	2605758	2526757.25	2239059.5	3119594.5	2661376.25	2396021	8109285	9147438	7097416.5	12253432	8449147	7694529.5	7863102	8545657	7986424.5	8186780
P60782	NA	5571.28955078125	NA	4140.9775390625	5737.99755859375	NA	3371.987548828125	6550.5693359375	6184.46484375	4184.77197265625	2814.723388671875	6752.30126953125	6007.91650390625	3026.52880859375	3173.49658203125	NA	2803.318115234375	3935.84228515625	3651.67529296875	1365.572021484375	NA	2651.579345703125	2900.83935546875	3252.414794921875
P60785	4075833.25	3528818.75	3637144	4040870.25	3979832.25	3180763.5	3719215.75	3540143.25	3607185.25	3439365.75	3315511.25	3832237	3791225	3297857.5	4045768.75	3931537.5	3904966.5	4092844.25	3897961	4014980.75	4184522.5	4180597.5	4036526.5	4116462.5
P60869	172895.21875	131520.5625	138042.65625	187298.96875	132352.921875	125532.6484375	132947.515625	121728.5234375	119661.09375	148062.65625	136122.078125	136531.484375	146543.96875	137294.640625	185663.9375	133781.0625	170908.96875	176153.984375	158325.109375	170952.6875	149959.703125	163476.609375	159796.96875	162255.6875
P60872	19318.80859375	9945.677734375	5658.529296875	18669.390625	9929.955078125	NA	9929.734375	12501.359375	10238.7890625	8408.7216796875	7824.54443359375	7198.0908203125	12018.630859375	6561.025390625	14006.0908203125	16319.677734375	14794.7705078125	10486.2412109375	8804.7958984375	20657.998046875	20825.056640625	13510.0380859375	NA	14514.0380859375
P60906	5974493	4590510	4836596.5	5976036	4522401	4434494.5	5004954.5	4709453	4719871.5	4600940.5	4500774.5	4661515	4785121	4516527	5927919.5	5556165	5859306.5	5915955.5	5818062.5	5853956.5	5987246	5842560.5	5792790	5945718
P60955	87533.8984375	55704.33984375	62999.1640625	74778.3515625	41513.9921875	43048.9765625	63387.5703125	53753.45703125	61026.61328125	62991.84375	58661.546875	68467.40625	55589.44140625	62786.19921875	69100.6640625	64943.84765625	50408.99609375	52685.80078125	63350.73828125	72649.21875	77021.7890625	69473.1875	65658.2890625	62510.02734375
P61175	20462728	15557406	15117261	20135728	15745366	17011484	15291536	15088114	14682228	15842692	15938109	14892694	14646364	15299489	20521950	21703220	20276382	20135826	20541436	19976212	19992830	19245914	19778196	19965498
P61316	749014.375	796130.75	812827.375	773846.4375	782380.125	879186.3125	725425	862742.4375	794575.375	805449.9375	842864.9375	701544	761594.1875	829081.25	743172.5	739481.6875	757723.5625	725081	716068.25	738152.75	792466.6875	742533.1875	719443.6875	699612.9375
P61320	906247.875	993271.6875	1014953.5625	973801.625	947277.3125	875495.8125	945162.125	995632	919511.8125	994342.75	935156.6875	1021058.125	964184.3125	955175.6875	956071.3125	949251.5625	908866.5	1029968.4375	989048.8125	972249.875	995601.375	967932.0625	941490	971293.9375
P61517	3577189.5	2966674.75	3145580.5	3272844	3020949.25	2867223.25	3130527.25	3030904.75	3384822.5	3070197.25	3025628.25	2817645.5	2868775.25	2689057.5	3459748	3905779.5	3583006.75	4063606.75	3377980.5	3834934.25	3589126	3938310	3442862.5	3793030.25
P61714	3668579	4111226.75	4460573.5	3789024.5	4093290.25	4308816	4009149	3808861.25	3971371.75	4035629.75	3995835.5	3978384	3632990.75	4001015.25	3819869	3873425	3721000	3957615.75	3870299.5	3738767.5	3923807.75	3742216	3702424.25	3761165.75
P61887	260470.671875	221999.328125	228516.3125	250259.875	208125.515625	233049.0625	248468.921875	228028.421875	227395.234375	255844.75	232768.59375	210267	211130.84375	184007.09375	241215.828125	263728.125	245566.0625	236302.21875	267777.28125	232709.078125	244223.59375	237638.25	240626.859375	251984.625
P61889	36248884	117266192	120421416	37801540	114826416	118994696	113146040	105365768	114801144	114663560	109990296	126049296	94362040	99371136	39140004	48028960	37487760	45395728	38868884	43298472	37672444	42473760	35929620	40120232
P61949	3542165	4024448.75	3980466.75	3590271.5	3743282	4744503.5	3618998	3986450.75	3922468	4134435	4187681.5	3150349	3332870	3814425.5	3811736.25	3673496.75	3870849.75	3443591.75	3641063.75	3712707	3786957.5	3461520.5	3545522	3606992.25
P62399	45939872	35175928	33912144	45388284	34236184	38398608	34726148	33845416	33370468	35523452	35606976	35869928	34728100	36311044	45088696	47755960	45610744	45362708	46666040	45770592	44705876	45039880	45297156	46181236
P62517	1092619	1006008.4375	977301	1070902	952844.75	912550.875	975734.125	939325.6875	984281.9375	918836.375	969727.1875	1045426.9375	1042670.5	952803.4375	1059332.125	992327.1875	972663.8125	1146314.375	1127377.5	1027999.875	1024429.9375	1097281.5	1097309	1034704.5625
P62601	87128.875	85528.8671875	103749.3125	75568.359375	75154.0078125	133366.859375	92067.6640625	89895.890625	141183.421875	138820.125	135132.34375	78383.8359375	59804.45703125	119726.875	87876.921875	79178.28125	109974.1328125	91047.125	91646.109375	91440.7109375	84935.84375	92227.5234375	85203.5546875	96536.59375
P62615	372229.40625	434334.59375	449716.53125	366506.15625	413685.96875	407859.0625	397188.75	402543.15625	408947.875	395916.6875	406374.28125	414634.4375	441200.6875	400438.4375	374234.21875	365537.0625	349358.90625	370490.375	359058.71875	379417.75	385967.5625	407773.15625	399142.0625	387237.0625
P62617	552711.5	661353.625	696201.3125	560003.125	624356.125	764930.6875	646286.625	670200.875	685874.9375	677191.0625	730906.4375	568395.8125	604572.375	681979.75	535257.875	590077.9375	571076.1875	524700.375	548404.1875	574104.375	568980.0625	549596.625	547470.1875	524868.6875
P62620	2583560.5	2387083	2267817.75	2655202.5	2401388.75	2150107	2247935.75	2316663	2212451	2277402.5	2208040.75	2382070.25	2473896.25	2259075	2533022.5	2662366.75	2541626	2613875.75	2582172.25	2589662.25	2538921.75	2565297.25	2588475	2542059.25
P62623	901081	912945.375	894405.6875	1006627.3125	998389.375	861578.625	955299.375	942208.5	901671.125	917686.625	865790.9375	870836	985110.75	920516.375	975204.8125	986199	925212.6875	984220.875	955881.5	924407.75	928150.5	956416.375	939803.6875	888525.6875
P62672	47264.3671875	42651.52734375	41837.0703125	53528.8828125	50551.28125	47156.1328125	48631.6328125	50165.59375	41878.30078125	27276.861328125	32243.421875	36362.87109375	39394.3984375	44101.0703125	49801.171875	47285.03125	51151.74609375	48294.2578125	50894.015625	48104.94140625	51793.1796875	52233.37890625	47251.546875	50422.84765625
P62707	22653274	25945442	27487720	18856542	23127488	30768712	25564096	24990122	27591102	28358056	28763428	21218194	20222336	27591910	22193442	25082546	24118942	23843596	22314646	23488498	22683584	22911788	21836260	22894788
P62768	2612417	4183088.75	4303619.5	2747971.75	4232457.5	4793941	4005576.25	4112861.25	4181857	4422720	4552392	3620218.75	3931008.75	4230950.5	2822132.5	2872078.25	2893536.5	2511526.25	2702934	2718106.25	2837937.5	2613113.25	2666533.75	2555128.75
P63020	1351588.125	1589644	1721952.125	1345717.875	1600086.125	1618852.875	1630976.375	1835217.75	1753534.125	1728073.5	1629386.375	1470768	1725335.125	1631058.5	1545063.125	1270448	1417171.375	1390828.375	1338671.75	1420252.875	1424686.125	1389401.25	1340745.125	1339850.875
P63177	423289.625	394102.3125	355021.625	406556.40625	414070.84375	405798.4375	384358.84375	390126.875	395057.21875	417506.5625	392674.90625	372712.6875	405455.65625	387034.03125	409779.5625	421926.21875	422140.6875	425604.15625	420427.4375	392422.15625	408899.75	388004.125	406502.21875	402600.59375
P63183	170311.890625	96230.3359375	64401.06640625	145316.15625	89406.203125	79262.1796875	108696.0703125	101142.3359375	94895.171875	78375.8359375	87977.6484375	78242.609375	77217.7890625	88580.390625	125594.859375	140752.65625	117688.859375	149843.484375	131529.90625	151665.4375	159039.484375	131106.3125	148145.96875	150642.28125
P63204	NA	NA	NA	1.7768349647521973	NA	NA	NA	NA	0.006935942452400923	NA	NA	NA	NA	NA	1.942824363708496	NA	0.46656760573387146	NA	1.3593394756317139	0.010093223303556442	0.007319357246160507	1.7623841762542725	1.2014286518096924	NA
P63224	3180615	4066422.25	4114799.75	3145617.25	4487775	4243830.5	4442570	4062191.25	4450125.5	4136422.75	4055735	4070621.75	4043730.25	4033185	3117504.5	3312424.5	3025714.25	3163869	2987216.25	3155008.5	3276919.5	3127603.5	3182576.5	3096635.25
P63228	482155.21875	532740.9375	518086.1875	450492.28125	504461.5625	562586.6875	506752.65625	533266.6875	482925.59375	574885.5625	590243.5	463504.28125	526803.625	513985.3125	466190.40625	412048.625	515729.5	476647.8125	473939	423561.125	446899.75	424272.40625	475368.1875	435567.125
P63235	452895.0625	682847.0625	642277.8125	343396.9375	431250.53125	1171602.375	729648	710406.1875	886060.5625	1003553.5625	1158891.125	441194.3125	575015.5	1008602.625	341364.4375	190770.8125	357976.59375	232933.625	333992.34375	400526.8125	395574.03125	193337.421875	394358.03125	376356.21875
P63264	24518.673828125	22922.076171875	17211.708984375	24660.357421875	22158.7265625	16570.302734375	13336.8359375	17453.30078125	16517.724609375	14738.783203125	16989.931640625	30813.724609375	25197.931640625	18197.12109375	15764.953125	5367.208984375	21094.23828125	21308	26610.755859375	17883.81640625	18259.521484375	26409.9296875	31091.3125	22369.529296875
P63284	19113448	22226128	21672224	20031538	22922760	21983152	20436898	21948096	19358718	21819970	22386574	21012512	22083672	23464876	18678914	18245174	18492638	16641308	18224784	19854520	19890040	18362092	19912866	17975796
P63386	636255	495506.25	482270.375	607572.375	518531.625	442719.71875	496268.46875	487304.15625	493060.21875	461301.34375	479040.0625	526015.25	519613.59375	464013.28125	593098.875	606459.5	567212.875	600272.9375	591963.6875	598143.375	605819.25	627379.25	641441.6875	569287.875
P63389	1036616.75	711325.8125	713137.625	1027976.4375	796345.5625	642394.5	744923.25	686065.125	701320.6875	691485.0625	693779.6875	763375	738703.375	721538.9375	984758.375	1049516.5	1012170.0625	998852.875	1029005.25	959458.5625	1017367.875	1005391.5625	1018358.75	1028829.125
P63417	671471.0625	855178.125	861269.75	753162.625	748036.25	872179.75	759815.4375	904780.875	731960.625	830386.6875	838198.625	667938.875	810267.5	864812.6875	668863.0625	703299.0625	650386.9375	620292.625	635209.375	695826.625	686888.375	646929.8125	653069.375	625333.0625
P63883	131145.609375	155978.109375	133479.40625	129781.0078125	145862.34375	138571.515625	138764.640625	151355.0625	150748.578125	132153.203125	149715.34375	153097.328125	162274.984375	157068	138227.078125	107784.0390625	118168.5546875	100746.5390625	123468.6953125	115237.9296875	85252.9140625	104524.296875	130214.4140625	108571.9765625
P64423	89916.984375	99216.5859375	90193.3671875	95256.46875	96051.8671875	95245.796875	89637.203125	93333.1953125	94961.9921875	86160.1171875	100212.2890625	88632.6328125	95304.484375	85509.671875	91398.3984375	91014.8359375	91731.78125	98865.578125	96994.3984375	94586.8984375	106024.546875	96939.3359375	96546.4140625	86690.6015625
P64426	33330.40234375	54097.66015625	57896.625	42346.74609375	43442.484375	51511.16796875	45266.01953125	53888.3359375	53590.64453125	59008.04296875	50974.2890625	34666.5	35925.6953125	45638.12890625	35672.07421875	41312.078125	40618.23046875	43637.68359375	32409.873046875	42699.28125	39344.38671875	35662.84765625	39451.2265625	38783.828125
P64429	81693.6640625	79970.234375	76523.890625	76661.875	67040.4921875	92409.65625	75081.5625	103931.3984375	108516.875	81159.96875	86511.640625	66946.9296875	70953.8046875	84653.59375	69635.765625	83636.2421875	74177.203125	70180.3203125	69865.796875	68096.9921875	70991.515625	64328.1640625	78535.4296875	68543.9609375
P64451	593612.25	638557.3125	633196.625	546488.5	611970.75	742426.0625	698847.375	664975.875	836949.1875	807128.4375	843591.4375	642133.625	637679.9375	738522	603964.6875	486141.78125	582253	546551	578566.875	536879.0625	558244.25	567622.875	541952.25	568829.125
P64455	1010306.8125	907759.4375	916576.4375	1078079.5	827622.1875	911547.3125	752058.1875	916507.875	784047.75	813454.875	889975.3125	621334.625	869235.125	872170.1875	1072758.75	1176983.25	1147492.875	1092344	964783.5625	1094959.875	976147.875	1004037.5	1062548	995216.625
P64461	NA	3248.981689453125	1179.44140625	NA	6065.04931640625	4636.15673828125	2245.114013671875	3004.2939453125	2977.003662109375	3492.42919921875	3751.91552734375	4384.5302734375	4329.15869140625	4222.88134765625	NA	NA	NA	NA	NA	NA	NA	NA	NA	NA
P64463	8359167.5	4520005	3363803	9206846	3701696.25	3309556.25	2614842.75	5709169.5	2205013.75	4639265.5	5662260.5	2874677	3849841.25	8323895.5	8850314	8637480	9754419	6568999	8576954	8866554	10015937	8694460	9896103	7128520.5
P64467	98528.765625	85235.34375	84661.109375	95924.4609375	75055.7734375	98455.921875	71731.65625	84084.5078125	80741.7421875	96469.015625	107406.1171875	50759.0625	69907.4296875	100893.703125	90162.609375	94496.0859375	92313.703125	75536.6171875	81491.2109375	81862.671875	89453.390625	76354.234375	86345.6796875	77243.7421875
P64474	11613.486328125	12553.2880859375	5197.859375	9135.5732421875	NA	11939.560546875	11043.951171875	7707.32958984375	5830.63623046875	9038.0458984375	4623.8974609375	4948.79931640625	7993.7734375	8847.953125	11279.3603515625	5217.6640625	5189.51513671875	11224.6416015625	6793.0986328125	6669.072265625	8350.2822265625	6769.35986328125	4733.1015625	7922.8955078125
P64476	377998.90625	540685.25	537493.875	392642.59375	542297.125	476462	489241.3125	520579.78125	472358.5	503960.0625	476130.03125	471382.0625	437303.125	495480.1875	401675.71875	391717.5625	323270.5	311248.375	401349.625	249438.25	317234.34375	328247.15625	326557.3125	314818.46875
P64479	221928.3125	368708.8125	375324	176457.828125	319288.96875	394957.40625	371609.5	425240.375	370113.78125	427290.0625	374680.78125	259322.171875	318033.34375	356044.75	249630.453125	187736.53125	236005.8125	197701.15625	166578.015625	178593.625	230830.984375	220923.703125	219919.375	249167.359375
P64483	1075639.125	1409046.125	1441269.125	1130584.75	1450261	1299539.625	1313864.875	1376350.75	1166302.625	1234552.125	1270277.75	1362820.875	1476284.875	1388880.75	1057652	1145801.5	1029386.625	1069284.375	988579.375	1072276.875	1107584.25	1087793.625	1057153.75	1054618
P64490	120960.4921875	131632	140583.40625	170123.046875	118660.1015625	168449.71875	118436.7421875	99235.9375	105503.03125	130368.4375	99689.859375	78826.1953125	79583.5390625	124480.6875	126648.3984375	123638.328125	114951.5859375	104439.15625	116959.046875	99463.90625	89366.4140625	93002.78125	107761.578125	113452.09375
P64493	135897.1875	114664.640625	132732.296875	135239.203125	99713.78125	187704.0625	136093.484375	127015.609375	116136.171875	108868.1328125	153737.828125	140999.578125	105736.484375	145589.21875	158658.78125	115278.2265625	134629.5	122633.796875	165697.3125	160066.25	133916.75	183724.359375	94695.328125	140194.265625
P64499	12095.78125	1909.715576171875	5666.02587890625	8353.4443359375	2458.26513671875	3715.21142578125	710.1451416015625	1621.5601806640625	2054.534912109375	3407.8046875	3652.888916015625	2866.0439453125	1849.43017578125	992.9217529296875	10383.1259765625	12837.900390625	10608.3984375	9194.8525390625	7358.79443359375	9626.861328125	7785.912109375	8310.3876953125	9983.740234375	9609.298828125
P64503	484559.625	1295172	1338551	511983.46875	1141846	1543440.75	1255869.625	1364836.25	1430297.375	1611184.625	1548455	1010505.5625	865699.375	1522512.75	595115.5	573634.875	622390.375	607776.5625	574317.0625	535461.3125	568200.375	492730.15625	492576.25	525096.875
P64506	509554.28125	417713.03125	401324.1875	534186.25	436506.125	440656.15625	388683.25	458934.6875	415097.40625	443097.03125	396756.6875	388936.53125	441714.6875	401069.71875	600174.375	594742.25	573626.875	564195.5625	497132.78125	552667.25	539964.3125	511378.96875	495811.625	503520.84375
P64515	2779.15869140625	1291.8116455078125	2354.44384765625	5421.62353515625	3708.19287109375	NA	3762.657470703125	2421.35498046875	2311.20166015625	NA	NA	5458.7763671875	3680.13623046875	1521.033935546875	2896.724609375	2239.59619140625	367.6258544921875	5256.9970703125	2218.804443359375	4772.9150390625	3726.31298828125	4027.236328125	4037.216796875	3985.66455078125
P64517	21447.873046875	71390.8359375	56046.89453125	25173.029296875	61563.68359375	74194.6796875	57999.41796875	63483.48828125	64063.63671875	69253.6875	69918.6875	33188.75	40595.515625	67635.3359375	12140.5009765625	10244.685546875	18284.931640625	6887.21875	12744.240234375	9209.36328125	15059.0556640625	6344.65478515625	7643.58251953125	12848.6962890625
P64519	51076.53515625	88356.015625	94093.75	43368.80859375	83240.2109375	103282.1875	68958.1953125	98652.3046875	69406.53125	103427.6953125	112078.1484375	57267.09765625	53876.5859375	103803.046875	48223.2890625	50469.01171875	71174.359375	45029.2109375	43867.875	48819.71484375	52022.82421875	35666.28515625	44192.87109375	48286.328125
P64534	646648	981944.375	1037680.5625	643384.125	1013147	1351273.625	1029635.0625	1125491.375	1153251.125	1214772.125	1266178.625	812635.75	977056.375	1174647.625	646103.1875	665170.0625	756956.375	624978.125	675124.6875	615039.75	630221.75	612893.8125	649266.6875	615435.375
P64540	550024.375	598180.25	604580.6875	616492.5	519656.875	530766.5625	556612.8125	528988.4375	561017.5625	540420.8125	567598.125	488221.4375	479220.40625	532238.5625	608350	612472.5625	634372.375	631511.0625	566206.625	587779.9375	564433.5625	544713	572477.0625	531758.9375
P64545	38426.41796875	27645.626953125	14318.515625	44764.16796875	45238.390625	30098.884765625	37015.15234375	42075.2109375	49844.48046875	30845.078125	52033.78515625	19668.791015625	24579.357421875	31528.150390625	40226.62109375	25675.244140625	27752.72265625	39874.26953125	34542.05078125	22867.357421875	46255.625	36244.25	19427.623046875	22947.076171875
P64554	380296	283300.25	289342.75	372735.15625	286059.125	286296.53125	259785.859375	266491.53125	277231.96875	310159.71875	307107.59375	269293.90625	257650.484375	287710.125	376778.53125	353860.65625	404421.5	406405.71875	382087.59375	375073.09375	388917.625	345702.78125	376452.65625	371329.28125
P64559	114437.0859375	168793.53125	198976.09375	103517.3984375	192671.78125	162575.171875	147747.015625	139733.265625	139273.703125	149106.65625	174089.40625	133140.890625	153599.625	132801.46875	105524.4375	123576.65625	98429.4296875	103103.40625	85829.109375	91339.484375	103253.5546875	89764.9375	77493.6484375	75789.1875
P64564	61197.3125	25519.560546875	28822.224609375	56896.51171875	23017.3828125	19147.7890625	47062.296875	39292.234375	41845.6171875	27505.119140625	24374.255859375	32490.193359375	34517.55078125	26102.50390625	34825.19921875	15953.822265625	15740.15234375	31038.1015625	20284.25	27130.341796875	37770.2265625	28936.189453125	28929.83203125	48721.59765625
P64581	7491380.5	9530286	10560243	6884134.5	7934039	11374416	9727050	9667226	10025455	11281554	11476457	8274578.5	8873300	10555234	6470956.5	5827686	7575909	5969658.5	6742510	6282611	6909666.5	6266399.5	6928616	8657325
P64585	115178.015625	145447.234375	94507.078125	104457.9453125	169850.875	135382.734375	139847.84375	151916.078125	160362.734375	97769.25	170620.453125	119120.9375	133171.921875	130371.4453125	91474.03125	102671.5234375	87856.4609375	90329.140625	78370.96875	47809.84375	69757.375	70405.6015625	81745.4453125	103588.5859375
P64588	1439749.75	914964.3125	946213.4375	1636134.625	982003	1150951.875	803233.4375	1068879.375	873371.75	947995.5625	1016791.0625	778416.375	1158963.625	1049007.875	1313074.75	1137275.625	1426515.25	966989.3125	1321303.875	1656372.375	1392346.875	1482247.75	1561972	1363820.875
P64594	11412.3271484375	16292.9033203125	15869.615234375	13930.8896484375	23389.546875	22532.349609375	19218.912109375	18028.361328125	18549.501953125	19932.818359375	13425.3134765625	17892.62109375	21799.951171875	16161.8359375	15653.0205078125	6809.69384765625	14399.9248046875	16015.3076171875	12262.60546875	13003.4794921875	12997.3134765625	10049.177734375	15692.7255859375	10281.5341796875
P64596	1284613.5	1409194.75	1404641.625	1224110.375	1528562.75	1288190.75	1496272.625	1449343.625	1505928.25	1375764.125	1330575.5	1462133.75	1460919.5	1385564.25	1243843.875	1309791.125	1197129.5	1283525.875	1230318.375	1293573.875	1301911.75	1257727.125	1266446.25	1209548
P64599	208350.421875	146251.921875	132965.34375	164862.859375	134711.265625	69054.984375	128345.578125	192232.515625	121751.0078125	144824.484375	160253.046875	126076.75	154160.640625	228501.9375	181721.96875	197452.078125	186216.875	160962.546875	199318.1875	204204.40625	187412.578125	220834.578125	235290.5	176363.765625
P64602	290280.875	267984.34375	270828.9375	278281.53125	281210.5625	305616.3125	246959.546875	293048.625	265865.90625	296781.53125	284171.8125	183689.953125	273651.625	306094.6875	276648.5625	285084.90625	279158.625	249124.328125	266150.21875	251452.265625	275189.5	259491.796875	253387.59375	278480.3125
P64604	1175634.125	1078239.5	1081710.375	1235386.25	995370.5625	1027933.1875	943690.875	1087147.5	1034405.5625	1079944.5	1031199.3125	1050135.75	1124479.375	1100723.875	1249693.375	1247806.625	1191777.25	1147374.625	1111776.75	1142952.25	1130919.75	1121195	1168255	1133660.75
P64606	111748.3125	75003.8203125	73875.109375	98292.25	117404.8125	80669.953125	98591.1640625	91752.9765625	112905.03125	83907.9765625	125506.046875	97158.15625	122213.8203125	136253.921875	109949.6875	81756.6171875	101740.6875	74749.6875	95308.15625	94306.3984375	82729.3984375	84322.828125	86444.6875	62751.43359375
P64610	48621.703125	31073.919921875	19317.58984375	40816.765625	31254.23828125	34259.1875	34592.67578125	29923.228515625	32724.673828125	37710.87890625	31452.595703125	24091.443359375	22925.5078125	30084.009765625	49172.49609375	46835.69921875	49898.1796875	50516.7421875	50501.53515625	43570.52734375	46738.4765625	49167.65234375	45333.9609375	51260.80859375
P64612	902034	792676.125	724852.3125	853170.125	987745.75	692619.0625	878549.9375	794013.9375	845731.5	744552.25	718067.5625	942917.375	842055.125	794658.25	847213.625	933453.75	882828.8125	1036094.6875	872738.75	948125.1875	882239	973790.375	1072333.375	927016.25
P64614	28255.669921875	4522.005859375	4811.38037109375	29623.021484375	7152.359375	3177.19287109375	6410.37451171875	6131.92333984375	2447.422119140625	4490.357421875	5272.63671875	3261.43310546875	NA	5954.51904296875	22147.6015625	20955.92578125	22368.58203125	19736.33203125	17404.111328125	18298.474609375	17674.619140625	17447.13671875	19000.89453125	12991.1005859375
P64616	77127.71875	77666.5625	68739.515625	55978.44921875	74459.7421875	71264.25	68894.4453125	79165.5859375	77796.734375	79144.1171875	64849.1328125	46541.38671875	73248.2890625	75474.65625	78832.4296875	46029.5625	66185.015625	60383	81514.4453125	69451.453125	79648.53125	70666.5390625	61618.73046875	79054.515625
P64624	230551.296875	241598.90625	209358.46875	241485.84375	258675.0625	149982.59375	266432.25	219198.78125	231689.1875	206413.59375	189123.546875	257809.8125	227345.125	208543.953125	244219.375	257358.625	224974.25	272526.78125	239559.40625	239366.140625	222201.03125	273484.625	262064.140625	230636.515625
P64636	36856.0546875	20595.90625	27359.931640625	33917.80078125	20477.361328125	33623.98828125	22357.6484375	14895.134765625	23897.515625	23715.451171875	30875.83984375	14617.6015625	19052.033203125	22959.615234375	42118.5234375	47181.12890625	47844.828125	41329.22265625	37834.1640625	36817.34765625	40416.25390625	40036.02734375	38700.98046875	40704.01953125
P64638	32335.4296875	14589.2314453125	19688.271484375	28837.8515625	12493.89453125	9627.76953125	9917.15234375	10748.361328125	19127.83203125	13116.9208984375	15743.2744140625	7602.13720703125	4167.20166015625	16541.8046875	37774.1015625	33591.28125	16027.9404296875	28104.78515625	28665.994140625	18378.86328125	2978.659423828125	15265.7099609375	7467.0458984375	17291.083984375
P65292	189610.09375	350775.34375	358906.25	145923.765625	297238.75	526252.75	333437.8125	334259.0625	477334.1875	531878.6875	553916.75	301235.28125	253332.921875	487383.65625	208509.484375	150176.125	234612.328125	186617.046875	165844.359375	164281.1875	178208.6875	138722.234375	196404.375	183072.96875
P65294	158282.4375	314412.125	309810.3125	152757.390625	307463.71875	423889.1875	317897.8125	365136	356294.25	395082.65625	405127.96875	266421.1875	341051	344089.9375	163794.234375	161958.796875	146074.25	134886.328125	165561.171875	120356.2109375	101758.2890625	122337.078125	133127.015625	175180.578125
P65367	519259.28125	594004.6875	612300.1875	561411	583417.625	549774	505406.4375	574045.5625	603355.375	562655.0625	571713.8125	507619.84375	536450.25	584008.75	582277.5625	556552.4375	548112.5625	562731.0625	514199.84375	566074.25	541089.4375	537872.3125	556252.6875	505082.9375
P65556	438437.03125	422013.5625	483637.65625	454584.09375	400431.53125	465073.65625	410716	445280.1875	450250.9375	438930.5	455029.65625	388735.09375	386254.625	413662.03125	448078.15625	486960.78125	466889.125	434181	445795.65625	467276.8125	441761.0625	437691.90625	433512.9375	433829.96875
P65807	101273.078125	107913.421875	92385.8359375	468652.09375	305190.15625	56349.38671875	124133.5546875	194130.921875	219836.890625	213989.40625	154417.0625	280309.84375	302152.5	176361.46875	46639.25	80003.6953125	46513.5234375	105433.3359375	NA	69882.7421875	NA	NA	159374.296875	NA
P65870	188508.734375	135819.328125	130780.3671875	187466.703125	141966.078125	156056.453125	141140.328125	141436.609375	150274.265625	132912.578125	144205.421875	136435.5625	148083.640625	157179.3125	204441.234375	179734.3125	215953.15625	189739.859375	213700.1875	187277.234375	205282.734375	173384.171875	196197.640625	192588.796875
P66817	259087.984375	275070.15625	251765.296875	229196.171875	302168.875	259915.5	270569.46875	278054.78125	252152.9375	266364.21875	272827.46875	271307.8125	274759.34375	238073.609375	231944.546875	253695.5	234665.203125	252418.96875	227918.6875	246191.34375	240736.25	247743.125	257303.59375	235518.9375
P66948	536505.1875	739962.625	767380.9375	540916	717057.75	715051.5	724043.5	759598.6875	744513.875	777479.4375	732981.125	688345.9375	723738.0625	739762.625	575324.875	584404.625	570839.75	582474	599542.5625	564598	579822.9375	575556.375	556796.625	624048.5625
P67080	729541.8125	729094.0625	756827.75	808385.3125	721313.75	777477.6875	723256.0625	718285.875	739448.5625	754897.8125	751492.5	748334.625	701860.5	762340.9375	778573.75	799841.3125	785242.1875	770359.125	760724.0625	804838.0625	788933.25	787627.25	763801.875	747961.125
P67087	1194047	1396005.5	1408071.75	1199998.125	1572821	1399930.125	1308744.875	1455904.75	1314676	1405133.125	1423053.75	1457352.375	1536399.5	1403441.625	1237206	1225846.25	1168954.375	1197137.625	1121915.5	1213578.75	1265834.625	1173773.375	1106839	1130249.125
P67095	409479.0625	483837.96875	552365.5625	435323.25	479249.625	520593.09375	455150.84375	469833.59375	467632.75	453891.375	528938.0625	423420.15625	482337.375	499049.5625	444269.96875	445869.0625	393518.03125	403807.03125	394809.53125	425148.125	407722.5	444750.8125	441927.46875	418234.78125
P67338	34195.28125	40185.453125	54474.2421875	39302.5625	46460.77734375	19703.37890625	45207.921875	36042.98046875	32683.275390625	42463.796875	35255.05078125	29058.05078125	43466.890625	33800.72265625	25436.5859375	36982.45703125	36134.02734375	40263.10546875	41167.80078125	29216.294921875	30994.48828125	34236.234375	38469.328125	32503.658203125
P67553	61859.359375	75325.9453125	98052.140625	66268.0390625	47404.234375	86495.6171875	57770.359375	63539.6484375	81043.5546875	88957.2890625	75814.828125	47890.203125	38246.4609375	59294.07421875	56679.83203125	72791.1015625	65143.08203125	46713.76171875	50755.58984375	49686.625	44714.74609375	50867.80859375	47810.23046875	49084.3515625
P67603	516176.59375	607103.5625	614993.375	533135.375	479275.53125	588967.125	533386.6875	517090.5	556265.0625	577705.25	571225.4375	458695	516277.84375	559322	519080.21875	501315.28125	543037.75	464304.6875	496968.40625	545971.4375	533182.9375	526868.75	511835.625	539379.125
P67624	77675.109375	118705.265625	87984.8125	37864.78125	86344.7734375	77961.1796875	43679.4296875	47491.77734375	69153.2734375	65306.69921875	59253.25	42719.40625	59299.19921875	43383.08203125	32245.09765625	48668.96875	50126.2890625	38652.69921875	48410.28515625	49556.31640625	52477.51171875	52224.296875	40031.55078125	25055.263671875
P67660	403812.09375	419039.25	371737.34375	425504.96875	408317	293165.40625	419804.0625	353252.75	382572.5625	328566.09375	365157	410756.8125	405892.03125	330847.96875	420965.6875	425194.96875	416076.90625	405357.65625	434041.09375	423997.875	395449.84375	440437.90625	409614.84375	403988.59375
P67662	212158.734375	164676.015625	175753.34375	220678.96875	194955.703125	150617.53125	152541.5	146311.75	191642.84375	155112.109375	169171.921875	138758.59375	135526.09375	141386.828125	183495.46875	232138.390625	162990.4375	208602.515625	183770.484375	196612.21875	247596.765625	205785.421875	140873.21875	209116.71875
P67699	74638.7109375	105884.2421875	142992.125	117589.5078125	91067.484375	118458.765625	101401.9453125	105089.859375	114697.640625	106575.3984375	86995.6328125	80429.0234375	91840.5703125	99707.5078125	101051.9765625	91473.359375	93741.546875	102267.765625	72388.0625	100605.9375	63080.48828125	59473.8515625	74257.4375	87194.921875
P67762	63786.171875	60187.75	57296.5859375	55640.43359375	65028.33203125	60948.84765625	76828.4765625	52240.3515625	58960.90625	48940.00390625	69968.9765625	84346.875	44025.953125	62996.984375	47101.67578125	58461.30859375	58174.62109375	62676.59375	56634.66796875	60565.64453125	62466.31640625	83330.640625	56195.76953125	59178.3046875
P67826	269458.46875	345023.71875	304215.84375	311687.9375	321294.28125	316105	294900.8125	313617.375	299583.0625	324678.90625	325655.78125	323809.90625	349828.6875	325584.71875	276490.21875	290944.09375	279132.09375	296364.40625	284136.09375	277157.71875	264161.65625	282435.09375	299187.46875	271790.03125
P67910	7113576	7749119.5	7946645.5	7379469.5	7462530.5	8244123	7385298	7138980	7510861.5	7624387.5	7775262	7128604	6821312.5	7371266	7377412	7293114	7300699.5	7132483.5	7304698	7355597.5	7488639.5	7076833.5	7156748	7085032.5
P68066	19456664	24276766	20195546	20278950	35894852	17172812	17116328	13999524	16304298	15920436	16989058	23770976	12600341	16143694	21857974	25386604	22518074	25469732	23022312	19026034	18614528	18290916	19704774	16969778
P68187	494874.6875	278171.40625	295889.8125	527686.375	245238.171875	308486.5625	335048.78125	268384.21875	378041.40625	353754.90625	308085.84375	263941.53125	218848.609375	262431.40625	383958.875	441393.53125	326617.21875	268448	415674.75	560035.375	488444.375	546108.3125	482485.625	415297.1875
P68191	2186142.75	3170301.5	3441634.25	2210199.75	3338065.25	3573041	3141216.75	2843545.5	2996312.5	3303424.25	3114508.5	2639790.75	2290094	2936101	2370961.75	2650569.5	2480715	2188106.75	2278495.5	2500843.75	2283566.5	2392925.75	2285363.75	2314149.75
P68206	800184.75	3472771	3746228.25	510966.46875	3414915.5	5893548	2866334	4244214.5	3617218.25	4847633.5	5413281	2398452	2744941	5036998.5	831140.9375	380349.34375	1165473.875	553431.1875	789436.5	775716.375	984310.625	597477.25	801085.5625	852892.5
P68398	27505.884765625	NA	NA	7941.2080078125	6219.521484375	15025.90625	17982.904296875	8229.8134765625	9981.2919921875	10713.5224609375	14032.8095703125	11716.3212890625	9914.3056640625	9606.1513671875	10940.8525390625	8406.58203125	8537.619140625	6049.44091796875	11454.1962890625	7221.12939453125	9962.748046875	7005.19677734375	7777.0322265625	4873.53759765625
P68567	215112.484375	186808.5	162921.375	198684.296875	185406.625	214213.28125	173611.5	187097.125	195133.484375	196786.65625	190919.59375	152620.265625	181782.1875	213027.265625	218948.484375	184449.390625	220395.65625	201865.75	224835.375	229726.90625	211494.171875	219809.921875	232670.09375	224148.34375
P68679	17873868	16623238	15864109	18933348	16540292	20414252	14804919	17512730	16289040	17875202	18128374	14179427	14719060	17540228	20496472	22232410	21519390	18406864	19143326	18615172	18274322	17738570	18319530	18081056
P68688	337538.625	313036.875	368711.0625	346414.4375	304431.78125	348212.0625	299384.21875	343770.65625	332931.71875	331355.75	312097.09375	282171	285188.5	325607.21875	363439.625	396737.125	385163.28125	341140.40625	353991.0625	388812.4375	408142.59375	352894.78125	367571.03125	330879.71875
P68699	1150321.625	955313.75	884132.1875	1401198	1364380.875	432886.71875	1441032.125	989918.375	1045536.75	641916.6875	565284.6875	1527754.75	1216103.25	563681.3125	1093578.25	1053625.75	706072.625	1310606.75	740579.1875	1209002.625	1566883.5	1245447.25	1284889.375	1331844.625
P68739	340515.90625	384077.09375	360937.5625	321432.21875	362234.5625	374577.9375	393235.3125	353930.28125	387473.5625	377702.90625	395908.0625	365844.90625	362025.65625	370708.90625	379035.15625	345485.0625	374626.71875	367998.0625	348967.25	326616.5	310799.53125	371217.59375	352165.46875	337042.46875
P68767	4652009.5	4643475	4744283	4534447.5	4775644	4355027	4794142	4430891.5	4844421	4785403	4611119	4651144.5	4724148	4467267.5	4695558	4576610	4507460	4838726.5	4855320	4717821	4778506	4684288.5	4789166	4797369
P68919	21959636	18778012	19905222	21540472	19342784	22719578	18682836	19857790	18689878	20647646	20114386	15394393	18599282	20865252	22375444	23261060	23341036	20837454	22379126	22386256	22421954	21163314	20896696	21138318
P69054	NA	2378.73681640625	2657.79736328125	NA	1805.58349609375	NA	1674.826904296875	2279.07470703125	3763.990966796875	384.3180847167969	NA	10589.9794921875	5838.56494140625	NA	NA	NA	NA	NA	NA	NA	NA	NA	NA	NA
P69222	4173345.5	3664024.75	3485444	4366222.5	3608162.5	4486333	3518615.75	3503102.25	3570383	3728515.75	3943476.75	3586403.25	3782832.5	3788229.5	4701134.5	4806787	4738441	4414737	4595990	4196426.5	4182866.75	3929227.75	4381203.5	4150115
P69228	989230.875	938395	981435	1051873.625	957361.9375	1053781.625	870007.375	992181.4375	941380.8125	988942.4375	982968.0625	812075.1875	927011	1001561.875	1038037.4375	1038746.8125	1062971.5	1026232.625	960880.4375	1048188.125	1025654	1014690.5625	997769.8125	1025392.375
P69346	70806.640625	109525.96875	102115.1015625	62095.171875	114101.59375	108659.84375	85841.0546875	107985.3359375	85722.703125	92596.5234375	95114.9296875	87678.6640625	84521.875	101417.03125	71726.6953125	62222.6328125	69061.4609375	55125.61328125	63665.5234375	52628.96875	49135.484375	61367.3125	51511.3515625	64862.18359375
P69348	NA	7326.19384765625	6639.470703125	NA	10111.0673828125	6172.697265625	3792.400146484375	3262.806396484375	3258.95458984375	5577.029296875	5771.65380859375	3075.29833984375	4874.39306640625	4961.3525390625	1174.8299560546875	5309.39013671875	1271.0655517578125	NA	1088.7955322265625	1345.55322265625	767.28753662109375	NA	NA	1289.576171875
P69380	23426.888671875	24839.220703125	24614.12109375	36513.921875	26824.279296875	33713.42578125	39102.890625	34206.578125	36685.79296875	26900.453125	35308.73828125	19815.45703125	38918.81640625	47161.0625	27481.359375	21190.546875	33624.48046875	33899.8046875	42871.58984375	15251.6005859375	25944.548828125	23557.75390625	36139.37109375	25416.916015625
P69411	695425.625	945381.5625	895854.1875	692111.875	891730.625	999614.25	867740.5	890236.5	907880.25	1013174.1875	950932.75	855990.875	961378.25	948877.8125	652536.125	683186.0625	650365.125	697944.875	696841	654906.6875	644732.9375	667690.125	640679.875	643224.5625
P69423	4877.0048828125	5458.34716796875	3215.25537109375	4490.50146484375	3954.792724609375	4226.529296875	4452.8876953125	4348.0146484375	4262.3583984375	4811.7216796875	3582.105712890625	5139.3671875	4180.55517578125	4362.38427734375	5231.18310546875	2910.55615234375	4160.431640625	2879.741455078125	4311.72607421875	4333.15625	766.71356201171875	3735.082275390625	3499.04541015625	3261.50732421875
P69425	204165.640625	182530.515625	192197.375	187021.5625	160606.234375	205673.5625	179668.25	182126.9375	179138.828125	183493.765625	205864.640625	151610.15625	167268.390625	173300.796875	189840.796875	154289.03125	203683.390625	160215.5	185123.46875	154187.234375	189616.65625	180299.03125	187534.8125	192964.703125
P69428	429793.5	275083.28125	270557.625	464963.03125	257899.34375	301114.09375	306823.78125	280101.3125	300709.6875	318209.96875	368403	327883.625	263769.4375	274074.8125	461196.25	457265.375	440221.375	470408.0625	466474.09375	417911.84375	376495.40625	444819.03125	460767.21875	326616.5
P69434	NA	167962.59375	37893.55078125	32271.353515625	160893	306825.09375	115516.40625	217876.859375	153053.3125	130124.2109375	176293.6875	176374.328125	221810.890625	162124.734375	100039.4765625	172484.4375	64664.41796875	81900.34375	NA	144811.671875	149087.25	67782.5234375	NA	85872.8359375
P69441	14789011	25068050	25006060	15216514	23376730	25337576	21113066	25089304	19859162	23392272	25243116	21258052	23647378	25272470	15910111	17076484	15439127	14914843	14483168	15620085	15166657	14151862	14647259	13905562
P69451	462203.78125	1145110.875	1156817.875	371341.46875	1123608.375	947690.125	1278935	1098820.25	1183199.5	987444.1875	941482.5625	1179067.125	1273444.5	930794.8125	369782.53125	381107.0625	480194.78125	433325.59375	423932.46875	432417.96875	468355.40625	409506.28125	420195.84375	477164.34375
P69488	63818.0546875	93586.9765625	80019.625	58512.515625	94795.9609375	93652.203125	92980.9140625	91034.34375	84455.828125	87939.3359375	91548.265625	87004.3828125	92919.5	85896.6328125	48578.6171875	54231.953125	50756.64453125	58638.796875	55676.49609375	56789.57421875	44552.71875	60532.69140625	51908.67578125	49995.1796875
P69490	63226.7109375	63239.921875	60377.953125	58757.11328125	55056.4921875	65434.1484375	59593.34765625	64722.15625	62625.34375	66308.1953125	65970.578125	65364.91015625	69546.0625	67898.09375	61839.78125	58196.9453125	54175.140625	56518.2890625	60953.9453125	68608.4921875	66754.0234375	64808.12109375	59596.42578125	66737.0625
P69503	2220948.5	1793312.75	1875302.75	2084833	1598593.5	1977045.375	1718381.75	1845979.5	1701168	1814771.875	1811541.375	1226437	1722339.625	2015043.375	2153759.75	2294555.5	2298571.5	2120141.75	2277893.25	2289142.5	2313074.5	2265252.25	2145357.75	2208638.5
P69739	4124.548828125	3964.2216796875	3498.425537109375	1758.911865234375	8976.0107421875	5452.5927734375	6294.67578125	NA	3882.4755859375	7938.72705078125	4930.421875	10333.9931640625	7298.27099609375	3448.01806640625	6281.38623046875	3205.595458984375	6305.09814453125	3983.739501953125	3822.43310546875	2650.9072265625	4438.63720703125	7484.48095703125	3742.98974609375	9763.857421875
P69741	23836.84375	36164.09765625	35835.55859375	27931.4765625	35689.671875	35693.90234375	35463.11328125	35758.15234375	28767.978515625	28041.69921875	30677.130859375	40283.58984375	46983.76171875	31144.89453125	18320.33203125	19879.560546875	17132.802734375	17076.634765625	20603.275390625	20855.931640625	20881.24609375	16781.607421875	21945.673828125	19673.166015625
P69776	12162359	14705782	14013387	11894730	11943235	14081823	14781858	15547972	17910868	15149594	14715856	17019286	18103064	16392048	10431725	9438715	10027079	11163772	10375315	9037969	9880767	11329797	12699115	13545895
P69783	11483175	10197820	10905309	11768975	10704732	12750891	10604701	11076935	11118300	12233366	11500041	10843335	11098000	11604418	12423067	13355624	12622886	11741392	12008865	12325171	13155262	12407924	12103752	12178819
P69786	5281064	1042015.3125	1056037.125	5362853	966206.125	1031018.5	1186625.75	1122314.25	1204497.375	1068957.5	1078614.75	1106484.875	1111126.375	1079264.875	4637792.5	4533561.5	4112323.25	4760428	4452454.5	4929595.5	5142246	4894237	4721568	5008867.5
P69791	19052.93359375	23396.572265625	29861.30078125	23827.14453125	25296.904296875	19382.724609375	16707.58203125	21899.0625	15019.962890625	25728.787109375	19479.890625	22849.48828125	16483.595703125	14264.5107421875	24612.109375	20678.890625	19948.76171875	16350.390625	15490.7294921875	10941.611328125	9626.3310546875	16261.9736328125	25722.83984375	16094.634765625
P69795	126463.859375	273534.875	281371.9375	138596.28125	251550.953125	225187.65625	238198.96875	258694.65625	240587.421875	260740.28125	246227.84375	235374.375	250578.125	228969.25	140409.578125	144787.75	141152.703125	130794.53125	133068.25	130139.8984375	133974.28125	135418.09375	125130.0078125	131202
P69797	12838051	5563086	5437086.5	14588908	5834186.5	5014484	5711980.5	5296760	4922702	4921844	5058224	5487654.5	5619458.5	5086276	12295595	12829754	10965186	11112652	13091218	13800435	12957034	13227077	12895739	11536808
P69801	NA	15066.671875	NA	37765.671875	18816.51171875	NA	NA	14129.01953125	13598.951171875	10123.724609375	11919.2509765625	8523.8671875	NA	22537.857421875	33102.13671875	48704.6953125	43829.21484375	20465.572265625	NA	NA	NA	NA	49225.5390625	NA
P69805	2118966.25	814006.125	722611.9375	2461885	742857.125	582671.3125	769526.375	696863.5	763864	643806.0625	597767.75	762282.0625	797179.1875	659775.3125	1927039.625	1970905.5	1541846	1787005.5	1926647.125	2118330.75	2048531.25	1960087.875	2055533.5	1775401.25
P69811	1096787	249621.6875	244295.859375	1032470.3125	216990.390625	320044.84375	230339.75	244269.890625	323383.9375	281706.125	303536.09375	176814.265625	208548.125	265224.875	943218.125	1038271.3125	926223.5	894657.375	923226.4375	1107682.75	1049308	1142182.75	1017160.5	1077425.875
P69828	3583522.5	11290321	12143564	4226324	11242015	11344951	11673600	11204499	9921073	10549174	10507523	11537210	10076796	11234744	3163340	3263095.5	2417779.5	3259192.25	3092046.5	3261937.25	3126704.75	3168163.75	3293067	2874788.75
P69829	625132.6875	864041.9375	835836.875	670666	872195.5	849647.125	742372	884328.75	794159.1875	846187.8125	859507.5625	788890.8125	830500.375	823791.5	675772.875	739699.9375	675768.875	619398.625	637435.1875	641793.6875	644320.125	616078.75	600221.25	578758.5
P69831	1033519.1875	2793482.5	2994029	1144191.125	2459320.75	2233708.25	3423247.5	2925437.25	3231340.5	2765060.25	3041839.75	3521314.5	2875611.5	3148078.75	789877.125	677695.375	411727.03125	586916.5625	543827.8125	729937.9375	693243.5	527397	674051.5625	672814.9375
P69853	234491.984375	79811.8046875	90760.7109375	262023.390625	137683.984375	64413.96484375	88376.203125	98041.7890625	74750.5078125	56316.26953125	63641.6640625	113002.390625	121006.5	78842.0625	224317.859375	164432.921875	168921.046875	205982.21875	209681.46875	215076.8125	238520.84375	223761.25	250096.765625	191291.25
P69874	1045399.5	641245.375	686462.5	1048513.8125	722461.625	531684.5625	654106.0625	595071.375	616408.8125	590634.5	602276.125	705143.4375	688340.9375	620003.1875	981679.6875	1034644.125	924201.375	1060217.125	1003656.4375	1015427.6875	1046283.625	969004	1011588.0625	1027502.5625
P69902	160131.671875	464238.125	555835.25	159769.609375	409419.46875	615828.9375	525560.1875	439058.21875	536147	580983.8125	512243.875	420124.5625	199836.296875	586253.6875	183209.296875	148101.84375	227463.390625	186514.5625	237006.875	130292.828125	205649.140625	133009.953125	208636.3125	206789.734375
P69908	18517566	20512110	20104204	15905719	16899212	23319272	19770490	20065728	24608896	25147698	26246244	14399679	16895994	27627100	17077050	12004672	17970776	12681527	16509834	18300928	19482666	15468929	20859844	16852812
P69910	661514.3125	877813.125	808638	588197.125	571601.8125	1150967.25	723973.5	776024.4375	956650.25	1103165.875	1154482	493893.15625	575702.1875	1202058.25	647931.375	535213.3125	746386.1875	467404.3125	622497.8125	696401.375	763688.375	576890.0625	797070.375	670720.6875
P69913	1252761.5	1587279.125	1664720.625	1319275.625	1460194.75	1575005	1514221	1598842.625	1510125.875	1722248.125	1750486	1211359.875	1434245.125	1624508	1382003.5	1504009.125	1439716.125	1278456	1274957.75	1391287.875	1319162.5	1294926.125	1217447.375	1207376
P69922	176046.875	413247.8125	413676.4375	263616.6875	476254.21875	320244.125	337674.65625	338896.5	339347.59375	327762.75	361570.84375	453941.90625	408594.4375	344187.375	161835.140625	202428.921875	253502.671875	167364.8125	140928.46875	128423.84375	123467.390625	72373.109375	223338.28125	171290.5
P69924	2595921.25	3068003.25	2954886	2690242.25	3295718.75	2793354	3040956.75	2977323.75	2990536.25	2731226.25	2803626	3205592	2978156.75	2569126.5	2729082.25	2704718	2588976.75	2658265	2592407	2703038.75	2716456.25	2641849.5	2682750.25	2630835.25
P69931	63020.99609375	67812.2265625	70639.78125	59817.328125	63229.85546875	70577.3046875	70613.8359375	60216.82421875	74872.109375	61795.63671875	64857.61328125	70988.2265625	75411.828125	59019.25390625	59846.08203125	56490.08203125	64170.0625	63648.70703125	57990.1640625	63366.30859375	53580.91796875	60402.8203125	58888.625	63886.328125
P71298	34014.1796875	23633.43359375	25099.232421875	32416.8046875	22409.462890625	18479.951171875	27536.7734375	20206.025390625	20415.978515625	23475.138671875	18582.837890625	23052.947265625	19189.119140625	19679.6796875	27594.99609375	32017.345703125	30204.626953125	28328.455078125	33781.28125	34061.1328125	30152.0625	28441.60546875	37419.73828125	28925.88671875
P75672	1019.0169067382812	NA	2933.3349609375	2289.477783203125	2530.576171875	1160.1785888671875	2521.878173828125	3011.132568359375	3111.78125	1457.2955322265625	NA	NA	3228.76953125	NA	598.13360595703125	2327.64892578125	2248.32666015625	2462.102783203125	2057.869873046875	2598.8330078125	1662.0859375	2598.325927734375	2346.119384765625	NA
P75682	277363.5	148981.875	430742.84375	295254.9375	476528.0625	450482.46875	410387.59375	434906.96875	493333.59375	532269.0625	410373.40625	384224.5625	502794.71875	478595.21875	273792.09375	438929.28125	138009.359375	158739.75	NA	244751.71875	201579.984375	242117.03125	154400.078125	333287.34375
P75683	2896.976806640625	11053.7607421875	10282.240234375	4960.267578125	16373.4677734375	9975.994140625	3122.209228515625	8093.70703125	7285.90771484375	8481.8681640625	6007.25390625	6481.2529296875	13925.5185546875	8167.8173828125	1275.4219970703125	3723.236328125	2428.884765625	3927.65234375	3441.658447265625	2674.586669921875	NA	NA	666.37286376953125	NA
P75691	5004203.5	6392623.5	6589144	4656912.5	5443175.5	8453985	6126408	6527577.5	7605397	7802032.5	7543276	5324765.5	5370549.5	7170340.5	5081101	4931776.5	5840199.5	4894647	5097995	5271329	5344692	5145760.5	5091807.5	5256158.5
P75694	1830536.625	3225552.75	3415891.25	1704122	3009158.25	5023621	3279502.75	3553467	3847326.25	4072080.25	3998881.25	2724551.5	2826212	3701367	1975391	1972478.625	2230720.5	1758011.625	1838351.5	1984398	2054523.375	1732302.875	1737686.25	2014757.125
P75713	382502.625	458213.75	446571.34375	389055.625	483973.5	423476.34375	518819.625	484183.5625	501765.65625	464617.71875	373151.46875	436129.34375	500600.09375	433972.5625	383844.0625	380916.71875	338783.84375	364284.65625	389746.15625	370957.4375	376754.40625	384909.5	353221.09375	353131.0625
P75728	1221071.25	1090970.75	1037173.5	1173694.125	1146874.875	985291.9375	1161947.25	1127324.75	1150211	1020729.6875	1043840.4375	1098225.375	1031964.5625	1006723.1875	1291258.25	1236066.25	1237978.375	1245151.5	1296164.625	1218455.125	1338064.5	1288983.375	1302057.625	1221093.125
P75736	464864.4375	542829.125	564165.875	478001.1875	605880	502419.46875	531828.9375	573555.3125	527289.3125	533466.1875	511631.3125	568981.125	574103.5625	508199.3125	472892.375	451903.625	434399.34375	478662.84375	437085.75	469159.125	459306.40625	463462.0625	442011.84375	461048.21875
P75745	364009.5	526669.375	514068.53125	400635.28125	473359.84375	569146.75	512068.875	497330.9375	546416.1875	563434.6875	563513.1875	509625.21875	537566.875	556891.9375	380933.25	394975.34375	386388.375	427349.96875	404550.84375	409667.65625	405319.15625	391333.40625	408814.03125	409518.28125
P75746	395540.0625	464472.03125	448555.875	389665.71875	450710.65625	489275.25	491269.6875	462018.65625	462926.65625	492525.46875	515046.53125	406229.8125	416691.6875	487271.125	371250.96875	402326.375	359252.375	394506.6875	383788.75	364797.9375	389851.09375	350752.03125	363543.28125	349173.25
P75767	54058.63671875	59398.05859375	48856.2890625	62197.31640625	60814.51953125	49402.78125	65113.76953125	60365.35546875	70759.5546875	57375.796875	55910.2421875	61823.52734375	74661.765625	68763.8828125	49680.28515625	32402.412109375	42655.2734375	53480.84765625	47647.7578125	39660.7109375	37680.34375	43572.8671875	51147.328125	38456.11328125
P75777	632962	830001.1875	811468.0625	695665.9375	820381.9375	688090.4375	761881.9375	778399.5	770185.4375	778707.75	762426	791525.0625	705413.5	773771.4375	693877.5625	686501	685327.625	693454.0625	669580.8125	693376.375	659698.5625	660480	701601.125	670449.9375
P75779	251524.28125	143384.296875	161561.15625	253016.15625	101510.5859375	208880.0625	186228.1875	190791.3125	189837.65625	179367	145008.984375	59819.3125	114438.96875	128526.0546875	177383	328613.375	250341.953125	235345.03125	169843.0625	272744.5625	188668.359375	342777.75	190150.625	290502.40625
P75780	2209849.75	977405.25	1025214.375	2127109.5	631355.3125	1294683.125	1131242.5	1329926.875	1102561.625	1097805.875	939360.25	510791.15625	624503.8125	909964.0625	1373306.875	3194990.25	2281149.75	1868366.75	1294391.125	2329264.5	1713616.375	3065141.75	1642752.625	2420790.5
P75782	309227.96875	260064.9375	236475.796875	332947.90625	326032.40625	181563.4375	263460.8125	263585.75	190767.234375	191179.359375	206254.296875	258775.84375	290314.625	229645.609375	303583.03125	319015.40625	307194.90625	329748.96875	319870	290217.75	319977.125	288996.125	300889.90625	274878.125
P75783	33546.3359375	46544.3828125	25143.33984375	25563.705078125	37971.109375	46559.99609375	35483.73046875	41576.34765625	53609.83203125	44472.8046875	48900.24609375	18184.865234375	32955.39453125	43967.8046875	25288.103515625	30123.462890625	30041.572265625	28144.7265625	14878.7548828125	22220.296875	25756.15625	17558.845703125	26026.166015625	18324.322265625
P75791	214034.578125	173616.546875	189142.6875	190629.71875	179698.75	214420.21875	184944.515625	173770.421875	245519.84375	217853.34375	224342	161933.265625	151487.078125	192214.8125	200822.953125	219170.671875	225689.5	227864.015625	209440.390625	199691.140625	205601.71875	229287.0625	196700.609375	207219
P75792	183512.609375	126906.8046875	147180.6875	172765.875	138569.96875	117540.6953125	130422.453125	124685.7890625	134938.1875	122774.4296875	110945.4453125	135335.546875	124955.0703125	116814.2109375	185517.328125	186302.296875	196975.03125	195784.09375	167906.0625	191517.125	174142.96875	178815.921875	171294.015625	192188.125
P75796	779847.625	841962.6875	815299.8125	881860.625	891617.25	785529.125	877572.0625	862554.1875	875442.1875	882493.8125	860965.5625	972834.25	921650.0625	907847.5	849838.375	837644.6875	832997.75	860262.0625	859696.375	833145.125	820024.1875	885613.5625	818123.6875	829030.25
P75797	1673147.625	2095812.75	2012220	1714152.625	1923630.125	2184139	2062868.375	2153906.5	2034799	2210162.75	2191950.75	2086240	2070879.75	2274653.5	1792106.375	1620434	1763245.75	1721808.75	1800253.75	1666855	1655253.5	1703756.5	1720587.125	1635513.625
P75798	12793.7275390625	7451.806640625	8175.2958984375	13768.11328125	3076.82373046875	5612.96826171875	9961.0947265625	6904.3154296875	10971.890625	6805.830078125	8518.4794921875	8548.5517578125	8693.5810546875	8915.365234375	10058.171875	5346.6572265625	4825.73046875	7997.1494140625	6989.96533203125	7406.7890625	7355.8271484375	8326.75390625	5019.08984375	10392.28515625
P75800	130961.7421875	87078.0625	55496.93359375	156447.859375	89726.1796875	40552.671875	65366.80859375	73116.03125	49782.546875	49088.5703125	50031.70703125	70844.140625	67376.2890625	54488.796875	126455.96875	141548.9375	124320.5390625	148367.90625	125160.2265625	150857.546875	157389.421875	143956.640625	147867.484375	153305.875
P75801	84587.578125	190628.703125	40353.75	69141.2109375	43083.4921875	70146.4296875	18211.71875	36151.00390625	63068.5546875	NA	35159.421875	28079.0234375	47917.93359375	48216.41015625	55690.65625	58166.921875	61972.91796875	75231.59375	57574.2734375	92726.390625	71933.734375	75755.59375	73615.125	66730.609375
P75804	40995.43359375	62957.72265625	54764.16796875	36499.08203125	41696.4375	76788.40625	67803.140625	55041.0078125	77536.125	79768.53125	71996.6484375	41452.16015625	34196.19921875	63132.4140625	38790.5625	34100.73828125	44108.94140625	35260.17578125	53264.0703125	38924.4921875	41091.9765625	37875.95703125	42980.8046875	33428.015625
P75809	259297.875	196491.859375	183491.265625	258564.6875	239236.546875	232862.59375	227317.4375	183971.046875	266116.4375	230724.078125	203508.09375	144810.34375	175339.203125	207048.09375	260851.09375	267807.34375	254505.734375	279549.6875	244694.921875	269501.71875	273523.21875	240045.9375	241673.078125	233828.015625
P75811	13476.3876953125	4257.37841796875	4811.2294921875	3904.407470703125	7264.30126953125	20031.517578125	10844.439453125	9101.1357421875	17195.4609375	16543.8671875	28270.953125	21241.029296875	10253.037109375	18841.982421875	NA	9970.07421875	8718.8212890625	7322.24609375	6777.76416015625	5753.65673828125	NA	8027.06689453125	2034.9791259765625	NA
P75817	NA	NA	NA	0.01035604253411293	NA	NA	NA	NA	NA	NA	NA	NA	NA	NA	NA	NA	NA	1.4201620817184448	NA	NA	NA	NA	1	NA
P75818	2875768.75	3785937.25	3668102	2798986.75	3697940	4421025.5	3580287.75	3896702.75	4082723.25	4435153	4328089	3352516	3383921.75	4033434	2898976	3079976	2974314.25	2976729	3047424.75	2992413.75	2905305.75	2963187.25	2913548	3029631.5
P75820	104228.2265625	111747.4765625	133388.625	103262.6640625	124685.109375	125287.7265625	124912.2890625	126975.7265625	123791.0078125	137951.90625	131123.09375	113161.8203125	119612.7109375	126520.3046875	105219.9375	114891.3515625	110162.671875	101346.421875	109866.921875	97104.1796875	110862.09375	103207.2578125	104080.3203125	97541.6640625
P75821	108978.9453125	154831.203125	136484.359375	93714.484375	142072.625	121361.640625	147991.609375	128889.9921875	150059.875	149470.15625	148242.703125	133345.984375	143342	141671.65625	90008.2578125	95647.5390625	90568.3203125	121550.015625	105596.6484375	103219.5703125	104869.0390625	109154.921875	109685.421875	102538.3984375
P75822	185890.234375	244930.84375	251160.484375	199450.09375	244474.515625	158725.390625	218756.125	230553.71875	256379.890625	208689.25	188114.6875	201772.671875	253906.015625	221419.484375	232070.875	193011.125	175324.109375	221545.796875	245621.0625	233606.1875	215996.171875	246477.96875	206949.328125	269294.59375
P75823	1509357.5	1281940.625	1332143.875	1424472.875	1572399.125	977074.375	1491928.875	1310712.25	1260547	1226507.375	1147509.5	1463996.5	1396381.625	1167299.25	1468496.25	1495790.75	1342807.75	1602416.125	1471580.625	1438081.625	1511412.375	1489682.25	1486605.75	1456735
P75824	26460.83203125	28786.474609375	30446.7265625	42292.8515625	38690.6796875	17521.638671875	31183.921875	24736.2578125	17620.888671875	20515.060546875	28377.37890625	28839.61328125	38392.41796875	31571.1015625	30090.970703125	29287.09375	27447.0625	17374.65234375	29289.900390625	26273.81640625	31038.75	33427.02734375	31756.548828125	19895.5
P75828	149552.859375	154285.625	156804.703125	145671.609375	162307.71875	146519.125	145379.59375	141118.703125	168550.078125	160340.625	154779.203125	145570.359375	145671.4375	147794.90625	151395.328125	171892.078125	138542.21875	164983.609375	141001.6875	161674.21875	159263.984375	165195.421875	157359.484375	161338.453125
P75829	778224.9375	257962.484375	169651.796875	822524.0625	326964.375	150473.4375	258103.75	183093.3125	192869.28125	221948.734375	184611.984375	269971.03125	266438.59375	211463.296875	825036.6875	1021521	789624.625	933973.6875	884013.6875	830320.9375	806254.4375	879262	980487.75	725755.8125
P75830	559554.125	618481.5625	597173.9375	547292.0625	668833.9375	566137.875	691435.75	623846.375	638663.875	555360.375	605541.5	680324.625	711203.4375	652507.1875	558393.8125	628302.5	581122.375	578851.75	546069.125	565388.5625	557958.9375	581774.375	543593.9375	534325.5625
P75831	204349.40625	214530.140625	191711.359375	168760.140625	204431.578125	195268.515625	195186.921875	206908.84375	202119.46875	193434.40625	193674.625	173258.015625	171035.1875	194569.3125	199337.609375	186301.578125	179260.75	183854.265625	165346.890625	168424.328125	168373.03125	178970.5	172393.84375	176862.515625
P75838	1523317.875	833464.75	797138.625	1370921.5	775102.375	848226.4375	836451.0625	863722.9375	791703.5625	826361.5625	793054.625	774290.0625	693523.0625	788671.25	1543284	1525598.625	1544366.375	1534390.75	1456111.375	1414085.375	1494870.125	1491439.625	1445611.625	1584647.125
P75839	47636.60546875	28967.197265625	47839.35546875	34581.82421875	39070.62890625	36641.796875	38560.62890625	45605.6953125	70860.78125	53224.30078125	41148.65234375	22328.1328125	15305.5380859375	16247.5986328125	37220.34375	16248.0888671875	53906.85546875	24507.5390625	42026.7578125	39689.1328125	15407.2236328125	1410.050537109375	20464.853515625	40055.1328125
P75849	1112071.25	1180106.5	1139527.375	1048312.625	1145333.5	1229285.375	1040131.25	1101577.125	1059416.75	1139931.375	1123766.125	1075197.625	1177073.625	1158851.125	1083064.25	1078478.75	1072168.375	1053501.875	1079408.125	1076754.75	1070806.625	1029796.25	1052179.875	1014084.375
P75863	1533248.5	1460355.625	1491195.875	1498213.5	1310490	1609768.375	1425090.375	1427183.625	1472079.875	1504283.5	1564269.625	1332478.5	1325119.5	1459374.75	1575686	1583713.375	1543853.5	1535973.375	1510161.25	1497300.5	1451105	1412891.625	1496475.625	1448767.25
P75864	1913684.75	1594070.125	1479227.625	1922405	1685787.375	1449986	1550353.125	1452345.375	1431171.375	1421388.5	1385668.625	1756026.625	1771316.25	1544135.375	1921185.375	1896775.875	1886511.75	1942283.5	2065175	1895059.625	1954893.25	1902333	1920603.25	1912932.25
P75867	365678.5625	258438.34375	282262.6875	342684.0625	276807.9375	256042.84375	273814.96875	268492.46875	314171.375	274325.34375	293719.53125	285505.25	262073.359375	272586.53125	336388.1875	333356.125	320663.09375	346398.03125	340135.46875	353880.59375	318259.03125	325487	335835.25	348269.71875
P75870	434296.59375	289002.96875	313664.8125	518747.3125	252411.609375	394885.1875	268889.09375	242991.671875	282415.6875	341639.09375	341822	260183.53125	307888.125	311005.3125	342565.625	373032.6875	398829.1875	351080.84375	326218.65625	398782	355081.46875	330055.46875	360850.1875	352976.53125
P75874	1326629.25	1246882.375	1301581.75	1204331	1110838.625	1411348.125	1093569.625	1143860	1248883	1368515	1297848.125	979305.9375	948103.625	1195740.875	1343601.875	1314241.875	1452960.5	1191164	1266125.375	1331110.125	1372782.125	1259712	1284859.625	1385950.625
P75876	890242.75	689766.8125	692795.1875	977636.25	735725.4375	568262.25	717185	697869.5	638337.5	621789.25	626458	698122.125	724737.9375	628387.3125	911002.3125	956715.5625	902708.8125	940241.4375	917490.625	932065.75	915951.5625	910700.25	878933.5625	917054
P75913	1918458.625	1970291.875	1977320	1728912.75	1833122	1694126.875	1877996.625	1843758	1867073.25	1857833	1660674.75	2023264.75	1717889.875	1678669	1855318	1876940.625	1834852	2216599.75	1877185.125	1907574	1804240.75	1899573.125	1880918.5	1955691.125
P75914	791269.75	939059.25	912266.9375	835706.625	915586.875	950180.875	910666	943191.125	895936.5625	947877.4375	951983.5	788174.125	950481.5	957039.4375	789159.9375	798389.3125	757642.0625	810056.8125	824444.4375	782931.9375	747708.0625	780096.3125	815531.625	761185.25
P75915	1537872.875	1547056.875	1440880	1576946.375	1640393.625	1441280	1351053.375	1657799.625	1494111.375	1452205.375	1559284.375	1515111.375	1500743.5	1516965.125	1651887.75	1790860.5	1655850.75	1736081.75	1614720.125	1628243	1635069.25	1574894.25	1609889.5	1517015.125
P75919	143428.546875	187836.265625	159355.3125	131948.328125	175211.421875	158778.5	160969.6875	180179.234375	151481.125	157344.84375	131456.03125	158172.5	140374.734375	147678.734375	120868.703125	152708.703125	115439.8359375	124215.1796875	127471.515625	107228.9296875	128498.9296875	105516.09375	120865.765625	106959.15625
P75931	154888.953125	192463.375	193725.6875	155241.90625	199763	166372.828125	221026.859375	194194.578125	200072.296875	185715.609375	165198.53125	194577.8125	198995.765625	165058.1875	154616.84375	141866.265625	147984	164948.140625	159289.75	162467.96875	162728.359375	160903.390625	147540.265625	151355.125
P75936	NA	13770.08203125	4936.494140625	NA	NA	11694.4228515625	6600.58544921875	6307.9423828125	8443.1669921875	7875.7646484375	10633.1201171875	8457.0390625	9265.9287109375	13555.5087890625	NA	NA	NA	NA	NA	NA	NA	NA	NA	NA
P75937	145288.140625	161659.9375	189994.703125	270243.46875	176617.703125	200977.453125	219537	236398.328125	160097.546875	241395.28125	245493.125	189305.53125	126039.25	255159.71875	92907.609375	189482.515625	123457.65625	129234.6328125	135302.84375	133587.453125	145315.1875	119085.9453125	122114.5390625	100871.453125
P75949	754233.5	732949.375	703485.75	746795.3125	666816.25	682083.875	666342.75	701774.0625	682613.8125	686472.875	702515.6875	673176.25	696389.4375	707847.375	735931.5625	684689.4375	720251.25	763807.75	752280.4375	669485.5	711970.8125	718502.625	741816.0625	726891
P75952	20945.294921875	23083.994140625	22773.787109375	18961.56640625	17524.03125	28628.955078125	22930.45703125	21829.693359375	31619.62890625	28795.955078125	27964.861328125	16815.744140625	21912.724609375	23963.4375	20441.27734375	19554.904296875	24764.119140625	21973.10546875	20351.869140625	17529.494140625	20404.478515625	19157.109375	24023.228515625	19768.796875
P75957	410373.03125	337739.59375	289872	407021	325460.375	343695.59375	294556.34375	319476	332035.625	353429.21875	352759.65625	290293.625	286723.71875	329896.84375	392831.1875	414015.40625	385232.34375	381109.4375	392465.125	391118.46875	379902	391099.34375	390187.09375	384402.8125
P75958	288422.71875	237747.671875	221462.5	285352.875	198746.765625	267425.625	228287.53125	196317.796875	277352.65625	236201.671875	241712.96875	230293.71875	214914.203125	242306.234375	264916	258258.734375	247349	277775.34375	290699.3125	280063.46875	267518.71875	271815.4375	266147.90625	312799.71875
P75959	259983.046875	347460.90625	277799	255450.578125	344435.625	333175.40625	315596.8125	276573.6875	308541.875	309022.5	305982.0625	290522.9375	330213.6875	304374.0625	226454.65625	272052.84375	244526.40625	262905.625	265503.90625	235974.953125	207307.625	216267.671875	237628.453125	221494.34375
P75966	118991.9453125	106054.015625	91192.34375	99677.640625	89631.2890625	127009.96875	92723.4453125	95834.9765625	93420.7890625	93769.8671875	114737.3671875	85694.921875	94289.640625	80398.2421875	91602.1171875	110047.9453125	119771.5859375	108362.9609375	94912	99320.9296875	123883.3125	99961.6171875	95048.125	111334.9375
P75974	119601.96875	149409.71875	148491.03125	121449.5390625	129840.421875	150359.859375	138835.15625	144635.90625	148599.875	151868	179634.078125	139089.6875	148931.359375	161333.484375	149091.609375	149196.359375	139060.34375	123550.046875	126942.3515625	150672.0625	133231.8125	135917.5	127849.5390625	116178.3828125
P75989	68354.3359375	61434.93359375	67532.9921875	59822.48828125	60988.19921875	73499.6796875	69760.09375	66031.5625	66256.5390625	74486.359375	69805.1875	59405.1484375	56485.01953125	76639.6796875	60065.67578125	60105.37109375	64504.02734375	70342.984375	64543.375	59137.9921875	51591.28515625	61466.66796875	63019.03125	61202.3125
P75994	16270.365234375	11583.9990234375	21824.3359375	28515.66796875	20247.986328125	18469.85546875	24123.833984375	9951.38671875	19367.759765625	22402.328125	22186.859375	NA	22291.705078125	21174.60546875	20757.64453125	9531.8984375	12249.0263671875	26406.591796875	16475.693359375	18000.541015625	26425.32421875	25062.935546875	22797.69140625	22310.140625
P76002	8572732	7114904	6980661	8854200	7353150	5381618.5	5859089.5	3377968.75	3742766.75	5286709.5	6059121.5	5803125	4499273.5	5876673.5	9423240	11325151	9089268	8770022	8815579	9938433	9370463	9475824	9339356	8753591
P76004	622521.375	944661.5625	972867.5625	640107.0625	902330.375	963019.75	841556.375	881068.4375	879961.8125	950846.9375	1003857.75	874799.25	1038829.9375	1011720.25	631916.75	636772.6875	661761.625	613098	688701.6875	659883.375	619900.5625	616453.375	669632.9375	682184.9375
P76007	525471.5625	383535.0625	415603.53125	503055.3125	290695.4375	440552.6875	377962.09375	409350.4375	373173.4375	443761.78125	361582.03125	379991.96875	322107.0625	412502.75	472701.65625	440332.09375	496721.96875	491863.875	447616.15625	443733.375	491686.5	405554.59375	420018.625	448828.34375
P76008	269934.09375	241865	222857.296875	254945.453125	275748.25	238238.0625	244129.796875	244282.625	217393.265625	226092.546875	227164.5625	247602.359375	265395.4375	240228.890625	260551.765625	266429.375	261534.125	272870.5	250004.28125	269122.25	267793.65625	267541.9375	270408.5	250298.515625
P76010	NA	53751.0625	68116.453125	NA	24044.7890625	56806.765625	76642.7890625	114824.640625	82960.90625	69478.9375	64260.36328125	5730.46142578125	18485.029296875	115204.109375	NA	NA	NA	5363.04931640625	NA	NA	NA	45912.4921875	NA	NA
P76014	972225.4375	439276.96875	387542.375	1130273.375	453594.46875	357769.90625	396316.4375	423740.15625	427759	404885.0625	409336.125	435497.40625	438743.3125	354772.9375	897376.6875	898535.625	818266.9375	965184.875	972371.9375	888208.6875	859127.75	941060.8125	992097.375	861533.9375
P76015	963785.25	750945.75	699751.625	1073463.625	701255	747403.0625	708975.125	673765.3125	778029.4375	694359.25	733300.5625	714284.5625	698896.1875	668404	864736.3125	892611.875	811186.1875	873018.3125	820161	940038.6875	903133.625	947752.5	902673.1875	858649.5
P76027	1997082	1861706.125	1554207.375	2507357.5	1993465.375	1679553.375	1620537.25	2184032.25	1293620.625	1846525.625	1837829.625	1785158.375	2244810.25	2409354.5	1893710.375	1667413.5	1639576	1578241	1952878	1828811.375	1819188.5	1676039.75	2042369.5	1725834.25
P76034	559717.6875	565863.0625	489337.96875	639042.5	682705.4375	361862.21875	592382.125	597858.4375	452840.21875	459133.40625	451949.625	615293.3125	718291.5	562331.25	591425.75	588864.6875	518806.65625	614602.125	580228.75	599528.875	553428.75	573241.625	567589.9375	534043.375
P76035	707363.375	698906.125	638412.25	686097.375	663381.5	725215.4375	818380.8125	702940.875	795607.8125	787239.8125	767506.375	704837.1875	666035.5	807131.625	812649.0625	779257.625	861790.25	717334.5	908743.125	767565.6875	762186.9375	767672.375	821936.25	767127.625
P76038	10492.3486328125	4543.4736328125	8151.97265625	11099.744140625	8266.9541015625	5043.91552734375	6213.27880859375	6299.47998046875	6306.63037109375	5893.48779296875	5004.55615234375	5324.67578125	5736.21484375	2458.10400390625	9470.1171875	8436.83984375	7331.39013671875	7200.9072265625	8788.3701171875	10083.578125	8259.3994140625	8185.23046875	9321.2509765625	7076.5048828125
P76046	282020.625	367026.625	297170.84375	261568.71875	305408.21875	299173.65625	292027.28125	357994.34375	289933.25	315082.15625	315577.65625	297857.3125	356925.21875	318682.03125	255710.671875	246512.359375	252821.140625	235319.75	288181.0625	254821.828125	284597.5625	268865.21875	303060.21875	300737.25
P76049	95031.0859375	130018.1484375	132955.015625	93549.984375	127478.609375	132459.078125	126082.828125	126815.765625	139335.109375	129398.4296875	135175	117470.9765625	93190.7890625	129798.484375	105980.0703125	144076.515625	116410.1015625	108902.75	101943.59375	116859.71875	96252.484375	95514.78125	102450.78125	115408.84375
P76053	88396.6328125	83848.640625	80902.1328125	85890.3515625	80407.828125	92239.53125	71244.203125	85837.0546875	86033.359375	88350.0078125	81668.2734375	69076.1484375	81112.0390625	87865.0859375	73008.3359375	84938.1484375	78143.6796875	69407.5859375	86633.890625	75344.2265625	86297.5390625	93237.421875	78478.8359375	94237.6484375
P76055	585171.375	408540.5	418735.3125	599034.375	430958.6875	416087.125	417295.875	395339.9375	416957.90625	384004.53125	420073.34375	430921.4375	442629.59375	384902.4375	645397.125	631597.25	642935.0625	635447.5625	639361.625	579945.25	593043.25	575058.5	563294.4375	581740.0625
P76062	198556.671875	217443.046875	221621.78125	207992.921875	210554.703125	264462.09375	201560.734375	216588	217005.234375	238309.78125	261211.8125	172581.921875	199999.0625	234321.265625	228347.59375	179834.109375	211989.40625	179973.140625	190336.109375	190287.140625	195112.5	184504.078125	192598.6875	183119.640625
P76073;P76154	44445.89453125	27619.921875	28408.85546875	37491.45703125	19606.513671875	33816.8046875	24396.603515625	21598.083984375	23262.701171875	27708.91796875	27719.87109375	21496.033203125	22356.576171875	22044.791015625	22735.541015625	18217.158203125	24205.005859375	17470.15234375	25930.384765625	21712.89453125	30203.8671875	18807.62109375	14933.3203125	24738.12890625
P76076	26468.466796875	27685.28125	28976.26171875	22956.96875	26548.490234375	32508.505859375	20523.62890625	27425.78125	28701.3984375	22684.96484375	28730.357421875	21266.416015625	21902.755859375	24704.673828125	27374.400390625	28514.34765625	33466.72265625	28244.921875	27826.427734375	20562.5859375	22863.783203125	25394.365234375	19352.939453125	24731.404296875
P76086	116880.4921875	96519.96875	103624.0703125	112529.1640625	111401.78125	78120.6796875	106831.875	112836.609375	94463.453125	97701.8828125	76640.2890625	95525.96875	100831.40625	80015.5234375	103000.921875	110289.296875	88837	101021.21875	95253.0703125	114872.0703125	117186.4765625	108033.921875	110833.078125	126083.28125
P76097	17891.75390625	66276.9609375	90475.7109375	NA	67414.0390625	115902.34375	87367.4453125	86746.3828125	97374.671875	100997.3359375	93777.015625	61550.890625	59945.00390625	86089.71875	20428.41796875	28638.83984375	28982.841796875	15630.0888671875	19621.96484375	18559.7109375	16202.763671875	14161.0146484375	13811.951171875	24432.16796875
P76104	497341.3125	359941	324109.46875	561368.8125	343495.625	310494.375	311196.875	295056.0625	248601	280798.28125	318568.25	374275.4375	355175.5625	336192.34375	527442.8125	511891.5	536328.875	531963.8125	565274.125	466419.375	522232.125	516685.65625	527623.6875	487764.40625
P76108	423952.09375	1696132.5	1781583.625	221567.09375	1457110.75	2408525.25	1841024.875	1774975	2663872.5	2266135	2285081.5	1784724.5	1711942.125	1890767.5	362025.90625	245944.65625	501313.0625	316828.25	376283.125	312076.8125	352063.46875	329297.375	377426.96875	419127.53125
P76112	59373.15625	51527.8984375	47839.34765625	72591.8359375	52117.71875	45862.828125	55649.18359375	42696.12109375	53241.22265625	48843.81640625	33351.953125	44370.8125	42876.90234375	46398.44140625	50303.65234375	58793.265625	54663.98046875	66273.015625	62007.74609375	62963.63671875	63124.4765625	52110.89453125	55648.875	37187.515625
P76113	1235630.625	1607209.875	1590236.875	1136015	1459197.125	2107470	1639427.875	1652272.5	1827399.125	2049880.125	2004398.375	1355911.125	1424027.125	1902727.75	1306183.125	1147327.75	1438379.375	1159325.75	1265817	1220543.375	1253495.125	1185394.75	1251612.75	1364279
P76114	NA	4462.07275390625	NA	NA	5112.16943359375	2287.618896484375	6109.03173828125	NA	5532.01806640625	7091.50732421875	6797.892578125	3441.317138671875	6913.10107421875	5860.4013671875	2857.5634765625	NA	6767.68994140625	NA	NA	NA	NA	1781.2230224609375	4776.00927734375	NA
P76115	75585.6328125	48948.64453125	52458.02734375	66372.5859375	42108.71484375	66145.2578125	63836.69140625	50113.07421875	63072.421875	61330.7734375	66156.359375	35833.76171875	35903.27734375	54849.02734375	67410.015625	73092.484375	77261.421875	70552.234375	77898.2890625	65687.4609375	61271.38671875	69775.921875	66840.3359375	65874.5234375
P76116	19518730	18340812	19127792	14316191	12947028	22035816	19771228	20319360	21761062	21308506	20214198	12629259	12056171	21040084	17220082	26907870	22482140	19666064	15658168	20703854	18977234	22984302	18065622	19876232
P76121	50263.64453125	98405.375	112195.9296875	NA	53068.53125	195088.109375	20692.169921875	149321.609375	26204.458984375	89930.6015625	72531.8984375	66023.6015625	66790.8984375	55013.9296875	29461.21875	NA	19564.744140625	NA	NA	31067.302734375	NA	NA	28326.68359375	NA
P76128	22112.896484375	115042.9140625	121606.9375	21867.4453125	79354.09375	135872.765625	111021.8671875	109880.1796875	137978.171875	123923.9453125	137626.8125	103726.1640625	87035.84375	112286.109375	18824.07421875	43293.6875	24155.1171875	11826.57421875	12055.359375	17124.96484375	25529.37109375	18223.0234375	17587.36328125	21524.36328125
P76141	26219.35546875	25407.119140625	27228.72265625	20050.837890625	34212.453125	20270.94921875	35166.8984375	28512.28515625	25837.2734375	22683.4921875	26866.71484375	25108.447265625	29840.509765625	25784.044921875	19976.818359375	19956.259765625	21597.068359375	15795.9873046875	21364.203125	22256.705078125	22252.849609375	17370.908203125	22868.986328125	15185.33203125
P76142	113759.3125	326489.5	366215.40625	104353.5234375	227796.015625	526537.9375	317442.9375	390765.15625	403552.03125	414828.96875	430455.78125	224029.453125	252308.375	347169.96875	90976.1640625	64689.703125	135219.640625	79131.9296875	102413	107053.3046875	104037.7734375	76094.8359375	76416.4921875	113050.75
P76143	104849.1875	177378.328125	179422.015625	58596.328125	179049.453125	214146.671875	187530.265625	193288.984375	176122.328125	176797.265625	185390.46875	153991.421875	132148.65625	171955.421875	89264.15625	61486.0078125	125760.125	64189.62890625	81982.015625	81718.125	94473.8203125	72197.109375	81672	91316.3046875
P76145	179462.28125	339338.03125	330237.625	179101.140625	294573.8125	430409.3125	333018.90625	370875.21875	409162.09375	424404.5	406760.90625	291452.5625	292555.84375	388034.125	206891.421875	182619.359375	227750.3125	187764.53125	203334.34375	201718.390625	178112.328125	192545.34375	189168.546875	192528.875
P76149	124539.234375	103798.0703125	100938.1875	100372.84375	115455.0625	99347.421875	126889.9453125	97705.7421875	105616.71875	106122.7109375	103960.90625	124190.1796875	110171.9140625	91662.8125	124579.3203125	123925.265625	125718.2890625	125736.2265625	127982.25	112312.8046875	113861.46875	117328.4296875	132289.359375	119338.75
P76170	858966.9375	1032118.6875	1133391.5	889408.3125	1117348.625	1147541.625	955050.25	1110806.5	942616.3125	960881.9375	1056067.125	1009923.125	1115778.25	1040147.8125	940845.75	847668.6875	939056.125	838113.4375	887488.875	888873.0625	923735.8125	795192.9375	868693.375	777344.5625
P76172	157330.046875	180501.90625	200037.0625	169197.375	176311.875	316157.46875	170051.671875	189672.921875	208343.109375	214032.984375	209960.734375	139698.109375	152018.984375	189778.34375	153063.15625	149358.171875	179542.984375	114009.65625	130487.875	156240.46875	160647.078125	154634.046875	154697.03125	158952.203125
P76176	70114.2578125	58854.3984375	54405.08984375	54560.39453125	48551.1171875	54188.1015625	41352.39453125	46808.52734375	61732.70703125	63970.390625	68539.59375	44501.6953125	52516.43359375	47697.51953125	55520.4296875	64853.15234375	65003.05859375	55758.11328125	63828.82421875	57519.6640625	62044.3203125	61314.0703125	62597.5625	79250.6875
P76177	6479960.5	8447906	8680257	6719406	7956772	9830523	7870183.5	8721734	8498061	8790204	9183798	7259067.5	8239613.5	8535648	6874681.5	7294864.5	6951669	6547902.5	6656780.5	6922296.5	6990770.5	6401323.5	6627330.5	6343666.5
P76185	34941.7109375	24381.556640625	16782.310546875	37925.30078125	24416.6328125	15127.673828125	22970.09375	14085.4169921875	22857.6640625	10545.3857421875	11911.0791015625	6223.5732421875	10517.3037109375	11285.0634765625	31519.732421875	44358.5	38716.859375	41411.98046875	25177.38671875	36678.8828125	38786.3203125	37634.90234375	40299.07421875	27194.197265625
P76187	615700.8125	510528.90625	537398.5625	631246.5	598621.1875	387369.84375	656393.9375	531915.0625	565985.0625	510395.15625	441677.03125	650786.1875	668252.1875	429486.375	632820.6875	545785.9375	611618.75	579692	653734.3125	602956	589634.125	626458.625	673775.5625	629051.9375
P76192	28251.314453125	49873.91796875	62977.80859375	28915.703125	51542.3515625	30801.306640625	40593.421875	53883.84765625	31459.21484375	26607.578125	33246.296875	55869.65625	73102.203125	33985.80859375	16496.30078125	28048.802734375	NA	22381.240234375	15680.111328125	28223.5859375	27878.486328125	37166.34375	25010.853515625	3781.62255859375
P76193	1610256.625	1857429.375	1827567.75	1315870.375	1867865.75	1951783.375	1598465.625	1889409.125	1520107	1815813.125	1830578.625	1628663.25	1572441.125	1886168.625	1508700.75	1338086.75	1568886.625	1292285.625	1450375.625	1477899.25	1564054.5	1465530.375	1349171.625	1550923.75
P76194	336479.71875	302001.65625	306457.09375	268541.15625	306273.125	260150.921875	354921.9375	294613.5	340882.9375	248787.625	241089.03125	224706.390625	248650.71875	277081.25	246466.703125	316759	295096.78125	298013.625	250832.421875	355641.5625	336466.96875	351232.1875	278939	318551.71875
P76208	74972.296875	80656.3359375	85078.734375	60014.49609375	58381.83203125	75658.3046875	71707.84375	76484.546875	70559.5	76725.609375	88493.1953125	73886.953125	71621.6328125	79843.7734375	54182.97265625	47157.390625	54760.78515625	44066.7265625	42876.5390625	43765.70703125	50967.1953125	47628.171875	44616.546875	54286.73828125
P76216	NA	4112.87646484375	3503.051025390625	NA	4748.57275390625	4581.01318359375	3051.71728515625	4961.58349609375	4264.8203125	4634.708984375	1588.8194580078125	4076.43701171875	3309.923583984375	3655.003173828125	NA	NA	NA	NA	NA	NA	NA	NA	NA	NA
P76217	16813.115234375	32188.419921875	33802.703125	NA	36012.421875	34245.53125	30005.244140625	32225.05859375	28790.37109375	28596.5546875	25815.435546875	28039.740234375	33044.5546875	28618.880859375	6180.16796875	NA	12152.8564453125	10174.6884765625	10319.82421875	5567.189453125	NA	8333.6083984375	9175.123046875	15641.0732421875
P76220	350199.3125	201477.375	178798.15625	382490.6875	203766.546875	146110.390625	170246.03125	273886.875	146962.421875	204077.1875	236700.65625	242547.125	246213.640625	331900.3125	311743.09375	276883.03125	280907.375	263692.6875	309006.90625	279170.0625	301751.1875	311232.59375	353352.28125	299540.625
P76222	72870.6328125	57118.36328125	50966.359375	68435.21875	44114.32421875	48744.55078125	40963.4296875	60361.48828125	43710.78515625	52903.828125	46668.67578125	44858.86328125	53545.71875	52942.68359375	72252.0546875	65532.140625	69720.9921875	54357.28515625	67962.078125	78970.96875	82990.2578125	74506.859375	84040.1328125	71898.8671875
P76223	425610.1875	288770.90625	294376.0625	401176.90625	235644.53125	249575.359375	243557.53125	317893.96875	232496.890625	288896.09375	290439.5	204010.5625	250942.9375	365415.96875	377333.71875	332428.65625	401103.03125	339325.53125	350228.34375	350606.53125	374607.5	385739.3125	409265.8125	387255.6875
P76227	33212.5390625	110254.984375	94469.59375	36735.921875	81208.4609375	174709.484375	131638.140625	186917.1875	130639.9921875	165269.6875	140212.4375	72183.234375	92895.9921875	140825.765625	29471.232421875	43208.15625	42008.19921875	34473.90625	23868.517578125	22994.46875	33513.87890625	28080.72265625	27605.66796875	30848.322265625
P76231	6960.28955078125	7124.14599609375	9020.50390625	5329.337890625	6820.82861328125	9377.6337890625	7346.80078125	5507.99365234375	7874.40869140625	9843.515625	8445.2041015625	6087.419921875	10489.20703125	7981.31494140625	6270.787109375	3331.988525390625	6043.77587890625	5267.44921875	6220.55029296875	5854.3037109375	5368.5146484375	5252.67138671875	6217.18505859375	5695.69970703125
P76234	176195.8125	208035.921875	193659.40625	214831.6875	251953.640625	162516.484375	249382.515625	202666.03125	215615.078125	190513.40625	199242.546875	208489.171875	222041.890625	187822.125	170711.046875	186092.703125	164623.375	176777.890625	185562.609375	184155.65625	184670.53125	184458.484375	186333.9375	187170.34375
P76235	85636.984375	110847.953125	110288.953125	68779.265625	90564.1015625	144713.453125	127222.6484375	102752.2265625	140746.90625	125580.0703125	112469.796875	104625.203125	71811.296875	107511.5	81175.984375	79751.078125	100119.09375	77048.4140625	83065.6953125	81643.046875	76161.8515625	57055.8046875	89678.2890625	89516.6328125
P76237	14182.212890625	29954.15234375	50294.17578125	25393.693359375	43946.97265625	37057.41015625	39525.203125	37898.04296875	37539.7421875	48756.796875	44423.03125	31073.529296875	26926.533203125	35778.2109375	14963.501953125	23373.142578125	14137.064453125	370.3756103515625	15039.9228515625	16933.59375	13004.560546875	15784.1181640625	15874.8935546875	9005.3046875
P76243	312350.03125	459882.6875	452008.09375	362653.59375	454082.9375	486560.0625	401477.4375	478063.96875	401192.28125	465677.125	485253.8125	377176.59375	447994.125	480375.71875	331646.21875	345735.1875	339384.71875	284737.25	309275.21875	323611.6875	327570.125	298777.90625	314916.8125	295542.1875
P76245	233239.9375	191019.390625	193636.9375	276890.4375	219107.5	141171.203125	173519.125	166794.578125	133741.40625	174501.859375	121929.484375	176605.109375	214317.4375	137769.71875	271290.40625	266412.28125	254468.28125	286424.09375	255431.1875	262294.78125	255936.484375	306059.9375	280260.9375	278795.9375
P76250	27379.080078125	37829.07421875	43450.421875	18415.0546875	33642.328125	55136.30078125	47093.203125	41243.14453125	35416.87109375	48473.625	46083.35546875	33331.671875	31568.86328125	28172.486328125	29055.326171875	14813.1943359375	19537.25390625	22260.94921875	17383.82421875	29121.505859375	30930.611328125	33164.75390625	23207.994140625	20374.263671875
P76251	106241.65625	104132.109375	105545.1015625	91964.765625	108003.8984375	87454.46875	95806.5078125	103342.796875	97943.703125	85238.140625	88414.6953125	87933.515625	100043.40625	94171.7578125	83299.0703125	95401.6640625	83057.578125	100070.1796875	87496.1484375	90570.828125	73279.796875	80263.8828125	94737.890625	85127.015625
P76256	676831.125	599197.75	519970.46875	642868.6875	580085.8125	564222.75	571265.1875	553558.8125	572621.5	552258.875	562560.625	514883.75	505352.65625	577975.875	697991.875	728463.8125	745047.5	698920.8125	676810.8125	678082.3125	704097.6875	710604.125	685737.125	703116.75
P76268	1307549.75	1410016.75	1347245.375	1396372.75	1693529.25	907133.4375	1533067.625	1379946.75	1361594.875	1166614.125	1030940.125	1571577.25	1567906.5	1023887.625	1321839.25	1366122.75	1218003.375	1387734.375	1271961.875	1383459.25	1378643.375	1417993.125	1344548	1315450.5
P76270	2081043.25	1905197.625	1994867.625	2030659.5	1858701	2020552.5	1743353.75	1758686.75	1876382.25	1965207.25	1966001.25	1676922.25	1773968.375	1920300	2182720.75	2257000.75	2218667.75	2192644.25	2049700.875	2237219.5	2209298	2208273	2053113	2307845.25
P76272	482658.59375	475068.84375	498312.46875	482193.1875	488957.65625	491509.0625	511390.84375	483189.75	535069.0625	530313.125	484288.6875	513427	490914.46875	523934.15625	482616.53125	486101	510909.875	517976.96875	534662	498559.5625	490237.53125	488914.96875	485639.3125	520830
P76273	227386.953125	182121.71875	177669.265625	246708.46875	159197.828125	186301.953125	180594.140625	158119.453125	197668.671875	169052.25	165342.578125	170390	173621.546875	176000.03125	211203.109375	196461.890625	205611.015625	230526.984375	248745.09375	215730.828125	215656.875	220069.140625	231300.859375	204250.203125
P76290	574561.625	583901.375	474476.46875	621907.8125	590580.75	497718.125	520345.3125	552838.8125	522106.46875	550700.5	527126	571756.4375	567359.6875	489362.59375	601152.8125	614402	554507.1875	624904.5625	590660.6875	578490.6875	528782.9375	606934.4375	612427.5625	571223.25
P76291	312895.25	237573.359375	242695.671875	292344.09375	282016.84375	169736.640625	248625.484375	233604.109375	216597.0625	212535.828125	187538.953125	264379.625	272310.71875	206936.328125	312409.5	323366.9375	286478.53125	311377.53125	298864.8125	334079.15625	304145.78125	315395.9375	284426.34375	290693.3125
P76316	1923648.125	2180444	2108266.5	1986606.375	1967658	2093481.25	2119544.5	2090347.375	2128946.25	2261698	2243903.25	2111988	2225573.25	2257521.75	1892951.375	1859595.875	1891892.375	1736641.5	1938798.875	1878828	1852872.25	1840061.75	2042626.875	1914076.5
P76318	NA	6073.53857421875	868.518798828125	NA	3905.78759765625	1866.6656494140625	3985.920166015625	3724.439453125	5020.95654296875	5005.7470703125	2951.4755859375	4450.1162109375	3785.64453125	5793.29150390625	3485.99609375	NA	3563.931396484375	2323.434814453125	2785.207275390625	2487.898193359375	NA	1576.8758544921875	3185.581298828125	3600.921875
P76329	339804.78125	452594.28125	456039.4375	310487.75	503787.09375	464097.3125	542680	539433.375	607872.4375	514992.65625	509874.0625	441349.53125	497892.46875	523215.8125	322144.0625	293773.5625	359089.84375	326200.65625	331198.46875	354322.21875	347586.875	334985.625	328840.46875	335407.65625
P76330	54019.87890625	73957.765625	73233.0390625	52782.8359375	73305.796875	74735.015625	73411	72887.515625	73554.1328125	73311.296875	71155.390625	76904.984375	85080.90625	85273.265625	49302.984375	57435.30859375	50129.140625	58502.81640625	45081.05859375	57704.72265625	42519.53515625	56548.51953125	49305.359375	58895
P76339	13468.6123046875	9632.7451171875	6438.81396484375	13307.6865234375	13032.798828125	7869.86328125	9698.7138671875	8882.3720703125	10099.1123046875	8775.9892578125	7699.9404296875	9276.560546875	7922.44091796875	6599.22705078125	13313.546875	13965.0009765625	10037.4375	16794.431640625	13793.4111328125	9868.0107421875	14075.9521484375	9651.5302734375	11833.9228515625	11905.00390625
P76340	59865.95703125	44213.73828125	27307.00390625	59194.34765625	61128.24609375	38737.15625	64145.35546875	32828.25	51753.28125	36512.34375	36255.4453125	65027.265625	48239.03125	26627.30859375	63296.69140625	50787.4140625	36603.26171875	65572.2421875	57775.53125	58811.82421875	60891.33203125	62540.09375	54090.13671875	66916.9765625
P76341	11190.6455078125	17003.65234375	16188.5009765625	9231.734375	12909.9599609375	19179.75390625	13774.6953125	14912.513671875	19059.44921875	72293.5078125	19653.732421875	16006.5029296875	11101.275390625	17638.123046875	15691.076171875	8039.82861328125	7583.6513671875	8424.3359375	5336.51416015625	15715.064453125	14272.2373046875	12884.3408203125	6182.8486328125	10375.9580078125
P76342	675129	787473.625	889741	607063.75	626741.0625	924069	812389.6875	680339.875	826485	1042085.875	896535.4375	670898.625	729874.625	881774.75	673792.375	645631.9375	636283.25	629302.375	669591.4375	601876.125	644641.6875	692348.5	723670.125	682234.25
P76344	65813676	24773974	20476512	66853600	31322764	9409041	12866877	3637425.25	3780968	10460227	11227817	17380466	10175388	13367010	69080464	89744768	61636800	71535280	63405804	71877040	72851712	72835360	68143192	63207680
P76346	167724.859375	592166.5625	601524.5625	170426.71875	585230.625	597448.8125	583974.9375	599650.8125	644078.6875	599213.875	602182.625	573033.5	485879.78125	511696.1875	161380.84375	181717.6875	173564.46875	156667.328125	169472.640625	193662.25	188202.03125	186516.484375	190057.828125	177492.421875
P76350	79676.2265625	32956.49609375	37392.29296875	54825.19140625	10836.36328125	42329.03125	32023.87890625	30417.5078125	43377.82421875	43026.41796875	43416.22265625	15557.775390625	13392.109375	36799.1171875	55130.5546875	67617.8828125	63238.21484375	60848.3125	47024.6015625	57545.76171875	59644.88671875	55383.39453125	51230.7734375	67461.390625
P76361	28423.21484375	58158.609375	28048.064453125	NA	21269.7734375	32146.359375	35053.859375	22517.703125	43764.0234375	20480.990234375	14278.2880859375	NA	NA	26440.78515625	34099.0078125	36966.73828125	32935.44140625	34341.28515625	33577.81640625	31448.46875	29329.501953125	15311.140625	36140.42578125	33436.921875
P76372	2471452.5	2578400	2652860.25	2540860.25	2515849.5	2830088.75	2490689.75	2715129.75	2548474.25	2639003.25	2688602.25	2560694	2702757.75	2810543	2437114	2549339.25	2523967.25	2457848	2440378.5	2377833	2471585	2483161.25	2457435	2400228.5
P76389	413307.34375	449031.1875	396936.21875	474240.03125	484373.03125	328981.78125	412970.5	441677.15625	459850.3125	406274.78125	347796.90625	470788.53125	474488.1875	439749.71875	383738.375	372592.46875	308889.8125	406452.09375	407350.6875	413575.03125	346187.84375	442255.9375	407905.9375	389204.375
P76397	93520.0625	67252.7578125	79647.9375	82085	71512.8984375	78470.1953125	70998.6484375	76691.765625	76169.9609375	86486.109375	79204.09375	59925.02734375	71131.78125	84007.609375	92166.46875	95084.8203125	93147.671875	95906.375	69928.375	89177.3046875	93651.109375	94343.7421875	80112.75	92194.5546875
P76398	15485.7060546875	12234.2109375	8599.4111328125	14497.5673828125	7211.841796875	12984.96875	8724.2041015625	12449.216796875	7407.16162109375	9504.9140625	9185.166015625	7867.31201171875	4692.4375	10023.2451171875	12535.783203125	9548.642578125	8788.6572265625	9738.4912109375	9539.5771484375	8982.41796875	8797.6044921875	8811.0810546875	6031.9208984375	10583.57421875
P76399	1170806.625	1445008.25	1471328.125	1239868.875	1534167.875	1498123.75	1399451.625	1736113	1141535.125	1720194.25	1814755.5	1153488.625	1499708	1499817.625	1188896.125	1013149.5	1092933.5	968201.8125	1171432.75	934942.5	1136736.25	839411	1025061.0625	1156541.625
P76402	193395.8125	588201.375	539059.0625	175834.96875	593795.0625	676925.75	535313.125	659934.25	708757	725126.6875	703181.3125	523409.8125	565393.4375	681094.5625	224025.46875	183183.953125	240202.125	199545.796875	204758.8125	184971.875	204212.5625	194218.265625	221193.578125	210685.484375
P76403	1255039	1085721.125	998382.8125	1232556.625	1073387.75	880314.0625	1074935.5	946927.875	955751.0625	901341.25	967108.9375	1121816.875	1138662.625	981335.5625	1288714.875	1162018.625	1211695	1218867.25	1265287.125	1206007.375	1204342.25	1227725	1267169.5	1171048.375
P76406	56401.7578125	98515.0546875	106570.25	39410.890625	92600.390625	117618.578125	99951.484375	87616.265625	93054.6171875	111144.4375	111410.6015625	86581.8515625	60895.6328125	94436.125	51201.45703125	55889.33203125	50776.08203125	52877.65234375	59453.4140625	46145.41015625	31872.6640625	45298.27734375	42033.0234375	46460.21875
P76407	62674.99609375	88824.0546875	76207.640625	50196.40234375	95437.953125	85949.0859375	104053.2421875	68786.7890625	87100	89944.671875	104723.3828125	73045.6171875	77433.2265625	81548.2265625	77841.484375	48188.73828125	54322.875	49441.02734375	67632.8203125	61202.9453125	30739.017578125	56209.5234375	65048.78125	65583.6640625
P76418	361095.53125	365666.59375	429797.40625	347053.25	380228.53125	396968.21875	368971.90625	396763.3125	391722.5625	385448.3125	410936.34375	371378.375	336891.75	367285.875	322455.21875	332464.8125	308408.3125	321898.875	319969.96875	326641.53125	287653.28125	362681.9375	295639.15625	341081.875
P76422	1026147.375	1325204.375	1293106	1037307.5	1181939.375	1473335.25	1364780.125	1306101.375	1466311	1415160.75	1452388.25	1253742.625	1091518.375	1399389.625	1059639.5	1133963.75	1072590.25	1176209.25	1065852.125	1060528	1052280.875	1084951.125	1021607.1875	1085334.125
P76423	621867.625	664906.9375	717026.0625	556696.1875	597084.3125	871194.875	781346.8125	739634.8125	790146.125	805299.8125	733414.5625	656520.625	598322.6875	625921.375	581147.25	579598.875	588408.375	632205.875	626744.5	638979.625	648524	615333.0625	599484.4375	623604.9375
P76440	205788.53125	933560.5625	920485.3125	250055.15625	1457819.5	503067	835575.4375	932063.875	380032.34375	498557.84375	608237.375	1460296.875	2136565	648774.5	116047.7421875	116939.6015625	92805.796875	75408.6328125	128516.703125	178936.484375	159799.46875	231044.03125	193317.546875	125456.4140625
P76445	53383.88671875	20826.794921875	20332.3984375	44416.4453125	16024.021484375	18976.611328125	23055.224609375	18509.1484375	23805.013671875	19330.24609375	25656.810546875	18015.826171875	19239.1640625	20696.263671875	40996.33203125	32121.458984375	36180.5625	31738.677734375	32168.28515625	38671.33984375	40077.8515625	35764.37890625	33294.65234375	50511.6171875
P76446	44526.8984375	57491.51953125	51695.01953125	47687	56763.546875	43486.66796875	59138.34375	54763.14453125	55368.9609375	53253.5546875	51161.29296875	61263.25390625	55959.87890625	40690.4296875	53721.0625	48287.96875	44418.66015625	55574.8515625	53684.33984375	54765.66015625	55435.09375	44251.890625	49503.96484375	52845.1171875
P76471	85951.1875	53735.81640625	54049.59375	76251.328125	65638.1796875	39971.203125	50535.1953125	44456.35546875	45466.1796875	40334.67578125	47868.5	50716.86328125	51286.58984375	43491.69921875	68075.5546875	67344.7421875	87739.1796875	66704.1640625	69402.65625	50252.984375	50840.45703125	55771.32421875	68418.625	74997.8828125
P76483	8942.6103515625	37290.2109375	32782.609375	12117.7998046875	29616.388671875	29578.615234375	28827.896484375	35963.9609375	28172.478515625	23077.947265625	26765.533203125	22702.150390625	37883.69140625	32060.603515625	NA	NA	NA	NA	11138.45703125	7495.01953125	13105.623046875	NA	10848.6572265625	8611.03125
P76491	141202.375	138821.828125	121676.375	144614.03125	123256.9921875	88792.5625	126823.6484375	130508.8984375	125285.6171875	121843.84375	103699.0546875	114783.6640625	135100.546875	106865.9609375	154198.625	147842.5625	170790.53125	132276.828125	105163.3515625	147296.34375	142067.234375	125690.65625	145445.171875	157014.46875
P76499	140190.0625	113445.8515625	36897.1484375	166302.46875	131172.765625	117839.453125	123690.234375	145891.171875	142106.171875	123529.53125	127021.7109375	130311.4453125	81905.0703125	125159.75	124076.984375	149983.203125	136821.34375	96073.234375	110245.8125	118251.2890625	151264.75	76742.859375	67444.703125	109900.3671875
P76502	129330.4453125	146753.28125	155067.765625	135615.890625	133063.796875	160208.921875	138303.9375	146030.4375	148284.75	153247.578125	163446.078125	109818.2890625	116063.828125	144832.921875	142867.921875	137665.28125	162884.96875	155627.1875	136804.640625	141683.421875	135679.6875	150556.484375	139250.328125	128716.90625
P76503	313870.03125	1628752.375	1585269.25	241847.59375	1576141.875	1717003.125	1756937.75	1691836.5	1871925.125	1793337.875	1663456.25	1588102.875	1638361.125	1511570	239260.484375	259218.15625	280538.28125	278747.03125	272041.28125	260340.953125	342675.4375	238238.125	270098	312538.125
P76506	994417.5	1047566.5625	1031401.0625	947163.75	1072867	932731.9375	1006399.875	1076438.75	1033443.6875	1037476.5625	920544.625	959360.3125	963323.8125	952647.125	999967.125	1030914.5	1017746	1118092.25	1054812.5	1014024.3125	1119131.75	1096196.875	1032201.0625	1019794.3125
P76507	83326.125	19500.3046875	22716.994140625	47886.28515625	11130.4833984375	12101.3857421875	29070.1796875	16768.419921875	20757.103515625	31433.0546875	13156.876953125	16938.275390625	18310.462890625	12763.546875	41561.3984375	29700.369140625	37215.59765625	32665.9453125	28098.373046875	35758.28125	36392.34765625	29295.60546875	33415.66015625	36040.30078125
P76520	38811.390625	51611.0859375	72881.6171875	26960.44921875	53746.2890625	78823.5390625	59520.48828125	52157.62890625	61105.01171875	69729.421875	76031.5625	44767.35546875	27435.62890625	76688.2890625	34866.39453125	22582.13671875	31515.8359375	33326.65234375	28742.640625	10814.09375	20685.44140625	26771.130859375	23000.0859375	29418.271484375
P76535	438886.59375	771303	793553.8125	456197.8125	700753.5	817642.75	788385.875	793095.4375	921419.0625	818570.25	807338.1875	715506.375	776188.75	798952	429290.59375	474401.90625	372016.28125	368155.84375	430260.8125	421968.3125	483209.53125	457209.46875	415831.21875	401601.40625
P76536	2905829	2093043.5	2066501.375	3157609.5	2233199.25	1877348.5	2093948.75	1997127.75	1980592	1837955.375	1897042.25	2058560.875	1923215.375	1994237.875	2870104.75	3046638.25	2632369.75	2806576.5	2853160.25	2973648.25	2947729.25	2935273.75	3037037.25	2733939
P76537	322425.5	417754.8125	440230.9375	335333.15625	359647.5	489298.1875	416354.09375	429530.1875	421459.25	451585.84375	459358	375965.78125	387111	419773.59375	316316.6875	349390.625	339308.5625	342465.28125	331930.90625	319225.0625	283762.1875	343959	318659.3125	296861
P76539	139939.09375	191527.5	153977.546875	152728.953125	182851.75	187551.84375	159478.828125	160214.0625	159886.875	178402.890625	195397.71875	145916.53125	170106.234375	176125.625	156775.078125	144830.96875	145455.6875	152883.09375	167991.359375	160194.15625	137206.515625	165724.140625	168442.28125	135952.625
P76541	265090.03125	406634.3125	389791.28125	275688.5	422989.8125	384810.1875	384904.96875	400962.0625	414006.8125	417083.09375	399356.75	385741.125	417059.4375	404965.59375	264437.5	259987.84375	274757.9375	267150.03125	281483.125	249764.25	284632.25	264370.8125	274267.09375	235853.59375
P76542	5060.146484375	6089.275390625	4204.17333984375	5677.513671875	4408.1259765625	4254.11376953125	4926.46142578125	5062.26171875	6075.61962890625	4319.03759765625	5404.7734375	2090.65625	6982.9951171875	4822.05419921875	5972.05419921875	5538.900390625	6089.9423828125	4632.21044921875	4236.25634765625	4577.5625	3041.400146484375	3926.235107421875	3985.927490234375	4820.1865234375
P76545	16012.4208984375	9934.5947265625	9552.94921875	15684.458984375	9565.541015625	4773.12744140625	13114.7060546875	7758.2099609375	11218.935546875	5870.62451171875	5802.22705078125	8863.734375	5610.11279296875	8126.38134765625	12099.439453125	12967.298828125	16214.8134765625	15752.8359375	10866.6572265625	14375.2705078125	15958.8662109375	20748.4765625	11405.8515625	15675.8173828125
P76549	8933.5234375	10474.806640625	8043.16845703125	6542.16845703125	8571.189453125	6365.6982421875	10579.39453125	8694.314453125	9429.58203125	6420.59130859375	5402.05810546875	12757.306640625	9602.89453125	8319.15234375	9031.9765625	8666.7373046875	7450.607421875	6066.85888671875	8359.931640625	6791.751953125	8259.33203125	9104.474609375	8452.3330078125	6951.13623046875
P76550	553451.9375	874257	977885.3125	595173.875	805512.4375	960734.6875	762979.3125	894030.4375	829115.75	890417.3125	961292.125	769692.0625	722753.0625	861496.75	604527.25	636730.375	627197.625	542470.0625	552686	587197.875	602654.875	569112.0625	564052.4375	586042.1875
P76558	3204721.75	10612943	10922556	3007169	11354682	8643735	11390464	9799588	10269870	9195710	9103444	11829622	10204341	8920240	3147299.25	3384218.25	2910166.5	3745662	3241739	3372833.75	3162321.5	3469628.5	3172206.75	3314302.5
P76559	21878.27734375	20304.7421875	16722.146484375	17364.94140625	18511	21316.955078125	19800.51953125	23974.216796875	22404.060546875	20460.888671875	20814.16015625	15731.8662109375	18207.4375	9387.296875	15485.34765625	23679.951171875	12697.1474609375	21266.23046875	18937.62109375	11263.693359375	13810.61328125	8830.6923828125	12368.0380859375	9134.25390625
P76561	155677.171875	178888.625	195987.90625	188833.359375	179223.21875	201664.8125	173265.78125	200873.890625	195116.953125	196537.421875	175395.09375	166665.34375	202459.078125	184899.40625	163288.9375	170208.75	155923.53125	155438.3125	143863.71875	172716.4375	163263.875	147681.46875	168271.640625	146780.828125
P76562	13907.814453125	6599.53955078125	9176.6748046875	22432.845703125	11196.681640625	7763.89599609375	7052.63623046875	8475.0048828125	8135.5400390625	18247.779296875	8187.16796875	14169.4306640625	4516.64306640625	6023.77587890625	10265.216796875	9148.8994140625	10914.0087890625	11773.984375	10646.771484375	9036.341796875	12287.244140625	9771.767578125	12810.7490234375	13278.34765625
P76569	788129.4375	984228.5625	858062	774323.75	866864.5	1054130.75	915346	1028974.5	1082078.75	1087540.125	1141645.125	806011.5	859755.875	1011529.625	934050.375	946381.5	911395.5625	801972.875	898701.875	783101.375	812543.9375	895841.1875	735946.9375	748947.1875
P76573	NA	2204.705078125	3143.816162109375	1737.758544921875	1421.5164794921875	6548.98486328125	4030.763671875	2715.175537109375	3286.1474609375	2507.947265625	2098.5673828125	1679.275390625	4581.42236328125	5781.02197265625	3020.53271484375	NA	2821.12158203125	1858.170166015625	NA	2696.705078125	732.4517822265625	NA	NA	729.48358154296875
P76575	29494.599609375	62328.57421875	75760.6328125	23508.86328125	40997.82421875	79860.359375	59527.10546875	84877.6796875	77920	79866.328125	85956.453125	45984.953125	71926.1328125	78414.1640625	30856.0625	22161.77734375	38419.27734375	26295.748046875	30479.501953125	19801.14453125	16568.3046875	20749.005859375	15722.591796875	24584.068359375
P76576	1359218.25	1348917.375	1413916.875	1342718.375	1279655.75	1375538.5	1312752	1301197.375	1276665.125	1283142	1339731.25	1314142.25	1420770.25	1320963.875	1324455.5	1322369.375	1303505.625	1294898	1299054.25	1319379.875	1303313.75	1316932.125	1362784	1369208.125
P76578	2769404.25	4548605	4615750	2772949.25	4275523	4329093.5	4337098.5	4333650	4143601.25	4223808.5	4191463.5	4316627.5	4593091	4339797.5	2556908	2558144.25	2553181.5	2688261.75	2753078.75	2612075.75	2621399.75	2688222.5	2631039	2684576.25
P76594	563872	2244181	2284451	426742.84375	2095059	2314416	2360734	2276063.75	2587026.5	2312839.25	2164782.25	2176117	2331609.75	2131968.5	477337.78125	368626.59375	444759	372181.59375	484029.125	407858.1875	402760.09375	408176.5625	321386.84375	451405.625
P76621	302969.0625	437137.28125	734044.5	247643.890625	492305.84375	960586.9375	691169.625	619646.875	1118840.75	1022576.25	839134.6875	468891.03125	282623.125	660227.5625	136190.09375	NA	211780.9375	217300.46875	138644.5625	144655.21875	155058.171875	222982.953125	139758.15625	142136.109375
P76641	7599.90771484375	23711.3046875	9568.283203125	9878.0947265625	16827.81640625	10032.3515625	11097.8486328125	11682.5703125	9651.015625	10096.111328125	8097.0185546875	2838.34033203125	5934.19873046875	6078.57666015625	7504.35302734375	7778.5361328125	6437.73486328125	5282.85546875	7367.20654296875	6407.0869140625	6014.40966796875	5637.43603515625	6986.83544921875	5477.96435546875
P76658	3055339.75	2769612.75	2771820.75	3026153.75	2974607.25	2583223	2923446.25	2764421.5	2942266.75	2690955	2555046	2929262.75	2910413.25	2679168.25	3000795.25	3032902.5	3019288.5	3070106.5	2927040.25	3064367	3119580.25	3109915.75	3032749.25	3040201.75
P76909	43026.1484375	26171.33203125	22890.1640625	22270.455078125	28277.087890625	16153.8720703125	35930.72265625	17210.775390625	19380.361328125	21824.400390625	24869.5078125	29059.05078125	25768.587890625	22756.171875	30547.888671875	37258.63671875	26435.16015625	31128.048828125	23352.529296875	32686.359375	35290.51171875	30173.80078125	31855.423828125	23842.5078125
P76938	54978.77734375	39447.43359375	45712.3984375	64111.7265625	46981.7890625	34489.48046875	59178.78125	41954.484375	40952.8359375	55115.3203125	42827.11328125	38882.05859375	34911.42578125	45895.44921875	53727.875	33723.26953125	38586.30859375	45852.765625	45063.3046875	36536.09765625	51657.1171875	57837.8984375	48144.74609375	37546.5625
P77044	27034.1328125	37046.48046875	37441.68359375	27289.9140625	50904.74609375	44020.87890625	41430.12890625	42699.3046875	33728.6875	49585.421875	39764.140625	39271.9375	34395.75	35080.359375	25201.95703125	34673.6640625	36068.31640625	20959.716796875	21650.529296875	25660.123046875	20814.625	17727.2109375	25426.275390625	27400.3359375
P77148	550782.875	512115.65625	566259.8125	491066.59375	461270.3125	576020.375	545732.6875	504914.84375	614934.5625	599769.5625	625820.1875	426832.53125	440377.3125	544300.125	566519.8125	490645.1875	568271.4375	529012.5	514089.15625	522323.5	602711.8125	579411.1875	529009.9375	604104.5625
P77150	261875.390625	190416.75	168336.046875	244205.109375	186251.4375	108227.78125	180541.140625	153367.546875	144255.734375	123801.921875	147238.28125	204739.5	174759.96875	168477.203125	251391.859375	252426.484375	210633.4375	303234.6875	282974.21875	276106.9375	267102.8125	258535.84375	262037.140625	235383.359375
P77161	NA	NA	118.33190155029297	NA	583.18701171875	877.471923828125	319.22821044921875	601.8367919921875	1.2462399005889893	453.3601379394531	174.46751403808594	41.863372802734375	288.2840270996094	169.95460510253906	2.083383560180664	NA	NA	NA	NA	NA	NA	NA	NA	NA
P77171	230751.84375	490626.625	505332.5	237730.640625	511286.78125	524638.25	595667.4375	473016.25	605033	529838.5625	477777.78125	552573.1875	479766.8125	419963.78125	228426.875	263783.125	211169.15625	253521.34375	215919.703125	206356.484375	203152.90625	245193.65625	190211.390625	214819.359375
P77173	742409.375	812351.375	714343.125	791878.5	910290.5	771644	813417.3125	892213.625	795951.5625	825533.6875	802085.625	803217	857495.75	802575.75	822014.6875	673958.6875	769221.4375	782085.75	800436.75	634958.125	675386.125	759229	829964.8125	764163.9375
P77181	81409.9453125	97107.8125	108656.203125	77748	97250.5625	122403.515625	95105.2421875	100171.484375	111639.25	107325.6875	122277.46875	79711.890625	89320.984375	102904.96875	83557.5703125	75959.0625	84885.09375	67676.484375	65013.6875	68523.984375	66448.9609375	79773.3515625	84146.71875	61369.26953125
P77182	237559.953125	252992.359375	232718.15625	270910.1875	266627.28125	209027.3125	265762.3125	256535.828125	267953.4375	238192.78125	257429.203125	249303.640625	262574.5625	247336.109375	234758.5	231457.921875	258337.859375	253416.140625	221180.828125	240781.015625	242798.5	233887.09375	234348.109375	243398.359375
P77187	52753.9609375	42202.625	33067.8359375	55099.65234375	39655.6015625	37870.55078125	40663.5078125	30666.03515625	35602.51953125	35709.16015625	37061.171875	36691.671875	27983.478515625	31821.111328125	44455.984375	46236.55859375	47359.35546875	38471.234375	45294.9609375	43025.4453125	46605.91796875	44016.01953125	44441.68359375	43886.36328125
P77202	454068.34375	469655.09375	474550.71875	459128.75	401210.96875	557389.875	446876.9375	479484.625	474220.90625	518358.40625	524968.75	379594.5	397721.75	496668.46875	515266.3125	474700.3125	521343.65625	480886	474580.65625	490502.90625	517443.53125	464795.5	455893.78125	486811.6875
P77211	47728.83203125	83215.671875	56255.41015625	38027.71484375	89747.7734375	45863.19140625	61714.8671875	55413.30078125	42118.32421875	50495.21484375	40706.15234375	95557.2109375	70785.65625	45731.41015625	43820.265625	51743.23046875	35883.97265625	40964.8125	38664.5234375	27852.568359375	51771.3984375	39247.70703125	42049.8203125	15783.2763671875
P77212	121629.40625	130170.203125	111891.328125	102317.6328125	123617.03125	121880.0234375	151472.859375	134294.546875	183963.28125	150030.359375	138083.03125	124855.6328125	110924.578125	121378	118340.4453125	113444.2109375	111694.734375	118623.2421875	104315.0078125	110548.5234375	106548.5234375	116093.75	115791.65625	111873.4140625
P77213	113751.5390625	166313.828125	175272.375	87674.90625	159035.84375	216903.5625	182379.53125	188066.4375	224606.59375	223618.25	221388.390625	161645.5625	164539.0625	201026.75	121616.7890625	99459.890625	128007.3984375	117844.859375	105284.546875	113692.4140625	115166.03125	99381.9375	116585.2421875	106774.921875
P77214	NA	NA	NA	NA	139.7113037109375	NA	NA	NA	NA	NA	NA	631.45953369140625	102.3813247680664	NA	NA	NA	6.836745738983154	NA	NA	NA	NA	NA	NA	NA
P77223	37357.91796875	23860.494140625	12381.5615234375	33230.52734375	12963.5732421875	19077.568359375	18528.16796875	17023.244140625	18329.59765625	21660.923828125	24714.982421875	12257.9326171875	6895.25927734375	14538.2080078125	23147.1484375	10845.158203125	22003.828125	16793.49609375	18739.73828125	33005.78125	25673.48046875	35040.5859375	23028.279296875	21872.703125
P77239	906.565185546875	456.1244812011719	NA	NA	2846.642333984375	NA	234.62071228027344	NA	407.5467834472656	NA	NA	3984.311279296875	3295.3232421875	NA	NA	NA	947.76348876953125	NA	NA	NA	178.490478515625	532.9371337890625	NA	NA
P77243	NA	71651.109375	96451.2890625	NA	49901.30078125	74493.421875	71056.734375	51159.68359375	110317.234375	96898.1171875	88788.6953125	58161.03125	60237.3203125	53157.84375	27367.244140625	NA	NA	NA	56536.1171875	63815.98828125	NA	NA	NA	NA
P77245	154499.5625	108418.765625	85082.421875	132596.671875	65835.0390625	98533.6640625	156414.171875	117165.2265625	79454.5703125	96723.1015625	117162.1328125	65365.32421875	72836.0078125	84124.2421875	101069.296875	110198.8984375	126524.53125	109379.53125	122559.9296875	104825.4609375	81139.6171875	113762.265625	112059.6640625	105163.953125
P77247	639465	738335.6875	737935.4375	631926.5	801099.875	598565.5	709843.125	705244.5	704818.25	700100.3125	687076.8125	706442.0625	710170.75	659530.875	648583.8125	692163.25	603469.6875	703914.1875	626009.9375	675699.75	646912.3125	680625.375	675563.375	657398.0625
P77252	55951.38671875	890034.3125	826751.375	85343.03125	1150666.375	734098.9375	826585.5625	1003502.4375	572968.9375	662388.0625	721438.5625	1086052.75	1786907.875	849437.1875	41318.2890625	40292.421875	21298.265625	32733.91796875	30362.2421875	37539.78125	30409.0703125	39640.7421875	45654.54296875	26332.849609375
P77258	250074.40625	170549.03125	171024.140625	240903.59375	129833.828125	209128.234375	177058.484375	167269.96875	204561.40625	214329.140625	206774.578125	139891.0625	110139.0546875	190991.484375	257044.75	236126.546875	260887.515625	265751.5625	276632.5	229201.75	249800.703125	256013.40625	236788.796875	224598.609375
P77260	77371.640625	83912.78125	53407.90625	60764.9375	50786.56640625	58850.69921875	70778.9921875	66498.28125	49956.36328125	64681.421875	54809.3671875	60282.9921875	90763.9375	39374.9296875	59747.828125	95578.8828125	59844.6640625	71140.03125	50686.17578125	83436.984375	53406.75	79871.265625	65833.4609375	66883.65625
P77279	139749.390625	141803.96875	135584	140238.640625	150566.375	152090.984375	132211.984375	133551.03125	125770.25	153308.953125	128289.6953125	139042.75	128202.65625	141748.9375	145035.078125	148335.015625	132271.5625	134214.78125	141681.578125	121858.765625	146863.609375	150576.484375	136966.890625	135926.390625
P77280	2360.223876953125	4081.82421875	3080.76806640625	2572.8798828125	3316.872314453125	4331.5283203125	4634.6015625	2647.72509765625	3290.485107421875	4133.8759765625	4373.55908203125	1759.0230712890625	2696.54638671875	3163.524169921875	2740.6826171875	1745.686279296875	NA	1408.050537109375	2290.830078125	528.60968017578125	2063.02734375	1697.0560302734375	2811.540283203125	NA
P77285	65003.78515625	79105.578125	80148.2890625	69221.0546875	70668.828125	87594.28125	73560.0234375	86056.8828125	84335.9609375	81729.4609375	85173.7890625	62443.9296875	66923.5859375	70057.9140625	68719.6484375	68882.3984375	74701.234375	68697.8203125	57572.90234375	67382.484375	68304.125	75999.3828125	64528.609375	71589.5625
P77293	347359.5	207245.5625	236225.421875	329486.15625	203058.203125	203551.859375	247485.78125	213324.421875	227508.875	221886.203125	209940.484375	220293.546875	157612.28125	172101.265625	316806.125	332796.875	320606.59375	365235.90625	332228.875	346164.4375	336785.59375	353286.1875	342203.9375	305635.25
P77300	92219.515625	86763.671875	90850.0234375	108528.3828125	111366.109375	65107.921875	105413.140625	90841.53125	93890.3125	91351.25	86140.40625	103059.0625	105916.2890625	95603.796875	113372.90625	108431.53125	106348.5234375	119642.6796875	108780.0859375	112136.484375	99875.671875	117753.5546875	114577.6484375	104551.6875
P77302	495389.59375	224608.484375	229691.203125	431363.125	240610.953125	165059.53125	288976.71875	180509.765625	222355.421875	188411.484375	199941.015625	262108.59375	136104.125	201363.484375	480871.28125	518429.65625	504661.03125	618646.9375	473035.28125	404885.75	478057.21875	501282.28125	467096.6875	561782.0625
P77307	13230.9794921875	9337.5771484375	7915.15771484375	15440.1240234375	7456.943359375	1902.54736328125	11636.0283203125	10263.666015625	11331.2880859375	7424.0302734375	7087.01513671875	7004.68359375	9304.5732421875	8132.8564453125	9915.2744140625	10656.0224609375	9628.576171875	10652.22265625	13312.408203125	12348.607421875	5017.87841796875	14139.4892578125	9911.18359375	8743.986328125
P77316	26945.267578125	63079.09765625	90416.171875	33608.82421875	47613.7734375	131612.953125	84962.734375	101196.28125	162630.59375	140130.4375	119337.109375	52877.8046875	64029.78125	105703.6875	6105.05029296875	47239.2421875	11431.884765625	50448.0078125	12282.552734375	22374.189453125	7911.1611328125	25076.2421875	21031.26171875	17663.24609375
P77318	686345.8125	3932001.25	3745109.5	643857.125	3620107.5	3913374	3917996	3716478	3856985.5	3805845.25	3883403.25	4208144.5	3467834.75	3813780.5	589201.0625	488163.21875	477536.78125	563008.8125	486333.3125	606434.9375	519176.53125	465866.625	886067.1875	481201.53125
P77330	1720699.625	1420998.625	1338317.875	1904850.875	1388526.125	1072053.5	1330155.125	1399266.625	1145916.75	1175921.75	1200795.375	1248229.25	1430315.625	1224268.875	1613833.5	1533612.25	1330892.5	1591734.75	1591421	1732252.125	1719767.875	1825607.625	1766788.375	1482818.25
P77334	1805.3211669921875	NA	NA	2002.6268310546875	NA	NA	1644.9364013671875	NA	NA	NA	NA	NA	NA	267.8888244628906	3396.862060546875	2140.163330078125	1840.4541015625	1019.5671997070312	2480.023193359375	2330.614990234375	2043.880126953125	1273.177978515625	2725.88720703125	1867.046875
P77335	16686.30078125	9386.021484375	6490.7802734375	13193.8544921875	9363.4755859375	5415.76513671875	15998.6513671875	14041.4501953125	17218.5546875	11113.6845703125	17715.865234375	9762.6279296875	11689.5478515625	12063.2705078125	9129.46484375	11733.8896484375	12002.7783203125	9245.16015625	11628.90625	15624.1708984375	6213.65283203125	13129.353515625	12074.9208984375	NA
P77338	295398.4375	287146.9375	275739.15625	281344.28125	263264.28125	255544.6875	273694.84375	271286.53125	282632.875	281302.78125	279409.53125	238247.984375	268276.5	263400.65625	270709.6875	282208.4375	251897.75	269134.59375	262152.25	283678.78125	277224.53125	279691.1875	267840.9375	252743.4375
P77348	544512.25	1043484.625	1025120.9375	545371	918372.9375	1128723.75	1103760	985571.3125	1066098.625	1086750.5	1126199.25	997083.5625	949222.875	1114059.75	549898.9375	520039.90625	573408.4375	577126.25	586021.5	544492	535676.0625	524994.3125	544252.5	557616.25
P77374	579912	444338.28125	395688.5625	691915.875	442117.5	290953.09375	427278.90625	554422.5	215992.734375	269728.875	337054.75	510715.28125	606912.25	427625.78125	525061.875	464267.4375	471251.28125	443841.21875	570365.625	523073.375	539484.0625	546588.9375	601741.75	477330.46875
P77376	192784.78125	260511.046875	245528.296875	167793.09375	229547.671875	364274.71875	315834.3125	247889.390625	321762.40625	321764.59375	328423.25	252835.03125	273449.9375	310509.53125	191584.0625	179553.453125	173606.375	184242.609375	169891.75	191723.421875	201102.546875	167652.640625	179257.4375	179350.875
P77395	1863567.125	1511443.5	1476347	1891609.875	1704449	1219316.75	1587021	1675357.75	1581014	1438554.875	1334658.5	1492065.875	1502248.625	1453630.625	1996779.125	1911384.5	1807660	1895939.125	1716116.25	1981916.25	1932344.875	1901176.5	1884351.5	1923380.125
P77398	106662.28125	144961.65625	141785.453125	127471.1796875	118801.953125	177128.734375	131326.109375	102022.375	154523.1875	168376.09375	158553.3125	170164.0625	113925.34375	146649.78125	125038.953125	152646.78125	122141.078125	132061.078125	128786.3125	109660.484375	103550.0390625	108590.8828125	115647.640625	133629.59375
P77399	954153.625	4233106.5	4315083.5	917833.5625	3837488.25	4560208.5	4551460	4165817.5	4797813.5	4723500.5	4051376	3755148.5	3994799.5	4189573	807603.375	892645.6875	767583.1875	948500.625	654505.5	871594.25	736443.5	940794.4375	1018842.1875	953473.5
P77433	107350.9453125	901219.625	890831.5	101372.671875	1078434.75	782239.6875	849969.5625	1015375.5625	591585.8125	718608.625	756100.875	988994.9375	1581201.375	883060.375	60545.80859375	75073.515625	48589.1796875	51147.90625	82174.1875	76735.6171875	59146.95703125	82397	65114.8671875	52670.10546875
P77434	1037468.125	901188.25	877531.25	973879.5	957470.375	860948.625	1012602.75	856389.5625	923531.5625	822787.4375	921340.25	974667.9375	961840.4375	926176	1032198.4375	1136763.875	985886.8125	1091936.875	1067893.625	1077591	1023158.375	1052532.625	1040205	989101
P77444	443017.53125	472585.09375	507299.96875	373835.65625	451959.84375	548904.5	531259.875	495244.21875	634757.1875	526868.4375	510676.9375	405572.375	446810.4375	480875.9375	378828.75	552160.8125	442444.53125	432264.59375	361188.46875	502878.96875	430125.96875	510439.96875	396393.8125	490883.21875
P77454	281993.28125	270670.15625	283535.3125	267701.5625	258282.078125	248553.015625	235945.25	239483.828125	272067.75	267244.71875	246295.625	211338.875	177688.578125	296182.09375	265035.90625	269661.625	274731.34375	288203.71875	249830.046875	295571.09375	282096.5	285759.9375	291000.28125	258474.8125
P77455	NA	840.92071533203125	3845.272705078125	NA	468.7414245605469	NA	1011.0302124023438	846.63897705078125	16.442848205566406	31.696847915649414	NA	2240.873291015625	251.1903533935547	1597.48876953125	NA	NA	NA	NA	NA	NA	NA	NA	174.33189392089844	NA
P77473	8802.6494140625	5195.6640625	4242.23291015625	4623.77294921875	6937.1044921875	8272.7197265625	5583.2158203125	4852.1123046875	7396.5888671875	11313.75390625	4721.79833984375	3369.346435546875	6890.513671875	7634.5947265625	46.56528091430664	NA	3495.928466796875	1360.357177734375	1325.27294921875	3410.76904296875	2906.573974609375	2299.94580078125	4310.96630859375	5822.349609375
P77475	117663.375	119377.1875	119105.2734375	107469.984375	98349.171875	120267.7265625	128418.5078125	89294.953125	125579.78125	117687.0546875	131731.296875	94209.921875	87392.3046875	100961.375	115511.4609375	108153.296875	108607.4921875	116434.5078125	132893.078125	122089.328125	93397.4140625	101364.453125	111073.6328125	114332.6875
P77485	26093.1484375	43912.76171875	31073.2109375	20526.576171875	41039.3828125	32360.30859375	38970.56640625	36200.59765625	39203.01171875	41058.30078125	38192.3359375	41453.6640625	40315.60546875	41912.46484375	27978.2109375	26619.791015625	28942.4921875	31018.935546875	26089.353515625	23762.138671875	27677.248046875	24382.294921875	24018.189453125	24661.5390625
P77488	1116656.25	1468935.125	1380865.375	1203409.625	1447018	1382598.75	1426064.875	1441759.125	1487718	1435376.125	1438823.5	1575150.875	1539652.875	1415325.125	1141023.75	1141540	1129806.625	1232199.375	1233262.5	1149001.375	1168233	1151790.625	1182980.625	1191577.875
P77499	1007930.125	993224.75	1087540	837824.5	799612.8125	1392798.5	1047292	1147230.375	1295837.25	1228556.125	1177785.625	695436.875	851179.8125	1061136.5	799423.3125	1120683.75	1014535.375	878847	800432.1875	1073674.625	941063.5625	1137450.625	870520.25	1142257.125
P77504	87015.484375	149890.546875	145324.4375	88884.4765625	130207.6640625	151471.1875	143132.71875	147577.578125	172216.90625	154277.84375	158976.640625	139250.078125	135406.21875	137601.875	93321.375	85584.046875	96386.7578125	92592.9921875	98600.640625	89654.8125	87867.84375	84533.3515625	81894.8203125	99598.0390625
P77522	1891296.75	1618053.75	1682738.375	1505970.25	1292817	2054345.625	1803811.625	1851447.625	2190631.25	1857767.875	1777239.875	1272189.25	1343295	1604722.625	1534833.75	2084532.125	1775042.25	1821038.125	1576692.375	2059238.125	1648534.625	2175207	1613823.875	2077360.625
P77526	60905.66796875	53068.6875	37658.0078125	48897.58984375	52061.921875	51306.609375	64820.30078125	46717.04296875	62412.3671875	51613.16796875	55573.796875	50662.41015625	56796.9140625	54299.34765625	63442.078125	51245.69140625	65250.48828125	48624.0703125	65469.234375	58448.5390625	37286.8984375	73524.359375	54214.67578125	66139.265625
P77529	1570918.625	859045.6875	991193.625	1330347.625	730641	862053.5	930631	927907.375	998410.75	915099.375	981746	965055.6875	940135.6875	948732.0625	1262627.875	1038821.125	1219281.625	1195578.25	1137882.75	1257092.25	1321021.125	1200613.625	1088440.375	1568118.875
P77536	360225.78125	2371410.5	2371263.25	392996.96875	3137072.25	1640912	2484144.75	2794469.25	1555809.375	1658726.25	1545268.625	3134798.25	4971059	2253105.25	284354.78125	271292.8125	157115.90625	163490.34375	280022.84375	131849.53125	206943.015625	293941.625	237541.90625	209112.390625
P77541	90617.6328125	84747.5546875	89614.796875	30960.900390625	65235.46875	117142.734375	123128.734375	152171.84375	206709.34375	210694.09375	157017.15625	78201.4140625	81378.2421875	129185.3984375	70259.5	NA	NA	13762.7119140625	13772.123046875	83340.5546875	NA	76075.8515625	NA	20954.306640625
P77544	368614.15625	280789.5625	274497.15625	374212.375	233495.0625	238047.953125	259847.515625	230366.9375	273653.71875	246947.734375	255070.453125	221160.15625	247746.078125	235137.28125	359252.21875	365590.875	412972.59375	381968.3125	352651.875	377467.84375	418391.8125	383740.78125	377401.4375	422326.9375
P77552	413855.5625	459051.25	458135.875	437356.84375	435223.96875	414307.8125	451739.75	465747.03125	429205.71875	465764.125	424842.75	438912.375	409150.34375	450526.15625	423990.375	418864.28125	417411.21875	416806.78125	406542.4375	434413.90625	434221.84375	431625.59375	407379.3125	439587.40625
P77554	189373.28125	328260	304940.40625	207478.84375	305486.65625	330600.625	293545.40625	294817.625	274374.9375	338227.3125	335333	260348.984375	328278.90625	312323.6875	180254.046875	190589.984375	192162.4375	235404.75	195308.859375	180387.046875	167969.359375	162917.53125	198487.765625	200810.75
P77555	15232.0166015625	15802.75390625	15860.6064453125	16989.890625	11977.8603515625	13361.6728515625	11487.0859375	14367.1640625	12567.5908203125	13675.6591796875	15736.1533203125	13649.8603515625	11245.412109375	11469.0576171875	17429.119140625	22267.23828125	16799.169921875	16755.58203125	18081.447265625	13613.9072265625	18336.24609375	17379.92578125	18951.23046875	16765.328125
P77561	336632.625	397419.46875	397158.4375	348510.09375	368928.34375	358319.78125	427436.5	360291.59375	358994.875	397444.65625	419629.03125	403819.53125	343014.90625	378166.4375	267183.28125	274361.375	275902.875	326983.4375	326294	232233.78125	215902.71875	253754.796875	200881.84375	310862.5625
P77562	127097.2265625	126280.9453125	130915.859375	114838.3515625	123140.5546875	119834.859375	135117.296875	144880.421875	135312.984375	148855.3125	136059.875	128083.4375	142799.296875	133566.578125	98915.53125	98517.890625	115127.8671875	133178.359375	112865.765625	110319.78125	116072.0703125	112062.9921875	102867.8046875	111031.1328125
P77569	353643.625	1158932.5	1273987.5	272250.78125	1216440.125	913094.9375	1356767.5	1083946.875	1085675.875	984719.75	872861.125	1230945.25	1197074.875	781785.875	220643.484375	347281.84375	281389.25	328726.28125	336949.1875	293159.3125	329357.15625	347595.5	334541.875	338357.59375
P77570	264599.09375	321147	328929.8125	291992.09375	362981.9375	277593.84375	323541.375	319105.1875	309654.5625	303293.34375	304352.5	360063.03125	358655.8125	327422.34375	284699.53125	292713.9375	257016.734375	281431.40625	270077.40625	287174	264850	301192.46875	293776.34375	278671.84375
P77581	1542788.75	3638471.25	3308623	1203200.5	3614169	3314525.25	3321649.25	3567139.75	3660967	3605830.25	3150230	3215067	3345352.25	3147720	1488604	1227802.5	1575725.5	1212830.125	1375789.25	1550395.25	1428580.625	1447428.5	1327182.875	1654909.5
P77596	183830.09375	339684.9375	241437.546875	149775	357093.9375	295185.4375	363549.8125	309798.40625	340261.15625	260139.53125	313776.78125	250500.265625	241675.140625	284332.03125	76642.3828125	102392.46875	88785.9609375	85599.8515625	79590.2265625	65473.49609375	86220.5078125	94175.1875	72460.28125	79261.8203125
P77609	NA	NA	NA	NA	NA	375.12457275390625	170.4710235595703	984.56884765625	NA	500.3507385253906	NA	NA	141.72682189941406	NA	NA	NA	NA	NA	NA	NA	NA	NA	NA	NA
P77611	144479.578125	86386.078125	88213.8515625	159725.734375	67958.6171875	102352.96875	98129.2890625	82986.390625	92766.6328125	92289.5703125	91779.6015625	78553.4765625	75609.3046875	88015.15625	153756.46875	165536.484375	153645.5	169125.28125	147731.28125	153104.859375	143800.921875	163360.4375	155274.765625	149810.25
P77615	8421.37890625	14387.9208984375	14183.791015625	7537.89794921875	11394.650390625	11505.447265625	12722.7841796875	10011.3544921875	13188.2060546875	10567.4697265625	12811.5693359375	11686.7548828125	9457.2568359375	10594.423828125	9062.8505859375	10540.8154296875	8269.7265625	6329.03466796875	9853.56640625	7564.0478515625	6796.44775390625	9271.3134765625	8441.31640625	7985.70849609375
P77619	NA	70130.8046875	31901.326171875	11043.0341796875	85138.4765625	35610.59375	41009.375	59165.453125	63681.87109375	74103.515625	60058.01171875	77083.078125	72859.1328125	66907.9140625	13436.349609375	NA	50283.7734375	NA	19705.625	57364.0546875	NA	NA	55189.96484375	NA
P77625	454989.25	400656.34375	400353.53125	462918.96875	394360.9375	444042.1875	379317.96875	399055.6875	388941.53125	418817.5625	419527.375	396887.65625	389062.5	418432.28125	481034.90625	487855.90625	498986.5625	452417.6875	458575.875	472584.71875	493694.59375	486611.71875	485482.46875	467372.3125
P77649	443432.4375	435309.625	511025.46875	492693.875	373533.34375	502445.71875	496951.84375	445136.1875	479294.84375	526534.75	575783.9375	425419.96875	433510.46875	443676.28125	441917.09375	469867.75	430099.375	512487.90625	412518.75	499167.0625	479803.3125	479394	441111.46875	464220.75
P77667	327819.71875	301906.28125	301995.34375	257604.140625	215011.953125	436148.6875	277895.625	380697.59375	411419.25	396152.5	395009.25	163710.34375	174342.921875	313077.3125	275551.5	304519.875	368734.28125	301073.65625	228259.25	386259.09375	345447.40625	395604.5625	248127.859375	391041.375
P77674	262337.53125	1899666	2084729.625	185671.375	1715271.25	2809989.75	2445830	1968078.25	3458358.75	2954288	2667872.75	2032380.375	1942608.5	2345510.5	278544.65625	242514.0625	289400.15625	216532.53125	217213.546875	196124.65625	227864.421875	243635.3125	190385.421875	232392.734375
P77689	401756.1875	373024	412219.84375	349631.90625	319070.9375	470751.03125	397208.53125	446355.8125	521067.78125	465832.40625	446575.375	271645.25	312615.1875	408039.5625	342280.875	436321.40625	409502.21875	388275.375	293044.875	423212.375	389113.75	474688.625	384243.8125	476824.28125
P77690	75579.75	139957.8125	126468.828125	102284.3671875	131011.0234375	106503.7734375	125674.453125	110210.9609375	119787.84375	120370.953125	115786.359375	140767.84375	133181.921875	128235.4296875	62851.75390625	96144.9609375	96247.484375	85191.390625	71079.7734375	92673.4921875	75584.9453125	86237.875	71521.640625	82679.7109375
P77695	868064.75	1370753.75	1366269.5	911706.5625	1250220.625	1523343.625	1233750.5	1192160.5	1183091.75	1344449.75	1430908.25	1103599.375	1055028.25	1238530.75	1028661.5625	1104611.375	986858.75	1004313.8125	979767.375	960601.25	942840	874580.5	982340.0625	860957.5
P77712	34459.3125	79063.6875	79721.0390625	25053.943359375	86062.078125	60110.15234375	99293.4609375	77690.7890625	111025.8671875	75309.3671875	67762.6328125	83835.015625	76288.0703125	61947.33203125	33322.359375	23994.453125	15499.150390625	28268.18359375	21286.888671875	24862.466796875	23872.240234375	29311.52734375	19538.607421875	29960.10546875
P77713	75853.4453125	104044.9921875	109004.21875	56665.98828125	108859.171875	99529.359375	111340.34375	104404.265625	119891.0859375	103457.2421875	108181.7421875	109946.828125	100996.078125	100629.6328125	79137.078125	66375.28125	63382.5	81386.2890625	80388.3984375	73406.609375	70288.734375	79275.8671875	67039.9921875	75541.609375
P77717	2308371.5	4330810	4383411	1928853.5	4029676.5	5477157.5	4288197.5	4246483.5	5324011	5456839.5	5150212	4289569	3888438	4914822	2386929.25	2389848.25	2562350.25	2551448.75	2457790.5	2114101.75	1990757	2293103	2212621.5	2517545.25
P77718	1328657.375	734341.75	743940.25	1428493.5	786848.875	627785.25	787713.375	711229.625	609103.0625	648358.0625	677732.4375	799852.5625	848478.0625	692874.4375	1344528.375	1320572.75	1307705.5	1403011.375	1287820.875	1397632.375	1382370.25	1371263.25	1369870.25	1295753
P77721	109415.5546875	184070.828125	203911.078125	119814.6484375	205654.640625	93771.3671875	217225.21875	177194.015625	187066.5625	129076.03125	132750.015625	224361.34375	210300.015625	127806.9140625	102597.8046875	129197.03125	88629.3671875	102141.578125	81317.71875	115907.96875	120091.3828125	124696.2109375	108651.96875	84058.8203125
P77735	2089344.25	2895457.25	3010053.5	1930841.875	2747207	3384759.5	2890723.25	2851669.75	2996441.5	3270585.5	3131127.5	2654875.75	2837973	3101380.25	2082762.875	1888002.625	2234938.25	1962755.375	2072436.25	1934048.625	2077132	1949093.625	1972150.375	2157553.5
P77736	948.80963134765625	1828.5888671875	1978.5347900390625	560.7724609375	410.726318359375	NA	1323.9638671875	954.8802490234375	1298.6082763671875	1339.114990234375	2008.0428466796875	915.2279052734375	1286.716552734375	1115.884521484375	NA	1575.338134765625	1365.03369140625	NA	1014.8841552734375	NA	NA	NA	NA	640.5015869140625
P77737	5225762	3721792.5	3560019	6650904	4024863	2814649	3508827.25	4315132.5	2742375.5	3484735	3547888.25	3948702.25	4382395	4544950.5	4904751.5	4054093.5	4335595	4021606.5	4891648	4658480	5139057	4618459	5060088.5	4485635.5
P77739	390943.9375	962147.5	951430.0625	394721.125	1230270.125	793945.4375	1031769.875	993013.4375	768724.1875	803290.3125	814701.9375	1258097.75	1365898.375	890958.8125	417688.40625	291866.0625	365511.1875	353457.15625	423011.34375	376567.03125	414297.4375	343930.8125	402927.0625	379262.0625
P77743	NA	NA	NA	NA	NA	NA	18744.41796875	NA	11845.7978515625	16984.67578125	NA	16833.720703125	15515.2119140625	NA	NA	NA	NA	NA	NA	NA	NA	NA	NA	NA
P77747	16206132	21645850	22462030	17205008	22279334	24060940	22081646	20024628	20287390	21200532	23317472	22935830	21201572	22336098	15600270	16531887	15794237	14467478	16572927	15931337	14683929	15253619	15541361	14702205
P77748	4268929	3508953.75	3507869.25	4596202	3717254.25	2661654.5	3330334	3170949.25	3030379.75	2881585.5	2865874.5	3685131.5	3425421.5	2998326.75	4209794.5	4056091.75	3807838.25	4498106	4516804	4251843	4337069.5	4309392.5	4480054	4247777
P77754	187979.828125	630962.0625	630547.8125	174825.46875	554524.4375	958136.4375	576209.25	690842.4375	770723.1875	854380.75	825620.3125	454771.59375	453657.25	744472	216448.703125	210077.546875	235272.25	182486	190347.859375	218632.71875	217871.09375	185329.796875	208986.71875	192844.84375
P77756	285929.84375	288477.625	244264.046875	277143.875	309716.28125	233865.40625	289481.65625	287697.46875	281456.9375	305145.03125	275226.0625	337917.03125	327574.90625	282477.875	293945.78125	262532.84375	255979.609375	308415.625	300794.3125	280016.53125	283138.65625	293808.71875	282314.34375	267032.0625
P77774	3132807.25	2815472.75	2903165.5	3030093.75	2797314	2676310.25	2986653.75	2862304.75	3066009.5	2782623.5	2760182.75	2747798.75	2832166.75	2672615	3186839.25	2836415.5	3145812.5	3250790.5	3137036	3067055.25	3101081.25	3046695	3023275.5	2931411.25
P77775	423051.1875	670416.3125	680939.1875	411122.09375	746257.9375	557643.375	708516.625	612424.3125	647294.5625	639874.875	578702.4375	690135.1875	762941.25	598826.0625	416495.96875	415881.34375	385625.1875	433588.0625	437060.21875	437500.46875	432456.4375	435156.6875	432534.78125	428335.75
P77781	333514.03125	289570.3125	312732.6875	349287.625	278911.8125	240569.9375	297572.46875	274886.5	263504.15625	255978.890625	265222.875	289939.84375	291281.1875	281831.125	333794.125	279090.5	309280.3125	351611.96875	273627.84375	346774	330638.71875	351308.40625	339140.875	302147.09375
P77783	974461.125	352645.53125	338385.9375	1235264.125	338689.125	254943.96875	298292.375	420299.34375	175343.734375	224845.828125	279375.78125	366523.21875	467169.40625	357327.15625	798402.5625	672373.125	711562.9375	629077	913535	834694.125	957800.125	967393.375	1032921.6875	807243.125
P77791	101537.96875	175789.75	182165.671875	113923.3984375	175861.046875	163359.328125	143291.28125	194766.375	179169.03125	185423.546875	175959.859375	149346.484375	139296.15625	186346.625	95704.3515625	112589.3515625	105456.671875	117033.0078125	104334.109375	110442.21875	112052.390625	99839.9296875	108545.9765625	114215.3984375
P77795	143866.46875	178144.625	162952.953125	101815.2421875	183590.0625	193909.546875	112669.1875	120089.8046875	228493.515625	144266.90625	205978.3125	153360.578125	140375.828125	134679.046875	83034.296875	34938.62890625	61514.33203125	87852.6953125	67918.4921875	20300.15234375	56613.93359375	70283.265625	95070.875	51482.640625
P77804	5112780	5556391	5562369	4903216.5	5519790	5871819.5	5422511	5390050.5	5351523	5900922	5747921.5	5560338.5	4954582	5797534	5160032.5	5080160.5	5196221.5	5072476	5342307	4840402	4949977	4966221.5	4987736	5114375.5
P77806	317815.5	302568.34375	294016.8125	360620.78125	354173.84375	193868.015625	309971.53125	296222.0625	219175.375	265244.8125	239499.015625	338667.90625	344667.28125	243017.234375	333807.875	323691.28125	322415.875	304883.78125	309393.90625	335211.1875	347810.0625	336564.3125	336220.53125	357308.125
P77808	370815.625	303323.1875	259443.734375	386077.90625	306128.375	252383.015625	287638.53125	289952.125	277873.71875	281029.40625	264097.34375	300602	309194.75	274184.75	365009.65625	386692.21875	369813.03125	396000.3125	376593.21875	370356.8125	378762.375	359195.28125	382957.09375	364424.28125
P78055	170080.9375	126365.796875	123314.6796875	181876.09375	117875.5	124081.6953125	127900.03125	137110.75	132220.640625	147604.234375	159786.875	130344.2265625	136563.640625	141622.265625	164422.78125	162043.53125	177097.078125	158255.890625	165652.40625	158158.015625	148018.28125	157146.25	184699.8125	167313.171875
P78061	11732.5751953125	NA	NA	10377.958984375	NA	4999.6669921875	NA	NA	NA	NA	NA	NA	NA	NA	11195.11328125	NA	9594.896484375	10034.150390625	7915.939453125	8059.27734375	8343.1328125	7929.7373046875	9198.1259765625	10156.109375
P78067	1634218	670887	569899.25	1836240.75	661039.3125	579389.9375	585424.5625	743695.375	478315.59375	595368.75	715444.8125	635895.5625	789691.9375	843176.75	1382430.125	1332588.875	1312900.25	1213755.5	1514650.125	1441518.25	1485790.875	1541291	1617535.375	1356764.25
P80668	37068.89453125	86804.890625	83714.3125	42033.296875	68296.4296875	115299.6171875	82357.4453125	98536.796875	117823.890625	78265.8203125	106173.0859375	69872.9375	70543.7109375	103370.6796875	22650.482421875	37906.4765625	37295.66796875	27971.875	19595.130859375	NA	16147.474609375	34107.45703125	18391.291015625	34863.421875
Q06065	82039.109375	141286.78125	189988.015625	123890.03125	167999.1875	116868.6171875	200740.421875	171107.484375	197242	178587.328125	136418.78125	152390.078125	164322.953125	131434.96875	102715.1796875	111568.8828125	68088.6796875	100948.8671875	91395.6875	113057.7109375	96918.09375	98262.2421875	93881.6640625	79167.3359375
Q2EEQ2	220575.5625	50050.515625	37421.36328125	240379.6875	53036.796875	20595.216796875	19381.009765625	4451.712890625	3717.650634765625	25110.3203125	28064.26171875	29025.71875	17390.15625	31295.583984375	206289.640625	297234.4375	184600.53125	209381.296875	161709.265625	231662.421875	206845.375	239716.9375	201652.96875	199961.796875
Q2M7R5	594391.4375	899055.0625	901079.125	636869.625	820197.375	1045353.6875	722480.625	962514.5	838586.5625	933143.5625	964271.9375	628632.3125	757545.4375	901166.0625	669888.9375	623328.8125	703792.9375	562612	639112.125	680151.625	644524.4375	598941.1875	632118.375	641957.75
Q2M7X4	19600.15234375	47710.7890625	37713.16015625	19753.576171875	41369.890625	47459.765625	39607.12109375	46383.8828125	46850.85546875	58552.42578125	51406.94921875	31470.82421875	39914.8125	45132.265625	21626.302734375	21681.6484375	29246.689453125	30122.310546875	19931.564453125	18624.205078125	18008.453125	16785.853515625	21872.279296875	15477.87109375
Q2MB16	59104.91015625	76435.25	72212.7578125	77997.703125	69970.703125	74561.90625	87478.5390625	75638.8203125	88655.71875	69587.40625	92131.2109375	82826.71875	81631.859375	72767.2109375	88359.8671875	98679.90625	74724.265625	81335.4375	85885.1484375	82076.171875	78681.8125	75578.8984375	55391.0859375	89240.03125
Q46798	2697981.75	2983442.75	3041441.5	2547445.75	3142796.5	2296288	3078301.5	2913743.5	2776786.25	2566241	2653620.5	2950431.5	3158535.5	2447258.25	2260144.75	2549988	2295948.75	2451307.5	2353473.25	2391521	2233813.5	2527057.75	2335330.75	2396785.75
Q46802	NA	107829.3671875	79972.4609375	45818.9140625	104370.8984375	34107.83984375	105804.7265625	85105.5390625	74380.7265625	61844.9140625	51397.65234375	109562.921875	90940.328125	61211.078125	52059.87890625	NA	NA	NA	NA	NA	NA	NA	NA	NA
Q46803	NA	3258.636962890625	2092.69970703125	NA	2115.250244140625	859.881591796875	2092.08251953125	907.383544921875	1544.8707275390625	1506.3944091796875	NA	2295.123779296875	2405.80078125	371.02923583984375	NA	NA	NA	NA	NA	NA	NA	NA	NA	NA
Q46810	37073.77734375	17202.798828125	22052.958984375	34138.7578125	24771.998046875	17782.2109375	20197.38671875	16408.0625	23932.509765625	16009.1015625	21494.798828125	22148.236328125	18479.994140625	12524.69140625	8430.240234375	23021.708984375	24541.138671875	14722.2822265625	20199.677734375	20623.037109375	29941.423828125	15323.876953125	13081.93359375	21376.1796875
Q46811	13014.7080078125	6094.91943359375	33505.40234375	NA	NA	NA	NA	834.75604248046875	11142.720703125	397.05999755859375	NA	2744.986083984375	23475.931640625	15734.2646484375	NA	6707.02490234375	NA	7997.9912109375	14924.3720703125	NA	8410.9794921875	NA	NA	4021.087890625
Q46822	53895.03125	66955.1328125	74589.0390625	48811.41796875	54442.7734375	78846.125	67416.515625	63535.703125	92426.7265625	72152.6953125	77609.0859375	61700.62890625	71071.1328125	76253.5	48304.67578125	48012.3671875	51207.12890625	51589.79296875	44619.921875	38222.5	58601.92578125	49089.26953125	48224.56640625	49403.80859375
Q46824	10652.7705078125	9150.064453125	12716.9609375	10999.7783203125	9007.015625	8105.25732421875	11103.126953125	6227.564453125	12314.208984375	10232.630859375	8605.7177734375	8989.00390625	5814.52880859375	9034.2822265625	11588.0693359375	11414.443359375	11440.6865234375	11843.5830078125	9698.1005859375	10767.4443359375	12633.75	10015.48046875	8804.46875	11035.306640625
Q46829	2632917.75	2308011.25	2261220.5	2738807	2381946	1875982	2672453.25	2225666.5	2422290.75	1985764.125	2075482.375	2587076.25	2433572.25	1959219.875	2846859.5	2580904.25	2592441	2743374	2694822.5	2655842.25	2832454.75	2772607.75	2917951.25	2661600.5
Q46841	45264.49609375	29629.80078125	38009.73046875	86710.9296875	65765.0546875	NA	3579.028564453125	4581.419921875	13564.3408203125	2186.989501953125	116064.4609375	240076.640625	1561.0850830078125	69868.8828125	26871.9921875	156128.59375	149112.578125	64048.99609375	78943.4140625	NA	39819.1796875	56465.05859375	54338.60546875	46415.43359375
Q46844	NA	NA	0.8434905409812927	1.3020156621932983	NA	NA	NA	1.1126676797866821	NA	NA	0.9524328708648682	NA	NA	1.1212217807769775	NA	1.6242845058441162	1.0662471055984497	0.8610296845436096	0.8602532148361206	1.06084406375885	0.8101235032081604	1.4226219654083252	NA	1.3119590282440186
Q46845	1013523.375	1541564.5	1613337.125	989880.375	1622442	1594879	1651291	1555303.75	1615872.625	1572047.25	1570073.625	1456995.5	1599055.75	1600034	1042768.0625	1070378.875	983779.25	986172.25	970241.6875	1013200.8125	995918.1875	1009324.125	997511.0625	1032567.875
Q46851	1144755.25	5311571.5	5479949	1265905	5799126.5	4625723.5	5553334	5244597.5	4845337.5	4642220.5	4409405.5	5918435.5	6265178.5	4754721	1061956.75	908442.1875	911470.1875	862486.5625	1003085.0625	1118899.375	1052381.625	994494.125	1042526.875	937267.125
Q46855	48924.34765625	52644.375	59568.5859375	67229.8046875	49239.55078125	34292.9609375	56384.07421875	39560.58203125	44826.45703125	53343.38671875	41335.3203125	51482.08984375	41918.21484375	36746.828125	50358.41796875	55805.5546875	59068.2734375	56231.8828125	46073.82421875	55862.24609375	48676.76953125	57218.51171875	51117.0859375	55170.94140625
Q46856	1580667	2042597.125	1995709.25	1654416.125	2136019	2031871.125	1968426.625	1922787.375	1935133.125	1844421.25	1965529.25	2112624.75	1994838.375	2058155.375	1459967.375	1551949.5	1514230.5	1306128	1544258.75	1625792	1619801.375	1654793.125	1670568.375	1516862.5
Q46857	1283254.625	1691567	1750762.25	1145632.75	1668927.25	2235501.75	1778625.75	1790707.375	1956681.375	1978186.75	1992748.375	1501111.875	1471300.625	1881515	1289762.125	1100078.25	1467833	1167756.25	1244930.375	1331753.25	1382222.625	1278326.75	1260802.625	1389419.25
Q46861	135918.578125	64014.73046875	NA	113298.390625	69688.6953125	91044.265625	52544.19921875	43562.7421875	61785.4296875	47229.6015625	67591.9609375	53385.4609375	57867.734375	72907.90625	107485.5703125	84720.359375	143099.3125	125998.3125	120709.7734375	118883.5078125	124156.46875	114704.609375	114814.46875	122515.8359375
Q46863	68493.0078125	151818.234375	133790.875	81112.6328125	180019.34375	94673.0390625	166950.609375	142663.234375	139329.03125	122361.4140625	120923.8125	135052.234375	139161.078125	131827.671875	56250.46484375	89493.5546875	114360.234375	86174.765625	51692.578125	50898.05078125	54000.48046875	44676.91796875	54391.5390625	42887.59375
Q46864	47457.49609375	88176.1953125	93764.7890625	73763.3203125	83526.0859375	87234.1328125	72488.390625	82757.859375	64260.34375	82552.4453125	91215.796875	86953.65625	102155.484375	68563.0234375	68828.546875	62590.296875	60659.40625	62417.9375	63807.0625	67390.6015625	71894.7890625	62379.78515625	63238.91796875	60921.73828125
Q46868	1182422.125	1438062.625	1406228.5	1136253.875	1205725	1541361.25	1392554.25	1421278.25	1608518.125	1488508.375	1519030.625	1633055.875	1633397.375	1364568.375	1113141.625	1186304.5	1307323.375	1225276.625	1166157.25	972820.125	987425.375	1224986.5	1385357.75	1213864
Q46871	1298353.625	1286446.875	1270212	1065417.875	1141336.25	1631194.375	1314803.5	1520025.25	1535709.375	1523005.375	1607946.25	1058996.625	939624	1623312.5	1300537.625	1486150.5	1457927.25	1483892.875	1152048.75	1367192.75	1294068.25	1431765.875	1209999.625	1428273.125
Q46893	207724.40625	315795.71875	317918.84375	245066.578125	302170.6875	318328.40625	280837.96875	308678.53125	298905.15625	308107.78125	314522.9375	275601.875	301522.96875	300814.84375	238921.84375	250360.375	256534.921875	247185.265625	238214.578125	238074.34375	228770.6875	234887.53125	226783.546875	248393.90625
Q46919	41573.87890625	51069.546875	40726.70703125	30861.513671875	42975.24609375	60076.8046875	47156.98046875	58736.75	46075.89453125	57289.546875	50925.23828125	38114.5703125	51064.41796875	53405.48046875	40020.625	32792.9140625	43494.5546875	30910.927734375	39631.45703125	33621.4609375	35090.93359375	32333.474609375	36485.3828125	34005.35546875
Q46920	222975.984375	205067.46875	209341.140625	244785.78125	186163.140625	192869.625	212144.546875	205132.015625	206974.859375	195309.640625	187007.171875	203785.03125	217278.84375	209527.796875	211891.90625	241063.421875	204401.5	215994.046875	216080.6875	221797.828125	229369.828125	218616.71875	214068.734375	201851.171875
Q46925	106945.4375	93931.390625	92941.1015625	117139.328125	120590.359375	98919.7109375	100649.8046875	98571.2421875	88535.203125	80911.8125	67350.390625	107621.59375	93493.046875	85046.8125	100040.671875	106954.4921875	97548.6796875	115290.6484375	105153.625	108503.234375	115008.0625	111214.46875	102964.9140625	103555.578125
Q46927	168966.4375	142900.578125	126448.5703125	179091.734375	134647.8125	153555.171875	136181.375	132109.953125	132877.890625	150057.546875	152116.328125	116888.4296875	126047.34375	139444.890625	163137.25	191066.75	178294.546875	151996.9375	172217.671875	175328.578125	172477.9375	171949.9375	160352.96875	163500.125
Q46938	NA	9494.8994140625	3498.468505859375	NA	7006.99267578125	15577.197265625	8875.4912109375	9917.546875	10479.025390625	10069.2841796875	12750.9267578125	8901.021484375	5438.087890625	8281.97265625	NA	NA	NA	NA	NA	NA	NA	NA	NA	NA
Q46939	69452.2421875	191802.15625	260834.390625	752452	166613.375	226291.75	243341.625	180792.578125	245403.328125	238276.234375	209530.390625	169219.796875	160788.96875	181771.59375	58350.1875	47125.61328125	69919.890625	38356.88671875	33273.7734375	32803.73828125	33003.890625	29083.419921875	NA	37579.23828125
Q46948	1163801.125	1030431	1105983	1162410.625	1182317	863900.625	1148214.875	1008483.3125	998560.0625	913609.3125	894869.25	1199756.875	1141340	924826.5625	1119916.5	1259622.5	1053880.875	1176217.25	1099983.25	1078413.375	1156850.125	1155857.75	1105731.5	1140655.25
Q47083	312461	125458.2734375	137997.609375	386979.4375	123429.921875	156476.984375	121510.8671875	130117.4921875	101193.9921875	121958.3828125	113357.7734375	103648.6875	129521.046875	139243.203125	320383.34375	248835.046875	324149.53125	221958.546875	321758.75	311482.21875	332748.65625	294893.59375	344647.34375	328852.625
Q47129	5339.30078125	21105.66796875	10452.0771484375	10843.8662109375	8503.333984375	20862.60546875	12018.205078125	21745.306640625	16441.703125	25723.064453125	10428.2763671875	17651.828125	4869.76513671875	4920.63818359375	8317.5576171875	4025.70654296875	1102.214599609375	11344.560546875	4827.3583984375	2321.695068359375	3589.975830078125	8378.919921875	8178.00537109375	7944.8466796875
Q47146	859669.4375	3137071.75	3213173.75	560208.5	2722095	3451595	3619881.25	3251410	4260257	3829526.5	3378954	3222240.5	2684862.75	3056391.25	742814.125	582230.125	805481.125	861553.4375	705677.5	780248.75	803138.5625	828055.25	737971.8125	890458.5625
Q47147	185577.328125	156512.46875	173627.953125	181932.8125	182114.25	138300.125	165879.234375	156718.96875	156467.046875	143203.6875	164986.265625	173198.546875	175219.765625	161398.71875	179546.328125	178860.109375	164176.984375	178839.625	162223.84375	182214.6875	175799.90625	184829.390625	175367.3125	164720.328125
Q47150	163983.625	160448.609375	159737.734375	169586.21875	155912.75	188783.90625	155050.75	173995.6875	149094.265625	177090.78125	171279.203125	156702.546875	165972.828125	151149.578125	171589.171875	167808.625	170960.109375	165251.515625	165490.359375	162503.109375	180977.296875	167085.421875	157915.296875	173310.546875
Q47153	100485.6796875	154114.265625	143345.390625	120760.2109375	165062.015625	138363.203125	139912.078125	127843.2890625	178515.96875	131360.640625	127940.28125	121671.875	120747.7578125	109621.5546875	106681.140625	114389.1875	74016.9296875	108659.109375	122547.8515625	122378.8984375	108225.0078125	109990.6796875	88920.2890625	80850.5625
Q47156	40391.71484375	34953.1171875	32813.76953125	34304.6953125	36775.75	34532.9765625	30266.62890625	31679.2421875	22473.638671875	28551.85546875	22931.201171875	25717.228515625	29977.486328125	31181.15625	30863.486328125	35531.6015625	19615.5546875	24085.494140625	37108.359375	40980.2890625	43183.57421875	35630.12109375	39385.98046875	19133.8828125
Q47622	405056.625	326144.71875	361310.40625	366909.15625	309210.1875	293790.53125	324820.875	313319.625	342509.125	323990.3125	313513.78125	395579.4375	361649.59375	325718.125	340068.15625	318709.90625	342851.09375	383321.09375	374391.8125	347423.03125	319845.21875	422404.1875	422260.28125	408981.1875
Q47679	169617.984375	162801.5625	171648.46875	162329.671875	167881.890625	162533.265625	168560.984375	172821.9375	174036.265625	184109.828125	166240.609375	150893.15625	167929.921875	168285.046875	165410.171875	169288.234375	171078.890625	166011.71875	166965.671875	163607.921875	163248.875	169796.34375	153031.296875	165369.796875
Q47690	153086.28125	202870.203125	201779.09375	174702.75	242429.203125	194416.90625	204794.015625	219612.984375	209781.578125	187208.78125	188969.515625	207031.71875	255581.90625	185176.984375	156519.34375	154579.46875	167232.828125	147795.765625	156463.25	155207.359375	179112.546875	152391.234375	153936.40625	168015.09375
Q47702	NA	328.1344299316406	783.13983154296875	NA	NA	1056.2076416015625	257.57470703125	277.91339111328125	462.97760009765625	NA	989.53680419921875	NA	NA	400.2566833496094	NA	NA	330.28485107421875	NA	NA	NA	NA	NA	NA	NA
Q47710	64036.26171875	67765.671875	66263.40625	68752.328125	76109.796875	30136.939453125	68959.84375	68832.3046875	66948.75	83696.734375	74167.8203125	78192.9375	50203	50947.1640625	55005.7265625	40656.296875	47628.4453125	65346.44921875	57255.328125	67033.265625	80259.5703125	57517.4140625	56797.32421875	58049.32421875
Q57261	494992.5	410765.4375	373155.15625	501063	428809.5625	296511.59375	419417.375	404367.90625	378868.15625	365721.15625	360542.0625	457115.375	428160.125	355716.34375	470710.03125	471447.5	474122.84375	493637.375	501813.84375	500650.875	474217.59375	504026.28125	501343.71875	474263.90625
Q59385	1482523.75	2081830	1772924.125	1456906	2307957.25	1394292.5	1942009.625	1674414.5	2162428	1545064.25	1650043.25	2380491.75	2148000.5	1608095	1379501.25	1177588.75	1739274.375	1201692.75	1267109.875	1546805.25	1620392.125	1561207.125	1431244.375	1280724.75
Q6BF16	20605.927734375	49896.97265625	50809.56640625	21318.2109375	21902.99609375	41131.546875	39733.06640625	35317.63671875	38766.96875	38353.03515625	33826.71484375	37678.65234375	41410.80078125	25398.228515625	7039.24072265625	9724.84765625	6056.96484375	6572.02099609375	9503.478515625	6998.9833984375	5900.38818359375	5983.486328125	5799.78125	8519.9306640625
Q6BF17	126062.4140625	219095.625	209780.453125	135675.0625	222448.234375	200431.171875	227315.53125	186600.40625	225128.171875	231918.375	214264.109375	221317.03125	165470.1875	232941.375	96937.78125	169491.796875	113094.3125	213250.75	113439.0625	114286.984375	148404.328125	132898.109375	101279.9765625	163615.28125
Q7DFV3	NA	12683.66796875	NA	NA	NA	17677.08203125	NA	15900.755859375	20694.857421875	15556.953125	14545.021484375	NA	4057.9287109375	25957.064453125	8198.068359375	NA	16384.54296875	3844.50830078125	NA	NA	9252.888671875	NA	11287.255859375	17504.1328125
Q93K97	232224.96875	242389.53125	254568.15625	216694.0625	246096.140625	232344	246665.46875	248840.09375	220723.140625	258976.3125	243606.609375	217449.6875	239460.609375	240547.125	234785.125	254913.5625	232514.71875	241858.078125	232591.109375	227037.609375	218503.21875	239706.515625	261554.296875	216636.125
