rowname	20230516_EXPL1_LiSc_SA_S610_RT_25_s2	20230516_EXPL1_LiSc_SA_S610_RT_26_s9	20230516_EXPL1_LiSc_SA_S610_RT_27_s12	20230516_EXPL1_LiSc_SA_S610_RT_28_s17	20230516_EXPL1_LiSc_SA_S610_RT_29_s24	20230516_EXPL1_LiSc_SA_S610_RT_30_s30	20230516_EXPL1_LiSc_SA_S610_RT_31_s33	20230516_EXPL1_LiSc_SA_S610_RT_32_s38	20230516_EXPL1_LiSc_SA_S610_RT_33_s44	20230516_EXPL1_LiSc_SA_S610_RT_34_s48	20230516_EXPL1_LiSc_SA_S610_RT_35_s51	20230516_EXPL1_LiSc_SA_S610_RT_36_s56	20230516_EXPL1_LiSc_SA_S610_RT_37_s63	20230516_EXPL1_LiSc_SA_S610_RT_38_s68	20230516_EXPL1_LiSc_SA_S610_RT_39_s72	20230516_EXPL1_LiSc_SA_S610_RT_40_s80	20230516_EXPL1_LiSc_SA_S610_RT_41_s81	20230516_EXPL1_LiSc_SA_S610_RT_42_s89	20230516_EXPL1_LiSc_SA_S610_RT_43_s92	20230516_EXPL1_LiSc_SA_S610_RT_44_s96	20230516_EXPL1_LiSc_SA_S610_RT_45_QC1_LabD	20230516_EXPL1_LiSc_SA_S610_RT_46_QC2_LabD	20230516_EXPL1_LiSc_SA_S610_RT_47_QC3_LabD	20230516_EXPL1_LiSc_SA_S610_RT_48_QC4_LabD
P0A8D6	4118780	4250920	4366490	4380910	4411880	4079310	4504890	4878880	4073490	4040900	3490150	3473990	3748550	3560750	3768630	3608450	3714880	3680940	3538870	3406480	4516130	4467990	3448420	3771490
P0AAX3	1122970	823705	1113080	952210	1144020	1059640	1026830	891198	1140730	955203	2042560	1981400	2076150	1406580	1973830	2128570	1864420	2004480	1884440	1525870	1289780	1250070	1888040	1888670
P06993	1593030	2297830	1638200	2037660	1948240	1622250	2003210	1871050	1918580	1455430	2141350	2111580	1938880	2110770	2041260	2403900	2433920	2442070	2556290	2413240	1951760	1899640	2422540	2095110
P00959	18804900	18218900	17566200	17614200	17948100	18176900	17276300	16142300	16442600	18737200	22401400	22907900	20359300	22276400	22496100	20164400	22731600	23402700	21869200	22523100	19782700	18231700	22563100	21489600
P37325	644439	627970	650549	589563	642897	621812	589810	560514	589629	637253	537154	551522	590455	536587	510967	560865	607861	559123	542508	566448	658733	626022	521017	518606
P0AEQ1	3595820	4276090	5173310	4709550	3681990	3883340	3970980	4021420	3741530	3284800	2203240	2114040	2289670	2079000	2368770	2351620	2306260	2297850	2120350	1799090	4483760	4234550	1927130	2280650
P25738	15546300	18050500	22392700	19072300	21058500	16705600	19994700	22751300	25945400	14836000	11169500	13304400	10601600	9283940	11856900	13125100	11142500	11275500	11480600	9183380	15450100	16109700	10079200	9668550
P64596	8685210	9098430	8391650	8946220	8740220	8185130	8723190	9427070	9090890	8580020	6605190	6702410	6542470	6686020	6562070	6497290	6597210	6378480	6283380	6663120	9493360	8975600	6798810	7032580
P00452	14240000	17413000	14628400	15867900	16105000	14179000	16762700	16070200	15170500	14626500	13768000	13277500	11440800	14697800	13005700	12174900	13394200	13675700	13196500	13340500	17092300	15419100	13657400	13035000
P0AEG4	35736600	41650300	45757900	42401100	42408800	38824800	42926700	41380900	41706400	38403000	43838800	46088600	46699900	39938900	45487400	46371700	45869100	43131300	45770400	43079700	39613700	40496800	42808500	44023700
P19934	1637480	1339530	1412840	1435290	1418320	1438560	1390140	1500220	1550250	1591640	1260840	1331570	1352190	1333800	1338370	1390000	1376860	1312770	1447990	1311410	1414170	1334590	1332180	1427470
P0A9B2	322648000	380510000	327854000	389070000	399577000	353979000	378088000	386001000	382510000	334928000	879836000	772952000	879919000	854611000	845845000	827138000	984707000	875580000	923678000	896913000	406410000	422574000	883356000	943071000
P0A6A6	109106000	108747000	102977000	107785000	102410000	112110000	100235000	101849000	97935000	106995000	157747000	147617000	140491000	151274000	142749000	132738000	158853000	157808000	148405000	153458000	106940000	103111000	151750000	139790000
P0A8I8	1883610	1888920	1850230	1862780	1671090	1999290	1779130	1609650	1530060	1818150	1789030	1811060	1777960	1807190	1845110	1708280	1780690	1759450	1746540	1827820	1747780	1724710	1802330	1829500
P0A8T7	53974800	57004800	49573500	55608000	56188000	54514800	54862200	55550400	54418500	56744000	61475000	58251600	51621800	62520000	57238500	52985900	61375900	58023600	57191400	59193800	56934000	56646600	61317900	61716500
P0A794	9309010	8694590	8731900	9219130	8432900	9824440	8724630	8372650	7521630	9483010	7908220	7394630	8884290	8108060	7654100	7579580	8420430	7751680	8013170	8148370	8762630	9694730	7865580	7320470
P0A7J3	249716000	259814000	314852000	243998000	263939000	259884000	265382000	241229000	212665000	254121000	327667000	369492000	338303000	331019000	356502000	343065000	316541000	367994000	337443000	316182000	265533000	248464000	319749000	336064000
P00935	12962200	12669200	12595200	12319300	10851900	13984600	11731800	11565500	12314200	13117400	11443800	10741800	9729230	11182000	12008700	10811400	11968700	11966700	12205900	12619900	12413900	11965300	12479700	11408600
P0ACF4	185280000	177662000	245668000	203516000	177558000	209625000	182399000	190669000	195289000	215815000	130684000	134088000	152338000	129858000	146810000	147813000	154107000	126211000	150062000	135508000	171668000	187125000	134715000	136930000
P12999	40704	23797.1	30720.6	NA	23244.4	38253.8	NA	31324.7	38267.1	NA	56288.1	42053.5	29260.2	35676.5	NA	27114	38084.4	33652.6	29059.9	41031.5	24501.7	NA	NA	22491.2
P0AG84	11459400	14126200	10224500	14331800	15935500	10477400	15020600	21066400	18616600	11312700	8337950	7645750	6333140	8018830	7623030	8513750	8812660	8416060	7620460	7310500	12615900	13765100	6633030	8378850
P0A9M8	38522500	41079600	36850400	41293200	40050600	38935300	40352600	41008300	40535400	41085800	23839600	21841100	22178300	23824300	24881800	23621700	27388500	25315900	29880700	31770800	40227000	42712700	29777100	28553800
P77539	214587	266685	224842	252639	174656	212573	212550	154416	153114	152689	72554.4	95433.7	95437.1	81244.8	81770.8	129639	65666.8	112570	86534.5	97950	185315	178999	73121.2	84586.6
P37617	968402	1095520	785377	875507	897767	965563	902873	1088030	1017580	1021580	669588	544390	521901	749383	685043	768590	771948	609825	791226	766592	787074	901626	733001	737722
P0A9Q7	23091100	32588200	22213900	28958500	34559700	19939200	33543100	36393900	34765200	21945600	152166000	143485000	124033000	142539000	155408000	153477000	178585000	167113000	181980000	183583000	32860400	31938300	182805000	179560000
P67087	3612610	3152620	3506160	3160420	2893740	3718730	3111570	2970160	2813100	3652810	2922990	2740470	3128840	2840150	2884080	3030800	3025900	2898630	2900790	2754110	3142100	3106650	2728860	2766810
P05042	5518640	5318540	5422650	5286730	4335300	5917050	4858110	4315230	4404780	5553310	2117470	1974090	1876980	2371730	2114380	1964660	1926340	2015100	1844360	1698970	5293200	5073910	1893760	1796590
P0AEJ2	8165330	22029100	10676800	22693900	19103200	7453360	21664600	23541800	20431000	7257170	22198600	24219700	32233900	22268200	22301600	25892100	28471300	27013000	31624600	21879400	17499500	18995500	20395300	25230300
P0AC38	18795200	14926100	15699800	14111100	15237000	16844100	14436900	13711100	14400300	17221700	4090380	4187540	4370480	4822510	4713640	4804270	4570380	4608340	5482910	5359150	17855900	17080300	6718160	5235430
P08142	16598500	17993800	16250600	17177200	17208100	17254500	17224300	15331600	15628400	16609600	16518200	15600200	13533600	15856600	15486800	13352200	16746600	16307200	13875300	14192300	17604600	17759000	15596400	15509700
P0A7U7	160313000	173433000	251518000	177380000	189021000	182079000	176973000	183573000	182646000	164257000	243153000	270340000	281870000	242888000	261122000	257885000	273736000	280104000	274387000	229253000	168742000	164381000	237009000	280314000
P76576	6992060	6718670	7312920	6892790	6331290	6903020	6238910	5901940	5882120	7136620	6839480	6173390	6673250	6785500	6567840	6284980	6364770	6400040	6614990	6458970	6927580	6347860	6240570	6461060
P33362	12394600	15059100	14581000	14861400	14625900	13506800	15056600	17787200	15775700	13420700	10691100	10772100	10410800	9418580	11351800	11706000	10833400	10294800	10471400	9965970	13466900	13638900	9641910	10733000
P39342	3998390	4075050	3561840	4093180	3997750	3806270	4220500	5008470	4684080	3867280	2681050	2510500	2443340	2707090	2503180	2549400	2814440	2499640	2526950	2407370	3667350	4077110	2481960	2640170
P0AFQ7	2654280	2414880	2477240	2445770	2586300	2754540	2440470	2301130	2240840	2574590	3404740	3473370	3940870	3621190	3494390	3468060	3375760	3809910	3549270	3478900	2602060	2548440	3734900	3665310
P0AET8	13798900	14704500	12905800	13966400	14781800	13539100	14224700	16125600	14198800	13173200	11525600	10356100	12064300	11361000	11918100	12320000	12254100	12273900	11429400	11533100	14597800	13729800	10766700	10740800
P0AFI5	467784	478889	449494	479475	502281	483414	464120	442182	472691	510627	715315	622105	680261	761285	668287	608101	667454	634912	660628	716752	441871	501881	656125	666172
P25888	2596590	2895790	2950920	2802170	2947220	2780780	2690670	2932180	2762460	2520590	10591600	10868100	8940130	10425000	10688800	8854970	9925410	10472000	8706530	8369820	2723810	2715270	9829090	10942500
P16659	16972000	16968500	16661800	16571500	16790200	17118300	16211400	15356900	15588800	17301600	17527400	17574200	15806500	17327000	16898800	15358600	17748300	17843800	16999400	17146300	17905900	16919400	18241600	17444800
P0ABQ0	4732590	5193550	4890880	5011430	4627950	5021480	4929410	4704140	4618270	4953830	3837370	3474810	3736790	3839670	3646790	3440720	3939380	3790460	3746320	3786120	4976460	5039450	3893750	3869510
P0ADC3	1154950	1269140	1141310	1250270	1264460	1158990	1160750	1235050	1223670	1177990	1339050	1328820	1179310	1326350	1278650	1239130	1327220	1293210	1259600	1317650	1066670	1107050	1368900	1303530
P62707	148068000	193748000	166857000	192232000	188358000	145025000	194276000	171336000	163023000	145365000	159828000	167105000	197822000	160517000	165797000	161051000	181463000	163173000	158216000	142986000	190177000	179945000	135655000	162870000
P0A6X1	1437890	1353470	1373710	1310950	1157490	1569020	1050150	1218160	1103580	1543250	1359880	1224350	1362260	1236870	1320890	1202290	1405360	1257400	1265240	1341170	1236110	1229940	1260780	1336570
P10121	6320110	6222070	6271450	6271910	6035770	6358570	5940290	6116470	5860690	6478930	6058700	5863540	5936810	5744180	6184270	5623130	6005250	6055630	5847890	5857160	6174410	6395560	6093470	6049840
P60240	6274730	6781530	5962030	6756300	6885890	6280310	6526310	6675550	6817340	6375940	7826390	7906920	6721130	7955440	7534560	6777650	7692940	7700790	7304760	7661780	6919970	6707370	7749120	7569350
Q46871	5121430	7076910	5480010	7612340	7676990	5223780	7564610	8183890	7548920	5086480	7048080	7392660	9145240	6747540	6655370	7776470	7641960	7327900	6648390	5752980	6897620	6845450	5549640	6732230
P76541	1884850	1888250	1837700	1795970	1831100	1999430	1888320	1687930	1571390	1820960	1196660	1194350	1355850	1179530	1194670	1227960	1173810	1384450	1217430	1222160	1923610	1772510	1105450	1127730
P60293	2187790	2171530	2138100	2233850	2148050	2308860	2058300	2019710	2140910	2198900	2098090	2037880	2176730	2076650	2041310	2095250	2142450	2065170	2051610	2064600	2196290	2186120	2040110	1872610
P77674	12344000	18364300	13222300	16696300	16299400	12553700	16861300	21571300	18336600	12749900	2071160	1886000	1536230	1941010	2121140	1682230	1867170	1709840	1448700	1502310	13326700	14247900	1557070	1907450
P33232	5117530	6153670	5203040	6156490	5288660	5137460	5435080	5663850	5759760	4636700	3528600	3506670	3367630	3631920	3535420	3461590	3594250	3488160	3253290	3041300	5105590	5503880	3227440	3252380
P08337	2632020	2970550	2984370	2915140	2753410	2712660	3059850	2643090	2657470	2653810	3503200	3502970	3514320	3460380	3692500	3439410	3211800	3129370	3086640	3088970	2863450	2696130	3132950	3304210
P0A9W3	33275300	32888600	31914600	32340300	32235000	32979900	32023600	33613900	32740400	33788200	26153900	25773500	23655500	26362200	25216000	24349200	26569800	25974400	23968900	24287000	31121100	31522000	24629500	26211100
P45955	8046440	6886900	9579240	6928330	7177860	7777240	6749370	6672720	7532230	8059240	6404420	6813810	7180450	6379970	7369800	7201140	7041770	6776030	7057290	6375360	7454170	7302500	6751720	7031010
P29131	4565910	3743720	4024970	3711140	3660790	4295480	3714050	3940320	4160840	4639530	3908440	3599220	3844180	3850970	3624100	4069520	3950500	3482320	4072740	3882510	3745010	3840020	3808160	3942240
P33015	646603	879351	663322	889242	955561	710830	839702	1271910	1265150	745303	610866	570558	306798	478214	587182	572197	639908	466593	553576	684632	696391	740248	699804	721223
P38038	26877700	28255400	30205300	27862300	28009200	27663800	26408500	25230800	27279100	27863400	34877200	35773100	27446400	33715500	33746900	29224800	33460800	34385400	31318900	35160700	29098400	26998000	38279300	32175700
P15639	27265900	34564600	30125600	32465900	32357500	27619300	33133100	30429500	31708000	26332300	36031500	35626900	31497800	36284200	36211700	33971900	37457400	36486900	36203000	36593100	31245900	32716000	37200200	35255600
P37908	2154580	2224670	2120240	2168200	2120470	2224600	2069940	1858430	1978980	2066560	2229060	2212160	2183470	2138250	2077040	2025720	2280540	2297650	2109410	2194720	1916480	1930370	2300810	1986400
P37641	594309	648662	566802	644149	633808	552166	705460	641401	627140	544268	555617	571023	534908	552507	523859	600069	624083	633886	586697	588512	698837	640965	510456	583899
P09832	31745300	37101200	32040200	35577800	34708600	34146100	35041200	29471600	30668400	30766100	83727800	82731500	83687000	83775000	80764700	76993100	85900700	89633500	81251200	80996100	36667200	36703100	89166200	84342000
P75960	4356100	4359820	4452130	4235140	4233000	4463700	4161600	3774760	3853160	4160250	3632560	3833240	3826160	3675190	3452570	3599100	3529280	3774770	3566480	3674100	4409560	4139950	3726070	3618930
P31224	6312440	7016400	6222950	6580610	6814830	5847910	6395590	6555690	6474780	6265560	6632500	6376160	4992440	6356920	6126160	5180360	6370910	6006570	5567520	6072460	6226840	5922140	6354730	6030400
P0A8Y5	3204580	3200180	3249090	3208430	3196360	3251420	3079970	3253330	2954030	3009990	5109130	5051690	5131200	5290720	5036630	4890760	4860810	4988120	4594770	4954550	3021010	3101940	5097400	4898570
P0A698	5142230	5365990	4585280	5108380	5473050	4884060	5329900	5794790	5331240	5101800	4107660	4039290	3086440	4548030	4104750	3668340	4148400	4052010	3851950	3964970	5351060	5335500	4233090	4282410
P05458	9487720	10150000	9268160	9525250	9946340	8832300	9508070	9692960	9443190	9502290	8863800	9408810	8018490	9017540	8436900	7776290	8755840	9486390	8386860	8406150	9640590	8952180	9479710	9336850
P0ABB8	3032510	3949740	3026710	4029430	4051830	3001100	3975920	4685440	4307600	3234260	3837670	3513610	3125760	3329730	3605270	3215020	4076860	3604550	3603260	3891950	3169130	3591410	3641370	4476780
P02924	3454910	3766740	3862030	3635850	3279490	3748260	3308300	3075310	3415270	3439890	529503	597852	347225	532245	680226	557856	605189	605966	450243	499130	3349690	3483250	485007	584891
P25740	1237490	1163160	1150570	1098060	1085710	1218420	1087590	1033770	1069550	1163900	892494	882164	898308	930600	910551	884517	936133	941825	942617	929451	1157880	1109100	944753	909859
P50456	1457480	1479500	1422090	1354080	1476690	1427020	1453060	1445360	1385770	1382500	1335880	1232350	1205330	1191180	1353310	1330950	1444300	1393180	1366790	1431620	1554670	1479520	1349730	1186950
P0ABZ1	944620	2417200	1774870	2683770	2154470	1200820	2300290	1966390	1879320	1105190	279756	238161	271532	465979	326687	308704	267863	248839	209349	165039	1622490	1913630	122598	273786
P0ADC1	6763650	5469360	5636190	5477770	5377600	6318670	5446160	6124470	6110420	6943150	4491200	4393640	4211170	4748220	4418850	4626450	4672310	4354410	4240400	4587330	5790050	5959750	4548450	4685920
P07023	9972170	12407100	10288700	11964600	12561000	10124300	12248400	12409400	11873800	9049020	6852330	6815170	6624640	7149860	6860970	6075650	6349320	6501020	6164640	7031200	12207500	11896700	7784990	6170730
P09152	2908690	2381510	2772860	2766070	2848710	3094020	2529640	2392470	2344830	3359390	5345100	4364810	5296410	5418640	5779200	6204270	6674560	6829850	7632610	8693960	2700040	2546920	8433160	6692320
P0A7J7	164112000	186650000	215406000	171146000	167323000	177105000	180862000	171161000	149638000	176372000	213872000	231549000	227741000	220035000	226930000	222208000	218183000	256070000	222777000	208198000	174984000	157829000	219898000	225716000
P50465	228196	221085	224443	277225	199042	242019	209763	239001	264805	115303	411525	391038	472466	453708	411720	462387	418555	355817	393548	449067	252409	287031	400561	349435
P76128	6079500	7380380	5894810	6786500	6108160	5841820	6888440	7799710	7608450	5948360	1146540	1221540	825245	1199880	1138930	1208640	1267520	1050540	983113	792619	6012670	6067050	973719	1239360
P15254	18795500	23746800	18765600	23076500	21601200	19384700	22513100	21475800	21356800	19871900	21910200	20319300	17846300	21663500	19642600	18268100	21593200	20826200	20384100	21546200	21088100	22405900	21589700	21698200
P0ACQ4	4301490	4650290	4406430	4556990	4296400	4557730	4227310	4155280	4106290	4150520	4310940	4210060	4145590	4436950	4182790	4126530	4511770	4378170	4076370	4173650	4108930	4136690	4187900	4064940
P0AF56	650636	752939	766146	699052	696307	522875	716213	547119	645941	566599	428044	484682	427638	417585	488720	488905	522111	448382	489201	421455	755691	581668	557112	423895
P32053	875473	952495	875506	964004	895372	926767	970916	816731	893682	800212	1076210	1042100	1052480	1160080	980395	1004990	1060980	1059800	1038690	1081050	949990	947357	1056240	1029710
P0A6Z3	31617700	31200400	29358800	29692300	30733700	30229800	30920800	29866000	30466000	30496600	27421100	27548700	25284700	26493300	27015000	26266800	30479500	29703500	28267800	28089200	31668600	30183600	28493200	28907000
P45395	6661900	7650150	6932550	7111150	7033000	7124920	7137120	6990060	7056050	6837520	6358980	5768480	6665020	6502230	6021260	6131990	6485020	6801410	6012450	6236810	6903880	6798000	6160870	5943050
P0AG03	821433	781408	708616	821265	783838	807839	750264	798830	745900	826027	680547	653236	669279	677253	700619	676402	728736	701195	657083	685402	765043	892295	645400	595853
P77433	15623400	7828770	13800100	8890900	7157080	16787400	7244200	7051270	7500480	16749600	637272	614551	771034	710412	753676	929600	856178	752200	1001820	910537	8881780	8603230	1170050	977171
P77783	3025590	1883060	2489400	1932170	1953280	3019450	1692260	1548890	1785360	3451360	4295770	4021000	4194150	4680070	5023790	5242110	5647250	5608940	6631230	7337150	2631630	2236260	7210570	5753990
P0ADG4	10703400	11133400	11411800	10786000	10632100	11650900	10548000	10952900	10481300	11247900	14884500	14132600	13860300	15296800	14929000	13588600	14766700	15050300	13497500	13881900	11423100	11358500	13901700	14783700
P21165	24267100	25957200	24557600	24660900	25519900	24570800	25232000	23001000	23363600	24299000	21381500	19926100	20478000	20788900	20118800	19399900	22338700	21694100	20229300	20877000	27155000	26142000	21409500	21479900
P0A867	32653200	44257800	35593600	43582400	47122200	32060300	43935100	52517500	47694200	32380700	45611100	40371300	45527100	44949800	43461300	44563800	49479000	47720600	41388600	40648300	42184800	41522300	36435800	41150600
P0A9F6	2338270	2315250	2180610	2254350	2304290	2302180	2264660	2260920	2321430	2165700	1705500	1704330	1793650	1716590	1786380	1830550	1954780	1831170	1872260	1864330	2534970	2224640	1751870	1668110
P35340	15020400	15951700	14639200	15614900	14139300	15413800	14676900	13596200	13743600	15371200	16095500	15302200	15114600	16563400	15737600	14930700	17381300	16476800	16979400	16996500	15802700	15710200	17639200	16810600
P15038	3105860	3130200	2893500	3102730	3111120	3056300	2995940	2909340	2880190	3064610	2870410	2812660	2743170	2914590	2861120	2736860	3095090	2972470	2845090	2833310	3242550	3116060	2811060	2700140
Q59385	6348930	5677780	7071680	4683880	4551670	6834500	5064140	4726720	4711390	4675260	3550190	3705400	3737750	3036980	4334940	6220350	3928510	3933840	5458390	3983560	6331410	5049370	4168700	4280320
P36683	150081000	177241000	164437000	169847000	150185000	154387000	158754000	121120000	134471000	144145000	57817500	57744700	51836000	59102800	53349400	48928600	50935400	53141700	50585900	50947400	162855000	161358000	57512800	54415300
P00961	30290300	31123100	28717400	29909400	28794500	30900000	29888700	28820800	29271800	30439400	29181600	28885100	27644200	29515800	27767100	26437600	29594600	29189200	27731400	28420800	30514400	30479000	29920000	28614700
P77541	753598	1241960	768930	1186850	1120270	759802	1342540	1925520	1532380	709820	96826.1	140425	NA	158053	165203	101834	94648.3	130119	138772	NA	890662	1071540	NA	127655
P0A6C1	2732680	3518840	2880800	3263170	3230340	2949190	3329470	3076060	2928970	2646310	4554240	4287660	4586460	4363270	3978120	4187770	4515600	4613490	4383470	4462010	3219180	3093050	4469950	4470980
P27306	21977500	25490400	23763400	24134200	22439600	23197600	23379800	20962800	21612000	21075100	5781060	5620690	5741630	6270160	5919450	5429920	5774160	5731910	5351520	5241630	25368000	23959000	5737550	5707210
P0AGI8	1678310	1948910	1662730	1902420	1895100	1677060	1790440	1895230	1843690	1602410	1538300	1518330	1451910	1588300	1532010	1406570	1638450	1661380	1480240	1448940	1906950	1844310	1473800	1433770
P0ACB7	9695330	9620010	9188230	9912470	9079450	10049600	9149440	9678880	10204200	9911920	7277220	7270190	7131630	7596580	6999920	7429030	7783210	7396310	7228520	7195920	9062770	9402560	7424480	7417520
P52123	1549530	1427310	NA	1562970	1393450	1609630	1483950	1537210	1503550	1710330	1456250	NA	1724600	1558330	1583100	1645620	2003000	1958940	1784320	1741190	1820870	1643290	1784630	1728450
P37344	1011050	921141	916938	1044580	955818	1021160	932873	900559	906961	1011950	937800	938635	1025270	916894	875843	892463	1009440	982426	923856	940380	959746	974583	923771	915685
P0A9U6	1647990	1359660	1599880	1398000	1322330	1636180	1326710	1312820	1294850	1647110	940764	968614	986939	981330	1072700	1033610	956797	950699	1046040	905414	1345390	1362630	942428	1017520
P28249	49294700	48873800	44830700	46081400	47080300	48080000	43777900	41851800	45215700	49001300	34274900	32171300	30636600	33068200	32492400	30310400	34669200	33187700	33025100	32639900	46907200	47919200	35430300	33838000
P76001	3123150	2970420	3728990	2884020	3057750	4414870	3577060	3601900	3993090	2960970	2110880	2504650	2289850	2059960	2514020	2478770	2569460	2450690	2398040	2315120	4761800	3356780	2265420	2288340
P07813	19925000	19548100	18951900	19446800	19026600	19480200	18504600	18150700	18143500	20845200	22371800	21087200	18468000	22973500	20961400	19573600	22022900	21658000	20808700	21631600	21089800	20055800	22453500	21560200
P0A870	100639000	91469300	93144400	88189400	90625300	100268000	90047200	86624800	88520600	98549100	61381600	62669800	64774600	64789300	63130400	65460100	66975400	63081600	61584200	61652400	103540000	96634400	65499300	61444600
P30864	1943430	1911460	1787330	2041170	1899120	1961990	1869940	1853370	1971930	1931670	1659650	1621990	1805900	1777390	1832450	1799040	1913880	1773310	1796340	1833430	1949020	2100470	1682710	1678450
P07658	46625	31473.8	35992.2	27611	23385.1	42556.7	16570.4	27937.1	38476	43525.4	26062.3	31271.8	27333.8	25712.3	16856.2	33979.3	31459	33383.9	51899.4	57874.2	41390.5	46138	61767.7	49550.3
P0ACE0	4542910	2765680	3819530	2881670	3218130	4594470	2546070	2686630	2682480	5078070	2748870	2827940	2509880	2960260	2898810	3026770	3409090	3334150	3884670	4421600	4018770	3132960	4232030	3363730
P0ABS5	1625110	1559750	1458560	1594200	1524040	1528930	1531410	1476050	1565520	1500590	1266060	1260080	1154440	1304840	1296940	1187850	1309990	1282670	1322190	1322470	1554500	1538280	1315830	1305850
P0A8R9	1721920	1722710	1680640	1759620	1696690	1825070	1603130	1607790	1510000	1687850	1981530	1857200	2098390	1919530	2018190	1961440	1957300	1973010	1790480	1913090	1804120	1761410	1776590	1833900
P21513	16510700	17108300	16317000	16283400	16036000	16001300	15994300	14871700	15806800	16236300	16617000	16466900	15112300	16622900	15584200	14866200	16364700	16072600	15496500	15959300	16446700	16272200	16686400	16535000
P77171	3492980	4627330	4005320	4627000	3641790	3856640	4133550	3382590	3601610	3225960	1656030	1673100	1701480	1688010	1744230	1525670	1486290	1517080	1627680	1418530	3750920	4149060	1617510	1647360
P30139	6504530	12995900	8162230	11834800	12074600	6643420	12623900	10755900	10682200	5721090	9009930	8877240	10012300	9622420	8387150	9129520	9137350	9284910	8287340	8197430	10908900	11495800	7994250	8334640
P39325	17392900	21055400	19525900	19727100	20854300	17330600	22395900	24918000	24758300	17117200	3063380	3242570	1081690	2788920	3715970	3110620	3230540	3592890	1524690	1201140	17819600	19840800	1142200	3112880
P75797	5169240	5043600	5056670	5141110	5017750	5103710	4929530	4818520	4821590	5295950	4193660	4185450	3985030	4285860	4048170	3997770	4100210	4050320	4042270	4109710	4696400	4889050	4033240	4158450
P07650	15834600	17376600	15997700	16985900	17027400	15674900	16553000	17409400	17210100	15258200	15102200	15050900	16193200	15414700	15250300	14930400	16385400	15758000	15706400	15315200	17073800	16982200	16178700	15657800
P76116	34952700	60412000	39322600	64519400	57684100	35913300	63896000	64405600	58430100	34592500	57242700	60873300	82218300	55879900	56315900	64554500	70394400	58439700	70341500	52517200	53512700	57188600	42261300	59102700
P50466	1262260	1467340	706805	1407090	1176220	814033	1349580	921525	1055120	NA	NA	1979950	NA	NA	1694440	1850660	NA	NA	1690640	2627190	804014	991363	1408500	1379160
P00934	113862000	120609000	111178000	117118000	121361000	125051000	125607000	124909000	118034000	124485000	86067700	84068200	87822500	84387300	84681800	77751300	89106500	87999500	86379500	80945300	107993000	109418000	85771000	89705000
P24203	19295400	19628600	18482200	20323800	17965900	22469300	18740200	16989100	16749700	19772500	5802090	5571910	6325520	5383680	5739860	5931210	6065830	5760300	5859150	6090940	21593400	21068500	5984440	5677390
P0ABC7	19113800	19415400	18350000	20633600	19210400	18703400	19221500	20566100	20909700	18268300	20155800	19033800	18840300	19836400	18616600	18116500	19204400	17764100	17537000	18051600	18191800	18999000	18401600	18375800
P77649	1175440	1425700	1126710	1227530	1272810	1170680	1369810	1276690	1319440	1026510	1010580	950853	832397	941915	979474	869041	997794	1017670	844274	814412	1124160	1090020	904791	892829
P0ABA4	23929900	29213100	31262100	27909400	25527900	26042300	27554200	25494800	23009400	25246900	19467700	19010300	22783100	19033500	20613400	20109500	19659300	21105000	20863400	19360200	24468600	25361900	17879400	19171600
P64588	10872200	8731360	13142900	10028400	9967370	12767700	9398860	11878300	10334900	13285400	14500200	12855300	12806800	11926600	16248400	20775700	18688700	18409000	22032600	20255200	9586710	9794030	18344000	16504300
P0AEP9	16239000	19927600	16437400	16983800	15478800	15850100	22140100	17260400	18464100	14041200	11208200	12573700	10900300	8813430	11358100	12448900	11464100	10787300	10589900	12147500	18606200	17402500	11463500	9035170
P77748	14287300	14650300	13672100	14215200	14228700	14249900	13659300	11917400	12363800	14665000	17483100	15857800	14165700	17293900	16147500	15151500	16579000	16882100	15635700	17213700	14963600	15052100	18309300	16637300
P0ABJ1	44634100	52504500	49617500	50683900	46397100	47210100	48905300	39324300	39780500	44210100	27798100	26257200	33036000	28977100	24528100	26489600	25606900	27571100	23688100	23507900	45192800	41882200	24008100	22849000
P23893	32887100	35171300	32144200	32726200	34648300	31746400	31858700	31664900	33133500	30784200	34003900	33062800	30836200	34996900	34227700	30670200	33051000	35353200	32162800	32597300	32667600	32729000	34050300	33336400
P05707	45622	91763.6	29163.6	72764.6	52389.2	51338.2	64302.8	NA	71957.2	48774.8	236410	172531	220369	204413	274244	393782	342719	314138	418149	473740	89538.9	66535.8	335217	290538
P65870	4152800	4245810	4413850	4397440	3963480	4517400	3958280	3880690	3420920	4293370	5609760	5349040	5322260	5901740	5479890	5193440	5058120	5546950	4991890	5114100	4007020	3852010	5040300	5308820
P30958	5170870	5260410	4588000	4994460	5187930	4941160	5172960	5037050	5064630	5247450	4883090	4744000	4165260	5041370	4571170	4395100	4925210	4782900	4636560	4877460	5224600	5338820	4977490	4782460
P0A9J0	15342700	18879100	16112900	18516700	18099800	15758300	18382300	16346800	16034900	14603300	24076700	24822800	24144100	23440700	23518800	22866100	25695600	25560100	23424900	24241300	18522800	17037400	23290300	23348900
P0AD59	20744400	28359200	26487200	23910200	26122900	20723500	25853200	23811400	25226000	19931000	12979700	14101300	15509000	12257300	14267800	14696400	15277800	14902600	14114100	13701000	23572400	24047400	13859100	14429200
P39451	557801	1261180	777565	1089330	839812	562271	1055940	1095110	946307	380053	432762	383520	381903	527272	411819	306490	341886	400289	274297	321090	742739	828580	257230	350861
P05041	1632790	1629630	1499720	1490780	1550150	1506210	1558800	1533620	1564020	1501870	1964500	1889050	1779090	1771110	1894350	1777050	2035780	1974970	1829340	1951500	1604040	1652830	1965030	1910240
P00888	20178400	29416800	23021900	30527700	26343600	20858200	27595500	26551700	23998100	17605200	15937400	15641500	13685400	17145500	15191500	11525300	13274700	13304000	13576400	14747200	25592900	29683000	17817600	15426000
P0ABE2	7806610	8444030	9345450	9096980	8597500	8413090	7839590	8575830	8700370	8231950	10238100	10397800	11563700	9845900	12465900	11918500	11561000	11453400	11445200	10981800	8664480	8674300	10496600	9804450
P0AC02	33628900	35008200	33003600	33832900	33743400	30015700	32685800	34069900	36632800	33486400	28759600	29252100	27358300	30233900	28251700	26712200	27901400	26734800	27454800	28334700	37282400	34545000	29294500	28984300
P24182	19446700	22436300	19899900	22432700	20973300	20082800	20785400	20627500	20287600	18775500	24699600	24262000	22264100	25729700	24381600	22418400	25112200	26038900	24160600	24005500	22497300	22016100	24254500	23482600
P33650	3100630	5277350	2741030	5228640	11113100	2581610	6871150	6933640	6968140	2453820	9342070	10440100	9822630	8527720	8000250	6422090	8359550	7260790	7112020	8718630	7818230	5784960	6953700	8228070
P0A7L0	138756000	141095000	140349000	138835000	132338000	145872000	136848000	134610000	120396000	130502000	179132000	177870000	178253000	180952000	177208000	170618000	172323000	176338000	174673000	168455000	130417000	136958000	187459000	177221000
P36548	1876850	2162960	1989680	2022450	2026020	1859790	2154760	1763060	1688580	1930540	2353650	2487840	2447420	2362950	2194020	2349550	2373680	2478700	2288130	2347910	2113350	1971910	2539780	2306190
P63284	44286200	41193000	41409700	42275900	43692700	43237200	39748500	43906800	43144300	41933500	35590300	35353900	34521000	34100500	36676200	35092800	39980500	38857100	39177000	39918700	43324000	42426900	39521500	38349100
Q46893	2601430	2573960	2661070	2462080	2278880	2817350	2594510	2446900	2408500	2707320	2114280	2032920	2451430	2149810	2128740	2223800	2210020	2127030	2215010	2099270	2384090	2340250	2199430	2121290
P11454	3362620	6025700	3326800	6204550	6623270	3007360	6427690	6928810	6151370	3373520	7251770	7859390	8727520	7219440	6813510	7483330	8855710	8094820	8960250	6872040	5911380	5765620	5722120	7490690
P13482	15375400	18556700	15700100	17855900	18040200	15084600	16846100	19850100	19391100	14972400	8513060	8508140	8185290	8364870	9008530	8666080	8709070	9043620	8220720	7731260	15715800	16345800	7866570	8386340
P0AAX8	11964400	12612000	12421800	11917200	11549500	12370500	11919900	11609900	10824300	12115400	10704200	10367900	10540300	9887790	10450100	10346300	11047000	10837900	10547500	10469800	12730500	12406300	11422100	11878300
P31677	7244770	9312600	7230280	9078210	9757710	6754300	9245200	10420400	10166100	6681960	8475820	8339890	8057500	8656130	8365770	8122550	9222820	9202300	8255070	8150400	8709820	8294670	7723420	8342080
P26616	10703400	11262100	10973200	11171300	10245900	11019900	10328000	9265430	9454820	10465800	6686380	6638780	6555780	6670850	6703350	6220120	6636480	6812600	6277540	6269740	11254800	10675400	6405440	6248220
P24193	2340390	1852360	2097340	1861640	1952120	2296870	1748070	1668720	1715640	2375070	1864460	1835810	2244790	2063210	2056830	2183610	2204300	2072300	2492950	2677260	2113790	2050150	2671380	2050460
P32129	360773	399540	362232	345296	389392	348720	380589	298514	315296	288480	352855	389553	387026	388582	328466	302569	377643	414097	366539	366924	350251	315151	337786	359261
P46889	1167380	1243200	1095380	1228750	1230610	1072030	1268060	1189680	1224930	1134380	1623910	1609090	1400470	1562480	1478170	1428930	1574920	1568150	1520510	1611990	1211400	1191470	1659070	1524080
P00634	812007	1079040	938709	1065530	986021	821521	1102000	1057480	1051640	832233	687013	688634	720928	690535	696028	705663	735807	685698	712828	661450	868176	913842	674142	686689
P0AGB0	4327170	4923530	4290420	4870670	4651550	4560750	4656620	4777090	4536980	4445300	7254430	6934200	7120030	7256180	6793390	6866120	7334800	7478310	6660700	6722630	4580830	4645700	5872260	6534080
P0AC41	110453000	114729000	116261000	113015000	92790400	122099000	100054000	81092300	83555700	112128000	21319200	21911000	19706200	22417900	20942000	19028400	19208800	20133700	16679400	14961100	106848000	111112000	17539700	19896500
P0AD96	139500000	212557000	196768000	208934000	180305000	162050000	200085000	188179000	190067000	138015000	187473000	189974000	211857000	181053000	188570000	190134000	189212000	173106000	182138000	160337000	181352000	197895000	159231000	178626000
P77475	1109910	1383060	1248740	1341380	1216370	1280930	1302940	1206770	1116730	1216470	1254340	1313630	1248690	1363080	1278360	1201020	1175850	1352730	1195510	1282650	1176790	1289440	1289610	1265620
P21151	6796230	8851030	7436510	8089270	6344820	8062450	7718580	7556150	7265780	6578080	924155	862899	544625	971155	1072160	793502	954461	980405	497638	447411	6073250	6837680	458378	1024490
P39321	2308790	2306980	2052380	2255950	2352390	2257210	2272750	2265770	2259940	2406030	2268500	2159690	1991990	2254600	2053150	2040180	2189770	2106980	2076070	2104030	2290060	2242170	2258770	2206630
P0AD27	2442970	2652050	2441730	2646530	2632310	2463070	2477460	2489870	2462170	2578280	1988450	1952420	1707180	1946120	1827900	1626280	2028160	1952060	1741700	1856690	2682710	2480570	2065860	2046210
P0AAA1	9513580	7421480	8575840	7952860	8459950	9668420	7652960	8390020	8271980	9135630	13565500	12845800	15653600	15133500	13861800	14694000	14243300	13940100	13503200	14779900	8018230	7278820	14238400	13135600
P0A7D7	90183400	114240000	98534500	103699000	104100000	97509900	108145000	93645100	87834200	91946200	81585400	79543600	88222700	87425400	80817800	84515500	82198700	91744300	85880000	83183200	103968000	102863000	88322000	84435100
P36680	3629800	3836510	3655250	3626920	4061400	3716830	3827470	3457340	3407160	3441470	4057520	4014700	4245130	3586570	3875360	3901160	4156780	4439490	3773010	3856190	3974700	3703040	4004930	3362190
P0A8V0	2189450	2167460	1943570	2257380	2082230	2386890	2227040	2147920	2012780	2232480	2181670	2176840	2116040	2132390	2160380	2140910	2302850	2163660	2046400	2313290	1984700	2087660	2181200	2253170
P39399	133253	109771	119058	94918.2	119526	169802	112209	102926	95760.4	158673	NA	NA	NA	NA	NA	NA	21407.8	23567	17715.3	43870.8	120246	153020	95963.1	43443.9
P0AFA7	912287	1009000	930437	1071740	1074110	903352	951378	1112210	1025710	868987	821024	720639	570989	791753	739071	740184	747553	708853	496787	815757	799979	636646	838257	741410
P0A6P9	118720000	145542000	129577000	141144000	138751000	126234000	144858000	151513000	136565000	119677000	244264000	246813000	237675000	233647000	262370000	261128000	260834000	254135000	277269000	271112000	130571000	144083000	273023000	270478000
P75682	1495670	1482510	1335340	1465220	1432070	1460320	1580780	1476340	1485140	1503520	509032	526600	528130	529309	664207	602217	526184	498133	539906	459478	1380430	1378220	519990	496255
P0ABN1	559069	605404	642143	618789	657368	536397	552248	565695	595317	427839	377875	469806	392170	456496	496280	506802	438121	538118	401637	505788	703542	460880	533926	511046
P0A9T0	172717000	146040000	151263000	156190000	151297000	173876000	148689000	142342000	147208000	158852000	288957000	268268000	289210000	292847000	289039000	266267000	305219000	292179000	302718000	297941000	162778000	166010000	288497000	290467000
P13001	1346880	1510280	1346740	1413100	1322620	1361780	1357260	1109250	1131300	1320450	1348710	1372260	1477970	1421860	1350010	1307020	1394090	1531330	1352130	1351150	1413280	1361970	1382270	1368690
P0AFL6	1448800	1703650	1494650	1597640	1663190	1412960	1565970	1406050	1357940	1347880	1716330	1725150	1615280	1725800	1729570	1564080	1791050	1829400	1711200	1705890	1647520	1523830	1697210	1534560
P33218	2040410	2040990	2171330	2198210	1979610	2120400	2170780	2208750	1958580	2179960	1632400	1532790	1604050	1499580	1569110	1654470	1512500	1473910	1596850	1515490	2070360	2211360	1597420	1740280
P00960	14597400	15795800	15854600	14923900	15317800	15283700	14733700	13487900	13150700	15270900	15232100	14975000	15926600	15759900	15049100	15214500	15478300	15787800	14259500	14966700	16258700	14511900	15176000	14368200
P00363	18603400	13940800	16688800	14524700	13061400	19680000	12477700	12045200	12802400	20023000	12302300	12322500	12903900	14113700	13318000	12695600	13708300	12805300	14855200	15780900	15483400	15109400	16617900	14347700
P0A7J0	13363200	12479600	15190000	12525800	11560500	15173900	11842300	11646200	11448300	12896700	10069700	9882560	11734600	9683600	10182700	10911600	11345000	10468500	11430600	11889200	11739400	11331800	11129100	10560800
P0ACD4	33488800	31395600	45946000	33232900	29922800	36258700	31492900	33633700	35625500	35677600	31711300	29785100	22591700	30907500	35988900	30622300	32093400	30027400	31901500	29326400	27257700	29722200	31485700	31566500
P39298	1062900	1094990	968019	1132590	1121940	1086270	1036700	1075030	1071490	1063410	1063770	1120300	1148110	1103680	1106400	1156530	1208890	1120860	1109060	1003500	1105310	1161810	1064430	1056760
P38683	460351	285401	358139	312486	321628	466495	233785	204203	323541	466609	300082	341490	353203	334971	358764	342050	369350	348133	334961	402546	293423	320131	362691	356521
P00914	719816	786311	688776	829520	843355	696663	869952	968641	949433	741773	751761	835220	707784	813219	761851	634951	767346	832033	749599	711341	816040	768463	704869	793757
P27837	1070660	1169690	1041540	1221140	1106250	996536	976303	1223000	1119330	1041860	865076	839884	628859	1015970	818998	697671	853748	897677	711439	864373	974056	810183	810755	890365
P0A6L0	14574500	15635300	15258300	15574300	15546500	15026800	14878600	15358000	14752000	14746900	15921000	15927100	19355600	16303000	17624500	18171500	17036000	17360900	17866000	17381100	15885200	15251700	16547400	16429200
P25526	16270300	21262100	15720800	19963300	17714700	15735000	20037800	21705800	21095900	15053400	7343810	7098940	6430050	7584590	7322300	6672450	7971440	7531210	6207290	5700460	17768600	19375900	5750570	7669180
P0A877	23907400	28242100	24977100	27354000	28120200	24308500	28273600	28808600	26862400	22600800	28019300	27733200	32230100	30554000	29604900	27429800	26895000	28078300	28380800	26739400	26325100	27980400	28970600	26557500
Q46939	8609100	13717600	10349800	12992700	10675800	9113560	12254400	11662800	11228200	8429430	1665550	1281000	1287010	1322240	1402230	1282340	1336760	1290540	956104	796143	11077900	11770300	831245	1408570
P21517	732051	902760	733020	881132	768496	729707	863158	775127	791860	760190	857621	806523	776173	899512	838152	747671	867700	862557	785367	793582	746356	770760	800912	865679
P0ADS6	30583300	30087800	33796800	30246200	34365600	29035500	32061400	36795400	33594400	29461000	27760100	28598000	30457900	27070400	30233000	31654400	28490800	31087600	28682000	27829700	31650100	30733100	27045400	28475800
P05194	5104070	4806580	5077720	4640320	4551380	5152220	4740640	4690130	4316800	5285560	4437980	4561990	4724050	4415000	4226690	4274510	4446980	4708020	4203890	4411530	4773170	4593370	4401360	4296000
P41407	6137150	5485320	5680490	5742580	5595580	6349870	5350090	5186320	5149000	6152950	5354440	5306550	6370670	5021610	5354880	5623160	5492090	5612950	5420820	5442290	6285220	6285270	5566210	5257490
P02413	112905000	110241000	109521000	109104000	108810000	116384000	108385000	108960000	97890300	116318000	158332000	148654000	158003000	159745000	145463000	149541000	156422000	148062000	144454000	150770000	121419000	117879000	148502000	156085000
P37626	8714340	8070290	7942390	8443290	8093090	9029370	7997840	6892820	7910220	8517620	4898640	4866870	6463190	5222460	4973400	5426200	5303350	4864020	5195460	5069920	8690540	9068420	4942760	4871620
P0A8X0	8258290	8812100	9612570	9043300	9500020	7917910	9557400	9853870	8732250	7660520	9286590	9577310	10271700	8820110	10572700	10748600	9834210	10336800	10632700	9201740	9411260	9138600	9497050	9843600
P45527	308301	186057	200567	151897	299483	284009	212063	235008	225987	310729	463579	434078	550084	487297	500856	613661	590252	529278	646356	698270	298842	261468	631088	582639
P00448	58328100	77003900	73923200	69801600	71371100	50322200	79328000	93106200	89244400	53396100	42430300	40461200	48657200	33108200	36909700	33876300	39795600	41854000	39318500	30842400	69746200	70628300	39757400	42576100
P08200	315619000	370573000	350143000	373933000	313684000	349241000	337045000	279524000	293619000	309083000	222635000	212334000	244157000	231138000	220623000	215519000	219716000	224585000	216900000	200079000	361674000	352224000	208597000	199407000
P75825	75667.5	53881.9	79408	57939.5	45266.1	92721.2	51145.3	70487.8	68229.3	95714.5	66414.2	82319.8	59294.1	80325.3	93737.3	81407.6	96758.6	82902.3	90867.1	123377	79859.1	63637.7	115491	85659
P37757	1413110	1502630	1340600	1247400	1397330	1501600	1304410	1254990	1218630	1361100	1285290	1264420	1241820	1291990	1260890	1174150	1282800	1410470	1122840	1176690	1362500	1316720	1260400	1217370
P09831	18530600	20186300	17065100	19985700	19734700	17719000	19109600	17646600	18032100	18699700	50112700	45974300	41650200	50060500	43931200	42379000	48354500	46721600	45089700	48031400	22160400	21357300	49010600	47054300
P00490	5588670	7301850	5928750	6755720	6809180	5388200	6941920	6686330	6681770	5519610	10153800	9338320	8410260	10085000	10028600	10088700	11066700	11147700	10762100	10611800	6836460	6658670	10598000	10601500
P28304	9082880	9747990	8649330	10050200	10351400	8748850	9433410	11004100	11240900	8662390	7328300	7009020	7486360	6878620	7932740	8184070	8130820	7632920	7753950	7788150	10140800	10052900	7535010	7114830
P0A988	5971760	5284040	5400600	5407210	5046570	5997730	4943810	5064910	5187180	5676180	4658550	4435960	4927210	5177860	4723480	4720730	5336960	4975210	4934180	4988040	5800430	5448970	4718740	4716910
P00582	9499260	10982800	9429580	10294200	10131100	9419200	10003300	9650650	9818070	9405750	9011650	8564330	7905610	9104320	8346360	7796290	8856150	8666070	8239620	8239390	9955160	9921550	9112820	8983730
P0AER3	533826	639067	647300	657370	724974	499377	530899	629697	566406	403201	336204	337152	264275	293950	286919	250795	275659	186903	253172	378398	415840	285228	352476	313559
P11446	14854200	12963000	13850800	13934200	13105400	15194300	12345000	11322000	11851100	13901300	15381400	15976100	16519900	15725600	16369900	16057300	16607400	16505500	17008800	16841300	15233300	13959000	17050400	15259700
P08312	18418200	16460100	16946000	16753200	16194900	19069700	16045100	17125100	15921400	19333900	19472600	18571400	19316300	19183900	18696000	18186200	19896300	19498200	19122200	19456200	16862400	16293700	18731400	19197700
P0AFT2	4116880	4157510	3620940	4098400	4256820	4098310	3447900	5028880	4753860	4110210	3835570	3390920	2812830	3230580	3326690	3207710	3662060	3278970	3102090	3969160	3459500	3366270	3472130	3709960
P09546	5168350	4095130	4265260	4283300	3747920	4922210	3795060	3799060	3676280	5244550	2817600	2872500	3588830	2965360	2614940	2388620	2539040	2616860	2908850	3138200	4405630	4074980	3319100	2453580
P0ADN0	354109	345272	344412	334613	429722	325164	342138	354654	361512	396854	430089	402355	438695	405300	404727	448122	453461	435365	494168	491240	376417	359643	449089	414264
P37440	9135020	7948620	8924620	7878100	7239140	9494250	6976260	6682510	6438600	9072710	1580490	1558380	1613540	1681940	1710760	1758860	1569280	1658720	1672930	1678870	8119250	8104940	1939470	1917520
P76536	8845430	8878310	8105870	9133380	8597770	9165710	8433040	8208390	8272340	8790740	12010500	11581800	12704300	11949900	11710200	12808200	12885900	12347500	12868500	13401600	9628860	9155990	12799000	12075700
P31992	6653240	10589400	9269820	9607070	8654940	6784460	10375500	10144300	9762680	6611050	7715030	7974090	10001800	7575600	8733520	8828540	8904580	8086600	8688040	8244760	8323260	10083000	8085390	8459430
P0A9K3	22279300	23694300	23981000	22988200	23528000	22591200	22698900	22839000	22149800	22534600	23077600	24793800	23562100	22390600	24660300	22569800	24687100	24765400	23290700	23101000	24285800	24505700	25121300	23814000
P76177	29176100	29744300	34571800	28043700	28367100	29893100	28954400	28767000	30243000	30829000	24011100	24510000	25949000	23987900	26062800	25854500	26395100	25499100	26181900	24867300	30587200	28817900	24646300	25638800
P37749	8769180	9266250	9283700	9689920	9284290	9380130	9123320	8394410	8200620	8676470	11023500	10430400	11384300	10592900	10354800	10186800	10940300	10751200	9945840	10471400	9761540	9539450	10065400	9456260
P15770	21927900	22194000	21526200	19976300	20517100	21357600	21579000	19075100	19682300	21551000	24885900	26030500	24968900	24595900	24697000	23005100	24685700	25795700	23002800	22550800	23354000	19588800	25384400	25415200
P0ADE8	23709400	24013200	23858800	23519800	21955300	24331100	21895900	21565600	20734500	24066000	19232100	19069700	20087100	20033800	20265900	19951800	21231400	20801000	19592800	19616200	23443200	23985400	19605800	19617900
P25665	292683000	358222000	320868000	366907000	312557000	327243000	343891000	311738000	322385000	313042000	527210000	494044000	497946000	465167000	474179000	446230000	520501000	508149000	498632000	480572000	352254000	339455000	495972000	465700000
P75838	3974340	4587080	4190110	4845000	4676920	3870960	4711660	4563320	4587510	3949400	8489890	8240580	6506080	8232960	8306360	7104430	7798840	7900690	7395480	7688000	4497950	4607860	7733690	8018280
P0ABK9	2065940	907651	1493950	1152520	1360480	2141090	977889	1062010	1246890	2543410	717642	694640	755482	705617	780931	809797	822882	861256	1030810	1107840	1258050	1349400	1173760	805180
P04968	16798000	10495200	14115400	10115200	11108000	16969100	10516600	10039000	10469000	17822300	5475850	5475680	5061970	5782320	5857760	5171530	5919140	5894720	5991980	6497100	13495700	11874000	6840300	5997260
P46837	6125140	7695890	6149880	7325160	8009270	5782060	7886110	7265640	7537450	5608020	11011200	10617500	9882240	11175400	10376300	9827480	10914000	10992100	10302300	10199800	7371840	7573000	10162600	10268900
P0AFS3	1103310	1202110	1033320	1203700	1151410	1177180	1104950	1148680	1159970	1236340	928436	861382	958433	833516	927935	913160	747878	837384	833277	864725	1105670	1178690	806347	854328
P77376	1741630	2033850	1771650	2001530	1960740	1834720	1874890	1988960	1836730	1738830	1201250	1163030	1117290	1187670	1194930	1082730	1138390	1262050	1020460	1070840	1677840	1748740	1138180	1242240
P0AB83	852919	904679	842801	890116	926901	914250	991535	919974	910482	893901	959069	965939	964816	1058490	964043	992766	1010720	982658	1014700	981862	858994	970465	952078	985457
P0A9A6	25902700	31849900	27228400	31181000	28906600	26821000	29573200	28798500	26942800	24817000	34936400	33251400	35496400	33806300	33840500	33291400	34157200	35058000	33381400	32795700	27075500	28882500	33020800	32184400
P0A7V8	163498000	172239000	163178000	162570000	154423000	168167000	155251000	151810000	153953000	158901000	217436000	214633000	225652000	226063000	212281000	207886000	220080000	213626000	214630000	207320000	171774000	159312000	207126000	212094000
P06709	961696	920807	951452	961387	922133	940891	942957	825897	847724	936853	875094	851515	901226	887126	885025	807136	904453	931087	788436	892169	986226	965297	932323	821794
P0AEC3	22077300	24183600	21557100	25174900	24836900	21212400	23376800	24494700	23764000	21704300	18441800	18531500	17274400	17288900	18599300	17189200	19653000	18274000	18541300	18872800	22407700	23740000	19623400	19109400
P04825	25963900	31721000	27429900	29401600	28797100	25555900	29268900	27244500	26528600	25286700	24211500	24431500	20979200	23750000	23217500	20593900	24072200	25035600	22190900	23264300	29865900	27351900	24763800	22703800
P25437	9484330	9729550	9697270	9987900	9755620	9235570	9738750	9461470	9348360	8798910	8290510	7575290	8025590	8304860	7924140	8257730	8834210	8407310	8137900	8429830	9731450	9044410	7683960	7529950
P0ACF0	464406000	563811000	714043000	462814000	581626000	492922000	574704000	525040000	502046000	463030000	391523000	476903000	432825000	376045000	451163000	447991000	411324000	485960000	443729000	400771000	573065000	532599000	475894000	445654000
P76407	847742	1048960	846084	1044680	1014000	793233	980045	1206770	1045620	801039	647188	630696	631334	681119	640951	574407	636629	594209	570451	559784	858909	959822	523305	546286
Q46927	2357320	2086670	1987620	2145860	2051310	2325320	2013690	2081870	2192140	2157630	2240650	2196780	2322390	2488340	2344330	2501080	2621040	2362260	2309460	2300920	2107560	2163260	2210800	2471850
P0A910	873987000	830923000	833731000	730353000	780584000	886356000	788403000	764432000	794215000	896380000	581016000	559377000	596626000	617593000	485520000	541815000	525659000	581707000	516323000	557885000	830030000	723612000	567513000	545003000
P77307	2500030	2693700	2647540	2650620	2666250	2357520	2481710	2659440	2876270	2319470	2234780	1988590	2163050	2144290	2173820	2286050	2224230	2090570	1999100	2244730	2518310	2497900	2278180	2365650
P75876	3175020	3091760	3052500	2837960	2808160	3174070	2753190	2801300	2843800	3279190	3473790	3409170	3391010	3551000	3505700	3303340	3601580	3587000	3379090	3532640	3084270	2963220	3396350	3390090
P37197	1422250	835576	1239490	992992	977159	1566510	832953	889590	956111	1720960	782521	711971	732947	823049	894868	971608	953540	858062	1106000	1181090	1213690	1103820	1165380	873074
P76559	370694	412601	390810	350493	402885	327461	438784	506879	479725	371388	193935	164830	169972	181757	186200	222457	205011	201705	174371	181129	342264	379835	154295	183190
P0AG20	11686100	10991200	10836200	10226000	10631600	11665700	10019500	9774170	9671530	11676900	8561360	8335200	7891330	8369540	8150750	8081740	9058110	8880300	8281600	8972590	11493300	10527000	8563950	8654260
P0A6R3	4978910	5411370	6962200	4333750	4798130	6079680	5582190	4785030	4598430	4964150	9779830	10220200	9946990	10465300	9393480	9141200	10889600	11305700	10282800	10222300	5120820	4022030	9737380	10009400
P10443	3474700	3519700	3095660	3382400	3420310	3291330	3365040	3346990	3250440	3471480	3503580	3356230	2909070	3619760	3323970	3047760	3378550	3553890	3271720	3437860	3536120	3358590	3402000	3429930
P0ABU0	9950270	10521500	10496500	10973600	10275200	10574700	10335500	11187400	10896200	10583300	12238900	12144400	13867700	13481500	11804100	12432800	13654900	11798100	12387600	12392500	10557700	10593600	12463400	12373500
P39358	484683	549186	492162	512151	530286	502865	550018	452516	504700	463212	199443	193107	176499	216658	223941	220654	203605	231946	206192	229860	541516	489313	207538	181239
P06983	4786620	4500760	4637260	4389120	4280720	4934270	4524640	4483250	4073370	4514620	3550390	3549160	3633860	3513820	3708500	3619650	3669420	3879760	3543790	3533560	4297780	4380380	3749200	3670190
P76213	384062	339346	347297	348890	355487	406598	318396	274780	280668	382185	395828	408911	324168	423338	375796	353057	416237	425266	369284	403199	320073	298701	418366	359662
P33599	16521500	18465500	17868600	16569200	16435200	16586500	16406300	14172000	15080400	16005300	10348400	11070700	9768470	10531600	9947050	9111510	9870780	10700400	9288950	9724390	17069500	15826700	11150600	9853300
P16703	5782900	5279080	6091200	5351760	5217810	6048580	5072230	4674990	4857110	5585250	6400040	6045990	6038140	6073800	6087160	5929110	6059660	6340160	6004770	6279120	5289460	5156780	6474800	5938330
P76176	2036920	1865080	1891180	1998970	2302830	2174360	2139900	2291910	2260390	1960650	1994910	2142570	2131010	2045100	1981230	2270100	1997300	1788560	1891700	2024710	2031050	2303150	1960140	2121010
P67699	428988	461930	411527	390811	401917	442521	471851	421887	331292	426621	407342	433573	421578	410150	444830	396781	377423	464637	441174	417469	323719	396305	348203	400445
P0AFH8	87526000	105848000	106991000	105612000	111094000	85940100	113573000	136146000	141185000	89683100	72761700	79258900	78387000	71622000	77941600	81918800	84193500	71431100	67952300	56972800	93908700	105594000	56491900	68539700
P33136	18934600	19755800	18585300	18422500	18844100	19103400	18865300	17954600	18063400	19282600	18473300	18527000	19546300	18859700	18401000	18186500	19350000	19809600	18381900	18712000	19656800	18617100	19804600	19035300
P0AAH0	5214110	6104030	4994770	5687420	5924380	4967840	5999440	5848010	5624040	5141730	5813070	5281970	5347780	5855270	5231610	5500330	5756490	5729300	5405790	5264290	5432420	5463340	5087370	5255340
P28632	275938	353508	292923	470726	436849	488047	317504	270242	321109	387887	365960	331936	566437	297945	336712	318928	519148	526808	400539	417806	473267	372588	446644	367470
P45578	40522500	47201900	47177700	43414400	46963300	40954500	45170900	46117500	42377500	37487000	55666800	58430400	66591900	58193400	59954300	57472500	57384400	69307900	60166400	55312800	43420100	43246300	57990200	58900000
P76558	30758400	36294100	30819600	36247200	31618100	31883800	33192000	28230200	29220800	31003600	10695400	10296700	10034600	10873600	10459900	9668750	10722500	10416900	9673450	9085630	35239300	36540100	9697830	10506100
P19624	1859630	1942860	1835900	2171510	2078780	2042370	1997540	2150240	1915890	1830070	1920460	1852180	1856270	1603470	1873490	1766930	1921880	1879550	1793990	1928320	1967240	2173290	1795520	1691090
P0A705	60527100	59409000	58163800	61217100	58695900	63524200	57413900	59517300	59523700	63015100	68488800	64888300	61990000	68415900	66033700	61723900	69802400	65636200	65168200	64790900	60500400	63656300	70922600	69597800
P66817	2996910	2885800	2735100	2941130	2879030	2969210	2840770	2783970	2562710	3063670	3002360	2976970	3045650	2670830	2750930	2821610	2881970	3014830	2888280	2966870	2769920	3027670	2881680	2949930
P68739	3100400	3383680	3051270	3286950	3420960	2945540	3457600	3273600	3074190	2952900	2759730	2667760	2768990	2725150	2599090	2681570	2705140	2919020	2439670	2452300	3183260	2958000	2373560	2607170
P09372	42211700	39452600	45965500	41925500	39344700	44450400	39402300	43480500	38915000	41887000	39314500	38640400	42919500	40050900	41851800	44099100	41178500	39256200	42945600	39441900	38459400	40370000	37012300	37671200
P06715	11391700	12363200	11434200	12187100	11920200	11687200	11120000	11650900	11485800	12035600	11243500	10794000	10970600	11425600	11011700	10634200	11934500	11289900	11160300	11442400	12431300	11580900	11417700	11178100
P0ADA1	7496020	6994860	8785920	6916020	6675930	7802880	6812070	5932740	6159380	7755640	6314050	6728200	7189170	6099970	6806950	6684730	6260810	6783520	6643780	6283370	7238610	6935030	6342280	6069840
P69811	1916110	2244410	2013680	2046630	2337610	1817730	2208060	2599170	2287190	1779320	6911760	6345610	6937570	6294580	6783750	8017720	7568020	8157700	7566310	6837060	1901420	1807710	7438910	7296900
Q47150	2787100	2750420	3436210	2679990	2729310	3021680	2921580	3164270	2683750	2871980	3090590	3580380	3608600	2967060	3639240	3467990	3325430	3428590	3640120	3252670	2591280	2418080	3061940	3283060
P00370	47711000	38350000	42022100	40582800	41510800	49585100	36656300	39365200	37066000	48628500	50516100	49602300	56872300	53415300	55148300	52992200	61924100	57197800	67197400	61543400	43188600	39478600	63724400	53911600
P04816	25270500	30267000	31036100	30804300	28338600	28905400	28567100	26137900	28602200	26027400	31937900	32341100	37680800	32543200	33466900	34265800	31634600	30339800	31358400	29305000	28593800	29250500	30681900	33017400
P68066	98552600	89240700	112597000	114080000	108834000	92912300	86876000	98932000	86899900	86053300	143373000	172464000	278113000	155932000	159495000	157372000	147633000	141220000	156189000	142713000	150858000	129049000	138924000	146984000
P31129	765513	708000	768929	793212	759334	899974	733134	722463	663877	811265	427697	511253	447071	458434	406665	495362	559048	499858	476615	510482	794547	869238	640261	446205
P0DP89	3990320	5198490	4047230	5023950	5028590	4238140	5120090	5095190	4554640	3480910	2828640	2462970	2786680	2717120	2830430	2822210	3119520	3132800	3666250	3592070	4112700	4446390	3812890	3434270
P76344	82688300	31911600	49211800	84833700	92321300	73663200	52603900	56426300	64802400	71336600	471943000	484982000	596639000	183665000	438275000	467571000	527293000	498185000	499999000	453888000	166816000	139387000	491145000	466452000
P76402	14067600	14920800	16409500	15143300	15235200	13509500	14835200	19451300	17864400	12767000	5959530	6310080	6559490	6273450	6729980	7025080	7581910	6945340	6716960	5991790	15056700	15247400	5882730	6608290
P17115	5044080	4558830	4647990	4888090	4608790	5243610	4306010	4805500	4306270	5165710	3551710	3465750	3906610	3492090	3549630	3662900	3613030	3580850	3768950	3826150	4804800	4775230	3567600	3539440
P0A8Q0	5069010	3475470	4882610	3703530	3770120	4930900	3033850	3107140	3261620	5095280	3156490	3087750	3480810	3162970	3055600	3365340	2934850	2883010	3396610	3724330	3538590	3238590	4126070	3021870
P09980	3764960	3461000	3308260	3461930	3277670	3620440	3369830	3209440	3007900	3568130	3564720	3440250	3208140	3680420	3618930	3462800	3748060	3706100	3485450	3787750	3688950	3298610	3565450	3462950
P68919	162846000	184502000	227083000	173708000	174532000	193737000	183917000	157997000	148653000	163684000	208932000	231574000	236063000	193931000	224496000	213524000	225403000	254206000	215188000	202430000	172345000	162246000	237567000	238176000
P38104	1956230	2334870	1640420	2185400	2445180	1791490	2634840	3340210	2791800	1915420	600178	446630	527943	631398	503528	627102	653309	503146	589362	440391	1825180	2003590	428882	539191
P0CB39	3416770	3582670	3433450	3551270	3520240	3192520	3390750	3164860	3423350	3402510	4179140	4060310	3720040	4149710	4000850	3677440	3949840	4050980	3773090	3869810	3448950	3343380	4147290	4232570
P0AC16	1435640	1703290	1665880	1456790	1434880	1593550	1580090	1372390	1219960	1599060	1703000	1648490	1859030	1703000	1737650	1681820	1895000	2147650	1610330	1740890	1651440	1479080	1754950	1692720
P64604	7970440	7341860	7333970	7477610	7213040	8796810	7669500	7882810	8140060	8402820	8328270	7833190	8932270	7849110	8261150	8550510	9073710	8338960	8150250	8040770	7950530	7608460	7897490	8526720
P0A8A4	6483150	6189840	5894590	6118380	6094090	6698540	5948400	5736890	6089350	6364670	2107880	1978040	2323030	2141070	2134290	2052910	2313570	2229120	2144200	2153770	6462420	6721610	2175550	2026080
P69797	20820300	21026000	20825600	21124300	19692100	23511000	19844400	21051200	19758900	23420300	43470800	38266300	45113200	46116900	47831500	49378300	50413900	43108100	52193900	51676400	21175500	22648400	54310900	47949000
P0AEE3	2101490	1967400	1847460	1859560	1974300	2013220	1917910	1892160	1980150	1909500	1692870	1618640	1705130	1738990	1701760	1727570	1758930	1787660	1724180	1700670	1867640	1986190	1675750	1601620
P0AAI3	21598400	20891700	19112800	20410900	20400800	20628600	19409800	20366400	20300000	21463500	20289900	19966700	18479300	20811500	19283900	19190500	20672000	20053700	19244800	19384500	19420200	19593800	20527100	20703500
P0AEE5	63146000	76142600	80541500	72762300	66331600	64412000	78169400	76494500	79340100	62015200	2659850	2918720	1996320	2374810	3121080	3015230	3330440	2777330	1599490	1507170	65956800	69470300	1769150	3211690
P21889	54228200	48638100	49165300	48113200	47717700	55381500	45190100	43128100	42421900	56397200	49159000	46232500	47499300	50889300	48373600	44150900	52274800	50085500	48816900	49914500	53985900	51806000	52601500	50084800
P0AD70	819855	808140	744059	922230	872843	781984	872580	931856	922098	841953	1130230	1073810	1006280	1054880	985522	994671	1072860	1042570	965667	1017500	868135	782624	1150610	1104850
P29208	1462940	1747610	1559620	1699740	1729230	1589670	1622580	1551680	1505330	1562670	2107710	2096210	2145320	1966630	2055700	1972790	2131810	2242490	2051060	2031730	1757530	1532070	2114300	2132240
P69902	1298560	3020460	1765530	3066280	2760460	1503540	2841050	2000000	2245010	1375340	1012890	1109290	901893	1188320	942628	890967	872556	966878	852651	767592	2342940	2543670	741077	856740
P0AB80	43024300	33365300	38205600	33537500	36177700	44727900	33070200	31029500	31911400	41350000	32327600	30184400	34675300	33501900	33555900	31302300	34234700	32947100	34084000	34501500	36459100	35631300	36507300	35159300
P0A6B4	1760130	1460950	1596500	1454630	1526410	1777140	1456860	1290100	1353130	1586290	1723890	1762750	1769470	1738090	1719780	1674770	1723190	1766220	1713740	1779780	1703010	1574810	1819310	1656680
P0ABB4	130218000	167882000	146481000	148168000	153703000	129343000	154345000	133538000	133973000	124262000	101558000	109009000	96560500	100120000	105740000	94927200	105676000	111562000	103483000	102220000	155469000	152998000	113914000	102290000
P0A881	9065710	9845370	11877400	10156300	9329940	9489120	9511590	9357770	9504810	9253450	6264080	6570600	7873480	6384850	7181190	7478530	6945660	7053360	7177810	6979480	9336640	9101630	6638750	6643840
P0AEW9	2071380	2403570	1974700	2313890	2799970	2378020	2490860	2823310	2623940	2170360	9142950	8119940	9262860	8756190	8562380	11194200	10560800	9970660	9782900	9428640	2353040	2281920	9356960	9156770
P39408	1578320	1766000	1635220	1714020	1966630	1522290	1817290	1989940	1789910	1607850	1569210	1767340	1929490	1649480	1763760	1659970	1813640	1995160	1801400	1813060	1935420	1722650	1699770	1736670
P76014	4267170	4396930	4277830	4198580	3846960	4690220	3956650	3445370	3186760	4276870	8603760	8040350	10471200	9601040	8200800	9405070	9146530	8897430	9249990	9260950	4100540	3972150	10416800	9166240
P76503	4445810	4974660	4336040	4722910	4103000	4479270	4454730	4595260	4514760	4175330	731448	715704	637647	797140	780832	715953	873528	800178	550818	535084	4226850	4368740	633128	873405
P07649	3615710	3568250	3252420	3249020	3048320	3749090	3300140	2907810	3080330	3343810	4162990	4136970	4577900	4300680	4049080	4310160	4491390	4127280	4042390	4399300	3356730	3212920	4094210	3726950
P00956	47176500	37880400	40044900	36289200	37252900	46898300	35761400	33005800	34912300	50759100	29094400	27581400	24378500	30768000	28262400	25611200	29400100	28882700	28094900	29372300	41920700	37923300	30629200	28898700
P0ABS1	43643400	55827600	60304200	54545700	49493700	50819800	52075200	45379400	48835400	45625800	41749100	41758000	49169300	43869200	44278200	44718600	44831800	45508300	43328600	41898900	50595900	52173700	40814800	45811500
P76472	NA	56653.2	NA	73933.6	NA	72991.8	38823.4	NA	NA	NA	24291	NA	50734.5	32359.5	30322.3	33042.5	59246	NA	19034.9	NA	47175.5	NA	NA	16594
P06999	11730300	11946000	12259100	12132200	11780800	12167500	11749300	13272600	11921400	11636900	12192600	11936300	12793800	11646600	12142000	12317400	13079700	12659400	12185200	12018900	11902800	12183500	11685300	11990500
P0AEA2	333690	356348	289428	366369	328440	327997	295604	313879	334603	325259	473561	519016	561877	437600	504072	414808	522220	482515	445053	450921	371076	351449	483081	458039
P22106	16575100	15860300	15990300	15632700	14921600	17100800	14955100	13728100	13710900	16956900	23827400	23729500	20485700	23003700	22524700	19508200	21537400	22803400	21464300	22022100	17015300	15584200	22964200	22161800
P0A9B6	2136350	2420150	2127140	2442840	2434120	2300650	2467800	2215380	2402150	2212530	3175980	3109700	3273190	3231850	3179980	3258940	3420990	3248040	3308240	3471180	2487910	2358130	3384430	3406080
P75683	215152	233443	199708	250630	225306	205863	236273	334836	321298	286462	123706	135330	88010.8	144606	117152	128729	135889	94794.7	116012	130440	196522	251566	115092	172889
P0A8R7	1641190	1594870	1484480	1437660	1529060	1709000	1490480	1554130	1616420	1542240	1315310	1239910	1269870	1302430	1201500	1251630	1365110	1414200	1261060	1214300	1608550	1563660	1296180	1197570
P0AA97	745984	822897	744651	846181	758302	813396	749694	765853	659261	841333	1066340	937220	1147670	1119990	1079810	1047470	1054250	975541	1001320	1104810	851621	925645	994578	930663
P0A9I3	3068830	2919330	2749630	3540480	3042990	3477620	2662990	2900530	2714920	3210650	3245800	3040400	3850080	3137340	3227540	3191430	3207640	3178060	3122970	3225450	2935510	2936100	3127600	3164860
P00562	8014950	6774250	6787740	6899980	6312470	8536070	6319410	6134260	6310240	8409240	9642890	9078420	7663180	9451760	9403460	8436650	9786690	9131900	9967930	10311900	7200100	7008410	10266600	9100250
P17802	360449	380961	359646	411792	391113	369283	387555	359180	344571	371890	520615	514911	526429	495739	498058	477719	523898	533333	513026	483596	331745	406173	548933	522830
P00926	1046360	1182850	1003630	1175050	1236680	999923	1191830	1208300	1178580	1043360	1451320	1470110	1421260	1445730	1386450	1407400	1474820	1510820	1399390	1482870	1252000	1197880	1372200	1343320
P0ACK8	1366450	1389260	1336730	1347380	1219210	1374040	1422390	1265540	1275860	1242230	460720	507977	483029	494584	493779	513661	567109	477645	482292	530533	1330780	1237150	518902	539193
P76573	136700	112494	146735	133291	105557	150574	127037	129928	156705	132176	69054.8	60518.1	74070.6	68924.2	67630.1	87710.4	94449.7	57947	85660.4	77713.3	109739	133530	66223.1	67187.3
P33235	242592	549280	247057	592322	764675	274836	598430	535227	680502	349297	106677	49660.5	163519	153172	104920	217266	78460.9	85908.4	233430	209469	197708	243765	308889	202670
P0A9J6	6215870	6022560	6542430	6570050	6008000	6656180	6118160	5936230	5825400	6449520	2649550	2550180	2949020	2562570	2605860	2668800	2713780	2717030	2723900	2602260	6163740	6412720	2638260	2682260
P0AE08	407290000	484008000	462300000	463296000	426802000	455390000	462484000	423006000	414740000	453356000	371507000	364141000	405703000	390076000	376169000	403051000	423332000	391281000	401235000	380866000	479408000	482843000	390598000	413188000
P0AEI1	4924720	5153110	5065070	5028560	4486110	5024490	4449770	4050520	4133950	4706740	6753590	6565790	6433560	6833160	6750880	6219560	6533620	6775290	6561110	6869660	5063630	5042120	7041210	6480380
P13029	24764400	26983200	16046700	25049300	30165000	25653500	29517700	27650700	26891600	30918600	29662700	23364200	27529000	35496000	18829900	28442600	25737500	26294700	29725000	35909600	32039600	30461200	35461200	32151100
P27111	227172	262030	257841	278468	263339	258928	264330	289400	272221	237399	368933	344642	351259	327877	361273	349099	405530	348565	355687	380167	278210	291911	354095	361818
P0AC86	7164610	6753660	6929390	6783870	7034860	7052370	6466890	6472720	6008300	7156430	6182740	6049540	5943860	5773860	6485800	5871910	6493400	6454010	6355120	6661040	7863180	7011100	6618900	5780270
P37330	4909740	5934590	5164910	5985900	4998130	5122430	5241280	5030500	5213700	4817040	2979090	2842540	2572270	3035130	2914610	2792560	3114750	3064770	2664840	2668990	5572190	5401220	2640180	3010540
P0A7V0	110862000	126466000	134387000	124292000	121713000	125381000	118414000	115107000	99910100	114255000	160179000	161570000	165630000	158198000	162317000	156414000	162479000	167264000	162121000	147206000	122499000	113930000	157282000	161315000
P75821	2053520	2028850	1918190	1991680	1968460	2029910	1969150	1938840	2070730	2043410	1439010	1544680	1353020	1451080	1414660	1458210	1524240	1458630	1441190	1394480	1988890	1991610	1457190	1372310
P00350	89100100	88512800	86242200	85435400	88526300	91262000	86005200	80724300	84901100	89921700	95871900	97513800	97083600	97236500	97593100	90755600	101499000	98374400	97540100	95216400	100123000	90398800	100986000	99064900
P0A7E5	17196700	19227700	17828900	18325700	17976300	17540400	17825200	17998600	17534000	17646000	20764800	19796500	18188500	20900800	20672700	18479400	20727200	20704500	19826000	20451500	18850900	18545900	21005000	20669000
P0AEA8	9335820	8885140	8369960	8635320	8645750	9238200	8787170	8227090	7859430	9633130	7974530	7657560	7449640	8074350	7840550	7342480	7815910	8054760	7438140	7876370	9065320	8798680	8301470	7942200
P0AG00	2738460	2770110	2545870	2868380	2743720	2808600	2659380	2998100	2853390	2640050	2557480	2590390	2857240	2778780	2740980	2525540	2782510	2672310	2729070	2618140	2607950	2770950	2723770	2583920
P0AFD1	8429290	8948240	10973500	8689090	7379380	9796690	8407190	7747070	7363200	8812740	5773720	5638380	6888440	6340550	6174230	5955790	6152830	6085690	6234240	5529940	8271310	8923530	5713670	6034530
P17443	4572740	4465510	4242790	4554780	4598280	4560270	4640390	4263560	4519580	4571910	4401860	4271030	4494380	4575690	4126420	4423150	4551280	4451100	4349110	4457110	4875340	4486790	4498390	4271920
P63389	2486140	2426880	2357430	2510900	2465660	2490560	2414260	2432860	2569920	2526930	2993710	2902460	2691280	3026590	2863100	2786210	3092480	2975020	2889890	3020510	2503880	2523890	2991470	2970160
P0ACM2	1271610	1020530	1175500	1067680	1094300	1256910	957810	930450	926590	1190750	1052710	1085250	1132740	1127810	1111250	1014490	1109650	1136750	1140470	1169670	1095000	1047950	1238110	1128360
P0A9W0	1226910	1207320	1270560	1142310	1190970	1306450	1134220	1138580	1122210	1216190	1103240	1095010	1129180	1117620	1172490	1130500	1145150	1153950	1143430	1106460	1123650	1186810	1125100	1151730
P11350	92805.7	115884	121684	141557	103447	119013	80581.6	124115	119454	111860	171138	193247	204314	177839	188358	215054	248922	190926	210566	270060	99589	69656.2	229427	217766
P06616	5538910	6096110	6256840	5802940	5623060	6178930	5580540	5438540	5180930	5725800	6242800	6524180	6614690	5630200	6546520	6274550	6379390	6917850	5925520	5946940	6391110	5735610	5998860	6029110
P69228	2618840	2447970	2508420	2486740	2571450	2543310	2467930	2457930	2384510	2433010	2780780	2967320	2951750	2738150	2829000	2877180	2867070	3003400	2796500	2735910	2576980	2351060	2851110	2770360
P05050	244433	272756	193110	255784	303281	247409	242544	287141	253011	249358	281717	243340	270011	243923	225547	208374	245669	227587	208074	247713	195319	273029	233803	252554
P32703	952035	816976	860383	847660	827072	898127	738272	826596	850385	878928	816424	862403	784048	749424	826441	739321	908532	769206	777418	810726	870192	854415	867406	771328
P0ABF4	967557	962399	973573	944734	858889	1055560	903418	823801	782114	933137	433843	425944	481496	456172	401316	409111	418488	473030	417145	392326	879363	837213	396012	411206
P0ABA6	50446500	56108800	53451700	54659600	51267100	49006400	52958000	52112000	49476700	49448800	36918600	35127700	41000100	39032700	38274100	39219300	39520900	38209300	39199900	38012800	54203000	53873600	37069100	38060400
P0A955	63655600	66771700	61822000	66706600	63793800	66400600	65023500	62720700	58199900	62186800	65145400	59398900	70697600	59153000	62408300	62861700	65381800	61614900	66090600	64159700	64906300	66439700	64478500	63591500
P46849	59677.2	75494.7	52078.7	52792.2	58318	61335.4	74046.4	81465.1	60399.4	56587.2	55922.9	35577.8	49592.4	67621.3	63789.7	43403.7	61001.3	60731.6	56521.1	61354.6	68285.9	66521.9	67171	60062.4
P0AFZ1	2407400	2253670	2761350	2171290	2050360	2813250	2057810	1788470	1824740	2501890	2234090	2354030	2189980	2127370	2552500	1911150	2008510	2414130	2226970	2107530	1956270	2072940	2347940	2116160
P0A9S1	8300480	5394540	7271890	5766890	5044210	9110650	4846590	3955730	4242270	8544090	676954	711248	743756	763940	895136	875915	869878	819289	962810	978939	7026320	7114380	993580	777446
P00579	21963700	21255100	20527700	21241500	20545900	22680900	20263400	22005800	21387700	21158400	21039100	19399400	20961600	22098100	20755400	20371200	22134800	20836500	20869400	19832700	20426400	20049900	19481700	20991000
P76234	6627180	5313430	5705550	5840050	5366340	6488960	5431940	5618450	5597280	6601040	4815840	4395610	5295150	4955330	4766780	5278760	5052980	4631860	4723500	4659410	6173040	5801600	4718880	4495980
P20605	1538710	1647360	1681890	1645670	1803040	1528870	1611100	1717650	1661730	1438820	1141780	1213260	1239070	1215940	1346430	1171300	1295420	1289740	1166270	1160270	1871860	1767840	1239500	1109140
P0A7Z4	83609600	87842600	91480500	89837400	87980200	90042800	85277200	82902700	81934700	84964400	93177900	92396400	99115000	89341200	93135700	88753000	92594000	95249500	93610000	88735700	86646400	82917000	95760900	96079000
Q46800	631499	641346	591412	564882	547373	632563	530791	426929	482169	600612	186236	224122	229913	220650	185253	173495	224546	179639	191342	151601	590670	587820	214589	224491
P27248	6505630	5879070	6455270	5708600	5553600	7243950	5571780	5324260	5170750	6639090	3244000	3314350	3319640	3329090	3474480	3544800	3653200	3422180	3378140	3354030	6048090	6282590	3567690	3722150
P31133	8663900	11871400	9840910	10223700	10827700	8274960	11303200	11431400	11485000	8616820	5704760	6588370	5526770	5373630	5720160	5673650	5373420	5753180	5550310	5194630	10808500	11076700	5507350	6134590
P0A9S7	5618060	6924540	5718380	6744960	6313120	6042290	6567010	6778640	6543040	5729510	6494330	5923220	7037350	7236510	6277850	6646170	6672520	5828270	6031560	5897650	5822620	6432450	5797160	6383970
P77611	939050	1051390	923847	993197	994715	968638	1114020	1124680	1171660	927497	1684970	1574080	1566990	1686340	1583300	1584250	1611230	1559890	1641730	1554330	1000550	1100420	1606070	1628870
P69795	3591320	3437430	4012610	3556400	3228150	3595510	3511340	3521980	2986730	3591470	2112470	1992850	2397350	2038910	2383050	2043490	2068630	2220790	2222800	2014790	3334830	3390520	2145520	2140210
P27829	4184420	4763120	4253360	4903100	4617490	4240540	4673900	4543400	4486560	4145920	6325210	6120970	5971670	6073770	6196550	5525590	6176730	6340200	5844810	6062680	4586450	4832780	6349090	6010940
P04128	50399900	100641000	77589400	161682000	219147000	87125900	145915000	133531000	164485000	59148200	94512500	133252000	93076900	94287900	143471000	82236600	104099000	94556300	65449000	76500200	139305000	213433000	89122800	106981000
P05055	97982300	109474000	104157000	103149000	103528000	98517500	103207000	99165500	96730700	97411600	101066000	102504000	85130600	99485800	99761200	85136000	98740100	98670000	91539800	93007800	105034000	102893000	103054000	102681000
P56262	3122690	4487730	4084650	4016880	3763190	3350290	4057450	3419300	3590840	2750150	2285660	2400340	2472580	2156870	2285270	2447460	2282570	2725790	1975590	1744470	4248170	3692820	1978350	2132010
P76187	3660780	3972620	3581870	3709300	3848300	3597720	3818760	3780770	3346350	3366690	3214540	3303900	3379710	3563670	3429140	3584830	3748410	3551190	3489120	3550080	4137060	3700840	3256880	3368930
P0AF90	31456800	33906500	40572000	39449000	32040900	35692500	31287500	36098200	40145100	36400000	33462100	34092100	37384500	33374400	35483600	36348900	35050200	28091200	35399300	33093400	33622500	37837600	33233700	32390000
P0A6F5	219363000	221363000	213402000	227542000	216255000	227572000	218866000	238955000	231828000	218990000	189943000	179436000	176465000	182712000	181660000	186626000	207586000	186476000	192802000	184287000	222262000	232003000	182783000	195210000
P51024	3233170	3591810	4041200	3846400	3869070	3435940	3475910	3729610	3633260	3416980	3231340	3238430	3492320	3125820	3649790	3576660	3545590	3264200	3867520	3567140	3833520	3723720	3399490	3806770
P02919	6189970	5834830	5616540	5531460	5693080	6109150	5516130	5326650	5433700	6103180	4634960	4542900	4133750	4627980	4460020	4171680	4577310	4601330	4341810	4429970	5825660	5406050	4539650	4394610
P0ACS7	10956600	10027500	10082700	10719800	10768000	10890000	10037100	9945980	9250360	10009500	6938540	6771820	7170570	6647280	6758200	7695360	7288380	7051560	7389730	6990980	11222700	10650200	6954170	6658180
P0ABH9	10121600	11193700	10927000	11183100	9865370	11020300	9463560	8969570	8927710	10037900	10636200	10530100	11315100	11274900	10780000	10090900	11275900	10889500	11068100	11457000	11855800	11849300	12290000	11665700
P0ACK2	2195830	2042370	1955980	2003900	2088440	2168470	1958940	2067860	2095940	2343290	1938020	1929970	1922660	2142050	1959100	1952190	1946570	1935080	1856290	1977740	2146120	2053410	1910110	1837540
P76423	7093940	9910740	7315910	9098930	9415180	7618930	9533320	9161170	8494910	6962970	6889270	6666130	7057520	7269170	6973990	6071830	6926600	7194070	6025420	6151490	8547890	8895930	6516300	6319760
P37636	6357000	6287790	4839740	7169630	9940940	5049500	7294860	11075000	10641600	6038440	5756670	5561100	6184940	5026580	6222090	6758520	8245270	6859420	7037350	7565800	7564090	7688190	6247090	6938770
P0AE06	26493800	26419200	27295000	25306800	25304100	25449600	26107300	25064000	26600800	26403400	22617600	22029300	22127300	23197200	22059400	21738000	22885400	21694200	21686400	21859700	25059600	24437200	22113600	23152800
P13009	9806930	9995680	9006700	9626790	9925420	9404400	9538580	9386580	9503450	9571600	13629400	12939700	10163200	13687500	12544300	11339200	13004300	12887000	11877500	12958400	10489300	10267100	13325800	12992700
P08956	11502300	11845400	10716000	11880000	11339900	11892300	11439500	10076300	10837000	11690600	7411520	7250880	6929370	7814710	7279600	7219140	7560850	7177970	7623700	7850260	11872900	12031600	8146820	7684190
P33667	569685	485615	528526	532453	550842	602598	521278	474833	470759	567323	593589	580946	593759	615949	612771	535590	646352	634111	554795	596723	551521	560968	627836	622729
P03023	1376380	1337920	1213300	1362320	1238610	1352030	1267450	1295860	1340270	1319490	1203180	1149520	1247450	1197970	1131500	1192300	1332330	1137750	1221930	1140760	1290770	1401110	1110230	1186820
P0A9L8	6285740	6490920	6428060	6514210	6235960	6273920	5958580	6373050	5881100	6051330	6596600	6022290	7382550	7005780	6814250	6759680	6442210	7046220	6586270	6067970	6712460	6298940	5758300	5879140
P0C8J8	101371000	104062000	107004000	117028000	99166600	118511000	86805300	65658700	68110100	106665000	21879300	21430900	32750700	25916600	25522900	24526300	24157700	23215200	27357900	28094200	133772000	128816000	34904300	26105300
P63224	35862900	38536800	34992700	37084700	37033400	36182600	38004200	37473200	34763800	35419900	28043800	26755600	30013300	26038200	27418800	29666500	29214600	30268300	27809500	28084000	39453300	38509000	26958600	28845200
P0AEG1	797648	943190	1051990	1114740	1029540	817749	494143	918578	807767	978541	631156	392021	364497	498513	425112	256528	432680	301840	342064	595186	670396	741373	626187	443560
P25746	2697770	2530230	2567060	2746690	2567710	2885690	2367260	2343450	2227800	2635290	2536660	2336910	2663950	2492630	2535290	2601040	2631230	2601770	2506360	2528180	2947170	2860230	2277870	2123640
P31574	325896	241818	243911	249381	207428	377014	244242	290124	246129	254621	144236	121495	NA	211849	180766	289944	163523	114405	190593	137952	251917	311015	153164	131873
P0CF91;P0CF92;P0CF93	560411	558704	491274	589291	529873	577033	522172	544489	516384	499483	503805	489053	495869	499238	449669	478508	552936	485965	488497	496395	529954	553900	465993	440641
P0A7W7	119388000	136370000	166620000	127206000	134668000	129108000	134472000	118765000	104607000	121699000	165140000	184502000	171384000	166739000	173220000	158227000	162715000	180164000	166829000	156634000	130734000	116054000	163143000	166514000
P00904	12060100	14684400	11883600	14689400	14243900	11833500	13655300	14703800	13435100	11039300	15275000	15418100	14494300	15414500	15369900	13134500	14753700	15035300	14424200	15633200	13772900	14597800	16294600	14055900
P08957	8606500	9117930	8642150	9122550	8755980	8391890	8842740	7832630	8385040	8283410	11940900	11719700	11530700	12348600	11150300	10626600	11773100	11914200	11628900	11712600	9267310	8903690	12253300	12056800
P0AD65	2793700	2701580	2508450	2589710	2746420	2493390	2696140	2474660	2634470	2674350	2654610	2691260	2262300	2607860	2599010	2338410	2617400	2627970	2580860	2552580	2691350	2716820	2802950	2547240
P11071	1957240	2225950	2019240	2262680	2286120	1861880	2177590	2129360	2110080	1849370	1202210	1142860	1134330	1141030	1113890	1033390	1212670	1215860	1042280	1018020	2338000	1997930	935561	985358
P0A8K5	5229900	5179300	6617360	4857410	5300250	5727520	4690290	5473690	5351480	5712050	3832620	4228280	4350010	3567100	4116040	4796240	4276260	4326860	4625410	4390470	5199060	5378230	4390670	4115790
P00909	10738400	12792000	10434100	12866900	12086800	10739200	12544500	13248000	12543800	10181100	13173700	12866500	13898700	14329500	13171400	12626700	12883500	12832300	13016800	13419200	12396400	12083000	13299300	12376000
P0ABF1	4049170	3958910	3789750	3929330	3876190	3825790	3879930	3848420	3878160	3784330	5003100	4833750	4474000	4878710	4899880	4641590	5082610	4954980	4782290	4938760	4200300	3960780	4707370	4505500
P0AG80	5091370	6369150	4963680	5950650	5867590	5062050	6308700	6502470	6632010	5125670	2024760	2057380	1826850	2151570	2113550	2086640	2116560	2169730	1726160	1530730	5868350	5864220	1607600	2136030
P22525	2632640	2676640	2198200	2644340	2791500	2527050	2710030	2604070	2623040	2713530	2803010	2824220	2772320	2923770	2711730	2649310	2627930	2570230	2724980	2634430	2791790	2806840	2946580	2904930
P0AA53	5068980	5245010	4967330	5165420	5304470	5121390	4690560	4811510	4707950	4962910	3189920	3224650	3333270	3301880	3376110	3424590	3358060	3514110	3249000	3184520	5503170	5137410	3580010	3127530
P0AF24	4704220	4449520	4742010	4636930	4512390	4704700	4514150	4371330	4382340	4592070	4951870	4939320	5301650	5029070	5129260	5136430	5208870	5507630	5001300	5330880	4976540	4491050	5296820	5021220
P75783	716801	956309	706653	929584	1008850	586251	976686	1139640	1090050	584694	816582	805555	613149	812022	744876	719833	878419	756072	747081	810389	767192	841556	759315	833549
P28630	1580600	1451450	1471070	1499450	1489390	1607940	1443660	1440370	1477460	1516790	1382050	1431820	1409850	1495640	1695230	1532690	1611380	1561230	1519660	1572480	1595840	1544960	1488300	1403410
P37650	278602	286832	283690	281251	266899	265516	307422	281075	310510	281241	288956	271491	277820	290621	284033	255144	292681	289455	268626	290520	256818	251924	270913	273404
P04335	4125130	3749220	3687070	3674630	3711160	4065450	3503450	3678730	3580490	4126030	3271860	3122000	3312250	3414990	3304990	3342770	3628390	3392780	3355310	3500380	3844280	3686300	3444680	3292600
P0AEX7	398240	477348	551448	595529	780941	700460	730018	813609	707151	338455	271615	415813	428009	559224	333206	575020	574702	408973	226767	367546	290820	226160	454246	601253
P05791	58254100	36585100	45505600	37065300	38549900	56624400	36180500	37440900	38054300	61836900	23968100	22080400	20154800	24847700	24195400	22094300	25099800	23276200	25305700	26933000	41770600	39725300	29226600	27158100
P17993	6531540	6243180	7035680	5943720	5869020	7394650	6008140	5085600	4895160	6509480	6929820	6904770	7876130	7046420	7168170	6950190	7431570	8100140	7194840	6881110	6366440	6016930	7365290	7097340
P31600	6632990	5442390	5781200	5449260	5471780	6544780	5286280	5532090	5965010	6705630	4090460	4219960	4503430	4500340	3964320	4669100	4623320	4495870	4660590	4551940	5673230	5661710	4417710	4446630
P0AF67	6658030	6322900	7134200	6249460	6924590	6383910	6382480	6324860	5990280	6573380	5713870	6315670	5701150	5364910	6083010	5666270	5773660	6262370	5755800	5523890	6443850	6323120	5776420	5837720
P18390	3041920	2865930	4113320	3048920	2961850	3197590	2935430	3128710	3263550	3323990	2564810	2692230	2647420	2481140	3172320	2934710	2964310	2778170	3065220	2748690	3094770	3009920	2837620	2815240
P0AAI9	40921000	42160900	43681000	39041100	38868700	45225400	40505500	35275700	36131000	40121700	37955300	40175800	38634700	36799300	38021900	36863100	37062400	40239300	38456600	38142400	41736000	40755300	40154800	38450900
P0A9C0	210504	124503	144652	174142	135614	196101	133195	143857	170886	211702	49993.5	NA	53752	65334.2	45333.5	44327.1	84104.3	55149.3	NA	NA	167264	197753	275091	297565
P24186	11894000	14820400	13618100	14446500	14016000	13968500	13872200	12691500	12187500	13024700	16588900	16860300	17079900	15587600	16467400	15822300	16761200	17571300	15535800	16562400	15106800	14262400	15565800	15102200
P0AEC5	673658	726860	643727	708061	719721	641490	715387	727823	687539	627118	616505	598591	523097	608090	597105	535379	628092	609789	592170	601524	701019	705163	619918	576681
P75869	69806.5	97378.2	86938.3	79941.5	47884.1	74266.3	52514.4	49132.9	56296.6	90504.9	60020.6	56122.1	58560.5	78585.2	62987.1	71984.9	59686.6	44808.3	63146.5	68606.4	93570.9	75583.5	54749.3	55331.3
P76027	17592800	12827600	14436000	14302500	16028400	18015000	12399900	14341200	12869600	17484400	14966500	14653000	15017500	16373500	16598700	15178400	17652200	16756000	18668400	19287400	15697600	15029700	22408300	18213400
P76575	1960490	2641100	2643550	2065630	2264850	2260610	2452560	1957930	2027040	2198870	976467	917455	542569	1722700	1089970	1017050	915944	951899	830865	724988	1836990	1573760	742889	995822
P0AGG0	1676530	1821470	1762300	1850320	1679160	1779280	1910480	1721670	1739380	1783460	1626210	1610840	1731520	1679930	1568910	1726610	1675470	1605430	1689630	1666920	1728580	1812620	1705650	1650070
P08660	20166000	13801500	18135600	14760800	17568800	21478400	14621100	16236700	15408400	21082600	52693300	51320300	52606600	52605000	52985100	53764400	59457900	56699600	58374400	58428200	20022200	16283800	62119700	53413600
P75829	2885380	2475620	2611640	2727230	2694110	3082410	2256600	2149890	2170350	2986480	6214380	6284960	8628510	6235440	6718380	6964190	7167640	6689090	7198730	8007670	2789470	2675680	6188490	5174030
P61889	203025000	279702000	240371000	269930000	230407000	233506000	265927000	207401000	216665000	202083000	108137000	109228000	123791000	104202000	112571000	112688000	114617000	110998000	105396000	90571800	265017000	292528000	101860000	111784000
P32134	623511	713093	619342	697311	632774	663908	648644	615163	546092	595122	442577	434643	469306	508375	461702	440679	461365	455792	449803	536478	594845	649255	531152	450552
P55135	1813750	1770600	1701490	1710830	1720660	1746380	1707250	1560440	1604110	1697450	1846750	1862260	1628050	1695810	1802780	1638210	1836750	1845140	1742960	1793750	1737150	1612410	1859270	1722870
P60757	15038400	14810500	14842800	15556500	14833700	15782700	14662600	15101100	14387100	14497100	41919600	42819100	43269800	45464600	40032700	35984300	34828900	39862800	35462200	35921200	15794700	15517000	35261900	37960900
P06968	13029300	12917500	14662500	13741200	13129000	12761900	14222400	14593300	12860800	12954900	12584800	11965100	12414600	10894900	13579700	12742200	11864600	12085200	12375600	11915500	12468900	14354000	11163200	11357600
P00895	10382700	12229500	9922010	11630600	11641400	10005000	11704600	11661700	11505900	9472090	12845900	12656300	13212700	14250200	12932500	11746400	12934200	12252800	13053300	13374600	11960500	11748400	13585800	12421100
P31475	1779220	1840330	1722060	1723170	1758330	1709570	1825610	1558780	1690900	1658550	2380290	2446940	2548670	2598950	2673130	2686340	2531710	2591280	2648530	2796080	1880070	1662270	2700810	2506920
P69922	2990990	2670420	2741200	2609440	2449950	2974650	2445360	2043890	2230060	2723640	718507	629562	598608	738500	758370	744625	837374	759135	767620	811062	2767840	2620800	886756	773067
P30014	1478380	1336070	1379950	1431780	1273160	1601230	1427420	1260880	1195730	1449440	2141240	1959490	2028600	1858620	2021560	1849760	2000350	1931100	1865850	1896730	1400130	1351110	1979760	1927260
P0AAJ5	2645630	2863490	2581490	2485900	2857520	3280570	2827610	3683330	3723010	3177680	1929920	1941430	1248840	1795480	1853470	1479440	1704660	1461870	1385630	1654800	2506690	2528190	1412760	1693250
P00861	3466490	3502500	3294580	3726850	3614080	3649480	3352640	3398180	3165460	3229970	5264170	5208330	5461410	5033100	5413980	4918280	5484450	5249370	5237020	5635680	3681140	3611060	5201340	4797210
P27278	4350710	4313670	4125320	4218300	4328270	4237670	4219490	3903210	3911670	4155340	4407830	4378390	4467540	4368410	4312790	4227080	4646300	4739280	4388910	4431650	4281710	4079460	4454310	4367960
P60595	4592280	4926180	4448750	4494690	4884690	4513960	4804950	4520770	4226780	4337270	9664200	10487400	9262970	11090300	9175440	8146470	8081710	9791410	7972560	8445710	4766880	4804320	8472500	9748970
P0A6V1	21478800	18828800	21472600	18324400	17224900	23168800	16639100	14439300	14969800	21244400	13055100	12664400	13800600	13906100	14580100	14314600	14992500	14667500	14628800	14818300	20526100	19035200	15701900	13702700
P06149	20251600	21863100	19545200	21224500	19908600	20431800	20514700	19979600	19560200	20716000	11885300	11572500	11724400	13010500	11538800	10939000	12113200	11491500	11108600	11127000	21147500	21363000	11438600	11522100
P06960	4238410	4520020	5247620	4607000	3910810	5233320	3764130	2869310	2947930	4422840	6051890	6714810	5895640	5717550	6375010	4788390	5412350	5620150	5328160	5490590	4874290	4046900	6904490	5632310
P04995	3222180	2911090	2890540	2812830	2785310	3184340	2827160	2635750	2743470	3076790	2295910	2227820	2071730	2361960	2269740	2190510	2310530	2357800	2371120	2314020	2910460	2880650	2382040	2354630
P76170	20674100	17394500	25809200	19591700	18150800	21434100	18541200	17552200	20527700	21334900	17265200	17705000	20349300	15963800	18103200	20794200	18723900	18280800	18350900	18522800	20944700	19975300	18367200	17273900
P76578	8083050	7735770	7471340	7653150	7481570	7954590	7513090	6984640	7434580	8070400	4541950	4614830	4717590	4806100	4466560	4435740	4829990	4608050	4491520	4672930	7985530	7828540	5108480	5123340
P0A858	59961900	68322200	63398500	66920800	64929800	63933700	67387800	64394400	65376200	59515800	72652700	70942900	75961900	75134700	76387300	80035200	79857000	75899400	81604700	79348600	61048900	63035500	78134200	76767700
P08179	3768720	4942810	4464370	4308170	4557430	3860780	4719790	3924960	3982450	3558770	4825050	4888910	4777860	4885460	4785530	4647970	4634420	5428500	4711030	4651700	4651910	3955780	5277110	4969260
P04079	21712300	23155300	22075000	23415900	20625300	23516000	20164900	19563300	19985800	22483300	33516500	32664900	29558800	32610100	32635700	29122700	33339900	33638700	33530800	33117700	24364100	22612300	34126100	30909500
P21338	2810760	2588380	2876300	2745080	2779160	2991010	2610740	2596330	2616400	2908060	3425230	3368480	3668710	3265380	3648850	3544680	3543050	3621920	3444820	3374210	2671280	2633550	3287230	3505850
P45523	53944300	56241000	64903300	58420700	58466000	55623300	58813900	59505200	60390300	56840600	55035700	55985300	59895300	51948800	59549000	59169100	60864000	53112500	57254700	53351600	55485000	61138700	54906200	57476100
P0A8C4	9995910	9076530	12930800	10087200	9635830	10900000	11507400	9373430	8779560	8152750	9650280	10212600	9596860	8194720	8560000	9253530	8781990	9399360	9514530	9337010	8892870	8006990	9126510	9098030
P60720	1506170	1504340	1336060	1543160	1486690	1565190	1343820	1355050	1447110	1341380	2064920	1893720	2088320	2049580	2100430	1942630	2035330	2208680	1901220	1982820	1421130	1376060	1975860	1806360
P0ABF6	6175030	5274940	5683720	5667080	5033600	6484400	4923990	4979820	5142140	6223240	4338890	4284000	4995040	4920920	4777470	4562850	4893270	4455980	4771880	4630120	5559410	5590800	5012250	4834290
P76015	72058900	78175700	72300100	77999400	70569600	78175500	74982300	76928200	76383900	76568100	82407500	77574400	84861300	81645000	83111800	89651800	86795400	84112200	88100700	88167200	68313200	72976200	97740300	90200900
P0AFB1	1379030	1356210	1291890	1455730	1363420	1435540	1307340	1386140	1350820	1341990	1128190	1064750	1214760	1128630	1122990	1162110	1104680	1092370	1090490	1145540	1390650	1462320	1141730	1099220
P0AEQ3	39499100	48731700	52372700	46704100	42384400	41124300	46477600	38406100	40178900	37991900	22925800	23304800	24404500	22249800	24374000	24132400	24503500	25075900	25175100	22922100	44425900	44556300	27015000	26071600
P33602	36788900	41664600	36387300	39223800	37224800	38342500	38746300	36167600	36048400	38883500	26368100	24919700	24350800	28074400	24658600	23038800	24727700	24576200	23923400	25156100	38575100	40266200	26488300	25679900
P77747	252677	319181	392461	395342	296638	407645	279496	289612	262366	432274	164147	126136	270371	120970	144076	145410	134764	116305	132294	126481	253589	230160	170911	152316
P0A6J5	27240500	18789000	20708300	18074000	21159100	27294600	18796200	18374400	18639700	28364000	3833400	3751420	4265660	4092970	4106470	3954320	4435810	4311350	3995170	4198880	22406600	19519600	4730850	4868270
P00561	107534000	109918000	96855100	108759000	121545000	106956000	111498000	125713000	109576000	114019000	86047500	79696400	74630400	81109200	83026800	73833500	88641300	85956900	86075600	84930300	105744000	105372000	82775700	82316400
P07395	26643800	25680900	24019000	25571200	25423400	26684700	24969700	25399600	25533600	27793200	31782300	31327000	27402300	30729500	29622500	27020700	31431300	31023800	29625000	31691600	27607900	26193000	31070700	31004400
P0AFM6	8700310	9528910	12015100	10144300	10031800	9366670	9397330	9187600	8421610	8911740	7761660	8113700	7983380	7560930	7899860	7782030	8128830	8191700	7814260	6972130	8797270	8589490	6969710	7323680
P13035	1663480	2244430	1705870	1999030	2192710	1575780	2234110	2184510	2257160	1578750	1118620	1144010	852977	1199830	1202760	987826	1269980	1219100	792547	796620	2151970	2048300	2360900	2105660
P71298	412913	386740	369232	396845	381467	433633	344458	345700	373556	435384	440818	422125	432081	416786	397937	409217	505772	459204	442730	426744	398551	416818	435164	421645
P31663	25495300	23646700	24778700	23551800	23329100	25106800	23797100	23261000	23910600	25823500	18394200	17912000	19248000	18897600	18871400	19576800	20162800	18802600	19284600	19827200	25091900	25568900	19714100	19826600
P0C7L2	125494	168436	217560	141138	166890	136009	177431	175749	168931	134642	133352	137404	131341	139783	117649	112828	122827	149182	108216	107261	171691	119564	136894	145435
P21507	73274700	73057400	72029300	75514700	75930900	77572500	70737800	71834100	68727400	75836300	69406500	70750400	67809400	69698500	68160900	66085500	71698500	69420600	66937600	67056800	72833000	76091700	70529200	69003800
P63883	2207920	2101470	2117860	2060380	2145580	2335490	1904360	1979040	2030410	2269580	1451400	1460470	1426390	1417750	1447910	1475050	1512550	1475590	1597390	1633400	2143860	2147440	1736160	1393470
P76115	1185720	1316560	1218040	1282130	1155150	1146750	1202610	1295200	1269700	1154290	1457950	1436020	1434400	1491480	1284240	1329710	1337600	1325780	1238360	1178820	1172840	1219230	1219760	1303260
P38051	836585	825575	775455	829909	815832	830178	756065	793989	749547	821684	666738	639602	695864	686947	683415	646806	720212	661919	694498	719173	838783	847020	704949	670963
P0AEH5	35859800	36630100	32865900	44099100	44675000	40040500	38315900	68675600	46228400	40820200	35688100	28531100	40574700	32375500	29187000	42446200	31215600	30863200	34611200	36317700	38561000	38273300	21719200	26823100
P52097	3071000	3009060	2804510	2854060	2944590	2831890	2875310	2677150	2750230	2743940	2609590	2671790	2475040	2647840	2588150	2543040	2781400	2901770	2613530	2715020	2986400	2573540	2409330	2439130
P30870	1895150	1989480	1761660	1857840	1969010	1843440	1973680	1711960	1812730	1891150	1466430	1491890	1260870	1343990	1437300	1376600	1430140	1539940	1406470	1491480	2093920	1815480	1381710	1282930
P0A9C5	121954000	139825000	136392000	131046000	130151000	122704000	131707000	122194000	125511000	119297000	153017000	148325000	130838000	156308000	154979000	147007000	161073000	162224000	143781000	139176000	140237000	129846000	154139000	163734000
P60752	4263070	4307570	4137380	4198890	4263470	4307560	3892080	4044500	4113030	4220930	4424040	4228790	3820080	4448030	4288490	4013240	4508920	4183570	4135590	4360320	4023880	3992040	4396520	4405800
P0AB40	554547	647029	804799	655499	710562	631124	669067	351610	643568	614027	3068320	3178470	3303950	2133910	3139940	2755370	3389190	3183280	3581720	2937030	889202	1089780	3312800	2892500
P26648	2688830	2516760	2455290	2539830	2305020	2613870	2310700	2274550	2378620	2398790	2491520	2212220	2495290	2519930	2367060	2230950	2488780	2445200	2454390	2324930	2504760	2570950	2358380	2389130
P0A799	169520000	200766000	168796000	195049000	195429000	185106000	197512000	201131000	185390000	167564000	274570000	248137000	264245000	266069000	263037000	265015000	311869000	276762000	301753000	293680000	183802000	194760000	300290000	299206000
P77504	1583730	1580800	1437960	1527120	1484860	1494760	1513550	1503720	1569740	1630110	1006240	1022660	799171	1010860	945836	812991	959891	933639	823405	901227	1453320	1475810	1014190	960118
P33643	5276780	5309050	5108250	5041860	5313090	5429200	4924100	5355920	5366450	5409190	5608890	5534200	5400350	5434600	5310980	5466620	5697590	5671630	5256640	5413210	5335980	4854830	5718230	5249690
P0AE37	518064	474084	457878	439780	421148	541408	461671	531517	518068	528029	156719	145132	59767.3	140916	183478	119180	152396	193414	78920.7	NA	437720	454307	107326	171673
P21179	66287400	90746500	67647900	85994800	91653500	62059300	90597700	105174000	96909600	71494900	54092500	51711300	45879300	54667800	49176500	46561200	54156900	51963400	47639900	47029400	76810300	83927500	48646500	52488000
P76192	1400030	939982	1404950	790765	742512	1534080	691448	436305	538246	1675950	260348	165751	200518	332396	368514	521810	416491	451750	493004	472549	1112330	982956	598318	469361
P77444	8177860	10273300	7652350	9670120	10179000	7741980	11068400	11653000	10957400	7822110	7756870	7407420	7326940	7753720	7347550	8017390	8943350	9283700	8308130	6989030	9755270	9256520	6933310	7904580
P00962	11159100	11919400	10890600	11181400	11183600	11529300	10641800	9944140	9593350	11651200	12845700	12940900	12145200	13237200	13334000	11619100	13479300	13268000	12809000	13154100	11968100	11232500	13451500	12327100
P0ACP7	22642600	20427700	21192700	19495800	19995000	23041300	19256300	18009200	18954100	21978200	17331800	17636200	17508600	17770300	17077200	17366400	17475200	18004300	16861400	16639900	20504500	19113400	17189100	16106200
P0AA25	74648400	83117700	89751900	85026100	80358200	82717100	80936100	86663700	80731700	71730700	84247600	86524100	92441000	78277100	84400700	84012100	84804000	83227400	88376200	80749700	82112700	87904700	88942300	83754100
P0AE67	1703040	4276730	2661670	4984080	4564490	2114640	4266700	3224020	2625420	2112460	709044	931434	763876	1157620	905181	763307	674961	725537	745426	655654	2601900	3107040	654480	762517
P0A7H0	1237940	1228070	1248790	1277660	1189880	1221960	1140770	1126100	1067630	1188220	1287150	1250080	1261600	1391370	1293930	1275150	1399470	1329090	1296790	1324230	1222420	1339970	1142690	1269960
P0DMC5	4971330	5383470	4516310	5025360	5496450	4949150	5237290	5236290	4915670	5411770	5598600	5631700	4635600	5656140	5114230	4716090	5457970	5612990	5332120	5476180	5518290	4929270	5365540	5271650
P33360	1542070	1729400	1427020	1779230	1799290	1452540	1698370	2101090	1868560	1576770	1711160	1607980	1745890	1744690	1708790	1699480	1933210	1677580	1701970	1741520	1603790	1755610	1506920	1629390
P26612	2219020	2903310	2411630	2755570	2691500	2162490	2725500	2866800	2567250	2140300	2166350	2065760	1832470	2148920	2088200	1701510	2056680	2180260	1865420	1780270	2563670	2447950	1921940	1854240
P37634	2980080	3034110	3082630	3018370	3018670	3140680	2932840	2935030	2966280	2970370	3433750	3337480	3251720	3580490	3348710	3127730	3575730	3547860	3213230	3157590	3121630	2889260	3369900	3438910
P0ACG1	19258600	22025200	24776800	21229800	22999800	20193900	23834200	21806400	23279900	18374900	37665500	34903400	35540700	34541300	36415900	40609700	41084500	32498300	39656700	39404100	20873700	23666900	36329500	38429300
P15640	10857300	13157600	12477800	13296900	12222900	11648700	13064100	11911400	12055400	11196400	13631500	14027700	12555400	13447100	13663100	12575800	13906100	13781700	13744000	13562500	12492400	12940800	14331700	14431300
P0ABQ2	4897240	3270130	5136540	3125460	2500410	5269960	2658450	2420100	2476920	4912100	1787090	1783820	1766640	1729230	1811040	1751440	1784080	1917200	1809680	1718430	2884250	2639100	1643430	1670740
P77434	4780380	5097070	4689780	4972080	5090030	5028490	4989360	4342690	4489780	4994820	4787470	4567220	4921490	4939390	4869920	4813660	5185810	5147430	4729320	4916300	5163320	4563500	4757280	4533150
P0AG82	5857540	6257020	6140480	6105920	6311220	4955190	6659400	7702150	7504090	5722700	3612860	3748540	3314800	3224210	3337020	3142050	3390600	3324520	3492530	3229700	5878740	5991560	3300250	3515750
P27298	14776800	16630100	14426300	16172100	17379300	14626900	16773100	17036200	17175700	13983700	16704800	16997200	15553700	16463300	15892900	15663000	17454300	17481900	15775800	15922100	16340100	15888100	16245300	16171300
P25516	28371400	37378400	28965600	34933700	34145100	27988900	34475800	31981200	33464200	27129500	12644300	12157400	11210400	13037900	11352300	10804100	11851600	11786300	9625220	9247560	34281700	34875700	10095000	11943900
P0AEU0	49198500	53524500	66966900	55338600	50039100	54020100	51734400	44059500	51861300	50191900	44313700	47449500	49242600	40338000	46580500	47558800	45892500	44307600	46814100	45080600	54430000	57416300	45346900	45658600
P30860	36522500	35291200	44360100	35417700	35530400	38411600	34102800	29461500	32697400	35581600	39570400	41449300	39158600	36780600	42762800	43433900	42741300	43624500	45497300	43525400	39715400	39578600	48021500	41361800
P0AGJ5	11907200	11690500	11790200	11973100	10942800	11897500	11357100	10782800	11280400	11925800	12680100	12617100	13652000	12912100	12842600	12868400	12869700	13160000	12949000	12057000	11714200	11481400	12386700	12473900
P06612	5992980	6400260	5663290	6301430	6238620	5864370	6090990	6014220	6120030	6004890	6285700	5946660	5352660	6429450	5768200	5568420	6043810	6000900	5668800	5825210	6294930	6095810	6009880	6130600
P16431	631138	436594	443868	307687	526141	628303	398995	340938	365529	654584	819966	734946	1062110	923075	1027070	1273770	1399190	1459120	1802210	2045420	690122	583971	2229620	1733780
P0AAN5	5222460	5965560	7587160	6727360	6382230	5540270	6232220	7460170	8146060	4915510	3836980	3752120	3738360	3591570	3612960	3960900	3861400	3798230	3258500	3163880	4789860	4478050	3052320	3476430
P30125	55351100	49734800	48325800	49476200	48328100	53065100	47925400	49560600	47471100	55113300	71123900	66641000	65509200	68443800	65441000	65150000	72807900	72493000	69194600	69114500	54058000	49014500	67833200	62425600
P0ADA5	56924200	58761800	51157900	58691900	51803800	53534900	58546400	59897300	56933200	57497100	43889200	42185400	44518200	44600400	43667400	42474000	48806400	43565800	40306700	43668300	60349800	60740900	43213500	43735900
P0A7V3	118074000	126322000	118441000	124378000	122294000	128650000	121426000	122420000	118549000	122991000	167064000	161615000	178607000	183474000	163679000	166879000	177640000	180606000	168859000	167249000	134974000	129750000	168821000	171740000
P0A7F6	6990870	7108640	7094940	6804190	6910200	7794540	6932630	6512340	6217980	7239200	7993880	8364270	7814070	7864710	7760010	6965210	7765170	8471300	7392060	7654370	7024520	6330880	7804620	7368040
P69434	1484820	1166770	1542130	1245560	1310700	1626000	1128050	927804	1090710	1844510	382370	443132	465886	407216	376393	383731	471018	361970	429145	492167	1560640	1407270	587098	552725
P77432	286072	348224	275933	298909	409327	307567	381679	459862	408574	269700	213973	187356	86525.5	210803	179303	176950	203450	213284	83159.2	224799	371672	356819	169016	195693
P05459	7253380	7032310	6927690	6794010	7087450	7136240	7056190	6695170	6693030	7079860	6396650	6231020	6393280	6835740	6280520	6326240	6862290	6846850	6465010	6416880	7097750	6575310	6217070	6420340
P23874	620793	682207	600873	637962	579494	599211	635645	517583	539323	599770	476552	506063	486893	482491	473480	443689	526116	511256	498413	478766	620508	590436	485866	443307
P25535	1924320	2030850	1936300	1976310	1980980	2003980	1835020	1773840	1787720	1883590	1989470	1945270	2032760	2019450	1974720	1936500	2075720	2072900	2005050	2149950	2103380	1908200	2112660	1951040
P0A6F3	21221100	20845700	21616000	20867300	17057600	21572900	17610600	16700300	16728900	21051300	4224520	4212820	3831060	4617490	4634300	4246000	4989100	4854300	3992300	4007720	20182600	18556300	5489760	5724540
P25522	12585400	12552100	11710400	11490600	12167200	11658800	12436900	12119000	11970500	11555200	9949020	10079800	9371750	9830630	9285620	9211760	10095300	10274800	9646840	9548930	12308700	11803200	10244500	9886270
P03817	7106640	7956750	8644630	7808830	7351690	8047930	8080920	7971120	7978670	7431540	6539810	5825900	6862780	5887090	6839020	7118140	6648780	6045480	6753540	6069550	7279300	7010330	5415520	5880760
P67660	2326540	2593560	2220580	2432330	2507790	2517690	2328130	2422540	2357400	2378490	2192640	2173550	2427080	2232680	2053560	2187030	2205290	2259220	1956720	2116880	2433330	2488050	2077030	2160850
P0A8V2	65985200	68985700	61486300	68067500	67019400	65861200	65818100	69221800	67639600	68080700	74654500	71178700	63645000	74488000	69052400	63508300	73433300	70161400	69713000	72003000	69711200	69456500	75376300	78165800
P08997	204414000	223732000	195045000	221699000	226828000	194112000	222571000	218117000	218778000	184942000	107114000	102709000	114397000	110559000	103235000	102299000	110702000	106458000	99010000	95254900	260564000	243235000	97148500	99072000
P76143	1328600	1936280	1279450	2001910	1898000	1370480	1859670	2039720	2079390	1269370	880237	841611	552534	919424	995975	865605	965518	963942	581323	604965	1827790	1832500	561295	990919
P37645	3951410	5529440	3854560	5070950	5542980	3899080	5530540	6307200	5870380	4160130	2635880	2727030	2236170	2746630	2454860	2307750	2654420	2709950	2295080	2353880	4805120	4725810	2576690	2767100
P31120	19386400	19981800	18497900	19482000	19091700	19762400	18944700	18002900	18163400	18942700	16399900	15959900	16159400	17129700	16671500	15490900	17044700	17002000	16503300	16213600	19238000	19547300	17025200	16602300
P0A894	5453480	5943850	5656880	5920030	5716870	6087450	5603390	5394530	5112090	5690780	5813590	5698040	6611950	5784490	5648710	5686370	6188620	6204800	5619840	5856630	6285420	5812780	5652130	5539590
P0A7A7	7639330	8444350	7389580	8178280	8510480	7656820	8472000	8587280	7943650	7559230	7457060	7390150	6796390	7518520	7237330	6872340	7689600	7751440	7429970	7548400	8653400	8197540	7341400	6982160
P21169	8872390	9562780	8524800	9097110	9979500	8189940	9396070	9308560	9424320	8445490	11126700	10994100	9944900	10841300	10619300	8996400	10627500	10729900	10204300	9903520	9090470	9196160	10351300	11032600
P31142	15306000	16997300	17392800	17257000	14609100	16666700	14775100	14685000	14584400	15401100	6645180	6779370	7148540	6740600	7174420	6992190	7455080	7574480	6930250	7096990	15412900	14941100	7135610	7374180
P77338	6103240	6143660	5553600	6074060	6124510	5668910	6051680	6275360	6514130	6043250	5701630	5591870	5217620	5693930	5610190	5465780	6068650	5491700	5707630	5987020	6083630	5986570	5825300	5833180
P00864	31635700	30243500	28139600	30035700	30428000	30925600	28832900	28351400	27853700	32506800	72480000	67974800	64603700	72073800	69816400	66909600	74107300	73014300	71637000	75927300	33088300	31258100	76970600	70592900
P0A8A0	26185200	22932000	29932500	25359800	22562900	28037800	22665100	22734200	24138300	26681900	26157300	25394900	30068500	26976000	28903700	29950000	30741300	26608900	30499700	26846000	22712300	23700200	26938200	28099300
P29745	8947290	7516120	8254520	7481290	7620740	9207060	7036460	7250750	7480690	9517810	8128000	7681450	8568230	8841910	8917890	8750430	9533950	8890260	10201700	10115900	8165030	7541850	10357200	9060810
P32099	2578930	2513870	2446470	2499740	2409210	2650210	2441070	2313900	2304840	2707440	1760030	1714540	1887360	1749120	1753180	1751290	1803010	1685230	1637840	1751230	2448920	2471720	1698170	1630870
P0A887	14817100	14393600	13960400	13766600	13611100	15010700	13268100	12671900	12301500	14961900	12397400	11916900	12441300	13045800	11848300	11771000	12468300	12770400	12059900	12246000	13874400	13403600	12409200	12346900
P0ADI9	34351.5	26141.4	NA	92831.2	99530.3	43329.5	80695.2	93262.5	NA	48226.9	51006.4	NA	38034.5	65012.5	NA	17158.9	NA	19965.2	24290.8	NA	32192.8	36124	48713.6	NA
P24215	4351700	4942800	4311220	4711080	4797310	4410360	4862440	5149390	4946510	4244330	2501540	2415530	2384420	2559710	2373880	2469200	2530380	2585390	2267880	2107550	4105730	4140820	2128240	2345610
P37615	1488530	1290760	1242770	1357490	1327850	1398950	1352870	1503050	1590090	1411180	1187440	988428	1182910	1172970	1091010	1221550	1283500	1141070	1176470	1150380	1320140	1394380	1088080	1134600
P0AC23	3268750	2632230	2885610	2482500	3008770	3136710	2215330	3597560	3120830	3565710	1427840	1316250	894971	1308620	1220630	1347870	1744600	1108520	1267240	1604860	2241510	2062700	1874560	1755200
P0A6V8	10807700	11252300	10324800	10971300	10330900	11156900	11326200	10182900	10139200	10697400	11133800	10518100	10611400	11585600	11377900	12575400	13242000	11891400	12740800	13252000	11460900	11432900	13187800	11973300
P0ABV2	3704330	7262490	4784260	7250860	6536550	3380060	7468810	7358310	6595760	2995310	10356800	9949700	12682500	10029700	8642130	9232660	8955110	9773000	9537280	8593920	5930720	5696340	7644600	8503050
P22255	8563110	9507800	9102090	9094810	9390080	8968260	8727380	9235910	8433190	8399250	6533810	7173730	7226830	7043890	6730360	6820950	6744910	7538220	6464500	6302770	8592600	7951650	6508310	6580390
P39180	1078140	97570500	1553510	128308000	99848200	1371700	128109000	78168400	87614700	1059160	76645700	68926200	93898700	67423100	82551000	75020800	81727000	71941700	2911660	1108590	88061000	128392000	747135	69640200
P76342	32634800	35441900	33304200	35219800	33447900	33788000	34766000	37804900	34865700	32172600	28786100	29713200	31085700	25058500	27887400	30060100	34027000	30349800	29901700	29958600	36173000	33760500	27628200	30228400
P76223	1915910	1629230	1615930	1546330	1855340	1892850	1671870	1683250	1703890	1967310	2385470	2277100	2430100	2394830	2561590	2640160	2688480	2476520	2788410	2911060	1804440	1676070	2736130	2589790
P39838	2960030	3058790	2778580	3086830	3100400	2770930	3019280	3105540	3187010	2909790	3092640	2954860	2772700	3023440	2920960	2865370	3032850	2962940	2898820	2995930	3091040	3104590	2977230	2980360
P0A817	85575300	81258600	82690800	81593300	79426300	87010300	81595200	75809200	80110400	82209300	86712100	83098900	85526300	86443900	84370100	82747100	92102900	89285300	88018800	88466200	85754400	83080800	88815100	81592200
P0ABM9	489890	486170	497827	459698	459601	511660	439838	489493	477169	516576	492671	508591	471007	523989	488897	539675	541354	528026	532470	500443	458640	466279	539145	501780
P60906	22379900	22326200	21322300	22644900	21891900	22345300	21601000	21740500	21580100	21993900	25972100	25190300	25001000	26519300	25881900	24249400	27155500	26517500	25980200	25512900	22855800	22666900	25925200	25252300
P0A7B1	5667500	5695250	5211380	5958030	5992700	5507780	5755170	5757510	5639600	5668700	5988800	5902800	5640030	5732330	5974200	5616010	6383710	6043950	6033490	6148600	6534270	6343710	5887370	5639830
P64490	2170410	2351550	2884130	2707990	2588680	2339550	2578680	2572770	2466400	2140330	2416060	2629940	2852300	2213860	2905010	2559030	2593200	2335350	2499310	2324580	2687560	2181670	2586080	2715540
P75691	24439700	27844400	24083300	27886600	28718700	23645800	28546000	33510800	30447400	23055600	21551600	20191800	21292500	23596300	22049900	22407400	23522300	22948100	21896900	19957000	25470100	26845200	19206000	21411000
P23865	7834510	8121240	7731660	7904450	8041030	7873400	7643460	7938910	8037900	8349500	8665560	8280260	7849030	8635700	8004250	7900720	8560760	8242600	7923060	8183880	8055860	7955000	8362120	8412270
P0A9G6	647666000	804095000	660743000	771491000	740843000	624075000	796243000	698638000	733820000	576968000	199648000	202998000	185393000	201722000	184350000	183936000	198293000	194475000	171138000	158560000	858446000	795212000	159844000	196319000
P32131	4024490	3418370	3560380	3460350	3310010	4108340	3168650	3267790	3116780	4086600	3835500	3764990	3838510	3931620	3924950	3565500	3923310	3767720	3793360	4135790	3579710	3457630	4121690	3640880
P76017	1475950	2129380	2164290	1659480	1878310	2625720	2130430	2258440	2217400	2690120	1572040	1427730	1491610	1835310	1669920	1743620	1989500	1669920	1579870	1610580	2041630	1862930	1717720	1732950
P14081	2637940	3157420	2793990	3031050	2966580	2680140	3065780	2871680	2862820	2658460	3310630	3231640	3093190	3249200	3121220	2974550	3485150	3298560	3206890	3324470	3103730	2947250	3201260	3208490
P0AEY5	4559320	4065620	4706930	4346770	4365710	4617890	4219830	4185460	3746850	4705050	3419410	3341790	4016980	3340110	3312350	3539560	3532950	3730840	3584330	3539910	4469550	4473420	3557180	3947560
P32138	207825	201389	157871	189510	162393	211604	172988	231095	144815	251802	115682	124635	203671	217204	132261	100559	200181	148250	134029	188681	132876	231416	145619	151891
P39401	885884	1423130	884196	1351630	1373760	817539	1467620	1277310	1324910	823551	1450220	1370500	1223130	1315660	1176010	1215770	1310190	1304780	1248080	1295800	1207170	1268250	1373390	1413200
P24202	3033980	2848830	2863970	2939140	2642490	3144350	2713700	2450740	2526370	3140620	2226280	2268160	2615140	2483360	2223710	2413880	2407390	2339150	2374700	2362300	2798890	2941680	2221010	2239550
P76237	751962	793712	650492	737614	790928	694706	741658	799001	760968	728684	403588	388471	403692	415528	382371	362707	414795	399471	402920	423505	747675	755379	383473	407099
P37665	1039390	1168390	1048780	1007720	1113420	944813	1167020	1064450	1137240	911654	1283830	1374950	1205440	1228090	1264340	1195280	1304540	1309350	1254700	1306770	1063820	1126610	1344030	1250500
P0AB03	3017340	2432550	3154770	2631660	1949140	3430090	1877470	1913550	1892270	3270480	1425450	1448790	1762360	1557520	1706340	1758680	1852920	1581900	1901130	2032170	2473390	2416040	2169020	1697170
P37648	3732670	4133900	3627450	3927570	4191240	3619710	4182510	4054930	3954570	3689430	3565620	3485300	3582980	3485300	3571320	3534520	3690160	3729010	3624330	3670690	3968600	3937320	3780650	3612960
P76658	11644800	11480200	10555500	11225400	11250300	11402500	11286000	11916900	11476300	11813500	11063200	10570400	10179500	11162300	10910300	10590800	11963500	11000400	10976400	11192500	11512200	11628600	10689100	10963600
P64585	2522900	2582660	2204570	2678620	2682800	2575160	2443760	3366680	3063370	2561570	1836520	1799740	2044900	2017530	1873360	1998500	2001370	1717880	1729390	1917760	2721280	2493050	1830260	1801800
P37387	6798540	7397960	7321670	6718580	6672410	6355770	7145640	7149810	7602680	6036770	541535	377990	428058	493881	590442	551485	560810	705252	423288	338454	6475610	6343930	502285	494564
P00944	1060480	1125120	1088770	1109880	1029690	1075550	1112750	1057190	1071880	1019040	227074	335459	275015	285359	280786	309068	298542	260904	337069	352186	1155120	1141890	306443	304346
P0A9M0	13905300	14559100	13213100	14168400	14497900	13946400	13926400	14670400	14402500	14140000	14751500	14258400	13442500	14854600	14205100	13480900	15398100	14919500	14117700	14249100	14226300	14657800	14660300	14872600
P0AEP3	41105800	44847400	43298200	45043400	43912900	45130200	43705700	40570200	41222900	42704400	49891700	50620700	53099300	48551200	46541000	47158600	51425100	53593700	47926900	46842100	44977800	43196900	50686600	50935200
P29680	4624310	4793260	4763370	4779280	4844570	4922280	4502100	4152020	4309880	4456220	4394430	4331110	4323760	4597980	4230450	4210410	4364040	4539930	4186720	4239750	4850330	4335550	4300500	4066600
P0A6S0	1469600	2954780	1820210	2935240	2610920	1574720	2738120	2228590	2274500	1564060	336954	314640	325876	575983	381674	340564	316529	267809	229965	186148	2208490	2209900	192636	355418
P52612	720056	1628320	1114880	1653060	1326530	1023160	1455500	1158930	1174300	713847	571572	960079	678484	460821	604408	730467	779409	877807	660280	880192	1206490	1286390	467453	557897
P19636	2430640	2178800	2259760	2132420	2071600	2443620	2184920	1999480	2012840	2377780	1392900	1360390	1524230	1526390	1392880	1467690	1358240	1458260	1369340	1387480	1944610	2032560	1343390	1356580
Q57261	2057920	2113260	2036980	2186190	1970150	2235510	2039380	1877290	1922660	2091430	2214160	2186340	2307280	2371190	2166140	2168770	2323060	2341630	2201600	2157910	2196080	2120590	2253450	2172880
P25519	4241620	4390820	4109650	4533380	4346350	4483930	4116520	4384600	4439440	4420410	4483440	4329840	4526320	4275820	4472820	4332290	4859910	4369540	4429630	4558600	4402130	4502260	4500880	4399920
P52095	1903430	2310600	1811400	2431590	2436750	1852760	2290980	2398000	2312890	1936280	1695270	1594450	1490250	1616610	1666920	1502470	1752460	1556410	1641790	1663960	2196660	2227640	1582730	1616360
Q46863	925653	974306	947499	931933	885977	938213	895135	796834	849288	947292	326137	301893	364554	340652	352085	317294	401601	375027	350519	364003	1043620	961494	404099	355896
P75831	1406740	1425440	1364970	1351920	1480710	1369620	1380960	1311800	1341850	1409620	1211480	1244650	1037550	1278100	1215090	1085070	1235070	1222560	1194610	1203730	1438620	1330180	1167730	1161670
P30138	7265040	12347800	8354650	10437600	10072200	7818710	11567400	10457400	10242600	6891920	6289640	6169760	5921740	6865620	6221640	6088340	5878590	5994900	5966590	5503030	8928610	9996480	5547330	5660700
P31550	7809140	8826940	7900940	8588700	8592020	7736340	8615750	8563800	8651530	7763480	7699690	7535420	8018460	7716250	7611920	7909260	7883020	7763290	7656730	7648400	8849620	8905280	7509060	7609260
P37649	1855840	1906620	1798560	1827460	2029870	1806340	1848320	1861490	1794370	1790640	1517130	1547770	1323700	1521170	1414380	1303370	1538540	1389480	1406930	1488810	1754240	1709700	1373800	1405910
P16700	50318000	54676300	57786400	50663800	52293100	54944600	49751200	47108400	48221900	51233000	48597700	50150900	46406300	46400800	47386900	48593800	49527000	51700300	47122300	48329100	54356200	49655000	51501100	48735900
P0A8T1	2212000	2162240	2305580	2225990	2064410	2365920	2160940	2025640	1977960	2304710	2626140	2629770	2784030	2636670	2567110	2555090	2547290	2562630	2609950	2489440	2294080	2353500	2730080	2414980
P14294	1266280	1328400	1197150	1372410	1244330	1229720	1247120	1197850	1292720	1251300	1275060	1166480	1240190	1286150	1212290	1210410	1320490	1187120	1232360	1289490	1328820	1397180	1251180	1243690
P28861	2512710	2552560	2386780	2609120	2520630	2627220	2531700	2574400	2292900	2775960	2384870	2351850	2446420	2445570	2506420	2438300	2543210	2464850	2406580	2376750	2421690	2368620	2328730	2339530
P11458	10137900	11772400	9713420	11852500	12137200	10422900	11334500	12173300	11846000	10411300	11297200	10404600	11498500	10869400	11648700	12465900	12653700	11675900	13191700	13219000	11514600	12316100	12307100	10658800
P39315	3380030	3778710	3624180	3797310	3610690	3798110	3413920	3669550	3297790	3713900	3801480	3858760	4049100	3587460	3782730	3822250	3613210	3715060	3971080	3756270	3657230	3826430	3997100	3703890
P0A763	87224100	90301000	114340000	90111900	75856000	94055000	87761900	76838400	69109500	85590700	42439700	43573300	44841800	43484900	47858500	40570900	39474500	46335500	42428900	37527400	89184300	93425100	41925900	40933400
P0A6G3	3305430	3511740	3347990	3585060	3418940	3194660	3267250	3248820	3191470	3328380	3169260	3219030	3076200	3148430	3354470	3647950	3350000	3277610	3244220	3311250	3347760	3270560	2979340	2865540
P32153	26016	36236	46750.1	47432.6	54654.3	19123.4	46595.9	38327	33862.4	23758	45119.9	43697.9	38035	33937.3	49012.4	37388.3	21999.8	52307.4	33633.5	41744.3	74360	53585.9	42807.8	28660
P18133	5297440	5198060	5266840	5266820	5120540	5407630	4995980	5036910	4791100	5487270	5433180	5239470	5310220	5331310	5396580	5073780	5672150	5470130	5474930	5575210	5759200	5401190	5414320	4916780
P0A879	17175300	21710400	17945300	21145900	19999400	18342200	20542800	19915100	19146200	17142900	20964100	22699300	23694000	23352900	21529200	20933800	21324200	22079500	21620000	21380300	20507700	20694400	22887700	20673000
P31827	809881	1132370	807539	1078500	1028640	780487	1117940	1122290	1181370	772619	900788	888801	947050	921142	894262	964669	1065650	978347	1065730	896285	971023	966695	721253	973400
P33195	4439840	4384360	4173350	4212450	4250460	4549710	4134870	3840080	3660690	4532350	2753510	2640200	2439950	2639980	2637310	2480990	2882540	2767040	2618270	2728800	4717340	4616870	2753710	2976820
P22523	10416900	10547700	9240720	10635700	10103700	10554500	10147100	10188000	10400200	10980000	10859900	10468100	9978310	10999300	10427500	10055400	11225600	10390000	10635500	10941900	10298200	10721300	10677800	10836800
P09151	45778500	47801600	44034900	44130000	47304600	46175500	46222700	46355900	41531300	46062400	62923400	57915500	53415500	57764500	58658800	54996300	66663900	69593200	61478800	58967100	49746800	46414700	57802000	56126300
P06959	144031000	182000000	154211000	172870000	170104000	149131000	169299000	164313000	160098000	147824000	74571700	71355700	68388000	76174600	73411200	60941800	76595900	74959200	77766800	77003700	159275000	172902000	83360500	76503400
P77695	12170400	15339800	18674100	15477700	14672800	12904200	14178200	13624600	15437000	12512300	11493000	12126000	14617100	11074600	12310500	12881000	12208500	12136200	12720200	10910600	15890400	14444700	10138300	11161000
P0A8M3	58276600	54563700	55519800	53112300	51559100	60002900	49606900	46555400	47705500	61327200	50221900	47587800	51370000	49753000	47769600	45972600	51876200	51792700	51028000	50745700	58211700	54031100	52955300	48438100
P0AD33	22400000	21739000	25375200	24119900	22827300	23325800	23425900	23877700	23977600	23821900	19974900	24817500	24604500	23584900	23479800	26723400	21171800	18331100	25340600	24887400	22442700	22614100	27259200	21963900
P0A738	4270030	4283080	4005990	4167590	4126510	4193060	4364480	4611450	4130440	4254010	4386160	3587410	4396260	4424090	4092220	4320380	4280910	4434430	4164750	4100600	4007440	4352040	3750890	3911400
P0AD61	34907800	40725500	34174400	40635400	40829400	34489300	39652100	47403600	43504500	34692000	79664400	74064500	70473300	81088000	80362100	77272800	88135300	77569400	80589600	82362200	38337400	41170500	78328800	79702500
P76141	932257	804079	714397	825525	820956	842787	707189	896648	887463	749718	662766	587482	668879	638283	616444	624547	621465	659295	635753	613697	839458	905653	595890	663056
P60716	37402800	28482600	34530700	28027300	25904100	40866600	27517100	24037500	24013700	37265100	11117800	11368000	11892000	12682300	10993100	10754600	10701200	11818800	12242200	12983300	29394900	27799100	14098100	11957400
Q46814	331202	323993	450037	348879	193867	380431	243155	156310	250470	378611	112656	160248	201422	130166	216426	176786	162148	186677	123150	207146	317274	380257	176583	232086
P0A6M4	4171300	4440560	4107330	4521640	3904850	4540610	4036860	4768070	3961510	4226410	4628710	4172250	5099250	5183450	4690430	4885730	4786710	4412170	4582160	4565360	3998570	4657940	3950410	4430580
P0AAR8	1200810	971112	1552410	1058640	819574	1362820	849290	915738	1034520	1196360	307852	261513	327775	308958	316044	323047	310770	279726	337631	312724	947934	1075690	322921	305882
P0AAI5	22613800	23704000	23332200	24107800	23072100	23468900	22515700	21391700	22028900	22793400	26182900	25606100	24789300	26036500	26294600	23838800	26721000	24972600	24858400	25243500	23360500	23447700	24993400	25872200
P77754	6835170	8814440	8661860	9044430	9198320	6747560	8755000	10511500	10937000	6410720	3419250	3454360	3635850	3268810	3531290	3948210	3913400	3599390	3581110	3212220	7088990	7708550	2932180	3557120
P0ABA0	38996400	43810600	40120000	45443700	40649600	43355800	43590400	45486500	46707800	41227700	29751300	27782300	31848600	32730200	29321400	31508100	35105300	30272400	33128400	32652000	44369200	48502100	30330200	32680300
P08331	9085220	8845910	8406060	8759500	8408720	9321650	8535370	7464460	8036990	9744080	3787180	3780300	3789240	4020030	3862280	3905900	4046730	3880130	4132590	4083370	9621090	9455260	4200340	4103590
P10100	6460580	5493480	5577630	5661550	5714380	5703740	5562250	5801240	6335930	6205710	5494770	5137270	5218880	5218530	5136930	5175160	5116310	4862080	5501370	5476240	5963850	6135820	5478340	5680800
P21599	86466300	66027200	77026400	68428700	72867100	88689000	62113900	64816600	64011800	88202300	59794100	58393000	61892500	62112900	64070000	62723400	70478100	67279700	74748500	78704900	78878400	74217600	78633100	66351600
P0A7D4	99801800	112653000	102701000	112185000	103333000	104424000	105939000	98658600	96623800	97034200	91636300	93244300	92325300	91638500	92397700	86979900	95525300	91602200	98632700	99517000	115252000	121209000	114762000	99034900
P77756	938803	1039850	1029770	1018790	1000560	1073660	920535	913315	814644	991361	951785	805360	949017	1024890	925496	918629	915221	862000	927167	942390	973492	938290	942738	913111
P22188	5096680	4901780	4552430	4828190	4678200	5265270	4608060	4482140	4637200	4881220	5117740	4827210	5208100	5167780	5022890	4799890	5336810	5165790	5146440	5101170	5047730	4931350	5169140	4762310
P0AG71	1198570	1194520	1102770	1140280	1095680	1172950	1144900	1175920	1238860	1132290	498701	495289	490574	564864	519681	518567	557897	531110	531541	511453	1024650	1117450	502461	514287
Q46799	1018390	902750	1011560	848438	618349	1023040	779321	657716	746063	988831	667740	748372	713051	595561	461283	706127	429671	701598	596155	438078	1043880	872602	511359	625715
P17888	1686480	1629780	1587540	1552510	1613830	1562790	1602690	1472470	1499960	1598560	1362060	1381010	1280610	1368670	1335200	1204500	1375940	1465590	1379370	1438480	1786560	1565040	1398270	1389780
P33595	1003090	1138270	1004060	1208340	1016270	1030500	1067930	1058740	1058920	1026360	1015460	881513	919746	1007550	967176	903549	1028480	993352	952286	1024210	1180680	1065910	959022	894435
P21888	10595300	10919000	10555700	10918200	10299500	10828300	9953540	9414710	9790190	10170200	11914200	11249800	11335400	12140200	11823800	11143600	12190300	12387400	11935100	11822600	10550600	10429300	12492100	11396200
P0AB58	2000960	2010200	2112290	2073480	2061380	2104770	1906050	2162870	1955330	2080560	1449350	1382250	1423270	1556110	1596790	1411280	1594630	1481050	1391630	1427740	2019020	1925150	1444020	1346370
P0AE82	2585040	2519350	2344450	2531310	2461470	2463210	2407810	2428620	2453850	2494770	2031660	1942300	1900860	2067360	1896390	1860940	2084630	2060710	1912060	1933610	2445880	2391080	1894210	1958100
P36767	6798120	6980800	6587660	6360890	6454180	6759230	6821400	6207470	6392120	6693720	6375630	6039950	6343180	6933130	6214030	6450670	6743900	6770210	6367380	6356810	6971230	6247100	6026980	6116120
P08192	3779190	4352270	4033310	4447660	4200440	3829490	4291140	3863370	4062310	3722740	5025120	5125950	4631660	5002980	4911340	4657490	5066100	5260060	4802030	5106910	4319200	4352030	5007780	4676430
P39371	1880320	1964010	2056400	1814180	1845100	1958380	1845960	1946470	1905670	1930140	1353940	1318960	1343340	1299200	1261850	1276890	1326050	1294330	1309710	1307660	1795160	1694610	1266770	1334670
P0A707	51711700	49885000	61097700	47772000	48293600	51727700	49853200	48123300	49112900	50202500	45715300	50224000	46967200	48257200	50527200	48968000	51346700	48587600	50099600	47031100	45434900	45993000	47750400	48758600
P77615	454804	579629	460153	538624	519150	421215	528710	488274	487745	413121	438591	420130	419340	424518	385289	427275	422988	429143	377426	408021	489770	476656	346343	402250
P07913	7784180	6824540	7547390	6803950	6907890	7586000	6219020	6358820	5795000	7378060	3072640	2989430	3128870	2948940	3114110	3069830	3165040	3197410	2920300	3146550	7073210	6292980	3021930	2669540
P0A6E6	19632600	23593700	27266500	24362800	21345200	23429100	22433500	22777600	21844800	20992600	17523400	16452000	20492600	15737800	18518400	17489400	19663100	17286900	18841800	16726200	24056100	25339900	17097800	18050200
P0ABK5	286496000	309908000	330786000	312671000	304933000	323649000	308281000	279691000	269286000	300852000	270279000	280382000	284822000	259216000	267515000	264085000	290848000	287068000	275973000	282165000	329105000	334355000	293761000	278103000
P0A6H5	19179600	19178200	19068600	20278700	20059700	19335000	18807400	20163200	19830000	19479000	21284800	21071600	21141700	21636200	21280100	20739200	23053300	21883800	22077500	22119500	20673100	20736600	21518800	21720600
P39367	247991	212973	256277	229981	198178	289323	171666	159229	160788	215153	176401	254793	285829	138612	118643	100345	239133	309981	200834	206982	266059	225707	220730	180528
P0AAQ6	397278	679292	527106	644335	766292	420582	672739	958464	965134	457135	191887	200597	147204	148155	185512	162622	191493	211185	130917	119527	546804	561142	129676	167124
P0AA84	525906	647734	498079	567163	572981	533454	592195	681283	594883	498447	681563	631651	596501	631421	595345	637574	678459	638925	615163	643601	592758	589478	568447	514177
P0AAG0	12894500	13481800	12584100	12157500	12442200	13558800	12787100	11761300	12386200	12840800	8664740	8555410	7956170	8888650	8656740	8325250	8758300	9067720	8845110	10008400	12516800	11914300	10402900	8840030
P0ACE7	21291600	22570600	26029500	23063800	22527100	22094800	22164500	24631100	23147400	20189800	23989500	23691200	29101800	23269500	25897200	26849200	24896800	25045200	26495400	22865900	21782200	22584300	22621900	23818200
P07004	15093300	12599300	13473100	12109400	12568700	14531300	12295300	12210300	12192600	14549500	11237100	11609200	10978800	11627400	11071700	10718100	11603500	11908000	11388000	11755800	13121900	13375500	12114600	11192300
P77399	3032690	3613760	3009040	3585000	3046320	3002030	3398760	3513510	3519740	3064670	644574	639220	471835	650933	609635	512345	650916	616168	466035	420806	3225840	3364270	497771	732433
P0A9P6	5097640	4977180	5036910	4993140	5689810	4967660	5119390	5820420	5759510	5305050	16315000	16871700	12222400	16396300	16577000	13429600	16581100	16473500	13936400	14241700	5302430	5217210	16154300	17545900
P0AEK2	60781600	67819400	71618000	67598300	65015700	62698900	70195100	63972000	60605800	60842400	70154200	65984300	75575600	64819300	75446100	70030600	72940800	75087300	71295900	68146800	70476400	67634400	70627000	72372500
P15033	28704.6	46780.1	54361	47567.5	46700.7	48940.8	31067.4	55372.9	43785.7	37175.6	NA	13222.9	NA	NA	NA	NA	NA	NA	NA	NA	25922.1	20545.3	10060.5	NA
P33941	642061	902409	788263	936124	949872	637258	890296	887108	809451	621137	1009730	991679	1040800	822738	906016	877256	1032490	1016160	937094	945251	935842	834155	861464	805702
P0A951	8547430	7340020	8297680	7041650	7024110	8673950	7114890	5807840	6037500	8435010	6657420	6711130	7494510	6529030	6737620	7023560	7129300	7179480	6675470	7194360	9449940	8004270	6890710	6082840
P76418	950557	898155	771042	887620	889793	957646	874217	828947	898668	876413	737116	680928	750981	774311	675793	693865	767785	672877	740461	749894	877583	903345	695108	721243
P06987	12582400	13643000	12600600	13284700	12920600	13589900	12558300	12682100	12434600	12211900	32185100	32126400	30868800	36097000	30766700	27879500	29978400	31102600	27826200	29039300	13058500	13675000	28587700	29403600
P76621	2207960	6404330	3625330	5483440	5124470	2296030	5686180	6296950	6104620	1791300	904699	812884	264270	881005	901123	667594	860724	890165	353129	402085	3749560	4514650	249152	964011
P0A9M5	48130500	46573500	54713400	43152700	45106200	49661700	43504100	38415000	36500800	51803200	42107700	42092300	46253300	43483300	45100400	42216500	41403000	45711200	44365400	43945700	48330600	44309700	45234000	44800300
P06864	32030.3	49470.3	36968.3	53691.6	60387.7	34946.4	57990.6	61349.6	60173.1	31524.4	NA	NA	NA	NA	NA	NA	NA	NA	NA	NA	50999.3	53954.2	NA	NA
Q46829	11134400	12235400	11310400	11918600	12172700	11059500	11849300	10939000	10739400	10994400	11485200	10775700	10297800	11271200	11151700	10544800	12051900	12106300	11274800	11802200	12532900	11576700	11764500	10841900
P0A8J2	569238	533068	678230	515391	524822	609247	570394	499823	405046	550415	504477	517127	600320	486999	583841	551485	542304	567625	548123	530462	570469	559283	566537	509761
P76227	2030990	3345190	3245860	3441920	3253540	2398630	3442630	2691450	3032860	2346880	887453	1014920	988690	903936	936894	981455	861541	961788	910438	847493	2365680	2489890	888441	970687
P78055	2036870	2134600	1908230	2046940	2101290	2248780	2090110	2140620	1879030	1966530	2397070	2260880	2736750	2414090	2174730	2376760	2526990	2670960	2454200	2490840	2083640	2317300	2603790	2407220
P46474	876164	1087220	871190	1015340	1012770	869517	1036750	935045	979938	907166	1055070	1047490	923720	1029020	931103	892595	1014400	1018750	953595	1004710	1023170	1010540	1062150	1034220
P37689	9755640	10045700	9197140	10455300	11019400	9875070	10484300	10416700	10635000	10016600	63629000	59203000	55775200	59717200	64987400	61719900	68880600	64093800	68382400	74320000	10280700	10550100	75120700	63850800
P76108	6327670	8879630	5994870	7693610	7966760	6638520	8287510	8497950	8245310	7171430	1560090	1692310	1053000	1622010	1552020	1544650	1696420	1679770	1184030	1157720	7249230	6779260	1115970	1754620
P0ADS9	5721110	5823590	5797290	5806980	5718640	5899810	5786310	6155650	6328100	6048560	4772170	4708560	5018510	4978840	4598490	5014900	4979060	4804480	4892560	4613880	5971060	5946970	4682990	4864680
P76537	5578990	6114360	5281680	5608600	6379390	5164930	6277760	5958470	6524840	5390040	4571970	5043740	4337900	4916680	4456000	4688380	4793080	4667750	4495870	4609260	5478620	6063040	4687970	4699400
P66948	9591750	9229700	8764030	9262150	8958150	9566330	9324820	8699320	8772670	9340220	7262430	7294420	7981130	7144480	7042650	7310480	7427950	7180780	7475530	7318390	8829590	9242620	7375780	7235810
P23331	1834270	1831840	1779800	1819920	1803560	1921430	1778220	1733570	1694300	1853000	1473090	1435530	1428150	1695850	1579880	1532740	1438270	1490020	1371860	1517720	1954000	1878090	1439360	1402890
P27862	558701	549758	556864	500552	586846	555112	550878	513068	503023	469395	467629	471616	523475	473824	491659	513028	514153	473927	527763	510417	584901	521546	482888	409090
P69853	2633690	2024870	2361790	2221010	2091690	3206850	1849250	2004210	1892910	2686900	3442670	3238960	3960320	3408790	3448190	3944650	3879910	3578560	3839620	4238340	2285280	2042490	3500300	3018510
P0AA86	663918	499639	559176	543606	541070	558132	617176	572459	524917	674686	494888	517971	482143	551111	517304	486118	548256	582944	567047	568219	476440	519155	562006	544990
P21361	1901040	1987850	1301460	2978270	11618000	1005080	6814380	20369500	22924500	2654090	2381550	2895910	1543950	2550290	1541080	2659240	3103760	2466680	1075450	1004160	6152020	5802720	903714	2142220
P11875	17099400	17012800	16901200	17254300	16447300	17791700	15694600	16089900	16065500	17228900	18936000	18138600	17764200	19299400	19063400	17907800	20051200	18649600	18603200	19020700	17657600	17801900	18623600	18563700
P0A7G6	33188100	37891600	35449600	38048200	36821800	37093100	36887100	34599000	34660900	32622600	33446800	30987000	32820600	32133800	32355000	30704600	35623000	34915900	32198800	31973100	37917000	35152400	31441400	31878100
P05825	9775560	20463900	11702300	21295400	19073200	10595100	19527400	21119600	19245800	10107600	20209400	21546700	34759400	19135500	20410200	24045000	25731900	23316100	31192400	19758000	18209800	17792700	18645100	22399600
P0A8W2	23277000	18609300	26865100	19440000	17858400	24500200	18405000	16827700	15909100	24277300	12488400	13108600	16627000	12022000	13771600	13797900	12720700	13332600	13948800	13229400	19894600	19216900	12408600	12184400
P0A823	836812	843553	855284	851520	855334	891817	867148	774892	803759	844149	876409	854772	944144	937203	853217	919946	878926	842485	841516	837855	721895	784476	791769	820666
P0A6P1	139828000	150788000	158958000	153586000	145864000	150622000	146941000	153449000	145888000	144362000	186723000	182955000	201399000	192267000	192823000	187960000	196639000	191553000	186882000	179833000	143423000	144632000	179619000	197203000
P0C0L2	93244700	109664000	108296000	107061000	110929000	92791000	119432000	141151000	118714000	98026200	60142800	64439800	62431600	57437800	62949900	68738000	70355700	70532800	62862900	58620700	104646000	94704400	55348800	66687600
P0A9D8	34929600	35087800	33190800	34364600	36483900	36539100	34712000	35602400	34021400	35442600	71389500	69545600	73174000	71684100	68643400	73734200	75294100	73247300	72120900	73257400	38649500	38201400	71270600	70240000
P0A7A9	131087000	147940000	181988000	148313000	139260000	146244000	159629000	139517000	147070000	139046000	152631000	144361000	172599000	151735000	174040000	162086000	177900000	158381000	170579000	156487000	155532000	150721000	151401000	152822000
P33368	944954	1319450	1042170	1231700	1382830	974820	1243190	1419190	1236590	954043	906526	1000660	894355	895325	855697	885504	1011900	1004830	799559	847246	1178020	1109060	830973	935230
P75804	580367	934953	811923	863982	883342	606434	840602	920160	831815	561917	656029	666332	574070	616018	661564	601626	609793	699493	548681	560960	813047	825113	662968	658808
P0A935	4685910	4727690	4478010	4356640	4559790	4378880	4419640	4380500	4485800	4579430	4750030	4516150	4694510	4796670	4585400	4593740	4578670	4572080	4363200	4311320	4448730	4369070	4563020	4595020
P0ABU2	12863400	13977100	14004700	13416000	13183100	13415600	13853600	12404400	12961900	12893700	15019200	14999700	13717200	15023300	14311600	14492100	15025000	14970900	14759000	14634200	13241100	12876500	15422500	15075100
P0A8L1	65410900	47907800	55029800	47759900	49206300	64062900	45263800	45806500	46847200	62009600	38355100	37608800	40119600	39381400	38871600	37910200	38947300	39571800	39248500	40350500	52366700	50797000	43226300	38447400
P0ADW3	20885600	21015200	20852300	19094100	21537900	18878900	20712200	21465700	21985100	20137100	15746600	16822100	14098300	15126500	14966700	14413300	15213700	14494600	13498600	14686300	20007900	20278200	16598100	17163300
P12758	33789400	39602500	35942000	38830800	36034500	36690800	37555000	37884900	34754400	34278800	33751400	32692300	39259900	37234200	35241600	34304200	37486600	34949900	36930100	37102000	38385800	36695600	37187300	35004200
P43672	2960130	2778610	2690970	2780550	2715730	2948120	2627870	2671670	2777070	2916640	3500360	3478430	3286610	3560770	3493390	3200180	3529540	3317570	3326060	3471410	2759370	2735880	3450420	3345460
P09127	15539000	15042400	14690400	14903100	14761100	15723800	15021100	14899100	15214000	15807900	10527900	10276000	10004200	10620500	10684800	10511700	10810600	10202800	10463500	10645500	14697600	14637800	10166900	10572800
P75867	6127210	6950170	6061150	6734560	6109680	6032620	6369900	6065230	6246550	6564900	6828430	6387020	5871550	6813980	6820130	5982210	7071810	6629120	6711830	6761320	6373340	6394850	6938660	7024100
P77488	6926660	6837580	6523340	6398620	6542290	6415440	6364890	6035060	6410590	6889270	4993430	4899730	4048500	5194290	4891580	4324790	4904320	4943070	4751000	4799330	6467070	6254880	4963440	4866800
P29744	158670	625689	284723	757405	873687	265361	600652	609073	693815	426244	NA	39835.5	38417.3	116572	NA	NA	NA	NA	NA	NA	151997	203714	NA	NA
P23721	86735400	89921400	81557200	84628000	87933500	88308100	82600900	80160200	80741600	80674000	142917000	143654000	143745000	143878000	139084000	139005000	144022000	151043000	141379000	138070000	87585700	89173300	140140000	145874000
P21170	14264300	18003000	15251500	17256700	16816200	14681000	16368700	16955700	15920600	14782300	18763000	17984400	16186100	17461800	17892200	15343100	18628000	18898600	17294800	17295100	16281700	16221600	17212400	17417200
P43329	2353170	2558040	2186220	2439920	2549110	2310170	2466030	2443220	2429120	2394070	2949350	2889220	2487510	2958780	2808960	2656650	2931850	2951870	2782380	2934670	2559630	2488940	2962480	2903490
P27249	10224700	10628300	9721300	10449900	10165100	9969010	9983920	10133200	9457870	10415500	8663920	8434420	7617110	8065680	8157740	7708610	8892040	9174150	8412960	8755470	10795500	10244800	8601540	7367100
P12282	1329960	1205920	1190810	1230570	1126170	1343660	1117980	1130020	1125380	1379790	1033630	965371	1136750	1147310	1087480	1180030	1024030	1088660	1102220	1112920	1265590	1236260	1075060	1066090
P76217	1637720	1831940	1572990	1732680	1642450	1799520	1668760	1872570	1853860	1902710	606203	670486	280312	672453	615573	472579	580901	758191	380084	399717	1955570	1695590	483405	646230
P75862	60811.6	80423.1	119082	82725.1	46959.3	116657	53619.3	64060.7	NA	120736	110493	83313.9	103033	79943.9	85196	83894.5	103080	92668.3	91413	104075	77818.6	54979.4	81161.7	68150.1
P15286	614874	652953	655575	664701	632468	657632	647271	654443	618009	615179	743350	739848	744863	767271	738369	708743	699436	708662	723665	716971	612659	634091	687713	725826
P07001	18796600	23387400	20441400	21714100	22001300	19242700	21787500	20674400	19860500	19329700	39977600	37876900	36449100	37218500	36335400	35845300	39271900	39252200	35637500	36633200	21054400	21518300	33740000	35126300
P0AEX3	9772570	10190400	9669860	12394900	12106900	10092100	10069000	12560000	14052500	10251500	5272400	5071220	4350590	4550710	4869650	5135730	4789130	4040310	3882320	4624460	8031310	8029470	4417650	5195250
P17952	4221160	4454270	4021640	4515380	4227000	4298230	4306530	4157810	4094970	4245430	5168960	5139250	5211470	5435240	4916230	4589620	5352190	5345640	4812030	4903730	4264580	4465870	5336480	5429060
P07118	23910700	23353400	21772900	22717300	23041600	23060400	22321200	22388000	23137600	24040300	28012700	26373500	24222900	27413500	25267300	24393300	27812100	26544000	25598300	26377000	23988900	23425500	27300800	27680600
P77181	1456760	1698050	1576370	1536070	1624920	1495770	1597970	1540330	1521650	1284050	1094740	1187610	1136640	1257210	1238300	1195590	1139090	1272610	1079220	1103140	1448030	1456780	1143870	1166240
P0A6X7	125421000	124556000	181126000	132204000	123882000	139279000	119027000	136417000	144764000	143869000	92695600	100443000	106168000	83467000	103794000	99983300	102307000	103583000	98778000	98424700	146093000	144373000	99963000	98003100
P0AEZ1	15738900	15013000	16643100	14546500	14170300	17408400	13771500	11707400	12626200	16218700	23958600	24942800	23265700	24365700	23856000	21222500	23633400	26835300	23111100	23916600	17199000	14533100	27503400	24856900
P0AEZ3	83063800	83054300	83186700	81831400	78677600	84908800	79240500	77494900	75964600	82120900	54469000	54896600	60893900	55111800	54220500	57882200	59768600	58040200	55784600	55694300	84253300	85262500	60020500	59635300
P37005	1517090	1567240	1471240	1574330	1440990	1598580	1499450	1552890	1429990	1460170	2280610	2187560	2568110	2290470	2188240	2137900	2279050	2191960	2105070	2071270	1530380	1576580	2220860	2139090
P67826	3056630	2816270	2951250	2821620	2754840	3108790	2718940	2646740	2537960	2958710	2518030	2398030	2529890	2487070	2317800	2337990	2386010	2474090	2208500	2324270	2678170	2660840	2411230	2410190
P0AG16	8317070	10746900	9049200	10745500	10374300	8522780	10426200	9833440	10007600	7693890	14377800	13420800	12919200	13080900	14003900	12415900	13986500	13715500	13752300	13899600	10144700	10572300	14090500	14173500
P05719	1431260	1671110	1532710	1669360	1670780	1473200	1608580	1479420	1601980	1354210	2299410	2305420	2280130	2395700	2311660	2234930	2286880	2262630	2148860	2253480	1749190	1771740	2326040	2354050
P0ACM9	250166	276722	266284	280285	253547	277947	269388	244879	269458	267039	213276	212739	207794	215415	197237	188389	210471	227556	208684	200388	316892	283995	237003	226671
P0A7X3	119109000	131305000	116681000	116239000	121947000	112000000	121128000	112562000	105838000	115951000	147608000	148308000	150409000	159999000	151900000	140585000	143084000	158976000	140787000	146116000	118596000	122749000	142719000	147427000
P77552	4759190	4805210	4659040	5037340	4845150	4551920	4673000	4472430	4610780	4675140	4330100	4433350	4386710	4400890	4547150	4216060	4616520	4477650	4602750	4624410	4595890	4960810	4553640	4485660
P69411	5172060	4726630	4885060	4753850	4635610	4950190	4837990	5108130	5252830	5210110	3148750	2980840	3329110	3361700	3365000	3177050	3535590	3367590	3135510	3335670	5526060	5187770	3398810	3752480
P78067	3664870	2801890	3418850	2999860	3634420	3727860	2718500	2850340	3077420	3902530	6535920	6483190	6819070	6766310	7246790	7260340	7730060	7414610	8436300	8504570	3713770	3244040	8825320	7909480
P04993	971872	990873	933206	973033	990094	961391	983331	1008550	979464	1000310	829042	838516	813961	854723	846807	782023	914382	815822	848178	854164	987200	968685	842336	809439
P77806	2651840	2173690	2525750	2359010	2100180	2775140	2075860	2008820	1873550	2621130	2335610	2178290	2027300	2169110	2496350	2201600	2386960	2295780	2379120	2579250	2489650	2259690	2360800	2045940
P76561	2033720	1942040	2095570	2087590	1908980	2227770	1886830	2143030	1995240	2067040	1756950	1778240	1667780	1535630	1575390	1581180	1665540	1545410	1619070	1469840	1711850	1878640	1645370	1509360
P10442	892944	1534770	1197210	1476600	1370720	1003740	1486380	1405630	1212090	921177	1999880	1997820	1928940	1989270	1792880	1664590	1745430	1999350	1674570	1751460	1219330	1302350	1662960	1759000
P15005	3307380	4281360	3600670	3893920	3996270	3100320	4065420	3081480	3561090	2917780	4961130	5300680	5111480	5264710	5017310	4946610	4851080	5284640	4823780	5118060	4090460	4121320	5306980	4284400
P75678	73020.3	75528.1	65234.7	79518.1	67632.4	63722.8	66897	92801.3	87827.6	65375.9	75514.5	81887.8	73080.7	78806.9	53440	71975.8	81413.1	68457	73891.3	77287.2	92556.1	72311.2	57706.6	75498.6
P0AEH1	3387460	3622180	3462740	3386320	3612070	3086180	3666750	3347990	3766860	3295600	2835940	3053980	2297340	2680300	2670530	2543060	2761080	2835300	2526530	2648920	3398240	2978340	2722400	2666910
P0A7Y0	11303300	11056000	10885200	10923700	10121800	12393500	11242800	10965200	9702230	12518000	13077300	12449800	13858300	13455700	12144700	13074700	12754800	13390900	12950100	12601300	10700700	10836400	11966600	13327400
P0AFK0	6918340	7286240	6410380	7286460	6936470	7161670	7117770	7375210	7653160	7200130	7160900	6803960	6365870	7444480	6858560	6773680	7352920	6817140	6913310	6876280	6877090	7236590	6964460	7322100
P37028	725393	985460	1077130	849481	877788	863424	889839	713948	782599	788470	818443	869816	764756	789299	863628	854226	758947	919625	869937	801343	989615	820914	899951	802720
P08194	409932	278142	341216	284844	295989	335315	228197	275963	300296	374218	NA	NA	NA	NA	NA	NA	NA	NA	NA	NA	269674	210651	77250.4	NA
P0A940	22856400	23802400	22737200	23329000	23254000	23324800	23337600	22409500	22573000	22789000	20996500	21250500	21868100	21919900	21411800	21356100	22094900	21614600	21361200	21113100	23665100	22840600	21508300	21312600
P16869	791634	1385790	855762	1448270	1372310	730457	1374760	1561930	1358870	775988	1612060	1901430	2420040	1613430	1619750	1758430	1881050	1875240	2091890	1521290	1254460	1103400	1490590	1700640
P46890	313357	293818	290779	292449	263183	287242	263043	247384	219101	279455	35369.4	108202	NA	NA	128458	83180.6	63951.5	115362	66643.8	42743.4	298795	283850	95127.5	216879
P17846	28701600	28692000	29701100	27751600	27518000	29323400	26149500	26398100	26727500	29199200	32570500	30211100	25957400	31487700	30967600	28277200	30814400	31819500	29305900	30918400	28144000	27260100	32724900	31164700
Q46851	16631800	15310400	15901500	15309700	13933800	16486000	13586800	12551400	12590500	16223500	2575560	2554620	2605960	2592460	2897480	3042800	2976290	3045070	3131790	3192160	15770000	14762500	3481380	3085260
P64474	1268770	1335090	1433590	1499310	1370080	1313900	1363270	1296840	1547840	1254370	1638890	1595030	2079660	1462530	1695280	2056060	2032900	1602560	1952860	1846830	1444160	1676130	1679730	1781190
P0A6C8	19728000	19800300	23769600	18646700	19070500	20104800	19148700	15501900	14473400	18633800	22260700	23726100	25332800	22461600	23750900	22892400	22583900	26110900	24797400	23400000	22750000	19922100	26895600	22005100
P76086	1474270	1655350	1459660	1586910	1616870	1569540	1532230	1424350	1433400	1369050	1447690	1398500	1350020	1293850	1383450	1411130	1373150	1452420	1314740	1439330	1509590	1495220	1328690	1225300
P30855	5152040	6614470	5603190	7122580	6417010	5311160	6421510	5490920	5306970	4961620	8486300	8542140	7816570	8372900	8003680	7292920	8612310	7784390	8506380	8219430	6700680	6852500	7971420	8135730
P23843	165707000	142553000	119195000	151402000	189708000	179333000	144947000	141947000	140051000	209974000	137608000	128176000	136300000	159435000	130385000	139433000	144950000	145310000	170817000	187256000	204850000	169454000	230442000	180378000
P76245	870500	847023	874068	967188	815971	939477	816232	739618	748000	864346	1149510	1074700	1166080	1113640	1150750	1154270	1106010	1192740	1111620	1091570	922330	935719	1061180	997813
P76185	325972	294844	288950	326036	315065	259135	295002	354343	289174	280231	431178	444033	365155	464893	401256	401066	452357	417252	430521	384483	328950	265004	399724	424845
P02931	256235000	236258000	285239000	241771000	214168000	302143000	210368000	213236000	215096000	274570000	99329200	93316100	91587100	98355900	97331800	90668600	92260900	97495900	84898500	89494200	237812000	224116000	100451000	103049000
P00509	63995000	77634900	70154500	76568700	74522800	67844000	75199800	67039300	67005400	63555000	62610900	61700000	62905200	65254200	62212400	60238600	66825000	65024200	59725200	60319500	79835800	76728900	58408500	60966100
P0AFI0	636828	1558940	831292	1435270	1333170	671084	1355440	992804	1123710	599215	588510	623432	534631	586691	542098	462292	549321	569466	551842	504610	1193790	1305480	492545	522450
P13024	7114470	7971200	7947260	7097720	6730820	7377450	7159160	6613480	6311450	7328260	4408200	4733960	4199580	4792560	4558610	4651050	4330810	4792650	4367670	4425270	6630870	6662300	4624260	4473610
P37760	7046440	8695340	7852900	8229530	7765020	7552580	8308850	6516010	6835620	7624930	9077430	9228440	9466750	9117280	9111200	8741350	8835550	9897220	8760190	8925360	8663160	8052140	9451660	8704330
P67910	24110100	26021800	25786300	24813400	25298300	24239900	25198900	24380100	23219600	23570900	23617700	24505000	24926000	25165400	25528900	23365400	25113600	26743600	24983700	24812600	26421600	27360700	26685100	25457100
P0ADN2	44427800	40837500	50222300	41328500	39210100	44459600	41788500	42246700	50208800	44694400	49694800	46884100	57603600	46882600	53409400	55348600	55693200	48876000	58002600	56249500	39054700	41444000	50449400	51903600
P09323	8333900	9583580	8190820	9620520	8903460	8307340	9158530	9505130	9336220	8914900	4327190	4165760	3563080	4169330	4262940	3872840	4341710	4268370	4041350	3982560	8490190	8629140	3796360	4062300
P0AEW6	1584200	1501680	1535350	1527060	1481380	1523200	1422580	1330900	1434490	1571830	2045890	2047350	1947570	2259150	2131340	1987810	2054350	2128470	2071930	2059810	1587990	1508480	2116600	2044760
P27243	826673	955855	819496	847428	804842	918812	794253	1006170	966332	808619	766372	662912	561912	941818	675756	650631	799202	623457	642298	695239	704383	705532	693420	845234
P27300	10401300	11597300	10173600	11902900	11313000	11343800	10350500	9809670	10346900	10285000	13116800	12628900	12746300	11320400	12589000	11473100	12187300	12224900	11221800	12251400	12069600	11699200	12683700	12531200
P15877	3668380	4782340	2255920	4137810	4713690	3650760	5041420	5358490	4764870	4516490	6900770	5394490	5117410	8430820	3524930	5338890	4453710	5289370	5027100	6303510	4642310	4485770	7243900	7263710
P0ACJ8	100067000	95513500	101775000	93808900	90947000	101578000	90143500	93624900	85304200	102661000	42002300	40213100	49190600	49064200	44688300	44744000	48154200	46749600	46553000	43691600	99916000	97958700	44203100	40575200
P0ADB1	84379800	97312900	79434900	97738700	93192600	76096300	94132600	105032000	104210000	83239500	69785200	66034700	64221300	72321100	70130800	68848100	73703000	67569200	68885500	66333900	88347700	96106300	64017100	74461700
P06996	888269000	1015810000	944068000	1038850000	1084370000	945845000	999392000	1028240000	1014140000	919206000	790484000	752548000	878980000	745871000	795645000	780807000	821795000	820430000	810115000	833163000	1133270000	1057270000	868268000	792429000
P10441	2721050	2704530	2617840	2820870	2542730	2920190	2604150	2495680	2537730	2692430	2269270	2195890	2242780	2290520	2195830	2131220	2391370	2224010	2209010	2187470	2592580	2658220	2273300	2231600
P0AES4	18919100	19152400	17788300	18935000	19093500	18212400	18912200	18602800	19168400	19146000	25091200	23853200	21289100	25274300	24236600	22433100	25280000	24065200	24055500	24988900	19875700	19306500	23688500	23676900
P03819	857602	961386	831460	990273	955131	853100	931492	1044260	1025090	888546	776465	779148	743788	846966	736564	734290	870136	777029	760374	748276	862477	926861	720678	751912
P0A720	1366380	1197250	1313590	1241240	1198000	1408650	1208470	1142820	1105180	1453670	1470280	1430730	1598380	1439470	1407860	1431250	1464320	1530250	1404190	1459560	1269340	1212470	1462680	1431760
P22256	21516100	28337500	22575400	26616900	24850400	20544500	27749600	28317000	27264300	19590200	8322260	8405570	7106380	8213610	8205170	7619870	8986380	9051450	6893310	6337820	25513900	25680200	6385300	7941070
P60723	213247000	214872000	231777000	225775000	211640000	203833000	208178000	205955000	180708000	210541000	286098000	296309000	290928000	277974000	306013000	287672000	298056000	277788000	292364000	282001000	207990000	214897000	292719000	306636000
P0AEB0	923806	1139430	906812	1186260	1422510	836962	957795	1479600	1297040	676860	1136320	1043650	881220	1023310	811132	1276520	1252220	1286960	1132910	1351260	816919	731050	1126850	993410
P07639	6960960	6656070	6072380	6911360	6580940	6802210	6399380	6861950	6978080	6904250	6610830	6338140	6892500	6336600	6722920	6348820	7255050	6710580	6902250	6719050	6665990	7406190	6869470	6704880
P0AG48	189481000	208815000	190016000	214908000	194414000	202698000	200687000	203700000	191506000	200707000	279416000	275538000	269025000	284425000	274426000	268872000	295132000	258191000	283990000	272616000	210703000	204904000	268312000	265451000
P0A8U2	1216510	956731	1041690	1078930	1169370	1249880	985152	1062240	932351	1220900	1252190	1226960	1408150	1231100	1181170	1225020	1287100	1312900	1191980	1295090	1223380	1105870	1171290	1065160
P46187	144644	171805	99715.7	137700	141133	138227	170890	143707	146454	102963	201628	163678	193839	206311	184918	192241	231486	192491	252494	197295	152362	121774	242060	184735
P0A8U6	16737300	15348200	18679300	15694900	15198900	17570900	14939200	13602400	14309100	17034800	12039400	12943800	15724600	12802600	14355900	14322000	14282900	14282800	14724800	14182700	15673800	15874100	13282300	12989200
P36659	13516200	13359900	14983300	13109200	14832100	12905200	12964300	13481800	13300100	13033200	9899690	10520600	12364900	9142990	10679000	10878800	11343000	12303500	11195400	11269200	15668100	14495300	11418000	10385700
P38684	864973	810435	854338	838663	830449	866504	798763	742079	777962	799652	654902	665991	755837	661116	692606	703702	763559	740190	705550	779141	922154	851007	657172	602650
P39176	2879640	2712650	2760870	2831310	3143110	2866160	3117050	2950200	2855250	2825810	1886870	2182300	2299510	2210660	2248430	2499980	2328050	2235310	2304850	2159920	3399910	3236390	2538910	2588170
P41052	650290	946634	818596	934312	920553	830078	703862	895800	784360	781553	1004560	1021810	1004960	791450	1018270	811184	1058640	1035430	919265	854668	1020510	849554	891044	907916
P77301	110780	130833	161731	158983	164154	123285	141466	136583	173378	137430	253820	235229	262573	211369	246346	255445	255301	301331	228859	265221	176295	112422	263288	253529
P0A6L9	17269200	15328300	22296300	16171500	14744800	18815000	15349400	15628100	15239300	18954200	15488700	15176200	13095500	13927800	16586600	15555500	15050800	15196700	15209700	14725200	14848500	15024100	16991600	14930100
P31441	1663990	1500360	1463290	1437430	1456670	1528510	1444820	1357660	1370110	1655640	1187810	951562	863164	1191560	1086600	908316	1097170	1093250	1121310	1185430	1563130	1412570	1100900	990725
P0AA10	156578000	158086000	187913000	157135000	151371000	162367000	168180000	162040000	137277000	165738000	214086000	218578000	243543000	217941000	219501000	235532000	224622000	240105000	230480000	216308000	160585000	153050000	215480000	242388000
P69451	2932320	3421260	3274740	3257520	2737450	2991840	3017680	3011340	3009680	2957320	954155	927514	668601	910171	977619	807697	978104	1122170	734562	711459	3071370	2803470	763082	992508
P0A6W9	5682900	5631840	5096800	5543640	5663680	5468600	5340390	5749730	5716180	5744570	6356750	5900680	5717060	6279360	6153990	5911960	6463820	6114290	6147110	6102540	5488320	5533320	6032280	6189280
P0A836	133524000	169468000	149780000	158997000	143673000	145571000	159533000	124810000	128744000	129581000	31537000	33934400	35378100	33199000	32025800	32977400	32033800	33138200	29284800	22962900	164756000	157838000	25792500	31286600
P71242	59567.2	136145	67559.3	121925	121159	104597	151707	113444	110157	105816	147998	142868	129986	138886	146902	151431	154688	145062	123859	132973	NA	103914	105724	96750.8
P0AEN8	12668500	10976000	12208400	11016500	11141700	12926400	11494300	10795400	11298900	12728700	6767020	6299290	6930010	7040310	6685800	7181010	7360350	7333830	6994100	7228520	11729700	11921300	6969790	6427390
P06986	13809500	13663400	13634300	13909500	14500300	14412100	13349700	14104300	13373700	13383600	32746600	34524500	34621500	35459500	31366500	29379100	29330700	30246300	28771000	29386000	14083800	13773000	28055000	29130500
P37652	183847	232593	123365	174586	189351	185123	201380	192906	175856	203775	258527	225697	212187	295222	160152	190056	197389	218744	191141	224067	196286	219601	250081	243152
P0A6U5	3031990	2697640	3025420	2819670	2691200	3156330	2684600	2660740	2506740	3081350	3019350	2997080	2961460	2991950	3030530	2992930	2804650	2856980	2886940	2984330	2857780	2970280	2896250	2914510
P27247	2420880	2313620	2361120	2365010	2431760	2334770	2318360	2308050	2150810	2280140	1855950	1743360	1812620	1767370	1706180	1759070	1850720	1820420	1709980	1878730	2512440	2325340	1801510	1739920
P0DTT0	18889000	21077000	19422500	20798400	19601400	19851000	19450500	20538800	18992000	19742200	35642800	33964400	30118000	34789300	34335300	29314200	35049300	33638800	32048100	33308900	20197000	20059900	32629700	34606700
P37339	2245530	2916110	2384670	2917740	2670890	2234610	3059310	3121610	3105230	1893970	691874	592492	421577	597693	579589	530518	704526	531792	420337	361138	2448250	2609380	293804	606865
Q47147	2847580	2441330	2543920	2427640	2480790	2894240	2398670	2102800	2260220	2919210	2627890	2460740	2884730	2692820	2540090	2656980	2688080	2709520	2612710	2645160	2640280	2273050	2544740	2357630
P0AEG6	8340310	7705780	9628220	7936850	7920150	8592680	7779140	7183880	7352570	8243180	9214480	9901830	10384800	9345890	9905240	9619570	10018800	9936140	9788070	9355460	8322670	7776400	10490500	9441920
P08839	20935100	25258400	20973400	27143000	25295100	21642300	24284900	26905600	26940000	21106500	84082800	78851000	75623600	82598700	82480100	79756000	93289900	81119800	86665300	83717100	23826900	26553100	84718000	88855300
P23538	100347000	99233800	91436800	97644200	98254800	99519900	96867400	93579600	96409200	105315000	10697700	10045000	11859900	11969200	10856600	10768200	11423200	11829700	12447100	12620900	95897600	96996900	12224700	11722900
P23847	230479000	278934000	205559000	255583000	266323000	249736000	268685000	237171000	238512000	262907000	118477000	117040000	120176000	132173000	103422000	116000000	111722000	121573000	120433000	132663000	268830000	244784000	140907000	129558000
P0A8U0	933677	935281	865834	843867	897765	910896	933654	858991	798307	887979	858043	950456	912166	864380	873050	907035	936812	996233	894801	866212	888472	781949	868597	886069
P0CE48	1098030000	1263820000	1094570000	1192830000	1170890000	1192790000	1242220000	1184620000	1157610000	1132130000	1244320000	1247560000	1240190000	1265090000	1192200000	1160910000	1333310000	1227330000	1221410000	1205490000	1164940000	1195180000	1266980000	1289320000
P76291	1297210	1310280	1290440	1303110	1241220	1396160	1200080	1133550	1130720	1313900	1416760	1473810	1500710	1452930	1433250	1354160	1508400	1577060	1414860	1376280	1317770	1223200	1430490	1249810
P0A9G8	1680030	1720000	1580920	1938130	1735750	1768420	1691030	1705870	1603100	1808040	2091610	1948140	2404150	2081770	1996680	1974280	2055150	1945210	2039060	2055080	1860710	1962930	1854830	1882550
P05852	3856390	3788170	3932040	3929890	3689540	3861520	3663450	3572540	3684470	3669090	4583560	4796770	4530580	4646640	4459150	4095860	4590260	4597140	4152430	4083630	3600980	3789570	4571180	4352580
P0AFT5	3439090	3383270	3240430	3208510	3513020	3428490	3293520	2886980	3066470	3254610	910426	998189	1003960	962676	937081	1048490	957645	961196	990444	985477	3744120	3519380	1177090	1066740
P80668	1111670	1219400	965772	1231860	1170430	1035530	1144330	1348930	1259840	1053610	532169	476060	447579	538871	496609	502381	572795	461675	520922	527158	1039740	1164990	519172	558441
P33644	4417800	4278040	4021260	4419480	4131310	4607600	4199960	4162440	4441510	4518120	3890600	3956540	3872680	4181620	3859420	4222880	4025310	3955370	3757940	3835250	4326970	4139690	3849280	3881040
P31473	13666400	13403300	13809700	13299100	13912500	14031000	12725200	13166400	12403100	13503500	12922200	12770700	13234800	12607800	13870500	14042500	14257800	13981400	14856900	15402900	14334200	12579000	14567800	12419000
P37751	2904430	3372080	3035050	3244120	3313170	3134920	3085170	2868750	2775770	3106680	3404160	3307820	3483420	3300570	3387710	3186340	3375090	3565560	3192010	3362770	3442160	3094780	3326110	3041730
P0A6H8	1491980	1683620	1649940	1611870	1712850	1626470	1524740	1407810	1378300	1532720	1422800	1434660	1391650	1395740	1325070	1248740	1541030	1594150	1305390	1454390	1765340	1447000	1460840	1304110
P39356	2698310	3006840	2679260	2792880	2858030	2836750	2759160	2730810	2502420	2731110	2607380	2456040	2814760	2796250	2654620	2749230	2867570	2877750	2655540	2817400	2971880	2825110	2580930	2431330
P0A9G2	679225	829044	672713	754029	931267	682602	832884	827766	882156	670239	816677	954075	864926	743975	879596	821214	1043560	809264	852374	774638	836387	865978	767030	817715
P19319	2429610	2670040	2271230	2570470	2595680	2492180	2367290	2739570	2472450	2665870	1219200	1420170	1163870	1552060	1322010	1233660	1391110	1443730	1534310	1471700	2365330	2236550	1725570	1547090
P60560	37055900	42070000	35045000	44595200	40344100	38424000	40693200	45313100	43231100	37189200	29361700	27485200	29204400	29508900	28271100	28629100	30755900	27239400	28815800	27657400	37613900	41805700	26894100	28153300
P32140	168944	215934	239781	204788	198689	152714	163667	NA	237378	NA	160462	132927	103949	143014	133189	132614	113556	167205	134038	155889	270390	250071	205755	123522
P30178	10580100	10527300	10031300	10325400	10519600	11055000	10033300	7543990	8585870	9419520	12156100	12162300	12657200	12458300	11517200	11664600	12333300	12939600	11562000	11438400	10970300	10390400	12890000	11229100
P76243	2901750	2831360	3717020	2895520	2868060	2987360	2784780	2411850	2671630	2990720	2266180	2359940	3047520	2319570	2694640	2727340	2721020	2791250	2799640	2555190	3223070	2750430	2432020	2409190
P02918	2333130	2418210	2260220	2302550	2337000	2249050	2355600	2378370	2415890	2371110	2145010	2132660	1836660	2094160	2065020	1903150	2065680	2038730	1944950	2097360	2369270	2243480	2200360	2143110
P0ADK0	16485000	15069000	15684100	14654600	14659400	15709300	14605700	14814000	14632800	16208200	12331700	12082500	12284900	12553600	11750700	12228300	12375300	12928400	11819100	12508400	15016200	14150100	12169500	12683700
P0AES6	12554700	13683900	12113300	12819200	12515300	12538700	12821700	12147800	12697900	12702000	14891100	14877800	13234900	14947000	14231600	13105500	15153500	14460600	14151500	14503900	13254900	12831700	15263900	15285200
P0ABD8	25623400	30513800	36548700	33879900	27415400	31394600	30304600	30608800	31005300	28821500	32170800	34369700	37292300	29551300	35880100	35258300	40741500	33113700	34021400	33129800	29130300	31415700	32134500	34922100
P76034	4093820	3156530	3596280	3348050	3258570	4290800	3096370	2989320	3037280	4342960	3163330	2908600	3535260	3458230	3127180	3367960	3301140	3252010	3210540	3445110	3647660	3377150	3205330	2975690
P0A6K6	18003300	20874600	17611800	19809200	21491700	18171400	20610500	20526500	19981400	17721200	13969700	15030600	15507700	14919100	14991300	14374600	15748700	16326500	14879600	15206600	20325900	19708100	15987000	15624400
P45464	7954360	7913960	7723440	7552300	7639200	7703220	7746110	7858880	7946620	7604670	5567790	5607710	5072990	5584850	5296440	5206920	5120530	5305410	4968290	5178110	7931600	7798400	5663420	5638540
P77596	903689	940580	1003130	912606	876665	741274	980744	696548	873585	743491	512126	947139	684898	437357	999144	198709	518846	437682	526195	349658	925010	854213	560460	509155
P16528	305832	351878	314643	375327	347626	304562	337873	362342	325765	305735	469311	430709	433372	472125	423279	392376	433084	449137	424646	389661	350257	317709	406409	446994
P0ACK5	1960330	1708500	1782810	1779790	1722720	1925450	1662080	1537610	1589620	2002930	1567460	1461890	1619650	1519990	1453460	1516380	1580790	1539920	1501050	1617080	1803420	1704920	1496560	1428960
P37146	816070	1377520	882203	1321350	1230060	729449	1445470	1606010	1461710	715025	1407080	1506170	1628930	1441910	1375470	1536680	1676750	1680120	1660630	1260520	1401830	1146700	1056920	1349270
P36999	3932450	3907440	3614730	3693470	3652050	4054060	3699720	3473010	3262670	3864950	4398460	4388130	4497030	5203270	4576260	4283610	4075320	4300650	4201430	3981520	3483990	3318410	4069020	4383710
P0AAY6	490914	520469	532299	506532	601254	556712	463356	488962	506832	445175	661191	646080	655432	709393	761302	700979	627927	568209	700997	745367	397689	549330	695572	486794
P0AGJ7	1844690	2011010	2080410	1890380	1943360	1861580	1958910	1741240	1722580	1762890	1900030	1973950	1883050	1942470	1944060	1859820	1829430	2084750	1829080	1784460	1915820	1667800	1995400	1762650
P25745	5622060	5667460	5677200	5401000	5395360	5968160	5263790	4872050	5009390	5635500	6473650	6943500	6178580	6435980	6451110	6342690	6288900	6827290	6304270	6600890	5565660	5131920	6631890	6681090
P33221	20866600	26231200	22516100	24498600	24399500	22096200	24638200	24743700	24861500	21841800	21420000	21005500	19832000	20864800	21153700	20784300	23190800	22427700	21786000	22462400	22561800	22841700	20865900	20153400
Q46802	1238660	1138210	1091760	1113400	994479	1217330	968734	856479	866072	1106970	197912	154661	162104	249544	209221	218001	212153	207345	160412	181453	1219430	1138490	210237	182645
P37177	2937960	3021590	2806950	2911520	2927340	2973430	2764440	2800000	2709340	3076850	2524900	2508220	2401670	2556930	2490100	2319670	2665020	2519760	2446720	2570040	3037090	2918710	2506490	2450680
P62623	6258990	5519650	5552220	5667470	5246820	6597060	5483650	5133420	5166420	6457160	5784210	5710130	6084640	5789640	5821130	5625490	5859510	5695860	5562630	5862290	5765290	5559830	5877000	5551260
P0AG67	143935000	159316000	164810000	161897000	151579000	152876000	151688000	147815000	146976000	151272000	203710000	203413000	188771000	194032000	204025000	181662000	213797000	200196000	202911000	194747000	156241000	159611000	207900000	206112000
P0AAC0	10504600	10688900	11469100	11059700	9473080	12440000	9232730	8395790	8869120	11722800	6005490	5882400	7224030	6011810	6415360	6285750	6777410	6632120	6059980	6390340	11448000	10250600	7267940	6729260
P0A962	2102840	2374860	2141400	2368210	2244970	2037030	2200810	2313850	2191740	2159900	2379670	2368890	2434130	2290690	2323230	2104750	2250870	2449270	2172460	2211840	2262520	2166090	2333310	2227780
P54901	582624	581594	516754	578737	566729	579720	580670	702423	692373	583304	257525	258420	226325	250624	270917	277433	292533	243486	209278	223692	621598	651446	197907	215171
P0AGD7	12533800	13020700	12424100	12520900	11911700	13447800	12197900	11807000	11375600	12788400	13571400	13131500	13218900	13484500	12800100	12337000	13286900	13677100	12750000	12589800	12378500	12244000	13787500	13379700
P04391	24225200	23228500	24913600	23107900	20462500	25204400	19098100	17145400	17362400	22706300	24853000	26154600	26364200	27221500	26898700	25483200	26111500	28401300	26639800	26353900	26287800	23303300	29151800	25183500
P30130	769749	1630530	1080690	2215930	3121320	1168640	2138730	1956520	2501410	828673	1236590	1698320	1280800	1622170	1776560	1180040	1425750	1392630	870732	1055380	1969490	2438890	1204970	1420430
P0A9T8	1605830	1414300	1446120	1526410	1351420	1651990	1332360	1480790	1356830	1673550	1149680	984584	1132080	1151740	1092820	1058950	1173970	1044900	1005470	1152940	1408320	1545050	1016960	1005660
P0A8G3	8019290	9335090	8069090	9007760	8850870	8263300	9187150	10749600	10009000	8097220	5700110	5516360	4945140	6112600	5802400	5762220	6301580	5831710	5674890	5199110	7817810	8023500	5105450	5662690
P39099	7472820	8658560	8767230	8244560	8314690	7517060	8675510	9487800	7925710	7520130	6195090	6091900	6626620	6150080	6639600	6298620	6378040	6651630	6406700	5996320	7996650	8394940	6043740	6560740
P0AGB6	3499740	3146430	3722410	3160230	3392070	3434540	3419780	3466140	3196130	3327540	3037010	3274670	3503930	2968630	3361950	3365650	3149370	3311080	3170950	3062760	3398200	3281590	2936230	3055650
P15977	2245820	2663450	2294130	2618510	2525040	2214520	2564790	2509870	2418750	2207070	3200460	2992220	2872850	3399530	3195740	3158590	3487070	3372670	3320990	3160680	2406220	2474360	3261190	3193840
P23882	10552200	10397700	10560100	10575700	10396600	10888300	10497500	9412390	9603650	9886280	8652660	9037120	8853500	8746150	8793570	8525370	8781570	9296050	8568710	8534330	10435200	10156600	8830340	8765540
P0ADF8	9318110	11146700	11887400	10500300	10073800	10376600	10610600	9169480	7099700	9446590	9200920	9169020	9249530	9253840	9293790	8322270	8734370	10590400	8321380	7813580	10121500	10095400	8275170	8684820
P09155	2742000	2979500	2842770	3008180	2834460	3007280	2751150	2535690	2549250	2712040	3045540	3085740	2946760	2921800	3045900	2882080	3246280	3086210	2979390	2904670	3011670	2823650	2909830	2939010
P33937	1850500	1231030	1503880	1235560	1348110	1838610	1175980	1392290	1392060	2066040	904175	848739	786350	918442	835525	971143	1059460	931002	1017030	1128640	1419810	1364210	1208180	1055220
P0A6F1	34509600	38228700	39435000	36632400	35486800	36891500	35694900	30676200	32367700	33730200	46237500	49102200	40749300	43725100	46636500	39140900	42160800	44228600	42789000	42747200	37222900	38173300	50148400	45748100
P76055	3477350	3379710	3540110	3425730	3039910	3719090	3114180	2927710	2856170	3426100	4904370	4686880	4610840	4858630	4946400	4749780	4738900	4671840	4735130	4753670	3215200	3364950	4678280	4931210
P0AB71	103719000	124227000	107300000	118496000	125749000	114635000	122677000	121039000	116956000	103941000	164069000	153277000	158569000	152448000	168753000	159944000	175518000	171537000	175576000	175377000	119444000	125353000	196409000	189360000
P0AD57	4011690	4176750	4176000	4155210	3844650	4166620	4061220	3508280	3650010	4145600	4281030	4166800	4430300	4195100	3877470	3818970	4278140	4259320	3851930	4003180	4026830	4120620	4333060	3891190
P77374	2629640	1783720	2461600	1877790	1856060	2789180	1643980	1417090	1524940	3146250	2175010	1915640	2040900	2216620	2221400	2277370	2419600	2317000	2678510	2962880	2467720	2241850	3090490	2563410
P0ACU2	792348	932432	780581	805652	982903	754318	934412	893597	785745	802883	910924	977787	1010440	785234	790551	946686	867438	867304	825592	877199	981616	861962	903340	792791
P18775	6525330	3557560	5460370	3592380	3550730	6373680	3092600	2963520	3245790	7064350	5268250	4530220	5007880	5692380	6194550	7045930	6995430	6948780	8205370	9100040	4605300	4404320	8878410	7167490
P0AG78	3768980	3985820	5045080	4185400	3937560	3934400	3743630	4999590	5093120	4272310	5468570	4963880	5427210	4827550	6275340	4779420	5337810	5549980	6433120	6635880	3875080	4064370	7655970	6030610
P37676	308572	329165	305859	286193	286730	307477	313668	283913	297376	277193	16762.4	NA	NA	NA	91549.1	42714	NA	NA	NA	NA	266319	246631	NA	47060.6
P0ADR8	5914840	7101410	5587250	7250020	6953110	5757020	6978910	6692190	7151670	5278440	8043260	8222590	7329740	7876490	7945670	7479100	8396490	7993480	7826880	7864410	6652160	6996170	8103020	8019460
P07003	13885500	17399200	13716800	17816200	18242000	12965900	17959600	19994800	17912300	13879400	14655700	14101200	12946500	14445700	14768000	13572800	15863500	15737200	14214400	14036100	17269900	17403700	13624200	14208300
P0AF43	1404140	1318960	1215200	1310120	1331450	1175570	1361680	1438420	1430900	1243760	1155830	1097180	907218	1074220	1117230	992743	1192670	1051700	1011760	1097310	1213650	1270710	1103970	1113420
P18393	206136	443149	265803	496501	686738	348070	474654	473216	458188	304788	444488	499308	630846	522162	460364	596790	594629	518012	518385	436169	375669	498611	331496	556871
P15078	5353820	6357770	5636960	6376000	5997110	4843640	5133090	5840700	6163010	4989660	357067	329286	228940	329005	317996	273961	319323	392623	153102	249125	5377360	4480720	265237	341500
P33018	7715000	8977980	7753450	8674960	7490550	8235660	7807220	6623060	6315280	7629180	4621090	4580840	5500780	5119070	4803080	4750000	4870840	5068780	4650260	4688820	8405770	8085130	4737410	4517690
P0AAG8	3319800	3823870	3137060	3789950	3225520	3423050	3666140	3661480	3561520	3198950	227217	276354	215899	298914	242703	242566	276223	275967	198790	200938	3149870	3289150	191661	288975
P76100	136236	135565	123613	202298	183357	152046	126180	240466	173961	138056	178205	102979	237222	139660	133341	134056	150469	103222	128092	97949.3	126981	201115	96030	115510
P45468	896857	930185	919949	908960	814932	910944	840816	1309460	1396600	1015750	1785690	1626480	1507250	1823710	1663710	1502110	1279120	1535520	1519900	1366450	855982	1023800	1439720	1319810
P0AB24	5009270	6946330	6722510	7194500	6136480	5265010	7033460	6811690	6282660	4994330	7141380	7249140	10708100	7066220	7225920	8865790	8025220	8412280	9606430	7289250	6327800	6385330	7321310	7596040
P0A722	13108300	10232800	11215000	10831700	10760400	12302600	10300000	11442200	10729400	13118100	8179480	7845960	8442480	8776410	8167300	8847740	8706410	7905830	8350970	8356010	10700900	10749000	8449890	8160700
P0AA89	627967	940439	596185	987501	1006100	587909	928959	1200800	1062710	583036	639984	538420	486276	580396	565505	545297	648127	606106	455337	452843	820816	902855	388285	531386
P75870	4381270	3918280	3676820	4116130	4344430	4226670	3830070	3453300	3832050	4376470	5281190	5393030	5116980	5614240	5458110	4797980	5503600	5560870	4785530	5411920	3615290	3719370	5875830	5434920
P30850	10534900	11417100	10399700	11374400	11070100	10482800	10515200	10394900	10346300	10730300	14166900	13593700	12083900	13971500	13267200	12392200	13600300	13942700	13140100	13661200	10967400	11123700	14368100	13854200
P39160	3262800	4025830	3296030	3636400	3516580	3305380	3934560	4089590	3684350	3359550	2113700	2067120	1957890	2059320	1993020	2028330	2184970	2190240	1997990	1863640	3140800	3155310	1741680	1952160
P27859	860963	824015	949697	857973	846662	893402	824133	859490	895788	892929	950037	858234	998452	944273	874778	900162	942376	843700	972094	932393	849399	929519	928012	942432
P24554	2007310	1715110	1743550	1800920	1867220	1984170	1730760	1762820	1755020	1927520	2436930	2363930	2170320	2383200	2339380	2308220	2402870	2493390	2286970	2394240	1800470	1858270	2344010	2263040
P0A6U8	17728900	17140800	17043300	16186700	18228200	17400900	16317900	15226500	15500200	16490600	13262500	14227100	12668800	13129700	14054200	13598900	14718400	14803600	14252400	14682800	18728500	17141000	16026100	13391400
P77721	1816430	1898450	1700990	1922080	1859810	1844950	1766890	1767620	1628940	1824330	996772	996166	1031130	1005750	993666	1081160	1034440	1057630	1024230	1034100	1918010	1991200	995303	940113
P0ADE4	3313240	3153880	3227970	3152540	3261760	3386410	3263310	3069500	3041750	3284320	3098330	3228960	3237670	3066620	3029590	3061220	3224650	3115500	3021340	3027690	3298650	3299950	3061390	3027020
P00893	6541010	7602100	6844240	7400580	6749320	6552530	6825240	6278170	6239250	6574710	9368550	9004270	8882960	9650100	9109060	8068400	9610190	9273030	8857530	8855310	6991250	6884280	9225110	9182950
P13458	5939410	5977160	5528400	6127110	5667330	6300100	5771210	6140600	6460220	6223300	5362340	5088560	5007870	5434070	5202190	4966290	5683590	5006470	5238160	5327110	5664420	6158490	5260480	5413780
P37329	6591050	6470440	7582310	6428320	6557980	6594330	6818590	6846210	7251760	6463580	3092940	3204230	3387850	2682390	3197460	3242130	2841260	3345250	3144230	2971760	6040430	6081800	3162230	2921390
P76220	3086160	2173060	2238200	2341430	3216680	2973960	2350160	2808440	2790150	3357800	3639490	3227180	3484240	3539830	3679850	3820240	3831860	3747080	3982020	4389060	3341620	2840700	4497530	4412550
P77398	375609	588371	439766	511262	498200	404401	495811	483397	465981	399194	425961	454633	403193	442516	446143	359312	450834	446662	395438	402020	524913	527362	393614	437273
P21156	8736000	10432700	9635060	10060900	9764590	9345960	9482270	8956150	8957040	8547480	14619300	13501900	13410600	14849700	13772700	13078800	14012900	14130700	13634500	13718900	9736540	9050140	13017100	12606100
P37349	8809850	7697870	8015310	7887590	7457830	8965670	7910780	7528450	7273170	8965260	20404400	21104800	21721500	20428400	20418900	20776200	21388400	21830700	21624100	21549600	8151690	8162610	24890700	21842800
P76149	1838440	1889180	1711670	1975680	1846930	1789040	1860910	1843990	1899660	1706160	1813420	1705090	1785500	1795800	1867590	1692450	2026350	1850840	1944500	1866470	1850070	1942370	1729400	1809700
P32125	1105260	1063130	1148470	1237610	1079790	1462820	1111140	1203620	1164020	1231210	1116600	1000090	1259700	1141950	1097780	1072970	1236020	1075460	1025780	1097050	1205740	1270470	1087850	1147510
P62601	890882	1376370	967732	1357840	1429510	848013	1341190	1621390	1521090	849955	1159010	1116150	999736	1136500	1129560	989444	1248500	1229170	1019440	946859	1242510	1238510	976679	1095420
P0C960	2427030	2273850	2366460	2226630	2271940	2215190	2099390	2109900	2229280	2421580	2056170	2042890	1934890	2146760	2067480	2031210	2069940	1930050	1964240	1937560	2342480	2159160	2225020	2163680
P30011	4400570	3800660	4003850	4064050	3609160	4540060	3853720	3667260	3557210	4384440	3801880	3571180	4095420	3918530	3719340	3729840	3853900	3687860	3775790	3741550	3794910	3935200	3591790	3717520
P32695	4043650	4159790	4196370	3975480	3981070	4225780	4009620	3721000	3812690	4086030	3784260	3670020	3512430	3976940	3458820	3504700	3729590	3907730	3458220	3556720	4041970	3899100	3728360	3704190
P0ACB2	13180900	14090600	13721000	12829500	13311500	13646300	12977200	11326100	11555200	12506800	12027000	12013000	11939800	12088200	11748500	11165800	11734400	12253500	11553100	11309700	13608100	12676200	12201600	11789900
P77161	122600	212690	169973	272327	248349	108694	242372	344556	285319	138196	147873	134697	103804	133834	131721	95034.1	142882	145156	121941	134121	199298	229897	144139	139627
P03813	2461760	2593980	2368900	2676740	2460390	2697290	2411040	2559580	2344800	2492530	2025060	1982860	2185800	1965370	1983890	2064440	2088720	2009720	2013980	1959630	2427080	2573420	1930080	1983180
P33913	3651690	3800570	3216780	3843070	3745550	3463760	3564820	3527380	3538810	3503450	2497770	2700710	2676000	2517350	2438240	2504810	2768220	2751180	2587460	2670400	3949000	3777220	2770390	2590520
P31806	8027610	8685180	7683730	8508530	8547350	8022850	8611310	8378610	8479680	8198740	5437170	5463410	5244070	5285950	5419010	5302520	6018020	5931070	5403280	5386280	8571350	8201570	5557630	5311490
P0AG90	13478100	13057600	12951400	12752300	12635200	12801200	12704000	12712700	12754500	13280100	11605400	11274900	9962560	10846900	10759700	10139400	11457600	11184800	10818400	11364700	13057100	12430300	11717400	11259200
P0AFF6	34826500	35846700	38300200	37170100	34354200	37381100	34514400	34890800	35347200	36187100	41614000	41238200	40170200	40276300	43118600	38273100	42761500	39783400	41241400	39844200	34064400	36353300	41984100	42924100
P31057	12511100	14693000	13530200	14923300	13415500	13463000	13734100	12843200	11867200	12804800	13914500	13216000	15852200	13258800	13435800	13416400	14084900	14432900	13543000	14409800	13196200	13711600	13017000	13423300
P09373	203396000	197628000	162228000	186468000	287882000	200826000	224769000	228930000	219079000	203633000	285126000	302586000	320171000	301785000	295862000	278095000	313498000	307072000	343824000	323703000	278771000	249635000	376820000	325155000
P77808	2358210	2229570	2096440	2237350	2227390	2368280	2049210	2155610	2087040	2306300	2504220	2498410	2404890	2645180	2600590	2347930	2504440	2554750	2410100	2444040	2154520	2177600	2599580	2621120
Q47690	3606310	3172910	3396950	3108620	2761920	4169980	2868420	2704240	2718040	3698010	2053560	2001970	1943970	2157000	2075860	1992310	2244670	2341520	2186700	2164390	3076000	2789310	2134270	2090930
P76594	3626930	4179960	3695650	4056860	3600330	3585670	3783700	3640640	3553960	3727180	695408	696904	580238	756536	712309	659604	753532	746092	666405	693983	3580180	3518160	812348	804099
P0A8J8	11846200	12770200	12405100	12288200	11876300	12919000	12358600	11720000	11353200	11833300	13023300	12566000	13055300	12503600	13055600	12162900	13315100	13451500	12327100	12273200	11967200	12515300	12884900	13017200
P0ABZ4	3805720	3744020	3753330	3700740	3824940	4031910	3805900	3173270	3083740	3957570	4033800	4094130	4202160	3564820	4258600	3900990	4036830	4041580	4097030	4045140	3735570	3776310	4094330	3867800
P37595	3705310	3152510	3530170	3220550	3125350	3804650	3054890	2943930	2644150	3830750	2797510	2718040	3075560	2779970	2696610	2976030	2734980	3057120	2900440	2832960	3291380	3249680	2650220	2778010
P25536	13868000	14076500	13318500	15581200	13915200	14056000	14197000	15808300	14538500	15106200	20028800	18266500	19050500	19204400	19443200	19034400	21177900	17601800	18070200	18921100	12579800	14194000	19045100	19520100
P0A8F0	75161800	82321100	95138600	76615100	75362700	82940300	79721600	76749300	68479000	71744500	68762300	75928200	72286800	64781900	76035500	69525600	70034600	72473200	76486600	71432100	83972400	85638300	77297600	72849600
P40120	3310610	3642720	3343680	3578070	3497180	3282680	3504970	3264110	3282850	3406640	2675920	2835610	2611700	2787850	2733530	2568700	2775590	2787280	2586430	2558250	3524600	3374220	2623750	2631040
P0A6M8	210200000	246994000	225323000	224550000	239350000	218047000	238108000	220044000	216631000	218510000	239475000	244443000	207785000	226377000	224982000	196377000	239982000	245981000	216612000	222602000	239794000	225981000	242262000	244364000
P0AE52	27452300	30074000	33411600	29438300	29378900	28950300	30915100	28700600	29876700	27749300	28206800	29718800	31275400	27747800	28912500	29421400	30645200	31868600	30012800	27247900	27932100	28187300	27854700	28291700
P04036	17162100	14661700	16175200	13868300	15639800	17354500	14504700	14237800	13332800	17751600	33601700	36921900	38053000	34689400	34533900	33454600	35773900	37322500	33907900	37480900	17561500	14455300	36637500	33458100
P0A812	3371380	3746680	3229790	3545250	3458380	3494850	3482400	3417790	3066540	3280630	2965250	2848160	2926290	2981360	2796050	2709740	2792240	2967150	2822920	2811930	3202730	3427000	3022060	2886460
P76397	1136340	1078520	964385	1128070	1195430	1123180	1152020	1219720	1290300	1148340	1313920	1236050	1245880	1294170	1250530	1257570	1430700	1251760	1305640	1232110	1101770	1157110	1231110	1384000
P0AG44	111869000	108614000	132998000	111923000	112005000	113092000	113675000	113140000	94278200	109189000	144254000	142983000	147136000	134699000	146908000	146307000	138930000	147014000	146612000	132085000	110256000	113345000	138788000	142978000
P0A6U3	6013710	5903380	5671810	6172400	5802030	6156810	5935770	5668680	6001120	6153870	7231700	6873950	6713870	7296560	6774020	6564910	7154880	6736030	6798780	6859610	6016610	6062070	6930440	6951370
P0AEJ6	3343320	3056510	3063250	2924710	3001430	3121200	3046590	2705270	2833080	3247630	1836820	1839640	1848030	1862100	1819670	1816020	1980590	1928940	1905060	1904570	3178530	2940760	1891110	1839650
P60422	167772000	164820000	167429000	160342000	159619000	164174000	157866000	155875000	161802000	166103000	214849000	211365000	220740000	227477000	207645000	209257000	212978000	224178000	211834000	207158000	152439000	151209000	204449000	210158000
P09549	4768200	4474150	5173440	4640220	4285040	4914720	4506760	4638180	4931680	4993090	4382380	4012550	4190990	4239830	3887650	4318160	4127040	3883290	4178250	4234280	4460100	4563460	4300700	4210380
P17445	3594090	4055690	3501360	4052450	3698840	3445430	3717170	3824810	3771420	3370710	3465470	3401820	2951570	3471110	3166160	2930340	3356940	3223380	3112860	2987930	3574610	3752070	3179750	3143910
P15042	4879200	4674570	4539580	4652540	4636320	4837380	4628260	4416270	4470530	4947250	4822590	4590610	4395960	4706710	4577510	4213150	4835020	4645000	4529050	4813630	4514650	4512820	4928530	4728550
P0C0V0	18347300	25138100	23184300	24663200	25358600	18708600	26834100	26868800	24355000	18365300	23975800	25267100	25906000	22542700	25430800	25411100	25076700	26694100	25827800	24201000	24218900	25934300	24773400	26352300
P76004	6749300	5729400	6110300	6172970	5615200	6765860	5554940	5799400	5346530	6927800	4257090	4309030	4445270	4276420	4462340	4356440	4580770	4383120	4233750	4230680	6075500	5749270	4086410	4267780
P42620	3215830	3621050	3189710	3505300	3895020	3225090	3725040	3732800	3623490	3174920	2780670	2940490	2852230	2628100	2785900	2724830	2998950	3091920	2682430	2672160	3686980	3340570	2568790	2598600
P0A7C6	5621160	4801820	5252500	4895670	4663050	6029280	4736450	4695380	4422460	6155540	4909450	4613630	6359300	5562860	5938090	5833410	6562670	5963660	7694830	7127840	5360410	5342770	6951700	6933640
P0A850	111973000	128470000	148623000	129432000	123766000	125597000	131000000	120538000	115763000	116586000	144096000	150245000	148298000	138817000	155754000	140169000	149842000	153246000	145670000	139606000	118410000	123598000	148880000	150805000
P30871	4187980	4293720	4076830	4342480	4229580	4533070	4326560	4215040	4317480	4166580	4906480	4548830	4974540	4697070	4651560	4695030	5211230	4947830	4790840	4622070	4310820	4231750	4349890	4443860
P0AC33	42412900	37799100	39856200	36030300	34360800	44926900	36247000	27902000	33185600	40832000	13173200	13378800	11683400	13253800	12636500	12329200	12168900	12855600	11107000	11145200	42212700	39689100	12359100	13305900
P06611	979147	1072790	1052800	1211490	1102450	1050440	1089450	1178390	1088600	1136750	1386320	1214760	1312320	1261650	1379700	1203320	1387500	1355820	1199500	1271830	1183830	1207960	1159300	1206970
P15034	17977500	17212600	17497700	17710200	16440500	18715100	16333800	16143800	16459900	17931400	12874100	12659200	13419900	13018700	12793600	12264200	13677500	12592300	12976900	13508200	17634800	17198700	13425300	13112000
P00957	26908100	26353900	24784400	25605500	26390500	26610700	25892700	25099700	25730700	27071000	29731500	28576900	26095000	29881000	27997000	26274200	30325400	29225000	28764800	29065900	26310600	26811500	28922900	29371100
P0A9U3	5699950	5294220	5194850	5207130	5311950	5685760	5232690	5032840	5277760	5683240	7013390	6786670	6229390	6787530	6965160	6447850	7235230	6768710	6688890	6988300	5613600	5416980	7109240	7069280
P04994	1975540	1763660	1842020	1838670	1806630	1950230	1756680	1763320	1802250	1966990	1908730	1862240	1819080	2033290	1917990	1807940	2019580	1956510	1853470	1894390	1937470	1764860	1889170	1834690
P25539	5394930	5103650	5025690	4773260	4581900	5581450	4668640	4412840	4691740	5512670	3624810	3755020	3710800	3952370	3630570	3627960	3906230	3917900	3695990	3748230	4994350	4871950	3881470	3746400
P75958	1496930	1669510	1489970	1733680	1670930	1552010	1562230	1705880	1714070	1471770	1755490	1671100	1566070	1840680	1801770	1637380	1792830	1680450	1557890	1704950	1477030	1494990	1732640	1775060
P33916	5937990	6869800	5856300	6509000	6792520	6062920	6495150	7006290	7131670	5856980	5892850	5652040	5483320	5654860	6038210	5514970	6155760	5655850	6005080	5860390	6695820	6473080	5698350	6157850
P37759	7676380	8396160	8241450	8028140	7454220	8244160	7823080	6956960	7124790	7628850	9684880	9539490	9835870	10225600	9777930	9120900	9582370	10147200	9128930	9224840	8460890	7868210	9917190	9735960
P07363	309970	1207150	485760	1357560	1232510	410125	1132320	821370	887031	409587	157199	201444	154703	213466	150988	210615	115313	169820	211287	333696	651942	822976	314674	141307
P0AFE0	4984580	5035700	3922030	5498140	4248250	3917070	5372670	4968600	5079040	5642860	2968970	3117820	3372370	4331720	2801580	3646180	3694020	2754180	3043930	3254880	4346750	5005050	3202220	3544550
P13039	707921	1434690	750833	1595740	1669080	611425	1508820	1732670	1479990	647041	1853760	2086520	2605820	1882310	2004990	2058390	2476460	2149800	2351840	1742400	1355160	1348860	1366220	1927230
P37666	26174300	27677600	23334700	26834500	27016200	25713100	27873300	27857200	27723200	24309300	32743000	31336400	34989900	33446100	31857100	33338500	34065400	35264200	31961700	30962700	25966400	25812800	29917200	30918600
P0AG27	11647300	12642100	11293600	11872700	11990000	11618000	12580700	11010900	11662700	11052900	11057800	11444800	10149700	10969100	10594000	10025700	11045800	11472800	10539700	10904000	11455000	11917500	11872100	11677600
P0A8X2	4945040	6258890	6663300	6596260	5961960	5291200	6903130	6853970	6553640	5198680	5015810	4669250	5199490	4697590	4874660	5123890	5163230	4906410	4528800	3678420	5865170	6592980	3629220	4661170
P0AG93	9345120	8806240	9185280	8654430	8735990	8780000	8125460	8916440	9321660	8934570	7624670	7428670	6332350	7474250	7201990	7046050	7430070	7153070	6547590	7362390	8053890	7632490	7875500	7864760
P77619	592554	647362	618767	626540	609399	588904	530063	582606	602549	570775	323083	288112	302611	272717	251285	283882	325555	362623	335402	296543	573285	574662	331786	374092
P11880	3342850	3467060	3082080	3528230	3414160	3511940	3215660	3536830	3216230	3410910	3753320	3514110	3630570	3705990	3800370	3544940	3985350	3695560	3640650	3821350	3429290	3500780	3632270	3531150
P39396	106003000	98913700	103704000	87215000	105799000	92104800	87397900	83829500	96543000	101547000	1725260	1314710	2279530	1114730	2297870	2522770	2990840	3393790	3817600	4979970	106853000	84355300	4500360	3184670
P42604	633225	732849	631648	651030	709938	599810	757439	818970	751648	660475	518719	552606	419011	548469	475881	478568	525788	523952	496696	444502	626275	640749	456185	551538
P52647	2633210	2933790	2480300	2939470	2866990	2630970	2873210	2846240	2961630	2735200	3681690	3433680	2718680	3643240	3365910	3075130	3410090	3415430	3347780	3656230	2855600	2791520	3820140	3631050
P0A991	92130000	108411000	91966400	104474000	109241000	92301400	105728000	114421000	112659000	90463400	48670200	48631100	50300000	47499300	46523600	48374000	51666700	54062300	47534100	48025400	105764000	105453000	49019300	50443000
P39265	2726470	2542810	3099870	2484360	2406510	2674080	2458940	2278640	2283670	2701110	879999	937528	775448	877173	916232	885755	897429	931090	900293	894626	2533550	2347600	1026920	1011420
P0AAB4	5076190	5261150	5051220	5006370	4683460	5119030	4834590	4334800	4536800	4870420	3502990	3442790	3516040	3622070	3493330	3445950	3689560	3636290	3359880	3491190	4870350	4767500	3438590	3114850
P07102	1255300	1198410	896514	1154990	1380000	1249880	1288870	1376480	1289510	1392940	1124260	1141200	1102970	1085820	1143680	1226190	1313180	1421610	1372250	1523000	1305300	1255250	1481690	1404180
P75864	3318910	3113180	3090570	3091140	2943520	3227640	2948670	2960750	2992280	3449300	3421150	3355560	2934620	3443660	3348180	2981630	3440430	3380070	3187180	3273080	3313690	3050890	3328550	3385590
P24232	6431650	6616320	7158810	6874220	6124240	6678620	6614360	5966250	5715580	6226860	3753130	3799010	4442430	3910210	3493050	3606200	3534110	3794210	3609090	3226310	6580780	6483120	3359730	3550770
P0AGC7	3979650	3533380	3512370	3771360	3617300	3879840	3562170	3598730	3882270	3802010	2957920	2795360	2676540	2978210	2810240	2907770	3070970	2749620	2487900	2882870	3430570	3473520	2905520	2676470
P22259	82051800	107674000	92670100	103005000	91166000	85048700	99949700	75761600	82460900	80218000	10283800	10217000	9572160	11148900	11775200	11745500	12331300	12003100	13102600	12868100	105186000	102800000	14729300	12221100
P45470	8966060	13005500	11338300	12256500	14315900	9183790	13326800	18073100	15538900	9507030	6387220	6940350	5451800	5906780	6554060	6230060	7025620	6874360	5435260	5531490	11327200	11631900	5405310	6341160
P0A8E5	29592700	34564300	42876200	31526100	31871100	34915300	28450300	26524500	26859400	29676400	29947100	30421000	31453000	28322800	32223300	34121300	30861600	32784000	32033400	28598100	33867200	30054600	35077200	31577400
P39208	390026	501511	445055	493059	454960	403511	495036	379407	384601	374776	354171	477732	380519	384361	383146	349998	468390	364091	383845	386932	462290	503622	360638	338924
P0ACC7	7471870	7199230	7142310	7665120	7169180	7777240	7229470	7778600	7307140	7907490	8202670	7672880	8124660	8532000	8170450	7816650	8619550	7768280	8207940	8384910	7179840	7580790	8398210	8656120
P0AEV1	1761140	1678340	1491090	1682650	1745900	1785990	1642850	1622550	1611130	1650020	1565110	1408180	1458240	1499730	1505460	1493840	1667590	1669130	1505980	1460080	1827100	1663090	1614520	1552270
P60340	1907750	1748390	1918860	1742500	1718100	1911260	1798580	1666320	1655490	1936820	1799170	1883820	1824250	1819450	1847600	1806150	1760610	1925450	1697440	1752460	1899330	1680440	1752710	1792970
P75791	2307800	2986390	2584530	2718960	2644440	2243980	3031640	3021820	3007440	2396760	3132200	2953460	2769510	3170480	2826540	2918660	2873560	2876890	2825070	2572140	2642610	2772250	2850690	2842650
P0A9H7	2602140	2495650	2741880	2341830	2662460	2511310	2440930	2214030	2232730	2413570	2920590	2973440	3936040	2886290	2923660	3164080	3285630	3539920	3772920	3894020	2495250	2156640	3484160	2740770
P75863	2134700	2304920	2082120	2338350	2077640	2264180	2170030	1991470	2080950	2118460	2254100	2276820	2242690	2265730	2218740	2077430	2318880	2229070	2180420	2133330	2082130	2160970	2335560	2318600
P77489	96071.3	129509	104275	100743	118943	103300	96952.9	87224.6	122388	75674.3	46830.7	71325.7	60300.2	84812.9	56954.9	64087.6	64468.1	55555.9	50385.5	44088.3	92058	89469.2	61453.8	54805.3
P0A7B5	11158400	7917060	9341970	8191190	7966760	11282600	8056830	7883910	8361860	11319300	8316600	8093800	8854350	8662590	8042650	8585150	8847890	8116170	8680460	8732590	9081050	8561840	8542470	8493280
P75822	2621510	2623850	2415800	2445030	2697390	2538820	2466300	2441830	2406720	2458380	2080560	1977260	1978740	2024400	2191970	1861710	2241590	2378760	1943750	2191080	2730900	2430220	1935950	1855750
P77625	3005470	3285500	3200470	3100210	2935430	3363360	3000270	2617950	2318020	3137390	3752200	3859310	4314700	3689950	3998390	3650560	3914980	4327790	3844490	3999850	3232030	3154260	4013180	3731230
P0AFR2	2387280	1544870	2077150	1468040	1554490	2232700	1360690	1017260	1273330	2279010	629976	692295	536741	627935	646225	671430	667766	796871	794221	925789	1808040	1313820	978070	753836
P0AF18	4699900	4672750	4130200	4865900	4849580	4633970	4493810	5014720	4688280	4417450	3651120	3559700	3645120	3536160	3581810	3458040	4015450	3717610	3604370	3465440	4501530	4823980	3702530	3707290
P33570	17947400	21993300	17669600	22021400	24470900	16286400	22140900	26926600	25654400	17433500	19315600	18448400	16896200	18781400	18671500	17838600	21176100	19590100	18120800	17619400	21863000	20142400	16261100	18970500
P68688	2752390	3481820	3927820	3370320	3480160	2909590	3473600	3164860	3404990	2954180	3669780	3900540	4244910	3592400	4128410	3924070	3964790	3955060	4311760	3980790	3477730	3203040	3699730	3792380
P31466	526596	583916	561367	622808	514702	587799	543739	722322	611935	674884	864379	655836	589754	873918	686627	638770	805428	628630	731585	767378	348304	441936	610438	718060
P0A8G0	3159920	2726210	2711870	2829000	2707020	3125370	2773580	2831570	3000940	3258620	3128950	2929930	2893390	3137360	3057500	2869870	3366920	2964410	3129330	3169400	2820440	2866830	3138280	3239830
P36771	2932880	1796800	2400640	1928420	1718010	2875750	1580290	1447000	1572820	2713480	1271740	1367070	1319630	1495920	1441830	1399440	1490580	1451020	1458290	1594150	2079100	1850250	1599940	1411750
P24228	1373790	1435540	1261260	1331010	1380000	1330650	1414060	1367350	1398090	1378010	1546290	1497540	1516040	1563930	1508860	1467190	1650900	1650320	1492450	1488020	1426700	1398640	1514480	1512360
P0ADF6	358742	355902	294735	368213	357638	368592	409559	370559	366752	327660	1392620	1388870	1279810	1441100	1362700	1288020	1458380	1434710	1466860	1519870	360461	371891	1609530	1468170
P12996	2901780	2415800	2937930	2262760	2362990	3009170	2376990	2210390	2310140	2521890	3933200	3471340	2272140	2977470	3070270	2978660	3275840	3462810	2866840	3080610	2458070	2320530	3018760	3423440
P64606	372857	473254	417716	428848	446507	375476	373130	320009	321996	303585	349570	366572	287720	314415	306223	262041	316327	359532	238236	330770	400929	326178	366763	356520
P0A6P5	8099660	8275100	7654560	7944340	8191490	8033450	8011840	8165810	8031680	8235890	8572890	8528090	8045540	8760630	8631970	8138950	9037390	8801370	8371800	8347120	8168810	7909720	8582580	8719630
P0AB91	95429700	92492600	93872900	91769200	90790000	101715000	89240500	81695900	84046300	93233900	178045000	179228000	171902000	174579000	175055000	159116000	177248000	189818000	168277000	172903000	98469900	96048300	191363000	190947000
P77689	5602380	8159410	5718250	7348810	7418810	5490560	8549060	8742870	8571430	4934630	7196700	6723330	6732220	6577500	6746850	6660210	7769180	8157110	7630040	6098450	6996670	7202210	6356100	6993070
P55734	1422590	1504080	1350710	1514440	1362560	1300890	1339320	1328030	1424130	1119250	1304130	1121200	1348100	1080200	1297470	1328680	1339360	1212400	1270750	1212850	1250290	1331460	1225780	1144270
P00968	41377900	44972200	43015500	43239100	41850700	43096700	41577300	40892000	42469600	44482100	60247900	60189600	46574900	59587400	56976100	49199800	55568100	55543000	53478800	54924400	44215800	44110700	59687800	57568000
P0AEX9	15979300	23252000	18399300	21415700	19570400	13652500	20812500	22839500	21962900	14223200	12006700	11146400	9531330	11046900	14138500	16879100	15163100	14587200	17895600	15133900	17830100	19810400	17452800	16271200
P36938	17561800	17302900	16865100	17283800	16617000	17407500	16776900	15535700	16054400	17361800	12704600	12457100	12289100	12976900	12637100	11894500	13270400	13048800	12873700	12869900	17782500	17641600	12938400	12880800
P03018	8366140	7527870	7588250	7380340	7463320	8107430	7473670	7339050	6924720	8199970	6826830	6986830	6294130	6898180	6932660	6407430	7041460	6971070	6744200	6836480	8403950	7636440	6957160	6596790
P0A993	20812300	22376800	21205300	20738000	21603500	21597200	22446200	17128400	19193400	20791200	9380300	10273600	11051600	10390200	9627200	9310000	10031600	10743200	9865970	9843570	23339600	21356800	10676200	9754230
P0AG07	24530100	24406800	24677900	26625100	23124900	27286100	25431500	25987900	22100600	25005500	23729900	21942400	28157800	22464900	22798800	22888700	24209500	23296400	23786200	23350000	24550900	27097500	22779800	24795300
P37631	2100060	2250940	2157620	2406660	2246370	2064660	2316130	2153670	2221220	2139580	2842940	2780690	2584110	2801730	2681850	2479870	2932330	2843930	2815380	2966000	2355580	2335490	2680090	2628240
P33219	33151800	43068100	48022400	37784600	42224300	34119800	43757400	40830600	43094900	32703400	27378800	30617700	25803400	24711600	27783100	26997100	27464700	29014700	23975300	21137700	39191600	36929400	21724300	23798300
P0A715	24477300	24825100	23588900	24524600	21494300	25868600	22529800	22188800	23225600	24517200	21427700	20674600	22277200	22676100	20947500	21761900	23219300	21376800	21900300	21875800	22877600	23190600	20691900	21794800
P0AB77	8577720	6403760	7436550	6780140	6234690	9105580	5883840	6009930	6059610	8756770	1848400	1872720	2058490	2105880	2000130	1948260	2096150	1930140	2127530	2209020	6458950	6557150	2300680	1881810
P75990	NA	15636.3	12936	NA	42285.3	25059.7	46648.6	81653.3	54150.4	NA	56687.4	54668.5	NA	65254.3	64844.7	47003.2	62888.1	52466.5	32215.4	24938	NA	17385.7	36008.9	75431.4
P75745	3381970	3528110	3248440	3305580	3276910	3420940	3474970	3304120	3409740	3403590	2757230	2686980	2929440	2936340	2653710	2796650	2824880	2863200	2697130	2576020	3309500	3160130	2568330	2672370
P21693	720268	990293	754231	947624	837522	767874	779636	840474	828460	706066	1088250	1013460	995838	1062950	1058010	954037	1042580	1003910	967227	903957	769125	874146	968152	1081540
P12008	11143200	10724200	10397200	11103100	10390700	11433500	10360800	10511300	10482700	11037400	10935700	10365100	10474000	10845700	10119500	10440800	10195100	10279700	9981160	10098200	9953870	10197200	10230700	10223200
P07330	237159	412155	304180	479520	437714	283422	405675	236466	376812	214555	NA	NA	431143	NA	NA	241930	507194	480645	271508	NA	223875	398364	463549	382772
P12295	3582770	3412910	3472300	3475580	3347580	3632320	3284870	2795220	2818560	3408140	3975170	3743490	4796490	4114910	3911700	3893850	4160460	4067120	4151520	4152510	3732320	3324040	3939370	3557290
P45425	6740190	6896600	6092210	6583010	6458140	6792730	7251400	7348440	6965270	6386600	2648100	2644290	2751580	3027280	2993400	2818050	2826660	3020140	2751320	2303170	6809560	6522880	2423150	2481640
P0ADC6	2783460	2864060	2614630	2829000	3055680	2595250	2794980	3058410	2850010	2637020	2583840	2477060	2498540	2281640	2432930	2307250	2586960	2386440	2293660	2593230	2674220	2695840	2301030	2330540
Q46925	1098200	888717	889226	930070	855749	1044810	877937	826587	886434	1100880	1034020	1055350	996828	1128020	1030310	1000470	1076170	1005010	1026840	1118160	931775	1007410	1116890	1094160
P0AC53	13227600	12556300	11977800	12338500	12378000	12818000	12113300	12088600	11737500	13432400	13725700	13600500	13015700	14062000	13738100	13172800	14093300	14099700	13664500	13985300	12984500	12349800	13305300	13499200
P43671	2371580	2334480	2193570	2338730	2375310	2353240	2381820	2384350	2449450	2361610	2504050	2528020	2264920	2560360	2519990	2253770	2679890	2480080	2414970	2411440	2370200	2420130	2564720	2479930
P45577	11956200	11700900	14331400	12307700	11414600	12200100	11270900	11610200	10388800	12262400	15280900	15361400	16446700	15895800	16562400	15775700	15600100	16467500	15786300	15346900	11789100	12085400	14982400	15763100
P37690	5625620	5000200	5564030	5242560	4879680	5418590	4809510	4920080	4975340	5281540	4439800	4659270	4718500	4275640	4441080	4549020	4580620	4637340	4504930	4267280	5273860	5002570	4323230	4385700
P30844	261311	297260	267289	345310	291095	316745	318760	365942	331978	307000	258459	210931	252608	228236	219903	260751	259777	216417	222786	225485	257032	327204	227829	210413
Q6BF16	387349	434450	351022	409341	407742	407186	414794	403042	339680	339938	94842.2	86754	98747.8	88075	103185	93863.5	117575	104101	103202	87613.5	380436	366362	81468.5	110426
P0A968	26287800	28633400	36397700	27777200	24273200	30365200	23292600	20895200	22056300	27107800	6443200	6709600	7888870	5943820	7971940	8955370	7830360	7427130	8293290	7881230	25698900	25982600	7839790	7581810
P75777	5204910	5125820	4883970	5422240	5304650	5166780	5188430	5525440	5776710	5144040	4091120	4014530	4627900	4124810	4214270	4466180	4400760	4141790	4263780	4353290	5187090	5422180	4113260	4051880
P0A759	13635900	17315000	12475600	15721200	17457900	13793300	16700000	18119100	16744400	14286300	12035900	11238500	12637700	12437600	10443100	12199600	12195800	12485500	10792900	11345500	16971400	16273600	11239000	12044200
P39385	1202190	1275280	1126500	1194260	1313580	1140070	1257980	1443640	1342950	1128770	913517	882771	899990	875792	892817	895723	935969	933647	828508	887337	1137680	1166900	931123	910824
P0A7X6	4572200	4850600	5442140	4886630	4649570	5097410	4472080	4419380	4396810	4370690	5579980	5491350	5922310	5259160	6002420	5592590	5221910	5421970	5471570	5390620	4577860	4599170	5386440	5408470
P75824	507190	394104	423220	326556	446395	508686	418179	329576	367772	534037	402200	389660	552091	461820	488033	573006	516154	506245	652545	629634	465173	443988	602528	467320
P0A7L3	79770700	86913500	83922000	86720100	87743100	81298800	84435000	81032200	77397700	81265300	116951000	113877000	123994000	118828000	119218000	116201000	124977000	125890000	121941000	122492000	100306000	90724400	118984000	117837000
P46850	356238	383699	341828	347317	302149	348352	313665	305698	339869	331377	345366	334132	373334	341622	319440	397645	387084	380797	391150	342797	318596	332905	372717	327301
P0AEN1	5358570	5871140	5932070	5986270	5812080	5763250	5407770	4969900	4645390	5095830	5133590	5067640	5656500	4783380	4917070	4840560	4882600	5228740	4610360	4747480	6212620	5790130	4914180	4351240
P38506	4149740	3950210	3846770	3882480	3773000	4233650	3393100	3244840	3044630	4041370	2994970	3140640	3278310	3270510	3191750	3117500	3064540	3121280	3077410	3230950	3628890	3505100	2922320	2935150
P27550	37515900	53437400	41952800	48196400	40922400	38700300	47882700	43394500	46789700	35533800	3941890	3886020	2417120	3794310	4200340	3570350	4015620	4139850	2239890	1818920	44226100	44291700	1933410	4361340
P0A915	50658900	46965200	50891900	50303400	47438000	52431100	38407200	33645100	30374300	46659600	19258200	24302200	28670500	23113500	21166700	19763000	17581500	19098200	16128200	15829100	59703800	48118400	20845400	17408200
P08191	521398	1089260	790357	1865780	2471920	612884	1718670	1565170	1655480	523764	1052010	1520100	1188940	1320940	1634520	1027370	1378730	1120850	751961	737200	1675290	2038810	874569	1251750
P06971	7930970	10878400	8515820	10404000	10274500	7597430	11316800	11424000	11452800	7039830	9951320	9639930	9861650	9833450	9189750	9180970	9847090	9593040	8763050	9172160	10379800	9865810	9069290	9292460
P77162	1219310	1324620	1472370	1614740	1237950	1334680	1194890	1162270	1305730	1398560	636412	808168	867727	591337	613990	373848	735668	670057	583424	724126	1186860	1403270	682688	764619
P08201	1900400	2739790	1819130	894378	1415560	1455850	1332750	927885	1135220	1433140	5463810	4986470	5576100	5843390	6154120	6339860	6504620	6539570	7763110	8330990	1902820	1002100	8228220	6806930
P0A7I0	2572550	2253870	2500630	2448620	2279400	2649840	2201120	2380530	2379260	2654890	2957590	2948160	3139620	3041770	3013620	2982830	3114440	2823250	3040860	2994610	2264670	2290760	3002440	3089810
P27302	81083300	86162200	80542000	85670100	78972500	85215400	80924300	71606500	76011500	84443100	67464900	64475600	61885600	69676100	65328000	61668800	71056100	69337500	67623700	67748300	86763900	80537000	67907100	68635800
P07018	285064	1046770	410045	1085890	1083740	345537	950235	767110	705128	362030	433633	NA	NA	223699	NA	NA	544555	319971	NA	438515	486604	612990	NA	477757
P22731	7995580	10335400	8541190	9396730	9117350	8217950	9455330	8403480	8660610	7593920	8384110	8329250	9314610	9336730	8445360	8343680	8505150	8373330	8068080	7669780	8003110	8685650	7844870	8447500
P42632	6911110	8478170	6242990	7634250	8133400	6222230	8647660	6164550	7455370	6115470	7607990	8724430	7798310	7952080	6927530	7228760	8650440	8906520	7673760	7276270	8535230	6951710	5982330	7337990
P0A7Y8	3763440	3865350	3807220	3661370	3465440	3867360	3377270	3247200	3123360	3656130	3713920	3967960	4415690	3926420	3721100	3482290	3877140	4221930	4086850	3716970	3606680	3700890	3864090	4125320
P76440	10590700	3345820	7614520	3124040	3156770	11452800	2562360	2298500	2557160	11886600	566118	398815	563668	581045	784070	1440800	1125440	981466	1457140	1366670	5216080	4760550	1340910	1091930
P60438	127888000	120008000	127694000	129978000	115481000	135997000	121658000	127225000	122749000	131428000	166457000	163424000	179449000	176301000	173175000	176906000	177924000	165836000	167173000	168374000	120106000	127460000	165694000	179644000
P0A9P0	195463000	228863000	205210000	214092000	202428000	204538000	211227000	184738000	195859000	188650000	84045400	82506400	80049800	86320700	84821600	71596800	84637800	85528600	86527900	82889400	209154000	218119000	89068800	84509100
P03030	432472	411726	385787	424422	418496	447087	414718	417969	462845	383777	447805	361738	393043	371272	386261	383311	401521	370084	382596	402501	458093	460667	402484	369486
P68679	74576900	87270100	95273200	80962000	81909500	76992000	81103300	77440500	78488600	83472500	98812700	108781000	112689000	108897000	117615000	107926000	114619000	123018000	116082000	104649000	87296700	80165300	99927000	127035000
P05793	82493500	98143300	86507500	93549900	98782400	85597800	100372000	97324900	97090400	81830000	199858000	192138000	195001000	198367000	184427000	186904000	213146000	205698000	198745000	182662000	94345100	99472000	187495000	195087000
P17315	15321700	32614600	18333800	34143900	24540100	16057600	32558100	31730600	28485500	15855200	26347200	27578000	44026600	27563600	26219000	34376100	36648400	34486200	44936600	27204700	26646400	28836200	25254200	30826400
P77581	2121250	2383290	2079740	2433880	1934590	2323060	2253360	2357970	2402080	2148870	916224	955786	612666	895310	977161	771222	902078	927225	681746	633398	2321090	2227340	713347	963835
P09394	1657680	1354990	1870740	1352830	1284140	1732970	1222870	1214870	1365910	1756120	424840	416857	453627	422292	477762	484877	496184	452617	435750	392189	1459360	1445520	505521	559985
P12998	1170360	1371710	1248550	1226730	1379350	1160210	1337410	1325550	1318970	1123490	1520050	1296570	1183340	1293630	1341930	1239990	1455140	1530020	1264840	1212790	1241070	1318220	1218540	1361950
P00954	18796700	19853000	18965000	19137700	19371600	18900800	19635600	16548200	17210000	18457700	23205800	23446900	23067900	22741900	21505600	21222100	22407600	23164100	21679400	22259100	19714200	19939500	22402900	24556900
P0A9H9	237577	819980	374964	953039	866757	240367	828361	578986	573795	220821	212391	143037	275317	245771	184971	144908	182304	132684	206989	190987	458850	604280	364044	193920
P25748	322153	327971	318409	315906	306543	311751	323635	310929	311194	329631	NA	74949.2	NA	54019.8	106556	NA	20608.6	42147	NA	NA	326669	296888	NA	26811.2
P33590	6691880	3834200	5432170	4240450	5450060	6676640	3915860	4241310	4080140	7070880	4027120	3961560	4521660	4003530	4593320	3918460	4974720	4906090	5880820	6180360	5734520	4859210	6036680	4865520
P0AEB2	12513700	13796700	11721100	12683300	13524200	12772200	13334900	12310100	12182700	12802700	16225500	16414700	15884200	16828800	14792600	14739900	15461500	16238700	14803300	15359200	14696700	13508100	16309600	16259300
P76235	526465	882444	593660	840130	850143	549435	802370	1035080	933307	475828	711629	652697	640056	677719	656752	633319	710659	634686	544506	535950	823087	799158	593813	713552
P0AF63	1854120	1505820	1660460	1670340	1570620	1792370	1533300	1523310	1372500	1921960	1729660	1635510	1856780	1667830	1628680	1760970	1680450	1707640	1746810	1625500	1736890	1670690	1686500	1656710
P0AFR0	764507	757495	741431	735783	757975	792198	689534	680808	670743	732149	766698	761478	831052	798956	734609	738409	773362	811706	709580	690125	753708	667388	755913	715298
P0A944	750258	793404	892890	807751	754918	827629	785432	717394	732692	687668	906262	872934	959494	791699	944613	884162	791692	834013	890162	799921	752913	765661	793619	782805
P10408	9624720	10787100	9801310	10938600	10621100	10069000	10065200	9712490	9812140	9760240	11129500	10912000	10730100	10745900	10807400	10075500	11804300	11075700	10570800	10733200	11064600	10795800	10857800	11031600
P0ACD8	778779	231899	354045	276163	689659	775628	475380	521047	501254	868039	668823	606811	774738	586920	682343	910250	1024720	866563	1147380	1381910	794748	723673	1176660	999174
P28904	376509	488649	343179	411048	387132	371803	400177	405477	420473	360771	1225220	1155680	1038000	1356180	1476580	1536820	1432150	1313200	1574680	1556610	369244	363582	1707890	1295410
P0A7E1	16549500	17819100	17313000	16338000	17856400	17355600	16726000	16442600	17254500	16676000	21231200	20501700	19068800	19925200	20505900	19240300	22413300	22710700	21568700	22287800	17912900	15705000	22963700	21340300
P77243	526844	770646	599895	732171	626820	547732	732798	893330	805756	526868	49902.4	37570.7	NA	NA	30258.4	NA	175504	56593.9	NA	NA	611118	597093	682492	72893.2
P0AES2	1282260	1112140	1142250	1082470	997757	1285630	1015770	968984	1065220	1277340	693350	680574	701542	678793	699289	692973	780115	714139	726011	786826	983303	1015210	742696	710939
Q46948	4709420	5362390	5345360	5007020	5043190	4933580	5082520	4336260	3791910	5339860	4693980	4866820	4981410	4802360	4868510	4618700	5417160	5796700	4884930	5163520	5997880	5344030	4752380	4267520
P0ADT5	5362380	5637090	5295390	5457270	5428750	5276360	5047280	4968880	4983470	5114010	4036030	3751480	3721180	4087020	3885140	3714000	4074460	4019180	3616640	3615200	5250090	5017120	3597630	3503670
P69739	109041	40601.9	71895.9	65473.9	65779.8	147884	54128.3	51815.9	NA	116298	96364.2	90717.7	172884	97353.3	134523	197843	174871	145411	220705	227850	127349	115272	231142	153057
P0AED9	1603740	1610200	1543780	1580580	1592580	1676850	1579970	1581950	1530170	1652730	1869580	1810350	1823220	2005450	1849220	1791570	1976910	1946810	1910090	1876480	1584020	1557390	1893390	1826710
P0A9J4	1471450	1388520	1410880	1450170	1351210	1697790	1401390	1391220	1249650	1566010	1935400	1795440	2321750	1954810	1861810	1948040	2166730	2037660	1933920	2005290	1499890	1371040	1893960	1891970
P0DM85	323896	589763	427788	524373	473569	383181	494401	410199	411505	360889	287325	313576	277400	333393	278479	238248	270491	287199	196715	236570	417634	470581	286098	231415
P26647	4130140	4755160	4129050	4571930	4249920	4372920	4384010	3875460	4006330	4168290	5269530	4659970	5401670	5080520	4684500	4811960	4816700	5322480	4746140	4892720	4853450	4174070	4800650	4768850
P0A9J8	5992040	6564980	5587730	6798190	7199160	5909450	6369380	7422350	7045920	6023570	10754100	10104900	10366000	10975100	10680000	10838100	11559800	10777900	11117000	11206300	6752140	6754760	10396600	10250000
P0AB14	13569600	16004600	19719500	15269700	16936700	15141500	15811600	15840600	17657100	14782400	14201600	16106100	17225500	13740800	17542800	18138600	18391900	16654700	19415900	17404600	16412300	15864600	16644800	14483600
P10346	7692890	8392810	8047810	8517960	7461500	7992520	8549110	8165020	8075350	7528660	6048620	5919180	6251530	6621110	6073130	6669410	7074880	6552400	6430670	6530300	7506870	7881310	6389040	6699490
P23917	3716690	4103140	3850970	3891400	4130100	3787180	3895780	3813360	3630270	3613180	2927820	2641510	2580830	3267600	3014840	2882140	2964560	2948150	2851330	2850600	3981030	3675880	2874660	2779920
P39280	1142790	1158010	1111810	1155680	1135860	1182370	1100830	1270810	1152770	1129190	1881220	1711880	1850450	1707010	1628990	1715980	1724120	1688340	1608090	1767800	1102120	1221270	1630250	1545550
P0A832	4537800	4417860	4471080	4305710	4132950	4352000	4029380	4190410	4254600	4634680	4882470	4872660	5142450	4670690	4742410	4929640	4578430	4822220	4441100	4643260	4548990	4182300	4612640	4301570
P07648	713868	707858	653162	658692	687154	686113	658937	619781	629810	755043	668781	625297	571108	653288	596881	578079	637167	646753	568481	618949	690765	621475	604633	591714
P27828	1915230	2044530	1736540	1954430	1951940	1873680	1909490	2027080	1953520	1834740	2597590	2454500	2653310	2773160	2417590	2569130	2668330	2670980	2592240	2613230	1871350	1773520	2462970	2558480
P37691	986171	1121290	816580	1048070	1058320	1121160	1191770	1064580	982791	982562	1359780	1245180	1310900	1528730	1100590	1269810	1297210	1338060	1231900	1272020	1051860	1002000	1315530	1372260
P27431	8102290	7933230	8245170	8076740	7942740	8200990	7598660	7852570	7158840	7971610	6644150	6784090	6615340	6581200	7130710	6303250	6850140	7031950	6641060	6412250	8247120	7806040	6579490	7024970
P33029	151045	325791	220268	312243	297437	177907	323399	309857	326902	163791	201490	171586	150472	195224	163390	125879	161913	146318	113136	89626.6	230477	266100	144091	177251
P0AFI7	2969650	2873220	2781980	2905750	2797970	3152620	2671490	2377260	2394720	2881710	2908360	2743160	3387020	3209210	2984030	3045580	3212610	3185070	2994130	3106880	3177680	2927060	2982220	2778440
P0AFM2	40959200	73598000	62560800	66458500	66199600	42480400	68355100	58399100	59261800	42382900	44710900	40493800	28709200	36572400	43867600	34885700	40493700	43333800	34482800	35022100	53471900	62043900	39841700	44706700
P75757	232765	146144	121892	129581	188232	211130	163580	201813	208836	231369	165926	154149	210071	167831	125923	152282	98980.5	182962	149920	133655	208485	155467	174852	175627
P27128	429047	404922	414129	415494	413819	399613	403664	362354	344286	400889	447960	422360	451773	392423	421472	427157	433291	474934	383375	424811	449070	429917	401397	322770
P39406	4799520	5083100	4618070	4883500	4874610	5087700	4844360	4609320	4695790	4852240	5005640	5286990	4628830	4853360	4858210	4628990	4810640	4979480	4883780	4755310	4689160	4676810	5060990	5229370
P75736	3071230	3066550	3415310	2972350	2850820	3255410	2855290	3036900	2855550	3058080	1933160	2067460	2324320	2011200	1997490	1952320	2057870	2269690	2018610	2000490	3062050	3243110	2239370	2113860
P0AF96	9404890	9632070	9648220	10850400	9659940	9393030	9373400	8628140	8225590	8627920	13181300	12994200	15522000	13217100	13499100	14862500	13900400	13802300	15517200	15115300	10219500	10140500	15086900	13517700
P39830	2088360	2842330	2273340	2515990	2603740	2076050	2499180	2430690	2388970	2007310	2131620	2077400	1665520	2062350	2075110	1842270	2160050	2046210	1798770	1884670	2236640	2283420	1986090	2094230
P02358	110334000	113949000	160428000	124157000	110379000	123394000	108444000	120230000	111629000	120118000	152061000	153284000	159523000	146156000	164192000	153848000	167106000	151995000	157956000	144317000	122563000	117283000	144464000	150516000
P45579	8682660	7521030	8389440	7137510	6653490	9178140	6274690	5958490	6127440	8505580	4988280	4482220	4368010	4539090	4883030	4323590	4835350	4926260	4675350	4930440	7656170	7729280	5366880	4496040
P0ADG7	49413500	49198800	49410800	49771300	44429400	54432300	44823400	43342500	44664900	50356400	76444300	73729900	73219800	75452100	76410900	70430200	76829200	71080800	76601900	75716200	45559700	48560800	77482000	75066300
P30863	3552520	3606910	3401920	3811000	3485180	3712870	3698510	3683360	3553910	3537400	2004850	1968730	2299190	1917240	1948770	1976520	2023560	1844640	1855420	1787900	3574820	3783240	1793550	1843060
P21369	3091420	3438950	3608290	3442120	3351110	3329720	3242960	2950550	2800490	3275330	3182190	3460370	3672200	3125100	3580460	3479580	3434660	3490440	3193570	3267070	3209320	3214040	3234580	2986100
P42641	7164090	7529290	7806360	7186380	6840720	8093590	6491580	6301780	6145210	7520390	8441820	8356580	7749230	8675160	8606470	7513020	8709070	8785220	7849880	7491640	7585090	6862460	8342760	8243200
P31979	16608700	18984600	17792100	17176800	16542300	17210600	17638000	14299400	15555000	16149100	10873400	10717400	11184000	11796400	10626800	10420900	10896000	10984100	10004700	10076000	17256500	16096100	10463900	10337900
P32144	1516090	1425420	1315030	1458040	1369240	1589280	1288580	1324000	1382520	1623670	982644	933068	1098750	1056830	1011150	1057630	1082840	964363	1044340	1042050	1423140	1505940	995237	1031970
P0A6L2	40445800	37759900	37277800	38463800	36773500	42976100	37897100	35462300	34516500	39977600	36030900	34714100	37450300	38235200	34599800	34062600	35161900	35779700	34520300	35024100	35114300	36949600	36824400	34779900
P38054	529159	538681	841141	NA	518084	745923	436013	424885	558081	401827	467461	NA	470073	241647	586755	714425	396386	284539	673681	305440	515500	497172	380035	459737
P76339	335143	442475	304294	442231	425563	317804	408821	391834	336821	281967	456969	422267	478657	419075	443499	407077	473678	426189	401506	447440	380171	404846	444782	420091
P0AAZ4	1247350	1160170	1180570	1159150	1153410	1216430	1105740	1038690	1076860	1197720	1206630	1279880	1218040	1229850	1237790	1244970	1270200	1311060	1233110	1248440	1244690	1132710	1320410	1255360
P0C018	155707000	147257000	169135000	153166000	142685000	155796000	148334000	161305000	154204000	166099000	205137000	197566000	236650000	206977000	211241000	215652000	221644000	199361000	222575000	203570000	140080000	153825000	200716000	221414000
P0A8N3	24052400	22502700	23380300	23283100	22915200	25164100	21932900	21215300	21079700	24531200	26843200	25385100	26432900	27237000	26290700	24353700	27306600	25888400	26564700	26691500	24723900	24097200	27185800	25296400
P76403	4751920	4695480	4727280	4768320	4562400	5074670	4270350	4139270	4289510	4863780	5124800	5005380	4695690	5224000	5005760	4626850	4987470	5189360	4846660	5271940	4868100	4583940	5103010	4944570
P08204	375310	357831	308231	337286	314462	329965	342204	374781	367210	352916	84557.2	61768	35713.5	77033.5	80155.5	87878.2	102065	93564.7	80740.5	92081.4	340514	352504	94673.8	83757.7
P25534	2056290	2157440	2083560	2122050	2014440	2108800	2076390	1749690	1786510	1963780	1991490	1892930	2022120	2064800	2002420	1887160	2089870	2152270	1955920	2020740	2173130	1942980	2001630	1882890
P63386	4486870	4685420	4547290	4401490	4538080	4634680	4455160	4042330	4287690	4524770	4573940	4533090	4874960	4829310	4503660	4610130	4819990	4977680	4393480	4426760	4366640	4183480	4561020	4602280
P0AD10	2585520	2498500	3126730	2642310	2642880	2674790	2791890	2326450	2342310	2734840	3167740	3132710	3410450	2780830	3255770	3197980	3316830	3135300	3377870	2994070	2407970	2580540	3203160	3059850
P37766	142618	189159	160103	184814	148478	169638	158276	189673	179614	138170	174769	198644	183320	160360	198913	169998	173357	173569	180736	187589	168944	186839	195466	180832
P04693	17314400	21284800	18507200	19867600	20949300	16839300	20248200	18186100	18592100	15305200	20064800	20124000	19732000	19399900	19495800	18608200	19821100	21078900	18314000	18751500	21359100	20394000	19480300	17396400
P52598	3945030	4036840	4193730	4328060	4067990	4257100	3972740	3866100	3728380	4159340	3949150	3460070	3982600	3997020	3646240	3791720	3859830	3665240	3820890	4057920	4295990	4648460	3622470	3701050
P05804	1121380	1384280	1158180	1306490	1221280	1179390	1377270	1374880	1240570	1169320	404957	232825	182869	318202	341354	292870	362735	287074	443896	417487	1198190	1253820	400929	384955
P0A6J8	7855420	6107060	6950870	6389520	6611560	7812270	5949680	5871410	5983540	7948420	4826160	4767790	5460230	4873840	5176180	4908780	5291770	5055620	5529290	5746150	6935230	6794100	5598980	5082950
P77561	1663810	2459040	1670040	2429900	2443250	1519190	2156890	1875690	2061690	1646780	1573530	1562790	1508820	1517830	1443190	1283780	1463260	1392230	1493250	1439730	2124140	2401540	1446420	1346410
P0A8Q6	538605	449709	592498	483267	459033	570595	458687	507030	412708	591092	761821	732558	704541	639218	608592	570355	587064	671139	614076	592944	466862	389123	538449	619926
P25553	101858000	156173000	118049000	140766000	126950000	107094000	143470000	131244000	131205000	96839400	9428990	8866170	7626180	8746070	9254470	9004420	9810020	9793850	5982310	4775760	119086000	126927000	5060040	8934610
P76542	415396	404846	428465	419156	397524	420755	402927	390853	409524	401794	390017	436424	355119	413243	415727	375450	405609	420677	366565	370784	430749	366287	399798	385298
P0A821	4295520	4282630	4197130	4286660	4316460	4347020	4183950	4204380	4074510	4397870	4477950	4328050	4584800	4727570	4552180	4310790	4821500	4684020	4618920	4765990	4460060	4437490	4684540	4510760
P10902	6446230	6591520	5782870	6462470	7159510	6628790	6622220	6765010	7002280	6699280	7338900	7044370	6710980	6928960	7750630	7398940	8628980	7926090	8557150	8814900	7606350	7295620	8264750	7549840
P77732	47427.6	44150.9	33103.4	54134.9	46591.4	50414	33678.9	54997	35986.9	40226.6	NA	NA	NA	NA	NA	NA	NA	NA	NA	NA	33602.7	44604.3	NA	NA
P0AE88	10713700	10792300	12152300	10475400	10762700	10627300	11181900	10805600	8793350	10341000	7765990	7710830	9069510	7732120	8143770	8514230	8231980	9045840	8411870	7864640	10307700	10241500	7634850	7893510
P0ABH0	20080600	21305500	18922200	22428300	20814000	19624800	21526300	21524800	20323200	20448500	23009800	22181500	23504100	22722500	22230800	21876300	23118000	23844700	22315300	23582300	21554400	21920500	22185900	22020000
P0AEY1	739711	534027	406230	518143	537861	452875	510916	784198	657597	572788	356131	348868	320640	365440	371906	391760	317981	308939	322438	826771	447338	470916	355894	435325
P32160	1472410	1534210	1615460	1469770	1521040	1371720	1563480	1634560	1571770	1433370	1418070	1463110	1411110	1353140	1603850	1411050	1405700	1320760	1475990	1321690	1400540	1470370	1490230	1500110
P77562	2047150	2161960	2093580	1959790	2081960	2061630	2124260	1867920	1926490	2092850	1707870	1878390	1727010	1742770	1682250	1671780	1768080	1957140	1627270	1695080	2191210	2034630	1933480	1708060
P0A9A2	1784590	2005290	1840390	1833340	1631900	1846410	1789480	1578340	1487100	1576300	962332	868315	1073810	1043480	989816	984370	940538	934161	1029100	1012320	1745240	1857130	1328710	1225470
P77318	13410800	14554300	12527200	13874600	12919400	13008300	13715600	12135100	12490000	12093300	1657410	1481900	1382400	1484410	1707310	1727850	1907190	1959490	2032800	2064760	13238100	13146500	2132310	1903140
P0A847	3373040	3455880	3165030	3294010	3371060	3320160	3410880	3564110	3406820	3499820	4677310	4332560	3897120	4896480	4497720	4066190	4743610	4857650	4673820	4804980	3373240	3219310	4725460	5087570
P39384	3003600	1440400	2080090	1550310	1890160	3074780	1552280	1463100	1555640	3016000	2113100	2025430	2385200	2324270	2336350	2653740	2580190	2405570	3065560	3191720	2408350	2038290	3286490	2721060
P23256	2453090	2333190	2223250	2215550	2222680	2476350	2097840	1833080	1955920	2461700	1171430	1160040	1224040	1281300	1218500	1170570	1263450	1365520	1193080	1220810	2331140	2128560	1307980	1241800
P21865	6579890	5812990	5651090	5880760	6055830	6463660	5675500	5867090	6240380	6517590	4498580	4829580	4054530	4425880	4500130	4180910	4826170	4529990	4459760	4459390	6371960	6318280	4641980	4320400
P77757	75673.1	129775	102299	129815	120703	117303	120815	134081	121878	113071	111544	118267	139021	105849	108927	119387	93074.4	102005	99185.1	108070	89951.5	86806.6	94467.3	115253
P37672	128330	173814	141091	174236	152415	161322	157756	140598	154500	145792	NA	NA	NA	NA	NA	NA	NA	NA	NA	NA	145531	124509	NA	NA
P0AAH4	888917	1003000	868607	954759	955197	967231	879696	930856	936140	937549	987526	977883	1027210	1024630	953928	1009370	1034190	1047180	987408	1012300	980524	922369	956157	953917
P0A6R0	20387200	20636400	20735700	20745100	20723300	22081100	20235100	19363600	18499100	20116500	20771600	20481400	21584300	20727700	19920800	20345900	21286500	22062600	20189900	20024200	21280300	19906000	20341100	20664000
Q47679	1251930	1310530	1197190	1249200	1273770	1275960	1215130	1146180	1165060	1180510	1151130	1155530	1222820	1145660	1187140	1109060	1277670	1189540	1157520	1101920	1304920	1224600	1113550	1086550
P32173	3928520	3444540	3480480	3640440	3740480	3918250	3426890	3406180	3514710	3928420	3280940	2873260	3596560	3173840	3012800	3485260	3551230	3046840	3246970	3223840	3629780	3401290	2809240	3155300
P76062	2509790	2764460	2910670	2876230	2982220	2694390	2788400	2499950	2238010	2770870	2625280	2614840	3024050	2660040	2763820	2957360	2701410	3052480	2913300	2626470	2976730	2690640	2601100	2707860
P27126	866222	912528	896781	886382	972286	915668	877516	883053	774613	855489	1233270	1205820	1361410	1325950	1240730	1317520	1201270	1402170	1246380	1380070	992450	906114	1166990	1042000
P18335	17109000	17532600	17537500	18191800	17007300	18278400	15806000	14139600	14944800	17152500	24115200	22411600	24036200	23224000	23734800	23324700	25866800	25844700	25270200	25636400	19628500	19063900	26045600	23968100
P77580	397494	421603	441690	449396	410632	529252	424663	452411	458592	386670	410119	369763	282391	322281	354480	353069	369710	369035	351956	263914	397916	397030	287531	346721
P21514	5400850	5494680	5806460	5063860	4763700	5748270	4907430	4133040	4259570	5586000	1363830	1113200	1095260	1236300	1276470	1085260	1290640	1215430	1144730	1291790	5468370	4837630	1248210	1160580
P16384	1002790	1123860	1010260	1099290	1063520	1048250	1116480	1059300	1126870	986699	1247690	1252400	1274100	1248460	1217920	1221830	1302920	1310310	1170010	1207920	1071080	1056240	1179250	1157240
P37774	7114090	7548120	6876650	7399700	6704400	7456840	6614650	7253080	6493340	7148070	7034230	6769370	7135700	7331990	6792910	6703980	6573260	7088250	7180460	6863400	6577690	6641280	7032820	6714550
P77256	245936	256095	228204	227467	242896	249078	246202	228926	208720	215620	169224	180371	147686	171637	162583	161534	167139	167302	158083	200370	221971	244067	195413	161389
P64540	3455450	4248420	5542560	4772360	4062240	4696830	3896010	3921240	4124390	4272430	4985280	5184380	5804690	3936920	5069720	5366450	4734200	5027050	4772070	4621130	4490580	4472760	4724990	4893470
P32669	616062	544613	556383	549700	482569	590052	532881	473660	438180	587252	202864	219670	222469	222892	226176	245641	243943	242191	235682	235274	540677	560697	248898	240750
P0A6N4	30450300	32760500	38005300	32425900	31023300	33858900	30581400	34041600	31030600	32000500	32881300	31967000	34538300	30639800	34376500	35575900	33291700	32376100	32716300	32877400	33644300	34618500	33751500	34196300
P0ABT2	83359600	108189000	88515700	113986000	153313000	85538800	109122000	147441000	142104000	80640500	87546100	86311600	95151500	87933600	94903500	93564100	95626500	102437000	76143400	76442300	129854000	120754000	76559300	93682800
Q46808	486598	490351	483698	413218	338455	497013	378495	227639	324339	479437	NA	253845	NA	NA	NA	NA	NA	NA	NA	NA	445319	426992	220771	140000
P76049	1010730	1182150	993559	1174820	1233540	1021340	1189330	1255670	1263390	1013940	849093	874675	851664	912119	878373	907817	892337	847792	866695	848869	1135190	1048030	811876	874398
P52086	162714	148840	163482	171981	160682	131120	141448	108102	160544	142349	150173	159985	148884	114123	146862	129406	134668	153463	142273	110659	159753	113881	151244	138748
P0ACP5	2891080	2618300	2626570	2747480	2693720	2760910	2512700	2802740	2772900	2686150	1871510	1905750	1978990	1903370	1983840	1947810	2016460	1929860	1856800	1787520	2809360	2824120	1841520	1956460
P14375	279829	306215	285129	291167	314548	290262	299980	271030	269986	256002	291408	318972	335186	287023	296900	288229	338947	318076	291407	323064	332240	317770	284626	271388
P37013	1712360	1463400	1181440	1437330	1367070	1587040	1487920	1526730	1362880	1595140	1470110	1380790	1484120	1575810	1506150	1419830	1689650	1386320	1622990	1483830	1481900	1619400	1447400	1410070
P0A6W0	720645	730220	663260	734580	687149	754215	691981	663743	630461	702903	935184	908148	1050100	947786	920182	978434	993219	985348	898888	959346	784037	763804	838875	877481
P0AAW1	1094760	1077240	962367	1137480	1144940	1044710	1175940	1308280	1268800	1041030	1177930	1137060	1210900	1201440	1058500	1138680	1298540	1238480	1123990	1128900	1061740	1182460	1086500	1192270
P0A6L4	1868540	2311150	1817620	2139020	2157150	1926290	2492570	2422440	2315430	1836050	646447	617088	523384	648710	635758	740336	733009	745732	662489	664220	2012970	2202030	656634	711806
Q47537	1325210	1537960	1674420	1332290	1593910	1122530	1615680	1355630	1366400	1260240	1033140	1213100	726828	924432	867883	901733	862184	1048690	1095360	1024910	1710230	1478950	1320900	1170340
P23909	8563430	8719610	8292120	8191720	8084040	8455970	8313160	7092860	7748700	8237890	7512310	7562120	6871050	7573020	7429890	6652360	7679360	7593480	7470120	7732110	8389720	8376770	8164210	7563910
P77737	21776000	15598000	19054200	17758800	19952100	22198300	16227600	17772400	17638400	22686600	20825900	21321600	20829200	23254100	23597500	23041800	25074100	23690000	26782100	28488700	20845200	18541600	31528700	23649600
P0A814	883017	998549	907651	1009410	990262	1029490	927771	860129	790036	896274	1191310	1268150	1246560	1096180	1112440	1286550	1219690	1324560	1193700	1221320	1061900	1050050	1203360	1165420
P30136	8556160	14412100	10469000	13303600	13168700	8705890	13357300	12869200	12995400	7350280	10306700	9852990	9853460	11038100	9591650	9707210	10530700	9992200	9795610	9681180	12301500	13266700	9851700	9879510
P77690	537033	573454	563106	551737	532940	563160	540826	514968	520365	551305	341735	346092	365465	325693	320002	311314	349571	344063	315758	346504	609488	559824	394553	331544
P0AG59	141733000	148506000	162236000	154025000	139777000	158254000	140075000	136137000	138944000	146243000	208755000	208841000	215829000	206655000	211354000	206849000	221946000	223809000	212660000	199804000	153150000	146543000	198953000	210813000
P76507	623864	923079	761476	994296	912304	582681	833327	740739	754027	493599	1276100	1178860	954506	1166720	1167910	1084830	1067250	1131120	882961	1098290	719200	708976	1063610	997395
P0A7S9	142322000	157356000	163966000	143237000	143043000	144190000	161076000	134485000	118458000	146408000	204334000	219045000	218653000	198501000	206071000	209990000	199022000	226393000	200396000	198152000	155401000	134238000	193623000	210723000
P31069	1667580	2044220	1828820	2062570	2311170	1641600	2116690	2540710	2282650	1632410	2400910	2502490	2722160	2136560	2620870	2608720	2664650	2540910	2665140	2666790	2140160	2125260	2585360	2674280
P77529	15420000	16334900	15656800	15385900	16173500	15392200	14440100	14183400	15635900	15115700	19588900	18311200	13256000	15990800	16313800	15997100	18311300	18153300	13519500	18398300	14142700	12389100	18172500	18040000
P60566	27597.3	24701.7	39588.8	32956.4	35404.8	49261.7	36078.1	40213.3	27027.7	51106.9	56786.5	47772.2	67906.3	58885.8	58368.5	66641.2	65827.6	60770.7	52805.6	58164.7	31205.7	30544.7	57680.7	72230.5
P75800	432011	421127	417550	397513	468101	392924	435127	378518	415379	406346	741866	740825	608369	685106	650425	715559	766750	754934	714086	830648	522952	458263	722237	631271
P24224	2051440	2602400	2987740	2541890	2602720	2327930	2369910	2094210	2184200	2306220	2882660	3048620	3078520	2770060	3100180	3127060	2959570	3364700	2952360	2764170	2449730	2491390	2654950	2116890
P04395	2165510	1929910	1928490	1948940	2000630	2008080	2048270	2021840	2010530	1997340	1717740	1791150	1828070	1767300	1911950	1693690	1975090	1901680	1673970	1698140	2133540	1941100	1726810	1680170
P37024	8433540	7667010	7462710	7319370	7345740	7838940	7579890	7329360	7566360	8233140	7471390	7372410	6540580	7859100	7015350	6633950	7967270	7665630	6904220	7745240	7599910	7327590	7707310	7715630
P00547	34495800	31862900	31856700	31047100	33287800	37177700	33634400	34163900	32908800	35911800	23330200	22001400	24586500	23809300	22788600	22949300	23349500	24271200	24619200	22818300	30858000	30211000	22443800	25034100
P0AES0	2573560	2113360	2211280	2046410	2114390	2484670	1924290	1813460	1925970	2510400	3747540	3775340	3601610	3677540	3862170	3303870	3707880	3893320	3798320	3901890	2491630	2100950	3986950	3207630
P0AAP3	2885510	2703190	3278140	3050720	2850960	2884450	2801750	2791880	3190610	2773360	2715700	2643220	3268260	2676590	2937390	3307270	3170540	2887570	3344390	2948250	2817090	2718290	2667240	3007010
P77280	440730	565309	471930	521241	514493	429345	494260	352374	459844	392204	315809	333155	291535	313650	320713	351804	354505	347091	356042	330998	463441	422089	333344	337345
P0A8F8	3345210	3132120	3018980	3236910	3307400	3310900	3105310	3428200	3504690	3320840	2530080	2611080	2293280	2561900	2496070	2403770	2670810	2604800	2476700	2514720	3180920	3197660	2585210	2551800
P77495	353674	305297	305547	326757	293463	399258	277916	333981	293305	399598	427456	387034	483961	361328	390876	399082	439066	385548	343609	409533	251982	341869	356039	446472
P0A805	152249000	166913000	194388000	184295000	176061000	166085000	171930000	188008000	193005000	162461000	185963000	183650000	210652000	180094000	198359000	208647000	194398000	167334000	195203000	175257000	161717000	183500000	173114000	179398000
P0A959	3206760	4328460	3523920	4151180	3582890	3296350	3607400	3442070	3232870	2946170	3521190	3532440	3427740	3618500	3564140	3275260	3662130	3503470	3228730	3104340	3965040	3773040	3277280	3349570
P08244	14105900	14305900	15136700	14053300	12977300	15302700	13717400	12549800	12932900	13976200	13744600	13704400	13632800	13711400	13438400	13173900	13193600	13883500	12828200	13539000	14136600	12801400	13800500	12911300
P27294	NA	755171	NA	NA	NA	NA	NA	433205	NA	NA	565881	519899	456981	551520	606616	520649	574090	496643	566236	511276	804170	NA	541802	682971
P0AA99	382391	342150	396972	379219	427217	316188	320726	462164	441998	379587	838592	854359	603744	682379	746767	597220	705541	830567	741622	722567	294298	251068	532091	555460
P25666	392665	663931	467870	641574	547475	440868	568421	528481	435449	377064	731741	604600	749887	787608	690697	719040	751112	734171	704805	709323	588938	644044	625099	633065
P08368	547608	502242	560890	570272	559494	614760	666836	532693	531023	599609	445173	428514	536846	475844	440051	508482	507664	474655	493250	477291	521782	539795	449079	462996
P06974	1295430	3714400	2158990	3538280	3092560	1606710	3206110	2260450	2381000	1391210	313985	619361	439001	647537	349182	233149	286954	293827	193890	NA	2389160	2564380	NA	788438
P63183	757392	1017420	768298	982310	1021110	708120	905184	997316	970452	748256	1078100	1150610	989521	1141140	1106540	1024030	1115540	1272690	1125860	1244490	1004280	919771	1166160	1074060
P0AEK4	83040400	85664200	84104700	81794600	82196300	84573000	79636000	80503500	78520300	81117300	78448900	73816300	82296900	83895700	78069600	78881800	79276000	83471300	74659600	72982200	86709500	80500100	74065000	80295600
P31697	2295570	4417580	3039940	6736070	9241240	3334120	6314690	5726130	7095050	2473570	3659440	4972530	3578570	4614200	5647920	3415580	4119030	3750050	2516150	2884720	5810530	8129400	3366230	4134170
P0AB01	717465	652339	578161	578606	620796	659626	630353	604764	658763	658257	502568	510772	519789	519300	477553	492942	556025	522410	490267	476273	574928	595726	483559	506480
P77395	11093400	11848900	13263300	12565700	12206000	11094100	11942800	13382400	11897200	11184400	13321500	14079000	13666700	10884500	12933300	13047200	12816500	11583600	12803700	11990200	10652900	11661900	11977500	11675400
P18811	430133	453141	427931	447090	397981	444054	412364	385642	407742	390056	359551	356953	346400	364447	361482	339336	353045	342288	343914	340367	427716	439601	382766	391989
P0A790	13705800	12797900	13991600	11945000	12761500	14480800	12962400	12063900	13099900	13529600	14915000	16838900	15797700	14616600	15003100	15689500	15240200	17381000	14379100	14832600	13494900	11133900	15058900	15522100
P33371	351638	394313	348404	426378	315835	396294	386508	382402	353448	367805	391729	290783	344766	375158	357656	361068	363208	341819	361578	365452	353688	360637	329825	346523
P68767	14634700	16009000	14752600	15725100	15404600	14777400	15223700	15246000	14474000	14435800	14290000	14207600	13362100	13985100	13695700	13347400	14703600	14846500	13821900	13691300	15469500	15050100	13926900	13564400
P23522	1147560	765840	948109	665733	509760	1240040	584327	465166	550580	1251570	165168	111031	209467	192307	176646	226505	219877	182267	196159	201061	506366	538368	154783	197687
P45544	1414030	1414470	1361530	1296980	1341900	1500910	1338140	1133910	1130220	1401290	996360	1077280	1183500	1044890	1070400	1049140	1045750	1097500	1054710	1082320	1413110	1370710	1097310	1154660
P0AF12	16301800	19242000	17676300	19926500	17972600	19257300	20109600	18828700	18201400	16958400	20332100	20159500	21765500	18010600	21327000	20455800	20376900	20785100	20952000	20834200	18577300	20371700	20867600	20317400
P0AFB8	4739690	5105760	4746600	5016640	4804570	4633510	4759270	4717480	4820710	4484210	5918530	5781720	5599430	6282670	6277390	5983230	6487230	6261230	5955540	5695420	4952200	4925790	6002950	6584840
P0AF20	4336310	3994760	4048200	3920840	4092850	4439890	3800000	3918940	4002760	4449030	3326170	3336630	3291990	3474080	3450410	3249320	3524040	3462450	3403490	3597630	4351180	4110660	3392540	3212360
P77804	11524900	13443600	11218900	12560800	12451500	11321800	12310100	12681700	13117000	11126200	11144800	11271100	10845100	11393100	11164600	10503600	11768400	11783700	10797700	10720000	12727300	12728400	11381600	11768400
P77247	9635050	10838700	9773610	9891360	9779770	9811990	9970990	8820810	8857660	9491680	7741440	7018840	8409380	8039090	7839950	7813520	8071170	8155760	7859360	7611760	10288100	9816850	7275250	6844420
P0AFS7	51861.2	37732.1	96542.4	63550.5	48271.9	65943.3	41896.3	NA	NA	66516.8	78764.7	60756.6	134660	60046.8	41633.9	NA	87638.4	73628.8	55891.1	28990.9	58878.5	67429.4	81631.4	62069.4
P69908	26217400	26063700	18665400	29833100	39167300	19887200	32185800	56170200	54164100	26187400	15476600	15856500	15356300	14427300	20182100	17587100	25878800	22050600	19126100	20680600	28069500	29724300	17093000	22110100
P08395	2328550	2415680	2274730	2247320	2359930	2253800	2275460	2151520	2276130	2337810	2240960	2307960	1979720	2223930	2141140	2008030	2227630	2223230	2006340	2096280	2288320	2197750	2199240	2216540
P09029	6479220	7863200	6699800	7131970	7106600	6612460	7489620	5903330	6266480	6230730	7897040	7807840	7594700	7820090	7417660	6939330	7756650	8356060	7772960	7503100	6940510	6710550	8434730	7784950
P0A6T1	24385400	29164200	23994700	28557800	28251600	24011000	28115000	29863400	28413800	24901700	48149000	44621900	42460200	48085900	48516000	45333000	56036600	49357100	53076500	52547300	29150200	29685500	54369800	52224700
P0A873	4277420	4190070	4115580	4154570	3972120	4248580	4270670	4249980	4033580	4290130	4334770	4181350	4520950	4399160	4493450	4543580	4189000	4406500	4498620	4422330	4275130	4113760	4189010	4511370
P76016	320894	323773	308798	351500	321419	323946	363428	348519	347371	354602	331084	314761	339944	325386	292518	307260	367195	323704	319349	339342	367227	398966	310876	299027
P61949	18873200	23821600	25491300	22875900	23645300	22355700	23308300	22557900	22908000	20114100	23894800	26138700	24012100	19265300	24599200	23446900	23046800	23872100	22625300	21999000	23090400	24125400	23757300	21761700
P03004	3125930	3115700	2985010	3108080	3034770	3072080	2949090	2906300	2924600	3144670	2963520	2874260	2983370	3000130	2826540	2893490	3083560	2974330	2906240	3025760	3243500	3173480	2976100	2860840
P36562	1151640	1060260	1107720	1051890	1033870	1120610	1045350	1069330	1036550	1071840	985834	983385	1002820	928500	935332	917862	959486	1006380	978535	922062	1076850	1038060	952837	937550
P0AB89	37948500	40930500	39806600	38381000	37885200	40189100	37936900	37641300	38127600	37632800	43742900	42345300	41430200	44771300	44021800	41565500	44363400	45823700	41651900	43173500	39038100	38392000	42374600	41320300
P00811	4517920	4515150	4384140	4344390	4363140	4395020	4499250	3934590	4225310	4392710	4504320	4530820	4492950	4757370	4297290	4302350	4406150	4617690	4283060	4251760	4276660	4285880	4404790	4440320
P41409	7523450	7107780	7025970	7385630	6697790	7746670	6912390	7194860	7548570	7557320	2178930	2065700	1995900	2307240	2200260	2256200	2414880	2174510	2282130	2241580	7286180	7769460	2371300	2375210
P40874	10159100	10545900	9842420	9983050	10411500	10214600	10269000	9443930	9479410	9896690	11058600	11419900	10693200	11066800	10823400	10821200	10719500	11834900	10885500	10815100	10669500	10055300	11127700	11136800
P0ABZ6	36296400	34003900	37762400	34002000	32481200	37667300	33289000	36326000	34750300	36393600	29387800	28119600	29649900	29101400	29786400	29346800	30348900	29220000	30064500	28179100	33363000	33410200	28481200	29017000
P0AF93	181758000	136982000	184843000	152097000	148932000	179539000	154836000	151305000	171401000	186116000	97531400	97315300	111699000	77680300	80360400	87473400	84051200	75225500	93309900	80943000	139429000	135819000	75117500	69077700
P37661	2354520	2800910	2607390	2720250	2411270	2373570	2635460	2451190	2485500	2594400	965737	913961	855008	946599	934395	954120	1057610	952143	950959	952131	2345410	2543790	975039	1086470
P0ABD5	26604700	27956400	26871700	26688100	25989400	28303100	25444700	24960800	22898400	26295000	26605500	26274000	26466400	27320400	25818300	25014400	25092500	27537400	24592700	25157200	24472600	26044600	26202500	25499400
P05020	47944200	51962000	49198200	49324200	48830600	50901200	48024500	47642000	47038500	48348900	41622400	40005300	39986700	41785400	39413300	39133200	40578600	41116800	39510500	39463700	47911100	47473200	41499200	40470100
P33940	7524990	8295090	8180370	8063520	6811760	8047610	7590270	5919200	6482370	7689630	3652200	3099590	3922870	3509120	3599850	3306160	3779340	4273980	5104640	4977140	8113700	7871390	4933350	3839940
P10907	1672990	2184850	1688020	1957940	2000920	1672970	2138480	2303240	1992750	1539710	968082	991259	943338	824350	1053630	857874	1011130	1098120	894394	803718	1841450	1959480	922946	1003730
P76562	419985	374320	376708	377536	405418	396395	396154	348484	369467	368240	384767	369722	325807	379430	375118	334859	403648	385417	371767	362287	443527	394565	376715	382026
P0A9F3	8143940	8683740	8987120	8871260	8079210	9251140	8315720	8075930	7959010	8622390	9096530	8808040	8758620	9319170	8876750	8528020	9590920	9358650	8825670	9044190	8522440	8488310	9458810	8880030
P0AD68	2111220	2228730	2079260	2124600	2191530	1986200	2168030	2102100	2173870	1950470	2493920	2629400	2338910	2468140	2376730	2398970	2655410	2420850	2471890	2475110	2252420	2141460	2668730	2450460
P0A6L7	8162120	8775480	8430600	8864620	10015000	8502510	9425440	9702160	9837120	7968120	5356570	5424880	5221040	5391590	5718130	5530630	5542350	4977510	6150190	5609420	7913130	7991060	6127720	6184030
P0A6I6	6288840	6739280	6166100	6808530	6676250	6548720	6469320	6175090	5437100	6001250	9367940	9081160	10920100	10111000	9039420	9096760	10179200	9272930	9133270	8336630	5246430	5762630	8434520	8316030
P69222	27047700	32293900	42796900	30847900	30778600	33335900	30424900	32185300	26652600	28220900	39353900	38208300	38353100	32546600	38573800	34864600	36074900	37412900	37762900	35838300	31230000	33279600	40990000	39915700
P21499	11575200	11564500	11068500	11607800	10942200	12030900	10701100	10344000	10732600	12243300	9894050	9701030	9432390	10304400	9896730	9282360	10220400	9781080	9526350	9780060	12170400	11877800	10316200	10018100
P40710	4603930	4463170	4149820	4323160	4227430	4687900	4168710	4297560	4512420	4817470	3445020	3379320	3359700	3685940	3567590	3396400	3518060	3334510	3262670	3443410	4094220	4279510	3462440	3515380
P76208	4249610	2996250	3033960	3190690	3227770	3832720	2912440	3664180	3791600	3920630	2751190	2752060	3614460	3021670	2642840	2972590	3259760	2762050	2994000	2814520	3176950	3196530	2830520	3242040
P0A6X3	51057100	51398300	57161600	50468700	57351100	52260600	49563400	62387100	51661200	47362600	34582700	30618100	33164400	27706300	28736600	24792600	26659800	27800700	25793600	24266000	51118700	59261500	33281300	29827600
P0A6Y8	164045000	174095000	175596000	178969000	186717000	167601000	179874000	196627000	189212000	166656000	177118000	180901000	171151000	168739000	180880000	174951000	189955000	184271000	191406000	180215000	180049000	192762000	183676000	191485000
P39172	83389200	61667600	73943600	104265000	115263000	85184600	86328600	79793900	78534600	75855200	278891000	291222000	318091000	176291000	267819000	252332000	275399000	281038000	263481000	252008000	130937000	121011000	278250000	278442000
P76076	406814	405505	540930	450907	400389	378984	407537	482891	460154	399770	433579	400948	456790	358390	491569	420844	461601	416554	469744	427339	458797	558910	454434	498789
P08622	12247900	11820400	11802800	12014000	11890400	11925200	11929600	12439300	12875300	11861600	12289500	12327200	11734400	11898800	11910300	12381500	12617900	12697000	12268200	11612200	12129900	11740300	11026500	12323200
P0AGA2	4765140	5203870	5246100	5284750	5693030	4493920	4559210	5323390	5688930	4345230	4679720	4225980	3135670	4060230	3746500	3830360	4115610	4052410	3168390	3974220	4162970	3430070	4347890	4284320
P69783	85939300	81956500	104517000	91373200	83194100	97467000	90429300	103215000	85144700	89492500	111813000	112009000	119316000	88598200	100221000	113095000	103403000	100446000	105119000	102344000	77247100	77011200	97883800	97078200
P76340	478454	473315	494055	592998	582312	593335	552388	548238	443232	558240	541123	503580	591089	569884	527286	512614	577548	532064	526958	539730	590072	501591	541016	495754
P37355	103053	114243	113479	122323	117499	121824	119385	137365	102247	102045	136141	151423	162022	137131	144388	131461	130910	142140	142809	145964	142406	117706	127509	122663
P0DMC7	12273700	13609200	14952700	14491900	13362900	14204900	13602400	13606900	13246900	13550900	15663200	15745400	17552200	14310800	16043200	16075100	16850600	14892700	15728000	15100000	13717200	14207300	15193300	15071500
P0A9V1	6646840	7377470	6926620	7087790	6808040	7127330	6723620	7223870	6650380	7053230	6368870	6239240	6634170	6032190	6027830	5853040	6592640	6601240	5921290	6201290	7252970	7350860	6367430	6371200
P76216	766962	623597	710873	645081	522381	810792	685770	640810	703933	713246	230665	264554	165627	185885	226463	166699	225869	229878	165505	140002	612779	634435	178499	253550
P32176	1034070	1106730	960195	949308	1230290	1080780	1106960	1474430	1555970	1260910	661920	634357	352320	619866	529833	487533	531718	549989	442924	447706	1105770	982835	562832	555484
P36655	4397780	4667820	4154100	4520550	4950020	4122820	4266880	4650730	4759590	4781990	4229600	3923000	3263450	4048350	3915760	3594980	4078870	3931470	3759110	4068810	4398600	4269520	4410300	4287370
P30749	5938280	6330010	6798920	5797940	6118320	6448000	6034080	6197700	6453150	5766350	5167470	5225830	5856020	4639370	5355430	5778000	5273410	5687990	5450160	5236990	6341710	5962950	5377930	5131120
P36928	1747670	2064550	1775660	2036870	1906720	1782010	1887600	1852940	1796940	1749460	3683040	3648310	3642730	3029430	3530130	3137920	3749070	3666050	3368410	3294660	1891860	1968520	3546270	3621530
P0A8N5	14257100	10832900	12834500	10908600	11904600	13666200	10844300	10439500	10105400	14167400	10483000	10718300	10240500	10639800	10502900	9925610	11469600	11655500	11025800	10944100	13561000	12763400	11179700	10488000
P06710	3176340	3158200	3005280	2958310	2977100	3216820	2909780	2827790	2902050	3201200	2964870	2777220	2693130	2972890	2926060	2807060	3033820	2986490	2985770	3012570	3273140	3096620	3083800	3108010
P18196	4669110	4398760	4029590	4154070	4214820	4767140	4079000	4063510	4267680	4730530	4016310	4061510	4550090	4286380	4012750	4223030	4335530	4226210	4122200	4072840	4035620	4159720	3949910	4099760
P31060	2116710	2820710	2134410	2621620	2680930	2236140	2734250	2691360	2752370	2035900	3903400	3789790	3936220	3597220	3495460	3733040	3882170	3981920	3616790	3290720	2453040	2521300	3301330	3301410
P0A9S5	8591940	7246030	8604000	7485710	7491920	9380300	6444770	6255680	6236340	8961630	8689310	8430460	9659110	9321170	10305000	10716700	10435000	9922760	12072000	12639400	8286950	7899490	11907000	10060300
P46022	838033	900746	753160	872588	821921	837503	760147	803264	849402	809327	623003	566396	646228	602690	613126	666868	667826	612149	644785	660439	852477	831148	589208	571624
P75949	4881930	4252630	4308610	4425730	4144120	5131940	4144810	4275350	4208940	4765080	4944060	4717660	4958200	5199750	4705530	4619150	4820940	4739070	4622710	4750720	4129210	4514160	4858460	4645320
P14175	21710700	39255300	28603900	38701000	36617100	25315300	38135200	37336100	36290800	22154200	46536700	42805300	32653300	42463800	42918200	37692900	43133800	42373500	37770600	37411300	27224900	33065900	38759500	43887500
P77712	1252170	1512670	1332980	1180070	1562190	1173720	1480720	1727510	1361470	1132420	312565	350598	334436	346245	329249	345955	360757	410424	253639	299126	1535360	1504410	282293	300666
P0ACR4	991345	1110780	947836	1124510	1140130	1033590	1074490	1109410	1071580	985806	1249740	1235500	1270070	1183260	1189480	1155950	1272220	1244840	1128430	1122390	1163470	1151170	1329240	1274890
P08178	21826100	27047800	23666100	26003000	25238600	22525400	25800100	23429700	22771000	21083200	25850300	24587600	24442100	24683900	24619500	23800200	25691300	26332500	24329300	24683600	24376600	26241400	25694500	23545800
P52007	4193270	4772770	4839560	4492280	4383410	4893210	4523450	4119710	3861670	4421040	4435380	4672110	4944930	4128520	4603790	4508610	4441960	5051260	4352570	4434300	4530640	4267730	4467400	4571740
P75796	3169510	2988200	3023670	2889890	2961870	3091310	2801430	2633930	2734670	3114320	2638910	2692030	2315240	2632900	2485960	2481070	2785710	2644300	2682760	2752620	3052460	2913110	2661600	2538860
P65556	1888950	2355640	2222800	2317420	2259220	2278070	2235780	2155250	2139420	2002200	2465110	2385240	2531150	2126340	2499880	2579450	2487570	2454440	2287690	2356120	2163570	2255340	2405770	2428340
P07109	1472040	1572840	1431850	1536740	1569330	1470720	1500690	1481940	1513550	1388680	1507130	1401040	1547240	1540710	1454340	1506630	1560220	1463810	1425050	1513390	1525460	1627810	1437870	1508420
P31459	441636	363599	356980	414694	443575	412181	348250	366568	323102	430119	NA	NA	NA	144675	NA	NA	NA	NA	NA	NA	377225	464925	128775	NA
P0ABU5	20714200	20810700	20893400	21170100	21352000	21515800	20772000	19458100	18516700	19858600	14036000	14811500	15640900	14798200	15030600	16126200	14433000	15209300	15956100	15830800	20907200	21519600	16156600	15122100
P50457	615834	652781	577408	652510	551132	684768	695477	616727	671946	632491	593308	510067	547103	575435	566363	567818	598912	554826	567912	569770	639255	685936	530106	573503
P42593	6174230	8058270	6423020	7086730	6844950	5990060	7513980	6906170	7085450	5890920	1201310	1183280	603202	1125220	1218280	930220	1024380	1243430	713359	775241	6587460	6556140	782692	1108090
P30750	5692960	5484110	5376870	6029330	5549640	6273680	5373540	5455400	5297470	5906600	6322030	6131520	6403310	6153440	6545950	6174320	6622380	6194140	6502360	6477210	6265370	6316580	6758770	5995820
P15993	2036270	2706880	2337610	2996900	2617470	1964100	2260560	2913290	2792520	2058340	2193160	1741530	1776040	2451720	1837550	1855140	2164400	1967410	1480510	1998610	2121720	2188890	2413480	2106790
P37326	578496	633177	552815	645157	667794	518919	595495	604479	583718	580089	863228	818888	787163	784424	848558	782391	840880	960075	750097	819326	581285	566894	842628	760215
P16676	4529840	4386420	4294710	4835210	4590510	4775170	4241500	4803870	4529620	4568080	6821740	6090310	5733960	5881150	5780020	5794030	6487840	6381280	6363110	6369350	4389740	4079110	5127230	5182290
P77522	1888310	2546020	1729750	2458030	2520400	1657050	2649500	2953040	2736460	1773020	2302900	2171420	2118280	2287610	2187870	2320140	2595650	2559360	2529460	2013160	2211750	2495920	2092670	2336180
P32157	17037400	19481600	18553000	18236300	18612700	18799900	18271100	17239800	16875100	18580800	14961800	14802500	16504000	15319800	16170800	16133500	16188200	17065900	15594400	15375900	19812000	18640600	14990000	15854900
P75811	176606	170811	173559	181047	140331	157798	182901	183733	196526	199738	100466	73066	111660	115973	90334.7	117279	139484	80322.3	98985.1	122792	125292	164586	79614.8	99676.2
P0ADY1	13925900	12465800	13130600	12635900	12533500	13946100	12345700	12038800	13121200	14054000	10441000	10631900	10029300	11057100	10634700	10264400	10960700	10202100	10538700	10422400	12708800	12957000	10978200	10801500
P04949	6222250	52027500	18733300	61148900	65698700	10046600	52328900	35828800	36190300	11952000	786404	757879	1184150	2965030	1540630	1290960	786543	620018	543880	335556	15786900	25008300	88550.5	441676
P0AFX4	4935880	5931510	6816120	6574250	5724070	4938120	6722860	5817840	4650160	5086230	3932910	3986730	4306790	2911390	4010960	3671780	3833170	3813990	3279560	3398750	6659730	6611540	3363900	3343020
P37342	1827440	1671530	1792270	1670870	1936970	1847790	1549840	1545930	1585630	1823970	2385090	2317260	2571480	2470960	2626190	2712520	2893830	2627840	3398880	3345170	1949910	1823070	3247530	2696270
P06721	5093710	5848600	5647080	5776930	5672120	5622500	5317680	4977010	5101730	5009040	6611560	5869950	6797780	6026410	6255880	5969580	6427690	6763020	6073940	6150430	5833710	5464710	6131080	5786420
P18776	5553580	3022600	5258790	3247750	3084290	6246260	2903210	2598740	3099880	6488830	4421540	3743040	5118640	4644170	5441170	6793440	6317160	6250680	7534640	8035270	4058430	4093820	7860350	6759530
P04805	26848200	25935000	26590100	24658300	23701800	27885800	24455200	22709000	22710800	27718100	22590900	22079700	20111500	23922700	23007100	21405700	21921600	22102300	21774400	21841700	25165700	24036800	22373400	22615100
P0AC51	1630750	1553980	2037810	1631390	1543500	2006670	1479710	1469000	1388810	1809400	1123150	1212440	1261780	1242000	1297240	1202190	1222440	1181090	1309890	1235500	1559310	1559570	1204210	1338150
P0A9C9	3014280	2843900	2822100	2835230	3089630	3039040	2873580	3048940	2979020	2936570	3896370	3768590	3775810	4131530	4075510	3804350	4167990	4096220	4037760	4261260	2953630	2898480	4125610	4100170
P37313	17387900	16148200	15672900	15519200	14980500	17806000	14980800	14802000	15021900	16947600	10511500	10212700	10488600	11585200	11167300	10377100	10925200	10582400	11371900	12020600	14946900	16127200	12392200	11558500
P75767	1586380	1537760	1588710	1430040	1569150	1593070	1484590	1428840	1395230	1542500	1283570	1279370	1312340	1276770	1257400	1186850	1230600	1231360	1195740	1205130	1602040	1443990	1254120	1192370
P0A7B8	5266410	6615080	6526490	6509820	6222070	6123440	5746600	5825370	5757600	5518120	7257070	5321500	6890870	5564380	6350990	5758290	6698900	6149010	5963530	6470720	6553110	6043560	6012030	6123810
P0A9Q9	125278000	118055000	116131000	122902000	121312000	139685000	109082000	110285000	101823000	131272000	222677000	215500000	232962000	198215000	225424000	223347000	242825000	234901000	232051000	240658000	144239000	133418000	262854000	234508000
P0A903	29839200	29438100	29528200	27695000	27855600	28350000	27399300	26740200	28462000	28430300	22660900	23480000	21764600	23324000	22008500	21617900	21782500	21650800	21303100	21231500	26540400	25774900	23229700	22683500
Q6BEX0	143871	212632	143252	180026	174024	140720	169419	209721	248355	166507	98555.1	92138.2	68745.3	81209.7	84510.9	88951.5	85093.1	110495	76697.2	107821	152637	193277	81207.8	89398.1
P0ACP1	3871780	3605150	3820500	3684610	3542110	4088460	3469890	3346350	3350680	4060700	2292030	2255720	2466470	2314050	2410340	2315890	2463690	2377260	2333960	2431890	4063320	3859570	2577790	2287850
P39405	NA	NA	NA	646340	NA	NA	877335	NA	1343620	NA	2567020	2262590	1972020	1539690	1765220	1068610	1995180	1354380	1278750	1639970	NA	NA	251668	1378220
P0A7K2	576227000	599758000	759843000	616946000	591641000	720933000	638070000	643474000	524532000	654883000	775187000	837691000	905370000	758508000	861743000	835297000	883865000	811614000	899266000	811074000	608018000	661047000	768066000	847249000
P76097	952491	1227550	932614	1256460	1208030	937712	1235870	1347190	1387100	910367	343702	379055	234356	340141	384176	339648	390349	371013	214919	285655	1059810	1075530	249541	416977
P11349	2588590	2156280	2608750	2251940	2627540	2591880	2265500	2144400	2058890	2697890	4187890	3778740	4347540	4111990	4883210	5093680	5154460	5499620	6144610	6790010	2468940	2032740	6290260	4859150
P0AAJ1	3403920	1735640	2876010	2025590	1922930	3712990	2015170	1647320	1965210	3864710	3642760	3209630	4155030	3984770	4485000	5398500	5175100	4960840	6403390	6654910	2644510	2346410	6387920	5577090
P25798	952299	2166570	1292330	2148470	1785370	1041340	1910080	1577990	1748780	984522	446881	372099	488074	611306	377196	517080	285655	305175	391223	352663	1282760	1626850	457300	405974
P37685	14206800	18635000	13764200	17737200	17893600	13596400	17601600	20979200	19885600	14321900	3028500	2855500	1927120	2918960	3286790	2826660	3451440	3403280	2548370	2662320	15840100	15677700	2519130	3173830
P77735	14034700	14242700	13229700	14413500	13591700	14503200	13052700	15138500	14159700	14007900	10271800	9959410	9792350	10322700	9977220	9875770	10575400	10280800	9328820	9070830	13153300	13220100	9323890	9703860
P69829	7972630	7740250	8650890	7983320	7319300	8212190	7532370	7614300	6495040	8575630	6848730	6466470	7713890	6926510	7211400	6793700	6365920	6538930	7295750	6753800	7477210	8365440	7125510	7583920
P0A8W0	1995000	2043090	2263660	2096960	1921700	2140150	2071310	1877360	1741580	2084110	1845300	1830720	2123680	1879540	1870700	1904980	1870750	1991310	1852910	1819650	1996010	2035280	1888870	1855380
P77258	1451230	2159960	1760500	2206150	1975330	1526390	2051320	1904040	1863230	1337030	2507240	2477530	2567100	2691890	2390890	2279910	2392190	2317220	2393030	2250160	1754770	1958350	2369190	2435610
P0A9X4	57317300	58851000	56622900	57428700	58271800	59294300	57468300	57418800	56993900	55266000	53720500	54038900	54012700	56961700	54735300	51884300	57180000	55852200	54380400	53069500	55748600	57773800	57417700	56083400
P0AFJ5	1280030	1523410	1270790	1554410	1465080	1333880	1427580	1580480	1311300	1271520	1294810	1429780	1326390	1257750	1177130	1224530	1183420	1311440	1281060	1205480	1208280	1397500	1238570	1304890
P39376	154320	180966	160731	205849	234319	217413	186575	159977	201249	195634	183986	181314	241773	224930	201141	191478	232215	202924	217192	223344	181445	230261	210998	233403
P23842	576265	565979	518239	591620	620331	546702	578802	567208	595740	564134	523017	534722	443259	488239	513103	488022	560890	499376	484772	545162	579479	595322	488931	479100
P39285	698749	784877	641610	776783	797110	661111	786572	857964	854650	715577	684803	651776	572231	667738	664440	601700	729635	627782	670326	678534	691065	753593	657725	710726
Q46857	7741830	9979800	8597370	9570030	9796900	8172770	9595860	10618600	10101000	7925510	6565360	6382040	6488450	6962850	6553080	7028830	7410060	7260770	6596920	6034130	9532390	8912710	5737590	6581600
P31460	13162100	13965200	12894600	13369600	12911900	13289800	12881500	12182900	12438900	12694400	8993310	8699160	9160910	8865480	8882510	8491530	8652820	8629230	8539090	8826810	12105400	12347300	8992090	8250210
P77285	1356360	1500330	1477950	1352690	1336010	1505410	1493570	1448310	1378130	1511410	1510720	1459930	1543420	1551120	1398850	1471670	1474020	1545360	1490930	1434410	1396500	1497990	1506910	1622550
P37902	51884100	63871400	62717200	65109700	59451500	54915200	61800700	57772000	64155300	51648500	32739000	30927100	36884100	29539500	32968700	32268200	30903800	30997300	30868700	27791200	59238400	60970200	29534400	29438700
P77316	19209800	36031700	22207900	26879800	29577500	17841500	32595700	39407600	33604200	17398500	4221810	4304750	4475650	8234650	5232790	5796850	4593170	4761570	5076030	4084680	18618000	21906100	4879450	4786770
P76193	10044500	9995490	10653000	10975400	10548300	10495100	10226200	11304800	10616900	9702330	9196610	9330050	9690270	9000770	10440400	9780190	10146600	10009400	9657230	8660340	11662300	12027100	9266690	11049400
P06846	3273060	3186040	3186410	3260390	3166650	3290800	3104830	3138870	3197110	3102780	2929600	2747520	2699810	2746010	2879960	2606070	2785200	2873060	2820160	2782830	3168660	3100740	2962130	2818310
P18843	16779500	17400400	17413100	17054100	17452400	16514200	18047300	16803600	16280400	16078100	28316000	29098200	28924400	28214000	27389200	27436200	28294400	31620300	27170800	28066500	18280200	16866000	27028200	26999200
P0A749	11365000	11403500	10756100	11827500	10787800	12600200	10916700	11626700	10674500	11841100	11812700	10941200	10871300	11537800	11731300	11171600	12396000	11526600	11322500	11096700	11124900	11704700	10715800	10599500
P24175	2311240	4086910	2933190	2539410	3194010	2673750	3707410	2667340	3149540	3224000	2534540	2522430	2202280	2619830	2682310	2593780	2410620	2744820	2150590	2036730	3104260	3419950	2328280	2443040
P26281	1022190	1094110	1262830	1115730	1052780	1166930	1171610	1089880	970655	948719	1182570	1213900	1187180	1129460	1383410	1360080	1092580	1168770	1179810	1118150	1166410	1220450	1172820	1120320
P09099	3234630	3138590	2843540	3087180	3033720	3204620	3146790	3083950	3044120	3213070	2308200	2381640	2236890	2386620	2261440	2264570	2300100	2217410	2171730	2211760	2929580	3205420	2301150	2407650
P0AA95	2353400	2261590	2997050	2270250	2405410	2325300	2362190	2671300	2575780	2492950	2903680	2986930	2781280	2589730	3300930	2688710	2973930	2806370	2946170	2875970	2538230	2544280	3018640	3156260
P0CG19	1387610	1200200	1340630	1382090	1433090	1306520	1309330	1130080	1167670	1267460	2478170	2632600	2202240	2237180	2432840	2367020	2249100	2520650	2340870	2332910	1448100	1190390	2176810	2295480
P09551	71130300	108631000	105577000	99557000	94006900	77728400	110165000	100029000	106248000	71447200	27764200	29746600	28333300	25505900	29688000	28839900	29614100	30640600	23420500	19339100	91225700	94119500	21446300	27768600
P0A6P7	7720380	8615950	9757440	8508490	8566570	8375410	8636870	8223470	7377350	7955510	7943370	8748250	8359120	7868570	8303480	8156380	8325260	8741460	8130290	7636630	8412030	8078620	8518090	8700740
P07026	139384	196881	138631	202055	158997	138830	187457	159091	143483	119185	220349	203406	210947	239814	210299	166309	202500	181885	173168	210057	160115	157228	218831	195718
P15067	4841490	4453980	4444630	4241150	4682740	4858320	4351100	3771250	4002670	4803440	3824170	3872670	3620930	3897240	4030790	3712820	4341190	4296330	4216510	4313980	5214790	4568430	4439580	3981270
P0A6B7	56033800	61458200	61946900	54398500	52207900	59042100	55650600	51768700	51751400	58601200	55718000	51527500	34638900	56813900	51448300	45304500	50979200	54374200	46893900	48217300	50528700	48744800	53259800	49281100
P0ADP2	3912540	3405420	3400640	3095590	2766850	3765110	3204870	2779010	2760360	3674210	2482920	2273100	2636810	2623120	2353460	2657480	2447590	2603820	2405540	2389060	3360820	3072810	2329410	2208620
P27296	486696	485781	434740	423912	431557	501997	415648	422083	432405	511833	359475	364912	281115	364764	379353	293024	393578	349655	331842	356071	526998	474651	362125	392030
P39829	5673530	3794750	5091120	3514780	3454100	6049590	3222690	2959200	3019710	6185360	1130600	940031	863804	1019430	1153130	1254230	1321550	1325590	1570380	1378890	3675430	3459550	1381400	1299830
P0ACH1	75100.4	71368.7	96067.4	33316.9	89780.6	66139.4	63267.7	51345.4	67929.2	54992.5	87988.7	111790	72805.8	72834.1	85210.3	71342.7	100017	107967	67487.3	94755.1	80735.5	107674	112595	82559.6
P27833	1729580	2031900	1746670	2033300	1880300	1703190	1856710	1747090	1728930	1660520	2484770	2381710	2475510	2508030	2470860	2359070	2534290	2520160	2528430	2515810	2011200	1858580	2623670	2382760
P0A6Q3	43846400	42406700	42638500	44137900	40275500	47046900	41489000	41238700	42155600	45064600	38326800	35342300	39534500	41369000	38552100	40024300	42810600	38492900	39492300	38587900	40834300	43773200	35975600	37877100
P0A6J1	3610400	4074830	4086600	4087890	3863670	4094020	3734070	3506500	3477030	3904090	5262320	5010820	4899970	5010460	4836070	4814780	4858750	5463130	5133280	5278800	4126940	3834470	5384240	4871860
P75809	1513140	1755000	1472950	1805750	1585070	1656660	1585470	1709750	1598120	1541810	2089000	1970760	2200410	2125460	2059890	2057170	2054060	1955680	2019770	1945700	1577760	1689700	1841900	2117040
P09424	4753260	5165070	4524140	5232420	5013400	4824700	5182440	5153440	5002770	4746170	4843890	4860130	4924110	4815790	4921170	5018480	5383140	5124270	5034650	5154600	5039200	5117140	4922710	5051750
P52108	4885200	3996600	4388140	4181910	4290930	4790820	4051270	4352760	4216120	5000380	4638230	4385520	5119950	4643170	4677180	4875230	4732100	4602870	4610090	4652290	4521490	4292500	4329850	4675880
P0AAK1	143574	189099	67831.1	138499	258735	153561	NA	NA	243428	61032.6	142553	154108	244405	145368	191111	267119	249074	265730	353716	368854	85807.6	113452	416613	289159
P0AF28	6826360	7173140	8642020	7966660	7330530	7481590	7172490	7062690	6687430	7387090	8858580	8607550	10452900	8776600	9143550	9484820	9154700	9181470	9050790	8439460	7637690	7679870	8178330	8106530
P13016	8691410	8292390	9199020	7815700	7653770	8860780	7975130	6296950	6714250	8544500	6250690	6427920	6566730	6711200	6456890	6474020	6471570	6913350	6349750	6132100	8202610	7414580	6787960	6781420
P07017	20073600	74053200	28120100	81786900	71771300	28802300	70264000	48549700	48539900	28039200	2583840	1855320	2659040	7915770	3343820	2812700	2296490	1747530	1467240	3197450	33737400	45908600	751889	3887380
P0A9Q5	39108900	38572000	36872000	38697200	36390500	40386500	37730800	37807500	37243400	39836600	38342100	37183100	38949800	40434700	37179200	39550500	38333200	38071900	37532300	36933000	35000700	36386500	36651700	39128300
P08506	16439300	17278300	16009600	16326000	16918600	16850300	17255700	15836100	16413300	16370900	12117100	12222000	12171000	12232500	11712300	11786400	12804200	13084500	11750900	11697300	17536000	16238000	12007900	11534000
Q46919	2176970	2227440	2495890	2391700	2097430	2426960	1998470	2134480	2180920	2054860	2407970	2436550	2845540	1993780	2335940	2686260	2483320	2285710	2475510	2582940	1761580	2295390	2128380	2055850
P24205	5518240	5992670	6124340	5669700	5720500	6107610	5522140	5313050	5539920	5431960	6323440	6367160	6315610	5485260	6373390	5729580	6512970	6745320	5703450	5804240	5658360	5651240	6586600	5775750
P0AFI2	7152880	6821450	6533230	6980840	6981330	6817800	6789690	6861140	6891730	7191300	8113460	7763250	7167920	8210990	7903600	7150660	8284790	7781290	7738500	7932680	7288650	7182810	8191670	7954710
P62399	212749000	225822000	210214000	219541000	207915000	230861000	217552000	188021000	191957000	206225000	279315000	288456000	291746000	276593000	280005000	254539000	286652000	280686000	269888000	271614000	213733000	216348000	290474000	285903000
P42626	75369.5	126756	128404	122070	133833	109694	113910	108577	100307	89635.4	145245	133377	141871	130404	162064	137519	139842	119362	155782	122757	158266	150227	132657	103470
P0A734	15330300	16568800	17348300	15379000	15079600	16245900	16995800	15211700	12650700	16750800	10950100	11280700	12481400	10561200	10858500	11670800	10838900	11757600	11453800	11640400	16284400	16363100	10441800	10815100
P13445	1094520	1394560	1369360	1560240	1566480	1258590	1759910	1787060	1664770	1182020	1016990	1091490	1155260	1136610	1132770	1090610	1113970	1095490	878308	855420	1562300	1696030	1913940	1593330
P0ACL5	1940130	2347020	2302300	2458100	1880100	2065150	1971180	1709700	1867910	1724790	384648	449423	411283	399483	424077	422628	408484	389853	385744	394824	2064480	2258460	425271	378803
P32170	146614	154078	124510	162482	185190	122376	209802	156992	164015	183791	111695	153609	122015	142843	134436	105799	136647	118440	142293	113575	121796	145304	143705	94492.1
P75989	1026800	1253840	1019630	1195630	1092900	972768	1185440	1043660	1083620	991355	1068400	1028800	1097910	1128220	1076630	1039920	1075480	1095460	972858	984385	1174900	1091770	1036410	1043140
P21893	1565380	1415270	1456550	1425220	1392100	1568410	1384070	1180150	1270670	1525960	1588840	1577270	1372980	1556760	1575720	1383170	1550390	1629250	1564930	1560810	1441200	1373000	1619160	1541700
P0A6D3	6629150	7450060	6564220	7446740	7023220	6764230	6928080	6713430	6496540	6350950	13672500	13207600	13027800	13972800	12962600	12149100	14389700	14405100	13084800	13084600	7547240	7417390	13040700	13837600
P30176	583443	525091	761119	483022	415653	678979	458100	356101	375185	661979	192907	220331	266772	190162	221473	221271	233607	198605	215114	229271	562929	546001	262030	239360
P76909	444731	387736	348788	409615	510482	400562	377016	365012	395759	461113	494695	511414	552515	554843	556110	555784	634876	552300	588184	622300	471158	390609	571492	566798
P04846	12107200	13306800	13390600	12492600	13233100	12018300	12249900	11191700	11910500	11576500	14655900	16153000	13279900	13656300	14253600	12372900	13903600	14908200	13821900	15654700	13998900	12610900	19621600	15282400
P30177	12898200	11344300	11898400	11350200	11241500	13337700	11407600	11124400	10607700	12931800	9709940	9776280	10319900	10431400	10092100	10120200	10443400	10051800	10158200	10397400	12070900	11930000	10331900	10080600
P0ADI4	10418500	21656000	12646600	21096300	19006400	9644380	21229000	21303300	17724100	10027800	18497500	21457700	27647000	19249500	18950800	21801600	23950400	24427500	25035700	17463500	17919300	16979200	15891400	19753300
P0ABX2	42982.8	137497	85242.1	156903	231142	47199	188101	102995	105163	96435.8	NA	NA	NA	NA	NA	NA	NA	NA	NA	NA	45779	NA	NA	NA
P29018	2362000	2355930	2086280	2259900	2297660	2140430	2268590	2381440	2331450	2150780	2019720	1973980	1704960	2004730	1802630	1670090	1897600	1942890	1677280	1763060	2097710	2068690	1770230	1884080
P0AG55	247106000	259531000	288689000	256252000	241172000	260487000	260217000	256552000	224543000	248147000	322237000	333396000	338871000	318699000	346044000	329140000	323168000	347646000	343113000	321867000	277855000	250143000	337664000	339435000
P07762	12923000	12281500	12674700	11993800	12995600	12838700	11982200	10372800	10900500	12897600	9502490	9718600	9212800	9546140	9989640	9723060	10529900	10777300	9978840	10710600	15168300	12928500	11282600	9520230
P23886	1305250	1295770	1170420	1289640	1376760	1199690	1318020	1376570	1371650	1231670	1216270	1151220	1000820	1150860	1067040	990373	1147090	1128080	1045410	1119040	1240430	1210550	1079290	1087460
P0A6E9	6362740	3855950	5536090	4214890	4489270	6543630	3582900	4503710	3823770	6589540	6158030	6525890	7447800	6816020	7106180	7488440	7366390	7321580	8272330	8851130	4867570	4324840	8821770	6685500
P36929	2144430	2157670	2181760	2246130	2265510	2191340	2157490	2192560	2076650	2158980	2313060	2155150	2276410	2108040	2189370	1997760	2215540	2303230	2076460	2189690	2320610	2237480	2277810	2247980
P0AG40	3447070	3372990	3303400	3372030	3523770	3528750	3448350	3321270	3441890	3481060	3358550	3186230	3321070	3289150	3261000	3274930	3375910	3326180	3212800	3369370	3548850	3319180	3461320	3201650
P0A6Z1	6742970	5818780	6460280	5836380	5163110	6852680	5537520	5493880	5740450	7057790	6238560	5832960	4536240	6279690	6254540	5322980	5995440	5796680	5771170	6071680	5538110	5554720	6303650	6166150
P40719	477613	481403	506095	441912	418291	457577	427619	540148	456742	417278	524403	525923	452562	486508	400575	442267	489268	540480	439029	414405	454283	469618	450727	565914
P37623	1403960	1283450	1187640	1317260	1312330	1402090	1248080	1251160	1076670	1403530	1072160	1033260	1102650	1047900	1036910	1054030	1117560	1053210	993461	1040720	1195470	1318310	1075520	1044080
P08373	1835370	1847760	1773840	1789900	1813560	1906790	1751100	1625220	1603580	1880160	1640990	1670930	1615120	1675110	1635510	1554520	1770240	1704070	1610250	1689310	1926790	1791470	1685040	1582200
P09833	872513	892556	829596	937651	856774	940399	849895	885812	871293	940718	556110	503941	516682	473943	478243	504103	573727	518219	450304	489499	840627	860630	508362	540945
P25524	25200600	27858300	27577000	27555300	25009200	26714400	25747300	24563400	23764200	25564200	27416100	26428400	25782800	28389300	26735600	23362500	27138200	27448200	27625400	27357700	27438100	25746300	27905100	25637200
P45552	634183	651751	601004	659981	595526	633430	589987	614903	647323	567061	475426	479091	515911	523867	485516	548260	538189	474873	513689	511507	627058	646488	466142	500197
P0ACS2	315690	288227	247732	315368	284288	320542	338111	250203	304486	295888	269961	305067	267532	310866	271766	341323	264106	295195	265403	255474	296690	291960	281074	284306
Q47083	1631060	1992000	1946650	1778630	1990820	1742300	1744420	1730790	1613910	1665140	2885470	2940150	2538550	2838240	3063250	2659780	2989810	3363930	3000810	3375550	2043840	1729790	3660800	2849090
P36879	3483920	3322990	3461220	3571210	3278970	3700730	3066810	3175800	3097550	3719450	3348330	3173510	3501710	3280230	3373360	3075140	3442880	3146320	3076150	3307330	3670920	3595700	3404580	3132900
P0ACN7	1278410	1246540	1218560	1209440	1203170	1295430	1199150	1107250	1123340	1247590	749819	745988	725583	741384	736101	751510	791774	799824	747461	781961	1168300	1202640	807861	805513
P37664	69947.7	76314.7	64110.6	80789.1	64246	73007.2	76729.1	79934	62971.9	73434.8	86423.4	54289.2	90624.6	82348	73825.2	66896.3	70567.2	73347.9	44192.9	60229.1	49795	72826.7	54964.9	59653.6
P0AGD1	12883400	13233600	16697200	14868500	15162600	12718000	14308500	20105700	19972700	12984000	7394500	7438660	6979130	7164900	7952060	7454750	8804900	7775290	7082330	6407980	12595800	13227900	6415510	7755530
P0A7R9	132599000	142788000	147054000	143169000	131104000	144279000	139428000	134332000	136093000	136327000	171975000	172266000	179305000	189473000	170136000	160406000	173486000	180477000	168794000	167602000	133240000	144554000	172982000	177706000
P77774	6337620	6906170	6213570	7005510	6954130	6459730	6615590	6499470	6527920	6251250	6476910	6359110	6650120	6507520	6470580	6207580	6541210	6563540	6214360	6241710	6925180	6879830	6402050	6388460
P0A6S3	488520	1105650	651790	1120800	941719	509418	989578	804642	744627	496734	308876	437270	NA	311113	496629	NA	NA	626656	NA	NA	581537	761261	NA	206936
P30140	1994910	4818840	3066610	4251040	4385130	2133730	4607420	3701870	3929090	1661310	3083790	3257260	3526160	3350440	3048350	3062990	2961980	3332140	2729980	2724080	4002010	3849860	2762030	2723760
P39377	4144060	2972080	3261660	3076420	3328310	4180640	3045810	3070030	3104820	4338490	3219170	3123440	3294890	3342770	3188490	3160060	3403200	3267880	3480090	3601560	3675480	3565100	3559280	3459210
P64612	3493870	3742570	3510550	3585070	3654490	3728370	3491560	3337550	3441550	3375830	3588560	3350160	3526820	3487830	3413150	3339580	3552100	3625680	3225430	3334700	3896300	3612320	3373640	3143770
P0ABI4	5016660	4706470	4571880	5055050	4833230	5253930	4550460	5338950	5328120	4864870	4186030	3544860	4049570	3494800	3457370	3633770	3923770	3663090	3435880	3497740	4989070	4420560	3561450	3494030
P0AEC8	1297570	1143670	1223940	1230280	1234580	1221630	1131310	1166040	1173130	1198770	943178	898604	930099	990227	909167	852205	944287	863065	907119	1006180	1132800	1266190	1013260	851535
P0ABV6	2249940	2617780	2342220	2157090	2402070	2237360	2479000	2221640	2354170	2321720	2303540	2525830	2507900	2452850	2243390	2328910	2536280	2774670	2361200	2466230	2511640	2069230	2742780	2513540
P75974	2463030	2406190	2719450	2558710	2512780	2541120	2329010	2460150	2304320	2451930	2278550	2108720	2343970	2230370	2188190	2338780	2247140	2273350	2278910	2088000	2349200	2227140	2201410	2128310
P0AD03	120482	107121	105206	129119	114240	78907	121560	142946	143619	116365	109737	86956.3	NA	104201	108287	75393.4	87387.4	85225.9	92261.1	80745.3	99775.1	85386.6	85983.2	118434
P0AFG8	298209000	362006000	313518000	342469000	346226000	297418000	339498000	326032000	327593000	307342000	143652000	139374000	135387000	148891000	141644000	120813000	145875000	147358000	147124000	153226000	361040000	358722000	163959000	150275000
Q46915	129505	128036	131026	58255.6	NA	135310	NA	66377.4	51148.8	100769	66930.5	36167.4	58057.5	40296.6	62676.3	75531.3	82265.9	93930.5	75972.1	71340	45591.6	54127.9	84700.6	71237.4
P33025	14703800	17497500	15609100	17143300	17224800	14908800	17541600	16564900	16674500	14197400	1953040	1983740	1891990	1912610	2208410	2328670	2328040	2313210	2319660	2250920	15581900	17260300	2142290	2140090
P07024	12653800	13749100	13110000	13427700	13462500	12370400	13386100	13030300	13327000	12739200	9742150	9954720	9745150	9713530	9794400	9702110	9934460	9869120	9586790	9560200	13199100	13354500	10063700	9809220
P65807	475495	430722	503850	461737	353684	504200	375655	316172	342014	471330	168578	170674	157359	188866	170527	166872	177686	199774	175405	189988	518834	517573	188406	188743
P0AE14	2201860	2532310	2458000	2239980	2750810	2215260	2299090	2272650	2024990	2047670	1337490	1322450	1222050	1128790	1473280	1100460	1365350	1622070	1254430	1284740	2327010	1839730	1469100	1368460
P00963	14639000	14447400	14956900	14217400	12855900	15785200	13817400	12377800	13151200	15481900	22060200	22718900	18732800	21264700	20567700	16116300	16985300	18607700	17922000	17716500	14004100	14601500	21153700	18767100
P69380	554700	632868	560605	533019	546297	607261	575169	469577	479323	503265	492108	554161	470774	526263	479083	450785	537709	583484	485706	504845	528201	503881	607405	538108
P0AFB5	5286130	5500480	5104550	5438030	5009490	5477460	4972570	5370790	5360760	4897770	6720770	6824770	6245680	6925810	6519680	6890220	7174700	6850770	6438070	6280710	5301400	5672200	6567790	6618610
P07000	3222330	3375500	3195250	3288750	3287100	3181190	3036290	3149590	3167440	3275480	2716680	2516230	3029940	2842730	2938610	2927900	2916140	2914600	2836900	2924280	3510530	3467630	2814320	2535090
P75931	2851560	2626320	2712530	2663820	2707370	2893160	2431690	2344340	2428380	2738940	1931630	2015510	2099090	1849250	1821650	1897040	1922780	2052340	1874220	1919080	2745440	2415510	1914670	1722080
P77257	390639	576784	403195	531013	600242	387392	567665	654112	660822	373493	189183	188125	NA	174620	231145	176016	211363	237018	224409	74512.6	621909	616279	NA	244181
P09348	179375	934519	412177	880655	874306	267026	791635	555816	564195	215647	NA	NA	NA	97312.4	NA	NA	NA	NA	NA	NA	417988	436102	NA	NA
P31826	NA	122410	80902.8	89226.7	109573	75299.1	114740	118000	118484	78840.5	110299	138004	78132	109800	71634.6	104721	128481	96125.6	125592	107352	100792	85468	85542.1	132691
P45537	1237860	1338370	1164570	1486180	1427420	1166990	1269040	1345460	1374130	1231470	783023	783630	723268	772842	749715	674020	834835	690894	749193	770042	1372660	1313300	781233	761602
P0AB26	7714690	7626990	6706860	6790300	7290460	6740760	7102460	7009900	6875350	7851410	5411610	4943630	5071390	5202100	4909770	4967350	5215590	5356900	5336560	5429540	6837930	6802270	5816600	5862080
P22939	6612320	5777810	5754630	5990900	5745740	6521470	5747610	5804630	5547580	6821350	5260020	4951010	4965330	5496370	4670260	5226620	5154510	4697560	4922250	4893140	5617390	6176680	5024150	5055250
P75817	259951	231844	233581	220246	225568	256262	189305	199779	166266	224937	254670	277206	260272	276846	257482	246713	249545	255943	266783	258332	230151	222226	250648	262835
P0DN74	133345	80002.2	98754.9	NA	NA	51346.1	74931.6	NA	NA	122781	98556.5	70058.4	112675	125017	111996	92460.1	113824	63160	110969	122622	81098.4	NA	96932.5	44494.3
P40191	3799310	3523860	3598820	3569110	3652350	3969330	3584430	3376310	3105070	4178170	4081810	3697410	4502520	3948000	4438490	4236440	4442190	4246620	4482920	4503080	4074560	3504160	3749160	3525080
P0AAT6	6461840	7568410	8031200	7296090	7036750	6796210	7045990	6591640	6548020	6300700	9879290	10881800	10267000	10069400	10697700	10051200	9812570	10942000	10514500	9991600	6917940	6340800	10566000	10188800
P76257	165450	163075	164942	173463	184677	163131	174040	176582	175290	188874	221842	215670	162472	214621	203285	168714	206469	183043	203434	207362	165387	171351	190325	228370
P0A7G2	14698100	14438700	16578000	13838100	14002900	14354000	13633700	13195000	11318200	14018500	14346500	15360100	15613800	14232900	15353500	14001900	15115900	16390400	14482100	13234500	15221400	13740300	14777500	15872200
P39382	292711	266280	232091	277283	296530	281549	288620	264967	298200	300562	344170	343324	336477	305546	321514	391152	353311	351519	355823	363732	290549	323070	383337	313619
P32664	3471260	4196940	3591860	3884720	4018370	3743180	3899950	4098450	4150670	3767380	3596480	3644670	3925750	4194000	3706600	3901160	3666180	3522860	3545810	3827060	3864370	3887720	3421190	3384490
P77300	2511780	2751370	2537720	2558540	2628950	2577900	2607510	2455650	2389620	2627280	2602230	2497930	2872290	2875800	2491760	2706300	2698810	2576500	2647620	2650250	2755160	2488270	2516320	2467330
P76268	7914970	8159940	7717010	7703530	8066500	7948540	7820610	7674120	7348220	7830030	5818340	5716810	6165450	5927090	5915780	6298560	6184320	6171830	5925180	6167070	8381740	7805240	5619060	5392200
P0AD24	6979310	5901150	7464720	6326970	6386320	6960370	6104850	6625810	6326860	7033490	7442810	7216410	7838290	7294840	8026020	8414320	7597000	6902250	7966830	7166630	6286580	6725250	7018380	7561780
P02925	47773500	51367000	58449200	51314500	54032500	49736700	57223900	54840700	61105800	46861700	10375300	11342000	10378500	9399280	10769300	11888700	10248300	10165900	10436200	9721630	52974700	55529800	11027000	10756600
P17117	4504110	5582370	4724890	5087380	5149760	4715800	5531120	4861510	4978820	4376800	5109550	5549840	5286140	5310000	4852350	4937090	5257240	5568480	4925220	4841570	5204130	4669530	5046180	5029490
P0A8G9	8834030	7217990	10101200	8074720	7542340	8951670	7618040	8360080	9098470	8751740	6885140	7561370	7867220	6778300	7372890	7716770	7956690	7187310	7823380	7170400	7359400	7633790	6805250	7690150
P04983	4061220	4144200	3711900	4117520	4240770	3885310	4245480	4273190	4184630	3765130	995247	915418	1005530	951386	1025790	1082700	1096490	1169300	1119570	1134010	4332810	4044710	1186330	1127550
P27129	515529	460817	484871	487657	461140	504015	460463	432131	457640	478886	630420	625449	686228	652488	560627	594805	587722	594235	581711	582715	542510	467981	616100	495716
P23883	634888	724665	637864	707920	633295	684816	672958	550345	588254	650968	667051	687258	605209	685251	689019	626197	712607	763546	699053	658969	721345	644143	696815	696451
P77485	539817	483909	552915	484504	466263	615149	483404	504792	478702	435236	394718	370843	361160	356329	374098	456117	369557	358666	409907	353309	502959	480533	351228	368382
P31828	1221460	1537390	1097870	1506740	1452590	1136350	1545070	1700550	1595250	1180600	1274170	1189330	1153100	1225140	1186930	1196140	1423690	1186120	1370690	1234380	1292750	1291670	1030270	1439840
P75948	318341	497479	446676	397947	396616	352727	421550	385973	419847	320866	414272	503288	440538	427124	472001	480074	484653	478254	514493	451501	536180	348180	408177	407420
P37671	17364400	17121600	17069600	16756300	17460800	17766800	16287900	16291900	16604900	17548100	16898700	16494500	17274400	17057300	16841500	16435500	17245100	18589100	16149800	16519100	17255700	16420200	16743800	16171700
Q47622	5215010	5223370	3747040	4936500	5303970	5154860	5299770	4880410	4634630	5641130	5183150	4537620	5113190	5670660	4048610	4987180	4636630	5039330	4765370	5258820	5727210	5212980	5384630	5283510
P77730	1105690	1154370	1191040	1052400	1134590	1049970	1221030	1086410	1058360	1120640	907157	939291	783123	1002600	923339	948126	893938	964053	855634	909232	1073370	1276760	827038	1002960
P75782	2627750	2246100	2424570	2298610	2239800	2510910	2171120	2075510	2186670	2562330	2361520	2318460	2381480	2298490	2476960	2406850	2615510	2273780	2544830	2676160	2565980	2342540	2475170	2255550
P06722	394786	404048	361812	409592	393379	438220	380483	362128	365957	413094	427486	422120	490267	489119	435908	482639	468023	467953	464145	485052	428918	383990	394288	440274
P12995	3927490	4612030	4325200	4408950	4328630	4220730	4131220	4087550	4204420	3880930	3948050	3545830	3050350	3419260	3581790	3445060	3832050	4299300	3495600	3433320	4370680	3933680	3182130	3543400
P0ABP8	27312000	33998300	30132200	32280900	32373900	28289400	31158300	30397200	27854400	26019100	26069000	25628400	28727300	26074200	25650600	25244200	27896900	27513100	25542400	24868500	30522800	30941300	25967900	26069600
P02930	33712200	34297200	37513700	33147600	34045200	34862400	34473500	35596600	34279100	33409700	30454500	31478100	33243200	29098600	32041100	31880700	31310100	31655900	31348200	29767900	34573500	35111100	29701300	31687800
P0A830	1900900	1820770	1851130	1783470	1860120	1683990	1677570	1966830	1989400	1804610	181670	150761	145689	165086	116193	168033	135972	154469	109619	122656	1622050	1407230	91645.6	199944
P0AC28	917246	712312	796922	770699	728262	883252	703738	816152	742361	988803	631885	613015	527922	586693	602988	547118	682350	542259	613315	572531	741487	765857	530609	661035
P31134	1172620	1869650	1385700	1786580	1684600	1256370	1728350	1617590	1587440	1150520	1223020	1267290	1259970	1291910	1214420	1163700	1272240	1262410	1153340	1129650	1533800	1638150	1178000	1124500
P0A9U1	499753	540837	471427	521006	532021	485351	533807	486777	507121	482885	414533	421086	432637	440189	394772	368322	445455	434391	419874	428163	518856	464794	442592	415418
P14900	6673360	6881370	5921770	6923090	6794150	6636220	6798250	6585120	6653460	6156160	6597700	6026230	6083100	6075940	6497590	5914520	6183570	6515550	6262640	6371310	6673890	6719860	6433640	6399480
P24171	9579120	10012400	9150540	9905850	9749710	9646160	9220010	9021860	9254930	9500140	10446800	10010700	9790260	10921600	10277800	9788510	11054800	10792500	10239000	10159500	10140800	9814490	9767500	9497490
P0A8R0	34284300	41527100	50241400	41818300	39731300	45570100	41625200	36840100	34112700	40503000	32488400	34080700	37480700	29668800	35079500	34956500	35330300	36580500	36305900	36269400	44692300	41790300	35583800	35950500
P00805	22760600	17422600	27596500	17695000	14849600	27459000	14154900	13510400	13198400	25126000	5114130	5084450	5012100	5143470	6708200	7304150	6266960	6257540	8123190	7481010	18827100	19099500	8313190	6467930
P0A9P9	735349	767185	727576	669456	683639	778559	608626	587244	555469	658412	234725	257051	284418	264280	279404	300218	286547	312254	303372	312603	724864	778064	315067	243488
P21177	28865700	34547900	29232100	32145900	26713500	30117800	32629000	32319700	33175000	27948600	3384830	3358970	1766650	3218000	3642330	2892510	3357810	3392670	1810450	1555930	27109800	28830600	1806570	3785730
P75957	4129270	4332010	4053270	4608340	4158670	4411010	4445040	4403000	4287360	4158870	5447120	5250880	5488910	5592290	4974500	5287170	4985040	5003850	5128900	5120020	3738060	4567340	5032020	5394010
P21189	9198900	9913850	8605270	9097950	9453700	7818370	10167100	9736650	9703910	9144780	7301030	7413040	5941580	7332360	6877220	6159460	7310310	7855150	7169490	7154810	9663660	8900250	7307520	7167800
P0AA16	13391600	14049900	13051400	14126900	13097200	13442600	13244800	14388300	13165800	12921900	10402100	10047800	10802600	11030200	10202700	10832600	10798000	10513300	10092800	10117600	11741600	13328200	9928390	10387300
P31063	13143600	11694200	11463200	11628500	11530300	11948000	11303400	11540400	12356500	13104200	10774900	10962900	10034700	11191600	10844500	10462800	11166600	10190700	10284000	10959200	11976900	12152500	11321200	11939100
P11447	20137700	18549600	20134600	18983900	18149000	22197100	17872400	15493800	16853000	20109700	26938300	27580800	27827300	27404300	27106000	26554700	26144500	28372300	27796800	27590500	21333100	20362600	30413700	27702200
P0ACT6	1509370	1528070	1477330	1541820	1292120	1569830	1375080	1346970	1209570	1525980	889668	830461	990449	962013	903546	923401	895553	915693	857037	921537	1489120	1439390	932488	853065
P0AEI6	2862580	3260230	3047120	3171380	3123670	3145770	2880160	2495990	2338950	2907320	3038530	3239220	3587740	3103910	3396240	3223940	3323690	3553230	3123290	3128210	3331340	3075050	3281130	3347770
P76341	565610	752998	866150	695070	685853	730423	792636	680183	774852	600238	407067	465088	455867	330060	534048	547816	425783	622519	485764	430091	751730	650039	480233	425153
P27830	1566340	1821040	1644130	1825350	1748390	1656620	1758640	1693890	1636750	1654390	2334020	2340520	2401630	2393990	2335270	2216910	2347200	2350970	2264730	2243420	1784820	1842650	2298350	2313630
P0AE12	9714470	10388700	9099520	10258400	10221600	9534790	9666700	9728700	10147400	9669850	9594530	9328290	9511930	9477120	8992910	8995730	9800190	9164300	8927410	8990570	10699500	10526100	8979230	8948200
P77211	977176	237201	1368250	435679	NA	1348520	92094.8	NA	NA	NA	132360	NA	112115	NA	131901	901493	NA	323631	501678	40223.4	535787	182799	62665.3	170268
P00936	2009940	2150500	1879680	2228600	2116790	1933060	2116650	2180270	1940120	2012270	4168760	3939830	3821640	3896500	3730320	3567620	3982760	4078050	3965480	4225370	2209120	2020870	3661000	3245440
P14377	275121	200637	217536	239974	253566	278063	199861	180989	233164	176231	137477	NA	81031.7	93477	94246.5	85145	103493	81300.4	95939.9	82951.8	216483	271740	NA	104423
P0A6I0	6290070	6869670	7275390	6669030	6643800	6827650	6801750	6774360	6127030	6307690	6284020	6684540	6190730	5686840	6274060	6397380	5913510	6505470	6218020	6050470	6849950	6752360	5903660	5985960
P76316	12104400	12664600	12179800	12095100	12244600	12520900	12117500	13031600	12576500	12416500	10550500	9801810	10608100	10816300	10329800	10389400	11185900	10835600	11152000	10879000	12052100	12295100	11101300	11023300
P37327	483063	580656	453562	635895	596142	462901	681076	626786	760951	491504	559201	519869	493261	561304	370171	484776	625476	495283	426392	504074	483544	587908	472404	467967
P29012	14108500	9282980	12123700	9612690	8893640	15953300	8324890	8906910	8586790	15701500	1491760	1470320	1698120	1609000	1506060	1475280	1693310	1714140	1366320	1561430	11805600	9952250	1592220	1668820
P0A953	52261600	52460900	50525900	50999000	50634600	55181700	48403900	45770800	44998100	51720600	39943200	36806900	37010300	38939400	37085200	36536700	40883100	41127400	38873000	39824200	52452700	51278600	39178800	39661600
P15082	2028660	1780290	1779670	1769230	1769750	1855030	1820290	1728080	1707910	1936310	1242340	1278220	1360410	1296320	1318650	1358230	1261620	1301810	1348460	1340830	1797930	1882070	1347560	1175050
P0AD44	690221	608705	637388	675842	622607	681235	592315	616077	686036	744013	593864	553736	619900	675055	558142	593225	624198	553695	584869	571142	589926	624207	586947	603089
P0ACF8	287645000	288550000	370625000	293195000	292164000	315042000	288880000	299625000	318764000	305980000	183194000	186720000	204030000	174259000	198657000	200511000	199148000	176404000	202763000	183083000	272497000	305841000	200006000	195050000
P0A6A3	120425000	104629000	115166000	107240000	111193000	124675000	107063000	109464000	108510000	121597000	58434000	57884500	60097300	54317100	61500900	58924000	62809800	63373300	72564100	75291200	98934100	105221000	74005100	67864600
P0A6E4	134273000	127278000	143593000	126996000	116973000	145482000	112227000	100672000	104277000	137188000	186462000	185484000	183912000	192980000	185956000	171702000	192056000	194878000	187676000	188164000	140218000	129562000	204087000	177950000
P31547	12240200	11443300	11505000	10420700	11570800	11331200	8550900	11382900	14667400	11635800	8391210	8963370	6957850	6495740	7132520	8032390	8174010	7597600	6028340	6542120	8112530	11006400	8939310	7276280
P0ABH7	470774000	600860000	542007000	604407000	518385000	515235000	550805000	473011000	493885000	454721000	142224000	141372000	142724000	144983000	143339000	145294000	150874000	153670000	149478000	129913000	576428000	554937000	145989000	139844000
P05827	4645140	4822800	4859830	4792070	4811860	5109160	4668820	4354400	4926760	4351910	4057250	4251520	4095220	3814010	3824430	3770180	3952940	3873460	3591040	3599190	4679810	4502730	3687780	3750160
P37637	1758370	1855640	1373880	1912380	2823740	1287880	2071360	3073710	2826020	1626550	1662780	1687930	1414060	1555440	1817370	1705200	2189320	2123130	1890700	2190230	2173200	1973720	1850690	2044280
P52101	433344	425760	354595	370935	390142	433884	372978	368261	359569	433502	371396	370525	360304	363667	410581	337410	395188	390295	339563	372620	398242	357234	405002	391757
P77265	387597	379727	328578	373086	364604	355543	348939	396469	364365	359772	306565	272211	281936	320609	291990	278710	323219	301430	285495	313874	293202	330391	288939	292839
P0A8P8	894443	862367	888807	846675	835840	846713	864941	798203	717089	768379	965558	919319	1091890	921392	1028360	1000180	1046720	922967	986152	926939	991394	864126	947429	841553
P0A8P6	723560	838356	711882	797617	809275	751520	844404	763566	729745	719610	947340	959017	1054310	897031	958971	1008960	1011640	979052	987326	1011720	803871	764695	924381	883073
P75779	1244080	1989340	1221510	2091260	1589440	1269890	1973690	2170340	1878930	1156410	2442150	2470160	3889490	2423970	2214400	2846690	3199920	3058590	3816310	2523720	1702920	1747000	2544910	2796400
P0ABU7	2974730	5232780	3346760	5853890	4999630	3068690	5403930	5577380	5308280	2816710	9012020	8235890	10672000	7552360	7677890	7524920	8279150	7637220	7746520	7732760	4605850	4416770	6068010	7386180
P77626	389460	343985	330538	348112	316655	379385	306350	338214	303080	427228	296991	304692	289616	311183	298689	342647	244359	323786	322857	312327	389879	361665	298140	328999
P0A9Q1	36454300	42178000	39421200	41021200	40557400	39604700	42185600	45233300	40881500	37011800	32000800	32184000	34877600	31985500	34960300	33335100	35812100	35250400	32698700	32233600	41167500	42519700	33443400	34749900
P0AD07	1808930	1670490	2316530	2110420	1865140	2136860	1649610	1590480	1577550	2091630	1941460	1997030	1999350	1680950	2114410	1982520	1911620	1931600	2068740	1981640	1866260	1926020	2216850	1865150
P0AD14	2642160	2702350	2590770	2990110	3089780	2705610	2421580	2342500	2714440	2788450	1391570	1646030	1348630	1260250	1717400	1347180	1422400	1435840	1597510	1700230	2675190	2702000	1530080	1166040
P0A843	947140	945350	918554	932129	1172920	1211950	947004	1102080	961927	953119	1693690	1786300	2310970	1904770	1741620	2166070	1973510	1662320	2042020	2066350	582356	718594	1382720	1554390
P30131	4321530	3132620	3221000	3320830	3466070	4168140	3182100	3297910	3032130	4589740	3495450	3015430	3449000	3682960	3530920	3564750	4049300	3612980	4383100	4498220	3632110	3619740	4329140	3688900
P0ACM5	2308900	2280810	2308260	2299070	2283330	2252640	2314280	2069250	2176820	2232720	2012880	1893820	2301480	2110830	1945120	2006500	2117990	2049480	2006060	1934120	2106340	2125680	1911740	2027040
P23878	592396	1014160	693550	1082910	954679	557343	1036960	1089970	995067	601848	1079330	1164370	1602490	1074300	932443	1159220	1216290	1152000	1193610	955968	992493	936237	829750	942009
P33363	5143600	5125160	4831110	4827740	4941350	5142090	4912670	4417920	4679890	5206100	4021370	4090660	3901220	4203980	3817140	3751890	4005030	4040290	3806480	3858340	4811050	4736890	3978150	4045810
P0AFG3	70494900	73843900	69811200	75514800	61235400	71956200	67270400	58712100	59652100	69145800	21215500	21091600	20719900	21835100	20026900	19470000	19661300	20394400	18461300	16440700	70150100	72502100	18755600	20251600
P77150	2964380	3636120	3474290	3688670	3307070	3788750	3106070	2670860	2780410	3006950	3985390	3991390	4953890	4191570	4072790	3960390	4060550	4264340	3862800	4042940	3796370	3509360	4117990	4077870
P69428	4116170	4112760	3855760	4476850	3861310	4599280	3991420	4258210	4461470	4176700	4781010	4084930	5084850	4865820	4281250	4746120	5036900	3553860	4715960	4485250	3207090	3853180	4058440	4444020
P0A7H6	1119550	1188890	1284600	1194010	1183830	1245890	1299800	1084560	1013500	1147540	966686	975761	1004050	1143220	1059340	978601	943876	1007230	945360	901342	1121720	1148460	954166	905367
P52067	66861.5	137475	90822.8	90708.4	108528	59319.3	92880.8	123161	118767	82348.7	136591	99795.2	97438	134898	123540	92137.6	120268	99441.3	90066.8	116647	64865.5	80943.1	112731	106504
Q46812	397333	374150	462649	349659	212095	434080	116869	151808	184311	433302	NA	NA	NA	NA	307812	NA	NA	NA	NA	262943	439225	474953	NA	NA
P16456	25373900	24444400	25842800	24904900	23149100	27423100	24035400	21820400	21546200	23937900	17871900	17881800	19943900	17998000	18208900	17793800	17915000	19106300	18172300	17849400	24625000	23787000	19011700	18441200
P0AET2	45903900	60190400	64604800	57209800	78034500	43888000	62575600	88568600	78986000	44126100	34641400	38556800	40917800	28554000	40845400	41573100	47943200	40458700	42661200	41650900	57681700	67025700	42112000	36717200
P0AF08	12769100	10789500	12226400	10584000	10561500	12870500	10304000	9557260	9651690	12532900	10562500	10423000	10275100	10655300	10402700	9520380	10477900	10434400	10082900	10465000	11428500	10888700	11577900	10618100
P0A825	239925000	274728000	263388000	284705000	269255000	267266000	271735000	277218000	259535000	255703000	302749000	287899000	313979000	294778000	306171000	295752000	334521000	309220000	327066000	311076000	256706000	272166000	302792000	322929000
P0CK95	812041	784317	823923	710806	800029	795932	786271	690510	805453	779963	1217570	1222860	1187220	1250430	1130510	1179950	1280340	1247520	1175540	1195830	818731	779846	1249930	1185800
P0C0R7	3542230	2957890	3087530	3079930	2905570	3521230	2993720	3197230	2723230	3463690	3028090	3022480	2973520	2879220	2821100	2961490	2792580	3007890	2717920	2818940	3195700	3013400	2798580	2831650
P0A853	22565000	24450900	20928900	23703800	21978000	21085700	22194900	20270900	21516200	19842700	2587220	2617310	1472830	1878510	3797810	3068210	4392130	3622220	2717030	3279850	21453800	20032400	3581000	4292360
P76272	37674700	43424300	38066300	40650400	42727100	35558200	43062400	42767000	40887800	38866600	38606400	40185600	34509600	38038300	36359500	33674300	39300700	38391700	35136500	37313100	43633800	41220800	38189300	38499800
P37128	865515	976494	797136	918806	943640	797822	881375	886539	836990	815247	961799	843798	970860	908620	998733	892321	920716	949943	948489	864209	952983	880533	1014510	918549
P42616	7407690	5889230	8290100	7135570	6808100	7594170	6569690	7917130	8903370	7498590	5943440	5641780	6739380	5667880	6579660	7398280	6949300	5166480	6950000	6247330	6838610	7316540	5989070	6452830
Q46803	318120	302637	396091	303144	252401	350220	249260	207437	235147	333598	NA	333675	NA	177286	65107.4	70171.9	118474	75152.6	77336.3	121949	338903	351255	72893.6	84019.4
P0A7F3	135101000	148216000	164036000	137076000	134530000	149505000	146795000	138722000	126693000	138692000	96145200	106765000	102283000	110467000	108108000	99390200	102906000	103207000	109269000	100055000	149194000	151227000	106582000	99207300
Q06065	470408	518753	416212	535307	491137	496401	490750	478731	452405	401654	231786	237584	235475	243908	241238	227809	261614	256043	257727	248191	499620	500008	268251	238289
P32674	198152	285665	NA	388733	267504	378149	243696	308791	186705	271258	421056	500581	532927	303987	387606	514970	483164	481303	494257	516494	195213	222711	388242	408626
P69805	7249920	8056100	7796060	8317850	7587190	7628780	7230430	8325710	7647370	7637840	14817200	13869600	15883400	14723700	15646400	16836800	17348700	15821300	16993800	18542500	8575220	7762650	19409600	16788700
P0AGG2	11068100	10681600	9913340	10058100	9870430	10792300	10374000	10812100	10944400	10993900	6769080	6802650	7103330	6799190	6980730	6376150	7025970	6897360	6786710	6916860	9940940	10323700	6670540	6863960
P0AG24	4709780	4589270	4374940	4856690	4620220	4721430	4500250	4862410	4550440	4873090	4941480	4693710	4568820	5060680	4736280	4719580	5152710	4918180	4846460	5013820	4844620	4676960	4814800	4694170
P76290	4470630	4222610	4313530	4056620	4101060	4543130	4178320	3720020	3923730	4461990	4381900	4573290	4489170	4530390	4407370	4433000	4576040	4655670	4281050	4430860	4405540	4276250	4804160	4410380
P52129	957132	829383	952134	799538	810013	876822	691094	705776	659296	853781	1170000	1161060	1391270	1281350	1216740	1183320	1213550	1277500	1227820	1389520	831170	788315	1405870	1260470
P0A6K1	3435630	3526530	3341660	3499190	3522710	3769040	3267160	3256320	3134440	3219620	3428520	3362890	3661320	3289200	3308030	3203370	3414040	3478450	3022790	3270430	3605200	3668540	3430690	3271130
P46853	5945560	6611290	6045940	6020630	6065740	5777190	6128620	6125780	5693630	5893120	6337510	6729800	6441110	6594520	6235910	5978440	6342250	6589800	6268090	6607710	6468020	6097470	6495530	6694240
P21829	3608770	3842580	3552700	3840540	3566630	3909000	3771560	3194970	3025590	3399970	3783900	3710740	3631730	3473840	3562800	3535530	3767740	3527790	3565740	3830650	3788520	3692950	3594750	3331450
P0A746	10319500	9702090	12478600	9529000	8749520	11259800	9504930	7880430	9419010	9786450	4042520	3887500	4003890	4184840	3949370	4136970	3510130	3693730	3407240	3018200	9433150	9393780	3534810	3718220
P0AFX9	9721780	10229000	9601770	10976700	10452900	9976910	10141600	10307200	9767530	9526130	9245280	8409580	9589930	9281130	9094640	9254870	9512970	8847820	9257030	8554680	9611840	10162200	8546650	9084850
P17854	10058100	11626600	12013000	11400300	11132800	10544100	10977900	10010700	9946390	10593000	14352800	14159000	13055300	14561300	13747000	13151600	14030300	14542900	13517200	14147900	10510600	9326820	14797700	13708200
P0A9P4	16070100	16953500	16003200	16673500	16454300	16881200	16629500	15713600	15672700	15187800	15831800	15681100	16035400	15472000	16152500	15387000	15537200	16575600	15491000	14966900	16574300	16789000	15847300	15108400
P0A8A8	8305840	8827990	11723800	9423840	10314800	10038000	9286180	8921520	9063170	8949490	11047100	11462900	10712000	9131190	9825580	10538500	10176700	10664000	9679840	10231700	9929170	9058110	11151200	9922780
P37338	4139390	5472760	4292890	5862480	6121080	4371800	5129810	5619390	4734090	4484080	3765630	2920180	3726950	3671510	3540090	3602650	4499940	3674400	3594650	3656590	5465930	4894960	3165680	4435580
P11553	242174	229289	254257	266019	225458	237377	205803	150470	177333	243099	61431.3	66486.6	71524.1	105768	105774	145691	79379.5	99296	94307.5	141024	254176	230034	127769	94656.6
P0AFC7	33120900	37109900	35691900	33508400	31256200	36497500	32580100	30176700	29715600	32825000	22791000	21787400	23050800	22864400	21401100	21604200	20101100	22074100	19747000	19628000	33831100	32498400	24379800	20834700
P33355	1015050	907966	1004730	995503	898304	987597	928665	1085680	997838	1069950	959803	858460	973761	944651	993055	1004110	959849	862199	921555	900866	973802	1062760	857397	938661
P36837	454526	449721	NA	366029	NA	450747	356344	362199	385434	578797	362626	209842	283104	285869	NA	249736	256594	263969	326290	282430	294703	290667	348668	348748
P0ADV7	17630900	16549600	19762800	15960800	18613800	15731300	17620400	20443700	19249700	16022900	11572100	13041500	11274100	10357600	10683400	11013700	10858700	11798700	10960600	10228500	17997900	16248800	11863700	10581300
P30126	36012100	35429400	40217500	35643900	35196300	39027000	35581100	33423100	29121700	35916800	48992100	51194300	54210900	48739000	49206500	48063900	50138700	54171200	50193900	51091700	39342800	36628900	55122700	47656000
P0A786	136363000	152091000	157860000	143600000	135862000	152098000	141557000	129105000	134666000	136767000	107896000	111958000	108923000	108961000	110441000	100366000	115879000	111598000	115791000	109373000	159261000	149562000	114715000	93635100
P77304	481111	306581	394592	329446	543191	465995	265641	354938	468986	520732	175600	NA	NA	279968	156683	NA	348171	80250.9	205129	294301	341045	292551	314337	243319
P0AGC3	4627070	4773340	4304250	4489300	4668210	4300370	4524350	4528830	4610040	4451760	3192300	3206970	3028380	3314700	3118310	3087660	3279590	3275290	3021430	3048290	4606600	4171600	3223130	3115020
P0ACY3	8380920	9969680	7924040	9885210	9694660	8055290	9581630	11472600	10899900	8503030	6233420	6204810	5364180	6430960	6628800	5818620	6936480	6317010	5637770	5560230	8905660	9416440	5489760	6454110
P05704	398219	1226510	538711	1355480	1117620	517592	1148970	822510	932052	463220	154650	270650	NA	NA	146518	252117	NA	201291	NA	585516	591022	770518	NA	282304
P69776	207227000	173157000	131676000	140961000	196188000	148580000	169200000	201721000	181420000	219987000	92046000	85335200	54185900	84689400	38852000	60640100	61881400	55012500	61429500	69247300	146578000	132613000	90920500	99930700
P26365	217423	336767	287610	299406	295962	233176	276414	287495	267581	242149	333947	337246	330450	303574	308531	297786	305927	343065	311728	331494	256655	268082	318924	317594
P0ABU9	2549330	2509070	2533720	2697690	2425920	2565800	2368030	2642650	2731830	2576600	2794200	2708880	2853120	2784670	2738180	2684580	3034610	2675170	2576130	2649010	2491490	2646120	2747110	2821920
P76461	98460.3	96490.7	105545	89245.5	114574	110313	116640	93072.6	124299	95586.6	40662.9	62665.2	NA	NA	50708.1	52669.8	51891	NA	NA	NA	117676	98617.5	64794.2	45507
P63235	9932170	12039300	8375590	11664600	17199100	7061570	12361300	19335600	17913700	9343770	6060880	5654880	4711580	5481130	6463960	5668870	7109140	7100300	5835820	6431040	11168400	10868900	6230520	7282910
P75780	1744340	3250870	1959330	3374600	2434700	1815220	3113790	3304630	3079410	1839400	5091000	4919850	9222680	5324690	4939830	6437090	6982020	6625200	9242030	5532600	2578660	2766550	5603120	5991860
P0AC62	23470500	26062900	30035400	25381800	26548100	23941400	28564200	27928000	29522300	24341000	21605200	26082500	24227000	21648100	24523200	25834400	23050700	23427800	23972500	23577900	25611300	26995600	23752200	22681200
Q46811	502704	550409	614591	444186	306451	514712	311415	217818	263874	520141	386962	506303	NA	378680	322863	26140	163375	362894	391766	468476	607435	601562	406837	NA
P0A717	89433100	88498200	93328300	80846400	80757500	93709600	83778100	71901500	69849500	84959700	51049000	55264400	52751900	53450500	53156100	47145500	51542300	58623200	53897200	52940700	83864300	79237000	58902000	52992700
P07021	553215	686255	600463	685345	562333	540544	630363	642831	669804	517682	879873	859349	697393	927109	885908	746350	774085	746141	687989	715556	552141	667857	977804	1018760
P31808	5515240	4733890	5042450	4844760	4521350	5597210	4512400	4716590	4339540	5553030	4975930	4945070	5427260	4852250	5002850	5326140	5237810	5433300	4954770	4855690	5077900	4620250	4827700	4914310
P37051	23733900	24507300	24566000	24063700	22255300	25120700	22366200	22759200	21406400	24234200	38318400	37377000	42066900	39547600	36988900	37128300	40387100	38609500	36794700	37424700	25758600	24468800	36083200	33991400
P11557	12435100	10050600	10925500	10984600	10088200	12174200	10411100	10909700	11501000	12906900	11685200	10644000	11689900	11540400	11823500	11830800	11962800	10341700	12038000	11415000	10958000	11123000	11473100	11939600
P27434	12827700	12041900	12188900	11446100	11562000	12905600	10933900	11398600	12102500	12561900	8831930	8797140	9060230	9638120	9252760	9301610	9632070	9349260	9101490	8946480	12180700	11977400	9629270	9867660
P30137	71244000	123433000	88513600	120316000	118843000	74418500	123140000	113065000	109794000	63266300	75521100	74112400	82460100	74857400	76879300	73728100	74205500	79926000	73727000	74252100	107124000	112224000	76163900	70985900
P0AEW4	3667980	3417560	3401730	3478180	3390190	3900130	3312080	3072140	2856560	3726390	2238090	2126840	2432530	2416160	2019050	2228310	2289800	2263790	2288030	2429890	3512780	3299550	2388890	2432610
P0AAN3	3576100	3041860	3671990	2982730	2661120	3925080	2687530	2193270	2321810	3649380	2202300	2177010	2566300	2513210	2493810	2742070	2523040	2723620	3040780	3098670	3081270	3270180	3250850	2638400
P22524	5902870	6032530	6592650	5753810	5546040	5926460	5587850	5127270	4822100	5668500	5745710	5998220	6216270	5426100	6184580	5720310	5633840	6113170	5742940	5402200	5775650	5314550	5360690	5659040
P23367	9117620	8828960	8270520	8479370	8669140	8300850	8504090	8373770	8540980	8720830	7717850	7807890	6842910	7631250	7400460	7047010	8029800	7596120	7450110	7536350	8563170	8552800	7762710	7444380
P22564	2546130	2726350	2503430	2800250	2451320	2873240	2440750	2326440	2305400	2556850	1030280	895881	967325	988755	1101930	1097350	981361	1038780	1132960	1009490	2491960	2441370	1115790	843920
P24192	567511	398254	436623	424402	397968	524250	346450	398239	385360	533327	510789	478343	627462	590910	528629	601162	621647	598419	692722	732127	412601	402003	734789	610859
P77339	66839.4	77934.6	64256.6	66792.7	67604.7	59979.1	72269.3	60822.3	82441.6	55605.7	47942	50159	71058.9	58042	61631.2	42613.8	57674.7	61587.1	36131.6	61414.8	41869.3	82491.7	59579.5	43078.8
P36979	2466820	2753670	2670800	2750880	2534900	2575940	2513580	2314820	2269420	2379770	3076450	3066110	2931830	3097270	3036150	2754510	3025050	3145870	2836450	3003720	2779460	2649810	2948080	2841670
P0AGG4	3644640	4239370	4370560	4474850	3789790	4140150	4086160	3379600	4013080	3665100	3287510	2958120	3384070	3377320	3414520	3173460	2860740	2897170	2935090	2759790	3667440	3987980	2833090	3005970
P0A6A0	1733710	1905280	1734160	1816060	1841820	1720310	1791560	1860990	1691110	1711690	1764250	1690750	1495870	1652610	1622470	1438450	1729760	1692390	1553520	1653310	1805630	1695790	1600990	1549040
P60932	188482	238222	211227	202374	228553	149165	177725	143404	201819	97235.8	147770	101147	160727	118241	104420	109101	160774	128944	91049.9	195981	184265	183545	194789	218744
P0ABI8	15942100	19679600	17006500	17523200	17199100	15039500	17198000	16144600	16765500	15819100	9846080	9073600	7621870	9568500	8150790	7785530	8691980	9339680	7031120	7716440	15831100	14418200	8750210	9010540
P37659	2641370	3402570	2778860	2994870	2962290	2343460	3048190	2737610	2893120	2469480	3301210	3453330	2899660	3097750	3094990	2733380	3048360	3375510	2959360	3105060	2995580	2630640	3112360	3132840
P75820	887734	932565	860721	880452	947923	892967	904114	926774	950538	837153	688324	681871	700991	703210	660816	697029	712516	705047	632939	667524	930105	885120	716184	689890
P0ADZ0	46159400	43276900	46083800	51353700	46375500	50762400	44668300	48460900	39910700	50791200	64506400	70280100	64922400	59814900	65851200	67430100	65995000	55751300	68095000	65870100	43794300	47773300	67142400	72754100
P77239	425540	120700	761769	53276.1	50977.6	780713	74558.6	54365.3	29080.7	27799.3	89996.2	46404	105766	52548	96038.3	562083	49535	50678.5	309409	61373.4	216928	52379.3	80835.9	86071.6
P76394	130145	95248.9	135597	106265	76834.7	348769	86547.6	72960.3	NA	119402	56394	51688.5	88171.2	55437.2	NA	68552.4	71501.3	45549.1	70119.6	66873.9	90264.1	79705.1	49730.8	70871.8
P63204	273029	264561	203369	274828	434884	192929	328313	390313	347086	245502	231175	345428	563668	280004	312530	425287	391802	463269	433354	461726	420685	333681	354496	322977
P52045	58871.7	81942	78248.1	56814.5	68547.9	60751.8	65426.4	54306.4	42611.8	49863.8	94020.4	83968.6	89888.4	69279.5	92104.7	66508.8	77029.3	83589.8	71178.5	68845.5	94064.6	68809.3	94328.8	77597.1
P19926	21691200	21418500	22329100	20349000	18987500	21508500	18540700	16915800	17788500	20742500	4500790	4742160	4230650	4521200	5325070	5169190	5196670	5326120	4956100	4782370	23061400	20187100	5111720	5300610
P00722	511272	516598	430766	502292	485042	518341	491323	431075	434977	493665	221869	224160	147460	232957	186551	186551	212282	230696	252728	237184	523447	513491	233670	212921
P77364	536410	611481	508933	635199	602154	502910	517413	621593	648424	487299	643095	643187	620981	693749	679083	587870	653204	615614	621418	646376	624391	577353	634313	638295
P0ACY1	24350900	27279000	28288100	26108700	26074300	27048200	25821600	21579700	21472100	24000800	17773000	19157300	21389800	16998500	18639400	17175400	17623400	19108900	17056100	16448400	28345800	28687800	20087400	17607200
P0A7D1	4648900	4178110	4640350	4224230	4152650	4634070	4143620	4104170	3760660	4464160	4032690	3984040	4158380	4142680	4066370	4158990	3990000	4270290	4195720	3892520	4137610	4195140	4080500	4099620
P77544	2191430	2371570	2114580	2361820	2419850	2255850	2434010	2782640	2554760	2324060	2669160	2497610	2685530	2814440	2537410	2680790	2668810	2621700	2449870	2379740	2322920	2282470	2351820	2433570
P06610	11779800	15646200	13950700	14353300	15901700	12022000	15307300	14809800	13716900	11215200	13200200	14674400	12729400	12861200	14900800	13656600	12349300	14441200	12539000	12389500	14660300	14325500	13851500	13068100
P39346	404320	296793	286345	273242	315030	428154	257246	267498	252702	365131	NA	297739	NA	NA	122715	206663	165549	80996.2	255128	236787	285047	258767	290679	233195
P06129	9823890	10492700	10338500	10381700	10039100	10305600	9866440	9097170	9488650	9915080	9976060	10099800	10334700	9917590	9784370	9403930	9336990	9765500	9272160	9282770	10507900	9981270	9766340	9616860
P08394	1925600	1888160	1694030	1866690	1912040	1900460	1857000	1888990	1757820	2058120	1833630	1840920	1568850	1853720	1798080	1630870	1868800	1829960	1732830	1945440	1977770	1924110	1843770	1783410
P07117	2249400	3469710	2544420	3090370	2997110	2307970	2660190	3069620	3130130	2602960	1815840	1737470	1102520	1845540	1696300	1629240	1738150	1661230	1336140	1437770	2152990	2337090	1542920	1849450
P0A725	4461280	4968000	4143050	4517460	5132210	4328400	4986230	5449290	5120960	4445040	4570600	4490340	4038780	4463700	4467760	4305510	4588500	4869750	4189250	4140300	4897630	4611510	4280700	4403250
P0ADX1	7196430	6676560	7472610	7595600	6319350	7567020	6355680	6884170	6302410	7732880	7787500	7343460	8399630	8011030	7888980	8027060	7966060	7597910	7496840	7844250	7157850	7281200	7390110	7370920
P75952	354050	477345	402588	425297	452527	399871	454819	408422	370992	404703	353144	396308	398825	366699	378193	380780	353263	456657	355232	366318	395669	373951	387395	355826
P30847	750710	877945	699849	827248	869073	767566	875065	868551	872659	766284	873998	834624	728257	795407	788763	762214	848259	857283	752458	794068	775242	797042	762177	723667
P37095	32305600	33932300	34630200	31423900	29457100	34347300	29598300	27963000	29567600	32912800	22374800	22801200	18160500	23484200	23349300	20552200	21981000	23518100	21531100	21651600	31043600	29327500	24045000	22473500
P33934	271479	186463	252208	193385	191252	306353	172073	173882	214419	311729	133122	120743	133407	118233	155992	200249	173272	154083	203585	204237	201591	198763	166684	159404
P62672	1365900	1576220	1483950	1520500	1748330	1470870	1723930	1453470	1507230	1502370	1579530	1430690	2088590	1419520	1701910	1629010	1904540	1697400	1653950	1564770	1798490	1918530	1348160	1319250
P0AFL3	7664310	7779140	9120220	8068080	7333660	8841090	7734850	8151010	7646930	7602270	6754250	6919060	7406680	6014480	6622550	6668370	5944510	6447470	6129130	5870100	7475610	7921950	6387490	6224090
P0A8S1	5832210	5340300	5473700	5201320	5216180	6264550	5227660	4774180	4877360	5646450	4584700	4498270	4910470	4721330	4595550	4502370	4804370	5145560	4737130	4683200	5192250	5123070	4798970	4628040
P27832	666448	822009	679394	688053	752766	766920	678697	658161	659815	682030	710997	791153	678008	730137	817272	775895	788284	781588	792845	734465	792936	761065	721406	712095
P00393	13111900	14937500	12939600	15615600	14108100	12930900	14472800	14093000	13711800	12377600	14455800	13949100	13560800	13581200	14641200	13061700	14889700	14642800	14732000	15199900	14683200	14872800	14763000	14292000
P15043	183195	248261	219584	226217	219657	202051	207591	225157	204406	212381	286764	280684	252606	288844	280055	255899	268871	275188	276695	272259	193887	212593	233129	265395
P0AEU7	109608000	97779900	134514000	97922200	104261000	115712000	100426000	102464000	104893000	110602000	93619400	95335400	112476000	89343500	101828000	101165000	103493000	95122900	104897000	96208200	97415400	106131000	93566700	99356800
P39334	1667120	1556650	1365100	1561170	1608410	1729300	1605000	1472740	1257130	1448710	1546990	1431160	1646640	1416680	1375570	1609420	1231380	1501660	1485900	1391140	1340020	1389490	1394740	1163190
P77554	4153930	4009910	3736710	4070900	3788100	4491150	3853880	3577350	3671880	4221720	2750100	2612630	2835650	2603770	2699060	2552760	2793820	2694210	2832900	2731220	3920670	3918340	2830720	2873640
P0A8I1	1666190	1555120	1765040	1742080	1490820	1809780	1672640	1812640	1532660	1797750	1785770	1768750	1873140	1746520	1807740	1829730	1830610	1703010	1701360	1686890	1552000	1595260	1686840	1800230
P55138	299246	304953	337501	323564	272238	318740	309168	251448	260411	271895	217071	151177	156056	207758	167282	142990	222207	174986	165616	171886	340080	331767	121096	195502
P36881	663895	484922	555939	469671	457233	634147	447882	334180	374865	611695	158428	154697	213138	184166	176098	185695	172178	180584	206212	193734	550716	523924	226244	220297
P25552	1863540	1957580	1830900	2065900	2003340	1939800	1879990	2056340	1954540	1905930	2018140	1930470	1919620	1985680	2079090	1945100	2061860	1998210	2032380	2077860	1972980	2099070	1903030	1770500
P31680	1912310	1795800	1856540	1890990	1679550	1974570	1711990	1816810	1870280	1938940	1838370	1772500	1868900	1877820	1773330	1865960	1900560	1828230	1756820	1847630	1773730	1915230	1953950	1807630
P0A8V6	4049060	4236960	3922170	4247180	3962660	4450240	4471980	4091700	4022780	4400530	4379390	4206670	4722460	4721010	3851760	4135050	4022720	4306630	3959450	4039240	4486160	4171900	4141020	4224890
P02916	415037	670223	427433	675590	541711	462810	629032	591825	653479	466753	643284	528470	391693	586829	617027	804321	749528	695333	768477	750628	485088	489956	770997	796632
P45748	4256730	3803650	4166540	3722640	3596210	4455740	3673940	3581750	3366910	3956140	4293750	4625480	4684960	4034100	4455600	4204740	3989780	4811170	4036840	3882900	4063240	3872780	4115320	4301530
P21367	21947400	28652000	23012500	26940100	29697900	22348000	28865700	35350800	30836000	20698200	9464700	9299530	8895640	9268170	9334470	9356670	10273200	9919800	7803160	7716380	22979800	23323600	7951170	7846890
P0AGD3	137053000	110799000	148807000	103984000	111447000	149121000	94458200	62729200	77385200	140777000	97709500	99092800	90727700	101515000	98554100	85543000	85631000	98042700	75062200	93473700	129679000	110146000	93942400	91459500
P09030	8540720	9724100	8881350	9409310	8754150	9430540	9183990	8891100	8993780	8853850	9816230	9580890	10362300	10370000	9528900	9821110	9546000	10043600	9092320	8974520	8605590	8907650	8997500	9762940
P0AE91	6157230	5012890	6191430	5671280	5263990	6005280	5197020	5671790	5761900	6293160	5406680	5333900	5935330	5745870	5428790	6076050	5807640	5602170	5759770	5611330	5459280	5294260	5575240	5787590
P75954	465493	940018	679553	647246	875365	444160	816194	608218	734354	436085	450349	530984	193436	266143	381281	373873	337968	436990	251068	280933	617309	642722	161439	301190
P0ACR9	24106500	21376900	27216300	23096700	21747100	25974600	21068300	18507900	18757100	24302300	23584600	23483200	28978000	22461200	24748800	27062100	25928300	25141700	27756400	24237300	22311200	21916500	23939200	22193900
P0A7A5	2192370	1870660	1983280	1895050	1902900	2174750	1853180	1918150	1842640	2123840	1620840	1636750	1781040	1679160	1611340	1706680	1815090	1692830	1731540	1726120	1833620	1973280	1672250	1694460
P60546	4034440	3341670	4007700	3464530	3479910	3927200	3604440	3714490	3644590	3925530	4391110	4755450	4785930	4347210	4780580	4634860	4517250	4547140	4727250	4447650	3481980	3621660	4375600	4511330
P76010	301159	1671330	557592	1809660	1843900	390672	1692400	1072150	1106900	334415	109631	92016.8	141974	286464	150635	140060	101512	105368	68264.7	58185.3	863452	1114440	31360.4	82574
P0AEY3	1360080	1241650	1336420	1315440	1216160	1522820	1198210	1199240	1193160	1451410	1258980	1139060	1451430	1379740	1161750	1362400	1208660	1201250	1277630	1305640	1254810	1222070	1200730	1251880
P76273	934092	937727	893557	962376	991175	980964	914955	861665	868581	943599	1334350	1276360	1159670	1347770	1301170	1208960	1372660	1396770	1278580	1287490	1046650	944482	1385710	1365320
P0A9H5	1255020	1270000	1352500	1266760	1280790	1350380	1269150	1185120	1216460	1382820	1064720	1137610	1069050	1062810	1031410	1053190	1019700	1137050	1005570	1044950	1250660	1217710	1128220	1107600
P75906	4805800	3710190	3887440	3506630	4294480	4025040	3516210	2894530	4193000	3895630	2282590	2216070	NA	NA	3792990	2330320	1805620	2256850	2370960	3667930	4550720	4810890	2731270	1819680
P0AG76	561103	578069	513150	623282	602963	584810	561183	477601	525579	525973	544775	474180	540635	525364	491701	532557	574873	520300	542215	540987	535649	546869	534034	558402
P77766	626137	500427	476680	552212	497821	584405	504446	543125	531314	601244	821940	706975	755100	742763	780770	852313	782977	791754	866152	896692	502258	569228	801243	809316
P39452	1411380	2483650	1496980	2422810	2291680	1313470	2583670	2845540	2570960	1212720	2253430	2264060	2394520	2243810	2184460	2211490	2591140	2500180	2693790	1988790	2290780	2322330	1827350	2215080
P10378	4969280	8597060	5157560	9106310	8185910	4556450	8589850	10397200	8807250	4925050	8080530	8703990	11254500	7939220	7938080	9272080	10754400	9589440	11437800	8398290	7790430	8060150	6731810	8811370
P77526	1362150	1439530	1254360	1486220	1485190	1266220	1360070	1861970	1674520	1286100	1197590	1148090	1134030	1211650	1138710	1232010	1349310	1157790	1134510	1126620	1407050	1437450	1015310	1098060
P0ADM8	319445	371132	306730	391924	398328	308829	382196	331597	348237	283287	331809	328644	398857	367181	304392	351130	366340	343911	298600	321634	433875	449779	376429	401523
P76506	8535130	8692600	8460180	8064280	9111070	8191630	8748420	8152900	8520070	7918390	7903540	7418810	7388290	7942080	7367060	7535110	7266840	8093560	6522620	6975170	9197120	8667330	7861650	7371080
Q47710	4798590	4968110	4309050	5166170	4817360	4955130	5067800	4737170	4570870	4427920	3842510	3904330	4550220	4447180	4070160	4319910	4065590	3820860	4087450	3928870	5046490	4452580	3543420	3307040
P39310	4626990	4518520	5019860	4460270	4399960	4697590	4577510	4099920	4231980	4394310	3083410	2962850	3132200	3081100	2883360	3187360	3010340	3284560	3106040	2920150	4788410	4207930	3122160	3077500
P24188	596700	762793	799433	675496	726987	729920	865183	929695	935409	764061	915669	721575	298508	862638	774594	479583	590790	729410	414553	415422	502043	532052	433441	714165
P0AFW4	7049610	7146710	8855340	7515390	6217980	7691200	6710480	6089680	6256720	6772530	3402290	3594990	3506440	3333410	3522100	3243340	3182050	3218070	3414340	3055270	7190920	6783820	3307830	3357720
P0AFP4	2595240	2209820	2158030	2281870	2319780	2352100	2414150	2119830	2142980	2321960	2538960	2460840	2634150	2534870	2437350	2598230	2529470	2512230	2272300	2448970	2498510	2208780	2659010	2364440
P0AEE8	1017840	993599	1035980	926059	970138	1039900	926990	898907	867176	995588	1198730	1269110	1227440	1156720	1163300	1205810	1197240	1328030	1185490	1159890	1025670	980780	1223450	1154440
P77667	999256	1896120	1415680	1868300	1713040	1024540	1954440	2287570	1910660	965270	2056850	1733050	2031640	1747760	1949740	2218020	2251960	2184620	2287840	1661820	1568240	1552400	1538720	1873030
P23003	2807880	2753910	2740420	2829960	2630320	2893860	2633570	2578670	2640520	2751320	2844460	2741560	2702060	3019550	2800840	2570780	2832820	2827280	2730100	2724290	2700280	2688740	2856520	2788380
P0AB67	16223000	18685200	16816000	17941600	18769400	15849500	17889500	16353600	18016800	15519400	30788700	29497300	28886700	31088100	29652400	29319500	31972000	32616800	29499200	28583100	17636400	16952000	27408000	28974200
P0AC19	7667800	9130350	8062900	8852510	8640670	7825830	9107060	8671770	7569170	8037100	10018900	9041610	10539200	9823470	9794960	9995550	10004700	10657200	8795530	8616830	9896110	9586270	8019080	8947020
P09147	5689830	7129130	6069260	6488510	6851250	5677330	7026630	6516250	6293860	5244260	4846190	5105620	4793770	4791370	4916800	4757370	4838230	5195590	4711350	4799070	6431290	6437050	5253350	4995320
P27303	2524510	2273620	2386740	2364400	2336890	2505080	2301600	2390950	2456010	2646720	2862490	2707900	2864030	3027820	2667850	2954110	2960490	2676230	2957620	2999800	2292380	2369450	2771700	2799670
P60785	11240600	11900700	11294100	11301700	11464400	11200500	11657300	11391200	10954200	11300200	11542000	11962600	9447350	10633400	11169400	9984290	11107800	11705000	10626000	11284000	12103800	11272200	11034700	10956400
P0AG18	16072100	19632900	20649900	21848200	18331700	21541900	17755700	19276800	14386800	18252600	20676000	22988100	24529700	20321900	24128500	20591300	20886000	24611800	23495500	20165900	19295400	16920900	20421000	21261700
P0A862	105922000	136655000	135325000	123950000	126194000	114577000	137455000	108326000	100421000	108090000	109664000	120169000	118908000	103195000	112869000	104683000	101634000	110194000	105576000	95313800	121625000	122223000	109872000	99322500
P77044	417656	470361	425363	454284	382635	450344	394562	383207	392609	404165	266895	240131	290005	271241	238334	253911	267615	252121	261315	257365	379261	415913	261219	260502
P0AEE1	7861190	7654320	7315240	7630410	6925950	6950430	7827810	7016840	7716860	7172230	6669970	6505380	6358090	6683650	6221740	6121120	6445100	6181420	6251290	6273100	7390610	7452720	6421770	6815800
P0AED7	3596350	3149970	3427870	3102350	3129270	3671540	3028880	2674250	2818420	3516790	3838950	3881450	3741490	3838650	3609410	3516650	3691640	3788570	3584980	3816040	3327510	2924560	3760450	3442260
P0AAN1	588051	328736	596751	374447	388253	715463	383618	383709	361283	706209	373435	388512	413277	400763	399298	464496	432010	447572	526709	561904	503290	448028	584519	465073
P75830	2533050	2297430	2257950	2396720	2317640	2433330	2313540	2349560	2385210	2545110	2066410	1918160	1970390	1997910	2028410	2042070	2089500	2030610	1988330	2048490	2420140	2419600	1958020	2128100
P31554	10914500	10234700	10824100	9904170	10238800	10543800	9658390	9609410	9931600	10480100	9605730	10033900	9712500	9452970	9499960	9325040	9832580	10095900	9284970	9346030	11047700	9947530	9800090	9627720
P25714	13059800	13839200	13623300	13568300	13399800	12732600	13743200	12962000	13397800	12202400	12694000	12537000	11544900	12064600	12087600	11292700	12013700	11948800	11126000	12105800	13513900	13257600	12425000	11999300
P0AGJ9	14814200	13490700	13366500	13135300	13681300	15344300	13189900	12162000	12571200	14142200	16158200	16568400	15682600	15791700	15788200	15349300	16668400	17445900	16046500	16288300	14948200	13109800	16920900	16143500
P42596	1564910	1673440	1575450	1561200	1590080	1525650	1483000	1443970	1475710	1445050	1959180	2093720	1730290	2068420	2059070	1833720	1964860	2145550	1907710	1927630	1520550	1456360	2148820	1960650
P0A7W1	341840000	339471000	372412000	334564000	345732000	350777000	348523000	340064000	309374000	316285000	448127000	439712000	455650000	460130000	460420000	430523000	412928000	470603000	419559000	412236000	344600000	350263000	434089000	454620000
P06988	16642100	15804400	15376300	15991800	15006700	16872800	14589000	15843200	16013300	16119300	36508900	38472900	35272400	41875000	34628300	32469400	33400600	34596400	32527500	33025800	15795200	16017400	30890500	34416600
P21363	6758290	10236200	6590210	9925330	12871700	6708840	10393600	17173400	14266600	6367160	5467350	5378730	3620890	5216840	3767730	4935750	5412650	5465310	3430870	3149800	8067950	8074900	3136630	4404690
P62517	4740130	4666850	4303990	4583890	4669200	4537110	4407590	4396230	4647440	4833950	4537290	4375460	3794950	4552760	4202460	4033500	4558790	4298060	4072730	4381150	4650610	4383360	4404290	4386900
P0A855	17495300	16768700	18183400	16831900	16778900	16913900	17006100	17157400	16112000	17378700	15604100	15411400	15838400	14866100	15025400	14978500	15597100	16620200	15439700	14868800	18061600	16499700	14980700	15393200
P0AE01	4503280	4457760	4443330	4500810	4349050	4779880	4241010	4107860	4201130	4373120	5313050	5047790	5523910	5624610	5140070	5018120	5309120	5231920	5055420	5054810	4315480	4436580	5116850	5316190
P23845	33509000	39183100	35800100	38892100	37526900	35417700	35349900	37500800	36277600	33483200	53263900	51239800	46991300	51627700	53964300	46512200	52727100	50731300	50689100	51516000	38751800	37307900	52465800	47238600
P0A800	48032500	48433400	62509700	53204800	47807500	52000800	47776000	54660900	57172200	49776400	54320700	55967400	62424100	55090600	59620200	60160500	62301600	55821400	62154500	54326100	48025800	50824400	53302400	57296100
P06282	740797	662370	684456	746438	721636	778328	704787	690099	751154	671422	1304570	1199970	1338230	1273050	1114460	1279860	1315820	1272440	1280780	1280400	713619	697610	1174190	1167060
P0AD99	336969	274959	366357	263574	409958	303692	231710	212218	292640	378981	204579	255015	196060	182897	247315	186263	188763	197668	157437	252602	308341	205561	269991	275383
P0AFP9	189157	251380	215725	252092	227704	180892	199318	277735	223594	186276	204314	200765	213620	158748	208792	203325	187737	185568	215207	204818	200505	229056	191100	215964
P0ADM4	3123200	3002660	3109320	3000070	2994570	2762640	3161050	3405230	3724140	2980410	1451370	1286040	1298950	1508810	1350900	1365540	1466920	1281680	1191260	1175190	2961830	2887970	1358770	1438090
P69425	2835080	2702360	2512040	2698590	2678080	2761490	2648820	2795690	3143850	2912400	3006440	2814310	2985590	3005110	2831400	3104870	3050940	2738820	3157780	3129220	2501920	2580260	3030060	3141760
P0A6T9	6450270	4948860	6990420	4845620	4499270	6996320	4924260	5295010	5673960	7262450	3518310	2880980	3497150	2733090	2755650	3640310	3581960	2519220	3536910	3111730	5075360	5991600	2965350	3340680
P0AFW8	7653850	6815240	9431530	7328980	7360420	7867740	7190580	7311320	8255950	8189990	5248270	6295750	6706050	5038350	6388630	6545410	6089670	5825330	6554410	5936190	7718180	7846040	6172110	5344150
P62620	9254400	8742050	8530360	8347660	8488180	9403220	8297420	8267190	8236280	9210670	9435750	9289010	9259380	9780690	9486230	9412130	9588920	9564980	9360960	9464640	9244070	8941420	9983330	9471760
P77269	373934	334436	369446	361372	373152	386300	337287	282331	327120	400473	NA	113480	55365.2	142585	95269.5	40722.8	303599	145608	112230	NA	292773	268012	92153.3	NA
P43337	1658410	1367170	1349090	1354780	1490760	1586200	1315400	1472960	1566690	1583390	1224730	1178230	1280570	1296610	1183770	1178930	1261620	1232210	1149210	1202340	1473490	1579850	1179700	1149830
P0A6H1	18480000	21896600	19734400	21728600	21138800	18303900	22001100	20850900	20581200	18568300	24874600	25344300	23996100	25019300	24188600	23690300	24575600	25000100	24430000	24821600	20527000	20060400	24542100	24987600
P0AB98	5255690	6642110	5807740	6923980	5751090	5152600	5081560	5971120	7031210	5431340	3709520	3230710	3715150	3110360	3517000	3223300	3804450	3476180	2856260	3302090	5659900	4461680	3819130	3427250
P39173	8774310	11140300	9800420	11372600	10757300	9390810	11102500	9047620	9461970	8375840	19430400	19611300	19479300	16835200	17862600	17870800	18914700	19711000	17801400	17427300	11006700	10741600	17851400	18067200
P77379	151709	145610	153374	141978	156896	182153	168506	160448	163828	163464	116394	80676.2	78455.6	99109.6	95637.2	105494	94651.1	132765	77922.2	103400	170108	158816	89019.2	79035.6
P75798	1659510	1874780	1911860	1774440	1907180	1672230	1543190	1790880	1661020	1516190	1286600	1463560	1195760	1248450	1245580	1340450	1354570	1469340	1276070	1333850	1461690	1056190	1271290	1195210
P32141	434057	480970	453959	455081	459068	478166	453206	371159	435474	450689	252495	275436	256240	296297	264163	299451	302729	329885	309056	320534	474444	465979	317349	285836
P0A8D3	1326900	1132720	1377180	1232210	1133170	1371400	1200380	1080540	980761	1315610	1524030	1522470	1558250	1487870	1551670	1434370	1419660	1501370	1494850	1427630	1225820	1228310	1428140	1556470
P52119	2342430	2496990	3251160	2467980	2519220	2530260	2598180	2281770	2416350	2491080	2514530	2862690	2682890	2428280	2779080	2826140	2613740	2882040	2584600	2529570	2587040	2527820	2360820	2508520
P07623	7514260	6303410	6282140	6467920	6861100	7250340	6221660	6144560	6244350	7361160	10994900	11082000	10903100	11576900	10802700	11284400	11996200	11153200	10679600	11162600	7131430	7092010	10430100	10576500
P0ADI7	7628410	8453470	7446210	8695610	8090290	8030210	7805390	8039800	7302330	7970710	7370090	7463130	8763140	7240070	7597580	7596060	7800290	8072990	7347560	7366550	9080960	8568590	6850440	7413280
P76346	4363560	5118720	4468590	5147790	4777230	4132750	4905570	4361210	4485140	3899710	1353740	1378980	1373540	1493170	1566790	1605770	1616420	1455280	1565600	1458210	4435790	4744080	1463330	1362260
P0AFU0	235780	255426	221637	269916	234413	225186	232142	263173	318049	237948	194267	178692	147076	164828	156598	161670	186130	171517	147306	193859	209486	246104	160935	183777
P00887	9573220	9084290	9079160	9231030	8695950	9584270	8266220	8236000	8615260	8797200	8632470	8729710	9196200	9117320	8984290	8628420	9079530	8784950	9031960	9127920	9357350	9194280	9453180	8714960
P24207	176933	283683	314064	267605	250478	278695	286927	190141	179439	183863	291119	291784	357122	368396	400581	424802	393366	314354	362348	383490	271535	110833	352695	430664
P76555	288042	291484	337956	311382	238555	378622	241063	190503	185467	291705	75888.8	64400	109990	93613	78077.5	86302.6	286255	121852	112570	NA	165604	271305	138689	41034.1
P22333	2653060	2468770	2549640	2554580	2513770	2921940	2470330	2356060	2358480	2682080	3337380	3347100	3635700	3720760	3327670	3106670	3604930	3594690	3130240	3235680	2313640	2339350	3422040	3514800
P0AB85	963069	735864	853962	779791	769340	914559	772836	698921	740418	964983	752601	754400	784456	764814	726368	711121	703918	711472	726911	765256	776814	839870	791621	879404
P28903	2402250	2266040	2143350	2193460	2312090	2298910	2148990	2342930	2223410	2425450	2348880	2231070	1928450	2358010	2378550	2534140	2765500	2631100	3013670	3261290	2434430	2328580	3231090	2821130
P24216	220952	346950	289972	453363	570509	177228	408808	332668	396475	262028	351737	NA	348551	NA	NA	NA	NA	NA	NA	NA	103770	198767	NA	NA
P64483	10740500	8907610	10435700	9700120	9084840	11561900	9145230	8746810	8276720	11193900	7859890	7617150	8998820	7549560	7946980	7795670	8234580	8089300	8733840	8356270	9249470	9795560	8369210	8050920
P0A6I3	2556460	2853220	2709650	2752140	2745250	2583310	2692070	2618260	2370230	2532820	2422300	2348630	2370080	2427070	2307160	2279420	2390560	2480910	2381740	2368860	2831720	2677620	2471870	2296650
P64638	563159	909231	618764	1003850	1255010	675756	1113530	983279	1105620	544582	2549280	2433070	3194650	2223420	2235810	2174750	2270520	1793680	2035550	1941440	1354300	1392270	1697180	2126100
P0ACW2	59391.8	32679.5	65846.8	52372.6	48044.3	38871.9	25721.4	50658.6	59301.2	61707.7	137332	125431	116640	113919	135201	111702	132465	133236	170387	147615	6616.71	9065.74	78399.7	73415.5
P0C066	1063330	1177310	1106400	1213540	1174080	1024610	1189450	1163930	1206730	1030800	1220980	1232740	1085820	1176640	1153270	1130170	1246870	1265140	1102320	1147180	1186790	1170500	1219320	1185800
P0AGL7	2145740	2055290	1893670	2095430	2059690	2166320	1968850	2075550	1904730	2037890	2523300	2548990	2713570	2664390	2638160	2686850	2803800	2570430	2648470	2679810	2105160	2140300	2509060	2409490
P76445	239065	300513	272029	299256	367041	226315	312321	332460	374233	191607	586928	568013	391899	473047	466315	440294	435871	511063	318423	436511	214928	238452	478193	531497
P0AFX7	1426470	1623560	1840690	1414420	1621180	1477520	1586940	1406970	1343350	1453120	1365230	1379870	1358130	1317400	1361420	1281070	1305120	1606370	1302590	1321980	1545410	1332830	1598800	1517040
P31455	1176810	1116120	1168860	1041280	1017420	1208080	1055950	933093	1076630	1131260	955018	988326	941650	935244	912571	903331	999004	949729	985120	955995	1131040	1068430	942921	986489
P0A8R4	5737930	6337980	7722230	6164000	5900690	5617840	6634340	6481190	7186080	5501130	3925420	3634490	4090060	3945530	4246670	4097090	4120080	4036860	3997770	3697920	5649130	6077790	3505870	3831620
P39407	355916	555441	363474	501674	542636	317799	486380	488940	481514	328624	726113	708047	904002	695023	680285	732343	824256	853326	836773	790928	549832	504270	708424	721037
P0AA78	237143	324447	274805	304091	305410	245411	297725	384379	302560	222977	62472	57388.6	20621.4	77102.8	59994.7	56364.5	58911.3	71592.8	58355.9	63151.1	215056	155975	81423.3	71934.4
P0AF03	5247070	5513670	5096520	4931290	4931580	4934520	5323690	5045710	4582080	4999880	2858640	3296280	2928510	2932330	2995290	3165960	2963780	3119940	2979890	3012810	4940020	4772670	2978840	3003060
P77775	8639510	8635430	8188300	8476530	7804080	9116020	8442420	8225700	8133740	8895380	5313230	5263190	5499880	5092340	5247270	5321170	5312560	5539510	4944800	5117660	8575240	8248400	5061800	4749490
P0ABB0	219067000	261428000	241281000	244749000	247419000	220695000	250416000	218940000	221252000	215847000	164755000	164216000	159218000	163919000	166376000	153517000	178112000	177352000	167986000	173159000	265764000	251375000	180094000	164845000
P20099	19796700	21227000	18376100	20037700	21255300	19211600	20883900	20295200	19936900	19781500	23561900	22964200	19986100	22923200	21218200	20078200	23220100	22253200	21305600	22222900	20291000	20098600	22446000	22041400
P0AFG6	249864000	263167000	266093000	264465000	213896000	281428000	233653000	217447000	209196000	256955000	78670600	80362100	87401500	78720500	80352500	81304200	77056000	80621900	73566400	61818900	259612000	281613000	67674200	76880500
P39831	29607700	34570800	31440100	33854000	32540200	30668000	31630800	30342600	28984700	28252600	30004400	30745200	32822200	31349100	30937900	31382200	31111500	32161700	31041200	32364000	33711800	32776000	33194500	30097700
P30015	553921	553828	480733	564979	521249	535513	500352	535480	474441	568748	339305	323836	300582	350582	336261	296122	393835	317206	343899	351056	482107	535600	366741	347422
Q46864	1560920	1135820	1445850	1203050	1134950	1580250	1153480	1087530	1119480	1598810	1063230	1016460	1243910	1078960	1118030	1116990	1058940	1011030	1121430	1151450	1217530	1269570	1065670	1052050
P68187	1771350	3064820	2008930	2725080	2442020	1609690	2748390	2479340	2410600	1570380	2445530	2046130	2332890	2644530	2809400	3645930	3531110	3294060	3718080	3397930	2096000	2425180	3430310	3075670
P39411	1731870	1598020	1641180	1690120	1554320	1845070	1553930	1588730	1492020	1755260	2207980	2010040	2409610	2259580	2091760	2174960	2191070	2129450	2118680	2149250	1543700	1610650	2043330	2102980
P77348	6875730	8072960	7080660	7557960	7538440	6493300	7858640	7496940	7647160	6893210	4013340	4136140	3987720	4112780	4063640	3930900	4287860	4211810	4020140	3988520	7748670	7266620	4233190	4141650
P32177	854796	822425	838386	869492	896167	879372	830285	847563	923760	917899	885794	899518	906777	832950	733212	856713	870684	870740	782474	830526	942864	797110	860694	783263
P16681	2263470	2866260	2534060	2663410	2815130	2314750	2711290	2921710	2528350	2340350	851575	955761	877394	928129	938277	848209	874980	1031250	720415	763778	2269440	2138880	798282	892397
P52037	170097	200955	197746	165881	186425	164597	227191	174899	197027	185319	136568	142520	122222	130230	107327	138140	127433	148222	129738	145165	208720	209983	120160	134058
P0ABC3	27899500	30673000	28267600	31153400	31807900	28510200	31597100	31520300	32110800	27559800	28916400	29424500	28378000	29388800	28715600	28160200	29879400	28352400	26874000	27335900	30412000	31110000	27731800	29558100
P31666	118487	123360	148843	137444	110298	140935	119744	153986	130764	154445	104472	104874	119272	123570	105708	117272	140559	120290	104527	110060	118276	143604	111206	109856
Q46798	4736520	4153430	4246700	4158740	4113810	4461790	3924460	3930160	4173220	4740150	3136230	3029910	3071310	3554010	3172260	3454340	3322180	3341130	3189400	3407290	4780150	4430200	3401890	3246040
P0ADK6	1021330	1068940	1053530	1039440	1093360	1056840	1053990	852775	918514	907115	704262	653185	705083	686887	617729	632173	694611	670029	625728	624829	1180750	1133980	575997	611064
P00803	4267690	3706160	3691690	3784440	3485650	4375140	3509690	3921080	4129710	4448450	3404270	3254300	3478070	3627200	3343770	3485500	3659050	3312930	3474880	3320760	3639060	3756800	3424950	3653260
P45800	2629940	2755910	2381990	2714140	2632580	2482240	2726050	2783280	2883170	2786140	1965950	1938040	1604560	1917750	1750070	1804360	1937010	1809550	1743600	1767620	2564940	2628820	1826100	1852850
P06134	138539	146016	143021	144185	140667	131967	147000	146181	137692	146432	77488.9	76692.3	59534.4	94255.7	69316.3	76388.1	63781.2	101581	77700.3	59060.7	123067	136904	55861.8	83617.1
P09053	11754600	13102500	12367600	12934200	12236900	12307400	12116500	11885000	11802300	11059200	15464400	14582100	13991300	15243800	14069300	13869000	15049400	14529300	14216200	14415700	12628700	12319500	13353300	12239500
P0C0K3	1287420	1419700	1278630	1442770	1434780	1302570	1356400	1338280	1307840	1324400	1344600	1299380	1333880	1363230	1436940	1307550	1379100	1323940	1327950	1345470	1365490	1358700	1210380	1206020
Q46822	1473480	1405270	1321760	1426270	1320600	1340020	1428880	1653010	1391050	1492600	1018460	996595	1080190	989973	955551	967021	1076760	1004890	906513	1010480	1236000	1400620	917074	1093800
P0ABJ3	132965	67452.2	56776.4	92063.5	125645	88088.1	118441	101631	113190	104268	60360.3	60419.7	74060.7	77315.4	53812.2	52158.6	58939.5	66501.5	42071.8	15742.6	41095.2	81813.9	51259.5	30223.3
P76053	3407580	3383990	3480860	3519060	3216630	3516280	3428950	3530550	3325070	3685370	3650740	3558130	3900180	3593310	3630610	4233630	3866950	3834620	3975340	3821560	3144280	3343140	3519200	3669940
P0A8Z0	2553690	1862820	2120850	1939140	1872250	2614420	1766950	1862390	2025870	2664340	2456190	2304880	2400490	2655260	2484530	2559160	2530970	2339370	2392930	2336320	2029710	2020530	2364410	2478810
P0AAS7	10078300	9227120	12460300	10074300	9414380	11413600	9669220	8984490	9237970	11201600	10126300	10549600	10848500	10459000	10649700	11184900	11376200	10806800	11014500	11065400	9582050	9303990	10264400	10486100
P10903	163619	176485	189914	230930	258636	200053	197963	244601	240512	225262	253316	256274	279785	245183	354465	295880	272104	307345	257818	356744	141097	156154	374405	278342
P0ADN6	10278000	9275240	9961560	8820220	9861060	10449800	9451240	10544000	12819600	11676800	8838010	8342690	7416050	7894260	7729970	9212720	10532200	6553990	7478430	8150320	10627700	10397300	9499860	9435890
P33224	4395390	4475210	3547380	4644990	5695290	3781430	4658110	6099360	5808030	4076530	2757670	2631040	2742980	2545910	3003420	2937030	3453760	3307400	2893140	3034790	4942090	4797640	2699950	2891960
P0A731	5706090	5671080	6551630	5302140	5198340	5768390	5337130	4518970	4191140	5624940	4232140	4262150	4716200	4000940	4256490	4291600	4069250	4595280	4394460	4169520	5827160	4887390	4333630	4452010
P69786	11713300	11991500	10644900	12231700	13264000	11125300	11282000	14116000	12824300	11234800	37255800	35485100	32363700	37757800	35794200	34548200	39216000	35474300	35234400	38831000	10482800	10817400	41061500	38357700
P21420	5476490	4369530	5497760	4254210	4922730	5268590	3692530	5057820	4996810	5939420	1833440	2063370	1261590	1667070	2008120	2336020	2479260	2264790	2025040	2224350	2923720	2694780	833915	1069500
P25894	5498290	6551360	5577190	6071330	5673450	5080600	6282330	5900680	6308680	5086370	3344970	3161940	3058780	3361130	3201000	3005880	3233900	3260260	2805400	2825540	4909420	5904000	3079050	3400150
P29013	883591	1287390	916968	1296530	1146050	908520	1145600	1285090	1166420	856061	811901	806954	780195	919093	866249	877817	930695	887883	752978	751850	1162170	1076250	677620	808302
P32684	1669470	1685360	1763390	1660430	1719650	1779000	1669380	1596260	1567670	1626430	1733440	1866830	1808330	1700430	1734990	1793010	1697960	1760880	1679000	1619480	1530430	1512970	1680690	1637620
P0A6C5	9316340	8824020	8901680	8947150	8502920	9651150	8296800	7948460	8086610	9314610	10265900	9611510	10672700	10382800	10843200	11004800	11252700	10718000	11738300	11790500	9900490	9640610	10996400	10003100
P04951	6323750	6601260	6327510	6578690	6408280	6808210	6417590	5842930	5788360	6292110	6609400	6807940	6829270	6926030	6821770	7040140	6817540	6991860	6677840	6873280	6750160	6541420	6882030	6779880
P33030	2953720	2899040	2758290	2832040	2826070	2906310	3015310	2991620	2982280	2802910	3492290	3326730	3497340	3554160	3186100	3466390	3352380	3554270	3364710	3222890	2784150	2766850	3069350	3485500
P0ADK8	6103250	7126740	8048500	6685130	6499250	6354460	6901460	6045110	6849590	5851970	7676590	7795480	8625900	8050740	8354630	7865090	8164440	8495920	8407460	7451860	6327980	6308450	8590370	8506440
P0C8K0	423670	394757	467448	422674	378547	385478	422669	400988	442151	471447	152994	231678	122285	239487	215594	164958	300934	211695	252826	259362	337143	461231	243604	200259
P18392	725584	672926	658555	658813	679475	768480	684726	690298	662043	666306	695676	642124	695448	694489	718999	687309	709545	746495	646710	700554	688708	666651	662174	633585
P0AG51	135996000	146341000	177249000	151061000	127069000	147357000	140337000	149491000	136487000	154372000	184735000	180417000	205626000	213998000	210087000	192698000	232823000	192845000	209017000	181124000	151694000	159911000	207108000	207999000
P0AB87	268683	333325	342567	295655	277880	347430	316132	192101	227742	309136	90990.9	69843.8	NA	49168.5	45435.6	251689	70857.2	90372.9	108403	94312.8	306149	270949	114557	NA
P0ACX3	21232400	20332800	28530900	18991600	20439800	20409700	21899800	19592900	19326300	20621700	15675500	15704200	16233000	12621200	14501500	14526400	14704400	14975700	14448600	13803500	21956900	19813300	14161000	13324300
Q46861	452766	407661	433687	353394	401624	453362	361417	452505	411642	466457	996871	993395	626169	964103	959455	789831	904007	942379	773530	829790	413712	398929	943843	992761
P0A7E9	14083300	15764700	16044900	15905200	14432200	15684200	14408200	14468900	13203000	14559400	16535900	15420700	18338800	14927100	16650600	16674700	17080500	16427200	16453000	17077600	16431700	16911600	16312400	15255900
P75914	13992200	12513600	12646600	12273600	11363500	14618700	12092800	11484100	10348100	13750700	11036500	10616500	11864700	11043300	11210100	11127500	11061100	11785100	11111100	11703900	12109100	12148600	11960500	11769300
P76104	2131030	1940600	2115810	1986780	1903980	2187070	1890670	1717880	1696180	2158530	2810440	2818240	2566360	2864830	2765760	2504340	2736270	2707910	2745400	2837770	2094530	1974960	2928590	2791890
P16926	3484780	4014180	3555590	4049550	4124310	3409230	4081060	4000390	4020210	3285340	4880360	4466410	4623580	4709110	4766500	4597540	4736120	4867130	4576890	4697650	4242550	4213400	4752720	4551790
P0AFG0	48729300	49288100	55943600	46937800	48505100	49808200	46677700	48029000	43040800	48275500	46887800	48258000	51123600	45013900	47659100	46676100	42931700	48471200	45267100	44188900	46225700	43294000	45588200	45751600
P28305	1131810	1026340	1036840	1017130	956200	1072120	1039920	1043490	1051650	1099720	816734	785578	879430	875589	806167	797281	865129	830267	845325	827417	1025730	1022340	772641	827281
P39267	1342150	2202420	1520140	2223550	2075310	1672370	2193480	2140340	1989570	1488080	1750210	1436550	1729150	1482250	967725	1297780	1456570	1518030	1491710	1416600	1826710	1949510	1839710	1353920
P52094	433506	629949	457123	749946	544519	432911	590265	432386	663722	361333	505206	365272	389627	492508	443862	366162	435440	349254	331940	386684	389324	243595	497839	430388
P17109	668825	713405	617427	656770	651678	640602	623044	597013	598106	622996	706392	736661	711122	730050	725664	662316	758899	783918	747184	782114	661194	628576	807291	726086
P0AF26	94787.5	129129	128358	124887	149555	119702	112574	116678	90398.4	107818	234043	253504	472643	234405	359144	457415	331289	390830	459988	440678	116401	128185	430711	289668
P10384	10256900	12800600	11043500	12636100	11137600	10891300	12277200	13621000	13440800	10207300	3560980	3204330	2897120	3495440	3565550	3305010	3457160	3386410	2434290	2375710	11259100	11059000	2303480	3235370
P23862	15303400	14305400	15514800	12285200	14833500	13711500	15114700	15550400	13618500	16876300	12463700	13059500	17101300	12231200	12687600	15715700	13516800	12540500	13639400	11865600	15155100	14984700	12080300	14194800
P0AG96	7066850	6284800	6590850	7311010	8731740	6846840	6039920	6553760	7022690	6266630	6286520	5922900	6228970	5206880	5768690	5396630	5438330	4734490	5726550	6960950	5768590	6339650	6172970	5787670
P0A6T5	15872700	16370100	16805800	17106400	15557300	16987900	15972200	16040800	15693400	16774700	27877000	24464000	30485500	25217500	26304500	27170700	28697100	29069200	28825300	27254800	17064000	15979400	25879600	24821900
P0A9C3	20681000	17193800	17740300	16547500	17982200	20417200	17005500	16290900	16459800	20510200	11717600	12465000	12362500	11543300	12030900	12181400	11984500	13110000	11882800	11973000	20082500	17033100	12166900	11691300
P65367	4690610	5167180	5408130	4900480	5360570	4825580	5317930	4769960	4454800	4248050	4332620	5432130	4901020	4343010	5240900	5381720	4753000	4732700	5022870	4904210	5397600	4988220	5370190	5012210
P0A796	16309200	17950300	15358000	16971700	16947200	17833600	16233800	16090100	15231300	16307900	51380800	46620800	53285200	53297800	54625400	57822100	59101100	55448800	63005900	61982100	16895500	16332900	61249900	54883800
P0A7S3	134975000	131245000	129808000	139171000	126741000	149901000	132140000	137138000	140134000	145560000	178212000	172329000	177367000	191736000	177190000	178473000	191058000	169174000	190352000	179767000	135207000	143318000	174984000	195250000
P76035	2235670	2739410	2834480	2790690	2605500	2461060	2289880	2409040	2351190	2344750	2475550	2313970	2235950	2419170	2633410	2386090	2602930	2387190	2428770	2560550	2504030	2384350	2166980	2225950
P0ADE6	45115500	62959600	22563600	50579500	68329500	47183900	64635700	82815000	77460500	60005600	32708400	19308800	25319400	42977100	7408270	28322200	16614800	25020100	19523000	30470000	55527700	56720000	27013100	32909800
P05637	1822250	2259110	1965010	2343650	2245250	1993020	2020660	2181090	1995330	1977240	2513750	2516530	2617600	2469310	2461850	2427120	2561910	2666030	2360840	2512430	2244880	2138120	2311910	2425580
P0A9T4	4564260	4910790	4610910	4777860	4718740	4781390	4628790	5091370	4484290	4475150	4678120	4345060	4619960	4468640	4496330	4221190	4551370	4414280	4184870	4161460	4617580	4258980	4295020	4335950
P20966	3024170	3257740	2730300	3148630	3207870	2694330	3223720	4068460	3642600	3145010	7168370	6458700	5792460	6398410	6941260	7633360	7856180	7290800	7246230	6919790	2980900	2848760	6587090	7776180
P64459	150274	100067	NA	99010.4	109685	85523.9	70260.5	107931	119234	76702.2	153726	169830	149582	124175	164550	120599	174994	135433	110444	147138	NA	NA	95501.5	NA
P37769	1196730	1195260	1062480	1321510	1280770	1405450	1261430	1232450	1240290	1262230	1027990	961477	1049050	968769	1000000	1001870	1083980	977897	1011990	1053520	1334670	1478060	991305	891254
P0A8G6	45797500	50142300	46196400	50280400	57863700	44654700	49272200	61834700	56991600	44346400	44097500	44433000	49035900	45795300	49611500	53543200	53299600	51761600	54680200	53974400	53379900	51282100	49485400	51327400
P0AF52	1955350	2166240	1989170	1955080	2153150	1894680	1855930	1854240	2247770	1876960	2510700	2964030	1903710	2416180	2500360	2131070	2425030	2321890	1919290	2548470	2015490	1699750	2731250	2822960
P0AEZ9	25779100	24559700	25617200	24205700	25592300	25743500	26559100	25753900	24629100	25180800	19986800	18738700	21540800	20694600	20830100	22214600	21818600	21459500	21909900	20955200	25335200	25626600	21886600	19662300
P77536	8548130	4544850	7096740	4833740	4120990	8519730	3955510	3783550	3795280	9172570	291120	306631	380942	359739	361652	437784	452463	463652	567808	514279	5565690	4938250	657998	563188
P0AEJ4	798422	918127	822519	871786	878550	784136	851947	815501	800613	817622	659040	629421	618716	641881	566861	611356	671930	704573	628604	658252	866351	786093	629733	619652
Q6BF17	1132490	1378460	1186090	1389290	1235500	1102880	1387020	1155030	1229690	1021060	425883	447535	413235	425932	426342	454254	435318	489038	447860	428216	1199390	1259270	381311	441344
P08390	5116210	5085200	4791950	5380640	5002300	5168370	5112950	5211900	4939830	5292410	5801070	5722090	5736530	5562700	5785940	5679400	5971040	5378730	5809420	5753810	5174160	5203220	5841620	5568950
P0ADP7	1304270	1434200	1430140	1557690	1272030	1628670	1348090	1362600	1357660	1467900	1219140	1180600	1242220	1126200	1082780	1226800	1418130	1268070	1154130	1278340	1601830	1605870	1359090	1193430
Q2M7R5	11339100	11644100	12888800	11649100	13944300	10847900	12479900	13453700	13864700	10172000	9378650	10455900	10638700	8967220	10989000	10919400	10834600	11923100	11191800	9873490	13540000	12859400	11225300	10268400
P77795	348893	515469	362092	457486	460324	355368	425924	607162	522597	350956	76827.6	52661.6	90888.6	81987.7	149613	89297.3	87579.6	104025	52338.1	NA	331458	370906	51900.6	73893.2
P33594	1235700	764319	921092	742366	1189640	1217010	791760	954616	903101	1242680	939676	813434	1055970	960726	1051350	933403	1213260	1069110	1334480	1480120	1224920	982081	1264780	1135020
P46118	2491840	2376840	2377980	2285170	2194020	2505070	2168260	2097660	2047410	2499020	776059	797446	870555	822681	782661	770943	887607	864845	837814	797722	2309360	2352810	947701	860985
P28306	1966240	1687460	1825850	1723380	1659470	1896590	1707040	1754150	1798500	1928940	1870800	1777310	2023200	2012550	1806230	1876220	1864810	1830500	1807080	1864760	1936480	1660490	1787570	1768070
P13518	932811	796957	823249	811047	801709	894388	812367	752211	844871	926013	535252	547666	523779	531509	521608	519019	553059	528040	524306	593262	900541	824473	526224	549123
P69346	1430320	1272040	1631350	1253480	1289460	1357520	1359660	1325970	1429010	1360330	1125000	1098240	1183850	1154370	1194080	1223500	1196130	1192120	1149530	1101950	1168150	1108350	1090450	1216370
P0AA04	84116900	96865700	116356000	99995000	98832100	88979100	104603000	108800000	92684600	77602100	160887000	152722000	171730000	135548000	162716000	150224000	165510000	160581000	174329000	167855000	94059900	98038800	165188000	176229000
P0AFH0	600524	559647	517436	520912	596499	560723	540153	471419	539411	576250	432192	444285	446673	419540	441408	458138	477140	474626	428199	438463	609994	574766	451127	449634
P75913	6213670	7228320	6514630	7116300	6581060	6648160	6797210	5781140	6067010	5964690	7286730	6969900	8187990	7204080	6826050	6964090	7477370	7351570	6595200	6516070	6861470	6988340	6830820	6557030
P76204	131127	95710.8	119215	109266	100514	142068	113807	110917	100819	146267	107065	97559.3	131444	107138	95964.3	117454	116546	86625.9	123097	126077	101527	155680	108106	83091.1
P0ABX5	102924	366287	199036	405927	354194	159758	302844	261601	255369	114706	NA	NA	NA	38062.3	NA	NA	NA	NA	NA	NA	151562	195802	NA	NA
Q46891	283094	247397	278903	235043	330266	279737	298254	199591	199065	285953	187021	181385	210230	179103	196848	175311	206242	207353	156447	189973	300680	224075	175170	182726
P64578	138039	66563	101039	86922.9	99533.4	107649	90004.9	49837.2	49071.7	113078	75303	77693	72681.2	78377.4	56708.2	80198.1	125551	73245	68081.5	100332	130253	84872.4	68072.8	73539.8
P0AFZ3	4483730	4376790	5452490	4376770	4431800	4393480	4901850	4480040	3511190	4182350	4070100	4146670	4493140	3656680	4267950	3823290	3658620	4396270	4049120	3760470	4543460	4453820	4197590	4235110
P08401	497816	495564	440506	522268	524095	517175	508345	523177	531094	541651	440046	393407	398772	428802	424900	399779	481017	465139	453709	465677	492276	536040	425487	400056
P0AFV4	790009	619413	774612	557685	696335	719425	581987	680172	726482	905119	572049	599073	564831	621770	393969	532877	476905	570922	460155	497295	456630	436566	389536	324593
P23305	1947600	2019720	1859620	2000220	2054610	1939010	1897210	1863510	1855850	1849450	1886520	2022240	2088030	2016400	1954970	1790570	1920190	1982790	1901370	1972010	1958770	1848860	1973610	1832650
P0A7Z0	68869100	66953100	78801100	67327400	61781400	76049600	69507500	71455400	62410400	72007400	50785000	51708700	56957900	54394400	55397400	56767200	54768900	51216600	56642300	51555600	67089200	68155500	50553700	52857900
P25906	5662630	5443030	5073540	5376750	5287440	5677750	5089190	5122820	4802350	5499180	2639080	2400270	2639960	2584110	2651950	2572080	2815900	2629940	2577200	2455270	5275120	5461030	2450470	2623080
P56258	744511	766552	705375	759925	716410	741462	783336	773866	795494	728066	873403	776791	912637	968474	802117	860955	1010970	899659	886292	884526	696648	743010	810596	892537
P39383	878007	377991	567270	381776	620004	885275	447477	482582	537478	954452	457321	435615	560327	442346	523533	689815	645918	594755	722883	815198	692619	623097	781507	681428
P77791	1850250	1960700	2065870	1995170	1998130	1930400	2107280	1988230	1889920	1896720	1443080	1375370	1426390	1300940	1441660	1585150	1582680	1452960	1484930	1381980	2092860	2026360	1341740	1483240
P0AAB6	31048200	34006800	32596800	31374600	33335700	31471000	32472900	29473500	28357200	30511000	29820300	31791600	31339000	32780500	30710000	28983800	29435600	33423600	28935200	28819300	30860100	28851800	32259100	30691600
P20083	2682580	2574420	2416780	2512490	2581050	2624470	2497440	2426300	2469700	2641240	2973340	2981010	2586590	3007670	2837230	2688080	2970110	2952370	2751660	2870110	2597510	2548090	2967720	2945030
P0ABT5	756810	917505	724572	887154	875966	757916	852418	871722	873662	740808	1003330	927753	895276	880390	955118	991767	927081	1050940	956924	953965	729623	960680	918391	899462
P38134	361172	362697	312257	348242	301984	368199	362652	360495	365207	371359	396461	337649	341814	376500	331520	332642	410005	381871	363307	407726	320052	368857	366701	338049
P37353	756305	870054	825650	915824	837710	790944	950425	843403	880973	866607	974219	1110210	902483	1003530	997030	935277	1123780	1102290	1032250	1109950	953827	803487	1186980	1061370
P76002	36047900	29934000	34569800	42572400	42692000	35357300	36006000	36651800	40215400	37116800	74600900	79902700	100435000	47856700	74660000	82397000	85382900	80750700	83342300	78005900	53525200	52027200	73097000	71642400
P31801	660731	844906	624976	782338	799034	639636	612261	818388	826664	686693	559474	536809	430828	430231	434404	536997	496020	398712	330203	418725	534031	508651	425317	494829
P64636	1631420	2530560	2192230	2304160	2368310	1748930	2532250	2262450	2256240	1460830	4366800	4019250	3393520	3995900	3636530	3379800	3543580	3655890	3435630	3323530	1985000	1932180	2989140	3459540
P39389	1998690	2069240	2066100	1922070	1862660	1952580	2062920	1735590	1819360	1874890	1362270	1397560	1383890	1342920	1334220	1275150	1352810	1486750	1364590	1370920	2145190	1898920	1457290	1358450
P0A8P1	218883	216733	222772	185075	229525	156911	292023	179302	168968	153470	329941	339029	408027	304451	249044	244095	272613	405702	286458	252630	253458	214202	319337	245784
P0AEM9	78249600	82700100	103760000	83308500	85411900	85047200	86237100	87791000	91698500	79336800	75538000	75348300	66231300	58524200	67353100	66873600	63601000	67405800	68863600	67710700	76255400	73004500	72467100	62002700
P0AE58	1228310	1207380	1401720	1110420	963679	1646640	937437	698404	732146	1187480	782535	921368	1143380	805571	813706	943262	957971	865834	1100340	998363	1406960	1221690	1046450	941229
P02943	7588610	12509800	8845430	11706900	10036900	7691740	11046600	10157300	9967250	6749180	6500180	5556690	5202910	6456600	7819750	9817400	8463730	8534870	9039900	8234210	8857430	9011270	8627570	8515520
P75938	NA	230463	137227	283765	238796	NA	277294	264148	226478	NA	NA	NA	NA	NA	NA	NA	NA	NA	NA	NA	188684	NA	NA	NA
P0A7N4	27822300	32620300	38396000	26096700	31331800	29779800	30631800	29729400	31664400	28838900	38737200	42482900	42059700	39227500	43858900	38916400	44699600	45586900	40221100	37976400	28924900	27322700	36170700	41420200
P0AD05	7619050	7502730	8858480	7353050	6617490	8747970	6544360	5395590	5647400	7306390	4617380	4892730	4681000	4623600	4750460	4293600	4653360	4370820	4211320	4303090	6935840	6454840	5286700	4590610
P13036	506201	564052	462135	651101	632015	498436	547329	795403	695025	468093	1154240	1126450	1321110	1124210	1109500	1111140	1257520	1073750	1213290	1103080	520293	523193	949405	1170570
P23890	45824600	28438400	36006100	58957100	56686700	47074200	42727300	51793700	49941800	49896400	160197000	158465000	164435000	118254000	137558000	159404000	145859000	139780000	145618000	142389000	59746900	57057600	143519000	134122000
P09148	3087150	2890480	2918760	2825000	2776730	3054030	2754910	2652730	2755400	3036620	1427290	1427820	1373390	1545420	1441140	1478710	1478450	1477960	1468480	1469790	2781480	2750200	1583610	1556940
P43341	463431	590714	527101	561095	605008	507285	574086	506884	510509	499627	548199	542551	492267	522255	551899	542859	510204	479759	455771	550915	635068	498476	545889	447927
P77559	541501	577269	559505	577149	580930	591298	562536	503006	531697	559502	496731	430218	425211	492581	431778	426649	531823	519407	445886	461943	561668	585485	499685	464725
P0AEK0	551269	740728	632139	663302	594594	604625	579149	589362	555449	641981	586407	578603	722119	712193	672268	624938	714249	618916	708916	647288	613623	635777	628994	655495
P0AED0	77446700	96970000	103306000	94998600	92601000	99481200	91116300	80655000	68408500	89832600	55135700	57159600	65216100	48703200	56602700	52192400	56692200	60889800	53582200	57132500	95643500	91503200	60745800	51468900
P0ADX9	1520200	1531680	1489040	1420800	1432700	1457490	1499140	1375520	1339760	1389060	1515210	1475540	1525520	1544660	1572680	1530790	1345260	1636050	1501110	1482120	1520980	1439090	1701410	1532830
P76513	190218	224231	227475	282569	229785	206684	295288	221733	266146	209704	180331	164351	200230	202452	146446	181390	218096	147909	205192	225158	178583	245817	187037	182993
P76398	175179	187751	164095	188251	191581	158408	171689	173241	210756	182147	224331	211693	146274	193823	210583	181864	212684	211804	196566	213615	191197	170183	212108	191065
P37351	4052880	4298790	4074940	4309550	3772170	4254100	3990140	3973410	3947390	4051000	1814430	1666080	1786040	1899320	1749170	2043010	2061410	1942990	1932530	1960870	4076250	4322420	2074860	1956850
P06961	1704830	1662420	1517630	1699680	1696990	1618580	1651950	1778900	1722320	1708940	1568150	1550190	1507610	1632660	1552360	1554610	1684800	1602670	1554140	1565670	1704860	1692710	1498170	1496580
P0A9R7	10272300	10288200	9836050	10335400	9865760	10470700	9800430	9090970	8675980	9875330	9465840	8568870	10736200	9896060	9011900	9375310	10034800	9716480	9502430	9212120	10507900	10121400	9180610	9073770
P69874	3510520	3567050	3618480	3399190	3421720	3539330	3293990	2872670	3072310	3338770	4725590	4629740	4715340	4633900	4677880	4333080	4776190	4702300	4515210	4592430	3494970	3185380	4816150	4497780
P0A761	3622440	3496240	3761990	3531490	3607200	3230670	3564040	3957090	3747930	3631740	1854400	1672840	1934270	1774880	1813770	1836030	2126790	2174440	1774420	1855320	3406890	3495760	1748740	1672910
P75746	1175320	1141510	1091600	1229130	1140220	1226010	1099510	1248010	1211340	1283680	1051750	981034	1091600	1050280	989039	1042280	1153140	960659	1059910	989443	1174900	1138050	943785	1038090
P77252	14784900	7628560	13483200	7678950	6926510	15745600	6370910	5849270	6216200	16505300	303281	323984	380969	356795	342208	476064	435908	485822	620120	543421	9724090	8260250	848505	697135
P0AEB7	17219700	20000300	19644500	17846000	18297200	17885600	18248200	17082100	15515400	16395200	16622600	15900800	19331600	16733700	15275000	15647300	16180800	17898200	15886400	14785900	19662800	19791900	15174500	14642400
P22729	478788	662285	590082	629625	700111	402836	593413	561940	551696	405345	507051	505776	336197	419972	450684	385253	413691	439778	278472	432189	484463	324677	457439	344976
P0AB74	673066	441070	481288	408110	329962	590993	395254	411011	361581	726107	309860	149815	NA	316250	NA	NA	390721	143577	NA	NA	471762	457814	NA	227063
P39199	8838510	10521100	9190320	9729880	9488810	9653770	9239120	9202410	8731280	9247520	9679730	9903010	9812220	9934900	9719430	9558080	9597500	10345500	9120100	9135030	9927340	8914060	9137140	9028570
P24173	1496840	1839140	1576860	1799580	1793090	1616460	1721240	1566780	1708440	1537850	1944110	1884360	2022920	2012460	1939190	1852810	1949260	1997360	1875560	1856700	1620820	1646250	1828390	1828270
P0A9R4	7684460	7699420	10440200	8019850	6970850	9506360	7913730	6218620	7603950	7866880	9706170	8692100	8784530	9395760	9204150	9115050	8918730	9522270	9029980	8823110	7526820	7898140	9895300	10219600
P07821	8455720	11131000	8529720	11873200	10769900	8709830	11567700	11027400	10856600	8007860	15629300	13970500	17264000	14614300	13572500	14550600	14732700	14752800	13857100	14169400	10942700	10954700	12611800	13430400
P0A884	4535420	4634950	4377670	4700420	4311680	4707220	4589170	3976010	4293650	4456180	4581120	4383350	5024280	4886340	4142040	4300810	4718200	4655460	4445380	4573500	4533970	4602690	4629600	4712940
P07862	4703570	4888320	4529920	4834670	4790890	4892180	4755490	4406190	4668730	4732210	5074000	5227930	5316210	5194130	5182680	5024160	5382740	5389870	5018300	4976520	4954330	4823460	5192880	5007570
P0A7I7	11318500	10705200	12018100	10959300	9858070	11986500	10586400	9904050	9035080	12206700	10853700	9874430	11710700	11354900	10906000	10781600	11387800	11219000	11289300	10575300	10170300	10982900	10443200	11309000
P69503	9752810	12163100	13011800	13362500	11101000	12168100	11394900	12138600	10732900	12421500	16901600	16673200	18661500	13983500	17611700	15333600	17149500	15559800	16584400	16592500	12112500	13403500	16377500	16215500
P77129	130262	133771	133094	128316	125682	125420	124770	116239	116999	112355	114192	112390	101680	93400.8	93200	121027	111733	136482	116847	131171	127706	122190	108058	107725
P64534	3455650	3532600	3950540	3443880	3455290	3413200	3733180	4020580	4155240	3521620	2779720	3119480	3190710	2739270	2981310	3000210	3188240	2918720	2902860	2732430	3358900	3406650	2588370	2945680
P25889	4807770	1502350	3671510	1284170	1409680	5362620	1192400	1071260	1165460	5333310	234189	118978	183805	205851	310945	591946	459611	414229	569110	548147	2261480	2148930	600270	429661
P0C077	2277780	1617790	2139830	1835610	1738750	2234610	1712630	1722920	1631080	2374860	1394670	1351410	1542140	1403460	1637950	1616500	1552470	1534510	1428530	1468390	2181930	1971670	1300570	1372640
P0A901	1851090	2250030	1835090	2250900	2257250	1883230	2163340	2379260	2451270	1846940	1499300	1447360	1553130	1572320	1502150	1548930	1529980	1488590	1289030	1269780	2158220	2147550	1282460	1362450
P33920	3529930	4009270	3756890	3974880	3816790	3763450	3741560	3591500	3725050	3504030	3784130	3774710	3809070	3523600	3742950	3547330	3639820	3498200	3561800	3464510	3799390	3824690	3653350	3586930
P60664	5068090	5644960	5218930	5425510	5652770	5455350	5485100	5472360	5050880	5182360	11827900	12265700	12284200	13137400	11326700	10409900	10989800	11918400	10474900	10608900	5474550	5799650	10897500	11484000
P0AAT4	1104630	1113240	1060990	1145630	1085820	1109160	1045250	1064960	1100530	1037440	1361250	1309280	1218640	1365610	1276080	1209960	1384820	1347150	1199570	1325950	1127700	1022500	1321260	1266080
P42624	1009060	762063	892548	885286	875704	951183	811017	820303	751384	1031080	630944	533441	561386	573969	543915	513510	617101	567010	561865	567530	979460	998774	592375	543539
P0AG30	33574500	34987200	32850000	34697800	34328400	34139300	33502500	33046700	33506900	32632800	36508200	34800100	36153400	37333400	35975300	34051000	37982500	36478000	36222700	36393300	34802100	36418700	37234900	37184800
P76250	727912	835502	692155	831817	816200	726512	782333	729824	758124	685458	378727	395688	384080	406065	387667	413371	444055	430500	377593	401419	813678	757513	388259	405488
Q47146	5354360	7885220	5541090	7917450	6531660	5248460	7530850	8036030	7621340	4984510	1541350	1444220	936430	1552240	1557470	1285870	1530470	1642880	1021070	851902	6377700	6642620	864759	1544750
P0A7E3	813094	921576	941652	867291	865144	951530	871194	779593	771598	832347	1223150	1193090	1216570	1213100	1144380	1184900	1179300	1280980	1189360	1237560	893580	843573	1248810	1206930
P13656	228112	222214	192007	206436	195983	231277	233470	195018	199276	264725	264322	242248	248831	279334	234553	242773	240498	266200	250727	289765	226877	208981	291389	300720
P76142	2853630	3814280	3232430	3951680	3839880	3186130	3856660	4023950	4136600	2949900	1298730	1300320	799501	1121700	1540000	1146490	1384240	1345190	826743	749371	3457810	3582860	840257	1167980
P0ADU2	22844200	20801600	24804800	21235200	21181000	24430800	21423400	19383000	19487400	24023000	18106400	18336100	21649300	18909400	18734000	18836900	19473500	19880100	19503000	19768700	23535500	21520200	18676800	18750200
P0ABJ9	51131400	49676100	45172400	50024000	45525200	44224700	41735900	48560400	48953700	48972200	24773700	28392900	22376300	28002900	25080100	20874300	24332100	22588200	20510100	24650700	43023500	42759400	28659400	26858100
P0A9W6	7468580	7996620	10011900	8443070	8149530	7411970	8452480	8327590	8345170	7670970	9724350	10088400	10826200	9323610	9827210	10394300	9586430	10260600	9706910	9173710	8394230	7495030	9719610	9447590
P69924	9209160	9607380	9156940	9155250	8817220	9299900	8628110	8746390	8756100	8740620	7399280	7001560	7278230	7957200	7422210	7433640	7676510	7650770	7338320	7432750	9153040	8837870	7440510	7005180
P37692	7075020	7922620	6929210	7586480	7149240	7095870	7645300	7428700	7284980	7075760	7679540	7558090	7505280	7696990	7666280	7230580	7596650	7978080	7324140	7358100	7095480	7141520	7573100	7377870
P75975	158063	191309	179505	167806	175617	156313	180122	178672	195077	152421	67964.3	NA	91179	93881.5	85834.2	75205.4	96847.3	74535.7	106248	85633.8	212362	179450	83174.6	88862.3
P03024	1090920	1098770	1075330	1020010	1035170	1094280	1041500	961877	953534	1055240	968124	961223	1072760	1117540	1065070	982826	1041980	1016400	988000	1011120	1066440	1015040	1046380	1003820
P52643	31461400	26965200	29365100	26586400	26190600	32766900	25947300	24603100	24756000	30314800	10768200	9877230	11662800	11276700	11288500	11520000	12627400	11864800	12161500	13088000	31790100	31132900	12610500	12237300
P06720	4800240	4807720	4426060	4752530	4309220	4483180	4383770	4708860	4408820	4496410	893989	953293	652292	843765	784284	791622	1025130	891305	729748	806716	4747590	4957630	813241	940570
P08202	963472	974350	886155	884787	892747	919826	933193	924352	929651	921203	281711	281466	212777	254871	264996	286961	311867	298869	274138	278471	955953	842697	281019	278337
P09126	2746270	3039670	2847020	2774270	2786740	2889670	3001780	2741180	2787940	2872920	1666940	1556750	1862850	1950910	1723730	1812800	1862520	1760560	1713050	1737590	2814350	2739050	1628760	1594170
P75839	856364	1097210	861878	838775	1009160	720270	1019290	1082730	1017850	775200	616241	592124	498284	776057	598843	689417	598168	604982	548494	587933	861894	708438	604685	592177
P76194	807275	1054370	828967	1003100	1005960	857652	1045030	1125730	1003000	752283	804494	801902	926337	906777	862421	896122	890718	905115	869422	776844	885852	931665	663029	811411
P0AEH3	10425900	11808200	11425700	12184400	12476900	11981000	11339600	11983200	11355100	12662300	16744000	15610500	17796700	16547300	15555400	16547400	13612600	15060500	15297800	14559400	11624100	11178200	14581700	15345700
P0ACB4	4194040	4169550	4060430	4007870	4205720	4306990	4175400	3963090	3861940	4354600	3961490	3881340	4515930	4209920	3879100	4085880	4383140	4123330	3975550	3998860	4517180	4262150	4044050	3846740
P24242	2515650	2358390	2453830	2594010	2650110	2742380	2371820	2358200	2419930	2515020	1570170	1583770	1733780	1639880	1675260	1672820	1863430	1790510	1660160	1662710	2599650	2462720	1771550	1650020
P77375	264237	127111	204987	129005	114641	288578	124921	95842.7	121000	270997	NA	NA	NA	48478.5	55564.3	100011	80961.5	62734.5	88919.6	69990.9	187869	174222	77719.1	79885
P76539	1257120	1543620	1725340	1314410	1407600	1270150	1438520	1178810	1056860	1324310	1127070	1398260	1402760	1170490	1170080	1257640	1207610	1382750	1175470	1207740	1636110	1233350	1093470	1155780
P23485	118028	300636	153226	327554	381562	93077.3	367481	408985	315613	106522	802545	878345	956781	769796	756155	694336	774802	807019	704677	649333	277292	252988	455708	751766
P0A7B3	613756	677073	627345	658862	616901	687664	625188	611631	617307	602814	585533	562047	577200	560702	592487	598069	576298	605403	548968	618182	696899	636345	596964	521298
P76550	4006240	4127530	4963110	4293090	4194070	4144010	4125510	4081060	4342530	4119440	3000020	3076010	3371910	2935690	3258630	3596800	3389100	3355230	3348990	3087250	4377680	4036630	2976140	3135160
P16432	17240.1	NA	15216	NA	NA	48552.7	NA	NA	NA	NA	70466.6	26350.8	64450.9	59234.9	69678.7	103249	104521	82933.8	144997	151104	NA	NA	183981	116895
P62615	2740570	2575400	2763600	2671140	2551430	2932090	2477830	2385360	2374790	2839190	2292480	2432100	2438190	2329160	2229740	2243160	2423780	2460940	2222690	2284970	2649140	2663190	2256070	2137180
P0AAJ8	1433990	734452	1354540	702402	852645	1531060	722560	783878	865877	1649950	445000	499403	485867	534143	551375	700499	657814	633675	827896	869165	1062240	883108	850966	698126
P0ACI0	4966920	5965990	5255990	5618510	5138590	5036610	5603750	5678610	5353640	4665700	5036470	4736780	5291500	5809890	5448800	5315510	5916120	5335190	5108140	5199750	6044870	5697340	4826410	4923860
P0AC13	6946260	6514850	6788480	6846140	6632200	7121140	6304170	6126360	6004340	6699070	7121950	6668720	7372300	7465040	6995000	6672010	7271110	6750850	7103840	6973430	6675280	6760670	7050140	7040180
P36553	1270760	1271360	1211380	1279200	1228780	1277970	1261980	1057080	1079110	1227760	1234830	1249000	1260380	1286660	1174450	1130770	1271530	1205100	1189310	1131040	1217870	1140940	1187670	1125280
P45771	2924410	2361890	3175090	2437150	2221630	3171700	2358830	2238380	2540150	2940470	1441370	1494800	1319190	1624880	1359810	1705280	1447220	1367270	1461070	1456040	2442970	2049710	1352450	1324000
P08245	3764280	3426690	5061120	3542320	3524930	4314790	3511380	3585510	3853200	3726030	3872220	3968820	4183270	3526770	4244850	4209950	4140760	3714670	4044590	3775000	3691780	3904040	3955670	3975900
P75959	3426260	3550530	3225470	3552870	3208550	3541010	3254510	3036080	2862150	3239470	2344140	2348710	2578060	2581580	2496630	2423080	2418500	2666340	2386720	2287780	3368160	3183620	2701940	2644370
P0AAT9	23941800	22715100	28243300	22512900	20634300	25010800	20953200	24975400	23527700	23739700	11096900	11710700	10634700	9941670	10479400	11137100	10809400	10159700	10570400	10143000	18655600	19704300	10475800	10333500
P17169	13061800	15011600	12878200	14970300	14722900	12924000	14386800	14515300	14093000	13133300	17885500	16752000	16536200	17967800	17743400	16148900	18622300	17638200	18048200	18447600	14295800	14459500	18095800	17509900
P0AEF4	1077020	1050670	1160550	1023440	931978	1124760	963102	849766	939405	1085930	1149820	1079920	1263330	1102570	1256340	1142950	1211570	1194840	1289080	1163150	1092500	987351	1238850	1061420
P0A772	204921	492587	290175	563143	377530	293850	540428	643563	527286	290554	567591	566876	642940	605274	552377	497881	825675	698547	688570	429567	491727	471300	394523	701705
P0A7M9	71433700	72592800	90935700	73922300	63103600	86194700	64315200	69671200	72007500	74548600	37645500	36985800	22660800	74715000	52861100	40985900	37032300	36502200	41965300	37616100	64456900	67495000	36150800	45779300
P0A8C8	57575.5	98810	60700.7	75518.9	83846.5	63991.2	110673	85387	68067.5	53918.1	98123.3	99118.1	75113.7	100215	129245	102564	106364	119812	107593	108423	90751.4	66375.5	83725.3	70907
P07014	68277100	69528100	72387400	68322200	55688300	73640000	60595100	48182000	49458600	63855300	12782300	12774700	14044300	14468600	12533000	12688500	11494700	12437700	9951580	9021100	66539600	66223400	10212800	11456800
P0AAM3	360509	330558	356469	324821	283710	380761	319535	321899	291501	359451	299198	443524	472181	456538	459891	572706	505206	383660	574732	538150	326853	374792	481505	470158
P0AEU3	55218.3	97251.5	79777.9	72076.5	87881.8	76740.1	62687.2	65874.5	92501.9	75831.6	71861.2	55184.6	60556.7	73783.6	55285.4	70928.9	51470.1	53193.8	44327.4	66334.4	78166.4	59965.3	61575.4	71388.9
P37388	143000	186985	147397	159703	175418	131987	167424	173740	201433	139665	NA	NA	NA	NA	35718.9	NA	NA	35426.6	NA	NA	124802	137248	NA	NA
P0ACV0	1573730	1809410	1720680	1744440	1607110	1650240	1508880	1342680	1457560	1550820	1858760	1787120	1938440	1874240	1911210	1844740	2006670	1939620	1858060	1832420	1664850	1537690	1567430	1688580
P64423	1272270	1295600	1194560	1248120	1246790	1273620	1256100	1174560	1232990	1177730	1244620	1244320	1275650	1188370	1230420	1233660	1311850	1397980	1256100	1204160	1221770	1282100	1158500	1132100
P77223	164339	266373	255983	259690	217202	228093	287258	189353	201137	196805	423358	391747	386939	373546	374170	381865	388406	408936	385788	383673	255597	256684	399362	369889
P39288	241184	350861	304008	289363	316702	283400	296467	248603	296023	395715	344565	445694	365469	352861	317178	378298	389256	291298	323856	387935	347504	273410	329963	331178
P24255	4887840	4954100	4729490	5054950	4901590	4851900	4814270	4726990	4406850	4763050	4746860	4498030	4575680	4550740	4710820	4357070	4976600	4694640	4827890	4726650	4639610	5022740	4513430	4870910
P76121	1017750	1022210	879247	982582	998240	914109	1018710	1172360	1062120	933448	434441	468319	421210	405061	456016	370314	426422	503783	397391	374847	1001790	951008	370836	408073
P09158	19609800	20084700	20361600	20190400	19563100	20828600	17532400	18825500	18456600	19176800	20552600	19574100	19724900	19543900	19792300	18599000	19608700	20337800	18659600	18622200	20202700	18320500	19792100	18124500
P77213	2477450	2914070	2488950	2768200	3009890	2567400	2921760	3120670	2957560	2467770	1719370	1688450	1537900	1730660	1616650	1607670	1823490	1813620	1658550	1548110	2606830	2556980	1592160	1710090
P0AGK8	2922250	3270840	3342250	3117570	3354180	3184650	4144330	4892830	4200530	3168510	4140500	3441410	1748220	3276920	4134890	3421450	4180360	4793820	3729710	3335590	2065260	2352590	2685430	3885730
P0A8E1	17901800	15438100	16184300	14994600	16262300	17174100	15265200	15760200	14679700	17484800	14908900	15286900	16647500	15067500	15400100	15622700	15181700	15803500	15845100	16143300	16300200	14556100	15593900	15021300
P0C0U4	706228	656986	632311	710372	651424	725540	665204	667974	635879	698159	601427	560789	701489	660809	597534	646750	679330	600058	668051	607891	688631	718750	643438	649242
P0A9N4	4319150	3954380	4050780	4092130	4019520	4478560	3589800	3707770	3625990	4247740	4315810	4169180	4670800	4784710	4379640	4479870	4430310	4467270	4414620	4782440	4380510	3810350	4902780	4206360
P0ACL9	4302600	5416040	6074550	4956480	5094380	4516310	4841790	4265620	3901110	4239010	1604750	1607910	1676590	1459700	1779370	1544980	1668630	1972680	1663150	1660350	4562010	4360050	1781310	1537680
P37624	2149230	2285600	2099940	2257450	2350920	2041770	2185900	1709440	1976720	2109720	1404900	1394250	1510410	1360520	1344630	1285610	1342310	1425760	1331890	1389830	2333690	2345550	1409530	1346920
P0A6S7	5363810	6048810	5858220	5963740	6255280	5896640	6077930	6363790	5898550	5579410	4377720	4763020	4674540	4100190	4611910	4551340	4803540	4669190	4602360	4402440	5807620	6182650	4675090	4791890
P15047	5527140	9799270	6100350	10091100	8961890	5579990	9572410	10718800	8926550	5522060	8946390	9576040	13981100	9313360	8880780	10697000	12001600	10957200	12710700	8824520	8509550	8711420	7222570	9735180
P75874	6082720	8181010	7966060	7837350	8166250	6269930	7955610	7394650	6829650	6177700	8148880	9087540	8568990	7943660	8734680	8678230	8247830	8864380	8129990	7688500	7844560	7538470	7662590	7903720
P0AAV6	7226750	9838090	8863150	11193700	10596800	7386940	9705800	15177500	13075800	7937540	2578320	2360380	2600880	2830480	2448280	2776170	3385850	2199460	2082130	1528690	9348860	12128300	1742750	2646730
P0A890	4229040	3920200	5416660	3997440	3906820	4316270	3756020	3655490	3923690	4166030	3134150	3309790	3534910	3181620	3561540	3206920	3520110	3274560	3525660	2971920	3575170	3774170	3535070	3262800
P0A8H8	1599020	1658070	2020510	1619590	1385600	1608470	1596860	1187330	1570150	1511350	1601850	1724860	1684610	1575370	1568300	1657350	1499490	1535220	1582950	1434910	1322630	1303210	1526370	1500480
P0A9K7	3574140	3664680	3471670	3557920	3299010	3867570	3419850	3498860	3211040	3573310	2435910	2256550	2572490	2490750	2333790	2405880	2452650	2588200	2285680	2272710	3308290	3226420	2206880	2068000
P0ACE3	2082700	2015860	2703290	2273940	2071820	2038660	2081070	2224950	2194900	2012350	3998090	3921950	4486450	4228220	4228140	4221330	4248490	4290730	4420530	3911090	2031380	1950520	4031750	4174240
P33919	396724	393886	340028	393852	404051	357634	375685	372273	366539	379137	392611	393921	356181	428213	398811	364048	431197	391691	392672	410907	402437	389337	389750	376657
P0AFY8	11147900	9362290	12590800	10095300	9631240	11502300	9050300	9718930	8905960	11500600	9070160	9557040	10260500	8965910	9874240	10211000	9710430	10130700	10632400	9405370	10679000	9824350	9551810	9659130
P15723	1873520	1935000	1640720	1894910	1855120	1840980	1767120	1890960	1857380	1892880	1626750	1622700	1723050	1753570	1678120	1716820	1893070	1682290	1734860	1693490	1861910	1820400	1635200	1593400
P52102	806726	837441	1273920	764228	765202	1212510	794226	687934	767397	1067240	1232300	1370800	1424640	1394600	1321640	1429000	1406560	1351380	1464120	1425160	948716	899096	1331930	1561000
P38521	25905500	25291300	25888900	27605600	24194100	28480700	23407300	23643100	22836900	28282900	19907400	18251100	21221800	18334000	21597900	21609100	20835700	19314100	20804900	19931600	24623300	24747700	19198500	20135500
P0AEI4	14386300	13962500	14610700	13451400	12567100	14203400	13166000	10902200	11935100	14197400	16764300	17004100	15508600	17101800	17014800	15323300	16154400	17150600	16390200	16429200	14637500	13436000	18216500	16752000
P0A9E0	1401040	1383840	1356680	1413630	1378750	1430590	1307280	1216020	1195370	1455860	634452	588235	644396	572657	585788	748283	661388	687869	664325	613020	1556820	1366530	658519	552727
P37745	2421100	2834690	2489840	2776990	2551790	2749680	2361110	2208190	1997100	2569850	2851690	2723480	3017170	2803320	3013910	2610920	2946600	2822380	2662280	2757830	2566990	2739630	2812000	2910450
P64554	1514850	1962930	1673590	1951770	1875920	1728690	1745350	1764120	1671620	1591270	2296230	2296640	2364490	2285400	2308140	2241530	2259170	2468060	2145410	2249930	1897180	1883940	2170460	2251480
P0A996	315689	253628	273229	263563	232151	341344	273043	237704	291941	321875	155951	NA	281423	112229	138297	133325	140204	194841	NA	232934	341878	343071	342665	377018
P0AFD6	11749800	14141900	12389200	12812400	11699800	12171600	12719200	11027200	11005900	11998100	7949700	8099330	8571010	8965770	8146430	7986590	7901070	8233120	7571090	7546160	12386600	12597000	8127040	8002730
P21362	5188510	8340030	5366230	8545760	11238500	5324410	9035210	15597800	15192600	5357940	5049440	4801590	3002030	4062640	3712100	4142760	4821570	4542020	2768370	2579320	7017200	7379270	2479040	4094170
P31119	2789290	2913600	2638450	2871340	2898750	2758690	2877170	2570780	2585500	2755140	2876930	2827890	2732090	2986830	2808500	2592990	2983240	2851840	2791110	2866890	3184830	2823130	2798290	2735730
P0AAL6	420487	465886	392067	415261	345913	485062	390765	208020	270599	484180	191975	244658	258078	117590	36858.2	236900	226582	145116	191905	113791	439930	572011	151780	160725
P69910	77829600	99787900	72528400	106457000	145644000	69815300	106523000	135830000	126810000	77874800	71713200	74757700	74410100	61462900	80777000	74617800	91283500	100942000	80024600	87810300	115107000	101331000	77849100	83941900
P31678	7721260	9105720	7337310	9112270	9345510	7386380	8894480	10044000	8915030	7366440	6613950	6244570	6595000	6804390	6484060	6388780	6735780	7171730	6232430	6152070	7857030	8243440	5970200	6396890
P64610	575935	611402	503222	654193	640446	560038	697962	709943	595211	559437	1022270	987880	993774	943442	894145	939515	898020	935858	885198	952372	499130	549178	737061	792231
P39337	1850530	1682960	1910390	1652700	1595320	1845250	1574810	1614130	1482640	1819000	1650800	1594360	1810230	1670380	1651930	1655460	1564960	1712620	1645060	1506190	1665720	1703650	1575090	1552840
P0AAV4	5302140	5621180	5035670	4998400	5716630	5104810	5421730	5203010	4665680	4808750	4044540	4538800	4424520	3826120	3959210	4040160	4104490	4539560	3535810	3810770	5328700	4888070	3914620	3297610
P0A8Y3	13112200	14183500	15793000	11219600	11703200	13407200	12913300	10708100	10766900	13135600	6704130	7279430	7637490	6806850	7185140	7647630	7145160	8205160	7315520	7015150	14081900	12172400	7299300	7043060
P39304	969812	881035	815727	908194	886857	1012070	949129	1050280	940205	1070480	668958	776424	581856	611131	628319	708785	729943	553869	693651	677190	1031630	1034900	775853	773079
P23830	4916930	4725000	4543910	4841350	4810470	4856100	4536220	4885000	4567700	4868950	3706170	3575180	3662370	3690110	3675500	3642850	3935290	3815130	3651610	3733170	5004510	4653550	3528550	3509710
P45804	299142	363632	322525	320035	331027	287159	345090	321926	341860	285757	139097	138351	148891	184367	131490	161176	157578	149033	179923	146006	288197	310447	163823	177803
P0AEL6	3196050	4400140	3156010	4795990	4351090	3187120	4549910	5662560	4478910	3299350	4125170	4211690	5570680	4082150	3936540	4325560	4558360	4049270	4541410	3857810	3924610	4382550	3307340	4112630
P17411	114482	132727	111776	119696	112722	111151	135057	134047	117395	88496.9	135752	124149	110730	128554	130817	143101	136431	113150	122165	114000	117747	138122	111603	96501
P0ADV5	3302950	3945090	3213880	4011820	3769590	3270460	3869380	4033730	3978150	3192020	4468610	4140960	4354970	4188210	3713230	4009840	4049850	4486030	3643630	3364260	3506210	3493600	3340270	3775760
P0A9F1	1658630	1672340	2159440	1669600	1422180	1918720	1398020	1398870	1249650	1795250	1452440	1458800	1606740	1430910	1631170	1478570	1567790	1484050	1399680	1380940	1467810	1541480	1427530	1547960
P0ACC1	579788	550998	580185	557871	518887	637785	501648	542689	500988	596187	592747	622032	612527	644994	632007	581653	589644	625201	627265	623299	531566	511161	611686	580369
P25741	1008510	850788	1006160	900884	889802	998924	906738	868354	930696	1019470	844468	745319	927667	906442	853951	902915	853292	884123	830458	851512	935854	952527	777602	800676
P0AAG3	2445790	2796760	2383220	2931740	2408090	2518200	2668160	2771740	2582400	2602680	1849540	1561610	2020060	2081940	1712060	1777610	1850890	1628000	1683230	1674420	2332770	2679970	1618040	1901570
P68567	688518	782846	677884	748521	830337	691140	793900	775678	739860	652792	829831	861619	829191	790028	792325	793007	809354	872623	776058	796504	700423	766835	836199	790138
P26602	1811130	1856590	1665020	1738090	1755270	1720590	1867160	1783340	1697350	1729990	1660600	1530410	1605480	1624240	1552020	1617070	1606520	1481470	1558790	1586080	1721620	1724680	1503970	1627430
P0ADR6	3882920	3893490	3751860	3929090	3908840	4118390	3615270	3595350	3519490	4054450	4458710	4108260	4603470	4635820	4417610	4311190	4594790	4552350	4287210	4532890	4151870	3812000	4331570	3925560
P0AC30	3030390	3341810	3113040	2956960	3376250	2967200	3115120	3036020	3229970	2685870	2875400	2762890	2754760	2716010	2605730	2638300	2720340	2840110	2551890	2772970	3091770	2913410	2775950	2730840
P0AFJ7	9156370	9254930	7396240	8826450	10259200	8809070	8843020	9207990	9646770	9703600	9895870	9142700	7301470	9917440	9198130	8554010	9727200	9659960	9316980	10653300	8940140	8853780	10871700	10501700
P64624	3167390	3001430	2905060	3174340	2994330	3348030	2799230	3026550	3080130	3073700	3027220	2707150	3681270	3017960	2860370	2934920	3416910	3132410	3038580	3290390	3227710	3223150	3001550	2743830
P75915	7876660	8249430	8897690	7912240	7124970	8323200	7888130	6791500	6380370	8061590	8669800	8550910	9109240	7856900	8963640	8647380	7462430	8717030	8186000	7999430	7953910	7091240	8043900	7998190
P26646	11855600	13281000	11887300	12141300	13110900	12475100	12373100	12564400	12423800	12074700	9698760	9983240	10551100	9817430	10234500	10525000	11040500	10712400	11190900	11312800	12001100	11841600	11064800	10471000
P0AEN4	932562	1049830	870073	1102940	1027870	954987	1002410	863680	973368	903949	1332910	1276080	1319520	1268730	1207480	1253450	1308210	1295260	1225770	1223030	982937	1066090	1248070	1236040
P0ADS2	7487330	7550180	7807760	7241110	6756930	7397150	6823810	6552900	6724980	7152680	6856190	6743470	7324870	6663000	7925380	6981490	7076410	7321490	7114530	6835700	7322920	7192150	7498840	6775100
P77473	404186	429027	457420	443242	496881	429071	525412	500733	500967	388145	416906	351048	332771	474890	382945	418273	374599	451794	445352	385978	487939	512331	443904	504874
P31443	140642	100827	89344.6	79805.1	96481.6	129106	96697.5	85230	96091.2	140667	NA	NA	29584.1	47380.4	NA	56274.8	45133.4	21411.7	58290.5	73849.2	93659.9	105223	41431.9	52969
P0AFU4	185696000	180729000	183466000	185488000	185087000	188597000	183691000	167571000	176369000	182830000	171599000	169856000	171791000	161819000	170558000	162488000	170278000	174140000	167010000	165668000	189032000	184525000	168078000	153518000
Q46938	480751	609542	509687	499813	521657	504544	533204	469175	481677	443913	189499	231546	229332	192711	204970	171452	229185	185404	175109	164047	619326	571792	218284	196825
P0ADZ4	169921000	159449000	207430000	173709000	152925000	179745000	157681000	173847000	150738000	178521000	210527000	211768000	257577000	212220000	241633000	240956000	242292000	228284000	246526000	218276000	160104000	167563000	219168000	241128000
P31545	557998	679854	547349	755803	645113	538887	693368	682215	651047	566637	881522	793392	1135340	917608	796189	919023	922978	883697	1072500	946239	626842	681081	871634	849316
P0AD49	46100300	47650700	70019600	47943200	39252500	50936200	42485900	34735300	35011100	42054000	27854900	28373300	38026200	32133000	35922500	37488400	35178000	33349900	38402100	31435800	50111500	50734700	36671300	36110300
P0AFJ1	11403400	10413400	13790600	11471300	11233100	12186700	10114200	11141700	10406000	12519100	9257490	9565700	10829900	9827000	9918390	10541500	10010400	9097440	10723700	9808890	10170900	10958200	9387530	9502180
P77202	1991240	2057410	2193060	2135660	2094660	1979080	2138760	2102040	2047130	1982470	2177280	2179450	2312370	2193300	2257020	2238150	2211020	2197320	2174790	2062930	1981860	1912030	2067240	2149030
P76938	563334	714575	655990	468531	562199	767167	541916	728256	445184	643209	816438	859048	930648	736382	886057	680483	767586	834371	631843	743310	507651	581731	697539	764219
P75828	43493600	49386300	40913300	42686900	46212700	42075500	46692600	42372500	44217400	40208100	38929300	37588600	33271500	40122900	37806900	36315900	38149400	39378300	36794600	38427600	44607500	44079500	38122200	35535600
P77704	348601	306775	390984	209281	308383	407193	153760	NA	359836	353574	183227	264292	165515	217455	202475	373026	178588	167158	282930	292157	318072	218458	236517	276956
P0ADU5	13635200	17136800	20864100	16225600	17415700	14355900	17146100	18039000	17770600	14049000	11171000	13258300	13765700	10142700	12545700	12959400	14023000	13636400	12402400	10632200	19397700	17594500	10745000	12408200
P77293	1270530	2233510	1845960	2010420	1813150	1450460	1884140	1556540	1622410	1304820	2873270	2800740	2870620	2603290	2676480	2659550	2897960	2767520	2520230	2640340	1914530	1843440	2605120	2551670
P61316	5999080	6432710	7766510	6550730	6372110	6423350	6449520	6209830	6505750	6140080	6459530	6690750	6895860	6228070	6799900	6486250	6622290	6522060	6927430	6284730	6549640	6364070	6510950	6664160
P0AEV9	722591	624428	893561	659912	597805	803257	596453	657727	639562	797483	476021	481899	507309	385680	456196	616482	527475	413512	570494	401805	658658	661146	664110	542536
P0ADQ7	4926620	8963950	9307900	10341800	8462950	9164020	9312560	9528380	9639590	7739560	12186600	10762300	17564300	7616400	9020280	9266860	15044200	6568000	8884160	10103300	8448320	7547410	9097710	10254500
P0ADP9	29532300	24031400	39610600	27239300	24869900	32959500	23191400	21535300	23259000	31638600	22877200	27794700	32627500	23759300	27419800	27433200	27272000	25396600	27850700	27623900	26928200	23726700	26809300	25212400
P76330	1542650	1392340	1214340	1359040	1334840	1400960	1376490	1352150	1510440	1358780	947983	879939	896945	924709	864652	943045	1012460	934347	940048	924098	1315350	1293220	925974	938792
P0ADQ2	2158640	2247980	2133140	2128220	2205770	2217750	2148480	2098170	1985740	2199350	1727660	1710760	1888630	1735450	1720270	1786910	1876510	1955410	1812290	1772140	2317520	2182380	1740130	1726140
P51025	775217	785159	805595	838658	790906	764259	781032	752017	817483	776212	747656	713010	775206	725989	650854	767042	724633	679092	703772	699934	814387	728092	659302	642323
P75713	3362400	3488370	3065500	3046570	3302900	3382060	3269700	2632680	2837920	3540850	2108700	2100590	2122750	2134420	2074600	2138180	2173100	2226330	2190860	2124340	3364920	3339370	2333290	2067600
P07604	3992230	4065570	3598620	3882940	3874090	4030030	3864370	4058260	4057320	3911720	3559840	3543440	3396510	3589170	3537130	3461320	3699180	3654280	3618380	3628950	3877830	3919070	3591120	3518000
P36566	929063	879902	847197	903679	810547	903274	849570	818611	914341	912815	914910	898772	954074	1026400	802270	933589	919273	930899	906917	873608	827065	881353	837827	887111
P0AE63	5204980	5691940	6655680	5523880	5894880	5515890	5435790	6238830	7524100	5212250	4610520	4930780	4871170	4230210	4970980	5349440	5746170	4983980	5196570	4309040	5629690	5356030	4191410	4147840
P11289	4778450	4610390	4492340	5082890	4624920	4203360	4877000	6420470	6010180	5000740	2748600	2504070	2247810	2500310	2604240	2493370	2884860	1999140	2178780	2673290	3853470	4915540	2328980	2466160
P77173	4072610	3877690	4042370	4021430	3778090	4183330	3786810	4093390	4227230	4037210	3458910	3324990	3503960	3392730	3323000	3367180	3348140	3395710	3183890	3169570	3646470	3591340	3492390	3315090
P24240	150312	147494	149085	150869	128497	162547	142406	150355	118198	176715	151629	137854	177807	156567	140719	156606	184415	151235	143289	147043	145743	159902	146328	161671
P0ACA7	10948400	12167500	11888700	11754400	11370600	12315600	10514900	9939950	9566370	11428400	9537380	9552700	10266400	9274610	9193270	10078200	9611000	9481190	8932610	8723390	12307200	10714500	9087600	8556850
P60624	378442000	395655000	492708000	381526000	420620000	389537000	433905000	419214000	402128000	390038000	468593000	532729000	502775000	482702000	511848000	516310000	527540000	507807000	504338000	468115000	401232000	407252000	504485000	603789000
P27848	3392030	3519610	3265860	3694900	3199000	3658680	3258680	3167230	3172910	3403550	3486470	3230360	3552180	3543440	3208470	3122390	3685190	3251710	3222400	3138930	3496220	3491930	3346520	3398450
P77713	1865110	1953680	1728180	1720440	1901650	1658860	1770460	1535320	1716620	1761630	1291220	1261660	989527	1293580	1183640	983701	1226020	1230400	1201240	1196180	2013670	1747230	1307520	1053410
P0A6T3	8571930	10061000	8641630	9670980	9127360	9297300	8733010	9572710	9033490	8928100	3767460	3624920	3931370	4097810	4109300	4295440	4258890	3978730	4314610	4154940	9415890	9826400	4280790	4402920
P0A905	39532400	38214700	38007700	39525800	38535500	34421900	39928100	38038300	38210400	34525700	29979300	28396000	26034900	30004600	29888800	25635300	28550200	28761400	27190300	27940700	35607600	34854300	29570600	31032300
P31552	467302	489235	347734	459188	453361	471039	551422	403696	333672	431655	453755	571273	466031	572831	370623	476814	526138	561041	537739	510950	633553	433863	556741	418179
P09169	100645000	120522000	111374000	110998000	109107000	104306000	111775000	93732400	96746500	96536700	148348000	139563000	171298000	148548000	144760000	155859000	156951000	168094000	148618000	153542000	128144000	115993000	152982000	145271000
P37773	5875600	6292890	5718350	6342680	6037510	6059190	6132380	5649660	5673150	5826280	7015400	6390750	6498460	7010250	6922460	6108040	7172940	6766280	6629970	6969650	6243350	6149640	6865890	7106840
P0A8E7	27970400	28217600	34099900	27312000	29636200	28817000	29261500	25472800	25306800	27398100	28584900	30332000	31409900	25916100	29628800	29885400	30001400	30438100	31116900	29867900	28540500	28807100	29280300	27391100
P0AAG5	257910	324264	277588	275655	254247	274401	303224	283266	295005	332754	244863	212163	206668	242270	241686	230898	243352	251578	213621	246005	271485	264390	256188	229294
P12281	8519290	8423330	7921970	8417840	8562540	8436500	8222630	7730090	7819520	8021270	7726730	8410780	7324820	7486090	7756200	7475680	8158780	7917020	7874590	8137110	8908660	7747570	8960180	7505700
P69441	190780000	164228000	222138000	176729000	177147000	202696000	161708000	168768000	152934000	198806000	130436000	133311000	157228000	129699000	143615000	146051000	137885000	125440000	148033000	136476000	183388000	196769000	136232000	137712000
P34209	7674500	8007630	7555660	8784050	7588550	8338780	7132290	8369880	7305590	7961470	5560120	5138500	6436490	5521560	5631260	5690480	6325910	5941610	5355340	5542000	7885630	7978480	4874630	5189800
P0ADV9	8180300	8349350	7938310	8462140	8489910	8896120	8716670	8973650	9356130	8540980	8713720	8034690	8495840	9226020	8855980	8855670	9383710	8320000	8236490	9383030	8648030	8619200	8588510	8530290
P0AE18	15176500	16915800	15647800	17228100	15557900	16216300	16105900	15208400	14361300	15475700	18544000	18827200	19920700	18432900	17610900	16987300	17822800	17745700	17383400	17822400	16260800	16132000	17880500	16428700
P24555	873606	998634	880975	941659	949275	825723	938017	906658	945988	890480	788106	814332	745452	834408	769590	666535	798112	805285	739223	767922	1019840	890733	772895	750716
P65294	5938860	6501130	5263510	5827080	6562910	5361280	5136700	6025940	5840240	5855740	2416000	2648950	2399690	2376920	2495900	2271670	2370780	2388430	2392360	2666600	5033410	4830660	2943500	2580530
P31433	5168930	5076650	4530160	4732520	4874940	4946990	4731160	4621680	4723030	4942880	3631490	3602860	3395980	3557260	3419610	3351580	3801830	3641240	3412520	3619940	4845820	4635310	3553950	3510710
P68206	15338100	19467300	18484900	22356500	27419600	17327700	22711700	29666100	33840100	17951700	5819400	6261040	3311170	6029680	6113650	5343460	7228670	6308070	3690530	3498410	21390100	20986500	3047560	5519300
P75968	208355	184794	217584	170989	189055	185211	151648	132904	149301	139787	NA	NA	NA	28455.9	9485.56	30465.2	NA	NA	NA	NA	181464	160659	30273.2	NA
P77182	586695	570618	522714	526031	581636	507302	546276	492729	449189	548059	478843	506936	429946	476860	494376	448207	535335	564332	509517	521822	598301	537519	533176	501195
P45475	456440	386123	416340	367508	487901	469919	444846	492717	497684	515865	614660	719437	769131	685277	732233	804476	811964	779405	818657	1020920	529122	373709	851161	741230
P0AAC8	7906130	7390350	10401000	7945520	6810260	9397930	7377530	8051660	8160380	9084750	10512700	9572290	7180480	10202700	10772500	10249000	9615210	9393070	10106100	9918860	6521000	7096540	10555500	10249800
P64461	681274	1077860	879790	1278100	1058620	728904	1075030	1347270	1470300	698612	603084	614450	277737	524682	683984	550852	591058	653631	315357	317044	1013100	1038340	295139	646817
P0ABD3	29478000	21925900	35597700	21023700	21004800	32706700	17625700	18261200	18477600	30598800	14581400	12346800	14465500	13867000	15762100	16173600	15120200	17361900	15724600	17692500	23816300	21357500	18539100	15029400
P0CF66;P0CF67;P0CF68;P0CF69;P0CF70	997783	1207250	1507070	1114550	1060960	1229310	1145960	1118360	1179040	1112600	1206050	1220070	1481440	1140320	1334650	1506510	1229350	1289370	1381090	1182240	1087520	1075860	1203390	1169970
P37182	1917650	1041470	1870530	1239360	1352970	1992520	1156050	1321370	1173350	2088540	1278550	1243810	1432080	1230080	1384400	1502040	1356750	1467430	1652620	1578440	1471800	1441570	1761360	1498650
P05052	97921.5	82594.2	90233.7	100322	93107.9	83208.7	90516.4	87208	78341.4	101953	178656	156404	194413	186839	183322	231767	196101	176236	230594	284676	84535.5	87446	241307	195245
P0A9D2	7828700	8384190	9522740	8602380	8343970	8602510	8494850	6927810	6950610	8044010	5180010	5312430	6567450	5107230	5312740	5134560	5737350	5760310	5386030	4712250	9066830	8017010	4573730	4737400
P77279	1817690	1918330	1847200	1906720	1795750	1890740	1805250	1700440	1660770	1808430	1893140	1658490	1960710	1895290	1810640	1906010	1862440	1810400	1727300	1871820	1819180	1910630	1845650	1780090
P77215	203493000	213076000	242123000	179409000	193879000	224411000	211662000	160718000	167452000	239862000	80277400	242196000	217902000	237724000	172302000	196324000	216833000	160402000	156313000	215732000	223150000	206097000	177067000	180876000
P75792	1637550	1981200	1661390	1735140	2016550	1601600	1980770	1963410	1850780	1572790	2245270	2238950	2159940	2262980	2207780	2108960	2234740	2309000	2012280	2026790	1800260	1821860	2074770	2079530
P31660	372791	652788	331587	648816	692614	374353	802457	1041500	1065000	393926	182230	169123	43314.8	126926	117844	125838	146420	143712	193674	272554	519456	582022	284849	97000.5
P0A7I4	5148400	5396090	5102130	5457180	5142390	5345650	4860910	5011060	5002650	5239820	6965010	6576340	6369770	7060980	6927640	6333160	7022500	6676680	6423290	6809130	5437030	5464130	6747550	6695330
P0ACQ0	889162	1045240	1080550	893332	842002	935702	972029	775563	871773	866088	712838	663144	625998	652346	637733	600053	603950	678250	647078	692427	892636	786955	693188	605161
P0AE78	13039700	10803800	12663600	11384900	10704300	13413300	11153000	11582100	10991900	13041900	9493410	8891260	9988810	9067850	9175040	9391110	9650550	9141170	8933120	8830140	10523500	11069700	8807790	9071290
P23898	638160	816069	688892	806055	739497	655883	766568	618109	692568	605145	697821	715646	666341	619421	553645	625641	637560	607243	515972	625267	717530	699561	701009	642343
P26608	NA	13526.1	9522.3	15136.1	14749.1	NA	14253.5	NA	NA	NA	NA	NA	NA	NA	NA	NA	NA	NA	NA	NA	NA	2545.83	NA	NA
P76256	1890160	2020370	2065470	2264410	2016620	2225210	1995350	1917000	1794500	2042980	2522990	2759960	2893690	2629030	2768140	2554050	2481930	2661950	2407750	2146040	2207050	1963600	2551280	2364340
P61714	15006200	16765100	18097500	16861500	15729200	16992200	16740000	15279200	12866800	15009500	15938800	15834600	18461100	15072200	16935500	16032200	17035900	16889000	15482200	15326800	18536600	18792300	18044700	18409100
P25397	4918900	4760940	4564620	4877230	4652620	5040790	4659550	4577990	4426140	4831160	5175990	4786670	5615680	5475310	5133820	5350150	5325280	5450940	5211760	5086900	4858130	4781330	4922240	5034530
P46852	1759240	1635620	1652010	1705290	1704900	1768030	1685960	1852620	1903460	1769150	1284950	1239350	1422140	1388390	1327230	1397720	1406580	1295430	1355780	1282900	1616070	1692760	1336110	1322090
P0ADW8	826458	986707	1045300	1001690	880124	943680	996347	844289	963420	923512	789091	902797	918821	856974	756340	810166	826252	760512	761889	677668	887872	946125	720568	780783
P77569	2113170	2490140	2501090	2515990	1824790	2450840	2152450	1771070	1718550	2005440	668138	692704	601325	657507	644084	604695	665770	706874	592815	554948	2118800	2033850	616215	682799
P67603	4973290	4617980	5203180	4845230	4617630	5185080	4697580	4745160	4922930	5057450	4806610	4900710	5356010	4864660	5019310	5304720	4737910	4876280	4886640	4741600	4399490	4648030	4760970	4623760
P0A8W5	7371130	7919150	8596670	7422050	7668620	7928840	7594340	6809050	5956720	7217560	7864970	8517240	7913180	7338890	7845650	7700380	7868650	8666550	7629820	7547860	7929960	7058330	8343810	7705520
P76298	26679600	41398400	27881300	47639000	43564200	28150800	39289200	40113800	41053800	25191500	40319700	36859300	32694300	15948800	31177400	35084200	37689500	34115700	35524300	38871400	29099700	34453400	39131700	41511700
P16525	1024420	1115180	938681	1086470	1115200	991791	1093520	1126510	1155750	1021590	1184540	1030290	1246010	1229210	1121610	1230020	1299520	1148220	1183550	1180420	1083290	1118300	1086630	1163360
P39177	42844200	40942600	59961800	39118300	40396600	52753600	36067000	34243600	29659900	44350800	16877600	19474600	23620200	17269000	20947100	19362500	20025200	20728100	20522700	20346600	43544800	42289100	21633100	20209300
P0A8K1	10142500	9917360	10775400	10313600	10426300	10107500	9611590	10789600	10233100	9739240	9196730	9197780	10285600	9123900	9905160	10223700	9436920	9067350	9760120	9726370	10996700	10466600	9610370	9470340
P28248	9356060	9296060	9598720	8788480	7651980	10269900	8510080	7750520	7292630	9514790	6395350	5668190	7365130	6743870	6230760	6312260	6677140	6805150	6496220	6417770	9004620	8770170	6270590	6404440
P0ACB0	2739900	2678430	2624320	2685690	2520940	2710080	2583810	2581270	2578630	2665050	2679130	2637700	2574150	2618790	2623390	2530150	2689470	2549570	2544720	2630650	2661990	2708450	2690720	2691240
P30745	184420	207166	162749	170685	196059	177611	195518	215450	201180	166184	235675	218037	215857	222481	212689	224051	252670	246401	215866	224577	184698	182882	188183	184665
P0A8C1	16419000	19181900	21609300	18489600	20355300	17112500	20252200	17953700	15691600	17581900	12672600	17228800	13536000	14228300	13809600	14372600	12884700	15757100	13049200	13593100	21143000	20034400	15187200	12734700
P76373	87553.1	419384	111772	290704	299526	111964	336217	368952	326362	126814	205992	226056	192585	188157	205147	217323	192873	202004	144623	183699	190940	211033	143985	177592
A5A621	337895	279069	480593	357192	351437	446766	260710	403040	348524	310490	681152	699564	591686	519796	781909	530420	768168	690110	657179	665667	446204	509106	908685	872376
P0AC47	20911000	15721100	19157700	16141500	14382900	24465900	12740100	13272000	13562100	22944800	13662000	13552200	16718900	16085700	15581200	15777600	15631700	15056800	17537600	18125000	18037900	18271700	20504000	16128900
P05523	990795	985858	940473	968480	894949	1005170	899557	945317	925618	968183	958593	845664	905339	1055830	919799	905663	984618	907565	958227	999541	999786	1006840	900272	840981
P64616	1249220	1157200	1371710	1464570	1391130	1023320	1339480	1517110	1363070	1130490	952190	1040460	1106940	823729	994368	1082430	1057270	924196	978931	905301	1190420	1340800	951042	938300
P67553	440483	551511	463761	533944	537245	442714	524155	505563	561493	454239	453368	491199	446910	518714	497199	471193	526443	487269	435125	419366	599475	496773	513933	546602
P0ADZ7	54151300	58600100	54450800	55187800	55583800	52469500	56826200	56630900	54387900	54259000	45374600	45207100	44728000	44964900	43891600	42969400	46876000	48500000	43224100	48011900	60573600	66099500	45990100	42437200
P0ADV1	9762640	9366360	10961400	10046100	9199000	10146000	9452580	10427100	9437680	9681680	9041670	8558590	9089480	8782010	8377020	8733700	8522460	7830290	8434590	7980160	8668010	8597110	8237160	8635960
P0AB18	2210820	2006570	2605850	2374660	2061760	2442570	2161250	2082210	1928350	2333410	2383660	2522460	2400500	2100650	2523970	2582840	2371930	2381700	2710510	2513940	2486180	2316440	2470240	2484900
P39187	11564400	14019500	14796600	13344400	13074300	11704500	14697200	16410700	15786400	12007700	1396180	1417000	1049980	1283610	1463670	1416670	1420030	1432210	995482	942467	11887200	12053100	983165	1411050
P23872	568014	547025	546596	519890	434517	624612	432884	378328	391995	547148	214513	193227	215851	214652	204691	210218	246492	248784	238708	224698	498202	467376	248745	231915
P0AFK9	27760600	31311500	30159400	30034200	31304600	28476300	30807200	28708900	30133100	27220600	26372300	26753000	26575400	24958600	25701200	27235200	26434400	26910100	27272900	26749500	30371400	29964700	28148900	27190400
P10908	5187530	5465150	5239290	5230020	5062860	5258220	5581520	5269640	5303230	5126880	3517740	3464060	3432130	3387690	3294390	3493710	3226440	3660630	3213410	2971140	5160630	5052630	3269420	3183530
P0AC84	1625660	1799000	1646760	1731490	1856770	1611990	1673540	1650870	1486900	1619520	1848140	1877450	1894310	1851190	1882450	1787960	1903910	1961520	1828930	1914990	1762610	1770640	1988360	1839210
P25718	114865	158179	82447.8	128105	136451	119439	130706	107390	103929	112188	159888	103483	145004	176562	104428	134098	130348	132372	133490	149799	118917	118627	132387	174907
P18956	4401460	5332510	4984140	4958390	5153590	4494960	5415660	6381570	5686860	4501260	3890860	3875990	3574220	3972810	3736330	3550590	3757500	3648640	3442850	3208200	4335270	4655570	3376610	3721200
P46887	1079340	708558	1088600	892415	1028360	1137670	743097	674022	872327	1059670	1895480	1854660	2257320	1645690	2218420	2491330	2136710	1738980	2778600	2660900	865416	810578	2569210	2226450
P0A9S3	30161200	26430300	28354200	26983300	25552800	31361400	24732400	19949400	21164100	31580500	5710760	5875920	7236100	6482630	5998130	7878970	7162090	7432040	8431980	7760830	32351100	28689800	9356270	6753000
P77360	1172370	1320440	1210430	1083790	1038740	1218580	1064810	1066570	1144250	1208580	585653	503455	578528	793405	581575	678699	486466	654908	552363	609877	1095560	1133710	513956	611030
P39410	371271	403880	357831	412193	371024	418342	388791	360867	388988	366829	429988	345779	391554	427499	376282	361228	425638	392640	404051	366586	391681	378874	357387	356699
P0ACL0	3283880	3374880	3161050	3347750	3243790	3491680	3333230	2948600	3171470	3197420	3303310	3225150	3700640	3306970	3147700	3130160	3356780	3303050	3256880	3367550	3159520	3287510	3155180	3243160
P33228	395262	424990	407791	400639	414218	410196	382907	367573	311847	403684	294656	271521	300477	270567	259330	283630	284505	274962	267109	289409	389812	440004	297661	283665
P28635	102093000	104439000	109026000	96499200	102766000	88038100	104370000	101208000	108128000	98513700	93739400	102057000	78418200	87422800	86958700	82624600	91185600	91908800	89039500	94829300	113376000	111579000	117345000	110460000
P0AAZ7	11975900	10430800	14486300	10959700	10268300	12322000	11121100	11722900	11754800	12210500	7266500	6984460	7645360	7026840	7905980	6803580	6815060	6306540	7826280	6923630	9989940	9791940	6802330	7181830
P33927	258872	238607	230514	237797	250579	191035	252415	221451	246689	270198	198876	214084	125802	211915	195906	188452	235193	220338	214697	198021	242538	229272	263528	263642
P0A6K3	6256970	6353670	7105000	6467900	6297660	6961170	6290910	6715860	6350670	6480040	7111780	7719660	7892540	6189170	6885040	6480920	6972050	7301530	7070000	7107730	5947300	5815210	7217800	7480490
P60390	4959450	4588880	5035380	4282140	4600720	4818370	4510430	4356660	4172250	4738720	3647130	4030220	3957910	3532260	3791670	3802620	3780130	4079080	3680490	3614850	4699460	4539050	4058590	3771330
P37614	67311.4	75088	74661	82564.2	64094.9	64973.1	60444.1	112743	58737.7	93091.5	102923	72255.3	99498.5	116510	99295.6	106457	95091.8	91540	84366.9	105340	60773.6	97304.3	86177.1	77191.1
P0A8Y8	1505960	2634360	1494670	2806760	2588590	1456740	2625600	2926560	2691270	1476060	2562610	2762210	3928010	2558590	2705410	3112560	3307270	3104660	3528780	2488580	2355750	2526730	2136070	2840620
P0AF98	4877330	5251060	5202550	5101740	4945960	5352650	5189170	5506060	5362660	4733560	3758920	3815460	3373090	3763630	3354470	3455240	3757110	3789290	3139560	3405820	4537280	4029150	3483320	3405130
P0AGG8	6842000	6347090	5991670	6121340	6487240	6587050	6222240	6470720	6191260	6522090	7536260	7397310	6864040	7102840	7224620	6487270	7881390	7524510	6896530	7365760	6698450	6623690	7975300	7590700
P63228	4641580	4848020	5473990	5014760	4730340	5184020	4684910	4374900	4088750	4664120	4359400	4531970	4708750	3982030	4566700	4386250	3867620	4373150	3868960	4155490	4601060	4309070	4041860	3778670
P10371	2702760	2918570	2857830	2948300	2854000	2965610	2977300	3003250	2930870	2978460	6750370	7431480	6498680	7404320	6444280	5840710	6581330	6259490	5822550	6093320	2813350	3047760	5699600	6412750
P30859	22636800	21730500	28517900	23130200	22525700	24756500	21766700	23198900	23855800	24394000	15962000	16257000	15715100	14767000	17587500	18044100	17660900	16516100	18955200	18117000	23857200	24302200	17272200	16780700
P0AE70	1835150	1890690	1926380	1808000	1777900	1928190	1833030	1829780	1729030	1871450	1399360	1496750	1523000	1452950	1543600	1621890	1578140	1613320	1709840	1515060	1885230	1903990	1424670	1467210
P39364	74196.4	68510	69481.6	70508.9	82972.8	78471.4	70420.8	77273.6	92167.7	78919.8	78692.4	78389.4	56918.5	63846	88703.9	59332.4	100174	61582.2	85934.3	85764.5	69606.2	60264	80194.7	85615.5
Q47157	296624	290296	322631	294627	280932	313202	304579	240447	268758	308346	170815	197212	207509	174692	186643	160894	194681	183941	178332	191609	289172	301207	193174	187638
P0A9I8	2482030	3240100	2587190	2469280	2636770	3499540	2855290	2931410	3063450	3749380	7575470	7544410	8317650	7829890	8908760	8894080	9399180	7725770	9580480	9104380	2936680	2791780	9392280	7953390
P0A7C2	5084700	5902260	6326620	6081070	5814200	5785120	5781960	5886020	5798960	5120920	5316170	5244480	5790540	5239470	5538690	5200600	5402000	5296270	5215060	4888090	5266410	5879340	5735080	5701680
P31463	107800	127206	138892	128796	107289	126705	117544	93797.3	98196.7	121216	121347	147977	112210	112890	119907	113945	117117	118245	126741	117063	132959	124068	127051	124151
P33596	452009	407925	483418	403530	390463	484278	425413	418193	423545	378442	306109	297405	319486	277101	310037	320632	351396	356523	362619	351805	459156	399878	341116	361760
Q46845	19307300	19178200	18950100	20375600	18378200	19074600	18368100	21023000	19318800	19063500	11444000	10901700	12486300	11008600	11426700	11460000	11819600	11222400	11413100	10990800	18619800	19682000	10828100	11690800
P0A7L8	92422700	91126500	99234700	97886000	86020300	99304500	97182300	84577600	81368400	98502900	131880000	133798000	155430000	146475000	145670000	127275000	145634000	142304000	147097000	132198000	90971300	92648900	128992000	142220000
P24252	746022	806607	726212	807449	906127	755973	789832	957756	854899	736424	804553	760090	878225	876559	816572	788819	866054	850864	739276	723047	769773	723100	693376	716169
P0A948	1430910	1291830	1394560	1304540	1422750	1511040	1262630	1161600	1118120	1427490	1609270	1556040	1798900	1612180	1718920	1663380	1720030	1788650	1527640	1636450	1505510	1322330	1560040	1352530
P25742	2241940	2046970	1932500	1993540	2036960	2319580	1875580	2072770	2039220	2257620	1979100	1858270	1838180	2051970	1936020	1965350	2124010	1919270	1880390	1961390	2086870	2001520	1974820	2016670
P0A7R1	168816000	180505000	218337000	172730000	176686000	183019000	195759000	170260000	164777000	170053000	218811000	237069000	223785000	207347000	217570000	215944000	213901000	255811000	223053000	214618000	190480000	173197000	232027000	239233000
P77212	708336	842247	663888	841357	890710	721108	873606	969265	945470	655336	591967	592907	597082	628911	630781	576002	685278	610170	615445	596130	796160	821007	547478	631517
P77570	2157350	2100880	2147360	2120500	1977640	2420450	1932240	1944400	1963110	2246080	1597570	1570510	1724770	1521270	1606950	1600300	1690090	1602700	1623160	1601490	1970390	1984080	1566350	1556580
P0AAA9	396263	493040	7574230	283087	341310	2143190	386509	1807940	271730	193732	361586	576267	274930	282939	248097	350800	348370	290182	332039	355836	747055	285013	345015	425132
P0AG14	6156420	5867600	5755380	5804220	5978510	6198620	5810040	5664270	5786830	6071030	6427790	6061600	6393150	6704380	6247100	6170780	6636870	6511410	6015460	6258240	5818410	5586850	6289470	6217310
P0A6N8	10855500	12464700	13213000	12323400	11511500	11725800	11898700	11931500	11731500	11392500	11781200	12215400	11722200	11251200	11920400	11960000	11642200	12185000	11516600	11428800	12082900	11135600	11970000	12194500
P27242	968462	921040	932321	945664	982005	944617	928413	926979	851300	882961	1134500	1064360	1157410	1048580	1101020	1079580	1028130	1045390	1091510	1125390	1016060	897749	1001190	933897
P61517	18698600	20411900	18937200	18838600	19958700	19484700	20676000	17718400	20255400	18062600	23029600	21389700	21524100	22748600	21192500	21512200	21647100	23665400	20337800	18736800	21971800	20705500	20363700	21113300
P39300	59944.2	67095.5	31785.8	26223.6	79112.9	NA	41482.1	NA	NA	NA	63739.7	61300.2	60159.1	48144.9	45650	49013.8	61612.1	37267	62421.2	69710.9	37555.2	27619.4	78248	57009.3
P76491	989585	945734	872779	923863	1007930	993994	957148	925322	914149	1015630	1115840	1069800	1147690	1034730	1059620	1154250	1150380	1063840	1091890	1082640	973737	949865	1076690	1077910
P31572	174772	147428	131206	126294	152917	145548	134287	100502	96894.9	160107	133997	138483	141516	129688	127312	145517	140428	151956	126348	147764	153022	137535	132300	94816.2
P0ABY4	2212690	2007570	2280730	2017100	2296480	2087080	2078040	1753440	1939690	2147520	1864160	2227540	1800130	1694370	1775420	1764890	1739880	1935480	1860790	1798480	2150740	2039180	1898670	1761970
P37744	15413700	19292000	17014300	17008000	16966600	16151900	17578600	14849200	15446200	15563100	17963800	18438900	19381800	19205000	18370100	18032400	18045200	19696900	17476400	17477000	18634800	16537600	17969500	18144400
P28905	1848690	2160650	2105570	1924380	1990180	1932310	2103370	1692910	1715580	1998150	1742260	1792750	1824050	1764670	1800740	1814280	1841880	1965530	1727930	1717650	2232860	1918930	1814960	1660500
P77148	2637670	3003670	2579560	3092590	3256870	2564690	3007770	3464370	3411250	2582190	3013220	3015660	2779910	3010260	2978920	2839690	3359960	3100130	2942620	2865290	3208580	3099340	2799400	2973950
P76318	429003	410381	514519	466359	486333	420692	427561	492196	433844	383515	237690	300159	271187	288865	231830	284739	339937	308779	297777	268696	445728	385851	356015	293456
P0C8J6	277929000	199432000	215212000	207222000	196256000	291188000	193187000	184574000	177076000	282997000	47789200	42960300	58629200	54931800	50901300	59556800	58046700	53643000	63373200	63737700	236953000	242642000	68454600	58193200
P0AG86	43538500	52452400	52650200	49220200	46758000	45581700	48599400	37192400	41565400	43514500	39302800	34739400	43785700	39654900	38757900	43169300	37760500	44493300	40191300	39625300	48200100	47583600	45200700	44886800
P0ACN4	12473200	9525730	10836000	10144200	9415930	12440500	9932630	9432090	9526760	11663800	12518500	11830300	12694400	11862400	11434600	12986000	12400400	11727000	11764800	12306800	10441600	10158500	11599000	11190300
P02942	3127460	8109180	3983850	9041580	8242480	4085410	7509050	5981320	6364360	3645810	772905	1117750	835391	1404590	723717	1121970	2364290	706800	1122140	2262200	4590810	5679420	728215	591133
P0AFW0	2391740	2130120	2155580	2384230	1899330	2257640	1953390	2029000	2029380	2058220	1802860	1726420	1892390	1875210	1851300	1780720	1843880	1874870	1761190	1671510	1989950	1955370	1793680	1716550
P0A9N8	120339	99690.1	125331	132334	104485	129045	94156.3	117970	104801	120615	134684	118604	123940	128103	143914	149943	171231	167519	183820	191762	116584	111330	176748	169384
P39366	2279460	1906210	1973190	1915880	1647200	2199920	1756320	1583970	1716310	2284110	344581	543341	771576	499161	411145	539919	626374	524243	325107	1345370	1802700	1850800	273556	693124
P62768	21141700	21611300	24381900	21882100	20525800	21615200	20941100	22997000	22849600	21623400	13975400	13948200	16077200	14099500	15877300	16858000	16484200	14703400	15954600	15066800	21311700	21184600	14787000	15025600
P0AES9	81085400	96148600	101682000	127691000	137564000	96489300	115623000	152235000	143013000	84635800	68348700	69882300	91843600	54080600	86345600	89593500	103787000	77474300	92818700	95645200	118111000	132525000	82610800	73324400
P05824	28339.9	38871.8	40047.6	35885	43523.3	43407.5	28147.1	44057	32516	33242.3	32510.8	29760.6	19353.7	10499	27324.8	25446.6	26339.5	22227.6	21984.1	25922.4	34755.8	25647	12007.1	19145.6
P0AEL3	3126020	5328490	3805840	5566990	11289300	2977290	7616450	6861220	6173700	2607440	11038600	13262400	16190300	10013000	10805100	8741120	9431400	9082540	9378400	10375600	8553300	6539270	7707840	9644400
P45568	1556210	1412940	1398870	1517930	1342440	1565290	1364030	1395600	1347130	1388260	1673410	1559350	1603970	1778690	1648660	1605760	1731910	1634040	1678640	1587910	1467700	1421360	1597120	1569950
P0A9M2	14088600	14132700	14028800	14046300	12799500	15274100	13138700	13007900	11742400	14901400	15699400	15217000	15706800	15741900	15303400	14842600	15470000	15902400	15449400	14828600	13791500	13899800	15541700	15763400
P0AE39	1480940	1281510	1311020	1397420	1410410	1479040	1282220	1351990	1397210	1422950	1380520	1349150	1498860	1493890	1431980	1530110	1519990	1502710	1464020	1472180	1385000	1312570	1426350	1337920
P0ABN9	696311	256759	476586	370777	406966	540109	263353	378242	419150	665249	1413160	1253740	1322360	1817900	1299650	1875100	1925380	1574340	1527110	2056780	452764	281941	1950800	2016760
P0ACJ0	53191900	52762600	55618800	50892700	50691600	54493300	51359400	49972000	45560200	50759500	52197800	55954400	56475500	57498400	53283300	54899300	55433800	57303800	58152200	53357000	53126100	50885200	53302500	53474500
P0A9W9	15979900	17265200	18126200	16166100	16856900	16301300	16755100	18726700	16402500	16736500	23145600	23680300	23638600	22825900	22818700	21516100	22764400	23607700	21722500	21003000	16856100	15868300	22261300	23935800
P0AFK6	324198	412215	331674	359355	348304	310989	269522	407364	395311	298365	350789	312859	280745	368994	333192	289396	345018	275087	234695	373534	221626	248479	379044	339173
P32701	159472	250729	239558	235547	271786	150352	290640	261167	215600	154502	167150	162646	143725	138838	142579	142635	143385	178090	137361	158095	222968	212276	116489	128437
P23908	13252800	14537100	13116000	14302700	13331200	14030600	13575000	13487200	13246500	13528800	14446100	13423500	13367200	16238000	14381800	13096100	13581200	14083200	13637700	13033000	14020600	14696200	14522000	14241500
P0ACX5	5698370	4287290	6056390	5008370	4336390	5992820	4722560	4354710	3929990	5704240	3805790	3700740	4752590	4311590	4183460	4309650	4183070	3948130	4491960	3691250	4986860	5184710	4005180	4307190
P27240	837129	832905	798160	805486	758460	864124	796218	810517	745598	809143	969112	992897	1100900	1116200	987004	1016320	1103170	1068030	971942	1015950	936860	880805	1044070	935211
P38489	10079100	10522600	10493800	10358100	9994610	10108500	10024200	9348110	9070680	9794290	12308600	12101600	13332100	12572300	12261000	12839900	12478900	12715000	12353200	12121000	10074700	10056600	12430400	12293700
P77499	6493090	7781130	6016130	7469440	7391460	5841930	8961260	9722090	8786820	5958450	6880550	6231510	7236120	6745820	6376600	7333620	7655780	7676080	7461370	5998760	6829290	7126820	5670150	7030070
P0AFY2	397093	371193	364891	386376	394536	402989	383941	346113	319583	400174	410377	379404	435235	352504	397335	398957	422097	406951	383286	402068	458273	410567	361715	317654
P75992	123038	59193.8	106391	103520	93974	157402	98782.5	NA	81473.2	109497	112443	77137.8	96984.6	78297.7	99252.3	79800.9	105593	77311.4	73915.6	97688.4	104766	NA	93306.2	77080.5
P0AAT2	2009730	1721760	2152770	1837390	1824410	2034880	1746480	1601260	1335050	1940580	1306070	1381290	1475800	1252840	1477730	1407940	1318390	1496950	1454850	1327830	1980920	1963640	1477240	1322270
P0ACH8	1136220	1199510	1220440	1175150	1180420	1326490	1098050	807926	1007980	962625	697963	458122	261556	552087	612265	592200	641655	788975	908048	511756	1154900	1080480	846508	574911
P27127	942783	1003820	951394	1045350	986075	929675	985914	928098	879631	981463	988533	946895	1026790	981960	1003590	941988	1078690	1075430	994648	1016830	1039300	989289	1029550	925161
P32677	262304	340581	284829	250282	315273	263999	290527	242997	254853	257149	206638	252520	196026	168654	217674	216816	207805	232241	199541	208776	321528	232477	218738	173085
P39279	622166	585631	641281	632737	476123	571730	566375	392342	482341	526476	608759	546841	737047	592333	584260	595678	628948	622361	612809	622989	598338	609538	599809	535768
P0AGM7	1055560	903957	1029360	911482	910728	700248	815168	932611	833880	993683	1327510	1386440	813153	1207030	1591590	1147910	1425430	1340820	1170900	1642100	945470	801729	1442620	1410510
P76038	242896	270865	270044	256793	171228	255520	197422	169140	204577	223340	304658	287535	213599	291141	298500	238727	324596	318086	297888	263500	217397	224413	353975	278096
P0AE85	2019420	2608700	2519660	2527430	2621350	1821360	2553820	2798550	3031450	1751150	1153650	1107570	1021480	1023410	1244250	1190930	1209320	1161310	1103160	1067310	2159700	2329490	949286	1128290
P64451	4735290	5276760	4676220	4900090	5461770	4217490	5251840	6035350	6020060	4784630	3880670	3887090	3546540	4091140	3992250	3604120	3973530	3553140	3422530	3436020	4484370	4953780	3608800	4007280
P76007	1060330	1099410	985732	1092960	1037080	1033840	1009370	988702	1037240	1058780	1254100	1307410	1024390	1310260	1211730	1077960	1271600	1239570	1151410	1265790	1028200	922379	1259880	1296460
P0A8L5	566324	661163	606506	635815	639878	584800	678491	382438	500422	523299	668199	827714	832065	677326	714242	804513	744830	928924	776905	699500	685757	640327	782201	623006
P52127	319593	286235	217661	204850	147877	212711	177926	149924	264654	236917	188586	240542	258588	166637	262063	253568	177939	237886	259114	196142	203143	231956	254384	312984
P0A7A2	5126930	4814370	4770960	4525750	4478440	5474250	4522120	4316090	4330470	5179080	3788950	3659440	3945250	3926640	3652680	3698940	3809650	3819450	3484820	3692620	4731210	4723180	3735860	3590730
P03841	4938590	7664970	5974710	7390120	6221490	5026210	7073770	7440330	7344430	4483840	5086060	4343240	4280720	4890680	6339690	7890150	6753800	6237930	7758260	6741920	5513520	6040950	6690090	6940320
P0AFR4	9550420	10159400	10811500	9388290	10608900	9244440	10215600	9834230	9006410	8832370	8091120	9479640	8425230	7455720	8608520	8547820	7951780	9234160	8179430	8136490	10700200	9329880	7915270	8384610
P77334	155149	328584	195178	279350	280844	192976	271429	314350	296605	199337	379283	361217	317337	338739	352390	350275	411656	322518	324286	331372	282490	247202	310553	298715
Q46920	2675850	2626660	2507420	2550610	2634260	2602390	2636750	2504680	2434230	2723400	2607550	2649610	2714040	2818270	2578020	2560110	2705120	2786770	2646720	2646160	2810040	2744930	2610430	2737080
P63020	18527700	18574300	23513300	19529800	18339300	20252700	18265500	20018700	21370200	18457700	15661800	15619900	14017500	15147100	15076500	16704500	14614900	14639400	15899500	14615100	16801500	17873000	14551200	14760800
P0AA43	9391910	9382870	10020200	8669070	8673020	9979830	8861680	8261640	8392010	9832770	10081300	9599680	10847900	10228000	10485800	10047200	10213800	10675200	10504200	10031800	8939000	8798440	10282500	10688500
P0A9K9	50874200	63560300	77300000	62750400	64997300	64143700	60468100	53779500	55868100	55690800	58397800	67272500	63255500	47405600	65320100	53978600	51096500	56870500	55247700	53333600	57905600	62960900	64762400	54525400
P0A8I3	3686650	4174360	4019190	3998240	4139420	3825110	4286070	3892270	3928650	3480720	4513570	4994930	4628160	4557390	4269060	4514700	4217450	4864430	4274510	4125990	3921410	3633310	4103830	4083660
P24230	2462200	2605180	2359490	2601160	2602280	2364910	2434060	2521200	2769590	2413070	2659480	2422950	2232020	2536390	2609380	2380220	2660170	2534920	2567830	2590730	2607280	2653790	2540560	2445320
P07822	195739	300682	282893	302357	315208	222971	285912	293851	327015	205583	369045	373765	393942	343362	348030	339411	390329	350657	351887	308717	249614	295395	319744	311445
P17444	588280	634535	600148	720554	537279	624430	540542	557821	535397	619470	607270	588777	598340	702943	615912	495701	599697	521715	586030	603682	530506	562736	639968	582316
P27836	916427	1103900	1008580	1077820	1038020	957494	1048930	923364	930603	881323	1251130	1279590	1437940	1387430	1303060	1200080	1267180	1506510	1166170	1134890	1022720	1033470	1236100	1165010
P31064	648948	884471	684474	773500	819712	636106	623608	761876	790531	571363	208954	163576	152899	186175	174827	156450	190362	190223	131924	219267	471805	409596	233350	195049
P0A6V5	568453	899778	875621	767477	632557	718231	731589	649304	649677	545280	751452	742139	812958	720976	759394	668445	652974	813104	644697	600350	653580	635654	590217	654961
P0A6G7	18807300	20501900	18219000	18268300	17329800	19218800	17847600	16750300	15936900	19006200	17514700	17778000	18587000	18679300	17428500	16738500	17540400	18942000	17257800	16850800	18743600	18304400	18152000	18224900
P23930	3233030	3201560	3128450	3073550	3315270	2715370	2965370	3083830	3493470	3006870	2749080	2819660	2101920	2588450	2579260	2276920	2742030	2455060	2317250	2425920	3146320	2936500	2852420	2721290
P60651	6368220	8732590	7340090	8201160	7873380	6972770	7875220	7928460	7542020	6144690	8028810	7956970	8328300	8142130	8011230	7668190	8107250	8903440	7851720	7822330	7866220	7721290	8049890	8567830
P27896	555862	447465	511435	547244	518189	547055	398199	516773	401338	587357	420431	438430	485532	456099	454207	396939	497347	441248	469624	537755	557301	471450	439910	438069
P69741	923700	699596	945546	828870	617734	936852	594862	607661	585401	930509	453997	450912	553513	575748	494586	1026010	611930	574531	766052	795264	726315	800511	878638	699099
P76372	15755500	13782000	14843200	13930200	13280900	15638600	13640000	14248300	15591200	15449800	14051300	13608600	13694900	14008700	13527900	13805900	13925600	13214300	13608000	13800100	13578000	13745100	14701900	13914200
P0ACZ4	5721670	6274930	6892020	7411940	6735520	5877250	6463500	5858950	5140030	5390350	9411350	9478140	12814500	9860110	9954080	9678090	9914120	9550010	10780700	9535100	7886540	7974320	9943480	10120800
P0ACA3	32087800	30576300	32901500	31356200	32983500	31862500	31676700	29993700	27287100	31572300	28888000	26905600	28654000	26308300	29512300	27176200	28336400	27100900	28184400	28666600	33069900	32722300	28999100	26443600
P0AGH1	566409	612220	573586	615621	613419	560959	622147	480737	558228	509363	312719	346066	357948	343233	276008	293475	303228	330289	304334	340710	589142	575904	339566	292624
P0AD42	1006900	1133430	971742	1055050	1181420	1029950	1062830	1115840	1087530	961376	974504	978548	1062120	987763	948077	1013760	998209	904828	915250	1014690	1104220	949637	948479	764540
P77260	298132	276731	277498	281614	295482	327204	305309	270917	290296	321536	294305	280811	276488	296542	281754	286388	316725	281567	304337	292693	268659	264886	274282	297329
P64479	5341210	4464270	6957590	5273500	5090510	5612380	4821100	5391880	6226130	4412430	3072820	3257690	2958220	1812510	2455710	2734550	2380160	2670230	2428000	2394630	3451140	3268580	2482670	1676850
A0A385XJE6;P0CE49;P0CE50;P0CE51;P0CE52;P0CE53;P0CE54;P0CE55;P0CE56;P0CE57;P0CE58	1362070	1289080	1423180	1348610	1258290	1386290	1374420	1209520	1193740	1356980	1027970	921642	1160810	993547	1020470	1064420	1136010	1039920	1137270	1093980	1280810	1193970	894186	891615
P52697	35692000	40828200	35683000	39805500	41958800	36023400	39905600	41659100	44071800	34537600	35407800	37285400	37223200	33501100	35597100	37594300	36645400	37880100	35965400	35595000	37070500	36978800	33432800	36164000
P15288	26703400	29613600	25766300	28918800	28289000	25935200	29485900	26225300	27170700	26121000	24958400	23880500	25621500	25554400	24942500	22983900	26210100	25621300	24588300	24382200	29653200	28482500	26121700	24251500
P0ACA1	4326100	5496820	4705440	5364670	5288610	4707150	5894600	5737740	5224670	4497450	3968350	4012740	4166360	4130260	3995010	3915400	4140010	4070770	3610080	3350060	4973140	5283370	3317170	3956050
P33607	150897	299713	252822	237042	265054	155004	168560	191595	138315	122679	113390	87362.1	80883.1	93789.8	106193	NA	136203	59306.7	58723.7	50213.6	131419	80494.9	78371.3	66880.6
P0A9V5	44666.2	35609.9	45558.6	39893.1	NA	47047.9	44325.1	57917.8	62506	45425	79657	80106.5	73636.2	57318.2	80284.3	81295.6	95475.2	69274.3	84598.5	76485.4	55901.8	46469.8	56982	62481.2
P00946	18253800	17019800	17680300	17608200	17229300	18224200	17602700	15593700	16188000	17926000	13162300	13296200	13203000	12844200	13284300	12991100	13154100	13261700	13489700	13708900	17099600	17594700	14236700	13724400
P0A729	7700910	7306380	7049520	7596640	7631300	7724290	8217800	8163310	7382610	7647850	6323240	5969670	6365000	6040540	5918990	6200060	6210610	6464730	5918150	5820080	7092490	7760110	5738530	5991740
P04425	12653900	13569400	13083900	13767900	12804000	14109100	12344800	11971900	11780500	13346400	14648500	13578400	15525600	14282200	14490200	13949600	14690100	14398300	13925600	13789700	13787100	14296100	14855600	13948100
P37747	7433020	8670550	8065060	9555450	8848760	7688900	7818680	7603270	7497710	7505100	11066100	10644400	11519500	11368400	11672200	10620100	11379800	11054000	10862100	11068400	9729320	9573650	10886300	10773800
P0AB46	4897050	4503280	5467230	4766760	5212610	5420820	4800660	5591400	5812440	5030490	4174740	3867660	3829130	3351620	4737520	4985040	5258620	4230360	5382160	5498640	4374500	4751010	4725840	4775350
P0AGE9	119240000	156622000	140028000	150680000	124464000	140606000	145067000	113974000	111224000	118904000	31363700	32858300	37249200	34837000	31782100	31709400	32013500	33220500	28951800	23691000	143131000	138544000	25921800	31930600
P52645	1950510	1908880	1741370	1892800	1963740	1835840	2002140	1843470	2035480	2033520	1601340	1623620	1382430	1594000	1497210	1501420	1617750	1575420	1553590	1580440	2004920	1996960	1667760	1634600
P37610	219517	274347	266086	300526	269028	277399	253923	299201	267508	261544	189356	187029	200726	177890	205354	201745	228566	180840	201212	203514	241767	258516	174711	206215
P76129	33540.1	46881.5	30907.2	46419.6	52143.7	16713.1	41439.1	61569.6	40588.1	34032.9	28236.7	15942.7	35882.4	43043.5	33027.6	17721.9	38952.7	NA	26141.6	30337.2	31407.8	49444.3	31543.3	46935.5
P0AA41	609409	602451	608338	615012	618898	617523	577758	578515	590993	644719	669324	671197	656915	708313	663217	659178	683186	661706	658047	650293	589961	587649	673274	619854
P0A9G4	1500130	1702420	2165060	1728290	1667970	1631280	1690920	1328670	1737190	1394230	1840720	1933110	2168970	1742700	1941090	2057910	1869100	1942050	2029770	1656280	1780470	1616270	1799700	1868550
P33358	447765	453149	398150	515992	397707	490921	516509	531439	442455	303136	238860	197034	265508	240095	151877	125272	231549	202398	145713	189429	391604	433322	112390	223250
P0A8F4	4232650	4135460	4419440	4051680	3778690	4399230	4016160	3557080	3479100	4195480	3560750	3669820	3809800	3888780	3545810	3456180	3629070	3750550	3506970	3571690	4181560	3730510	3589090	3741440
P64476	4789630	5102460	5413760	5706590	4378300	5189500	4791650	4027610	3244870	5211850	4449260	4572330	7059810	5913570	5572430	4932500	4888440	4959250	5410800	5285720	5914490	5483790	4886540	5755830
P39297	2514850	2227110	2106140	2277650	2145250	2341760	2092340	2628820	2715380	2472970	1635430	1440310	1610160	1581450	1460200	1654040	1605290	1451400	1510210	1498340	2252190	2298210	1517400	1693100
P0AB43	7021270	6523490	8235390	6750390	6657710	7148000	6434810	6950670	6653550	7038780	8166730	8511350	9390710	8105920	8951000	9237540	9004770	8875260	9016950	7696550	6291300	6697000	8321800	8529760
P76361	NA	607909	NA	804762	541852	NA	739768	464891	515298	570010	673165	590356	577263	730815	632897	613765	647259	576715	NA	NA	380274	601977	NA	524167
P25736	54088.4	65766.9	68313.2	63764.1	65674.9	45188.1	NA	NA	81781.7	71488.9	141745	134161	140587	122397	150083	132575	155792	136507	172179	155099	48422.5	NA	157853	152400
P0C0S1	12423600	12164000	12172800	12383300	14578000	12338600	12555800	14216000	13523800	12916400	14985600	14093200	15527300	12284100	14114500	13518300	15590700	15991400	13102400	14380500	14035600	12713400	13981500	13010600
P0AEV4	119599	73679.6	NA	NA	NA	114788	NA	NA	NA	101909	122793	170429	222686	184971	200166	232805	274861	235071	317445	308694	121990	56511.1	321265	322449
P37903	46410100	41311400	48801800	42761800	36650800	50248200	38085300	38299200	34334000	48851700	9740200	9477620	11714100	11136000	12980800	12832900	12688700	11990600	13242100	12301000	42201000	43676400	12366000	13211700
P0A8I5	5099480	5773640	5489000	5865950	5667320	5467130	5586210	5596440	4624820	4922510	6274840	5760580	6277710	6206690	5984650	5741580	5961400	6148260	5541580	5276330	5182050	5395330	5740870	5818250
P37639	475356	454139	548742	376263	NA	375995	342796	336195	677294	486491	396964	220013	421291	360565	371204	378620	373997	368058	390393	430398	337437	NA	432928	344994
P46130	10022400	9845290	10383400	9791070	9668220	9655780	9401990	8759980	9392720	9678420	8796410	8658210	9006090	8751340	8307500	8800840	9105750	8770300	8296090	8490400	10542200	10051700	9245700	8774570
P31802	4874690	4348910	6163440	4702860	4344520	5237500	3850880	3910460	3517770	5191740	3643310	3788510	4313440	3733310	3973910	3815080	3839770	4026570	4059440	3873230	4266810	4579560	4263690	3802920
P00550	3966560	4598020	3874060	4730770	4664890	3972250	4685320	4819350	4911380	3765420	3257990	3505780	2859810	3143580	3228420	3003740	3244960	3295430	2978380	2980850	4431740	4602170	3129600	3276440
P0A908	20081800	22315500	20324800	22471600	21725700	20512400	21390800	18640000	19128400	18327500	24081300	23759100	25092500	20715800	23089300	21263500	23052900	25920200	20835500	21755900	22582500	21420500	22702400	22037600
P32681	503666	653299	576707	594683	527695	504778	663125	538143	566177	525764	462769	414888	488750	478411	427886	438128	443177	472752	439192	448123	488780	479261	419971	428550
P0ABG1	242587	254952	246720	261538	270530	268746	222083	292692	331615	228104	177942	165766	116790	143481	141020	158943	151362	132809	92567.9	131953	187365	165876	141323	165964
P52060	1606420	1616850	1989460	1471830	1586250	1717980	1658180	1693510	1602700	1617740	1293800	1316700	1259780	1175930	1270440	1284630	1243580	1198110	1265410	1209130	1455550	1466400	1229530	1182440
P0AD01	2399870	2260940	2462500	2165880	2196590	2442980	2148480	1908340	2032510	2463960	1141070	1104290	1284570	1147420	1221720	1186220	1248220	1261190	1273600	1281850	2480810	2336750	1349870	1190490
P23836	17294400	18677800	19479000	17775800	17619300	17506800	18248100	15641600	15511000	16958600	17031600	18045500	18435700	16340900	16850400	17438900	16473300	18307600	16314300	16817600	18569000	17560000	17167700	16229000
P21515	471211	472339	443017	544929	525518	493229	440479	505988	470327	460878	485714	483608	541062	487559	477405	495058	541826	580599	469498	440021	442124	508264	430872	493801
P33931	1306170	1052830	1153880	971683	1124190	1271530	1071700	928318	1012200	1290660	852398	840277	902038	841614	838672	850348	867789	962881	817265	876764	1164370	944629	1050150	748237
P0ABC9	1035420	1136220	1047940	1021070	1012640	917725	1046880	942161	1022350	904382	942198	977728	684845	965775	843559	777409	868158	867504	820772	837040	959714	898810	926881	884077
P24251	21719900	26125000	24548500	26316300	23876500	23415700	25029300	24780600	22585500	23484000	26128400	27158200	28325700	26809500	24101500	23859200	26455500	25547400	24215000	21612600	25706300	27900100	22058900	23158700
P75785	103049	53965.9	97349	43592.3	64074	66753.3	71850.5	46391.5	NA	83023.5	58608.8	83019	42141.8	56430.1	50435.3	NA	76343.1	71637.6	65918.8	86280.9	65024.1	73675	85025.3	61155.3
P39359	607931	628091	667925	628005	571069	586465	629392	520475	572914	513154	207594	287378	173343	234507	246415	214042	272242	237639	250419	173240	691589	625202	256036	248813
P0AE30	195034	237457	213139	208375	267028	260110	218673	205386	236594	231271	161848	147946	164776	147221	151253	166168	189142	162062	118919	168895	209163	180638	185081	201116
P37750	3014560	3039650	2746160	3164150	2889370	3242650	3351730	2952920	2999540	2972780	3523050	3505910	4050360	3584060	3559770	3572650	3491510	3109230	3516780	3587890	3389150	3315990	3324760	3523930
P37195	207683	343314	240622	345507	412992	189807	266069	421309	395112	205850	371560	405663	603067	431455	391033	419985	476997	428191	470108	477204	455553	454939	408497	348184
P37679	65543.9	72024.7	53480.4	45827.4	54903.5	46477.4	67525.1	84037	81096.2	73476.1	49499	53170.9	53861	55632.7	45159.4	57589.6	52795.5	44823.9	58334.6	60894.2	65799.5	73073.3	42077.1	54470.4
P0AA39	2836920	2794550	2690540	2833520	2691010	2942620	2652340	2773720	2819500	2871040	3160330	2959790	3168330	3320160	3102720	3228160	3302570	3079590	3041580	3074110	2778520	2767820	2991290	3036650
P0AEQ6	1028490	1400840	1169190	1279760	1444360	1005010	1190580	1369050	1345680	905345	605453	729024	503943	602595	630417	712528	618223	652135	400554	777536	834755	737159	723026	756940
P0AAC4	6950490	6731070	5965890	6556710	6925160	5962960	5775740	7563910	7800890	6757070	5711020	5135500	4628840	5567400	5089890	5788800	5257610	4645990	4034920	5372010	5444850	5465370	5573540	5591490
P76584	172003	226511	220291	170968	168189	220417	182109	128832	182364	177051	142225	137609	163954	103878	110120	120586	121503	141396	156623	134756	180334	207437	151711	152361
P75728	2339880	2792930	2435720	2677310	2670290	2576470	2496390	2336640	2549010	2306250	2681450	2672950	2729560	2690860	2696860	2632290	3037660	2905520	2652140	2775930	2766200	2523200	2526570	2323750
P0A780	7461270	6888510	8416540	6523130	6905540	7558440	7244510	6844380	5972300	7356390	6237160	7134160	6738060	6312690	6643090	6849850	6229130	6968670	6639170	6465190	7674240	6680890	6335160	6294490
P52062	1154410	1174040	1086320	1185110	1084630	1224650	1090980	1179350	1105710	1206430	1061510	973975	993886	1099760	923987	914056	1042770	1000550	1008310	994813	1101280	1155700	1010020	1038250
P64448	1447370	1397380	1148300	1452980	1462420	1208290	1412460	1377170	1469520	1500280	1191790	1191130	923869	1084170	1050160	1093040	1239290	1058180	1030520	1264250	1508710	1396560	1125260	1213950
P27241	767702	582988	576248	574729	584404	623472	689856	618903	670200	558219	1046510	978805	1128970	1006160	969803	1037850	978726	929199	960013	1090670	681791	688737	934556	975645
P0A9Y6	403699000	512338000	607004000	467225000	523905000	441972000	546364000	462684000	466961000	404791000	520266000	583926000	578157000	497646000	505055000	509773000	488310000	539747000	495944000	497889000	582498000	479998000	582015000	621100000
P0A9X9	94877200	66289100	117568000	71918000	101249000	92524900	103107000	136469000	132366000	132033000	257107000	278864000	127447000	228645000	277617000	214921000	290957000	270233000	168426000	171460000	95622600	105525000	272821000	319587000
P36995	1498290	1960670	2058370	1901310	2307310	1491160	2418470	3260340	3033250	2060650	3835880	4127660	1766340	3302340	4062820	3232050	4249930	3443030	2262760	2292100	2038520	2416310	4835170	5640450
P0A986	294484	454618	504128	421618	570560	322422	529596	629249	690908	400481	399947	468992	185495	342540	433888	329505	376478	436258	261917	256188	450353	448493	666389	571512
P0A972	226904000	269154000	307482000	262126000	282433000	216495000	308232000	321915000	312836000	209000000	334821000	326491000	256146000	279831000	306554000	254056000	280110000	303853000	272756000	255617000	274885000	319720000	364056000	391418000
P0A978	642008	799294	802333	732703	927180	674907	1017240	1096060	1263810	736633	2245830	2510920	1124980	1832970	2365520	2005460	2896780	2306010	1416440	1426810	760626	987188	2677310	2886290
P0A8M0	82783100	73347100	74639200	73582500	70746500	81962800	69869100	63699200	66908900	83237900	82636200	80826000	77293500	86650400	81262000	75094900	82588500	82592300	81144600	82598600	80436100	75771400	83157600	77395100
P77179	117233	156388	158892	144360	117078	128674	171302	111719	130544	99341.7	171671	147104	157944	122915	113688	125718	146690	135012	110810	141695	128309	128128	121282	128784
P02929	1388470	2432320	1515980	2666120	2437270	1384340	2671650	2875540	2719500	1161310	3324780	3142990	4222040	3208610	2969190	3207110	3395120	2926130	3353660	3018160	2160020	2429040	2644770	3056790
P0AFU2	300224	368625	306605	281037	347380	297248	318576	258945	307538	293685	178103	216815	187655	166094	225063	161409	192192	205728	174015	212324	403573	288019	306036	251276
P0ACY9	2085160	1862390	2580090	2132830	2028940	2220750	2018200	1855990	2158250	2003780	2436340	2464940	2548420	2106280	2687910	2617600	2465090	2460210	2697510	2623780	1885560	1906830	2345030	2371230
P76206	293701	274096	204356	113479	243340	230235	336258	121252	262683	165407	250835	352040	220228	229622	269950	230742	250488	287511	236181	271579	259879	242461	241896	268536
P52061	8897410	8802040	9954580	8024200	8614880	9245740	8760250	8017930	7698520	8445440	7256720	8124570	7284060	7034590	7778760	7526190	7096950	7874510	7045620	7042220	9439310	8470880	8073300	7219660
P23524	714951	630147	640841	531076	518441	713865	562929	532470	533553	708787	448648	418345	448824	495711	444530	440241	458108	419686	453762	429051	536351	546730	503348	485386
P23837	1116350	1251370	1158930	1088600	1195970	1101390	1166370	1023460	1043000	1133920	1005470	1062400	889419	892758	968715	865506	1013230	1066140	900423	920531	1090930	994342	930697	905077
P0AC75	1221000	1302080	1289830	1270930	1289630	1245420	1297660	1221660	1204730	1175150	1585240	1592290	1454990	1496930	1525030	1464310	1550430	1596050	1426010	1408560	1289490	1257010	1500710	1322990
P14407	8543240	4264270	7175150	5001650	5102650	9323590	4359860	3500390	4055570	9723190	12656800	12184100	13732000	14395900	14163800	15895700	16944700	16756300	17363800	17750000	6171430	5401150	18087100	16317900
P80644	138810	195566	142306	188638	192320	151876	180782	158112	140967	123226	66158	60260.2	73442.9	44287.5	74012.6	68573.4	76709.2	76693.4	70242.5	70729.6	149873	146755	66598.1	62466.6
P0A8A2	4902390	5872590	6409420	5901630	5778570	4915600	5904240	5143460	5389810	4761400	8598900	8575400	8719430	7693310	8955830	8621670	8833550	9213540	8888030	8665520	6387530	5940200	9139860	8748010
P0C0L7	2105260	2644360	2110090	2677400	2695150	1933200	2510510	2766890	2853000	2054900	9414750	9390260	7260530	10015700	8942090	7811680	9196250	8073150	7757970	8691030	2362810	2345610	9023490	9645380
P08400	345746	391997	356084	359787	422303	334926	375627	355247	377306	316606	298517	277740	280194	327358	260124	283765	301561	318237	279871	298461	331394	344827	305025	280967
P0ACV6	1982560	2054050	2083540	2027200	1984460	2197440	1869330	1826470	1897680	1996470	1546140	1544200	1572610	1477220	1534200	1606610	1653120	1495380	1563440	1554290	1931760	1956730	1457420	1489400
P0A927	15532500	16198800	17665800	15129300	15194700	15860400	15085200	13129200	13367300	15519400	15242500	14407600	15465800	15557000	14873500	13631900	14108400	15667100	14625800	14976100	16193800	14554400	17597000	14160000
P0ACI3	1550530	1581930	1408950	1551570	1585160	1349610	1692020	1453640	1569900	1442840	1316210	1339100	1404080	1355840	1218100	1302200	1356360	1442630	1354560	1429460	1557010	1470320	1340530	1271380
P23871	1540680	1851030	1615180	1695590	1725940	1517080	1750760	1717360	1682070	1492750	1943340	1904570	1863040	1933550	1826340	1694330	1880150	1914730	1822810	1687620	1572100	1662170	1827220	1826100
P0A8Y1	1694930	1914920	1766400	1830940	1754320	2214100	1785370	1785710	1889510	1787700	2707110	2484550	2534130	2407060	2289780	2330180	2501330	2447280	2334170	2398240	1768270	1758810	2162280	2284650
P0AA93	66501.5	82724.6	63416.7	79979.3	55804	79965.7	62632.3	79834	59802.4	80882.5	140745	138769	133916	153688	134285	129203	152457	131678	141500	159009	83506.4	95087.8	157462	158256
P45531	708162	690457	662422	662809	736322	610369	705701	684174	563786	612837	607706	646864	655329	574376	654218	596160	571247	701365	627936	590148	690161	644766	636187	554936
P30128	2364990	2271440	2801640	2294570	2184590	2466690	2241420	1993820	2107770	2476900	2177910	1982190	2441450	2235400	2217470	2354920	2184700	1938730	2249090	2298020	2604040	2271300	2099850	1980100
P37651	432820	465408	426141	458409	403015	356178	513395	377047	445975	472074	583968	549267	533075	581663	419445	535846	482857	518720	462317	515401	546706	358953	454222	471608
P0AA37	1931650	2139880	1934310	2083800	1939780	2101800	2063450	1916210	1975670	1949000	1913340	1912280	2084930	1791970	1920280	1972340	1934040	2004630	1893830	1923400	2100750	1857340	1835150	1939950
P0ACI6	721517	833759	747062	754801	768885	734588	766535	723184	695125	618346	676412	683046	765789	739890	733077	711135	710436	783988	743254	683761	833090	664544	739632	675696
P77739	7641930	6538740	8117300	6565480	5951440	8477490	5555960	5318750	5233490	7799590	2586120	2511610	2743660	2734890	2821050	2792640	2885050	3157230	2703570	2752050	7327610	6212700	2916520	2925810
P0AFH2	2587870	1923450	2260510	2265680	2826140	2533280	1833870	2376650	2381510	2544960	2398410	2526600	2080280	2538700	2437960	2304520	2711630	2497400	2508930	3325940	2229680	1889330	3777020	2762120
P75823	6496050	7085130	6371490	7066570	7064960	6849190	6448010	6278860	6270950	6627850	6276410	6306510	7145430	6537930	6552380	6438480	6813420	6647870	6477210	6518430	7396340	7251160	6221330	6164650
P69828	83339600	100457000	100330000	100445000	92996700	89827800	86413400	72059800	66979700	80891600	25895800	30363500	32606000	33481000	28253100	28869500	26330000	30072200	30245600	29719900	105997000	95969600	35393900	31414700
P0A8P3	22286700	20251900	26627700	21901500	20806300	22657300	20211400	21493400	23972300	22835200	18500900	18320000	22015400	19457000	20156700	21282200	21976600	18839200	20673500	18142500	19924600	21424900	18176500	20603400
P0A784	5391650	6346110	6114160	5852850	5941390	5472440	6223810	5441730	5020840	5489960	6110000	6113370	6887610	6508470	6681360	6530500	6730080	6706470	6655070	6261220	5861170	5751320	6155550	6558280
P0ADP0	6173030	6257480	6172430	5942640	6076960	6538520	6106700	5743530	5208460	6187640	5743970	6059560	6249960	6410010	5640070	5398880	5886000	6114210	5533830	5767620	6152840	5747200	5872460	5778810
P67430	283851	347924	321551	329707	300789	306339	363538	267962	277704	291583	324631	300571	375020	345077	326628	324958	351342	379029	334907	356222	290463	312660	341322	296369
P64517	1541850	1772620	2372550	1875810	1653750	1453240	1551040	1548160	1673890	1571550	698806	736247	691598	664754	866013	690361	755386	789592	730663	768255	2054960	1748200	1000320	947506
P45469	1775160	1965430	1702540	1879560	1917160	1769190	1790460	1920480	1870580	1492870	1257060	1242080	1222010	1219940	1305920	1164440	1236250	1354010	1159910	1096880	1684450	1760090	1229850	1174860
P23484	NA	NA	NA	NA	NA	NA	NA	NA	NA	NA	NA	35500	37010.3	NA	20409.2	26024	42250.2	29129	36619.9	NA	NA	NA	NA	27901.2
P32680	2959570	3059950	2817150	3020140	2785190	3138500	2803280	3009570	2780810	3103970	3559490	3214930	3815100	3591630	3703360	3752750	3609870	3458440	3577910	3507390	2912120	2887600	3300850	3296650
P0ACU5	2416630	2316870	2127500	2288320	2467960	2422340	2231610	2033420	2348290	2406730	2317970	2252770	2541070	2359820	2318220	2412540	2561700	2411110	2321250	2305900	2500660	2480820	2298670	2385310
P0AC81	17940900	16834000	19451800	16645700	17783200	18126700	17604900	19186600	16135600	18558100	17266700	16465800	18714000	16845600	18748300	18979600	17314100	17967000	19449800	18236400	18686600	17842100	16592900	17976200
P39353	666215	950486	720898	792614	861724	691551	904149	885063	876572	623572	457072	428602	442314	471223	475381	493912	542692	512799	482326	496075	788720	763310	483138	517192
P0A921	2125420	2510610	2211700	2148880	2314180	2091410	2142900	1798750	1921870	1981090	2019860	2041130	2052670	1937630	1997350	2012960	1991990	2133140	2000570	1968200	2573180	2082490	2131500	1836480
Q93K97	1216180	1330670	1275340	1267050	1289230	1232170	1274150	1117000	1102470	1164580	1274850	1254450	1394070	1238890	1211280	1114310	1202920	1227460	1155250	1197520	1263830	1263850	1272150	1241900
P64614	300793	262295	327774	398856	375207	241909	325981	343478	350892	288853	1501010	1576410	1742920	1288470	1526300	1449780	1528030	1408220	1510680	1424280	329012	343478	1362680	1382630
P75801	264154	282561	273405	303101	301625	325867	315603	295499	269842	265555	681507	638035	592278	607843	553544	620989	654027	661116	654533	739695	313996	316714	607915	556684
P0ACU7	5996940	5606650	5854330	5807510	5765800	6267060	6244000	6755960	5748210	6078610	4444660	4659000	4900710	4308010	4536370	4971130	4608070	4932650	4560400	4306070	5588660	5659530	3816630	4075520
P36677	54451.3	61879.4	82016.2	72190.5	62903.1	92714	56845.2	58785.4	81538.7	79637.6	66522.9	67222.6	118240	53208.2	67589.9	73189.2	103537	78562.5	92236.3	85007.2	57198.8	72924.9	68246.2	78629.1
Q2M7X4	875915	970877	1164900	928098	1057050	842797	935973	957683	1057190	904251	598738	604176	469477	535244	664968	637809	651142	615020	640351	595803	881225	869828	554734	605631
P0A9Z1	4783220	5044640	5247550	5360180	5054410	4970330	5232430	5360620	4314650	5051300	5296800	5162720	4776740	4062550	4494300	4333210	4599280	4186730	4507510	3975570	4392930	5022040	4342330	4716360
P0AGA6	1801820	1878610	1814760	1782840	1660810	1919690	1802940	1922630	1606830	1723210	1478610	1516230	1578260	1376410	1433610	1420130	1409360	1686640	1354990	1381810	1865100	1893170	1339060	1392330
P64557	362375	362656	425765	280978	240877	334895	326931	196170	205697	336974	162329	285819	164840	174630	186492	199979	187168	275396	202130	186024	420261	345580	213572	191728
P39161	980706	943224	1048450	933097	955038	980983	921250	938651	880774	948587	883723	934310	926570	796456	867203	880674	910447	831440	861258	896785	1037900	1027160	902633	794515
Q46807	119892	151186	159946	121906	117856	132416	120681	98653.7	115244	126715	86159.4	76294.2	87049.1	93986.8	62606.6	82693.6	99722.6	97559.6	71964.2	82028.1	150124	158116	84474.1	103425
P76085	295537	361596	346510	422201	334065	381422	397219	300222	423886	276743	NA	43836.5	NA	NA	NA	NA	NA	NA	NA	NA	269610	454388	NA	NA
P0AC55	NA	NA	478586	NA	NA	628837	358992	NA	NA	239694	523472	739333	525988	593408	728598	1149560	916285	1108750	660383	735164	NA	451646	739221	1344890
P76329	2597010	3102040	2604510	3117670	3347420	2670070	3069090	3757340	3447740	2622230	1741970	1647360	1817720	1785680	1788230	1772270	1991020	1841360	1619600	1666060	3185350	2790590	1437270	1654540
P64545	1279700	1511370	1399670	901741	1377330	1134510	1373860	1108320	1388380	1042960	962566	1372290	781019	664997	1012810	1120910	942517	1229170	1003730	781051	1474450	1309270	1192280	834830
P0AC59	57351000	68366800	67300600	66192400	70991300	58823300	68725100	73858300	60217100	55626700	43490100	45235000	48852900	43150700	48540500	46041600	47661800	48324300	47467100	44914200	68277100	66755300	43956600	47688300
P39286	4471030	3827390	4080350	3864270	3958780	4529240	3910460	3939590	3895390	4361320	3875760	3793610	3868740	3896660	3618220	3789870	3930810	3911060	3718850	3755520	3525310	3555790	3557250	3692060
P0CF40;P0CF41;P0CF42;P0CF43;P0CF44;P0CF45	740455	695093	975512	785913	799844	763879	756226	735385	723080	713681	1577280	1712980	1536080	1413190	1602070	1516160	1423440	1745790	1526000	1420490	767199	587442	1405290	1432710
P0AEX5	6023040	6603240	6173580	6865940	6696700	6392260	6321580	6171670	5926940	5799050	4696050	4789620	5020940	4443840	4441910	4517560	4640150	4569060	4189540	4421390	6393960	6612610	4505900	4574140
P45799	2897850	3064140	2919710	2937090	2639720	2874070	2773890	2533270	2528900	2787230	2439850	2642340	2547000	2339000	2365980	2309760	2331280	2612440	2298270	2270550	2877650	2634020	2522510	2405970
P38105	2275660	3096210	2322350	3136450	3505800	2182840	3824990	4624190	4115680	2322340	1405860	1426070	1154340	1444010	1282410	1442830	1763130	1499670	1349520	1243690	2633090	2875650	1076490	1299740
P76549	645723	597305	501534	583276	540235	706987	557083	538982	552919	664406	518285	430934	601904	521130	551043	551062	546622	561971	548168	661140	610399	641278	496261	529239
P0AFM4	5658990	5632370	6905830	5923260	5961720	5614550	5438580	7441310	7939390	5642640	3433450	3355800	3698710	3174520	3786120	3936080	4006030	3241010	3647510	3146000	4653610	5506500	3086090	3438900
P0AG63	44125600	49422600	55712500	49177300	54131200	52900000	53482100	43626500	42756000	48531600	64077400	57611500	71895800	67249300	62657400	59151600	71417900	74725900	65098800	63724400	47641200	46291000	60402100	67846200
P39264	85230.3	194186	91401.2	273580	416974	122029	290158	223248	252791	88566	141260	198586	151223	180191	197916	131927	183131	150766	97451.1	121948	260745	357231	117369	151873
P76389	965384	897506	867496	915048	923808	966019	847785	881386	849699	844615	643830	742304	640058	673396	643611	635902	732554	719266	682721	724755	894492	846773	695277	629002
P0A809	2620380	2478440	2720040	2263350	2453950	2513690	2446390	2519070	2366030	2649920	1961640	2000600	2019560	1947540	2065840	2147960	1920410	2047460	1977220	2005060	2460920	2296850	1859090	1967070
P75849	11110200	10225000	10318400	10634800	9965570	11956100	10100900	9643520	8679360	11454200	10377400	10118500	11226600	10394100	9739380	10192900	10859800	9980160	10318100	10288400	9569090	9648920	9907200	10181800
P13857	2334240	1802670	2130950	2070050	1776990	2348780	1728390	1896190	1716090	2440770	1227370	1151580	1408340	1282630	1239220	1310790	1305990	1207140	1313550	1224600	1942400	2040180	1234440	1367220
P76231	1029350	1133960	1326720	1235250	999336	1173470	1101880	1066640	986181	1096800	872661	825058	818109	770271	870701	753674	779070	786324	702443	660664	926231	885427	764422	781795
P27305	1669330	1682260	1467730	1718490	1592220	1688780	1563040	1634190	1706440	1694870	1538110	1567730	1546400	1657660	1542260	1776080	1733630	1593000	1619000	1549630	1756180	1752390	1507200	1654680
P29217	9262220	8575540	9665630	9000730	8570140	10209600	8792400	8164020	8534460	9771600	8054280	7605770	9107120	7824820	7910430	8408560	8189820	8097550	8221980	7905050	8442850	8788250	8051240	8019910
P39332	936103	1184450	1264220	1120480	1132260	1040650	1223810	1264130	1127740	1019970	758916	1000850	711809	961088	886813	776014	925040	1017370	820379	697802	1101560	1157720	856477	771846
P22186	3049950	2656340	2891730	2645530	2469930	3131330	2506250	2575290	2568510	3030080	1804140	1739700	1923870	1987520	1902030	1976620	1834560	2014150	1949280	1851330	2623450	2490410	1769350	1664700
P0A9X1	5017700	3779000	3945500	5421360	5548980	4879570	4628380	4242660	4370660	4984240	9922100	10014800	10512400	7787790	9669930	9179950	10016100	10231200	9395520	9621240	7252890	6318590	10544100	10117700
P0ACU0	496642	579746	469946	589542	586264	499868	555505	503426	492997	521038	531140	480649	624629	529053	555278	589997	589867	541238	582396	537403	605295	610861	500620	502846
P46125	2641750	2552490	2494310	2787600	2902820	2912470	2573400	2780620	2955570	3065880	2441230	2309000	2048090	2318870	2300340	2372540	2391090	2273140	2069240	2417580	2424890	2454750	2472610	2170170
P23869	45201700	43990100	49821300	46864000	42786500	46450000	46133800	44802300	42651600	45642500	42697000	41811200	47398100	40718500	45801100	44190200	43196400	43082900	45472400	44199100	48347900	45554500	43408900	45001200
P64426	468733	573327	503689	545495	567520	476849	547633	419691	489057	460790	392516	402967	458345	462433	395329	407186	434432	467844	373818	388563	515044	469355	407124	396378
P32162	2089800	1809900	2271830	1962610	2172410	2133380	1909990	2049030	2216040	2013560	1908530	2068950	2303610	1877240	2125960	2348640	1890330	1909520	2073010	2087270	2145410	2042270	2198120	1753260
P0A6W5	12266700	13320500	17141600	12961300	12996500	13785700	13346100	11872300	11923900	12752800	10100300	12004800	11571000	10438200	11359600	10998100	10854500	11763800	11454700	10447900	13440600	12496000	11347300	11349300
P77302	709333	1057150	909021	1097600	875559	751846	878174	823650	795701	656773	1476710	1449870	1607080	1580320	1463160	1452710	1526040	1473670	1383260	1344550	930155	934116	1232940	1363170
Q46868	13081500	14242600	11610300	12612500	13639200	14535700	14880100	15410300	14258700	16652200	11907700	11093700	15089400	13817000	8252600	14432400	9669510	10609000	11505900	12018900	13622500	14207000	12215100	12909700
P46144	1960660	1641040	1931630	1809070	1575950	2023940	1749200	1706220	1615620	2113080	2507950	2428660	2716780	2549430	2521800	2511720	2566810	2562860	2642080	2449820	1654940	1726680	2454180	2497650
P36561	255478	236815	249069	257581	241775	261561	248068	259558	270017	242301	225093	223940	212958	240925	170970	232587	199942	214344	164545	232866	244457	207329	205716	174810
P0A7T3	171544000	176380000	219237000	176357000	179820000	172644000	173865000	174825000	147879000	182685000	228051000	267926000	266566000	255125000	288641000	255246000	242830000	270063000	271586000	241449000	203596000	190790000	255601000	259898000
P0AEM6	1442150	2742480	2315240	3139470	2439290	1642990	2748370	2342760	2311520	1502600	352017	434059	408550	697178	474494	424718	328465	372786	262504	167541	1982220	2315290	182425	304869
P0C093	2308580	2716210	1894860	2460330	2663230	2602230	2585920	2499040	2405900	2733430	2432550	1978950	2680150	2428650	1779390	2542340	2050020	2301120	2211110	2447500	2838600	2534110	2331960	2211690
P76113	12235200	13780000	11547700	14523100	14473300	12630100	13412100	16128700	13904600	11602900	10574600	10461100	10361500	10084500	10988800	10364900	11503900	11012500	10702300	10023900	12992400	12917900	9646520	10775100
P0A8H6	10396800	10411200	12805500	10734900	10497900	11096900	11108900	11531100	11720800	10644400	10072300	9922490	10735600	9958110	10897600	10971100	11012700	10244300	10778200	9948930	9374470	10135000	9702790	9787460
P0AF36	25682000	24316900	31316500	27039800	25891900	28912800	24238700	24928200	26557900	26878500	25187300	25894800	30015100	24570100	27556800	28157800	29909900	27289200	27986400	25498000	23483600	25979500	24916900	26795300
P52006	686951	782365	683324	742656	717040	601413	520268	540857	616463	658199	396205	442611	525640	333786	550850	399236	444177	343196	430257	451039	754594	729772	523236	312887
P77788	700508	979449	975643	965837	866487	922256	828032	858511	846566	1038810	1137390	1173370	1134950	864176	1019080	930550	1101790	1029060	1019830	1161120	869658	978738	1021950	1026490
P56580	458214	435027	497144	383352	412371	369281	497942	540235	574189	355225	256421	201419	191523	224265	231636	215638	224529	281273	235326	244011	540100	590075	253453	270300
P0A742	17615200	18626900	15726100	19435700	20218600	16941900	18898400	21773000	22874100	16935300	17729300	17690600	17550500	14828300	14903700	16521600	15705100	14742400	14283000	14710600	16455200	16321300	13931000	12851000
P76577	240187	225922	177526	249971	188579	225239	213451	182379	189629	208725	204315	172434	180161	182122	190887	177603	199878	166498	193358	194389	182955	238100	217815	209831
P64506	5189870	5255520	5823880	5545180	5599610	5460960	5240980	5009630	5420280	5331910	6369550	5982760	6225560	5479930	5628340	6053740	5902650	5518760	5935810	5460810	5044620	5847030	5517020	6339880
P0A6E1	5885860	7390590	7185180	7762560	7911140	6425050	7355110	6953550	6613800	5688820	7042780	6501230	6946260	6279770	7043850	6544280	6200670	6295630	6537990	6917590	7163970	7592470	6828110	6326140
P0A840	2280240	2259380	2192490	2011450	2001870	2378580	2240690	2062640	1927090	2295860	1574560	1634160	1719010	1704750	1554210	1624830	1594710	1806440	1697910	1596410	2200950	2154040	1652340	1581610
P52076	639731	698784	781851	681859	678340	703647	628319	631522	589517	658982	662369	697773	801290	573540	631054	669110	683172	727404	675884	672122	657240	639969	655548	653261
P45524	1170760	1306070	1245610	1279600	1228030	1166270	1286440	1076810	1066400	1121820	1596280	1465880	1565990	1546640	1455830	1452510	1566540	1665870	1518930	1495450	1236970	1068820	1536120	1434530
P76251	3084470	3040520	2606570	3108140	2985250	2953720	2836030	3069980	2999140	3094090	2640900	2605940	2758250	2657040	2734620	2608840	3219620	2685030	2884710	2843320	3114240	3143080	2619290	2675020
P0A8D0	7353270	7267790	8439110	6866380	6486490	7979130	6180810	6333180	5969110	7633430	4664910	4403090	4952190	5136150	4796070	4565140	4833000	4865910	4748230	4786810	6332920	6341230	4857950	4796150
P23894	8272740	7802270	7393750	7820260	7595910	8080840	6903000	6365240	7186270	7699600	6832550	6756980	7426350	7146420	6673970	6537870	7192100	6848610	6677910	6858090	7378370	7395270	6862030	6480270
P0AFH6	4705690	3533550	3677080	4491500	5382430	4919320	3058050	5064450	4797390	5254490	4043090	4279590	3709790	4770030	4511950	4264700	5164790	3901630	4566580	6013500	3963030	3938420	6566530	5624620
P75966	1941930	2100380	2213570	1928450	1993620	1772930	2001660	1810860	1716230	1955130	2051050	2327330	2039880	2127570	1983140	2148390	2003150	2439680	1970630	1857370	2100950	1781370	2075410	1940560
P0AEM0	3218340	3459540	4108510	3903380	3282640	3939280	3427250	3375350	3238680	3385090	2971730	2748810	3225290	2546830	2824430	2864270	2688790	2459230	2753000	2490250	3168480	3558700	2761420	2796430
P0ACZ8	1191220	931811	1286990	978479	902930	1521130	948113	1059000	948621	1036100	834420	692648	852351	794133	839570	985046	927882	747156	853505	781898	1062930	1049500	720113	788143
P0AAQ2	1814440	3450700	3126460	2405100	2620790	2071250	2821890	2638660	2668990	2068740	899819	874580	544955	1445230	1111110	1045260	944929	927648	885674	728743	1882120	1769780	788204	924118
P05706	253093	303434	315671	371762	396961	288687	356522	353318	306481	127416	647692	558188	733861	671670	728848	982812	839899	668948	919692	865421	414957	407576	1034610	913039
P52644	4779840	5573300	4806200	5086710	5063380	4583790	5061770	5811050	5058820	4382460	2533680	2162840	1916760	2837900	2381140	2420140	2708380	2858160	2588140	2972930	4650070	5152790	2697010	2616030
P31470	109329	105774	113363	115184	107556	81143.1	108449	99122.3	86099.1	96731.5	103108	112994	142626	137990	110866	118611	146204	131495	121578	137106	99871.3	NA	114989	129168
P0A8N0	7042760	7348430	9103330	7154120	7067410	8217210	6773210	6832430	6710470	7713840	5684090	6155400	6915440	5049700	5825380	6066780	6089600	6115030	5946840	5687710	7163520	6596620	5355870	5817840
P0AD37	1049870	797091	921173	932279	854329	1080770	951086	731737	800440	1033880	373145	388975	379166	366090	404915	345776	358708	360608	434794	363212	903737	979620	402995	403400
P19317	24378.6	101261	97080.3	128066	94910	90543.4	85454.4	106711	NA	103770	85132.1	70652.5	104668	60060	101533	106095	117070	49500.7	113492	112132	91967.9	68869.1	48059.1	97348.2
P0ACN2	166825	194608	187876	157692	176616	163624	163296	183827	140024	180621	185724	164881	189777	184509	186698	196236	168811	194350	199827	181435	162845	143041	166445	177427
P46859	487343	447186	478325	462139	413282	508569	478265	480758	395617	511663	348650	295910	366470	357247	337166	352988	330584	325304	345671	350556	440890	482569	335729	342479
P37019	754789	904582	709831	820760	902556	734197	749969	900949	906752	671748	536658	484030	405880	462086	498703	484407	576484	521473	450901	534420	743013	740139	566076	543853
P69490	1115340	896230	955407	982456	935328	1130670	929176	1033890	1066300	1203450	915231	793152	948935	984838	860764	969339	965430	894193	963657	948505	810218	902056	919440	865936
P67624	1075100	1085970	1251650	1308030	1028310	1178270	1070600	1247500	1037650	1552390	1493680	1027260	1241060	848032	1000790	1165530	1210910	973485	1200110	1019620	939357	1047310	834720	893780
P60584	998688	1039860	1226770	1031910	854589	1078560	952371	1129930	1072990	1101510	802138	602371	654481	798306	717475	770497	911143	750022	834131	776232	1006190	1035670	786501	669512
P76008	1793830	1677930	1729690	1780460	1649990	2022230	1765250	1559840	1475970	1852980	1849850	1734230	1992300	1806560	1811370	1625740	1995470	1882060	1806490	1786040	1864090	1788880	1741430	1741490
P0A9D4	5974670	6180840	5877980	5984170	5687530	5936670	6039440	5236520	5472090	5555440	4121110	3876870	4246000	4019260	3951110	4152020	4370630	4313410	3842850	3800030	5506510	5604930	3948760	3713800
P0A9L3	27546100	32052000	34502100	32731100	30006900	30557200	32357500	33125200	28280300	29491300	31012100	31296800	34211900	31531500	33773400	33899600	31284500	31137300	32206900	30291300	29975800	32648700	31793800	31891500
P0ABW3	60793	48319	68675.8	73054.1	82285.1	66588.5	61646.3	NA	76231.2	61449.6	81098.1	62295.8	111313	80434.2	63749.4	93250.8	84476.5	83745.2	69708.8	111593	54622.2	NA	64399.4	100553
P16691	1025340	1100920	1044370	1108790	1015340	975440	1003400	1075270	1014420	1077130	804066	747102	969331	913279	842055	867160	872536	800443	792183	785652	1013730	1067130	750935	836991
P0A7Y4	549571	510844	657516	543641	556956	562051	580257	468829	482948	552830	660903	645450	699873	596487	682474	687487	691556	618500	615826	623144	558716	536885	632444	592912
P0AB61	8041660	8694870	10194900	8973870	8327240	8912740	9062660	8808520	9617650	8486040	6215120	6276870	7426780	6219670	7281250	7299150	7288990	6738380	7034750	6524750	8282020	8918500	6357830	6559270
P0A756	272409	275630	252395	274597	277406	275722	254765	256780	246876	270328	283222	306782	369968	268351	273033	299650	269116	301266	259140	234181	275739	263227	243194	242554
P56256	91716.2	119506	112688	122208	79133.9	85836.2	92868.7	64457.9	75810.5	94743.6	70444.4	77703.8	125980	74141	55240.8	121370	86967.5	77513.6	116112	79846.5	72167.3	140242	89682.9	87451.3
P76114	237722	309448	198590	269918	391665	249019	326022	331173	303045	225035	210955	191829	220919	187926	161591	187400	169564	224120	168939	170941	270063	256939	150499	135896
P77718	2378540	2312360	2370720	2401450	2273470	2559800	2192750	2214410	2221740	2375660	3573250	3318810	3296370	3550980	3476230	3239630	3608530	3472860	3448560	3611090	2528800	2493700	3500540	3315880
P21645	9739370	10149900	10077600	9811470	9710890	10310600	9453520	9697890	9726240	9425500	10047500	9504840	9304790	9867950	9227270	9089020	9778820	9762330	9330190	9689990	9855550	10113300	10013900	9037230
P64581	116944000	109015000	94000800	103232000	106765000	98379400	117153000	116768000	127592000	116052000	66967700	57861400	81500300	74217100	54065600	71315900	62370300	60052100	61909300	67570600	109705000	110976000	80175100	82774600
P0A6I9	1416310	1277960	1529880	1287590	1260440	1428080	1319640	1254800	1170030	1337780	1069620	1063020	1174200	1001390	1098680	1163950	1046060	1147530	1081690	1044810	1195230	1346710	1097280	1176630
P0A8B2	2705510	2704640	2821770	2590110	2595780	2948780	2576780	2368550	2396860	2780960	2512820	2714450	2864870	2531340	2694520	2696530	2589080	2699390	2562730	2718750	2406300	2579550	2639440	2638870
P42588	1082380	1850580	1475320	1730150	1657430	1003590	1682690	1650560	1631930	973987	876022	857116	703056	795203	849645	710927	902059	950862	686419	706804	1525250	1494820	644495	737468
P0AGF2	2380540	2147400	2681680	1968360	2070910	2316530	2036730	1909340	1797950	2372510	2157500	2379350	2354380	2014580	2330540	2428820	2068060	2327800	2308530	2148170	2138590	2097000	2316600	2165410
P16095	3982730	2615060	3076820	2664480	2994870	3860720	2595440	2755340	2712730	3886850	1989300	1970830	2002160	2113620	2089330	2051770	2227930	2098860	2107260	2187140	3088490	3094100	2253450	2210080
P0AGJ2	2417780	2313010	2220110	2300620	2249770	2393660	2262100	2227210	2265780	2185190	2535310	2378860	2562510	2584450	2433310	2489450	2447990	2642180	2483780	2449580	2122140	2055610	2436890	2428330
P0A7N1	11878000	4821560	5108480	11223700	14009900	9055510	8536390	10622500	10706200	10708000	154148000	166992000	245871000	45579300	127621000	153737000	170790000	171854000	164739000	152664000	26047900	20165700	161257000	164102000
P36672	387510	477181	412094	442847	428747	407679	460536	476590	477253	379342	1302340	1169910	902314	1422210	1471010	1606630	1555310	1330710	1578360	1678910	370702	383381	1737910	1326710
P37765	8629780	8521160	8872100	9072660	8859550	8748830	8059240	8074970	7871130	8948590	11848000	11657500	12594700	12229400	12299900	11783200	12336000	12047900	11742300	11979100	9625500	9023900	11209700	11697000
P0C0L9	6153350	6429990	7483110	6805900	6409620	6316890	6855860	6618770	7105820	5793160	6315020	6702440	5765620	4657250	6593770	6461960	5638030	5539690	6058540	5677630	5786740	6439590	6129630	5687320
P76540	86423.4	79405.7	104390	138186	87153.5	70241.5	111047	88359.1	81916.5	71786.4	79726.5	95831.4	112189	81114.4	96842.5	97613.3	100680	101906	104678	87731.5	89495.9	103593	103005	80038.7
P61887	1383330	1730770	1580390	1843370	1611430	1361450	1572300	1976580	1768550	1493720	1731650	1616210	1901220	1852180	1796710	1755040	1828560	1706270	1737400	1803820	1710000	1807790	1790190	1889020
P23857	27467900	23945600	37314600	24929700	21215600	29976000	21971200	18652700	23083000	26987700	4397380	4757720	5932050	4802510	5631590	6067750	5841470	5634640	6534320	6119450	26416500	24457300	6982390	6171920
P30843	806277	983824	895425	945930	1096940	869200	1014250	1002970	887217	882570	930253	911429	992348	771220	819825	853526	886080	922122	793694	777334	965073	904167	713277	746913
P0A8M6	38409300	38891400	41619700	36698000	37879000	41736600	37968600	36657900	35985300	42036800	53768300	51829800	59512300	51972000	60358900	60961100	64259000	60970200	63095500	56290400	38963100	38953400	59061000	58376800
P63264	850562	1286760	974978	1240910	1129990	1054660	1057010	943809	946076	1085210	969486	768535	1451510	809511	1242740	1061610	1211810	1067260	1208450	1205510	1152670	1167830	1044080	1007810
P77567	96404.5	147844	93107	142335	128973	118093	144909	143851	143789	116563	171109	165151	133659	180801	145631	119280	166600	158891	147270	158237	103147	132362	153965	182580
P77272	289615	350091	265970	343202	297107	280599	343372	325552	326006	311954	114862	121003	113554	139483	111379	87862.5	129807	94019.9	136142	141176	263096	274689	135510	153834
P77245	810133	852535	827917	980731	901444	979705	807427	903568	810072	833571	1124200	1052790	1327330	1134000	1165630	1126460	1128210	1134640	1029960	1066460	839745	884465	1059350	1065850
P22634	3228700	3193670	3257740	2990090	3049890	3641310	3060390	2960320	2978650	3161230	2722150	2642830	2928060	2908310	2856730	2825750	2978720	3022820	2798470	2800270	3269500	3184030	2804220	2627670
P0ACG8	1051850	1175850	1346790	1379590	1082930	1127620	1122190	1264720	1090020	1082210	1216600	1155070	1196160	1127810	1130180	1201600	1181890	1249430	1133630	1091420	1272490	1331010	1152000	1284860
P0A912	117158000	91741300	123550000	92704600	93720600	103656000	89222400	94870700	98117400	108509000	78490100	78483400	61416600	64121500	62059100	60481700	62570600	59127500	57998800	63877300	77596100	75340700	66531600	56972400
P0A8N7	730216	744442	743443	693708	705598	736693	638162	565416	644399	678784	988010	1080690	1007960	1034680	1015110	999160	1031500	1060130	1021170	1054220	728588	681839	1200810	1152690
P0A7M6	52062600	55469200	69104500	56767200	54015800	56551600	43747400	52691300	60564500	55786000	69900800	73871300	73243300	58907200	78618600	74644000	69433000	74782300	73938000	66094000	51520600	55380300	72564600	73498200
P0AGL5	746639	880679	857115	1012060	945054	925533	926833	1038010	876120	776996	1392390	1527460	1473020	1114770	1404310	1401690	1369150	1199930	1206730	1295620	932744	921887	1079240	958201
P77743	262246	422438	274078	441874	392420	264293	405803	498659	431332	229056	NA	85009.7	88574.6	329434	113162	52741.5	122572	115383	NA	NA	348376	349375	NA	86057.1
P0AFN2	2091120	1753840	1676940	1752130	1886460	2319340	1611390	1839940	1685220	1935640	1269640	1236190	1409790	1466170	1255090	1230560	1191800	1054700	1092850	1173790	1789040	1612550	1268760	974919
P64519	818257	1112960	1269100	1325300	1331440	1088040	1070040	1680880	1633790	997699	1124040	1021070	1308550	863474	1213400	963062	1367400	1164690	1017330	991864	1195070	1516740	892455	1180800
P0AAF6	5769770	5686610	5154060	6072610	6010180	6048310	5364120	5816310	5657260	5631810	4506390	4659380	4867320	4775410	4242950	4577460	4978090	4835830	4871940	4964340	5433420	5684960	5028100	4657430
P39379	367618	123986	211488	160721	279445	393898	197387	200375	311870	413010	147004	177134	172454	136164	101594	154458	176934	120131	207927	264875	222208	204440	183361	119907
P31551	31011100	28563400	30175600	26128100	28204200	32530400	26879200	23370200	22384900	30505900	14180100	12117700	14743200	16148700	14397600	15281000	13985300	15802600	15797100	16272600	27035300	31704000	16161500	13819000
P45753	211007	202470	211837	187771	190433	221749	184326	151520	179679	180908	71924.3	79216.2	78616.1	61931.5	71807	76301.9	95465.6	87282.8	63934.2	90603.3	216986	202947	103931	69314.2
P37188	140282000	156136000	141155000	145291000	144674000	129087000	138346000	107056000	100864000	126253000	27874200	30251100	30390100	32763800	35256100	32495900	29387000	33727400	36081400	36716800	153278000	151685000	42853000	32767200
P64559	3035190	4811070	4939370	4412860	3299620	3886060	3786490	3332060	2901700	3479480	3075460	3042790	3351760	2327410	3691380	3080340	2728220	3425070	3093320	3086490	4440430	3652090	3329020	3358940
P0A9H1	5436800	6106140	5364010	6031100	6204790	5339640	6273350	6304750	6210970	5119700	6771510	7046660	6713940	7063610	6947570	7262880	7278600	7438950	6783710	6749150	6090770	6097530	6629830	6568610
P0A8W8	14036200	15600700	16162400	15033800	15263900	14498800	14455600	13438100	13141700	13622800	22822800	21182700	24430500	22801800	23649900	24002700	24677200	25306900	24914600	23961700	16155000	15059100	22434100	22280700
P06966	5467570	4930530	5543010	4884820	5119370	5531460	4677750	4524060	4587100	5598400	4103300	3974550	4486340	3928490	4224280	4373160	4512800	4236020	4208750	4014140	5039760	5007100	4003320	4230720
P19323	448762	458063	423331	538119	501619	426830	485832	481069	449022	414285	453250	448801	365689	453507	449240	426079	473638	489635	508205	476699	513635	470765	507034	437920
P0A776	893375	816812	889424	897835	975157	1025930	875866	783986	796344	859097	1004140	941752	1101810	968300	933406	964084	960867	973689	900024	986936	985597	891004	826047	730244
P37348	499323	528018	492260	465050	523303	497592	501130	409103	513069	495691	446886	446149	475579	465480	488389	448695	472002	478105	442872	437832	459808	484097	447863	411794
P09835	503579	434420	405168	515060	489421	449463	444690	453722	534040	457674	329303	300829	279111	357973	314939	326373	341785	258084	259906	301722	430806	475972	282428	320760
P0AFA2	1222120	1282740	1156890	1248040	1249740	1212160	1310250	1204620	1209560	1164360	1603570	1466940	1618120	1517350	1506530	1495070	1673830	1517030	1546340	1478320	1226710	1170760	1516670	1545560
P63201	431527	85743.8	87825.3	113286	111904	54726.3	59872.2	80637.4	82442	70126.6	219407	203295	364395	272902	249826	236234	239775	223862	228882	246033	118984	121705	237636	237753
P45522	131063	138463	109228	141111	120011	100216	133752	112283	117439	111395	144072	150655	157475	183562	149217	139974	150262	136927	133543	115267	101777	124988	99309.8	147974
P69791	93676.4	83845.8	117897	100638	95746.3	96420.4	91923.1	88064.2	70665.3	87287.7	125162	128911	135598	117693	135019	134291	136971	133322	133266	115167	92669.3	111035	125561	132018
P28631	4441440	4172520	4048280	4308120	4108410	4512150	3780580	3978010	3987910	4502800	4280700	4012180	3996160	3786310	4287380	3905010	4383220	4254700	4404790	4270090	4558570	4191690	4432650	3890590
P76073;P76154	288871	256527	354855	289419	303998	310802	316531	359504	282698	321197	459874	555827	268570	425284	574261	350015	506321	471829	294670	284146	317621	347374	635685	745498
P75818	29335200	32102500	28401000	29708800	35681900	25406300	34210300	31636500	35104100	27903900	21109500	22315300	21324400	22947900	21573800	22168500	22159800	23072700	21264000	21776700	33652300	30469900	24665300	24526000
P76569	18102700	17743200	21265600	18413500	18598200	17282900	18702800	18007700	18277800	16541200	18038300	17291100	19346900	15089900	18523200	18768100	17179600	18463300	19403100	16332100	19051300	19298500	16416000	17777300
P08365	159761	143749	102637	136844	178696	177134	133749	118655	142460	150148	NA	57288.5	127152	125056	129101	116001	NA	103160	147523	NA	154486	150725	125086	86054.3
P0AED5	1651650	2049740	1822630	2055780	1922550	1676550	1948330	1822140	1804680	1672880	2599160	2703000	2790060	2709150	2684200	2565160	2858010	2647250	2563040	2691580	1935000	2012780	2585130	2544430
P0A998	41884900	20410900	37867500	22350900	22845500	44001900	17875500	19388600	19628800	47617100	22968100	16491900	18498100	25547500	25272600	30046000	29287100	27203900	32233300	33255400	24605000	24286700	29592600	28281400
P19925	57086.6	146860	NA	181039	220079	NA	138422	221689	200297	72306.4	147053	205075	231027	185598	167112	210176	212039	181078	210289	135392	161593	210048	107801	204231
P76520	878020	1644180	1402990	1921840	1662180	969151	1590010	1432830	1537550	899669	840720	764497	875285	877116	728197	747521	738571	723466	686579	659645	1389900	1492730	609407	731153
P30748	2386380	2664890	2893050	2639580	2910590	2662730	2906310	2575140	2510450	2721300	2570760	2717420	2569450	2465030	2670230	2660150	2615290	2716850	2362190	2638120	2489830	2859500	2581390	2549760
P75937	330731	803549	488067	879542	852825	437982	869656	601955	634725	385195	125239	147720	146457	297900	176269	NA	220752	158151	160787	300322	423317	509461	495733	755691
P0AFY6	293579	373216	209993	266247	316027	363505	274444	373776	360903	242949	222502	189841	188770	202926	259256	224270	250075	217019	177585	210583	249859	210535	230076	222015
P0A7F9	1763390	1799070	1750910	1895050	1763630	1892890	1687720	1667970	1735650	1732180	3012510	3039500	3003470	2968330	3016930	2820510	3017840	2968470	2929160	3031040	1798890	1881880	3261400	2930970
P77609	80270.4	148859	137240	182660	158702	75744.3	145937	131857	164443	79213.6	36724.1	32469.4	42870.1	42042.1	33337.9	37370.9	46431.5	33638.9	32256.2	33447.6	77250.2	105046	25119.2	30208.9
P0AFW2	19851100	23199000	28221700	25025300	19257900	21300400	19453700	13484700	16940300	18245300	3265950	3728450	10343100	3486750	4153090	5853280	4873320	4654040	5427620	4661270	25804500	24571600	4894020	4855960
P32166	601151	790114	885452	676329	921804	650004	516972	663617	838755	578995	585336	587066	446092	620877	514185	477061	565328	472322	485869	358595	500688	381384	586753	589070
P06136	2456250	2764170	2174800	2645630	2511860	2157160	2614660	2333270	2526780	2298940	3002620	3111510	2929060	2948370	3041110	2823860	3017570	3271640	3114320	3079560	2583980	2629140	3346490	2911990
P46854	708693	752071	728835	670513	700603	841769	722209	564165	585316	701483	720304	714534	881575	755038	698723	719373	724765	805304	793532	754662	726855	672804	673838	745184
P0A8B5	16680400	16485200	22155400	16725400	15912900	16939100	17089000	16019400	16831500	15634300	13887700	14184000	15401400	13863800	14954200	15045400	14183000	15659200	14915900	13987900	16239400	16038600	14769100	15198200
P0A6Y1	37559400	32977900	38123300	34812500	32446300	38712300	33615400	36917600	33315400	40194800	25223300	24508200	30030500	26855600	25322800	28366100	27639500	27752300	28870000	26818000	35393800	35063100	22844600	28540300
P76641	698725	669735	673424	689490	616372	692964	640120	593910	611716	679021	529076	481663	499222	556187	486515	505526	552573	470158	522218	537764	653881	700944	460474	510357
P65292	6697220	11411600	7827420	10762100	11703900	6445570	11367700	17331300	15125000	7017880	5147280	4287940	3304550	5068820	4391360	3997070	4501640	4354650	3268760	3284390	7651440	7755200	3448890	4554070
Q2MB16	1758580	1781290	1660540	1648700	1652440	1634190	1730590	1829060	1906090	1843670	1610260	1595190	1439970	1599230	1602830	1557210	1662540	1551830	1485060	1555370	1717550	1705600	1764730	1549490
P0AFU8	9303150	9260400	8977140	8955940	8805740	9932150	8913900	8345410	7948920	9473480	11093300	10765100	11686200	11383100	10951500	11423700	11647300	11424200	11348000	11983800	9467600	9304310	11390700	10530000
P37052	1816410	1523260	1740650	1483230	1420790	1760300	1413140	1269000	1209770	1726200	1680930	1682980	1534070	2121630	1834120	1764780	1441620	1598860	1602060	1607190	1533380	1269310	1542840	1619210
P42599	2868260	3009100	2707320	3026320	2962990	2915920	2849730	2845630	2781750	2694080	1614280	1482460	1590280	1757940	1632470	1676810	1847110	1673880	1680530	1757070	2882710	2925260	1579740	1542000
Q46855	1145210	1391730	1214210	1395000	1359160	1215400	1336670	1229750	1255830	1154820	1312340	1184500	1501650	1300520	1344880	1362760	1408270	1459870	1310550	1421320	1402920	1377840	1363130	1287310
P37767	2129760	1738470	2061800	2032120	1741300	2243610	1848060	1925840	1970040	2130020	1942320	1558720	1907730	1662910	1785130	1764260	1819830	1917420	1654500	1840360	1997940	2006550	1709190	1554900
P0AE45	1150740	1096730	1081460	1126450	1101420	1140010	1017140	1093050	1106430	1196510	856879	800404	758309	885305	874427	742999	866025	813878	731040	836911	979107	1075110	844176	859106
Q46856	7103620	7115670	6509200	7291720	7290740	7781720	6924620	6932380	6631270	7038110	5356720	4764100	6331060	5188040	5693430	6056980	6292970	5992640	6658460	6327090	7432930	7327600	6118030	5902810
P39336	2351480	2141410	3627400	2786340	3303950	2520260	2770470	2428600	2635530	2200280	5234130	4999170	4975680	4184830	5163120	5663640	5633190	4976590	4507910	5592060	2310830	2961380	4583780	5172160
P43533	361598	824066	546180	960235	804272	370321	583375	503226	594348	317655	110304	137275	125418	180104	149592	114442	180278	111780	110332	79176.8	365628	512926	93337	125004
P33225	256893	178158	164977	194967	237996	181584	161529	189253	180569	215048	131875	112388	113013	105110	191497	167119	152312	NA	143912	152546	188605	177379	77200.5	171448
P17446	159499	216712	173307	227432	177303	170260	238730	229105	189845	154146	217211	180356	212219	200250	172457	157695	194937	210857	178808	159121	169924	205468	183002	185042
P0AAB8	6018410	4891680	6585190	4545080	4855200	6456620	4677160	4372560	3791650	6233280	3524380	3996750	5128840	4035730	3933300	4295580	4177980	4648350	4442120	4547890	5103340	4501570	4596240	4160870
P0AB52	7689160	8356650	9847520	8295470	7158030	9300640	7546200	6737560	5732300	8040240	4395190	4011640	5946380	4139500	5322430	5011400	4640760	5615660	5143110	4704450	8222080	8353230	5504590	5201240
P27250	2647640	2832570	2533250	2821700	2716940	2774360	2791780	3309150	3071160	2801770	2039000	2100750	1832430	2838360	2183070	2020950	2087120	1842200	1924660	1952000	2553320	2671860	1804530	2043740
P76046	1097100	1095140	1051900	983634	1062520	1055630	1018080	1002100	949497	1058280	859510	845726	787897	839303	807363	832368	924417	943768	870023	847125	1059320	1044860	850282	857860
P0AFP6	13169700	14793600	13274600	13316400	14745000	13560200	14517600	12515700	11981200	12612000	15028300	15417400	15314400	14433200	15271000	14974500	15443300	16369800	14505900	14754000	14800300	13105800	15080800	14952600
P37646	NA	53364.2	11700.1	57585.7	57031.2	NA	42011.4	29916.4	35990.3	NA	NA	NA	44130	NA	NA	NA	NA	NA	NA	NA	24560.7	26715.1	NA	NA
P23839	8739210	9576570	8615760	9048620	9324550	9192070	8884480	9376000	9018430	8803010	9239630	8846850	9346680	9601910	8875240	9146330	9434830	8847870	8573690	9131960	9745230	9408570	9087270	9072730
P0AD40	614698	500013	618377	605773	541203	576432	497012	534450	509500	593920	575908	564699	597294	518871	634508	535599	612559	565856	621149	610748	525009	577878	671034	568733
P0AEC0	3140020	3813890	3219920	3450640	3342890	3022530	3303070	3081010	3204620	2673650	2745170	2430620	2334130	2722110	2480520	2162530	2674170	2674200	2580800	2544970	2758880	3031860	2483440	2378210
P0ABS8	2442510	2402870	3010400	2696430	2348990	2574540	2499170	2475740	2638140	2543230	2789330	2919880	2809800	2654870	2739610	2837550	3026310	2836660	2910230	2552880	2127000	2421640	2572640	2730040
P31548	524707	527301	485172	556930	592103	487825	537124	544027	542407	464523	562081	476367	608507	569943	519506	547058	641477	613968	515143	549799	495630	548093	498585	506787
P75853	77548	160439	159786	131789	155690	116251	140570	137978	137992	92393.1	40615.8	46019.8	35095	25162.5	48341.7	46407.9	48272.4	41610.2	46893	43464.6	143204	151967	53422.5	51998
P75919	425546	494098	399425	480296	483610	431245	440179	501396	488117	408117	302141	311288	278412	291716	296919	254511	314425	302786	282235	287582	473198	460742	300304	266557
P0AGE0	46334300	47231700	51861300	47909200	44169800	49326700	45031800	43691900	37024000	54274700	36031400	36183700	42582400	38612800	38677600	38077900	36118800	38432700	35918000	35960900	47440900	46475000	35374500	37235800
O32583	443878	1130990	854308	1049220	842348	521263	1043600	760688	766276	380153	503835	505689	849929	586498	514361	424423	519198	507266	543257	427887	791128	826355	416581	579646
P0A7R5	294341000	367587000	384694000	298838000	331673000	309255000	355733000	280479000	238913000	289285000	366109000	419235000	389999000	381758000	393448000	344333000	371177000	465691000	380961000	357011000	314180000	280833000	353023000	395778000
P77736	341403	394878	348785	461066	434055	383768	390281	315906	319702	311942	318262	362490	498930	369344	429190	381279	369541	384630	385808	353934	379340	408838	351148	396254
Q2EEQ2	2827350	744849	1013110	2511070	3384720	2385010	1636290	2356410	2464580	2295970	32635400	33427700	58908100	10529200	26683500	34866300	41295400	34387600	37040400	33662800	5137760	4446800	31849900	34735600
P0ACL2	1409340	1293140	1430800	1314470	1260510	1366710	1255500	1226580	1199040	1353560	1149050	1053660	1266970	1226760	1107930	1213710	1206750	1190620	1143640	1139920	1272010	1239860	1185110	1151480
P07012	16254800	15540300	18058400	16226200	15839600	16957100	15164500	14136900	15215200	16324100	16425700	16407000	18258400	16386800	17396700	17646100	17056700	17641600	17648800	17521400	16805900	15711800	17148700	16524200
P36673	1386780	1308740	1314560	1254640	1255620	1369540	1231190	1187950	1233320	1256000	923368	956260	944904	956811	948775	902126	988967	964967	935409	976971	1257940	1316640	957045	979915
P60872	1676140	1452920	1349260	1470820	1427170	1544950	1464370	1385110	1271280	1720100	1197210	1001980	1026300	1233860	1124350	1009940	1257700	968335	1073600	1175770	1102460	1309250	1153200	1100950
P64429	1105380	1317480	1333240	1241640	1159950	1172460	1282820	1352380	1363560	1083960	1128960	1101340	1172990	1128050	1104430	1277090	1199100	1110460	1202130	1134670	1118060	1175510	1137390	1196840
P0AGE4	14189700	14689000	14403400	13995000	16665800	14257600	12096900	14077000	13882300	14464600	7735120	7507520	6018850	6964630	7092390	6332970	6988610	6883000	5224180	9023090	11814800	8895890	8916490	7414100
P76630	181055	138939	111050	140167	135283	150240	140048	123030	127798	235842	104648	108586	NA	115326	95940.6	78024.1	131925	83362.6	NA	103442	98367	72406	99797.2	85353
P33593	861720	423078	572177	461929	716121	843668	481218	569530	551618	814482	587630	524342	636646	577355	634026	567017	723843	660343	913394	899801	685432	609939	807791	701153
P0AGK4	8768850	8166940	10450300	9342190	7244260	8901900	7573210	8094290	6969240	9261680	9515890	10354900	10045000	10256600	10881200	9410900	9967000	8997860	10485200	9503030	8389170	8975680	9420980	10818900
P77330	22918900	20813000	20523800	20410000	20276300	21088800	20913800	15201400	18745400	24078700	20725600	18678700	12470300	18202700	18307800	16637500	19238000	17454400	16865700	21366900	17791600	16148900	20399700	21454800
P0AEM4	2343240	4151120	4018890	4751730	4584100	2700610	4474650	3912560	4561240	2939770	879861	855207	926713	1095480	962107	918401	883866	719890	764377	648192	2266550	2738800	604939	803655
P0AER0	305100	278736	332477	329485	222653	375152	297740	249465	281277	328811	NA	NA	NA	NA	NA	NA	NA	NA	NA	NA	274523	274825	NA	NA
P76145	2952370	3336050	3056910	3338830	3238290	3145910	3624220	3363140	3229140	2880480	1991970	1989450	2131120	1896460	2221720	2177820	2120750	2120190	2046260	1879810	3054750	2972520	1815150	1995060
P0A744	13872700	14829900	16491900	15380100	14801600	15220000	15572300	16298400	15521700	13947500	10732000	11379600	12446500	10985900	12163300	12095800	11452100	11557900	11007900	10838200	14380000	13717800	10452700	11460900
P0AF50	19040900	18213500	20919000	19010000	19356900	19872300	17984500	20727100	20283300	19349700	11494200	11130300	13476600	10933600	12690100	12165000	13651900	12089300	12817600	11732700	19013400	19933800	11821200	11789400
P60869	2171570	1696130	1794860	1742810	1817060	2006910	1689050	1795900	1800060	2251310	2028330	2048130	1689900	2107560	1838870	1825550	2077440	1930580	1815880	2136640	1706550	1796590	2135890	2053850
P28634	1359580	1208120	1189380	1200580	1296520	1287600	1241950	1214880	1166690	1283720	1124920	1000910	1174200	1185760	1108080	1166550	1142700	1099180	1082410	1102960	1272640	1285340	1079530	994216
P0A6D7	15503600	16398700	19441800	16871300	15597600	17161500	15968200	15382900	16397800	15923000	19424700	20166400	22958900	18805700	21222700	20605700	21389700	20704800	21966300	19185200	16258200	16730400	20885000	20831600
P77726	190248	209103	218215	207549	220557	221319	231108	194161	203673	196982	218660	202845	167326	222853	188392	188378	213744	225199	193871	204173	228937	214606	202590	183129
P68398	419236	445677	435247	408001	372792	454312	426654	389438	403769	442155	407794	365951	395361	402266	360834	370661	378372	423728	384143	341755	448443	396775	330432	369405
P31130	6828540	7507950	8620230	8216370	8566120	7126010	7720040	10647100	10040400	7163390	3054020	3221530	2976330	2775180	3651150	3438170	3651680	3352320	3134620	2920490	7109510	7454960	2797470	3095190
P69913	12545600	15274100	15340000	15278800	12811000	15301600	13732000	12941000	10993900	18165800	15777800	15851900	20316500	18396100	19130500	16280000	19789000	17183400	18330200	17097200	17012900	18168000	15962600	21294900
Q46906	230420	326593	308022	255893	308896	258711	264419	204021	208882	165893	178843	191243	200031	168625	209622	196835	188596	196031	231021	168465	337603	283653	172763	61493.7
P0ACR7	259219	294480	266353	219763	293738	247173	286221	199343	226457	208404	225866	251071	235389	218958	246447	197417	230555	273327	199053	208168	308720	238475	264260	199723
P77357	781515	914734	749717	761957	827607	833006	753483	655989	750471	758745	416931	380517	274043	346644	301503	137893	409993	414466	473603	374933	765067	779117	372025	326508
P28629	60797.7	65312.2	65242.3	66903.2	59403	71675.8	67428.1	62616	65173.5	68352.3	50477.3	57351.1	40549.9	56155.3	57974.7	47672.1	51546.3	48326.7	62224.2	60168.2	55841.5	66145.1	61215.6	58850.7
P0A9V8	168350	158847	167935	177048	157202	179970	140911	135946	147378	197835	62311.4	64090.5	79370.1	73256.6	67445.2	97568.6	86670.7	74167.9	118196	107671	183547	185551	108724	82330.1
P0ACR2	526506	628219	594887	647210	639783	578599	660628	578376	589375	718435	601705	568550	483653	578736	632787	566382	648097	609400	515540	605472	653504	630010	611316	684199
P0AEP7	267219	544222	232013	551828	602278	266183	523067	644239	627764	236365	261508	260565	219227	278909	261034	199258	206426	247311	219630	228766	414229	521122	238590	226187
P33012	2696700	2815350	3058680	2919860	2673440	2739740	2414040	2578490	1911410	2835560	1491140	1624500	1737570	1463460	1743040	1597440	1573220	1575540	1615170	1659320	2745080	2426910	1638870	1560700
P39274	2346710	2802430	2935550	3051190	2805830	2486720	2790750	2940320	3027800	3001310	2584270	2466530	2863400	2303090	2770050	2829060	2850250	2336360	2659830	2805270	2612550	3163410	2548610	2821470
P0AAU2	771383	795232	843184	637093	786599	773934	621521	586968	670262	753543	895148	690869	835189	844983	854886	931975	809886	934512	758190	831198	686691	648263	514527	869924
P37794	620931	535019	554132	524056	494647	618359	511801	446483	432429	601967	287780	307064	332856	303274	303969	280481	322208	291132	306496	311995	506928	532930	316525	318292
P76419	5155460	5473310	5087840	4711620	5878320	4898640	5863150	4936650	4629440	4737360	4126900	4940130	4228340	4488320	3939570	4069770	3990610	5013940	4168570	4494960	6423440	4595190	4619700	3019610
P77454	3104280	3662180	2780280	3834160	4679130	2789390	3796700	4243510	4156360	2761450	3753690	4038660	4934650	3394580	4253240	4480850	4431850	4528610	4061770	4183650	4439410	3951370	4056530	3762460
P64548	172579	183358	218086	179839	178650	165358	179604	163838	149991	180741	195420	214549	196651	194905	197204	189531	198651	211611	187828	185477	208193	163081	207024	189643
P0AC69	29535700	29722500	35312800	28869800	28999400	31090500	30110400	24430400	27609900	27021900	37311500	36682600	39320400	38786100	40128100	39439700	36651700	42710500	37356700	34460800	30061100	28186900	33411200	38978900
P78061	328093	395484	415642	315681	296338	295068	370694	220459	299798	246772	401816	425996	301032	400389	404564	352430	405223	373165	350494	382848	343917	348047	460033	381834
P77425	164613	168342	176869	209803	191898	228476	172644	155573	159421	240464	116984	150028	118805	139950	93631.1	73257.3	115916	95628.6	94498.3	117815	184163	221346	158647	NA
P36649	4413720	4856790	4903870	4524830	3863270	4729340	4520070	4065000	4082540	3943550	4019630	4050270	3996200	3666750	3846960	4923980	3986710	3816290	4168820	3548170	4625480	4248700	3860680	3791400
P0ADY3	102511000	109881000	105189000	104730000	104178000	107677000	105533000	101095000	93194800	104405000	140372000	141520000	132861000	145707000	131836000	135660000	141805000	140485000	135148000	130342000	103621000	102342000	135053000	137845000
P0AET5	275813	357657	255249	381661	600866	201435	382856	489924	509347	243303	309202	365711	306074	232490	275208	324359	299114	278889	199946	335257	252039	237213	377398	252086
P0A7N9	163565000	155443000	212567000	160902000	156069000	168174000	156326000	174881000	182647000	162060000	203343000	224463000	244740000	203796000	216839000	233598000	234637000	214279000	243567000	197018000	154663000	161482000	216120000	215694000
P33343	352891	174700	317278	223441	313063	321697	266668	270438	344600	353849	600804	640558	729771	521785	600303	571321	550385	564925	613291	655878	353997	303628	685409	598933
P77781	4444750	4255020	4414620	4318240	4053450	4732980	4253920	3491390	3471370	4268840	4907950	4824720	5090250	5015180	4779880	4522530	4907360	5492300	4659480	4781850	4665210	4293820	5201270	4728530
P31658	19561400	23900700	21768800	22475300	26121700	18154000	24793200	27384400	25974200	17423400	10597000	11060700	10527300	10614800	12267300	10953100	11762200	13556300	9183640	9221750	24249000	22549500	9698590	11198900
P76270	9583110	9679220	10433400	10374600	9418370	10620200	9570550	10584600	8646250	10961900	12491600	11970000	13555500	11834600	12323400	12555600	12205100	12566200	12123000	11529300	9591470	10057500	10939600	12229900
P32705	7737080	11873600	8774570	9364890	9464140	7284700	9789760	10775100	10283700	7330980	2560210	198561	3772230	243606	2015630	236980	4641420	224740	NA	NA	7386110	7340380	1483970	341906
P61320	11501500	11550700	11721800	11282100	11232900	10370900	10877700	10728600	11249400	11382700	10037700	10158400	9082710	10760600	10489300	9279090	9783330	9613230	9256440	9818480	12219600	11005800	10026000	9895460
P0ABF8	646625	655993	626182	625384	850123	584608	680039	651198	645633	473367	785901	402329	286600	722400	309306	674899	1098470	248226	NA	578077	450857	479936	270632	NA
P63417	5711730	5447090	6485200	5285410	5335100	7044510	5320560	4863970	4109970	5955830	4490310	4211270	5499600	4116800	4933220	4577810	4632660	4987620	5097290	4661760	5698070	5509180	5073450	4644870
P60472	3182820	3412890	3001540	3068390	3171010	3149830	2904750	3170710	3241770	2808230	2881630	2760920	2606290	3050390	2875810	2835340	3037100	2969460	2665980	2911050	2957370	3060160	2796170	2940920
P0AB20	606289	702330	726149	673329	576817	576912	401018	613243	348375	583776	643316	629705	435499	751410	760296	759095	643757	843670	357060	757955	711414	501072	614338	727428
P76446	824262	1040110	951608	1059150	1068660	966845	1103700	872565	949231	813875	744130	683126	692654	569335	646483	612739	680488	790008	602759	661151	1060820	923139	618144	534608
P67701	395949	471784	498025	366734	429502	411207	481727	326505	375335	417300	411473	364372	441847	412957	439034	432402	420586	461535	460527	402871	397117	412506	476151	385212
P06992	3449700	3740540	3419970	3841100	3512950	3695190	3386370	3752790	3522220	3569450	4254220	3987950	4351660	4240820	4101230	4031330	4456050	4017290	4201790	4029600	3454850	3642130	4211470	4171120
P02359	141214000	160971000	164661000	152596000	143812000	158781000	154612000	140669000	124100000	139281000	191236000	195617000	211804000	203818000	196375000	190258000	194124000	209640000	196352000	180726000	142515000	151309000	201545000	195725000
P75672	302677	350815	345138	346044	355322	348504	311678	323585	292028	320793	255998	290674	304076	284700	263988	253205	283753	331468	219612	255415	370194	322194	239772	221253
P77324	144673	150949	147913	198900	193458	128319	151724	133056	160577	132871	118556	144461	188709	141213	113751	106488	139364	109219	130216	110246	169697	164077	125022	142761
P0AAK4	217172	NA	218215	230413	208831	295328	196414	NA	226782	NA	314118	239286	476430	328568	396888	518984	478495	415516	632036	696229	211214	274664	693050	523926
P15032	115918	130851	92818.5	138257	145053	117891	135177	190523	163896	125746	44325.6	48391.1	NA	17123.3	42884.8	40374.1	78832	NA	62418.1	69415.9	98153.9	149733	45201.5	45423.3
P0ACC3	10795800	11732200	14513300	11108800	10468700	12022000	11221800	9835400	11734200	10895900	13054600	12946500	10529400	12075200	13644800	12491400	12488400	12364100	13144000	11780300	10485300	10185000	12570800	11925500
P76297	309444	485129	373706	444041	410566	323455	385192	356793	337095	276871	NA	49634.4	NA	155051	NA	NA	NA	NA	NA	NA	365742	334496	NA	NA
P77335	1064410	925754	1024450	924091	1025970	994163	952669	1108600	1079290	966383	1062510	901693	1256730	1029590	1201740	1425480	1205930	1310040	1459090	1359310	1103400	1048190	1253480	1166130
P15373	2163030	1843140	2243150	1865500	1871800	2174370	1958790	1845310	1834880	2081090	1701230	1772700	1863030	1767950	1806860	1843330	1881620	1766820	1880600	1691630	1899950	1887940	1726120	1793540
P68699	63179600	64158700	63936900	63315000	64998200	62843200	58363700	72725000	70749700	60989800	37873900	36814600	38098800	32549200	38629600	42967500	37567300	31197500	38204800	43690800	60186100	54333000	33424800	27163200
P67244	1199420	1383880	1378780	1262400	1332460	1071050	1095810	1164690	1182050	1062700	993761	1233100	981298	985126	894041	993066	873929	1220220	696187	935716	1195080	1041650	986490	825191
P09391	728816	673796	679163	681051	724017	733656	534341	649459	637758	635816	705757	650674	750030	765111	691787	630699	709085	675495	618209	681647	593351	504536	672277	717066
P0A6M2	342771	345978	311349	379929	373969	431405	281918	242839	290580	283921	229287	156329	197073	220100	164873	188493	184819	157662	149725	189090	258526	168488	191850	163359
P0A7M2	139956000	144903000	147767000	145049000	142172000	161864000	139203000	138362000	135370000	148738000	196602000	188845000	220465000	210286000	208816000	193752000	239935000	218902000	229477000	208319000	153788000	154607000	209567000	221698000
P0ACW6	22362200	11544300	25359000	14391900	10968400	25181500	11011900	11367300	12856000	24320900	1506950	1382490	1788890	1626110	2000410	2592380	2198600	1736260	2230000	2120140	14464500	15634400	2187890	2155720
P0AA91	7875120	9241980	7567270	8645300	9325160	8572950	8785620	9122850	9985540	7717440	5652690	6048880	5434870	5437270	5889760	5990990	6150920	5680740	5498660	5779880	8367680	8945290	6171500	5584350
P16692	115222	110398	120624	135578	115915	136155	147601	134880	138671	112640	105062	76433	100621	106491	106667	83981.9	107497	89766.3	89038	84449	86133.1	119446	64214.9	76064.4
P19318	431891	487892	435792	459604	390280	451952	404305	488568	469612	471349	298682	233777	279992	258339	266210	281193	310860	238096	346136	332806	376061	426268	317461	303643
P0ADG1	533657	488563	488444	537941	454373	455196	547560	462201	416248	462842	388498	342978	268470	229774	314477	315981	318773	337087	311013	374401	381902	455059	649414	542444
P0AC26	NA	NA	NA	95636.2	NA	152306	108920	138565	NA	153117	458800	457765	457812	482407	269658	352365	403344	578704	250836	419169	NA	NA	598283	408724
P76222	1036580	975747	900591	868009	940642	999116	840669	918037	953713	987247	1063550	1069220	1239990	1094350	1180420	1191470	1243650	1598750	1199010	1322880	858086	889686	1413830	1329350
P19931	268984	95719.6	180556	126713	334659	359684	185155	331536	195521	385878	293237	256115	289950	230767	255025	255989	304987	239175	377597	343518	198713	323761	278440	238523
P0A6Q6	31537800	30876100	31859800	32543600	31854600	34704000	29298400	29351700	27820200	32102200	38629900	37212600	41418100	38691900	41015700	38476200	39627500	40729400	38401800	39776400	33501500	34025500	39376100	36361500
P0ACS9	842807	1137100	887458	1031010	1102150	864172	1150700	970030	960887	807096	964670	914297	983441	1064000	907758	1029610	1023060	1064070	840011	991983	894394	965752	862012	944962
P69054	101366	129726	123425	136747	123104	110751	82881.3	49730.4	48373.4	79430.3	NA	NA	NA	NA	NA	NA	NA	NA	NA	NA	35348.4	60968.1	NA	NA
Q2EES0	50159.6	58348.4	80102.2	40444.6	66245.9	52587.3	54320.4	39253.2	31464.6	51609.2	49897.8	98923.1	87275.6	51813.9	81996.6	82467.2	63009.3	84185.8	61113.9	86377.2	69118.5	NA	101984	88354.9
P25737	2006550	2495810	2390520	2256730	2645810	2090600	2175620	2289260	2400020	1838440	2503300	2704310	2056530	2904670	2537820	2297830	2518600	3071100	2251270	2749960	2140940	1917750	2946690	2481230
P63177	3247600	3090650	3143350	3325340	3007360	3489390	2993990	3050330	2980850	3257070	3553320	3450270	3725540	3572240	3513920	3402970	3777620	3755190	3403700	3374730	2954760	3090450	3437170	3685130
P0C054	4192270	5085940	5787130	4879080	4672790	4495950	4759600	4501250	4495580	4416010	4518070	4422480	4736590	3776400	4330930	4423070	4421020	5226390	4648560	4639670	5385270	5072290	4359700	4493810
P0ABG7	1352390	1533290	1382880	1336240	1638080	1334580	1431700	1646780	1355000	1086310	1282240	1140070	925682	1150330	1052510	917783	1185920	1119220	954765	1180680	1135470	1244290	1259040	1424280
P0A917	59855100	70453300	60517000	64118500	72488500	61633900	67794200	73892800	64413200	61103900	128810000	124644000	132082000	127745000	126726000	118565000	122421000	144863000	119499000	122882000	68931400	61558200	123351000	120884000
P69831	26248800	35627500	32905900	30475500	37964100	23820400	29258000	27078600	27824400	23813800	4159710	4819230	3097470	4043490	4241660	3801070	3860840	4644530	3174900	4784930	25892600	21180400	6455320	4505000
P52073	1938770	2203980	1927650	2297460	2289720	2261690	2221090	2290500	2279880	1945820	2762330	2027260	2067320	2527490	2637400	2570480	2505070	2736630	2119440	2313660	2082330	2295430	1981120	2191390
P21866	1431950	1346470	1450220	1416800	1386760	1417100	1364060	1373910	1220510	1339290	1144490	1196250	1306340	1175950	1114220	1200890	1200560	1233190	1159390	1086390	1412200	1302220	1136870	1118470
P77694	119592	102990	89230	89298.2	95615.7	106892	103676	88732.3	85184.3	94043	89429.9	91788.3	75143.7	83614.1	95435.2	61754.8	98902	111520	89828.5	88098.9	86325.7	86295.5	108302	86447.6
P0AAS0	1853990	1738420	2038470	1759790	1463960	2105480	1503900	1309760	1312120	1712190	1385580	1301300	1727450	1143590	1257780	1033470	1089160	1185630	1277110	1161220	1975580	1873420	1458560	1150900
P0A6D0	7204220	6305780	7809320	6877100	6741690	7501030	7157040	7063650	6983180	7044110	5037890	4833300	5161270	4103980	5340290	5501250	4847290	4916730	4931270	4754750	6219110	6930880	5429320	4962560
P0A7T7	144534000	156885000	142237000	136067000	141058000	137496000	155256000	130289000	136945000	146764000	184060000	189354000	178510000	201438000	192900000	176505000	185403000	197865000	174579000	181232000	151529000	151630000	194347000	197971000
P67762	404819	416274	384122	382473	414092	380347	387107	382200	369932	419804	435658	428840	454937	477826	457381	419478	431181	436466	423551	389683	398713	389167	364669	427875
P52096	1461930	1658890	1564510	1761640	1605360	1548790	1704790	1871850	1586750	1613010	1550750	1536460	1631560	1445560	1457940	1512260	1584540	1540420	1537810	1417510	1664870	1606540	1302170	1457230
P45795	529896	519995	718003	582873	597795	631482	542908	380234	535808	474614	552899	668881	617858	508038	589139	675156	578519	690984	600269	478986	547277	430504	534860	518923
P77214	4230110	1134440	11417100	404544	360202	8616780	743417	266677	256337	486642	614624	303730	803099	216207	626632	3999080	148572	373797	1871900	451922	2247950	427975	467477	436806
P13669	1000910	1039530	969492	1083970	1001690	1001590	981703	1078550	1059350	1098130	1000340	947172	1101290	1036940	998238	1120050	1014330	1033190	1007340	999712	890523	997118	966031	1034700
P76254	248775	233016	303990	221420	240687	241330	244287	137071	196283	174268	166242	124543	187768	124739	166814	130390	144803	155796	188917	149578	258786	235848	163398	143983
P0AB38	5916790	6921890	5886310	6091230	6667720	5042330	6464040	6587070	6609550	5064680	5195210	4552150	5179650	5171890	5220020	4853560	4863290	5134440	4805510	4926560	6712430	6474570	5444390	5293450
P77333	153388	187786	193134	178880	202592	173662	183458	145992	165694	164805	180060	196904	215362	184800	171527	180138	204911	192455	180597	185746	161485	210695	191786	182201
P0A9F9	1775660	1476110	1600650	1446020	1371540	1913040	1434210	1097150	1287350	1691150	2089850	1848510	1780590	2005020	2023320	1901780	1970560	2208120	1884320	1946820	1489650	1362590	2025560	1723240
P76215	119435	111739	118788	110948	92725.9	135943	120116	123581	95668.5	125071	57402.8	55974.3	37052.8	68767	75578.1	45043.2	82038.1	65281.6	NA	NA	105837	93093.4	60484.5	47547
P10423	121726	144812	139176	120931	114352	91196.1	126354	148402	119266	138638	181181	172476	170116	193227	173484	165155	180291	179684	176948	174494	111559	119032	196214	177800
P0ACW4	1329150	1413300	2218930	1138640	1210360	2081670	1413820	1260850	723916	1589140	1083690	846803	1292000	1042200	1207650	1682930	1656860	704393	1120430	2051530	1460260	1462050	1440430	1715290
P39370	133818	118461	134038	135475	104168	117684	143356	117337	103884	119893	50622.8	68138	66730.6	65730.4	75767	62386.6	60366.5	68242.6	69411.6	64499	123113	125356	64844.9	79848.3
P0AAS3	1434380	1411290	1389620	1475350	1670690	1620820	1383920	1925710	1692230	1202280	882769	754757	873904	891340	853802	781247	746210	679487	826748	875948	1721620	1845600	907712	933192
P23827	7152220	4863410	7547370	5113380	5609750	7255490	4910740	4928670	5206300	7743940	2709420	3002250	2841710	2794950	3215730	3040680	2987480	2835880	3093670	2837440	6300050	5638730	3004880	2898970
P67662	1158800	1075690	997373	950866	1097530	1124240	1047230	947078	955302	1077100	1176560	1206670	1245990	1199820	1236200	1260790	1309250	1314560	1208190	1233680	1164030	1010870	1238350	1081230
P31131	1961240	2116070	1662960	2194070	2244180	1899520	2129300	2651240	2495170	1825770	1017620	919635	903178	988493	953046	991892	1087790	917447	859535	894795	2012300	2054900	832501	906251
P0ADH5	1945230	2190270	2118510	2018000	1999010	2060810	1856570	1519560	1868080	1923520	2668820	2531430	2472280	2571860	2716420	2664660	2587870	2456320	2508240	2801540	1951720	2003250	2491450	2329390
P75946	556636	651249	669790	640276	651104	634485	682763	667601	541948	627090	622333	606874	725950	623179	612488	603189	713519	671780	521002	602181	795283	578262	624328	544629
P0AF70	36948900	35271200	33993200	36599600	36097800	36790000	34012900	32816900	33779800	41517200	24945500	24495400	22750400	25979300	26254300	25884000	25401200	24791000	23488400	24748600	32560500	32062500	24644100	24864000
P60782	416622	397882	402074	412227	369355	451860	312653	381236	360158	347946	245324	245380	325763	280692	272907	262609	281713	213154	233094	203135	363002	334318	209104	252305
Q7DFV3	3079490	3073460	2262200	2135360	3564980	1807580	3742120	3609400	3328830	3270440	2569330	2543110	2828800	1613860	2141000	2999520	2062380	1935750	2797590	3585580	3590940	3432750	3441850	3427780
P37647	3182890	3189350	3018600	3292570	3035060	3298900	3008260	2873680	3082640	3159900	2391760	2313710	2479070	2306500	2369530	2335340	2470160	2407890	2490740	2501000	2967300	3032580	2555230	2273250
P0AE28	1904400	2440670	2093100	2404360	2570350	1910770	2406340	3066900	2754720	2059830	1429160	1363410	1336560	1241240	1448060	1350520	1510820	1328670	1315680	1449410	2346760	2279920	1360740	1423420
P75694	48820000	54299300	67348900	58843700	61237100	52925600	56681200	74427800	80109500	51409100	30712500	31822000	33079700	29119400	34220200	34542500	35010300	30293000	33896100	28936700	50778200	53152600	28038100	30786600
P0A7H3	328089	385200	337171	420699	328185	385753	328683	359021	309773	332552	318608	321729	377529	344588	331480	319451	380646	333413	287435	333853	333451	362674	325153	332100
P76148	143662	198122	115055	156052	124375	144760	167731	133907	148453	134744	153832	117752	88015.8	243912	146578	161652	135596	135165	115235	122114	144534	151501	124009	120181
P0AE22	5564850	5175610	7142840	5147550	4798390	5837250	4607470	4330030	4818300	5633750	834046	882929	986654	942188	967288	974190	926447	907576	977382	1019420	4888880	4237950	1078850	950424
P69931	1177690	1134080	1182020	1052640	1081060	1229190	1136790	1028210	1030180	1207740	1028720	1100860	1035600	1098530	1019010	999867	1085030	1092840	1079470	1037800	1036770	1026220	1171140	1023220
P28224	2395960	2616440	2142400	2499400	2256570	2626610	2305660	2571870	2294960	2370950	1271880	1120170	1096550	1217430	1140910	1391540	1339910	1404140	1180550	1256960	2287260	2152390	1206360	1234910
P27838	2716410	3085770	4115580	3080950	2841090	3049360	2876700	2695450	2985350	2886190	2521960	2732080	2473490	2090880	2564820	2540670	2429470	2706690	2565230	2402510	2970010	2665400	2279550	2233910
P13033	193334	248598	147907	259654	163479	180494	239458	60611.5	157204	125011	145181	194747	157921	171812	NA	191645	230986	207927	184142	198875	185741	245810	317396	195028
P0A9E5	5166850	5806020	5436370	5746260	5389100	5146550	5309380	5035260	4563480	4958780	5540450	5185760	5836220	5883950	5965260	5473630	5755170	5743950	5654580	5674660	5694970	6010770	5501820	5717020
P0A7Q1	11512400	10504700	10267000	9886250	14738600	6505170	10775900	7380210	9477920	590926	11348600	12155800	14959800	10703700	14432700	16127000	13957600	12671600	11803800	32476.4	8152550	9642960	18988400	14549500
P0A6Z6	2137620	2049410	1999360	2105190	1977560	2042180	1888770	1760430	1937280	2030340	1980670	1789900	1814370	1936740	1814100	1857080	2104790	1778000	1830000	1937910	1913110	1869660	1872750	1915680
P31068	69877.2	174608	121071	213579	190102	72102.2	174766	134961	142323	83722.3	NA	NA	NA	NA	NA	NA	NA	NA	NA	NA	151427	142960	NA	NA
P0ADA3	6740200	6838620	6236480	6691780	6865370	6370810	6788280	7247770	7208050	6391420	6186870	5679700	6102750	6282030	6001840	6096220	6412740	5791220	5834750	5905620	6986670	7002000	5863670	6233260
P62617	7860380	9561630	9490360	9411440	9154720	8709330	9383240	8430360	6972760	8001340	8247200	8531860	9166730	7783560	8498610	7989230	7812300	8806150	8427950	7535540	8649220	9117000	8210020	7734570
P67095	3301760	3349760	3652470	3175500	3354950	3730360	3486340	3218360	3049810	3527170	2935770	3009840	3284190	2851470	2473840	2650200	2934020	3214020	2853240	2981810	3636710	3351180	3073010	2777790
P0AA31	11659700	14817900	17602400	14646600	13978900	13776500	14294700	13950700	15013500	12326800	6410660	7280100	7338530	6009120	6783290	7273430	7266660	6413560	7756980	7203810	12345400	13280100	7670190	6677440
P0A6Y5	5739890	6504380	6431590	6527180	6372500	6254300	6005310	6459590	6493860	5854110	5983300	6035170	5710770	5487090	6119160	5869350	5698550	5937480	5773700	5477670	6306600	6139000	5912260	5702110
P0ABG4	218013	344954	334824	381950	429612	279438	292173	292556	386322	219186	320709	326033	273428	282736	319008	259090	325373	286520	223688	301760	321728	277797	323804	305481
P41039	280401	396047	348885	426575	306032	349548	456691	439535	505310	249125	360819	356814	431422	371298	401966	417431	380800	327442	381140	305721	397713	331447	271173	318170
P77187	850181	1047390	952243	945765	956336	627692	887341	736389	902326	807875	842411	841190	795207	639105	627190	869792	756295	841589	780048	588396	849235	964487	787490	605841
P02932	66818.9	43328.7	46158.1	50229	54957	78503.1	55617.1	61021.7	47404.2	63677.6	52841	55450.8	48182.9	57256.8	47019	63259.5	59143.5	44708.7	47853.8	63367.9	65289.6	53486.4	59365.2	56351.3
P06989	5765170	5199960	6407620	5411140	5769770	6231990	5321740	5900570	6047020	5995440	13966000	15713900	14113900	15132600	12695500	12483700	12515700	13148800	11293200	12319600	6100080	5115020	12370100	13546100
P0A6F9	109889000	116790000	146910000	126803000	127564000	108319000	127436000	139754000	143709000	91713500	111022000	104481000	111581000	100903000	127447000	112050000	130603000	119533000	126563000	112483000	131764000	131657000	119369000	127198000
P0AC65	NA	NA	561018	NA	NA	NA	265776	183359	298966	NA	354643	340792	395111	356799	239133	314520	346706	298830	313141	336816	NA	NA	77441.2	215381
P0ACL7	99435.9	130117	123724	119499	94797	118690	102724	160908	133689	111011	62921	75632.1	57145.5	70014	60250.7	77664.6	90610.5	79681.5	82532.9	47587.5	104133	89061.4	70361.6	56648.4
P0AF48	1033030	946915	943776	853419	966522	1010960	938432	921515	873609	1001030	715088	681500	661591	637022	645435	615173	698739	780740	651976	654806	938847	921237	762629	680338
P80645	150640	207962	184321	143701	161201	139750	213736	188494	195970	163197	NA	68388.3	80546.8	54192	77582.9	24314.5	57646.3	87570.6	53732.7	NA	212680	215633	93747.6	NA
P0ADW6	350915	215595	339155	257023	323298	427986	254286	223962	277911	349546	398580	406338	408971	374642	402294	449922	456149	454793	532191	546199	357460	262738	526733	420831
P0A9L5	6116370	6838210	7271340	6653820	6267670	6807400	6439050	6507060	5582310	6454050	6542000	6067070	7018650	6362700	6850500	6347670	6453830	6631310	6987270	6548290	6148120	6416640	6368620	6278550
P0ADT2	9732900	7797620	8472940	8173680	8063530	8727330	7512600	8899300	9025750	10244600	5699190	5316200	5891570	6059210	5657740	5609640	6188880	5466650	6129300	6505150	8397530	8851800	6078310	6424420
P0AD12	11422600	10151000	10550500	10764600	9430240	12135000	9956260	8993800	9469910	11317000	10324700	10628300	11245500	10145000	10721000	10264500	11025600	9896400	10813800	10109900	10628600	10197800	10572600	11077200
P76422	6608010	7964160	7155020	8141880	8050990	6652270	7904180	7857810	7844510	6541020	6503930	6466100	6701120	6388270	6301470	6050080	6038320	6258000	5902790	5738810	7552910	7984600	6193560	5737490
P56614	NA	NA	NA	NA	46418.3	NA	NA	68995.3	62556.2	NA	NA	NA	NA	NA	NA	13157.1	NA	NA	NA	NA	NA	63198.3	NA	29289.1
P0AC78	451933	414778	418181	447101	502236	410725	437684	548065	590054	468329	442097	364589	260994	415530	355941	418178	397359	362986	351961	430545	328558	323470	420628	321993
P64493	976337	1205590	1109010	1293690	1227290	1061220	1180550	1045500	1084460	1005360	1046400	1161080	1004980	1048410	1142260	1008600	1041340	1132640	1000900	1092290	1062430	1111580	1135390	1154960
P64530	1025740	1068600	1076450	1141640	1061410	1051920	1153660	1099440	1188810	1185310	1427080	1386720	1662130	1385160	1488970	1620380	1607330	1577150	1580230	1445750	913212	997346	1357410	1477610
P0AA57	4168040	4206570	5661520	4162070	4278070	4130050	4476210	3628510	4031820	4003290	5406490	5778790	5261820	3999610	4643420	4554170	4258900	5026630	4436450	4134440	3949130	3267470	4093530	3865340
P30147	334240	722436	331838	831331	756534	417100	738597	816915	765334	323963	360693	315841	375961	336774	267513	275415	335372	340000	301351	334034	572891	676196	351034	330685
P76280	164630	156957	156570	170520	172932	169662	162020	109916	116970	140938	94579.5	125312	156117	116523	116279	118141	124007	110642	127195	99727.7	199978	156060	109341	117141
P15028	107500	167065	146628	156753	135299	119754	145481	173017	159026	145663	122691	152206	157591	115214	146524	113399	153703	129179	149921	136604	160976	145416	112994	137466
P31471	160202	170190	189599	180164	192733	155202	222292	155056	220750	121731	139765	138384	196920	164479	190954	180721	157144	144260	190648	188388	162282	237926	176029	136396
P38392	273694	266545	262283	270147	290859	257063	278732	261780	283984	304995	235577	237985	182678	217961	199049	225901	245134	249050	258313	235836	261722	256233	219406	220837
P30744	2793680	2190370	2295550	2346690	1993220	2761500	2070610	1929070	1924560	2660720	1879150	1828750	1730290	1799060	1845930	1846550	1876320	1936580	1870530	2022440	2404450	2195320	1826960	1892560
P46122	1044750	1084120	970470	1083860	1126670	944518	1076630	1131560	1178440	1109630	599866	531068	652375	632355	553555	564377	606959	667319	591480	617324	969990	1116210	606993	635680
P64602	6328030	5662640	6490330	6166790	6376400	6496330	6145100	6400240	6292480	6648640	6831960	6873090	7238860	6433300	7144500	7272480	7138330	7134940	7272020	7301740	5810680	6138250	6361520	7026900
P64594	537036	509307	567743	521982	441671	484751	443448	518024	410967	441711	487267	520948	580730	508366	487079	531781	589940	504407	509182	526220	576826	529286	472383	414581
P0ADY7	141869000	142551000	143646000	135876000	143506000	140348000	133484000	137408000	123859000	135820000	175347000	178594000	190030000	180478000	184904000	162723000	189350000	181960000	181166000	171772000	137866000	147502000	188215000	179567000
P69348	474508	325250	406464	424371	372582	434649	355269	390327	378869	441813	321011	331159	338660	341125	331352	325567	290833	288390	325126	281190	362313	346898	300299	315870
Q46801	248466	166205	181073	210525	NA	244304	147131	184668	132659	206389	NA	NA	NA	NA	NA	NA	NA	71784	80556.3	NA	194030	229636	NA	NA
P00903	745942	919209	797078	849233	866174	834977	765511	864171	823723	708340	802052	846268	764952	735673	767943	733310	773683	795905	709653	722775	801020	834673	888370	811766
P0AAR3	2908570	3166250	3446020	3045270	3186170	3010080	3240630	3043660	2704720	2853370	4467420	4777590	5222390	4157950	4639610	4459190	4276160	4895250	4579160	4375580	3256820	3212260	4784530	4798140
P26459	147284	93306.9	90430.9	75664.6	164219	95532.1	122096	121854	105918	113300	285249	297245	261706	261244	368904	293034	456530	479835	419994	550665	132143	125202	597202	454073
P09996	1118250	1123960	871546	1065030	1230790	1044900	1043090	1210890	1137670	1048310	923303	830297	793939	802944	922369	1118510	1115680	1011070	925571	955997	1172510	1087950	969855	1084890
P0A7K6	64061100	63805400	71159200	64092600	64020700	64028200	62858200	62418300	58753600	62459100	91542100	87545100	93421900	91005800	95141600	93816700	99657000	97302000	91183700	90279000	69029400	64727500	82936300	93681400
P67080	2771430	3269790	3053580	3100620	2993080	3060910	3076600	2800140	2697770	2769490	3081830	3007240	3360620	3089630	2916300	2857300	2942950	3047300	2763770	2964900	3065850	2889130	2946800	2896450
P0AFF2	769885	928009	786008	905957	985694	733151	811263	1062300	936739	697028	695197	604122	505808	660986	600572	575564	670429	560397	450855	625388	750889	669044	649762	623589
P32662	4208040	4744610	5575600	4703950	4599390	4677720	4624250	4294260	3876210	4211370	5190060	5339430	5910220	4780440	5221840	5233060	4827540	5337270	5424100	4811850	4580260	4393800	4713170	4989770
P31434	142348	140827	118499	133777	120488	117278	134303	173101	166724	175257	128544	124458	121113	114565	119929	105165	133956	114868	137527	142269	140589	145380	109407	121558
P0AFQ2	440638	673431	544931	499556	581549	434314	515174	464957	521544	508936	469845	510401	500018	512659	422257	436631	451109	563733	404323	477874	845958	442701	544076	407244
P76483	394641	295235	459023	306968	308847	418963	258044	257468	232427	457232	138849	145633	155347	133122	151253	176131	171319	153922	184861	184907	341602	317782	162502	152591
P0ADX7	2812160	2984310	3369650	3322730	3733370	2729840	3273860	4857710	5415870	2542020	1914040	1933050	1734830	1909080	2152170	2158890	2283320	2133230	1749220	1592390	2845110	3361110	1554810	1934070
P32670	77769.3	87485	69403.7	75111.6	54722.2	68062.3	63450.8	84530.5	78566.7	79796.9	52477.7	33318.4	NA	NA	NA	43505.1	51080.1	33285.2	NA	NA	87680.1	71332.7	29994.7	NA
Q46810	270051	319366	256554	261094	193395	286367	268815	186190	235710	195504	207688	139452	153837	199490	189936	194693	162852	205713	164146	199904	285027	301938	210861	205916
P37194	18703200	22513200	18244500	23279400	28232400	16043800	22976900	27080300	24055700	16415200	14037100	14127300	17977000	13387200	15120100	14815800	16250700	17202600	15250900	15975700	27347700	25725900	15871500	16508400
P0A8J4	13210600	12129500	16740000	14350700	12165500	15825800	13080700	13615400	11929000	16876300	11367000	11519900	12811400	10252800	12286300	11510400	10845800	11889600	11174500	10348200	13897300	14155400	12510500	11859200
P0A7U3	179524000	210271000	276539000	209687000	195823000	201161000	216944000	197249000	176988000	172489000	272066000	282166000	310965000	264222000	282386000	256225000	284147000	324751000	287852000	259511000	202910000	200261000	265702000	291546000
P0AB35	186516	226519	153785	264219	201099	177954	258708	336050	278036	160925	102565	NA	NA	136217	NA	136203	NA	112376	83073.2	NA	236863	201217	NA	74582.4
P0AB06	660562	472683	570193	612017	519043	560130	375304	605835	591034	634850	524039	513430	363155	482441	571026	430133	564324	550845	505571	553133	287111	314032	212164	291800
P00894	11083800	10438900	10848200	11010200	10422600	10384300	10761500	10318700	9903150	10525800	14441600	15017400	16174500	15343300	15224500	15772700	15456200	14360400	15487400	14955900	11698300	11566800	14580900	15429300
P25527	43292	115678	93759.7	128719	124033	33396.2	93985.1	147085	141064	NA	NA	18332.7	NA	24429.2	27126.7	NA	NA	28130.5	NA	22347.7	56072.7	79509.1	NA	NA
P0AG99	9083860	9926300	9655100	10213500	10307800	10499400	10248700	10502000	11386900	10250100	10885000	10019500	9071020	9171460	9671180	11004100	9195570	9392290	10176000	10083900	10006400	9114550	10161500	8927080
P0AGE6	4966880	5064480	5416240	5174070	5368140	4917850	5287870	4907070	4815770	4584430	3652570	3532030	4210180	3329750	3609760	3219860	3361340	3614710	3542750	3360890	4902560	5156420	3618900	3518000
P0AAH8	1360270	1449140	1288200	1413370	1409210	1476740	1438070	1393090	1338700	1341580	1601100	1537010	1693090	1588750	1579930	1546210	1680130	1653670	1449070	1556820	1529690	1470350	1619040	1642550
P39165	237918	273341	270365	271680	242702	230002	262239	306373	250086	234570	324087	337111	320515	302865	325086	302569	330057	362538	318260	328687	285948	255820	325646	311433
P37340	429173	421138	454066	349680	421695	406908	311104	385596	414677	440398	200638	228199	155635	207009	189660	170696	199057	182281	165346	229011	335612	202490	221077	229490
P37642	1701990	2104930	1697220	1846840	2211580	1499770	2248710	2561260	2549030	1531430	1746010	1805730	1453010	1693540	1698010	1803220	1923250	1750570	1576610	1824890	1727680	1863650	1657180	1837070
P51981	3092040	3226670	3140940	3267430	3080980	3322000	3052040	2992660	2786570	3190090	1791090	1784530	2013440	1891370	1910090	1912180	2181430	1948760	1937600	1843580	3363670	3374740	1995770	1954300
P0A8Z3	1946860	1576760	1870200	1696650	1621350	2058370	1595340	1531150	1700760	2025810	1582200	1703140	1726490	1650720	1693380	1932140	1724460	1875520	1568410	1602110	1864180	1756070	1594070	1510420
P04982	9550540	8847520	9133170	9202060	8477420	9806590	9523870	9566610	8512760	8988240	1702710	1691300	2150630	1714330	1858190	2122740	1971660	1969300	2304630	1789180	8519730	9198980	2172990	2691240
P45463	78669.5	116686	88612.2	92786.4	95312	84140.9	78757.1	55869.2	65080.2	74393.6	124313	120076	148057	138993	171079	138831	139421	156915	167147	147834	82725.5	98575.7	179080	138594
Q47158	145373	134044	153955	153164	160310	84999.4	162169	162337	158261	109264	164684	172616	177701	163434	148653	154429	179287	173178	207039	199397	141172	172729	181230	150200
P0ADB7	8921240	18829200	14286800	9837410	16568300	11657400	22506800	15666700	16367400	12042300	3696590	7287830	5573710	7662190	3718340	7294080	3675090	7862000	3982700	3837590	14735700	12196200	4867090	5018430
P37613	949998	1017600	995948	961341	998291	1086380	906085	825821	825458	989830	1063320	1148790	1066900	989349	1091540	1110230	985713	1169250	998106	969382	1075920	958107	1092640	1094630
P42628	254580	220574	202734	191144	195293	227991	175979	106872	182341	236051	128610	98742.2	NA	NA	140996	97989.5	NA	124829	136182	127563	217755	242470	105871	56859.9
P0A964	1484290	6701640	2698310	7854910	6931270	1998930	6770510	4242140	4200710	1802280	375896	298065	440270	741064	514675	370371	297489	279899	309822	235198	3384490	4698390	193546	285251
P33344	239224	174326	215161	237638	399223	183413	241794	363622	319712	396534	229620	197859	324434	215651	296420	208527	382315	326646	250251	227205	NA	NA	NA	NA
P45532	560678	487790	482892	535586	575278	605703	448496	441017	512506	400319	481769	535341	725269	500589	563588	619007	518052	711773	693271	NA	297238	645092	613660	503848
P0AAY1	251984	255372	240648	223128	199912	262367	187398	162502	137017	245586	31616.7	33936.4	46029.6	41672.4	17710.1	28383.6	41077.7	30590.5	31183.9	33376.3	371195	394438	42443.3	36246.5
P39368	85624.3	70473.8	77688.9	78343.6	102926	71313.1	130712	86140.4	113366	124005	100791	80229.3	166371	144364	114740	37345.3	116320	76499.5	59609.5	NA	95324.1	100418	106254	117595
P27297	1652180	937679	1257430	1116080	1105560	970173	743080	1274730	1633940	1790880	1264200	1510400	235665	675585	1432460	958929	1433820	1265850	1143330	1559000	562928	NA	508349	364212
P16433	34326.7	NA	NA	NA	NA	NA	NA	NA	26228.8	NA	53654.4	66885.4	95673.7	158537	118901	101456	136815	109049	168267	208901	17641.2	39843.9	226820	156493
P0AE76	436149	401079	453930	403324	420913	451167	367613	389531	408705	483497	501728	487598	479949	435343	315172	427055	511500	634821	421868	416513	586569	510327	393868	456053
P13000	4607250	4912780	4531670	4791690	4696980	5073620	4975840	5555710	5410670	4528420	5511750	4868770	4438430	5032720	4686870	5056630	5702470	5281720	4845020	4776740	4941440	5155440	4527090	5300390
P0AE34	281335	373349	317833	304703	350708	263202	257959	257067	252643	231400	218007	182735	192342	171007	190329	163390	184409	211272	133663	204747	250338	169955	215599	170024
P46068	250677	221534	199445	213700	211959	222105	183070	143637	150644	176128	129398	135477	145208	110488	130019	141999	135083	155669	132614	124551	213233	183965	141522	126927
P0AEF8	810087	890452	938519	888686	1016750	807624	771179	790167	766495	759793	511603	526148	464497	465561	504154	442490	568849	553504	412720	610711	771115	614171	587077	508093
P0ABL1	709214	211759	563536	284146	351759	775011	259143	330006	370782	851133	190672	176716	173996	179987	147262	264378	231858	156155	330768	332908	356392	459188	364426	181736
P36667	128460	88246.1	111826	112987	112823	115919	79237.5	105968	106581	139450	326078	269339	291741	279096	273383	319890	299569	297258	313461	322493	107978	112253	231222	210444
P43340	2153490	2291320	2442700	2278150	2323280	2101340	2342910	1776820	2159510	2052180	2417250	2541530	2377100	2193710	2246750	2412800	2082890	2674390	2416250	2319550	2582860	1908750	2501970	2250670
P10151	48304.6	39646.9	38055.3	29954.2	24481.8	37242.3	16778	39239.1	32893.2	39119.1	17211.6	NA	26045.5	25580.6	NA	27527.2	21661.8	13817.5	29618	22470.8	39471.4	42679	34835.9	30484.7
P09163	388728	455554	482210	457680	422237	407714	506742	400754	316095	413024	368322	389788	408214	385812	376834	379206	375843	427569	366064	341665	531499	355473	345516	351174
P0AD53	690144	1217580	804925	1042970	1054340	615954	1184990	1268430	1210890	634808	1056120	1087470	1208540	1022910	1056190	1047140	1072040	1075750	1032870	1052320	976298	995545	953616	1066280
P23840	788934	729031	908493	779551	649333	827318	683275	628729	647359	788478	264201	283535	256251	258770	289798	267092	268191	298438	247761	262059	697691	694424	296782	320979
P76502	4749030	6478920	6056540	5704170	6253970	5247760	6272560	4833470	4881190	4243560	6023120	6509570	5858850	5654150	5856210	5676100	5146800	7173820	5353320	5330730	5647440	5386040	6488920	5776590
P0AFP2	335875	331651	362407	253899	238630	336791	322085	244889	290977	308706	253310	246786	311258	236759	297180	267259	241871	267628	245600	233432	256502	271510	250021	275445
P46888	893797	791992	916039	827037	828303	983484	762638	781095	741032	1002070	530728	524141	664664	533150	564471	559787	600588	562532	574420	605355	1004280	917661	602891	547685
Q47152	98069.6	52151.8	78291.5	65466.8	50247.5	96851.1	NA	NA	58877.8	103462	NA	NA	NA	39840.4	18401	NA	NA	42178.1	NA	22282.3	64138.4	46232	26283.8	NA
P68191	83100500	83482800	98992100	98663200	82703000	86556900	83198300	91875400	103111000	72394100	69313400	71131500	103636000	70393500	81624800	90190000	85417700	73223100	86807600	76631100	80979600	89056400	67210900	83504600
P0AAE0	3772560	4940990	3824480	4630860	4413620	3550400	4158570	4728340	4593520	3943630	1861650	1957010	1338160	1681980	1722170	1517920	1674130	1866180	1502120	1966620	3933870	4256670	2054490	1904310
P75687	216799	247530	238677	252441	215479	229035	248402	314015	286593	227889	154732	146777	144770	169962	164651	125056	160752	130980	142000	113267	200072	218333	128902	132558
P64455	55033800	47007300	48457300	51478300	50553200	48521500	49523100	53714900	58062800	54651100	70802500	59203900	87459500	59796200	70446100	72639100	71098700	72824000	72424100	67729300	50641500	52565700	67238400	68084300
P0A752	1458420	1360390	1585280	1334810	1410150	1586720	1481220	1523420	1269480	1370760	1404120	1424230	1509730	1186670	1263170	1286500	1193030	1374450	1375390	1321280	1287560	1308030	1280210	1271310
P33634	168204	205036	196209	184420	182936	151585	212855	175409	216247	150962	222731	198264	176460	174089	212474	182370	192837	208006	171474	187117	244245	200467	231176	186111
P0A9A9	20085900	22590000	28359800	21082500	19043700	22021700	21816200	20288500	19130400	20161000	13081800	13657200	11851400	13726600	14408300	13468100	11865000	14756900	13494700	12109300	20360900	18904000	13720200	13738400
P0AAD4	300331	263223	242139	246322	241860	198274	305429	353816	531214	355437	235311	121161	150631	302331	171287	170769	72630.6	159535	153148	294108	259475	112895	284738	223011
P37047	484798	555964	494961	474118	518075	501179	498934	314090	333400	480785	52596.1	275675	191401	116835	177006	198190	166147	197945	244952	166782	478808	412783	240373	205810
P0ACZ2	178697	203088	187112	189356	165109	161341	151519	178334	165874	160280	196998	198324	187816	182212	153189	195675	215081	179715	200264	197422	169995	162369	168177	156285
Q46809	183617	169279	226099	165962	115703	208867	137080	113195	148597	171209	NA	176463	310465	NA	161551	NA	170537	167419	NA	NA	164565	186408	NA	258947
P0ADU7	516428	409746	473848	431074	440398	511856	383044	351868	375386	511965	535151	444180	486678	547193	549064	479049	536993	533096	513466	573077	456852	448520	514615	452452
P37682	345856	328137	312911	301125	315939	231823	323154	339985	305186	253868	228837	312379	232976	260985	235094	183939	201613	293299	215572	200092	244221	317375	314002	212143
P0AA73	57252	59603.6	60503.8	72169.2	61815.7	58018.3	53655.5	63990.3	55780.8	67632	53185.5	68325.7	57672.5	69233.3	71896.1	73675.3	71894.8	68792.8	75006.1	61391.4	40976.5	40844.9	76672.9	74996.9
P76112	1933600	1805970	1905790	1496310	1557020	1850700	1671430	1693710	1752030	1945430	2106110	1730420	2237380	2316300	1840870	2215590	2003490	1968080	1964260	1981750	1660970	1730560	2144080	2155990
P0ABQ4	4075540	4981460	5186970	4604270	4857300	4504720	5063370	4855670	4531460	3827920	3919890	4472950	3920290	3509970	4071590	4005120	3679540	4102750	3423440	3478130	4537590	4503970	3435860	3607230
P76219	NA	42946	NA	NA	76501.9	50562.7	33815.5	NA	81048	45495.8	131149	118816	130869	107654	97716.8	152232	107874	109522	114052	153890	59929.4	60288.6	97031.6	141547
P12994	10153000	11698500	10203700	11269600	11194700	9345940	12399500	12081900	11738300	9629960	8333130	7993740	7812740	7939770	8206500	8533580	8957200	8733170	8024260	7730750	11326900	11658500	7745330	8126850
P37590	1357310	1644320	1737610	1516440	1286410	1666570	1372230	1093080	1073910	1518200	785459	749158	935633	745737	884296	905754	779370	947726	823084	817406	1526350	1290380	732509	780159
P0AEP1	590953	777868	NA	638894	917232	NA	522744	689230	610303	588156	639857	829865	484943	597842	615016	433728	781091	753855	457868	592938	595753	510242	667884	814543
P0C0T5	338244	438209	391514	369506	408198	353608	377889	407247	385701	331043	872355	884605	692743	681371	864015	673748	709226	799081	716725	756228	438029	399522	874749	916825
P0AB12	1046340	1093860	1102340	1135240	1075660	1185250	937370	990636	1036170	1043900	1436590	1408970	1291490	1256060	1327400	1302500	1369900	1318510	1272750	1458910	918182	959669	1469240	1362120
P77671	102559	143704	94728.3	189538	101243	124691	165844	113714	120102	64795.3	NA	NA	NA	NA	NA	NA	NA	NA	NA	NA	116543	185912	NA	NA
P0ACS5	1173040	1261340	1458820	1357260	1384930	1313150	1248410	1297680	1244410	1182190	1336090	1362460	1368430	1347890	1359230	1300750	1286750	1354010	1315070	1300940	1289220	1300790	1347640	1321530
P27238	1714880	1514910	1769670	1488970	1283940	1761920	1324790	1169590	1347210	1907210	630360	747259	843888	596924	698255	770266	636345	684869	673043	723976	1543700	1528470	845764	785590
P76399	531570	640506	517386	645244	537249	520806	599563	588656	496729	596521	593961	651030	467120	559298	515290	539339	643534	553729	505747	536498	559518	581023	608295	583284
P66899	152634	177496	149380	227076	172100	189713	NA	261475	36078.8	161171	NA	NA	NA	NA	NA	NA	867330	60664.2	NA	12759.2	160720	201012	NA	56509.3
P0C058	292011	214720	313769	211803	191731	272460	202919	211581	186310	270085	238622	261640	202273	209937	206887	237265	235156	270037	243255	239703	227558	258701	235826	241705
P36930	1051940	902837	1087440	1159720	874068	1185740	1043470	1449630	1211980	1385580	1486990	801618	1324740	1400530	962467	1027750	1560240	NA	1245870	1322480	943448	NA	1098200	NA
P76182	166596	159121	106659	110959	159472	123286	131876	41091.6	142987	NA	123274	82926.6	80970.2	73563.7	106486	77141	50094.4	95446.9	63867.7	77849	124588	96674	87203.5	99892.8
P77368	733902	604279	850066	622673	657996	729757	619362	602966	697143	731448	446896	507505	397474	432603	486156	555742	481017	466917	465749	460250	691326	635039	516360	518445
P51020	53399.4	63376	60295.6	62588.1	63323.9	68723.8	56723.7	46233.6	43491.7	36602.8	55606.7	58239.9	60714.9	53763.1	58109.8	59307.5	64932.4	56525.2	47126.4	60239.8	55403.3	66286.5	60077.9	56307.4
P67697	2153120	1504480	2463310	2081670	1619400	2301160	1944380	1928180	2550750	3013360	1991070	1776170	2327340	2000900	1852340	1880070	1952440	1780980	2126730	2001050	2164410	2305390	1594000	1779200
P0ACV8	810177	718604	867681	862735	740641	831211	682916	629273	774816	654546	646352	608812	700647	573311	627525	615655	615679	501853	629646	510633	654092	734168	656069	569945
P0AE72	785643	691610	922191	809707	802709	735905	658477	769471	719536	725430	644826	676893	965099	623603	755593	806845	891240	818350	879830	674256	814436	697089	714742	768734
P0AE48	7285430	7347710	9504800	6467370	7141820	7388520	7474470	6154020	5879670	7562810	6234680	6528150	6952050	5781390	6901270	6506330	6324480	8018840	6935600	6346550	8299570	6241680	6991430	6105510
P39360	85262.6	92300.7	84889.8	77451.1	76591.3	113999	90386.6	120425	71405.1	106494	NA	NA	NA	NA	NA	NA	NA	NA	NA	NA	79020	86043.2	NA	NA
Q47702	290757	378094	348972	403989	414931	284798	428753	407342	426446	267493	240191	236922	261460	204725	276109	255924	258961	221745	278137	238873	387560	407085	250602	237290
P0AF59	1815230	2318340	2740450	2088410	2079310	2339190	1948980	1988090	2012910	2101110	1464670	1504930	1951630	1572080	1632930	1726380	1644210	1669400	1661460	1651060	2258790	2020420	1719490	1676310
P0AF54	1561160	2261160	1723370	2119090	1727400	1844100	2274940	2489730	2337860	1463600	533156	365395	NA	NA	129052	202803	456154	NA	NA	NA	1528940	1879160	NA	NA
P0A9T6	328912	709149	506646	543900	654938	359314	749581	675367	586779	324204	1300130	1673110	1786240	1324500	1527310	1502140	1225480	1697610	1635170	1480670	502944	492936	1319300	1278870
P0ABR1	507397	729611	680755	639573	770443	524561	789989	749084	688187	478749	813832	805352	847177	689136	819271	738696	648790	784847	823545	779086	532493	622605	715204	717668
P0ABL5	695215	507989	682699	551950	604843	705958	566630	535506	639017	683196	417030	535431	396942	480174	435759	449403	450507	486896	449839	512313	678158	542663	616303	475618
P37657	389476	560281	536576	538253	627345	483913	569036	521681	557326	449529	1084490	1018220	1046340	1060170	974746	1042090	1020050	1064980	1133570	1068790	546555	534969	891003	914031
P61175	186737000	211483000	217003000	197680000	188314000	204531000	211704000	191767000	154912000	195309000	244940000	250406000	281017000	284355000	256709000	229683000	268156000	295688000	258790000	251956000	226111000	206127000	255277000	281464000
P64503	15494500	22203400	23087400	23007400	23801900	17472200	21880900	22136000	22920600	15577700	10500500	12042400	14787500	11890800	12039300	11408300	11350100	11975200	10646000	10162800	24036300	20282700	10672400	10987500
P52106	129535	183164	166258	205569	160565	211111	165197	158242	224882	153501	228571	177569	277123	226817	181505	217923	211084	202800	236589	226059	174458	134834	187291	221335
P33647	258847	241415	230358	233093	265340	291392	168226	254357	212564	270558	252949	229917	126518	217920	368792	218133	182024	208729	171609	230239	255718	247028	247621	277142
P69820	269930	217899	294468	245790	260259	271866	238566	214593	246441	280751	146957	156202	126424	124339	114819	134956	127066	135088	143604	136015	259202	258377	141257	129385
P76518	NA	76959.1	24926.9	48324.5	37124.8	NA	33232.9	NA	NA	12531.9	NA	NA	NA	13033.8	NA	NA	NA	NA	9118.15	NA	33187.4	41240.4	NA	48421.7
P0DSF6	8517140	7690490	8565030	9562840	7590990	9022690	8260030	8907000	8604990	9041850	8059110	7929210	8796990	8526030	5712770	8805000	8845210	7627160	8305700	8020130	7893640	7089320	7875440	7517810
P0AAF3	239765	247935	233374	234456	256194	269612	239729	220378	195684	256808	NA	NA	NA	84418.2	86299.1	NA	69606.6	113098	186116	NA	218384	207587	NA	79948.1
P03007	860445	794343	754178	771287	728629	801100	741036	715238	791197	745885	817905	790600	760719	784173	796423	790932	857908	846571	795753	795298	692148	751220	726324	735864
P0A6A8	987992000	1018530000	1262910000	1097820000	1235360000	1071620000	1125440000	1192170000	1368400000	1154890000	1093080000	1222350000	1129280000	1028490000	1155610000	1183830000	1278640000	1072100000	1174930000	995661000	1148630000	1289000000	965436000	1135560000
P11072	945132	587281	724444	685403	464811	949870	523976	402107	457069	778715	580626	470891	683748	643090	516668	719543	662859	603246	772978	741838	779200	797371	598102	639948
P76535	33094700	40557100	37201800	42719800	36824200	38918300	38190600	43304600	40731800	35416800	24644000	22859900	25088900	22377600	22514300	23308700	25389900	26434500	24569900	24592800	35915000	39431600	26201400	25905700
P76172	10689800	11720600	12505000	13768900	12642000	10374400	11625600	16947900	18363400	9306410	10178000	9420670	11104800	7917320	12442800	11547400	11176800	10477100	12069500	11140200	11468500	13821000	11407500	11748400
P45424	2421840	2401020	2560340	2432910	2529190	2378940	2347790	2514710	2406940	2065310	1665010	1798260	1686230	1432680	1615800	1578650	1392700	1708020	1559560	1478150	2074240	1900430	1602640	1409240
P77650	178520	238249	262481	230141	297389	193994	231011	166669	131452	155343	162722	254586	185617	164126	277645	249541	169429	195086	185226	108675	311789	317389	249350	158904
Q46824	722614	1058070	866201	930552	935353	852406	902634	779747	658272	782167	693558	535270	694490	632192	716054	556815	603573	812065	671814	674417	875304	641281	777966	744055
P77717	15065600	21341000	16547400	21240000	21864600	16646100	21820500	24747000	24097900	17019100	12315000	11335200	11443100	10369400	11089800	11317600	11106200	10044600	9304480	9706200	19770200	23406200	9904540	11218500
P08189	495156	849873	601079	947649	1384700	541415	1082900	910945	975349	392431	684174	741933	662714	728415	819739	541136	597693	714365	468874	526738	1072120	1243250	667725	747874
P23873	265750	284196	398670	303290	308482	303140	291989	266008	265866	285590	240758	281839	214077	200222	288866	252089	259680	306616	262963	252666	362941	323003	290972	245741
P64463	45480300	17963500	31927600	23809100	66082800	42525300	30182400	41152700	43418200	51776200	99818400	100586000	162190000	93683300	128884000	137003000	148114000	106683000	173611000	169103000	47182600	41132400	130019000	128705000
P39263	449145	266197	393359	269184	314032	495423	235250	282533	270474	551170	238473	320917	284677	283136	266650	260766	283266	236304	339835	356563	364530	363078	448566	300910
P58035	288281	302297	325040	302140	219162	349737	255840	253586	205864	283065	172191	233279	149576	190488	163798	183578	115496	216164	145238	140828	265510	204977	111602	133765
P39343	NA	64976.6	55055.5	95711.2	58516.2	95791.8	57165.3	32674.9	43980.5	48838.8	92777	70068.1	85619.8	69876.1	92905	69622.9	96420.7	72884.1	68663.5	73720.6	93477.6	46791.9	62501	74171.7
P39453	331237	187016	258671	293097	254907	338935	219048	229239	229879	334149	241388	247180	251903	240144	257227	253691	259565	245630	265342	270854	255682	271501	291940	276240
P0AFX0	13570300	14505900	19674200	16877400	17127400	16477900	15936800	18404400	14252900	15736400	13086100	12650200	16336300	10420700	12224400	12824800	11851700	13251100	12431600	11048000	18070900	15238600	10941200	9713090
P31825	1368510	1048220	966783	1249580	1118850	1154630	1035510	1191420	979326	1146310	1245480	1184300	1325710	1240360	1276780	1201280	1371460	1183280	1270480	1332630	990994	1181680	1286840	1175770
P23841	153127	102183	126703	118377	97556.1	152511	115537	124470	91181.6	162123	61521.4	64951.5	83631	85256	84314.5	109879	84357.8	82460.1	67073	102642	139698	105783	109657	89547.9
P77309	479013	518750	482678	528354	499664	503801	493940	493251	513430	461482	466173	436538	456091	416929	411972	415926	452992	404969	399652	447801	481252	552834	445025	417492
P37643	304794	447363	385291	375091	446152	272369	433315	391273	411067	288667	1057740	1136700	773766	934013	1062250	842914	862358	971872	655637	864124	272766	248801	1069980	1137720
P0AFM9	2467180	2018020	2016990	2165530	1954300	2897910	1857540	2144020	2463580	2443870	1498020	1488500	1706410	1792640	1530450	1778860	1726720	1415000	1552270	1604970	1777750	2112650	1318780	1543540
P67338	3354390	3687020	5457070	3314630	3640560	4064070	3781860	3018780	3414510	3612420	2527220	3099440	3215170	2467550	2650180	2365570	2901320	3494480	2532920	2182260	3789790	2700540	2882430	2253300
P76406	2331330	4133130	2628130	4031700	3555370	2350000	3462980	3401670	3519250	2412020	1897550	1908350	1878850	2050160	1756040	1747530	1816110	1567840	1654420	1633640	3146170	3455520	1548240	1873670
P0AF06	NA	148287	59926.5	170848	157340	NA	137547	105017	120018	NA	NA	NA	NA	25194.8	27602.8	NA	NA	NA	NA	NA	72836.3	99325.9	NA	NA
P0ABP3	207807	206776	193124	217001	270483	179767	159633	196179	214294	201071	309129	307650	211788	266766	351784	366998	324318	336899	317512	352328	269432	146299	457562	347271
P0ABL3	1390270	838028	1546150	1195170	951461	1843920	864290	998977	906324	1755890	836589	696868	715575	948440	995389	1123970	990227	891454	1008680	1039270	855128	664252	1026670	692903
P39363	421665	432372	404591	391676	505058	420204	418654	440897	445913	548225	371740	375874	390239	404047	344973	426706	409769	373956	375413	378208	507749	473874	324086	382140
P64467	2288620	2164690	2888490	2329890	2431740	2163530	2425160	2419730	2395650	2242180	2338240	2525400	2901770	2303250	2769440	2760800	2760670	3008830	2926230	2697980	2350490	2199110	2654080	2762850
P0ACX9	539010	1277550	791857	1497780	1497080	685469	1553670	1529620	1551020	406321	2042460	2426170	3703430	1856780	2057950	2487570	2297600	2100000	2959330	2078700	1221730	1163400	1721190	2057180
P0ADI0	124308	118300	108926	100197	64261	97041	97529.1	126112	97860.5	78149.2	125916	116518	93390.4	135563	104979	132429	119016	107220	81318.4	101947	112586	139887	126117	145506
P24178	4945180	5075030	6187700	4887740	5103880	5194600	5013170	4597850	4491880	4818910	4792250	5256060	5523090	4655360	5083960	5358270	4812910	5475120	5242370	4865150	5228490	4552830	5047740	4574320
P15070	525804	1863710	984439	1686770	1426020	665654	1689430	1089930	1062540	649689	174526	134434	135125	310963	185930	177621	102859	126976	102778	120018	1068380	1173980	66061.2	129352
P77295	274779	263681	315326	302050	268697	324481	291172	261142	205884	280596	284136	226852	333643	325095	267573	301109	306006	251942	273167	246375	227700	221036	239587	280589
P0AEB5	1589150	1529940	1382590	1452350	1701040	1729060	1611100	1797330	1853000	1589330	884909	940678	841116	618623	782516	981872	941570	933172	811815	964932	1720970	1426230	865621	776901
Q46865	603011	313373	476159	429136	349556	674908	225880	382986	391584	749053	251651	204650	332598	261055	251584	220575	314081	277999	282559	285032	513170	366656	291354	273929
P07013	906403	970344	947564	997216	940747	972628	971247	924926	939725	923451	1079340	992881	1068860	1083570	1056040	988967	1042020	1091440	1053320	1088630	961282	955215	926285	1073450
P64599	1932250	1570040	1417860	1417080	2777070	1946370	2222330	1892770	1873960	2064880	2308700	2114530	2095300	1933090	2036770	2309010	2625500	2627050	2346370	2346740	2552370	2044360	1974570	2311450
P64432	96303.7	108368	130585	110818	118237	82876.6	NA	130581	117542	127545	86472.4	82826.9	64601.8	66136.3	77026	NA	82922.1	70712.3	41638.2	67665.6	94333	68688.1	70642.2	72957
P0AAC6	1057710	834290	902442	1044750	1032840	1072440	761675	1064920	1011380	1007570	1203120	1126360	1036230	1224660	953893	1314430	1327870	990149	931645	1446750	694100	668648	1263630	1186700
P0A828	82016.5	89656.2	121496	110352	90313.2	85524.5	85443	130468	109969	98103.6	138811	119724	166310	151393	158027	175472	135643	146285	136218	136593	107624	103506	161819	199445
P46139	48930.6	39789.2	57202.6	80065.5	56290.8	85580.1	90126	56692.5	78863	65317.7	98534.4	82024.5	79843.5	106078	84550.2	71687.6	78678.6	78951.1	92387.3	65260	69078	74353.7	92116.7	70870.7
P0AGK1	307538	331040	324231	316262	322308	238497	271669	253387	280752	340432	221842	236613	211844	295270	202061	218230	250191	278338	168233	254973	262284	212744	228906	208772
P75972	NA	97936	63725.6	132295	121961	18282.2	NA	156274	167864	127061	254447	223146	223151	257136	227964	180477	238691	146623	156484	222902	88011.1	90020.7	219310	330937
P33014	2455660	3412640	3250990	3026640	3871290	2990440	4185980	3000390	2642390	2744260	3905740	3603060	3768520	2921560	4700930	2946630	3716600	3916700	3953770	3849290	2518800	2872420	4852190	2848190
P0AA82	1297050	1418290	1499830	1379760	1525680	1205460	1231750	1557830	1662150	1223890	1515110	1509750	1096930	1453710	1402800	1265120	1419040	1352180	1218730	1706510	1084910	1042600	1661730	1341530
P0ADT8	5537100	6873440	5349020	7030730	6991760	5425410	7181580	7796940	7492830	5632730	5661890	5446340	5814470	5478250	5266840	5897050	5497280	5319610	5867830	5663750	6517520	6803040	5499480	5751160
P69488	1678140	1712140	1789480	1755410	1640110	1973100	1875390	1629930	1552900	1901510	1130170	1054960	1202690	997133	1046290	1075520	1112610	1106220	1132020	1111550	1787650	1636490	1065990	1063900
P0ADL3	330373	450807	362249	340838	339053	354151	370352	363621	379050	339162	397505	376867	338307	393416	399249	404914	360311	439492	399932	448607	295002	405759	391688	377206
P42625	145638	186599	254534	175897	216041	184175	189242	193762	253540	166923	73616.8	63042.3	54945.7	51240	77156.2	103825	92680.6	68172	94778.1	90563.4	274206	242512	102141	98679.9
P39409	75665.8	68317.3	NA	122288	61902.7	106968	99486.5	NA	NA	NA	128147	111624	114823	74223	121159	96240.2	203852	100752	112841	NA	80214.1	126910	130045	161793
P0A8D9	51619.7	65116.7	46930.2	58173.8	56294.2	58401.6	51377.2	68801.1	58745.2	40608.1	49247.9	55732.6	59533.1	61244.9	50921	62682.8	65516.7	78075	80450.4	78407	42701.5	42508.6	54379.2	45071.3
P45565	434036	303849	399409	227805	386538	363246	403413	347211	603355	420346	351946	295275	228957	318072	208742	346085	268973	257699	268115	229026	458189	333076	239106	205015
P09184	501374	495363	493074	426687	483087	569654	563497	446647	429936	585781	515674	463211	493227	507752	522110	463651	491577	531431	491838	495647	536921	425620	438321	438580
P0AB28	19487800	19400500	22916200	18478800	20020500	18397600	20377100	18023700	18747600	18525900	17640700	19369000	19399600	18670600	19546100	18724300	17027800	20291700	18902800	17789400	20415600	17861000	19231900	19328400
P64499	397621	301672	308902	332638	318789	452892	334336	278260	385785	360463	1594140	1532020	1429660	1579350	1472160	1501720	1504240	1290490	1541550	1510360	303383	253435	1335630	1385650
P32055	89898.5	196016	NA	188581	149875	NA	183498	159652	156345	NA	109730	73465.3	133236	118337	106115	130423	89067.8	97808.9	47277	127699	NA	NA	NA	80146.7
P0A8L7	1860930	1500600	2379800	1552780	1520010	2004250	1630790	1084240	1273370	1763160	1745370	1627610	1921290	1401590	1799000	1867010	1502390	2008920	1789490	1597040	1663120	1194950	1528320	1489280
P0AB96	1127530	1136260	1494260	1135140	1152080	1208220	1196180	1168680	1108370	989008	1171370	1198750	1348140	1061740	1283830	1139570	1180410	1308670	1207530	1109360	1099970	1083540	1110030	1184330
P0ABN5	4031880	3829960	4311890	3427180	3919890	3868300	3108370	3119110	3505640	4154730	1584090	1580100	1357620	1604670	1572740	1596090	1550710	1776200	1203340	1909460	3122240	2626340	1922470	1865650
P0ADX5	1197440	1669840	1598830	1683010	1703990	1612770	1418580	1600890	1440770	1340560	912850	1137210	1163660	864719	1427130	1050070	1123080	1315730	1102550	931238	1853330	1214360	1073320	1143620
P0AB10	1466980	1815860	1282230	1616690	1674590	1574660	1481390	1459980	1222320	1378960	1453960	1416930	1442970	1234660	1439010	1297510	1352980	1497290	1292260	1365190	1613970	1351950	1482750	1352870
P0AGL2	8916170	9153140	9553680	9005500	8099640	9614280	9384920	7762080	8681630	9027660	7365830	5930830	6707200	5506480	6387680	6895760	6235860	5930760	5169540	5050370	8522850	7304000	5339870	6004770
P0ACV4	3262630	3449520	3163590	3181400	3115830	3156940	3384060	3092950	3309930	3193850	2219240	2063590	2006760	2064670	1854320	2062540	1932030	2082900	1791260	2002040	2705220	2521220	2266800	2040410
P37025	85623.3	64792.5	120089	162225	105962	143826	109158	113617	81057.1	93249	98646.5	67707.7	107697	64541.9	83882.8	62196.4	97041.1	49036.2	69463.1	109292	109559	101418	74268.4	66429
P76471	328455	200078	224154	269050	285245	383525	323963	342732	370826	302934	NA	328020	327579	372153	258615	238732	305922	263105	257238	298430	260081	244288	323142	301102
P31467	538855	651676	578551	585093	601232	553964	515759	432010	414408	485762	500334	581651	577068	535958	587467	535920	522035	614061	486871	513013	604048	501889	500935	473547
P0ABP6	445662	559723	491629	495475	508538	445760	436973	490589	488586	621140	434982	423363	417887	475945	355641	368992	441503	375867	397759	442297	243109	274849	343283	361325
P24177	1010340	968298	829907	894966	942906	895846	834220	842557	821270	1277020	805041	695065	735945	849066	850877	685936	831466	762027	821500	985741	777769	926875	872941	861905
P42597	798743	896064	826557	916718	852865	854926	713474	928449	844442	789982	1139610	1028800	1129440	892414	1033160	978338	1164430	1085080	947618	1067910	755879	828149	1100760	937344
P0ADM0	194431	217761	218970	216328	233714	197720	205396	262256	253032	209763	NA	NA	125455	168720	NA	NA	153690	NA	NA	NA	207834	194508	NA	127589
P0AB65	3003070	2384530	3184670	2659810	2608850	3204010	2547990	2803430	2849890	2910760	1834490	1886740	1945760	1906550	2034710	2296420	2132850	2071250	2187680	1926150	2933340	2730880	1989150	1922310
P60955	743112	889555	760056	892359	917613	855290	671353	905714	777892	656027	876703	704003	774049	593171	659919	600602	678280	711782	534933	696097	720544	594687	797140	613758
P0AAN9	7117270	5725310	7758050	5818210	6311310	6806480	5833180	6624350	6581670	6822780	3387760	3524660	3591370	2724410	3220830	4116820	3195820	3325140	3860760	3539200	6203660	6170190	3452280	3034160
P0AER5	118581	162014	124585	142572	187607	116634	148322	158097	156355	79615.5	71144.6	45081.9	55742	75732.3	80978.6	NA	69225.4	46319.3	35637.9	46444.2	85237.2	78822.1	87254.6	81924
P0AFV2	56354.8	66144.3	NA	88640	128278	92274.5	73763.5	94559.1	71608	NA	75174.6	59240	85492.2	57210.2	112213	90338.2	115668	95711.2	111430	135344	90344	85866.5	84175	36790.3
P0A930	392711	220963	55995.8	81524	125058	29313.9	152199	112988	99025.6	NA	91833.4	55576.3	NA	52826	41630.1	77177.2	282268	53243.8	17545.8	38301.2	51024.4	77186	68901.4	15333.1
P28722	78641.7	86932.9	80737.8	82544.4	77323.2	78723.9	69930	84690	77190.4	69523.7	241006	259160	301673	259793	276258	284874	277312	295215	277565	268434	95181	75599.4	245736	274867
P0AF10	325370	363057	355313	358150	389515	432387	357375	401382	305409	351466	378919	390977	435149	335595	380926	339841	387072	391950	396723	358754	438394	518930	411888	357514
P0A754	67438.7	101991	97884.9	99562.3	70257.3	99165.5	70061.8	84077.9	77992.6	91530.6	77605.1	73651	95513.6	87887.7	74885.4	68204.9	71183.2	83777.6	83212	61800.6	72917.3	70517.2	76040.5	85180.8
P0AFD4	570790	774538	718379	659087	731947	525060	589621	556898	586548	437984	323144	308266	261939	326717	242209	279744	248781	274840	176478	232510	475860	374459	322541	319817
P0A932	166386	252690	208378	231284	255160	180303	249392	160335	213936	182119	233779	291565	272649	238425	320666	247858	266269	327379	240249	272423	225134	229356	325756	266015
P0ABX8	362920	1202900	710615	1197320	1125970	431705	1096520	971121	877258	409082	175590	143016	133296	268660	168337	136294	146280	131670	97843.2	96669.2	814837	925712	68102.1	159682
P45530	1097120	1348680	1330580	1494820	1299270	1342680	1192620	1201230	938865	1139480	1279900	1204480	1451190	1217930	1335390	1229200	1231930	1313730	1356690	1187830	1375640	1098120	1240720	1134140
P77493	186113	165269	90551.1	226806	130481	199581	126859	159481	174040	159136	135632	191791	162764	123317	115903	169376	194315	196024	154922	160421	138607	212196	179497	154338
P0AD21	400191	465610	481712	493945	379357	446879	458326	458651	388461	411669	635499	600846	490294	557184	620885	445763	514498	616427	526314	493684	411854	382430	577747	617003
P0AAS9	976554	1544590	1642500	1430650	1323390	1242170	1336840	1244720	1165460	902776	NA	919593	NA	NA	NA	1196800	NA	NA	NA	1372100	1201580	1224660	NA	1009750
P0C079	2627950	2314990	3242070	2471670	2305950	2585840	2085280	2221240	2338330	2599690	1938560	1974350	2293830	1874940	2063640	2070970	2086200	2297560	2061930	1898480	2425820	2233780	1916510	1918550
P0AAU7	540433	591297	805756	537252	540396	583476	612549	464634	498711	489514	548067	651314	618211	515647	582416	605392	566613	650516	568490	530746	626948	464048	522977	559654
P33011	422323	278887	324237	498530	562847	431361	332583	377912	446118	425998	165312	234692	173004	245659	185817	228798	181999	246588	190587	227938	397439	283277	234361	190309
P77634	235864	216874	220630	192508	225125	246657	223664	188896	206053	223837	205054	209902	154125	147109	190771	120196	201706	201349	202514	208452	240696	184718	164245	145731
P0AAK7	210148	174522	103127	115824	118005	222682	141086	134333	118898	260246	74414.3	91866.5	108964	118994	78311.3	132460	105881	101331	121424	157951	135762	151661	121959	141639
P0AEZ7	141163	134959	145571	97629.4	126445	107777	88418.4	198580	159295	155321	243846	266761	107137	186560	239722	174758	264210	235858	198275	221812	NA	NA	73404.9	63595.6
P42630	31424.8	41389.6	44566.7	53894.6	42638.8	45015.7	33578.4	62604.1	36787.6	31498.8	NA	39193.3	NA	51930.2	37520.5	41026.5	56021.1	57659.9	NA	41107.3	53361.8	74960.8	NA	NA
P0AB55	8454390	7331970	9762240	7943310	8350010	8069400	7442670	9196460	9412460	8382870	5663270	6210750	7193920	5207530	5851780	6367920	6265000	5593640	6360460	5777060	7163510	7742330	5816700	5732050
P0AGM5	69700.1	80010.9	44681.4	93528.4	72450.5	66626.9	81606.4	110958	75059.5	90060.9	224314	197860	195977	229216	221041	166028	213544	221760	180607	186804	71114.5	104795	241735	259938
P0AFI9	388376	373951	335918	311604	296858	371130	322849	345897	385927	354053	241707	240660	193730	249151	248592	241025	233686	217676	155474	278510	291279	255361	357172	286432
P08369	59320.6	94676.1	61950.2	84278.6	87937.3	46541.3	117664	112261	100597	84220.1	NA	NA	NA	NA	NA	NA	NA	NA	NA	NA	49429.9	74480.5	NA	NA
P0A6W3	567665	672608	607326	683673	780708	532933	611094	779645	807424	566405	476041	457594	367670	496947	390918	402338	469764	450995	260683	459534	544063	359242	453026	536853
P37309	76925.5	65108.2	54059.6	43107.6	38600.6	45451.7	53700.9	32633.7	33740.1	31191.3	38204.3	44157.1	62703	49028.3	53795.9	55590	84941.3	79262.9	48488.4	44651.9	43063.7	44190.9	62454.6	60277.6
P33915	893114	1190290	948314	1089500	1191940	1113610	1024210	1107810	976829	950601	869199	882251	700182	788021	745261	748766	983989	760690	688261	843149	769429	687954	826972	775696
P0AGB3	175015	201536	259331	244723	211985	174951	202108	226136	284445	195496	233444	248807	195070	218676	256460	230617	219529	278019	249604	202646	257715	276663	319417	314498
P0A6J3	1532050	1447800	1366350	1342470	1483490	1437220	1332750	1524820	1660670	1472720	971139	847936	870010	1008600	911655	1055920	942052	888615	842612	951383	1075000	1101330	1072980	1057740
P14176	7779110	14067100	9739710	13384500	14457500	8244370	11674400	13558100	14828200	6512160	13094300	11920300	7955070	10889900	10850300	10811200	10278200	11628600	8611640	10664500	7806090	8064540	10022100	9863610
P24197	389287	353088	376281	238041	372509	419708	174041	305909	276236	302003	235410	218267	261992	198595	211756	166416	237688	257898	193838	228236	350557	271583	239095	174966
P0AFZ7	215754	217612	191692	187850	247870	131129	156408	235974	233383	205087	131522	138036	77238.7	148359	118211	94347.6	159904	150062	85127.8	132400	174476	103804	155518	156924
P64622	74369.7	55975	58030.8	94631.3	67825	93654.2	52116.4	83942.9	72822.8	88857.2	87843.5	74611.6	103046	81340	84032.7	100182	95923.8	87916.8	99739.8	81928.9	60852.8	69085.8	82645.9	91769
P22586	5116.66	55631.9	29366.4	63413.7	62293.5	13217.1	49334.4	17725.2	25073.3	5315.23	NA	NA	NA	NA	NA	NA	NA	NA	79483.8	NA	22585.1	47580.9	NA	NA
P0A6S5	904657	907886	824379	902417	983839	817934	901506	935063	1069040	865476	1146930	1070690	1065990	1144840	1110290	1182990	1231570	1176290	1069050	1073800	937538	946054	1191680	1124100
P05100	292076	479496	331407	352092	350929	317510	355797	466850	394137	302333	207144	170166	132808	262557	199594	204743	199699	181973	154188	163692	228503	308880	161713	197100
P76308	114522	184014	95733	178416	155881	147625	199774	142540	165397	NA	NA	NA	105143	77594.1	NA	NA	NA	NA	NA	NA	103223	119028	NA	63212.3
P42589	395985	720943	498150	549698	577751	530192	686402	682888	555831	442871	259940	NA	125192	239768	185214	261590	255086	201895	247195	255062	651798	643260	164506	243702
Q47155	12553400	9110870	11539600	9738530	9274350	13489700	9170550	8278180	10670500	10606700	3392380	2868660	2528870	2706310	2647960	2606270	2370030	2836810	2088750	2247960	10336000	10140900	2470440	2243550
P45472	124805	161086	151805	113091	154240	75468.2	134383	101497	86132.4	88416.9	134374	122145	143500	96512	132431	86886.7	115073	130842	113368	170216	117727	116904	124613	132004
P26649	956605	887163	1267800	767811	641713	1030710	611203	385904	432160	820405	315853	391470	601820	352653	363843	485730	421493	421546	466473	405408	1071090	830984	500714	440289
P76350	845888	1566840	934558	1314760	1039560	978836	1373330	1284260	1344070	860055	2219510	2335000	1748770	2133350	1825730	1705320	2205580	2355930	1874410	1856700	1129950	913910	2157690	2234670
P0AAD6	1229400	1314690	1339310	1548800	1372460	1205240	1084760	1407900	1323740	1316130	595599	515660	371862	557420	476184	365613	678942	401206	321959	597783	930458	974280	497945	534823
P16701	1220530	1526180	1270110	1681920	1765850	1126780	1372490	1515920	1878590	1070890	1360670	1281460	1178240	1192260	1508210	1578070	1487650	1240730	973251	1382970	1193940	1372000	1519690	1242710
P0ADC8	1501310	1368960	1696680	1425820	1272640	1552220	1236100	1213870	1358310	1220950	1401800	NA	NA	NA	NA	NA	NA	NA	NA	NA	1269620	1466790	NA	NA
P77221	55487.9	115066	98789	126994	129268	66083.9	106726	103547	85168.9	96223.6	113366	123357	95075	138616	NA	47189.1	58965.4	92793.5	153130	78332	110371	149323	NA	86817.8
P0A703	120144	137780	91678.7	62861.8	137076	138287	103523	NA	70284.9	142060	108911	91319.2	81826	NA	152732	102203	104728	116773	127035	93228.8	135735	140444	138155	107060
P0A8Q3	5441720	3851470	4818970	3554900	2940360	5942830	2946440	3293290	4004570	5407670	2950460	2876940	3473350	3822900	2675560	3218720	3274180	2390640	3644900	3408740	3187870	3228810	3941540	3364210
P03835	49723.5	50507.8	55999.1	46484.2	86387.8	39788.4	51656.2	44665.3	56213.6	34558.3	45886.4	56066.6	71394.9	53596	52500.2	69039.6	67696.9	54881.4	68384.1	84886.5	55204.8	44921.5	53069.6	56750.9
P0AAE2	185602	153254	167422	210745	205664	205115	142784	235719	128125	194796	230994	182606	NA	215565	198218	179335	216400	193346	78346.1	223543	148955	108734	210598	239576
P0A8H3	262668	255580	180709	311346	275766	222263	225072	398976	329440	242560	285684	227918	206662	218846	NA	337317	321885	199093	169339	226511	196684	NA	194901	321664
P0C037	6898990	7592630	7761540	8593500	6872390	7370590	6905780	7568440	7216810	6775830	7786190	5258850	8969810	8427100	7763290	7986150	7195500	7127630	7792300	6845470	5927100	6806140	6961540	7457370
P76469	85841.7	103270	103582	131179	98613.9	123467	83403.5	101637	102338	101666	121266	101244	124530	118810	113475	142843	148243	104785	112212	100546	114803	95010.9	108680	64901.5
A0A7H2C767	748678	509800	444935	458983	566842	560210	489460	654880	486117	574954	411010	137688	392723	349443	318207	445390	489541	353737	465014	421165	411494	472363	362421	188345
P0AC92	3376090	3394700	4019900	3246470	3404790	3438590	3281350	3260790	3719510	3218210	5342100	5579200	6249290	4898100	6054990	5365930	5650680	5712610	5973570	5250550	3218200	3588250	5226130	4918290
P0AFC3	2783130	2875380	2556770	2932260	2626430	2651970	2638810	2855580	3046360	2635760	1731730	1606200	1823710	2251700	1689400	1772690	1620500	1548260	1446980	1617920	2369810	2332420	1859860	1888140
P37147	584919	785152	720277	642056	771574	661551	726546	663682	627274	604684	464263	448251	419375	506448	430062	404263	495161	519167	389144	425810	639798	477054	452731	445145
P37660	38526.7	NA	NA	49423.9	45459.4	NA	NA	NA	NA	35785.1	44389	NA	NA	NA	31663.8	37867.3	56275.1	45180.9	30883.9	53050.5	NA	NA	NA	NA
Q47689	187694	111402	150697	120182	108409	175220	101954	111103	121392	155558	136615	152037	65523.6	116257	138794	85780	138244	132638	98947.5	144844	96353.9	77527.4	182913	139674
A5A614	1963360	1562510	2277410	1819870	1797310	2289540	1535210	1954040	1907420	2191450	1139520	1201210	1271470	1119450	1303730	1236060	1227660	1013890	1304610	1267350	1743600	1849290	1296520	1202980
P37662	217812	269667	252273	299948	293507	197240	221986	253852	278840	202775	NA	NA	NA	NA	NA	NA	NA	NA	NA	NA	182437	173587	NA	NA
P0DPO3	1185330	1081480	2050140	1652880	1525060	1199410	1380800	1723110	2093830	1132710	687851	726277	368449	465770	718604	793830	912658	579067	559567	529759	795818	1093670	760659	466406
P0AFK4	264850	341655	406820	394526	379708	316946	352077	378155	385866	394612	373805	358246	291897	330100	298618	351942	334114	337190	202440	383163	283974	287715	487428	407081
P0AC44	8260870	8724210	8849950	8874470	7707180	8418330	6911760	7430360	7995390	7442500	1277200	1093210	944434	1251110	1074930	1158760	959795	916655	621957	731922	6204720	6067050	948446	1130410
P11663	301195	239892	389391	293702	473018	262921	484538	NA	245598	271536	342370	316210	381807	228117	343609	322697	363975	489092	360644	438442	350040	288854	322999	298913
P64536	148539	207725	221836	173648	206392	161408	190619	152986	132796	149700	166969	289710	192236	268064	228550	242493	211999	267480	206930	234136	270830	136321	341944	180202
P52074	104256	124876	117677	164750	77651.8	143421	105444	104706	84625.5	125575	32875.9	24045.5	23495.6	40112.8	NA	14583.3	23692.8	17680.9	12949.2	NA	119096	112966	16006.4	34934.1
P64627	NA	NA	NA	40392.7	NA	94453.6	NA	NA	NA	NA	44797.3	NA	65809.8	74011	NA	67708.1	50241.9	64391	NA	NA	19770.5	NA	NA	46154.4
P0A9N0	413121	357045	374371	418638	371538	381861	413068	466692	419760	394592	332251	239205	291125	334175	384516	388299	338383	205422	483340	298577	353762	442601	321066	426407
P46923	82943.5	56931.5	117065	139900	89900.8	66651.6	58831.9	97174.5	NA	89597.6	100562	NA	95874.4	125658	NA	NA	NA	NA	NA	NA	46652	181333	NA	NA
P67601	220816	302639	267339	333924	233363	NA	NA	218719	NA	283707	NA	378710	522805	324654	443337	302174	480074	NA	388494	391193	NA	NA	443232	350832
P0AEF0	1142530	1160270	1214640	1062860	1075820	1213400	1091220	925521	950922	1169920	983841	929620	1017070	969881	950401	942564	932590	1001020	907748	1008940	1209250	1038620	1020400	925202
P23200	430908	554736	336396	556697	623800	432633	579094	646524	624128	533430	474846	213123	420792	316858	180985	184845	472573	431822	524597	165001	622968	447158	620200	548325
P0A924	1085820	1339620	1191690	1092330	1257660	947988	1181800	965288	972766	961401	767571	832775	696685	717359	777249	695826	812067	910424	553509	732763	1079920	861771	824276	815279
P27245	69607.7	66144.4	58859.3	62965.6	92820.3	52236.8	79986.7	84701.3	75184.5	44222.2	64807.2	61673.5	78414.6	58644.4	55238.2	57466.7	60729.6	81139.7	73845	67970.2	46594.5	61769.3	76176.9	49911.1
P69822	323519	338958	379448	277375	306611	357435	310882	278587	251366	359362	236398	238513	208939	222598	222614	205894	233375	249376	235652	207953	321072	259602	272670	197068
P08190	493944	931462	654567	1292310	1684810	657480	1408810	1210570	1499660	476476	713486	1086070	774410	881571	1007910	684771	827213	810090	522477	604398	1183590	1369800	591432	788413
P69423	171693	156461	191425	289999	231532	227097	198393	367949	194936	275762	283372	247317	289496	339848	245526	221336	321751	218232	351273	265075	186659	250538	229741	282136
A5A613	72767.3	62517.1	115062	133990	61702.3	164787	81423.7	NA	65805.1	NA	60413	61596.3	99518.9	73950.6	55666.9	87708.6	69506.3	56159.7	73058.6	NA	112019	97568.7	109971	66920.7
P0ADA7	1532340	1757970	1341680	2144220	2320440	3495490	2002280	2299290	2798690	1605620	1424270	1108190	1888670	2058540	1212120	2360830	1253080	1749490	1234510	1423580	1305410	2475060	949326	1152630
P0AGC5	32528	48658.6	63723.7	50033.7	44273.5	34270.9	48793.7	57007.6	88896.7	51917.1	86920.3	89411.3	69729.6	91500.8	86275.6	78599.1	102835	81095.5	79833.5	102734	44184.6	69671.2	79277.4	72532.6
P0AFC0	714421	736192	650545	769534	719483	789387	701741	629565	618767	757001	752897	706460	837759	731944	753260	763267	784766	748849	727798	788702	753778	783834	696402	709552
P41036	292486	433085	243271	281740	343910	324182	330705	305507	333915	283849	NA	178824	NA	NA	117928	NA	NA	NA	NA	NA	271924	274542	155415	NA
P42904	1926590	1914580	1961160	1887730	1990530	1754460	1917090	2002310	2012330	1734170	569585	760138	785307	818871	668226	925194	701168	746405	704083	674314	1687770	1879690	795000	620420
P77437	60897.6	77582.6	59325.7	NA	92342.2	62374.7	54102.9	91141.9	86454.5	70173.8	61262.1	57859.8	NA	69585.8	69352.6	58755.4	58030.5	60796.8	73127.6	76537	68764.4	106114	69414	61663.2
P0DSG8	119595	100115	56558.2	56543	91439.8	NA	109416	78127.3	67422.7	57476.7	NA	NA	NA	90568.8	100836	NA	85105.9	270190	193193	121729	77822.3	NA	145962	NA
P0AGH5	280238	287111	271120	270505	264287	282276	267067	274737	292390	336275	279389	274508	227392	271916	260592	273811	307197	252353	282108	291481	276306	257201	277874	290814
Q46835	258428	194001	166075	178692	179630	222226	171386	181964	160280	256862	423159	352668	338555	376129	349006	332912	335709	323358	327899	349319	232053	200907	356670	318077
P0A8Z7	1164690	1104480	1106700	1003460	995842	1045160	1042830	840032	855671	1026420	568959	607281	640565	625286	556932	491731	548384	674716	612229	547896	1103170	872053	627300	622245
P75799	115338	168287	142834	115567	162549	137598	113456	104759	149693	79629.7	75254.6	80555.9	69909	NA	77069.7	70496.2	78629.6	92584	NA	50997.1	185860	91349.9	108538	92808.2
P32685	640430	728349	983452	737869	732692	716541	685745	725088	755913	625048	716497	800257	815311	745391	813230	841015	845057	777600	847499	809539	740247	693525	893103	843773
P0AE60	1116320	922159	1298180	1155970	1219810	1273100	1090430	1177380	1288110	1234250	1243120	1146100	1217030	1012270	1217420	1240390	1169400	1106420	1081890	1147650	994026	1044890	1057370	1058630
P38035	153300	NA	136237	NA	NA	144046	168661	NA	198898	NA	316431	303947	326701	237716	300271	343488	339048	263641	329969	298787	203278	224567	292718	326206
P0AFE4	655894	891598	832297	749760	894542	699265	824527	700061	722641	643117	522824	592193	632352	575062	543343	513254	466799	596276	410877	521086	701954	626013	556676	534478
P76146	NA	NA	NA	NA	NA	NA	NA	NA	NA	NA	135888	140901	138242	133151	132510	161173	155820	131774	141170	163826	NA	NA	125629	142072
P0A937	1555180	2000550	1691500	1830220	2502670	2321060	1847910	1984260	2091040	1604160	1122380	1389560	1497480	1170040	1019960	1986860	1007990	1669690	1317830	1404810	2416500	1689660	1294370	1137970
P09153	37161.9	60302.6	46504.9	51838.7	36204.2	56310.8	43795.7	42683.1	36731.5	49883.1	53576.6	NA	NA	45568.5	18007.7	31280	NA	67164.5	34188.7	NA	46166.3	NA	47758.7	NA
P39836	113994	95330.2	88883.2	106652	103122	96516.7	101099	141625	149406	108418	96306.4	63047.8	57086.2	70952.7	77507.9	67633.6	79663.5	71601.9	67251.5	83493.8	54074.3	70806.9	75156.5	68961.5
P0AFK2	98315.3	109559	98189.9	107862	157514	98392.9	88590	123493	141067	108414	45255.6	34327.3	37900.7	28199.6	35681.6	47102.6	50626.4	27929	24486.1	46695.8	74239.1	54196.8	58632	51292.7
P75685	44408.5	54497.6	55533	55897.9	93745.7	48103.3	39779.8	85660.1	92431.1	51308.5	29841.6	44302.1	44879.8	26517.2	NA	33158.5	NA	NA	19621.8	21221.1	33946.2	67702.2	18135.7	NA
P0ACJ5	236627	277422	304778	268391	283960	297212	324093	269690	289511	279415	257171	282351	300574	264673	266609	251534	286704	256620	253774	244577	241778	289290	223849	258246
P25728	65822.6	106629	122651	119004	118909	134003	107136	115262	117700	106773	134593	114422	106052	92687.3	124085	99489.7	125914	117110	117003	128348	112616	133065	124781	202784
P69506	NA	NA	9297.82	11539.4	NA	11930.1	5799.13	13087.4	13745	9244.51	NA	NA	11163.6	NA	4262.47	NA	10072.2	8236.74	8977.13	NA	8346.69	3726.72	5602.72	8932.98
Q46899	171786	241196	211131	170315	180644	123577	204425	227179	173324	92713.5	227381	215899	160838	198351	203038	153362	183917	240578	167102	191217	241068	197564	154867	157488
P37180	96074.8	68583.3	103092	69449.6	66988.6	98747.7	57687	70856	76446.6	115069	41631.8	34308.6	22168.3	39264.5	32594.9	47401.5	50085.5	44942.9	44020.9	52497.6	62746.4	58784	51983.8	53474.4
P0AA47	NA	43500.7	NA	40538.6	34085.1	NA	44776.4	61597.6	48698.1	NA	75514.5	79267.1	56522.1	75460.3	34113.6	39779.8	83656.7	62971.7	60921.8	87672.4	55014.6	NA	62800.8	68976.7
P0ABJ6	682062	697077	619727	719108	627244	617320	720714	606410	813749	603084	421713	393007	468496	379969	NA	366161	339198	332274	315301	362849	636891	637017	448651	301218
P21365	652028	646730	657134	618251	683790	670926	574220	627662	744663	637473	480706	470058	448971	426824	408278	441847	446119	414262	373804	462865	646204	478059	421821	435201
P0ABK2	3138610	3667390	3317990	3461800	3760740	2705930	2363160	3292110	3782710	2800630	1499450	1666390	1192620	1830780	1470790	1335340	1499610	1438320	898986	1601340	2480900	1997420	1809860	1780500
P45758	199109	236547	222221	202113	225923	173563	210767	NA	218353	142244	347718	340687	342678	387647	383877	397118	369243	324832	362937	359643	227041	229708	326596	376942
P45807	245972	226123	262313	257561	248030	246383	228628	265565	285413	279451	406346	403478	468525	413777	450122	457830	456657	330313	429917	411424	222680	248267	399275	429569
Q46834	NA	NA	NA	67793	NA	232111	NA	NA	84738	92883	120451	NA	156954	NA	NA	NA	139757	92248.4	NA	228052	NA	103285	124310	154643
P64564	1340920	2032920	1902780	2260440	2498170	2088990	1541330	2117000	2046840	1693350	1170710	1234480	947048	810189	983920	1027000	777585	1123640	613183	934694	1640390	1139740	1135440	1028990
P76586	66866	81382.4	92331.4	81777.7	59626.8	83853.4	80948.8	85978.3	86734.1	81958.6	76837.7	77884	48219.2	63209	66906.1	80963.4	66801.4	56736.8	51074.1	62315.8	67912.7	60387.5	49589.2	55096.6
P11988	189206	133027	129845	136854	119984	222410	139507	93709	98811.8	88665.3	121850	73427.2	124735	141913	119305	98056.4	93293.6	118745	74143.8	127130	87834	113357	76494.1	70918
P0AE26	75436	66882.5	68877.1	75885	66088.7	103483	99746.8	98940	84953.3	106530	35120.5	31011.5	NA	NA	NA	NA	NA	NA	27291.6	21479.7	78080.3	77356.2	NA	20307.6
P0AAD8	85532.6	97087.9	76751.4	103669	94654.7	65534.6	101436	94526.6	97112.4	74368.4	57765.9	46067.8	43212.3	49611.7	43641.3	47170.5	49974	43195	45360.5	57943.6	81604.5	85798.9	39412.6	42352.4
Q47156	1102610	1138830	1326750	1106900	1073140	1164620	1273940	1215370	1262080	1055960	1034980	928069	1140830	992128	1015360	1205970	1149300	985371	1149590	1005960	939068	1080910	818794	1022680
P0AGM9	NA	130063	NA	191850	164102	NA	168232	193416	198926	83874.4	163371	208450	173883	243491	190408	161926	302069	210408	200300	336043	48874.6	97355.2	298643	334033
P21345	24211.8	27551	50821.8	70012.8	63324.3	45128.5	25241.1	42481.9	78255.1	67156.1	92363.5	37216.2	39083.6	31309	84351.6	36428.1	93578.5	40821.6	67125.8	NA	53362.4	31121.7	125480	41122.4
P77549	102955	113846	77725.5	89013.9	81863	118014	60676.8	88842.5	92372.7	142637	180225	149839	101436	144985	139794	130309	137663	122385	137519	146569	88740.8	96218.2	141574	156003
P06965	31072.7	38386	64431.3	35374.1	50898.1	NA	76954.4	45162.5	56450.6	37679.7	123688	91572.1	119581	96251.3	117575	132199	103630	117987	80513.8	138497	31003.2	70641.6	160090	142686
P0A7P5	85279100	72285300	115922000	82745900	75994100	85368000	100955000	84991700	90318800	81018800	98611900	94522700	100737000	116044000	98958900	97961600	115635000	108929000	104474000	90430600	76764800	71371400	101437000	99815000
P37127	23815.6	27389.9	NA	NA	28453.6	NA	31082.1	31631	NA	43103.1	24577.9	25932.4	39420.6	16721	35298.8	34995.8	37095.2	35704.9	41545.6	42275.6	28825.3	NA	41805.1	44712.8
P52627	65720.1	412316	193481	319092	302065	75450.2	342359	330569	273088	NA	NA	NA	NA	NA	NA	NA	NA	NA	NA	NA	144463	212682	NA	NA
P28246	90014.4	101791	99176.1	111751	115039	78910	82381.9	76085.6	86226.2	70204.5	66733.2	61582.1	47201.2	70285	59379.5	41612	55857.4	44711.4	NA	69902.1	65540.1	46007.6	64710	59876.1
P0AGI1	443559	577601	320359	533610	451868	371897	404330	544232	471920	489471	71799.9	49669	NA	NA	46278.7	70469.3	NA	NA	NA	75353.1	413598	385381	79810.2	99410.3
P43531	392356	305304	308525	314429	312775	372976	322396	403036	381464	479798	91652.7	72847.2	43640.4	68004.2	64244	70721	86182.3	60113.2	75449.8	75633.1	333437	362335	61491.7	82544.3
P0AC98	172584	115305	NA	205517	226019	205708	238002	246977	237809	197937	217431	208044	175544	203548	250987	NA	191474	NA	167754	215407	170479	151158	272874	235125
P65290	122906	122801	117127	108805	154048	140360	111426	144527	180218	148460	102200	85095.6	91045	62720.5	99868.3	90809.1	98664	68103.9	97053.3	79150.5	135562	139890	117461	102057
P69801	1702810	1622890	1519210	1302720	1533800	1766820	1551020	1618630	1670920	1264950	2456690	2207360	1869680	2302970	2611370	2931010	2879230	2584830	2379990	3014090	1601270	1484820	3449240	2842390
P0AB49	675756	554722	544556	739384	529871	895118	622632	439397	251840	752545	113255	143738	233879	196694	178545	219865	241175	146947	203627	141800	643235	889492	158767	163949
P58094	127694	122116	153166	97122.3	117056	162831	104592	117730	136437	136325	87735.7	82220.6	84819.9	91047.1	88600.5	112636	127265	90186.3	112649	96570.2	112445	108621	89075.6	110672
P0A7Q6	92588400	88874900	114911000	99058600	76839800	108884000	95075800	102510000	110788000	111051000	96638300	69697600	68309000	127422000	87563800	85100800	93452600	65040800	88851800	82099300	81366900	90199500	72957200	94543800
P77378	NA	20330	NA	13390.5	NA	16270.5	21693.2	NA	NA	9671.24	39980.4	16175.1	24865.2	37192.1	25100.9	NA	35242.3	43870.5	42619.4	33657.9	23246.2	NA	34156.4	31084.1
P17334	52976.1	55958	56503.1	52384	58041.6	37724.9	56741.5	61533.7	61297.8	43005.9	21433.4	36927.2	11106.8	24732.6	26177.9	10711.3	28881.9	27127.8	26551.8	NA	40838.4	57969.5	28326.6	20825.6
P0AFF4	208260	205028	195493	220847	192152	228004	172495	246348	268788	216910	53999.3	49468.8	55194.5	67893.7	54966.5	71633.7	72675.1	40050.7	53279.2	54808.6	157633	164205	66204.6	69772.8
P75936	280528	497673	450280	468133	484437	305890	465926	537103	546355	262613	90456.4	107955	32060.3	88846.2	116509	72850.4	126648	NA	NA	NA	266824	322917	NA	73819.2
P0A898	1895100	1548400	1620860	1680500	1525620	1823240	1805840	1885280	1718890	1981870	2004230	1928520	2102890	1877470	1615690	1749540	2008390	1447820	2052640	2119610	1790870	1800700	1301780	2067330
P0AEV7	712812	513063	577306	455029	NA	896248	661554	NA	397812	682080	673385	628574	722512	546415	701646	753145	733795	851207	896923	1060570	737401	660220	955893	671417
P33234	925345	938358	799285	861674	563532	889116	677420	630385	721374	804504	672273	724455	706468	753491	636115	646619	611945	NA	667673	648299	818712	669000	669571	687040
P52132	18251.9	14030.2	23440.2	20981.2	21622.5	NA	NA	NA	18568.8	NA	49292.8	39600.9	28655.1	20056.6	45487.7	48862.2	29973.9	50351.5	51031.8	38977	16229.1	15094.2	44542.4	36685.4
