,MinDiff,MeanDiff,MaxDiff,r,ρ
FedProt,0.0,9.314842954254806e-15,6.722400414105323e-14,0.9999999999999994,1.0
