,MinDiff,MeanDiff,MaxDiff,r,ρ
FedProt,5.994738861076158e-08,0.6355706629320154,3.857181335452694,0.9999838390571203,0.9999857532577834
