,MinDiff,MeanDiff,MaxDiff,r,ρ
FedProt,0.0,7.552485895581349e-15,3.530509218307998e-14,1.0000000000000016,1.0
