,MinDiff,MeanDiff,MaxDiff,r,ρ
FedProt,0.00016784258544638416,0.20698232718668474,1.0702480278610569,0.9999788364572578,0.9999797552210042
