"s.6"	"s.24"	"s.33"	"s.47"	"s.51"	"s.53"	"s.55"	"s.59"
"prt1"	3.52961629939957	NA	3.6565941344469	-0.0726660698908481	-0.100822904051986	-0.705258399407912	1.38969229267053	2.59139561833677
"prt2"	-1.71429548852588	2.93958930572507	NA	-1.81896282643787	0.527493263923757	-0.698151795402876	-1.36089438312536	-1.37565796847082
"prt3"	2.74073472457894	0.928701963937573	2.14425733360525	3.78789365342839	-0.629296120402691	-2.29639054013506	0.0738237718415027	1.83457542449341
"prt4"	0.81666148284011	NA	NA	0.704495922007555	-2.09726286151816	-0.529085786252326	-1.52271028332572	-1.4499025725631
"prt5"	3.35057812188009	NA	-1.52409387882234	0.497388379275227	-0.618146725454708	NA	-3.01014027250971	1.90147283393926
"prt6"	1.89061355897586	1.64084275713025	3.2976924274602	2.61836749146022	2.56407052270462	1.16996908889164	2.28858846274261	2.16488940800621
"prt7"	0.529585343542297	-1.84337015050465	-4.01816640129385	-1.50927161941752	-3.43626049743666	-1.47391400685944	-3.3774112455867	-1.50850853428707
"prt8"	NA	2.47137193628943	2.00562772295799	0.210841559043961	NA	-0.384619218620526	2.46904608515908	1.91511630066057
"prt9"	1.52702793289664	-0.225684578757764	-0.522224560760013	NA	NA	-0.437354437497559	-0.72462151758298	0.265242257386987
"prt10"	5.18211266842988	NA	0.503975839656745	-2.88002580581044	3.21540333365638	-2.3381823429438	1.33940752552792	1.38287501803959
"prt11"	0.858047245876185	-1.09187291253233	-1.41523231211939	-1.56969563949265	NA	-1.78627755445398	NA	-2.74869263743087
"prt12"	1.42138320274943	-0.260434511859343	0.23848048182979	NA	-3.4236168831789	-0.508530658668527	-1.08901621172306	-1.97377922539882
"prt13"	2.12718813038759	1.56905333667808	5.31234048491854	-2.43045865791972	NA	NA	0.649450059740323	-2.95704084388257
"prt14"	8.27870058990144	NA	5.55209794911033	NA	5.34683861198072	3.37683081093945	6.18745878169875	3.82118839785593
"prt15"	0.578925851838657	4.85331031890019	3.27264875493036	2.16451854123537	3.00818978270035	-0.75039420620305	3.16668921887768	3.78708700631517
"prt16"	5.64391090109258	4.94760929647838	5.93110268121471	NA	3.58743950622701	3.67536886044876	1.89222022722931	3.20274663622109
"prt17"	1.95856869271603	NA	-0.252519235793264	4.9022974510091	NA	1.80420571951222	1.14304157333277	4.27226677975501
"prt18"	0.471017912221472	1.29858620613215	3.08186361240369	-0.535986384642651	NA	4.12933202360139	NA	NA
"prt19"	1.00858311453613	1.44317176803296	NA	0.542922883734802	-0.757396724181328	2.75164080181198	-1.67668547556787	1.72387851600809
"prt20"	5.32205030496768	5.04471950004411	NA	NA	2.26729473872905	5.74687268706286	NA	2.48980130626102
"prt21"	4.19280045159898	4.83056829507247	2.46359350863712	3.17455075455832	1.93896631039643	2.16447140891822	2.08041451924933	0.982627039893908
"prt22"	-1.05890758295797	0.725750718333259	1.82067957892914	-1.26024542989349	-0.269640000921204	3.04485019560715	-0.128642854375191	-2.82232793626127
"prt23"	3.88008574734371	NA	1.06601621824162	0.809930513266266	NA	0.878961210543749	1.05365760501707	-0.117325737998727
"prt24"	0.764260640430452	-0.0919181152056813	2.31896444972282	2.08265474829792	6.82839275240893	0.857711749520728	1.68229802608764	0.135411841436336
"prt25"	0.338811204989943	1.70492054210435	0.251587310488579	-1.42919957630718	NA	0.495635879799477	2.61337466500578	-0.817963150121409
"prt26"	-0.615146078685582	0.492657202229469	1.32130840681702	NA	-1.09196839933853	0.909837896999948	-0.55852467540944	0.610459045320741
"prt27"	-1.04234712526071	5.44213293761512	-0.117618166083549	-4.35399153631777	-1.92413698661815	3.20812145376208	3.33261300542084	3.65835937202197
"prt28"	2.8351538115366	-2.7509334697546	0.387499995742341	0.0831058007189862	NA	2.93813710536605	1.75573964706542	9.58225111493715
"prt29"	1.46930185690721	1.13108212917882	NA	0.271237051650214	-1.37739513460835	-0.552863448316737	1.82702980073321	0.760554670283379
"prt30"	NA	-0.349942354026779	0.548405302339287	-0.927007023844885	NA	-0.510631615787658	2.05588121032442	0.387453995231989
"prt31"	-2.49152910280394	-0.92230261676636	1.12540677349267	-1.10374578472708	2.2999956050957	1.42614240084114	0.535409521581917	-1.85413710505327
"prt32"	4.613154764912	6.2217508263989	2.32026746296856	3.58723535120375	NA	2.51553880164787	3.67890794412431	4.55298928995368
"prt33"	2.46538826078264	4.87589015233492	2.9890033949257	2.0086499584251	2.9387884749294	2.01072548233004	-0.388356031834857	NA
"prt34"	NA	4.5706199225507	3.8860607051787	1.44538657880235	2.10799447982095	-0.757815877507251	2.80897069703264	2.64895652832658
"prt35"	-2.26600088577905	-4.27177874309891	NA	-1.1958292019126	NA	0.933876847849548	-3.00491455908597	NA
"prt36"	3.25494211466931	2.13524174310426	3.73962085220118	1.69760607977419	2.72173456522851	1.84924841002516	2.33092344952174	2.64346775409536
"prt37"	2.46762379613112	0.417963374720611	3.19283540529583	2.26608274238879	1.63823389343627	-0.134075063954832	1.01111765188845	2.08257436905133
"prt38"	0.222652272851912	0.0520155634277186	NA	1.1371717991296	-0.336336949080484	NA	-0.764544281830371	-0.392191837485376
"prt39"	0.294784808063114	-0.601588206527241	NA	2.06056143831579	NA	1.7732930205218	NA	-0.133649853408377
"prt40"	2.98935111318698	1.62329827899888	5.72995549099548	1.24337815750664	-3.52259440147986	-0.56118288725347	-0.500748408517271	1.30175043262637
"prt41"	3.54706436181323	0.319623893443588	NA	3.23037749164892	3.74289132520195	2.90492623932508	2.97638661098023	2.72723413759312
"prt42"	-2.03474819462369	-0.63256806459652	-3.10218272047955	-4.63560143993777	NA	-0.823325961681627	NA	NA
"prt43"	5.51268360602044	NA	5.03553425586492	2.20509804835436	2.10261257124519	2.4143058847142	2.73661438037652	2.03171262170918
"prt44"	-0.329097224647838	NA	1.37120728216039	NA	-1.66064556625043	0.922887027880991	2.21610665131579	1.17946774713154
"prt45"	1.77417823275413	1.26184274978486	NA	1.06126329138463	1.5439619328255	1.00960894244399	NA	NA
"prt46"	-0.965173800498478	-0.428544017877116	-6.11770311960516	NA	-4.00029422169147	-2.5588877248533	-2.08817777168129	NA
"prt47"	-1.64130619272688	-1.36299108939133	0.726175568005917	NA	-3.31763506172854	-2.6045513332754	-0.861661042811195	-2.46596754723633
"prt48"	-0.384179456074514	NA	-0.482738517446312	-0.176953918278496	-2.50411807975524	-0.818680946838645	0.181985810934182	NA
"prt49"	-1.73101534008078	NA	-0.402182859297463	-1.863998264111	-1.65848261496888	-0.706000149453453	-1.91910684982614	NA
"prt50"	3.46702592630298	2.84771243448912	4.73123136480904	2.62473498188617	1.14034067042431	0.295148340533178	NA	0.627071741229567
"prt51"	2.78973920662583	-1.51443692951213	NA	-0.21092319870874	NA	-0.398292640717199	-0.200141194394514	NA
"prt52"	0.13932186970327	-0.539288420989372	-0.968844895881852	NA	-1.59595394852616	-2.34890381624743	-1.87355089131195	-3.29253526514951
"prt53"	1.85770170837917	1.7593722764117	1.12370316562396	NA	NA	-0.794821456470703	-0.194616078122881	0.221775372323333
"prt54"	1.27220802261101	-2.0214662958971	-4.47047869676064	-2.73431935066982	0.6675432459899	0.310364853512737	-0.432019341593968	NA
"prt55"	NA	-0.138397366894919	-3.4355322096917	4.33487345479279	1.19676061347603	3.86499316321627	0.565954432214335	4.17325454167933
"prt56"	3.56930681586413	3.1849696009583	1.28822209866466	1.98940490083074	2.80121988812162	1.43477028823155	1.41890562536216	1.00304067507904
"prt57"	NA	2.80372951404082	-1.45988048715574	1.74770622780771	0.257730202119589	-0.541219740267053	-0.245473111684668	-0.27764161946459
"prt58"	1.65915202029553	0.0762009928631023	2.06162781415344	-0.494049146335086	0.133226217049197	NA	1.47615323523597	NA
"prt59"	-0.678201372194253	-5.21440783798302	NA	-4.81262534561788	NA	-2.59776453636083	-0.113448720010458	-2.1556382809617
"prt60"	0.588902524583367	1.03666665669446	0.873923269172017	3.60967580918977	4.46697891593572	NA	1.6344844563183	2.0768188656882
"prt61"	-0.525761824809046	0.307646029484697	-0.573032810208804	-1.8354650703713	-0.924161007627722	-2.87621764553089	0.0496678237538046	1.08097581541127
"prt62"	2.39684194020892	NA	-1.13026659700727	NA	1.08326005255346	0.0230677752294788	-0.2760402394298	-1.248294628388
"prt63"	0.521685842450014	4.19500206490923	3.22300818480989	1.82310786879878	3.4812448844015	4.36489947723976	NA	NA
"prt64"	-0.942275113100676	NA	2.34814374049847	-0.0653474552834455	0.267259062253601	-1.68543759186971	-0.177095652227347	0.409392284637861
"prt65"	1.64318889266277	-1.57489042565165	2.94279474310149	NA	NA	NA	-1.25982401749421	-1.67929977328619
"prt66"	-1.93100415268611	1.45842381904613	-1.72339975972187	0.216884079455735	0.0199470796533905	-1.74280804802951	0.107991344183628	-0.772875145601799
"prt67"	0.809842712792652	NA	4.71057059909871	-0.63296102897792	4.90146269721557	-0.507492019925782	-3.31780426911648	2.5629766512552
"prt68"	3.97753115124066	5.07889032510668	1.90288658046883	NA	5.10774700375492	1.41882360399331	-2.02799001340657	1.36182087618392
"prt69"	5.66761061249067	4.13452394173698	3.85172040024132	-1.73182368437994	3.46988818212283	2.06464934338186	NA	2.39437637339134
"prt70"	NA	0.602973724745981	-1.64524054207024	-1.68860377050122	-1.4999799393499	-3.0971857142973	-1.35807832992403	-1.1475671068594
"prt71"	-3.9891752015651	0.521953640559118	NA	-2.55068236846843	NA	-9.15670076890748	0.607789146486912	-3.3015570965456
"prt72"	0.435524852415392	-0.0291491205390567	-1.11399019124604	-1.11218461086516	0.324507186179565	NA	-3.22333120704733	NA
"prt73"	NA	4.05060904284068	3.79302456729911	-1.18497346985828	-3.37017000356207	NA	-13.127083645764	2.31003113214448
"prt74"	NA	-1.07525869165608	3.93315708933769	0.67958105592213	0.746631765622733	-1.57609526880776	0.783217682611396	0.714161705394422
"prt75"	0.28706488447606	NA	-2.64387773254572	-2.38518761680242	-0.97174675508183	-1.34413064872629	NA	NA
"prt76"	4.97392866748223	7.04322168080723	2.67264192864039	NA	2.09263785432057	1.54386772345574	2.5278039734152	3.84186684015063
"prt77"	4.16144177795444	4.10160610407422	4.76414145158026	NA	-1.01882900847836	NA	3.49041559483187	2.26460254032254
"prt78"	2.86648879682866	-1.8533285717925	4.66824488354538	0.414769428328432	-2.41644650024481	5.06388743298577	3.71065005323183	4.90090442491751
"prt79"	2.35077600664272	-0.380135257143269	0.474364876618635	2.00903004921875	-0.817515444001584	-1.6914552804105	-1.12361927761226	-1.10068417672273
"prt80"	1.49628722556166	1.59807050681749	0.909708587666841	1.42741939569499	-0.383635055258422	0.47164843347012	-1.30902779504724	NA
"prt81"	1.87615543527859	3.80309134069445	NA	1.75252564482463	3.12481268375837	2.98276626272814	3.23602822683283	3.03114044211394
"prt82"	5.13096024016612	3.34482022058724	4.27177060687888	1.21869804995037	2.36528938979018	1.93994390470631	NA	3.98765759682569
"prt83"	0.0372328039681192	0.883928997425167	1.6030429712961	0.0436556750827153	4.00496168152224	1.07132200845718	-0.78567205356973	0.207785077410205
"prt84"	3.96219536236246	3.48403649876828	NA	0.650670121031743	-1.43214360257575	5.75109925114001	5.12362554670169	3.49665290022421
"prt85"	2.87578584133452	1.07392921464545	NA	5.37889569922685	-1.26991866124981	1.23191211975147	-5.99745030371061	-0.377501974531974
"prt86"	0.0131472263498343	2.48284643819779	-0.575606292415338	1.36403006667512	1.56725472006865	2.00168002060399	0.0728836151346124	1.58611021978241
"prt87"	-0.378492606648004	1.26470059434641	1.75090757800519	0.55797051697475	2.64439527941148	-0.963170064110203	1.8905342446655	0.160700890311465
"prt88"	4.32481517893144	4.74333791160336	3.53331073794548	2.48792572588646	4.07338098532331	1.60046880987182	1.95540571083626	2.27630992326939
"prt89"	-2.00679835795365	-1.23623392568163	-1.45113713662699	NA	-1.97470109640752	-2.48722942221909	-1.85937241640115	-2.18621789336161
"prt90"	1.60329972268292	4.36068473567695	3.10644085192464	-4.74712668264485	-1.34966590826519	-0.666007792807113	0.593741948313622	NA
"prt91"	4.37109365275188	5.70524776288199	3.65497065960463	4.22435687748616	3.9161159830748	4.51924516838606	5.03380691740847	4.79444820227216
"prt92"	2.05486886650796	-2.02328811448485	-1.16178782199052	0.5817243325325	1.5304493220017	0.738110734802325	3.56210538338103	NA
"prt93"	3.35010323819085	-0.609230445051765	-0.186601224896399	NA	-1.14260548195526	NA	1.53667698237263	-1.60391248203665
"prt94"	-0.508197123900675	-1.34640776633819	4.17747178928401	0.752203327436245	0.606183345726227	NA	2.20040761571242	-0.150039324264822
"prt95"	NA	2.26386493011556	1.00847687369881	3.41463603556208	NA	3.61461993119274	1.13161889953756	0.157279377694627
"prt96"	2.14845618566151	2.541702172229	-0.518772521934305	NA	3.53358132591224	-0.897343657728439	NA	-0.359944758289239
"prt97"	-2.76339207305417	2.38989610095517	2.77268427002256	2.27716968802794	1.64691441991019	0.0305206782395019	-0.115327951521343	0.59869897854047
"prt98"	1.64829267053163	-0.953630162732883	1.29682827717225	NA	1.12501598680785	NA	-0.423579594295156	0.38539319259956
"prt99"	2.38549068623494	0.766094486141142	0.0202782069699349	-1.23917122657016	-0.183185642799404	3.67555523779949	-0.349324508463359	0.260091023317426
"prt100"	-0.258057858113565	NA	0.625835795115743	2.05624688175165	-0.564748145534874	1.62574908261055	1.58583682416635	-0.64764994921942
"prt101"	0.374872794455871	3.07633493315507	0.416236920471026	2.15657638307858	-0.319502576197702	-0.623205156575511	-0.14720029371741	-1.81582627285189
"prt102"	-2.39247864430572	NA	-2.30556720023767	-4.1995822755	-1.90919902305596	-2.46450388042844	3.43808124630085	-0.298001766676347
"prt103"	NA	-1.75092591619389	-1.09862258729665	2.35695966346406	-1.83503989743034	-1.12477641786434	0.692029428617681	0.443922670486827
"prt104"	3.89618399972514	2.05278903969368	1.21588720665019	1.60390898606455	2.41076598910786	0.612683430859213	2.90549236997672	-1.30088824008384
"prt105"	0.747745137572908	5.20728923219014	3.64042478934417	1.41791542050742	3.07194647232237	-2.59967768968124	6.01404177604023	4.34366001652889
"prt106"	0.567699483843361	NA	2.51184647295782	5.51684934091853	1.01515928901207	2.50084856025657	2.96931256470038	NA
"prt107"	2.45921871641428	NA	2.14010632775034	3.28206373617484	5.12981425080332	5.77306055525511	5.0080315094729	3.38233563025076
"prt108"	0.450466170725685	1.11400257163909	0.390219025378078	NA	1.28865303562994	2.8263109926476	1.11729146489012	1.78071963697462
"prt109"	-1.01750739435333	NA	NA	2.22463815448568	3.40444394457242	1.25313209605991	NA	1.23293272656343
"prt110"	0.8687959197713	-0.859931101243627	-0.209037776912202	-2.673944778007	NA	2.22687776346953	2.40654045387953	-0.155990961662973
"prt111"	NA	3.37323514162902	1.6783514652117	4.69715013546994	4.52599069660582	NA	4.76037705138708	5.21801618408316
"prt112"	1.65955725017012	1.35211573513262	1.49417700397038	2.53208778558322	3.52356459937548	NA	0.803283946577215	NA
"prt113"	-0.49971250840262	1.88986430850547	2.34960701036521	0.844027984815745	1.72556622744759	1.55658303564007	1.29883192898776	NA
"prt114"	0.782278300851777	2.77704675064922	1.37036041397148	1.27428194299323	1.84303236170523	2.58409116267187	1.71869289021189	1.91512167996572
"prt115"	4.96996937694578	NA	5.6424611426274	4.2885572968667	5.04204198913149	6.58812011307088	3.8003407497157	7.31078979215232
"prt116"	3.08505043152589	2.8734364198223	-0.255009366174071	2.38873652168308	4.09280984343909	3.83728176747708	2.37916047330955	2.86703657048795
"prt117"	3.80750211242646	0.851297629050951	NA	2.45931967699608	3.02710083658347	3.3173873919137	2.04859490470612	3.54653840423911
"prt118"	-1.22634361437765	0.208760047056342	1.80788514106804	-0.896170832612068	1.80771888485918	NA	-0.52384269691429	2.68171949495379
"prt119"	1.20227467264761	-0.242359130961008	-3.15359031189653	0.127082823712519	3.76709823270478	0.368925940915954	1.42308549232487	-0.708435109237389
"prt120"	3.97761708344172	3.96219324517062	3.42974104266156	4.34827056982411	3.90225221346208	4.22822708884627	3.99278806827069	NA
"prt121"	0.659969029743036	1.19997345706802	0.688027774416621	1.44594702873827	1.72729728455456	1.46619843216414	4.31988510908759	2.38801448901281
"prt122"	4.13087351983387	NA	7.7865185233536	2.2340635870544	9.84853961561862	1.98772570984572	3.33845748851471	7.59398267622001
"prt123"	1.27011967687871	1.00397082947643	-0.645252726728344	1.25734352594822	1.45727824197174	-0.608752379012455	-1.10760953056701	1.3182895545071
"prt124"	-0.805817523850465	NA	2.44710261680124	2.59587421143894	-1.2357792096719	0.410604475642063	3.64357704802701	-1.05558264502732
"prt125"	-1.47531156983233	-0.675944271013329	-0.733139890710593	-0.444846720687957	-1.93329294781347	NA	-0.278141699277698	2.0972306479732
"prt126"	NA	-1.54210551037434	6.98957632006658	7.31746720672354	4.31220548016711	1.93526612797173	6.1690572401766	3.96735039883121
"prt127"	-2.88968708089437	NA	-2.23329392022541	1.56938127805957	NA	-1.66634123041834	1.51657159618743	-3.00806657504279
"prt128"	-6.45424310335779	-5.69557397116988	NA	-6.64232565778325	-4.36242190320085	-2.24349029075661	-5.1098985590407	NA
"prt129"	-1.97955640653772	-4.28869677028109	-1.5869359679969	-0.93427427217505	-2.00523419676249	-1.62917299309864	-1.31025840850619	-0.281239256735047
"prt130"	2.4862531113985	0.80100558950564	NA	NA	2.84495472090286	1.26456180419586	1.42649428121377	-0.36199889564931
"prt131"	1.83246670438311	-0.189958776278803	-0.134650427692517	1.9053578418085	0.439395148339826	2.04352396816247	1.52533959837611	2.93443905751933
"prt132"	0.908108657741317	-2.17822574824385	NA	-1.01298794038386	-0.329045251061619	3.84868185786899	0.852264881887727	-0.659342285176801
"prt133"	1.55265077088223	NA	0.38802361016893	1.04270414238986	2.31845716838311	1.78798475200347	1.90462168881392	-0.276140895815886
"prt134"	6.73379599915843	8.30148749232815	7.97526374741285	7.39534344942012	9.74029916737855	6.24279963796038	7.40972208935689	9.92046540242785
"prt135"	-4.17882323623565	-0.180204441176407	-2.25868324116166	0.239265551138282	NA	1.55941076832984	NA	NA
"prt136"	-0.290135146093049	1.69449846721913	3.80063899404835	2.09441331998253	2.62126346647286	2.40557283715377	1.29661247883457	NA
"prt137"	NA	3.22665136306007	3.10712441988145	-2.83855660082411	5.18523567511358	-4.66121522955619	6.85167963110844	NA
"prt138"	2.91427352451618	4.67156649216766	3.5794126158586	4.67141298251809	3.93974183940116	4.97965636772422	5.28280422373547	3.70327704559385
"prt139"	4.52481448589213	4.19707746976004	-0.687954952074665	-0.167975082323954	1.83351288834523	1.26562172623104	-1.26406267696879	0.836989398589138
"prt140"	3.29654127856471	3.98512894161797	7.31648562318192	3.57806053999282	6.43761627442293	5.08989635783554	5.91136863612048	6.18074675216166
"prt141"	NA	-2.86136406778996	-2.07545001247907	-0.664795589230533	2.06401131908992	0.132950809000125	-1.05233332168939	1.33034848258095
"prt142"	1.4549331757304	1.50211362622345	2.33797045555394	1.37027703682187	NA	0.213814450662473	3.35263534024566	1.17693690216511
"prt143"	-0.403938202529896	0.857812824021452	NA	1.68450216905913	1.35014003818132	NA	NA	1.17911123917631
"prt144"	-1.03908735836033	0.486036163525524	NA	3.70272632972973	2.33238569790483	NA	-7.41115628028572	7.25428356864978
"prt145"	3.48896704657567	0.332545365575756	2.14088197577994	1.57111122941885	1.80665462361773	3.59046182403829	1.34502350569844	NA
"prt146"	-1.72560977842971	3.74734672675722	1.36395465642658	-2.39017737816011	-0.244862965297217	2.05738478805744	0.173450428086639	NA
"prt147"	-2.68519304042317	-4.96104895142788	NA	-4.28081923599654	-1.44137308710961	-3.50577073119319	-2.19696552132254	NA
"prt148"	-1.26342401296661	-0.172485156099122	NA	0.433545742962431	0.832751239299242	0.573724196065004	1.31719266536951	0.684922073837767
"prt149"	3.19081849632019	NA	-2.01767270931478	0.334070371794452	1.82048116536752	0.160339239112768	2.03850218614023	5.98578956982068
"prt150"	5.29623177515662	4.45630832397562	6.22380087006592	5.56380115992652	5.5886088611159	5.8799612092447	7.75515614550925	NA
"prt151"	4.12551085633545	NA	0.918209321731111	1.93400831215505	2.70036562644257	3.28883969824115	4.55539993228364	4.11866055418722
"prt152"	-1.60289660735751	-1.17276831669784	3.38442710813185	NA	-1.55517267241689	0.596452821134421	NA	1.35501536287607
"prt153"	1.31319363762646	-0.70253387079088	1.80835459378041	1.0579053418257	-0.775231543994628	-2.88066948430054	0.355446900699609	-2.0060102800162
"prt154"	-1.86636588806399	NA	-1.30909455231888	0.832887698383723	0.0276100309598857	-1.59784787791456	-2.01043471721646	-2.30873928170925
"prt155"	-2.97295821880527	NA	NA	NA	-1.92991169592974	-1.16695459004541	0.397182618787258	-0.393421624783578
"prt156"	-2.17414650322291	1.00747547632694	-0.0936488441730199	-2.07419263524826	0.0425832223194088	-2.04450569607637	NA	-2.3919681067994
"prt157"	2.71576863152883	0.158641452331566	0.482969627549438	6.60214391122764	4.99923287308877	5.42114190226975	4.35241584959744	5.5866310710747
"prt158"	1.11483573931319	0.235607793051123	-0.28414363403335	2.29636093884802	1.62371668273084	2.07140095076581	NA	0.858932322927678
"prt159"	-1.87685052921124	-6.00594106846567	NA	0.708836058362424	-1.00967394407342	-3.1145378721039	NA	-5.62914927230624
"prt160"	-4.58965730345182	-2.34053008916877	-0.155815017602896	0.316670631058186	NA	-2.20027888771556	NA	-2.7303197663909
"prt161"	-2.64940396719982	-3.03250435944578	-2.49071378330969	NA	-0.787450949933895	NA	-2.87197557292524	0.278346115564851
"prt162"	-0.31478326024482	0.5342702909912	0.334234552386279	0.881140529315128	3.1782767605275	-0.618490410699256	NA	NA
"prt163"	0.964548894542168	4.28545335262438	0.520170173287675	1.61041218371227	1.97392265388919	1.33064377381158	NA	0.706364363994843
"prt164"	-0.531543021771166	-1.05998379739608	-1.42855620187405	-1.79319238941196	-3.16192570061263	-0.87116051294755	0.325940102205997	-1.5283450352388
"prt165"	0.47250284755421	3.3149366988696	3.51350664637912	-0.169735031867663	1.38368964897732	2.71472202886132	2.47103535439962	4.31052819503331
"prt166"	0.227261317495909	-0.907605666594176	1.58954564125888	-0.782614113532509	0.758630346128274	1.81615122534851	3.00030641141523	0.884765307798846
"prt167"	-0.448150117854764	1.1306639892574	-3.56100059151276	0.261883857196071	2.00604415117375	-0.175059470642934	0.163468455992389	NA
"prt168"	-1.84523365920752	5.63505026221592	-1.05824294082334	-0.0891538306917229	3.01879055436363	2.15221667508323	0.988789510121311	1.77280121058813
"prt169"	3.94819819260945	4.68661607861686	3.3179975126057	6.33564097701404	5.73995433321796	NA	NA	4.74044252681128
"prt170"	-1.61598045885626	-2.02554934136289	-3.24624272475923	-0.562173714649896	-3.181199534315	-1.49122587723618	0.75526835996087	0.482600429576333
"prt171"	7.47997151935101	7.21717790414102	3.24360765538888	4.33322716893093	3.5578448967474	5.49742719698742	7.99182193333728	NA
"prt172"	2.65770877855971	4.60602295494009	1.57117598005208	5.81819985051839	3.5609308911109	5.04573796713613	NA	3.38410547789564
"prt173"	-4.82478141917069	3.42268448270469	-1.35214908484592	NA	0.0879712690970587	0.151633334952664	-0.881094908545264	0.239033148842277
"prt174"	-5.79443782306466	NA	NA	2.47173691848413	-0.813102368294054	NA	1.20297670645523	-4.5813602766531
"prt175"	NA	6.19524373431861	7.99184320721186	7.99617483272892	6.6677423921014	7.95838960008107	7.75187469410348	8.17279998638575
"prt176"	-0.130812614897888	0.0698021298575538	NA	0.326768780781288	NA	-1.16258224320376	0.197643107503984	0.452239189716529
"prt177"	3.1894996681099	0.409304544733653	1.70658056870916	4.84618286015174	-1.17004080893874	-0.882586940608469	6.52320041253919	NA
"prt178"	1.20590356203104	1.94350069723227	-0.074129353555216	2.06028391993701	2.88814531624705	-0.789286662532174	2.20833329726941	1.79502274582661
"prt179"	1.55247495571839	-0.653170876908354	7.10103480647036	4.89479710990252	2.92629131583215	0.214330264344018	NA	5.25641791006392
"prt180"	1.07710720295283	1.31699125486543	-0.230966430988145	NA	1.05720325227134	1.79932006185961	-1.23794003410242	NA
"prt181"	2.38035394838457	-1.77082429843049	-0.701655693624162	-3.1453994198302	-1.80174994310926	-2.90463475325399	-0.44446192051564	NA
"prt182"	0.481617805980284	-2.05382741327804	-1.49023262914974	-2.72349528579942	NA	-0.737046803138694	-2.03413817861773	NA
"prt183"	2.74817383434183	3.2638607426877	0.385383997065173	0.27124368745317	3.23032584450807	4.42559109647049	6.20821898060489	3.72257184424924
"prt184"	0.098175746582523	-0.572810867947971	0.934232569956797	1.70995633552313	-1.57498603258682	2.25976512370508	2.40364165368263	3.07791971170619
"prt185"	-0.921189809807963	1.73836898122931	-0.138869114996473	4.1343891258624	-0.505022408535912	-1.27610874264697	0.979781749592333	0.34065362500723
"prt186"	1.93658551031657	0.374029062383342	3.53422814065173	4.79573140428567	1.27585507230504	5.82767202085752	3.17827058960417	2.89545396769064
"prt187"	4.24689007860907	1.90873521145253	1.24584723343047	0.186008501752556	NA	-0.767016187768349	NA	1.58398867538023
"prt188"	1.48227580605836	0.961423701474176	0.418531375134774	2.50683114000495	3.52196111447069	1.677563267364	2.05018208104936	2.34035161602603
"prt189"	0.786708326050887	-1.51101407080253	1.23350614647416	2.12569892849822	3.73893801503344	0.823307310224641	1.82833851258613	3.03152205336797
"prt190"	3.61685618112223	2.86561421118715	2.81036943560922	1.4829193501853	3.58520878302682	5.59774467603491	4.27328770783737	2.05270112033659
"prt191"	3.13142927532562	3.46810338977221	NA	6.56710571025575	4.47117994907949	5.06432849417511	3.41054908844839	4.18137989235915
"prt192"	-2.25270435846128	-3.8003766348149	-1.16135135224383	-2.92186596896956	NA	NA	-2.67370367483407	-1.8590485937305
"prt193"	1.56740796749775	0.266189177969362	1.54042907401777	4.48331777311876	2.77022487617423	4.49382331025528	3.03769288671637	2.28125939412722
"prt194"	4.00515565685926	3.85275685598791	6.62323476070168	4.26172877877938	1.58655103886418	NA	4.2107844779895	NA
"prt195"	0.384525475058095	-0.110932220116482	-0.808352587249152	-0.36907253437539	-1.98284121783965	0.568438417972196	1.98973895333564	0.452937994910053
"prt196"	-5.1530240634347	NA	-5.31191672381059	NA	-3.68642756829517	-6.32199309162518	-2.89550946606997	NA
"prt197"	0.581854622410852	NA	NA	-0.930584717496877	3.29448005249788	5.7084950678542	2.69719507736597	5.21620085023946
"prt198"	0.00969623184877196	1.17685317906084	1.74700417531851	2.19370861280568	1.54935657652833	4.77708380397722	NA	4.11145070235028
"prt199"	-2.52948507767368	-1.16029639413274	NA	2.50624361995735	3.15295600577656	3.67261694826283	NA	1.90662848838327
"prt200"	0.91181007270611	2.02805571102363	3.24267627239425	0.394156862505048	2.4448031688322	3.86506963216895	0.65980077806986	1.38094340886911
"prt201"	0.892413832569709	3.28314830588473	0.150767247114767	0.968800372834301	0.455647148754674	1.32203981273675	1.37813767568572	1.48919856087484
"prt202"	1.93742435852153	3.24008377639561	2.90828865353016	1.07721652389269	-0.888224356819343	2.10021458854396	NA	3.13631972728987
"prt203"	-2.6543349776856	2.36353724562299	1.22393652974559	-0.957027726708136	1.73218845195571	2.47620274474272	-1.94620019316502	NA
"prt204"	NA	-1.41682866311236	-1.66595534878789	NA	NA	-1.16797956851333	-0.866607544462676	-0.754069444423385
"prt205"	2.54783875671125	-1.1831238009199	0.642635377230061	NA	0.824781948760159	0.364863173547472	NA	-1.46543142605407
"prt206"	-8.8191296473174	NA	NA	-5.01884097276594	NA	-5.38992822255281	NA	NA
"prt207"	NA	-0.73506560287146	-3.00900782732654	-2.32014460227991	-3.05778167938292	-1.86118806281379	-1.98751494015811	-0.548072654138405
"prt208"	-3.27926891957083	-0.679573961023289	NA	-2.78634700279148	-2.73233748415858	-2.27886692223018	-2.40688071683297	NA
"prt209"	1.57799505127394	0.429307268268151	4.57030372557044	NA	-0.536166638831543	1.86130507816661	-0.63735424679131	NA
"prt210"	NA	-0.665913700043096	-3.96261686453146	NA	NA	NA	0.151224379475451	-2.85701333955123
"prt211"	-6.77263085325161	-6.01526400836593	NA	NA	-5.60558370056176	NA	-4.88301148487783	NA
"prt212"	-2.79704842448916	-2.9742440771744	NA	NA	NA	-4.29644344701904	2.04975464625293	NA
"prt213"	0.148083007900914	-1.25002970931941	-0.408381031895684	-0.119770365781249	-0.605096501041982	-0.683626196513249	0.87565931246371	1.23042668676968
"prt214"	-1.05906175467384	0.228821892263305	NA	NA	NA	NA	-0.0780617189652529	-1.94112313124186
"prt215"	4.65926123210656	0.260194083976928	2.09400784609993	0.336725619655611	0.614655436219281	-0.660341723229824	-0.0213884256329477	-0.423436953392913
"prt216"	2.55371414319209	3.01150436387527	2.26752172944681	NA	1.16439828143232	1.00741964969199	0.108071896872664	3.17866640913779
"prt217"	2.65382581305591	1.54029184682731	1.34025918434691	NA	1.01646070520597	3.17302062656658	NA	0.597083534498415
"prt218"	-2.13735409248245	NA	-0.563539469348544	NA	NA	-2.13989172766412	-1.559238229547	-2.52043517848569
"prt219"	3.57725401022447	0.152907451268606	1.55643806795019	-2.12291862229859	NA	NA	-0.458848163698102	1.7984840538222
"prt220"	-3.4797043365184	2.66568436685133	4.05791543475308	0.481085732561527	-1.08645858595625	3.28784637419982	-1.61568681978589	2.97716583750315
"prt221"	3.13744389427503	NA	NA	1.06828987672173	-1.35315362711727	NA	5.04322983204628	-8.68361697454244
"prt222"	1.30760494214966	-4.08262643152444	NA	-2.13333311556931	NA	-3.85144946785676	NA	NA
"prt223"	-2.61121809510047	NA	NA	-3.37326723604096	NA	-1.50890220407051	-0.424230718848047	NA
"prt224"	-0.621487767839034	1.10022970082268	1.26029710727663	-0.666218031048877	NA	NA	-0.828831319543558	-0.573106095146019
"prt225"	-0.0705280290414319	2.42520804009472	0.745642945239424	0.871299372517041	0.346709710418384	3.55945515835807	2.88391961191698	2.8072924459888
"prt226"	-1.67046519187088	-2.39380031478776	4.6720811625085	-2.17294338034875	-1.83210327703793	1.11605369958587	-2.81824772906249	1.73036622323263
"prt227"	0.743202727832386	0.220124425108255	0.861196001672609	-2.3304894442898	NA	1.30646120687241	-2.62691403192076	-0.842638670328347
"prt228"	-0.88342973143493	-3.01093965101401	2.42277343181159	0.0305884732730135	0.673846878317086	-0.245609091968496	1.4716796552768	3.78646677596981
"prt229"	-4.69910052405334	-4.36876777363286	NA	-2.35812404523049	-0.462534159664998	-0.492258227956562	-6.38661480278561	8.05730858840566
"prt230"	-1.90254708009597	1.5561452946021	2.72183384321446	0.153719481111123	0.351745581992845	0.622047333140594	3.34720876162474	2.92391438508055
"prt231"	2.01873711220786	NA	1.37293149659243	NA	NA	0.209978734485321	1.78481959904697	0.68882571932776
"prt232"	1.73660147352515	1.28123311712061	2.75229514205162	0.39635988334995	-1.00823183401322	2.04514051591583	0.709112352877408	0.638852540967338
"prt233"	2.85974420705608	-0.775823269574725	NA	0.0179362039630888	0.483496222098426	2.46837892664956	1.31240050634671	1.33580412669117
"prt234"	-5.88343818456959	-3.0302428385015	NA	-8.05692086521703	-7.95017730519302	NA	NA	-2.42510883400726
"prt235"	1.82431137426534	3.86626217590904	NA	1.80378631040154	2.26931725390445	6.42471116594226	5.86378163887304	2.57164032462187
"prt236"	-2.93826598310558	-1.64789301920253	NA	-2.213810381472	-3.50193597034922	-3.87953103960408	-1.97772303035211	-0.977994542866798
"prt237"	1.3477524923103	1.84195780196057	1.49730874647656	1.6361426657683	-0.952769270508907	-0.606986651413874	0.35622347675165	NA
"prt238"	NA	-1.73157721974923	-2.47786011139092	-2.35781011726134	-2.15497732105616	-0.296781227064951	-0.506347661124387	-1.40085128297232
"prt239"	-0.82977143548128	-1.02027199573065	0.816594826511792	-2.20179485417906	-2.76901913214795	-0.468312383687126	-2.12415272870116	NA
"prt240"	0.745119942610463	1.34114471049379	2.769549373351	NA	1.55995409020315	1.14272327960983	2.82277890528865	1.39185487402831
"prt241"	3.70652234987722	NA	-1.27322755580076	NA	-8.18063729973016	-0.231452870298649	NA	-2.79538195171575
"prt242"	2.34879332755001	2.74123618100846	1.7953713909325	2.34219062284764	NA	-0.430026052104581	2.65016393982694	1.10550437269981
"prt243"	2.61784882837698	0.106989669936697	-1.58610311983785	0.40265343464963	-0.178707318260269	1.52651718347728	1.50064108898771	-1.39399608228567
"prt244"	1.48955616390808	0.640877974269762	NA	-3.84910446536728	1.78554307523732	-1.05500455119609	0.0371891078025876	-1.54341044956864
"prt245"	-1.16990243992439	-2.58621747120759	-1.67413510374956	-0.222608206212699	-2.55158403321841	NA	NA	NA
"prt246"	0.307433117946911	3.65361211743527	-1.37635634440608	-0.28679548720144	-1.15256357506616	-0.196141770196105	-4.75638815071769	-3.50063864802138
"prt247"	1.63695798308509	NA	1.85079753498776	-4.89958384505189	1.7246749823465	0.708256213906098	1.42989404462146	2.88040744576461
"prt248"	4.36565761494209	2.60141446320089	4.72887005272125	1.60405512352169	1.42411475919258	5.21063289111774	5.24276088198953	1.1765091163793
"prt249"	-0.742242484049245	0.587431632707159	1.33332289808268	-1.36253383546404	0.477799313425125	3.87401833489451	NA	0.264592192502362
"prt250"	NA	0.122253515711872	-2.0660760669038	-2.17511105769743	0.252965603677265	-0.0968785258772591	NA	-3.04481818251824
"prt251"	NA	0.310015650379157	1.84599601661643	-2.66911992229094	2.43103313489624	-0.626517454018349	1.62657017211128	3.861659887477
"prt252"	NA	4.24784185359559	0.234508749962905	-0.0104581692092441	0.713846550426815	4.08815058397633	4.24112661066965	3.39059317474132
"prt253"	-2.69077958546605	NA	-3.29857570254552	0.0961167377199659	-1.45932011918288	-1.97870023821115	-4.68994103305727	NA
"prt254"	4.15829163033202	1.49896974271608	1.3507246111616	3.70477890773401	0.679788130908218	3.32177064295817	3.43071621279781	2.78762309015213
"prt255"	4.26192674516213	4.65704854713766	2.26909556649264	1.89389533918443	4.21005393408542	4.40908594432464	4.04275597065941	2.69458514488731
"prt256"	-1.57415084376991	NA	NA	-7.46828617562809	NA	-5.80657859331959	NA	-6.09046877489003
"prt257"	NA	1.74530221496125	4.61345518891382	-0.146758116725765	-3.02254704120141	-2.19976744097645	-1.55468404913435	3.39781331589935
"prt258"	1.8137467803821	1.76527516539907	3.60709733385269	-0.278081768914323	-0.24753828312133	-0.674296465947735	2.36748628807368	-0.0503758077189851
"prt259"	NA	0.363038882403722	-0.0936497928128095	0.887427688526795	0.944792400802992	1.82162516243292	2.90447593052081	NA
"prt260"	-1.03908040772391	-1.0417123220725	-1.15216568990682	1.18784592455646	-1.61125094182413	8.64806957583176	1.6839729263833	0.542593582540608
"prt261"	NA	-2.55243576736684	0.419116405432668	1.2194430602943	-0.973865596456662	2.4447284791265	0.010359515413673	4.02345631300478
"prt262"	NA	-1.71803315992328	0.890169752584028	NA	-2.28645462088161	NA	-1.80039660102672	-1.21324892576533
"prt263"	1.93610069255955	2.02481421089206	0.0490547512365676	1.83623576261942	-0.76967474392053	NA	2.78152844773604	2.88434294655095
"prt264"	2.32665197337279	2.20642639932836	0.998683729936099	-0.856695878301648	2.07718318233796	0.922970745463235	0.959994065647106	2.62887102845577
"prt265"	-0.707612507480291	-1.63254491972335	6.65465726264194	-1.18213997744763	0.0202115186275454	2.00338275564963	-1.34648101826655	-0.448722445208434
"prt266"	0.202746461222035	NA	-1.150377917704	-1.17352250299178	-0.39772067580921	-2.69048144286538	0.607389852581261	NA
"prt267"	NA	-0.598226596130237	-0.763881704919182	-3.60534935310203	-1.43382446172334	-2.17636167186766	-0.310660812455123	NA
"prt268"	5.93414099991847	4.74269125796456	4.74850436105666	2.20593203395196	5.20653172453246	2.51336479510743	3.68553215008482	2.48081442315388
"prt269"	-0.550285124606719	-2.16820430971731	1.19014116832943	0.132385031664682	0.262414447999558	4.22459333635056	5.08151232418983	-0.41525238566835
"prt270"	5.67397380150877	3.50839900921058	4.79765109781442	2.08150614763641	2.27260120546164	3.85611154016189	NA	2.84147640921264
"prt271"	-2.54579109334666	NA	NA	-1.76615717596376	-1.87624647535022	-0.638107576510645	-0.560498876731953	NA
"prt272"	-4.03732043596492	-1.92491394848063	NA	-4.21277961529008	-2.61743304028432	-2.15963255907477	NA	NA
"prt273"	-0.361806373889874	0.550610692283961	0.0878356348581615	-0.760061223603449	NA	-1.1656751664053	2.01491967424606	0.739881125511801
"prt274"	NA	2.60485214613887	2.24086899858402	1.81343586284063	0.19999761885657	2.50016183927103	3.40711601897004	0.357568709064594
"prt275"	-4.17261852532688	-6.07591218813991	NA	-2.04408672540716	NA	-0.38446305591713	-5.76782310992292	-4.29187289738469
"prt276"	1.4016614722358	8.27622239926689	5.20308170910436	4.48739014350754	2.06669777459061	4.37367425798196	5.13875352391377	2.65104387958609
"prt277"	NA	4.15280111867494	-8.57675339020556	-2.14798950515642	-4.14041470439454	4.07377087614751	NA	9.12773143917419
"prt278"	1.7613409832349	2.14028383476092	1.86634688111074	1.73691870056023	2.02723120344698	2.86753501087228	3.053917113188	3.61505186914797
"prt279"	0.0409434900316382	3.26323239492246	-2.74806275832809	-1.86279744272984	-0.205432289365354	-0.0541122933757236	NA	NA
"prt280"	-0.678143793354112	-0.257013675951297	-2.41731528884868	0.0988345112076505	-0.838029772466058	0.705448619054604	-1.63103750727477	-1.50222664799789
"prt281"	0.524254153423102	2.08022789742585	2.06308928270785	-2.22113306390515	-2.08992343988484	1.64252093222174	3.21672638085899	2.26185525699706
"prt282"	-3.82240542241508	0.612936433849893	NA	NA	-6.72973589338215	-6.00237890147609	-2.8275357897426	-8.89572036247477
"prt283"	-1.39212506575358	-0.0629687116265905	NA	NA	0.687375660652692	-0.319348597442	NA	-0.00862822251631679
"prt284"	-4.25242186795641	-2.86923489171012	NA	-5.67005782980636	NA	-1.93254550329547	-1.73090309659895	-0.519145224944042
"prt285"	NA	2.02573166331114	3.29515251216595	3.92810708651401	4.46102274105259	4.68443002321888	NA	NA
"prt286"	8.15263473014202	8.87127973835701	10.6257664975325	5.5715129754169	7.34340382484483	7.23388093539081	7.99262430509386	5.86389095732386
"prt287"	1.4435731235917	0.339644423964748	-0.122944842351429	0.187175907182644	0.0475860793936819	NA	-0.27126754731932	1.92679678374635
"prt288"	-1.27205443259773	NA	0.301868618435297	-2.73502804565426	-1.4186993708741	-2.23033329255572	2.41758723292918	0.899425629782377
"prt289"	-0.640674093653832	-0.737872407294468	0.0814757582175163	-1.91597354959551	-1.74609224077507	-0.678947015983415	2.57910278019236	4.48914114911556
"prt290"	-0.611222178994116	-2.65992213346171	-2.08234269649438	-1.71693055690596	NA	-1.28936986155762	-1.63436898398958	-1.93129890488535
"prt291"	-0.451085545875652	NA	NA	-4.12001330052083	NA	NA	-1.53266896130535	2.52921428416525
"prt292"	10.6355355660119	NA	9.8124581532666	10.9597406838446	7.2580408650789	7.61700079720671	NA	NA
"prt293"	1.9503433470195	NA	4.68240904268478	0.853551962960182	-0.591057751824824	NA	1.77123155116828	3.20384607240258
"prt294"	NA	1.81485283153684	1.31344829985151	NA	NA	1.37146305236701	NA	1.68711738570287
"prt295"	-4.81169242106792	NA	-1.76821080562643	-3.06721070406501	-4.15823368478525	NA	-1.58434022096157	-1.59712628714646
"prt296"	1.96825413342454	NA	6.31555557684867	4.5344448399597	NA	NA	5.89807634229103	NA
"prt297"	3.03665908105725	3.48391567003601	5.06336759782785	3.18504962889946	0.300544167365993	2.99274726419556	-0.979318960233004	-1.58802015465415
"prt298"	0.944175663842599	0.585235445448205	NA	-4.47377047963293	NA	-1.71429375092071	-0.688180302488664	3.46971907039201
"prt299"	0.0594958112315651	-16.3605345078878	NA	-0.348946240200346	NA	16.8220248584143	5.24883573429209	NA
"prt300"	-1.52680643978807	-0.243205924886048	-1.32412490567791	-1.06068323564765	-0.891232857863113	NA	-2.96760640852782	1.19727159465306
"prt301"	4.34839467874914	NA	-1.11880663872454	4.07018375763317	NA	NA	NA	-1.52547692987078
"prt302"	-2.47837056009437	-1.81019787149384	-1.34155074022268	-3.85174739294275	-2.41985219582319	-1.43669008777891	-1.74384838014171	-1.22756833733902
"prt303"	4.46256225224605	NA	5.53480208016387	NA	5.20807580950097	3.94245014379216	4.31415176685831	NA
"prt304"	NA	-0.669408397595744	-3.21895265832924	NA	-3.54948774362012	2.89597619777948	NA	NA
"prt305"	2.66582808050228	1.69793606893655	1.53076439545796	-0.648750652812852	-1.94906541500042	0.122608888181885	-0.784099825508854	-1.41085228742991
"prt306"	3.68800072636882	2.26149060913129	1.25081599801969	1.36307313403007	3.27999235000853	4.13561891549717	NA	NA
"prt307"	0.712769533166127	NA	0.716531295345098	-0.952685045189587	NA	1.68388403462533	-0.648760267458888	-0.857578843985508
"prt308"	-0.559077085563755	0.0783640529373927	NA	-0.827216698921774	-1.3283328362419	0.207905996071887	1.27181030143557	NA
"prt309"	-7.02542470556027	-4.51490736517785	-5.2726252359836	NA	-7.13499719294686	-2.75647769063979	-1.57226803425951	-5.02620076683723
"prt310"	-1.83050371792599	-2.09014227754055	NA	-1.6751237626362	NA	NA	-2.48347053021553	-2.59196102259986
"prt311"	1.42715232841191	15.153620305859	9.88079412162939	4.44476594899177	NA	NA	1.97040552639451	NA
"prt312"	-2.02251767726435	0.680180092998527	-0.430390844816857	NA	-3.35014651724714	0.300942628478263	0.956108292910649	0.294550378067605
"prt313"	1.27637714760936	-0.21863217705394	4.61161525624616	-0.0183929878026935	1.39853236065899	1.15787090833784	1.37520605319642	2.9265476760173
"prt314"	-4.80700518320596	-4.09659038118726	NA	-2.26239613596254	-3.96107412692209	-2.31680602089615	NA	NA
"prt315"	NA	-2.38916840321157	-3.96217643317844	-2.60862749223341	NA	-4.05576701569319	-1.26549691982758	-0.834372229769298
"prt316"	-1.49460784645167	0.00195406896332628	-0.941679191927477	-3.61567344829381	0.424732525685018	-0.953942401231653	0.96841311347878	-1.01283853828606
"prt317"	1.74865464848147	2.70470775965412	1.37269493652346	1.44052076321374	-0.198827134614148	2.52698621975332	-0.434539716080021	3.3452202966063
"prt318"	3.46002539947111	2.60304697270431	NA	1.07851771670481	2.98344032244757	2.43938627338447	2.5343804488111	1.11725510941714
"prt319"	4.00793650387859	NA	4.78200028724164	4.50269838736031	3.93965377621306	3.97811266890569	4.05615947504459	4.30585822908995
"prt320"	1.6016782539382	2.27718631941347	3.1785886560191	1.89945096518352	2.61247938272465	2.36411409114285	0.854291249009322	1.02987274118265
"prt321"	1.40376225623024	-0.743550897755149	-1.13621308981998	1.81839017323075	NA	1.64146146679556	-1.13764360216297	1.76320893309282
"prt322"	5.46568458957918	3.80707304581041	4.86007888994852	2.05858095185619	4.4952090505504	NA	2.5743160280567	2.22802073634133
"prt323"	2.12037469734895	5.24033323731975	NA	-0.834497193856486	-2.50616368657335	5.52610344832098	NA	NA
"prt324"	1.63881087206879	NA	3.77816991581729	NA	NA	9.73926685605842	-1.71951808304086	NA
"prt325"	2.82785917842142	2.55970195941048	NA	2.50233055898202	0.6430641927478	2.2790836410488	2.01197665334176	1.67752907553746
"prt326"	-1.85883088833126	-1.66184558640396	-3.0678996993991	NA	NA	NA	-2.58697916890943	-2.74218125312756
"prt327"	0.620422174969599	NA	2.23089094628448	1.92550261786743	NA	2.93800640339673	2.05648394721498	3.11481782683689
"prt328"	0.699855107790662	-1.76150783352961	-2.65489996134404	-1.70976388998974	-1.59964139562956	2.68480259224917	-0.389844609863697	-4.47652630628256
"prt329"	0.358451698254891	-1.66319577699248	-1.79044463400503	1.68024692695657	-1.20278551755361	-1.76177757900984	NA	-0.387238049912543
"prt330"	1.3532845478323	1.693685711872	NA	-2.04946949578401	0.0215416447125185	-1.16749621112092	2.75051655047241	3.08291320176851
"prt331"	-2.49954194015844	NA	-1.21469422941807	-4.12394247085278	-0.953463172572361	0.819795098460397	-1.32773950345986	NA
"prt332"	6.64744142858957	-1.09345664862574	NA	-1.87450387116955	6.74207959480903	NA	NA	NA
"prt333"	-0.672083262750643	2.60173859471781	NA	-0.383168525691712	NA	0.156357723721033	NA	NA
"prt334"	NA	-1.22387851540992	-0.970738668348898	NA	NA	-1.72676842347306	-3.17385655010011	-2.27901289129478
"prt335"	-1.32907325256184	-0.167324288612222	0.534381264961851	NA	-3.8760968364186	-0.539738236621882	-1.01178826178416	0.642992151513337
"prt336"	1.72933598944054	4.15464671686342	2.71389510781453	-0.595889700420454	-0.719618780795704	-1.54804565983208	3.15205561647314	2.03241667869538
"prt337"	-1.96576090450182	-1.09382595273139	NA	-4.21214180838607	NA	0.322533877691097	NA	NA
"prt338"	-5.56936609320413	NA	-2.97834430517598	-5.00066080254498	NA	NA	NA	-5.91476513137385
"prt339"	1.6157126965296	3.91006958773742	-1.676425616598	-1.46512817429169	3.85587965597017	2.31389932089632	-0.88769458451814	1.9515010670752
"prt340"	-0.136350449125736	-1.86444085934063	NA	-3.30196653005465	NA	0.103829892260169	0.164290805686799	NA
"prt341"	NA	3.06628651459664	0.719470597614308	-0.374993216388288	2.6885790868745	2.98881448546344	2.66406812409596	2.42092206095892
"prt342"	-4.72524801014586	-2.15514705001403	-1.77587164569816	-5.75325729364898	NA	-1.04764760708044	-2.59149765948502	NA
"prt343"	NA	-1.89961736786883	-0.737507931312747	-4.65801310711198	-2.55594730152873	-2.26531406238976	NA	-1.51223547668076
"prt344"	-2.22199494033658	-0.27564687626231	NA	NA	-2.41471088998346	0.494442509308658	-1.94470794625618	-1.54870106301319
"prt345"	-1.28066736195315	1.81992802107871	-1.09023253807241	-1.53440812973201	-3.41048621761873	NA	-0.746970868969222	3.579013122111
"prt346"	NA	-1.52122897507246	-3.62720589014078	NA	-4.4465021334483	NA	-5.06557657488922	NA
"prt347"	NA	0.760361413247729	1.8303518587012	2.88805759335825	4.37601827598167	0.649374292321468	NA	2.80866508271244
"prt348"	3.01346263518585	1.40028344868825	2.52603371822743	-1.15147193236359	0.994088736471289	0.841024015264988	2.52060753869448	3.6212285061929
"prt349"	-0.411233539515576	1.55678803263421	NA	0.973552700129934	-1.08928677942229	1.02258430090088	-0.38313023718633	-1.14818121264627
"prt350"	-2.02620179277825	NA	NA	-0.435346959547371	0.900725469825097	NA	NA	1.13943898121604
"prt351"	NA	-1.32528001617162	-1.94409957458771	-1.77959657922485	-1.48331382871386	-1.67165182692231	NA	NA
"prt352"	-1.60448016354977	-2.70078218511911	-1.27797542715036	-1.3699604981084	-0.645547934874242	-1.27549255021685	-0.826942638251067	-1.19306818208165
"prt353"	6.83491388677942	3.32146221787503	5.70196960468398	6.35153573892109	6.3685439452792	NA	NA	5.50184995105596
"prt354"	-6.46616276462962	NA	-3.50001969294935	-7.5527515319844	NA	-0.28886104043531	-0.122434683620624	NA
"prt355"	NA	-2.87272823894993	0.838232597558511	-1.04945104439504	4.35553678773451	-2.86873887695514	0.883597052604611	0.299515084830028
"prt356"	NA	-1.02789668798329	0.49778444055358	NA	-0.468732703438448	NA	-0.274370422045725	-0.0807477235607519
"prt357"	2.16537747952235	-1.67904598392793	-2.19565901617173	NA	1.89303400087161	-0.851097723287883	-1.21587818840392	1.78670128989065
"prt358"	NA	3.50242521583929	3.10446964096315	0.307887235482422	2.27457037066049	0.715154224132645	2.79613307710066	5.56738703834121
"prt359"	NA	4.38755343107508	1.01636334411832	-0.486472555102465	0.656646642753119	2.20933495843939	-0.286750039724614	0.545308580250004
"prt360"	NA	0.985344797451851	1.46934849721968	1.02747352319603	-0.947598263637438	-1.38049618241917	0.478692662887047	-1.08414611578335
"prt361"	2.66977755120969	1.49649964763278	NA	2.58835442333735	2.14398272386772	NA	2.45708145312619	-2.61273878026814
"prt362"	NA	-2.71444546420236	-0.295891940091455	1.53298929535409	-4.97451010539424	NA	NA	-1.14887394372009
"prt363"	2.76750733787329	6.67988396682775	2.83013680625397	NA	2.72853206485362	11.8484668800341	6.34880515918601	4.21498148983283
"prt364"	1.19903209727507	-1.07817262757262	0.22679571150459	-0.323691499456628	NA	0.604834420346718	0.22547070441897	-0.926342704902573
"prt365"	-0.517589707479026	0.435705739779297	0.10032884114016	-1.48642096040887	NA	0.423149787784063	1.60002096259334	1.24732749088853
"prt366"	-4.31653209287359	NA	NA	0.337314467209721	1.02941819539686	-1.5514915512068	-1.83575275893621	-1.42951176793302
"prt367"	-0.515440555649076	-0.823244850557623	3.17893509554752	0.330877807547615	NA	-4.60605685383331	1.85867292880112	-1.25434006257428
"prt368"	3.7024122438589	3.68574258673786	4.80578559212838	0.753656201540033	-0.669331391976538	2.261232030485	2.15981597070591	3.76738690046735
"prt369"	3.13819226932788	1.95312182814239	NA	2.93580858883266	4.46256248033797	2.85092645369672	3.64503083628567	6.56998326397028
"prt370"	2.18478311190528	4.47958245183698	3.27150253557078	5.00883333339902	3.90817209321464	2.84715174080323	4.42769887262916	2.43084457003791
"prt371"	-1.05222099069888	NA	-3.21166739511763	-2.72898507364709	NA	NA	-3.98490571728047	-3.40370651239969
"prt372"	-1.84630236380804	3.97220145704551	-0.731609065077377	-1.81236812384598	1.40247741560488	NA	1.14231141666168	-3.29846676885824
"prt373"	-1.48484677768105	NA	NA	-1.21386937043627	-3.19976286701398	NA	NA	-2.04030310338717
"prt374"	-2.12821594596495	-1.29579619956426	-1.13941939770646	0.750535463981144	-1.17150977089666	-2.0218708733365	NA	NA
"prt375"	-5.96620584294133	NA	NA	NA	-6.11895092838968	NA	-1.77660317037883	NA
"prt376"	-5.61941693498379	-1.27223692736142	-3.87385966292393	NA	-3.50986245185468	-3.74478273517747	NA	-4.21732567318626
"prt377"	-1.91831207461809	-1.82393000092701	-2.37253593226976	-2.25931100900183	0.780269429496729	-0.902844519986447	-2.06610492272124	1.42718125251149
"prt378"	NA	3.04824974650917	4.35091750295382	3.39612586279376	5.12689375334045	5.52522268650795	1.25190346815213	3.61378544230778
"prt379"	0.945301418501521	3.15097834403448	3.55052966077817	4.93764518482694	0.0381309065263615	0.074025725775617	1.19853323945239	0.120365134271497
"prt380"	-0.138667211223816	-0.925087687619411	2.26697598990852	-1.78694083373595	2.82522559794677	1.76576956636305	0.321791822939338	-0.0803050079450291
"prt381"	3.58721326814601	5.51297278032298	NA	4.1065208865644	NA	NA	3.75885781813615	5.02191406346796
"prt382"	NA	1.92108634401695	0.00620454305233883	NA	NA	-0.364157046564671	3.85415005786798	NA
"prt383"	5.32938472000543	0.470786370172833	NA	5.37406731235174	3.30240857927584	0.539912052274861	2.95075827403608	1.02664416007787
"prt384"	-1.75873984264952	-2.42343341245388	2.72096752429861	-0.858713993933632	-0.559349311449868	1.75109147792637	NA	NA
"prt385"	NA	1.1253308781146	2.55459275822708	-0.624563632366246	1.05253337523089	3.04669922934665	2.58812147957684	-0.149202705470818
"prt386"	3.80227784696946	3.48393989567802	3.15820538175981	0.0543120947431579	3.75687188975782	0.487484828809875	1.85466806649456	8.21553257211072
"prt387"	-3.66785479769186	NA	-0.561884602180599	NA	-3.32536292311748	4.20564057088933	-8.84946375961469	NA
"prt388"	1.09186153265284	7.73988883620982	NA	3.00489556135579	4.22150513883837	5.5172540951979	3.37059267625989	6.12933505336976
"prt389"	2.07748095241571	0.368960235642405	1.10778672188945	-1.67558651592085	1.89921224055196	-3.02437708911735	-1.05319554716916	-1.09711788767757
"prt390"	0.919858796652119	0.990355119869357	2.84061252306564	NA	2.18149053241922	1.55849509688947	2.04813399564989	2.90709938090653
"prt391"	1.33201140310889	NA	2.45007021491705	NA	-0.894410877903632	0.740285781078953	-1.78631640712217	2.55412667382992
"prt392"	NA	4.78409415533002	4.72149885792348	6.05825656239114	3.3886236959408	3.87121781825013	-0.147408770621058	1.62591293200999
"prt393"	-0.795380224759315	NA	0.692479856727754	-0.091780684939541	0.813007810020238	0.376856729978613	-1.00562177348628	NA
"prt394"	NA	-1.02095026433706	-2.84815136524135	-0.410806240105432	-1.95286518505399	NA	NA	NA
"prt395"	-2.39337543573351	-1.4075268652788	5.64083909948738	5.92194253141939	NA	-2.20209782628757	1.73740807180038	5.75854093670027
"prt396"	0.873777286802438	NA	2.7355209959688	3.10375033292687	NA	2.5409478165904	5.08668195744348	3.50647610732172
"prt397"	-1.75647430518391	-1.23559605263665	-0.732311997921583	2.19899774089271	NA	-1.45622936954121	-0.89992525721348	0.691659370917555
"prt398"	-1.3881662100685	-1.6582296190989	-2.40801680682012	-0.798108345058406	-1.39904666689595	-0.914752263241579	NA	-0.473081337889196
"prt399"	-0.206940926507827	-1.84167572261558	NA	-1.67936380161378	0.660223023385778	-0.862669612081729	NA	0.392645284214939
"prt400"	-0.848321191224936	NA	0.840498859956594	-1.36041684760192	-0.0369535953840596	0.152584749668294	NA	-0.286398149976192
"prt401"	-2.38003681813859	-0.0263236311622096	-3.80886381791416	-2.53870228608668	-1.70933749812677	-0.368358521432654	0.0152318029990303	-1.75541731526873
"prt402"	5.36544085576441	3.67700329960588	4.9335890554591	4.37564606636492	4.89117356951262	0.308439974517058	2.69672826299796	0.829550723364585
"prt403"	3.92608300817667	3.56748216755106	3.27601602118351	3.02953705323613	1.76260036709514	4.85981497246937	4.91449420470657	4.24704547730685
"prt404"	1.78467487171899	1.51742316038699	1.38863081286581	3.55008343364196	5.5717388195082	3.0073198792976	4.63099981872964	2.86160939572527
"prt405"	2.830323766613	NA	1.6083296344753	2.74288842818897	4.3766744166329	4.29792846057702	5.00854907333241	7.14283410705981
"prt406"	0.93746487644646	NA	0.794948134792628	1.93263160813584	-0.642701752292331	0.681187719857323	NA	NA
"prt407"	-3.28643804889534	-4.09866036238456	-1.60825339874141	NA	0.900121653631833	-1.54153067916146	-2.55949727989282	-1.6874837988211
"prt408"	5.9572143370149	6.62736211213931	-2.54240878766284	8.37270872701656	-5.73372927816049	NA	NA	4.68704537589603
"prt409"	0.0641437699112141	NA	-0.369233337652167	-3.75055736693962	-2.53349593696093	-1.772308291711	0.194500780587406	-0.389535781250222
"prt410"	1.47779688815516	NA	NA	NA	NA	-0.169309519987958	-2.03731486133963	-4.94583470612837
"prt411"	-1.72376268353175	0.33467014564028	0.0713734174690437	-0.256656690932634	0.488693437087701	-0.327358004905156	0.141873393730913	-0.350774484714786
"prt412"	-2.84342512786338	0.26027719145961	-0.896861893859933	NA	NA	-3.25167682829097	NA	-1.18613516873067
"prt413"	0.654241072394138	0.405092543791891	0.492331575202069	NA	NA	-0.177842910195456	0.820085498928575	-1.87306637930908
"prt414"	1.7389492109861	0.0109662186142083	0.00954530270185941	0.235522390582884	-1.11395042257016	0.0741724172793728	-0.99710942528657	-0.124823106316818
"prt415"	4.55691660052776	3.75214119249616	3.88594856841393	2.44191334421627	1.00060828913645	0.176918515965479	1.8871181831939	0.999683672345737
"prt416"	0.43911682787835	NA	NA	0.108435922969218	0.13345806148159	-3.62145962796281	-1.69265589305423	0.90142942145134
"prt417"	0.0217210955535941	NA	-0.355474551148394	-1.56058688600174	0.947188270242214	-0.232015784759951	NA	1.975298161587
"prt418"	-3.20968920740733	NA	NA	-4.25738012703315	NA	-4.79130779195441	NA	NA
"prt419"	0.624822371738681	NA	4.37809745856489	0.697096890685889	0.151858144225413	3.85389998326495	0.105409412687771	2.01400444220039
"prt420"	2.40594853223409	0.129016875678224	-1.15936524112152	-1.27842418678903	0.756211549568842	-0.178869200118291	NA	NA
"prt421"	0.45092850951294	-1.01815025267117	NA	-1.65241856085484	-0.37614663823774	0.448940246239921	NA	NA
"prt422"	-0.645030036074524	-0.573187971486643	0.1000372084234	0.205548030729796	0.191553352477066	1.86865086208311	NA	-2.80253939574534
"prt423"	0.644219659464773	0.828107890277338	NA	3.71196661274104	-1.10102741726705	-2.50966525904169	3.71160573617669	4.12788111881958
"prt424"	1.80710817079437	-0.458902107780865	0.394571957350875	-0.0471618697388155	NA	-1.19823724800851	NA	-0.271205238206972
"prt425"	-1.69864985079556	0.956935725423949	-0.589760266176486	-2.62077216178816	NA	-0.429255484123756	-1.28353538118738	3.12802189101696
"prt426"	1.60924103216474	-1.56236733234089	-0.763593512456316	0.271171524839677	0.250763173621542	-1.44958768592146	-1.18793680047176	2.41717007414395
"prt427"	0.607386751504494	NA	0.64359789220615	3.41852256656676	1.37991082973064	-0.357902667531583	0.700713998510998	2.18997459043524
"prt428"	0.393395345101853	3.70940374024448	2.18730280776658	-0.187033927277406	3.18550260441234	1.10663751444226	3.06081923523424	1.56389732115123
"prt429"	NA	-0.0979691038398176	1.71571799763032	-0.726455954125137	0.672416415339445	NA	NA	1.3021913681369
"prt430"	0.136709854966719	-3.88696349678122	1.31788819481504	1.20708185332831	0.901150431922839	-0.975334612015144	0.94341577952085	0.0660724874095617
"prt431"	4.18932404373781	2.46684427333252	4.80761345191361	1.00926071626754	3.66193689491441	1.9311846372478	3.21432407696571	4.18256126987748
"prt432"	2.98833259711104	2.25509034828563	0.744481925531113	3.40891874998269	-0.0284170827303205	NA	1.91169836431956	2.13588220065231
"prt433"	2.5484166870418	NA	1.19061406725056	1.58681281769309	0.640554935454436	0.956290078649776	NA	2.33107820662789
"prt434"	3.2848799967105	1.57266162066686	2.17152938309397	0.984186872560089	NA	1.02739262626999	0.298773773977598	2.54702200576877
"prt435"	1.29822791076232	0.32749139727935	1.21480955702797	0.868853297128085	2.61731173206148	2.36393841218379	1.65888337374913	NA
"prt436"	1.01082186814337	-0.0557234188513326	1.73205405504686	0.0640273341149543	2.1116929197814	-1.0670291516768	NA	0.205834940778273
"prt437"	-1.95836185394843	-0.334773942143523	-2.1333764717526	3.60500540837647	NA	NA	-1.89706047700854	NA
"prt438"	0.797767354008739	-0.0333295409527763	-0.686210422419323	0.36099202265292	1.3223461464881	-0.108215238597004	0.200364190880458	-0.356331621619916
"prt439"	-4.50614748374768	-0.691347231242414	3.52473653408822	-4.37588826923384	-0.652850259115496	-3.49171698525132	-1.05962662067824	1.75357454831117
"prt440"	1.68945244357213	-2.59993549739113	-1.33336891828939	NA	0.494928975765111	NA	-0.685743415021672	NA
"prt441"	7.59540552186786	1.18150760018115	-0.637018565443138	1.76253240761957	2.441294390724	3.58082938554497	-2.45197844694029	2.22769590551664
"prt442"	2.30840709680541	NA	2.73850843544795	3.42593819968662	3.74191117797633	2.5113336616628	-0.981289348922969	0.358763726246808
"prt443"	0.298340629441596	0.777983608386839	-0.281341704329341	0.70840031984492	-1.27079661196474	0.142071705250659	NA	-0.13701357270016
"prt444"	2.33354799389548	0.25321282891727	2.91696710121927	1.6868552004417	2.87831635344922	3.13565653288055	-0.241612550601251	0.29856090357548
"prt445"	-0.370769711144737	-2.01798382540522	-4.33239239411566	-0.759583831880654	-2.88691376532238	NA	-1.01574903010118	-0.903265656223926
"prt446"	1.79668657939643	NA	1.05248902497922	2.84845697838041	4.59967402645317	NA	-3.45014816400164	-2.09243649959359
"prt447"	-4.21904157597523	NA	-0.497912844517907	NA	-1.88076860017109	-3.01812194749916	-3.02262527517851	-4.37187643615199
"prt448"	-0.377807414307702	-1.70520010341617	-0.911165392839995	-0.103448616963371	0.252436333952738	NA	0.36594180141311	0.651367333147006
"prt449"	NA	-3.87582512369534	-2.43734209786999	NA	-2.69804800379981	-3.48329019368948	-2.44361983119657	NA
"prt450"	1.98779522061934	-1.39449203019105	2.332008740969	-1.86571619392726	-1.53170483446542	-2.22299675816528	0.463272340210498	-1.98379717041851
"prt451"	-2.92100548583359	NA	-0.342505312266863	-1.87578173173968	NA	NA	-1.1462382054045	NA
"prt452"	0.311891917366655	-1.42834688756834	-1.2311501862877	-2.95186979633486	0.817259818373417	NA	1.2259778849324	-1.37858924188976
"prt453"	0.784464403878797	-1.25961234450176	NA	0.116059040597937	-0.239688745730689	-1.82300726726283	-4.82816691237154	NA
"prt454"	-0.529885308067173	1.58766099425909	2.11818717868604	2.1251100484638	4.27943635753258	1.39708670783917	NA	3.14584858127744
"prt455"	0.617825785549839	-0.348892822606649	-1.60280063506129	NA	-1.2046938894501	-0.108104981983651	-0.51099003804102	-2.66584468731623
"prt456"	-1.08721309740028	0.0616467917496968	-0.909135871080292	-1.50271083075062	-0.0467462940862775	NA	-2.12872118975453	1.51647680497116
"prt457"	1.92564964052576	5.97264202523992	5.00942272337396	-1.48322541133622	NA	NA	5.91848058739988	NA
"prt458"	-3.52182547164663	NA	-2.04619541577134	NA	-1.88298373130355	-2.24762922234421	NA	-1.62164826340939
"prt459"	-0.380834526769377	1.58847032697005	0.713923566469099	1.59339823669998	0.807870228126712	NA	1.93834908418042	NA
"prt460"	6.47262961759629	4.31430282688829	3.69161702376196	NA	4.10568962629836	NA	3.78200633678271	6.1686198101865
"prt461"	-3.00729688852696	1.97974295123753	0.111763220147383	-1.30303881259802	-1.68372249701108	NA	-0.260438147350455	-1.41292583088726
"prt462"	-1.2244205125999	-3.37333571815674	NA	NA	NA	-2.24825888814443	-3.31013340350314	-1.23580025174992
"prt463"	2.96510161502371	2.38897010601937	2.92839650902926	0.416740386372095	4.06754889437618	1.34702564960971	3.31551220856055	3.12139753341348
"prt464"	NA	1.67421193040755	2.54309238739979	-1.70446570739882	0.138419742959508	NA	3.61693064366566	-0.558015934542523
"prt465"	-0.72566403152732	0.913958011621647	0.813937864541345	0.704595047278443	-1.6803874119104	-1.6977583720014	0.450524132706362	0.667076355341732
"prt466"	-0.930631072895193	-2.79749390014677	NA	-0.526104677635346	NA	-2.66250660408789	-4.98837109065689	-2.48125114994132
"prt467"	1.97361743631948	NA	NA	-0.0761646887689589	1.04246172092113	1.69298146283853	-1.00028193483444	-1.56139162577626
"prt468"	0.63082608073022	-0.325209553068446	NA	0.617091652996841	4.69317214386338	0.829721506530757	0.523980214743363	2.09717287248074
"prt469"	-0.26605353171457	-1.19449385542639	NA	0.60402393566768	-0.496293701403255	NA	-1.02349062834932	-1.29073483137728
"prt470"	0.922129075835128	2.15130697843266	2.88629121567423	2.86087360424558	5.09444951000266	-0.337650460552616	5.7544976286943	1.95762553430371
"prt471"	NA	-1.81256446100376	-4.40871892448678	-5.54369551159837	-2.94819179821429	NA	-7.79377101399017	-9.63407047457002
"prt472"	-2.02090968459226	3.32735336937966	NA	1.24425015581562	0.303715171943742	-2.62006727858896	-0.257891750637675	2.75983657370872
"prt473"	NA	2.24580809090905	4.23328294732873	2.34606746647429	2.1893866459761	0.95332737761503	-0.388443702622131	3.41083129668204
"prt474"	NA	1.49533591809206	2.43951567490033	0.0899005039819827	2.34381196170798	2.30046546077845	5.74853323831061	1.27294268910938
"prt475"	1.97203750002405	0.43864474872516	NA	-0.698936667177245	0.909085845360951	4.73755252033865	1.43983328920188	-0.445739351178792
"prt476"	-3.52618032530809	0.240202036822817	-1.85684886929898	-2.22375897945925	NA	NA	NA	-2.25501784633005
"prt477"	NA	0.762526028124044	-0.71274106485894	0.109647684540661	0.347387784408923	1.38727742795418	-0.238812298488407	1.21799301270422
"prt478"	-1.07494973178949	-0.456440800757773	-1.34428402253642	0.802687107311272	-0.437737969119171	0.704004399491087	NA	-2.12788938264056
"prt479"	-0.504826486661328	-0.342625653015599	-2.3002790231327	-1.98353592927421	-0.280460835571591	0.0788124599393796	-0.0685330508183939	-3.12042793668782
"prt480"	0.990297235345409	1.77455063702822	-0.414502594454635	2.23219944352556	-0.280264467412958	-0.60536284579735	0.320576931774068	2.35864820672165
"prt481"	NA	-0.321276635704452	2.09592741668974	-0.240950454260431	-0.391624207055675	-0.799920879907996	1.38872005657598	NA
"prt482"	2.13561924738026	-2.18449819793348	0.521254727626426	-0.916674221877022	-0.294043985949397	-2.1284895132408	0.116679338232245	-2.73709144129591
"prt483"	-1.22081494965085	NA	-1.44598650204907	-0.756741876186922	-1.96288499973147	NA	-1.7845375615046	4.46655058351457
"prt484"	-0.473058844048821	3.15273858899797	1.30090669901917	3.06611943803388	0.963549020951628	1.16615356145388	NA	3.52689134454668
"prt485"	-0.392467037627624	0.826636013992459	1.6002091587735	2.87726159657388	5.96308810757012	2.49820446688303	4.04467563940233	2.38053885973033
"prt486"	-1.7834850732145	NA	-3.59379599357895	NA	-4.64649802319781	-4.95924132183742	-3.44019084519376	NA
"prt487"	4.2460210911141	-1.63737539489039	5.41679249601854	7.07565872064438	2.59873392842272	1.45893174055288	-4.09287241528829	-2.25771734295435
"prt488"	-2.3804426872263	NA	-2.79535516868731	0.54139118525513	-0.563803526933287	-0.888505452147079	-1.95495924700795	-1.77307987190586
"prt489"	3.67419212745918	3.3423327920662	4.67465170106212	0.572836202010397	3.97581173350527	2.30424012808452	1.64813161580686	0.0538220440140204
"prt490"	3.6449050220082	-0.90802094126665	1.89685242015615	3.27211073350751	1.20821275103674	2.43589489652353	4.33306592638018	NA
"prt491"	-0.645114397769288	NA	-2.50880634056539	-0.458365806717607	-1.24225580076479	-2.67734408656304	-0.984438335379378	-0.595563593329869
"prt492"	-1.01670338367347	-1.17982301288404	-0.710154579048303	0.235131623453048	-0.381281048494348	0.703236128242318	-1.83086773683721	0.836105470480516
"prt493"	-2.62488269191858	NA	-3.43467261339068	1.91909418144748	-0.0477537879942123	-0.297233807560287	NA	-1.98121083330558
"prt494"	4.96608783957639	0.801479843553481	-1.74374404993367	-2.24655290540957	6.26497849671959	0.618262601455773	2.52459534630809	2.6574655448353
"prt495"	NA	0.368984382952795	-0.259326584530126	NA	-0.811109245770117	-3.33153505577557	-0.505033900337035	-0.932575304616551
"prt496"	-4.92366293824802	0.0461271133527279	NA	NA	0.308591245043556	-1.35145835342935	-6.08245872625453	NA
"prt497"	1.4147360219545	3.86277406833991	3.28547473375819	4.17474265321481	3.31551999698582	2.98658717934354	4.62225377114777	0.658724318736121
"prt498"	0.314189182372076	NA	-0.129348427935592	-0.563526750044512	-2.33724442471935	-0.673970147329488	NA	0.425627381414228
"prt499"	5.33669477320854	5.86785963199128	4.69603371078407	3.91478275447294	3.48921530669546	4.34735953173397	4.52660017556488	3.14289937997352
"prt500"	0.771675252822278	1.22310678399796	-0.472188179798335	2.0530856116536	NA	0.985292741866331	0.706234071374897	-0.0960587463333678
"prt501"	NA	-0.407949067692257	-1.92718876177043	NA	NA	-2.62280586782176	-2.04437659168824	-1.77084322042255
"prt502"	1.46607818768867	3.37769691568238	2.8537588903142	1.11659895625215	NA	4.50302665286775	-0.264732976732292	4.41402964968099
"prt503"	-1.01221268289013	-0.419188546554293	-1.36082968153083	-2.54745987453321	1.39785649114044	-1.59153688684256	NA	-0.00959950856902578
"prt504"	-2.79826964256949	NA	-1.10144547056742	-3.11113026776652	0.699348464966424	-2.55759379663726	-1.40986405213889	NA
"prt505"	1.87357402276974	1.68716324649627	-2.38432954040635	-0.708745377273598	-0.23528394380813	-0.676023441681499	0.852631242961627	1.65742985502354
"prt506"	-0.203138400358959	NA	-0.104817969812386	6.2541255451088	NA	0.2705442277925	NA	-0.230273340066288
"prt507"	2.97451999711863	NA	1.06576021213254	8.59500563965714	NA	1.57991159162727	NA	4.79516271726548
"prt508"	2.955810325821	-1.27016653924123	2.46107784859845	4.70612775761072	4.80721713906704	0.424670396741095	2.13196435187283	2.31551848530554
"prt509"	-0.390014911359432	0.479361654834162	0.11857548283619	1.02904702581815	0.542118951885017	2.08283279671766	NA	0.450745295839258
"prt510"	2.35218974733546	4.26608308177092	NA	1.37506582137838	2.30767815141834	3.65230806212092	-0.398901967641099	NA
"prt511"	1.01768167165044	2.77491280481241	NA	-1.64456119675729	NA	-0.90236885037561	-0.341405660683992	0.159590703188436
"prt512"	-0.465735256766804	0.41365951330515	1.91001073043909	1.08770643716933	-0.897850947118704	1.03501029511633	0.932516646042026	1.79455892478871
"prt513"	4.6736696741323	NA	3.46858487265601	1.98378112631112	2.11486681720825	1.28203355382121	2.43974370336487	2.61005530907262
"prt514"	NA	0.11296135697835	1.60746629847128	-1.11689932233783	-0.398579345884029	1.33389339109034	-0.221516817963808	0.135971368948912
"prt515"	-4.01027066075518	4.70560990858939	NA	1.97932087409693	NA	-2.22552574841231	-1.75755462894618	0.552445776412385
"prt516"	NA	2.25189416742448	2.66020219918776	0.59334884883498	1.54640486733696	1.78567005979266	1.84405673574511	-0.0758834648085261
"prt517"	NA	0.704610278248363	7.91299859050225	-1.43939201071974	5.67704739514961	-1.71761759385966	1.14322440525833	5.09828738479459
"prt518"	2.05122060771786	NA	-1.09319127848901	-2.1098942317431	-1.06549657723085	-1.61055932490071	-1.65573103176961	-3.92257715732561
"prt519"	-0.611219776607361	4.77127945394992	NA	2.71930572487038	4.89464935000093	4.5050646685068	3.36400431854881	-0.119703229105526
"prt520"	-1.99492980325736	-1.05721805097239	-0.420003651754084	NA	-1.11797712828139	-2.10205295745368	NA	-1.27411152706354
"prt521"	6.58000155943471	NA	1.09077299645168	4.35674778005808	-1.60611356617815	4.38006545166043	-1.59904270549196	5.92256932615367
"prt522"	3.78104305345312	1.22408563537706	-0.79922481026966	1.30852762033344	1.44075113661837	-1.62973093814784	0.283745679628336	-0.351712658191157
"prt523"	1.54893860251992	NA	1.22746708509074	-0.281531866377442	-0.432302048668286	3.00896751733554	NA	1.44720194469344
"prt524"	NA	1.50473383212588	0.969255947754031	3.23782247133133	0.574420907477973	-0.890543533202516	1.90169843093623	NA
"prt525"	7.75616586846581	5.84476871770479	4.79481509437338	8.21958658303208	4.78505565906718	7.47398469565137	NA	6.96072088413384
"prt526"	0.456946798335293	0.00915210970114538	NA	0.619389506430933	-1.4462030673844	1.57781102542405	0.521516674045896	NA
"prt527"	0.231868963770664	1.46320073007122	1.91436176009874	2.00983328018551	2.29371160856437	0.586358281975277	2.53151560374389	0.986736830555753
"prt528"	0.295516490115715	NA	1.07426148660431	2.80688788427206	1.80263835137291	NA	1.80142702005944	0.731473519575122
"prt529"	3.05144652773477	3.41623036654423	1.60159670337133	2.22368399994628	1.86144072329624	3.72640371175539	3.81752822704124	1.38799358215032
"prt530"	-2.20529889685298	-2.06587814321954	-2.20094538794617	-2.05973324779585	0.357120346379642	-1.37518883970878	-0.0124797229436261	-0.647717410129764
"prt531"	0.761531963425317	3.14972180736606	1.27312851313777	0.227705799554223	-2.64708022346469	NA	-1.23852596233593	-0.882632462038841
"prt532"	0.470698430649467	0.756095819568932	0.935624901829465	0.0322548043459955	-2.33349311302178	2.80340459116425	1.57410236077007	2.36871228754193
"prt533"	1.37367044948144	NA	0.381466175018463	0.494952585890246	1.64336061883563	1.72725787340881	1.37439672599917	3.50497525434262
"prt534"	-4.62243991218358	-4.43913617047294	NA	-5.70409637514929	-3.13049062354092	-3.09815366545652	-1.69366432089978	-4.29494375514373
"prt535"	-1.60879582328679	-2.18646314779132	-0.269499607546542	-1.85091433386865	-2.29098389573909	-0.60836802685756	-1.8530659253053	NA
"prt536"	-0.364475910231583	2.57961498670486	NA	-0.810250021793908	1.79245628400384	-0.933762389151196	2.21610832563651	2.46871200048796
"prt537"	-0.609153823525572	-0.649466330700133	0.723523749012387	0.124379534614043	1.66361325541682	-0.937378040218653	1.1071661785794	-1.87295860784735
"prt538"	-1.85442541157039	-1.068479457032	NA	NA	1.41745505443091	0.928530384987603	-1.11498366351289	-0.0490348444822038
"prt539"	0.444671409624622	NA	-2.27896196136052	-0.425948024729584	NA	-2.15264513008722	NA	-1.48217469920279
"prt540"	3.56047990861043	-3.77363973515452	NA	2.26222787853381	-1.00704773648705	-1.21237342505004	NA	-1.01763444552162
"prt541"	0.7877579407306	-0.175014429325267	NA	0.357480482209527	1.38349756814575	-2.08590412556615	-2.02900342718534	-1.21134919093784
"prt542"	0.855730168541164	1.49622725268541	1.96346658769155	2.23934587186141	0.905952076980055	0.160841378557553	0.938690749662347	2.51370813833603
"prt543"	-2.08512182040419	NA	-0.504582269302664	-1.91406107099566	NA	-3.35286867730637	NA	-3.15038624521176
"prt544"	NA	2.78749599745016	2.04622863628886	NA	-4.74819777808027	16.5415021993737	-1.12895831329457	2.29212116256293
"prt545"	0.024284993115716	5.01839611157313	1.29868102047618	-0.493763542608636	3.06957578336898	1.75967619335871	0.933476566267702	4.023743237273
"prt546"	1.94448828605848	0.686392088709476	-2.22632190640912	-2.26161479627906	-2.31442562382635	-0.0649103009827839	-3.16090983823887	-1.95167604319915
"prt547"	1.26520305238212	NA	NA	NA	NA	1.91203000505438	0.809873962790723	NA
"prt548"	7.30337937397768	3.57858918845998	-1.32365104197983	0.681525446931728	-0.523737661842083	4.04427244460474	NA	3.58124302421008
"prt549"	-0.141759652738899	-0.935965101647669	0.651370049581338	-1.67708695055576	0.952791908706266	0.213885530319844	1.02787166684022	-1.61650916570709
"prt550"	-1.77424616594441	0.78174920269927	1.83107319935965	-0.531176477529823	-0.189389750643322	0.91786429804976	NA	-0.699138995601894
"prt551"	2.22391187513842	-1.05285564870333	-0.132465434073806	-0.75621115976068	-2.77500858220566	2.40505663617643	NA	-0.533792449793068
"prt552"	1.81807607659887	1.76778978281809	0.478533433651422	0.480714673476452	2.51348047145686	2.12129257050036	2.41230963337604	0.364964158082573
"prt553"	1.34604138983976	2.55917157332218	-0.0395364835698041	0.647274986255123	1.58864856907562	1.45102145928696	NA	0.811085177182603
"prt554"	-0.575434937945679	-1.08937250805206	-0.758866960441295	-2.23719766794621	1.07520927478181	NA	NA	-1.05262331148532
"prt555"	2.8871915398897	4.00102267528837	2.67518652888114	-0.844052543951067	3.76116488952652	0.744210441744069	-2.30130020005796	NA
"prt556"	1.87775830190928	2.09456673187069	1.67193999725036	4.92901413762309	3.65777355189766	2.53490508408966	3.34996210191985	4.57410439490392
"prt557"	4.71854879155967	3.61683791184101	3.86891500351619	NA	5.58368879994391	-0.286343653712637	4.57364348430554	0.137516405875084
"prt558"	4.46598135348253	1.37676594296802	-2.10778609364356	-2.23301475745755	4.92981686925005	-2.22046288357789	3.39163057313767	4.85105892299414
"prt559"	2.91119953080041	2.59305847496791	1.90637285416637	0.703985206196892	-1.34888932481461	-1.6309518585298	3.34024477151415	-1.06134604200729
"prt560"	-0.443547319427664	-0.173498978902057	-0.664876062677281	0.876903802043943	0.37220931824171	-3.52507327832724	-0.415907938027458	0.634601195998073
"prt561"	-0.289192672106639	-1.50001169076494	-0.832148537005019	NA	-0.269334455180087	NA	-0.977964540366343	0.270737410428402
"prt562"	0.681543009637828	NA	-0.413301591557314	2.74424968306325	-1.86470459981627	0.0460366959781391	2.52568936994592	0.385309119971154
"prt563"	2.64714453538776	3.83309798320454	6.49416182023459	3.77350458163176	3.34096605095925	6.08664872116568	2.0370329676301	2.93219828724663
"prt564"	0.760865429987926	2.29549528322948	NA	1.20590189415764	-0.0947003726442819	1.188654057152	1.74071132151589	3.06474116061708
"prt565"	7.02191381497428	3.35807170996878	NA	0.556550727420947	1.20289689078723	NA	5.11623525644206	4.81768341812486
"prt566"	0.0289342189143647	2.96511548314352	1.19600348325121	-1.36605607244702	4.42939739272497	-0.0333871511874283	1.42923192300745	2.08248018884112
"prt567"	-8.07890942184376	NA	-7.74786817304256	-6.74942697125561	NA	-7.72713567981392	NA	NA
"prt568"	5.26548578833663	0.603420365817829	8.32435563809492	9.6118105085963	5.45799633002572	7.90086501412086	5.28706847354524	2.4886526720994
"prt569"	-5.09331663715844	NA	NA	-3.82368377347727	-2.9394191701616	NA	NA	NA
"prt570"	-0.381078042451606	-1.17021890172718	-2.3521344821814	-0.729162490605645	-2.35826637023395	-2.73955573620148	-3.68383483582898	-1.37662314841354
"prt571"	1.3567258197948	2.75930146744055	NA	0.86897759735099	2.00155520938257	NA	1.77411712803424	3.71235462879728
"prt572"	2.03607422666348	4.65787835614329	1.50716707203834	1.42607911748085	2.22247619639024	3.3068745861924	1.55214159721753	6.53257491571698
"prt573"	5.02554581885918	2.09042966201631	1.75292882573721	5.27331878720894	NA	2.75181705245289	4.50101911721582	3.47851376470912
"prt574"	0.793244432829155	4.58503187058789	1.81240594888	2.26825893796542	NA	2.66508900589275	-2.93123323079323	NA
"prt575"	-0.857483101575323	-1.90933158452304	-0.867431994286284	0.665671351084423	-1.96301266946811	NA	NA	-4.31801903768812
"prt576"	-0.185833667021548	NA	-1.44905424153361	-1.53605605096885	-1.6617794638523	0.778901375876882	-0.709163493345906	0.0126331087402885
"prt577"	-0.797227974570871	-0.348979029617048	-0.365542355204319	-2.07920770437961	-1.80073014597934	-1.71714966307433	-0.851895520541307	-0.610108302632342
"prt578"	-3.16489936633176	NA	0.844871897582526	-2.89722316566318	-1.91038707391827	-1.30324218034637	-0.515089111983071	NA
"prt579"	4.33706688599675	1.57939082154896	-0.904808004246401	5.35198535123326	0.235413191236315	4.67787097047741	3.40042621607659	0.550185611328648
"prt580"	-1.49685403342306	-0.822698640038465	-2.15384281586706	-1.92301826158799	NA	NA	-2.05184219815423	-0.810822923183005
"prt581"	4.25349647728163	-1.5968916143753	2.83303080852447	3.00164979613721	1.03969631631096	1.86267219334405	NA	2.4074834776569
"prt582"	1.39802418137479	2.30966254866341	5.51019534852032	0.967061806228252	3.24184868544742	2.10081148540469	4.52490031650268	1.57330483995137
"prt583"	-4.43333865888802	NA	-3.30161698352801	-2.09337219533871	-2.97499819950955	NA	NA	-3.58434969431559
"prt584"	1.52420205455184	4.93366183934978	2.00539828119901	0.79312027207228	0.157048315198984	-1.97080543199425	-1.39026493139363	0.871589410401313
"prt585"	-2.32431427014312	-1.48158987221023	NA	-0.694487476256293	0.412368982110109	-3.66443244759768	NA	3.91276807749092
"prt586"	-7.34500507382571	NA	-3.36158193656727	-5.6544008393979	-6.14466105212153	-5.78898243498299	NA	NA
"prt587"	1.9914743867171	3.30252511279977	1.04203637062906	-0.264838283789944	1.47199340119262	1.2982675845295	6.42545383478607	2.64620868151713
"prt588"	-2.03520302712893	-0.248694953778498	0.512099079787005	-0.0583507017510401	-0.529225363120463	-0.846913604678508	NA	0.17824374997837
"prt589"	0.556385080628092	NA	1.86653598441303	2.67967736598517	2.00370991894301	1.94779331557301	2.38954118770336	0.104465132178736
"prt590"	-0.773440527546089	NA	-1.48166809723587	-2.64967387849095	-2.28848226048471	NA	-1.64047698175773	-2.89645875711407
"prt591"	3.1820725568821	1.31347293706324	3.84669636661223	0.890259452806946	0.900826349477378	-0.446915108785575	NA	-0.868298326670231
"prt592"	-3.84890909372494	-3.89470868067562	NA	NA	NA	NA	-4.58335137115358	-3.91583902621128
"prt593"	-0.876453066976572	0.385688590480912	0.326189214272193	-0.498121459023703	1.56430707591609	1.0759038443845	0.112468374840704	0.556270438442649
"prt594"	-0.460629682503809	-1.45629454721119	-1.40452925174167	NA	-2.81680622349419	NA	-1.70655068768848	-0.621678764880625
"prt595"	-0.0126010162878812	1.04749884325327	0.573936340025713	0.490516266864636	0.578331085691075	-1.1109356801906	1.27249367755038	NA
"prt596"	-0.0670695814155602	1.92184096944102	-0.54855875943968	2.03240367761957	1.76904376543033	1.42013001355297	2.64171650754102	-1.48285819033186
"prt597"	1.08785564154845	1.46338220346811	0.910840297649619	NA	0.757220826003307	0.628798091814543	-0.960962374342047	1.60935474391256
"prt598"	1.03423111934333	-2.24428419219387	1.17564874052767	0.46498779364983	0.101118802894354	0.0978669349578238	-1.2848168540281	1.59060748437114
"prt599"	2.14595928225788	3.54307040416286	4.98885494873377	3.61976110295178	5.5159999504633	2.0285788396432	NA	3.00100476661054
"prt600"	-0.944053637826043	1.6177241943147	2.30456695445008	0.979455758299755	0.0801499712170625	NA	2.71521733567842	3.17764358792442
"prt601"	4.95202039002219	5.15574294195268	5.0368139742065	1.8748502388693	NA	NA	1.20182600436227	0.21724482432977
"prt602"	0.0812140337539508	-3.17493894987807	-3.81248989223592	0.20795918662425	-1.12425952559773	-0.534086312583354	-0.995986570054104	-1.18462478084603
"prt603"	4.68909698907146	NA	NA	2.98442506767547	2.72043444529165	4.39232816275944	5.0676023290523	1.55387677473459
"prt604"	-1.56289241194958	0.0392714790873452	2.06174881637234	4.63864741276943	1.89999197747598	0.497119619182212	1.73989716439386	3.62121162024335
"prt605"	1.8203909081329	2.73830886913248	NA	1.00556344387921	3.67578003215113	0.484829377885698	NA	0.759313504135373
"prt606"	-0.0827209954630431	-0.895517417088963	0.537586851493669	-2.03058989698814	1.50043719440231	0.0455828061768401	NA	1.30971991306654
"prt607"	-0.430972586418741	-1.23533524213063	-5.17917151234645	-0.00803743112666247	-0.45844241670457	-0.786331443071825	2.44151995526183	NA
"prt608"	0.594071219525743	3.51542727905092	1.66104317197057	1.82648748581667	1.93051534650754	3.12881033009803	3.47899203609961	3.01184484230799
"prt609"	3.64535807968238	NA	5.06691638336205	7.43664165790657	3.99351921772262	-0.543529708560964	1.26710302059432	2.41354862305989
"prt610"	2.90696612423462	NA	0.597861033602168	1.07597233856982	2.84878906820802	NA	1.04167797106339	2.02213642532101
"prt611"	2.05416963241539	3.2156659406303	2.19749605412727	4.41219456012305	5.14940637229463	6.89708474964919	0.232012433817373	4.29769414180085
"prt612"	-0.236279846804121	-0.170165580092225	0.364443317605175	2.44092190921035	-1.14052639050288	2.65108891621845	2.1371378019691	NA
"prt613"	-0.596502165926154	-2.03485151991066	-0.554047815119944	-1.03661351738519	-1.42071078608772	0.622136848788522	-1.07846373843111	-2.41689221194753
"prt614"	6.07800738837487	6.53950554411075	NA	3.04928179790638	6.84423793807533	5.46816569099374	7.4336113502664	7.09955602173023
"prt615"	NA	-2.36283540742248	-1.40734966602146	-2.60829211500976	-2.13136419771269	-1.68878415126243	-1.17631742763099	-2.42130839809752
"prt616"	0.220897041257906	0.0983514356189978	-2.57893755304173	0.268601079739377	-2.65067286191587	NA	NA	1.53935698960245
"prt617"	NA	-4.10260991749238	-2.32843671114089	-5.84828310855952	-4.35686748505532	NA	NA	NA
"prt618"	-1.44706257761994	-0.51008469706048	-0.535272867847768	-1.42369304826384	-0.872176797973658	-0.819351265790372	-1.75920418711726	-2.20960252166364
"prt619"	3.76787510429587	-3.5903064621552	-0.738446946296681	-0.867462782254676	NA	6.19925376810698	-2.7417570232817	0.198779177727286
"prt620"	-2.69586494349924	-2.5916707826052	-2.87008730503212	NA	NA	-3.96772915690119	-0.975999309775558	NA
"prt621"	-0.672674818938318	NA	-0.464978497492702	1.33265229213028	-0.770591187601623	2.6480597541936	-0.329155467961837	-0.0102227764245044
"prt622"	-3.09250794046804	0.854003087848399	NA	-0.704082162263346	-2.37454695484399	NA	2.84096362387609	-0.45771685340777
"prt623"	0.0204708231944757	-1.5278917463153	-0.498806400656704	-0.772853448704339	-0.744501999254234	0.656794331173959	1.53182557282551	-0.342288379599705
"prt624"	2.55452931505183	-1.70190195854451	0.997858574646945	2.97752219443115	4.07750867310609	0.398616595371753	0.313827244481488	-0.041867833573762
"prt625"	-2.9587236558716	-4.09634637387633	-7.01391729901994	-3.95637558248197	NA	NA	-0.566580180698151	-1.84497483773034
"prt626"	0.527003792010303	-0.705159001321734	1.40477230962377	-1.22921004640085	1.36463204675243	-0.826646778427408	NA	0.839669380965432
"prt627"	3.51149017293782	2.36376498764365	2.6744486540847	5.18598082261632	1.66308557606918	-1.56317469032618	2.61882469743987	NA
"prt628"	-1.75936033527707	0.0366681096302215	-3.90520770304708	-5.5376009415306	NA	2.36412474634537	-2.05684671003367	NA
"prt629"	0.397533250120979	-0.834251935619044	-2.89073940936161	-0.542362112027589	-0.53149757904392	-0.873549820715716	-1.53148239146752	-2.59529921744001
"prt630"	-2.76248750692468	2.66966516331248	1.17945212983711	-2.48071193891082	NA	1.06176654496773	-2.10999675360488	-0.096728973893216
"prt631"	-1.66465006707004	-0.621252749730543	0.462733025977291	-0.836614252676316	0.42707387528153	-2.73401457462991	-1.62873688102712	0.0515609046113793
"prt632"	-0.351499616834778	NA	1.28700627602476	5.20811856520949	1.43072858359432	-1.78543867587882	-0.00757870748503359	NA
"prt633"	2.35103850691252	3.00633966676938	2.89113971546976	2.81177089270031	3.77681147221427	1.92706034224451	NA	4.98190618374891
"prt634"	2.91762471717913	1.47684906608783	3.79935719206796	1.38713249440832	2.861506193896	NA	1.99667739369453	NA
"prt635"	3.07874143918912	-1.07763279544868	0.632748900262408	7.42841167177867	5.32541511116407	4.18868714067242	-0.488416585328204	2.15961737660114
"prt636"	3.42395738582077	2.61883985352168	2.72505167977362	5.11986567459323	3.73279451484453	4.82687677072103	4.4946051521332	NA
"prt637"	1.87285654423699	2.74700038431883	NA	3.45098298030513	NA	NA	3.24226592123828	3.20029374456654
"prt638"	0.463003505352024	0.663464411915062	0.0510521573390256	-0.695342684779024	0.420382416475053	2.01862677214327	1.75866497794112	0.854228924850527
"prt639"	-4.38158651784426	-3.46795340988046	NA	-3.84838311927085	NA	NA	-5.18816339027309	NA
"prt640"	-5.2541835151236	-1.26021778816148	NA	NA	-3.23832708056743	-1.94538597864982	NA	-2.97436907989581
"prt641"	1.09164127839826	1.19065781173883	NA	2.70364966783352	2.9390206166036	-1.88226907550203	3.05890163856756	0.722341827827687
"prt642"	-4.06600011701405	-7.07213269899524	NA	-6.74219686494546	-4.84661627290916	NA	NA	-8.71378310752903
"prt643"	-4.95313385979169	-3.2920008140642	-2.68476709717171	-4.83435216583847	NA	NA	-2.74901402008973	NA
"prt644"	-1.30618401737711	1.42984682452839	NA	-0.158870287993861	-0.976770804712858	1.4457712624066	1.57646810342982	NA
"prt645"	6.98320078789419	0.482782422085309	NA	2.36155008295262	0.998968679118289	3.04988848905941	5.11629383206238	2.6481832393096
"prt646"	2.05003862592705	4.74829018984446	3.14431147024863	2.32878417118126	0.935274379662499	NA	3.91197729651451	0.991560926576542
"prt647"	3.90654448537181	2.43805873910754	1.3982695113017	3.91793649766918	1.33816569507997	2.24536004289242	1.72102133645869	NA
"prt648"	-3.75629175193329	-5.96077229604153	NA	NA	-2.4996657094562	1.9257465287618	-4.02668280600833	NA
"prt649"	0.428142310691011	2.23403651518118	0.249517449661708	3.26837167855181	1.52775257417934	-0.907265769185849	4.50517213474459	1.10064281416644
"prt650"	-1.33861922884183	NA	NA	-2.71652103493924	-1.6270230420356	NA	-0.992147643247792	NA
"prt651"	-3.59212407937965	-0.411187718991518	-1.80937993753641	-2.74089930488525	-1.42064094385085	-2.97762744293522	NA	NA
"prt652"	2.97435251504332	0.247387894010261	-0.26028150481118	2.68929852294965	4.71997659560854	2.19646269918489	8.5837841858262	NA
"prt653"	3.37070977722537	3.5217679204916	2.23669323495883	2.36648211553793	2.00605309294231	5.0814100973224	2.32221168683234	NA
"prt654"	4.54299236309347	2.30746433563733	0.871472877552229	3.61760395130367	NA	1.58612471698854	1.23196227606133	1.65711974268122
"prt655"	-0.0774493119243207	-3.64127078802935	NA	-1.81804531426014	-4.15296521619893	0.425633694008245	-2.93353907830278	-2.80355549102275
"prt656"	1.69093139022606	-2.79347067552975	1.1268270106482	-0.546808241480166	2.22491899166492	-0.367023663201598	NA	1.19349691315183
"prt657"	-1.78167290834405	-2.63899854032214	-0.355294733038038	NA	-10.464491470004	NA	7.86448283752073	NA
"prt658"	-0.478298262103062	NA	0.16239464175695	-0.313727990119058	-0.853280010817378	-0.507987043605963	-1.62808125813947	0.930497776756815
"prt659"	1.40097786141716	1.15805736789701	0.0472229739201704	1.27005784700516	-0.342076497763107	0.648461459654391	-1.03321788204264	-0.387706436860426
"prt660"	2.3536992220827	-0.0750062684767169	4.69141631966885	3.91413965347927	NA	-1.8907151938847	-0.593764225589377	4.60998864640201
"prt661"	-1.85962914585454	-1.66357465198401	-3.78404599098411	NA	-2.0585037602603	-4.71715367807735	-1.53197135353082	NA
"prt662"	1.06627121000447	0.113479771374966	0.0988343558628541	-1.69095373818612	-2.1134868362502	-1.03341664120745	NA	-4.87770500377647
"prt663"	-2.37974626839885	NA	-2.46238243403821	2.88321697562048	-2.13265098618547	-1.97414435770107	1.18257508177194	-0.19750656774168
"prt664"	0.150453942244181	NA	-1.19464722792218	0.0414014457108357	0.241653711829353	-1.20748706360828	-1.13478501432617	-0.910064607601554
"prt665"	0.188219723342846	0.181653504477368	1.06253002119461	NA	-0.108730065731157	NA	-0.95272898755762	4.15409776716416
"prt666"	0.17710517424878	NA	-0.434051062655154	3.53355727972686	-0.399692496435173	-0.847709576991643	-2.081379314626	-2.2641121441257
"prt667"	-0.366523109449639	0.882055089612331	0.816087539198354	-0.0679396285002698	0.642538624181821	-0.615382020434216	NA	0.31726789806803
"prt668"	4.38290762560465	2.46066075393455	3.63757819559208	3.27243756235472	2.88524587987433	2.09707330830292	NA	NA
"prt669"	8.13378236108873	8.29140426344742	7.34174090538837	7.09384104594196	10.1677554663069	8.69591207922214	3.89580119858935	6.61920299699988
"prt670"	NA	1.79876867990373	1.69519256489949	0.146521212308552	2.74699277900321	NA	-1.50715358345025	1.37252239347457
"prt671"	-1.38950415341436	3.97198100631139	2.4371234280535	-2.82742117525582	-1.92394151050411	-6.54967806769181	5.52395656045469	4.22741846161627
"prt672"	-2.7580026574828	NA	-4.10995316250189	-1.62120746521616	-3.90737002911857	NA	-4.62887036602639	-3.3968335985916
"prt673"	4.36667971143731	0.239168108450537	3.60390899758904	0.363845120119675	2.28433616393059	-1.01162829568323	4.44112977533492	0.811383390429976
"prt674"	-4.86513701821796	-3.30354555746872	NA	NA	NA	-2.84365301489156	-0.938710572408496	NA
"prt675"	NA	-1.78460628515918	-0.490689444907071	-1.13136987623675	NA	-2.03473653312307	-0.757705472755781	NA
"prt676"	4.56146674894539	4.51712311934102	2.51630795314416	2.90823092679111	3.14764414052144	1.46975057638847	3.73759827505344	0.766251414938484
"prt677"	NA	1.81418063912963	-2.23730402859649	NA	1.31198503584323	3.21781343478227	1.51030360771477	2.7826971607029
"prt678"	1.51086651292563	3.66659965511413	0.0204537204031461	2.13731723040514	6.66817775872042	0.648034124231803	6.54484203880526	4.52246777735386
"prt679"	2.29044155311108	1.59785313874257	3.55675592323879	2.45249346094887	0.0788352652849356	1.03716995467314	1.94709103806417	2.76152730987412
"prt680"	0.90607028315294	-0.645089982591479	0.359210935831423	-2.01779962704913	NA	-1.9239995715973	NA	NA
"prt681"	0.102501022821867	NA	NA	-2.16508087004641	-1.66453986567183	NA	-1.31972616628393	-2.5167853299284
"prt682"	-1.19111029302039	-3.95218219443543	-5.70971045763024	-1.30422302298076	-0.673913796603202	-1.15082986135653	-2.57126858089151	-2.73878116213736
"prt683"	0.0243328584510914	-1.79080977021516	1.3030794638484	0.706445731056856	-0.299939069873287	0.573997149254837	NA	1.86040748790693
"prt684"	-4.10422721763171	NA	-2.61432785556042	-1.66397164937109	NA	-3.21950631249991	-2.9642717732167	-0.676354699847082
"prt685"	0.91527061206034	2.24995928347795	0.180975632880871	-0.400545430013049	0.94615464254282	0.0168632451357736	NA	0.335826239543097
"prt686"	-0.0586176856686512	0.115349984206469	NA	0.330585308438676	-1.12265634290511	NA	1.21878940419125	-0.653079399656434
"prt687"	-2.64947920106797	-1.14107907954183	NA	NA	NA	-3.85490953529746	-1.23677980194158	NA
"prt688"	1.24709571831963	1.86166158576996	-1.4141930746884	-0.15369769682896	2.4858177092293	-0.647141273074493	-0.7433301662974	1.13253755733161
"prt689"	-0.54351314353542	NA	NA	NA	-0.845056072388835	-1.60324883002448	-1.91104035313193	1.84889600540648
"prt690"	-1.09668548587783	1.92669815259021	1.11013158833781	0.447006994630102	NA	2.89048004136346	1.00443605505829	0.64973885960304
"prt691"	0.00787221006790409	NA	0.539164076221106	NA	1.03401909023051	NA	2.27548401397464	5.42671125532731
"prt692"	0.656920663492279	-0.294491321075032	-1.6178896098083	-0.92671728115942	1.46636944541533	-0.0585326642987117	1.10352469164018	NA
"prt693"	NA	1.27096527965172	-1.99209430211361	-0.753313439414848	2.52574503718538	-1.65698272162168	2.56637098390016	1.59517092856228
"prt694"	-2.48907685894493	-2.93068383132833	0.759257780960507	-3.50188291233708	-2.76407264980197	-2.2450973691828	NA	-1.11303767025173
"prt695"	-0.764979115258931	NA	-1.42208880148053	-1.45514295908788	0.237902873855175	0.703644638420288	-0.297704689988955	0.526812660498962
"prt696"	0.457506547301909	-4.45603994161159	NA	-0.289854052262494	-2.22623106735109	-1.89799515193209	NA	0.418359705415809
"prt697"	2.94841567198586	-0.554598023689035	3.42069621529898	1.24351688308726	1.82080280019554	3.58979787859358	2.45546709375018	-0.284924809231952
"prt698"	-1.45927283057604	-1.97493252982804	-0.185921832820143	-0.75280711299689	NA	NA	-2.19747057799118	1.06464376688853
"prt699"	NA	1.06714588249812	-1.38086356078557	-2.22964190874175	-0.260588309834057	NA	0.183970074685312	0.297298389830357
"prt700"	-4.83087866702993	NA	-5.88454500332686	NA	-6.04589285520414	-7.3071005954991	NA	NA
"prt701"	0.490388229257456	NA	NA	NA	4.62607497805676	3.11664803449087	1.98192686492126	2.58406673527319
"prt702"	-0.600490692063484	NA	1.33380633836819	1.11075675424693	0.125895931407183	1.7421262790814	NA	3.48885408631675
"prt703"	3.64062411881343	4.57183203952372	8.63254644346	8.69438260053774	5.44603307923563	7.8919235828083	5.94610195354107	1.90492281580882
"prt704"	0.837581450696711	0.229252001124684	1.24528308725519	0.518511302748552	2.47476897104815	-0.124073439808928	2.84385426651647	1.07839966974365
"prt705"	-0.229465560268812	-1.17699315598708	NA	NA	-0.381568916480642	0.26532511202832	1.46568090726263	-2.53860669803259
"prt706"	0.320289222837451	1.4272960186462	0.441481500387482	0.397646465717777	1.87528531728035	0.938498347346294	1.54517580291641	NA
"prt707"	0.20658461347059	3.48910259902858	-0.839551714966245	0.356542972311507	2.35589131438945	-1.28743711103762	-0.917898433505232	3.30325538226908
"prt708"	-0.704133446213029	-2.60522151024177	-0.123663208936744	NA	NA	0.905515845196132	1.10592028107382	3.03942747623748
"prt709"	2.32761001666636	2.14134064564923	-2.11706492686266	0.465926128440281	3.1138379779107	0.275768625773442	2.78208538630294	1.87989334876455
"prt710"	1.72187602720934	1.05795363692384	3.61360769238127	0.641138989820755	3.75046054034465	3.79235005403455	NA	-1.77532101234259
"prt711"	5.15285618826222	4.02121539962267	3.08896815296643	3.05915716646934	3.51879507233721	NA	4.21403541587951	3.4005345231886
"prt712"	-0.691108069075543	-1.50955314270308	0.636234602705037	-1.95593292366177	-1.47833891099973	-1.56577380248634	-1.18391434298826	-2.33107096418529
"prt713"	-2.22896108919436	1.63523570242866	1.68385332089829	0.184851694763139	NA	2.18111363744769	2.03485356621396	2.36509640891171
"prt714"	5.06740080760008	3.92498371592359	3.68550064432871	NA	3.44246498808495	5.07786351443073	3.871780855735	2.87353606306994
"prt715"	-1.74178756103232	NA	-0.828171044726611	-1.05374323798561	NA	-0.987852266631551	-1.23793424623848	NA
"prt716"	NA	0.0749290292012741	0.524543785209333	NA	4.18235754518726	4.46456261794041	3.17013533171413	3.14714789564747
"prt717"	-2.47015617376238	-0.945338226590206	-1.86409115191285	-1.15125668282045	-3.60579664240707	-4.14988379520013	NA	-0.205512167265123
"prt718"	-1.6186173571815	0.0750649360727412	-1.12217893193478	1.01217109368992	-2.45021917076023	1.09611584240015	NA	-0.0278229316514368
"prt719"	-0.131452758600366	0.0590097315090647	0.190122390140989	-0.4590766380731	-1.39979778724917	0.0989081026860973	-0.651553519420163	-4.48274018912154
"prt720"	1.12354369443888	-1.07088788320732	-2.65197727873718	-0.333969061246796	0.539379078986023	2.77582433758086	-1.22707927733361	0.786746579807264
"prt721"	0.758027889939861	3.49571131241171	0.830914332208182	0.595987884661016	2.7404937151996	0.320915744584296	0.204681532650211	3.04218011953833
"prt722"	1.3058516111594	NA	NA	NA	3.46994698696494	2.93835695592754	NA	2.60009983549223
"prt723"	NA	-1.17377501049237	-0.0241693220647519	0.821721161272179	-1.46313561164601	-0.950924995181226	0.422790963439092	0.665764809535384
"prt724"	3.80226431435407	2.85540926531307	4.40240384934945	2.61138750193998	3.61039395063315	2.53329052246926	2.15319466502963	3.99764889411364
"prt725"	-1.79036969644042	-0.65666420710735	NA	1.11929793790981	-3.61254811113164	NA	NA	1.43050631479626
"prt726"	NA	-2.42024313606009	-0.382326506831206	-2.98565918228154	-4.87731270101316	1.47628546500232	-0.712334943340755	2.05926259793798
"prt727"	-2.56084943644834	NA	NA	NA	-2.42491013304305	-2.61369778809641	-4.68417193141762	-2.09785407421328
"prt728"	NA	-0.222632858852596	5.67833620436105	3.22457248523847	-2.13119682629021	-0.994779429376088	NA	14.9731588049895
"prt729"	-2.83642298619991	NA	2.54627929156559	2.05236185163042	-0.128105834159836	-1.21088310829275	2.23102681340029	0.591711421258195
"prt730"	3.40797544858069	2.45353265327356	1.90973223832345	-0.784392889087611	2.68482435362123	2.22318218655174	4.444584407751	3.15168039067132
"prt731"	1.60874264704361	3.27193593297788	NA	1.91134212161634	4.18580465655039	3.45552412864305	1.4259316945148	1.10346279704761
"prt732"	1.30859920443321	2.56730961128691	NA	2.19190172738309	3.97769421583885	NA	2.41801708480722	4.01141202484903
"prt733"	-0.0517395523405811	-0.545200047873862	-0.741624252519284	2.11009797104052	1.17387073771323	-0.874230967067943	-1.04433884769684	1.70717721160266
"prt734"	2.15320073356394	1.34475335849592	2.41405141989297	-0.48374358101489	0.771466907563894	NA	1.67365257553802	-0.273960028373813
"prt735"	0.451127221195559	0.368341045850881	0.619131688898811	1.02109524773076	0.649904277899476	-1.19246685737719	1.20412652550782	NA
"prt736"	-4.60592946913805	-2.86781320855161	-4.47678995366322	-4.43960530301085	-1.5395072727409	-2.07358533143279	-2.45651469725068	-2.07814160555114
"prt737"	-2.34613913766704	-1.11366117629168	NA	7.27459848031788	-10.2756160948937	5.11884185417623	-1.53394325992327	-5.72364802738919
"prt738"	-1.70496424107523	-0.998647413510207	0.352387397407471	-1.38754954182912	0.793487362848391	-3.04082028671848	-1.65095930811514	-2.89005287109059
"prt739"	1.70751634229629	-0.019959738241963	-0.101476919327454	1.03989505129412	NA	-2.38681008401571	0.785654596968954	-2.63221979264871
"prt740"	-1.08352978045306	-0.483284911815776	NA	NA	-1.38945789933327	1.13783324225734	-1.29779133807387	0.916722436886647
"prt741"	-1.85057742970762	-0.59467900332899	-0.558845265272585	0.218072524467957	NA	-1.69172545107364	1.24795416935204	0.694023699242891
"prt742"	-0.793031923590126	0.781197454584478	NA	-0.0381149393837383	NA	-0.76833375177797	1.35958521668892	1.83746202204279
"prt743"	-2.42019779571746	NA	NA	-1.67530936987718	-2.20347773253038	NA	-2.2117491642559	-0.557487423786029
"prt744"	0.831396104161496	0.39071446943981	0.784743002018943	1.75019330796673	-0.0735996637469932	NA	NA	1.35231470935049
"prt745"	-2.61401250253182	0.61643452975305	1.64307876392061	-1.29569840730852	-0.83793483193497	0.919036791493956	-0.756839764457336	NA
"prt746"	-3.42841246962958	-3.53937114084442	NA	-2.12146021204573	-5.87331293716808	NA	NA	NA
"prt747"	0.167166161298784	1.15759243186118	5.52150895663168	NA	0.582944686517704	5.69968210300901	4.79376189560324	NA
"prt748"	2.98125403844143	1.6182298017084	3.74135727291831	2.45309674647791	1.08898029861923	2.2349653311628	2.09559364321401	2.85189480557828
"prt749"	-5.89409334008452	NA	-6.2405300839994	NA	NA	-2.11593611257109	-2.81023464124908	-1.5699168112173
"prt750"	NA	2.95957731352744	3.50389554892487	2.67787218886856	2.54322792642043	2.3189450834931	4.30615186660248	5.31725678248734
"prt751"	0.0809303982280696	2.16132077003068	-1.54148260030536	2.07958407212866	-0.157367047520716	-1.48710068987574	1.51991573783416	-2.74287610246067
"prt752"	-0.0973156267406725	1.72121643814335	NA	4.16895615291876	3.77180386820193	-0.1108017589807	3.48998541235468	0.879538434112084
"prt753"	2.06468587722918	1.23357484950934	1.38771047576362	2.13547451122078	1.90992151302159	0.637199836396957	2.14650922756336	1.70361478435186
"prt754"	3.46798863278312	6.00901854948138	NA	-0.0972968336178784	2.06680240606471	5.51213776349099	2.18524128138509	2.74245425182731
"prt755"	1.21450035363278	-1.02637659474197	1.86051145377825	0.155359503930598	0.796106934027767	-0.49999086712837	1.92504727515544	1.02770628207464
"prt756"	0.428653779455649	0.327210002910052	NA	-0.375608261522473	1.44294111136158	2.10329749884436	NA	0.823827532558971
"prt757"	0.802875680391667	1.54832445157074	3.00834212668302	NA	2.42805009153598	1.99754478389345	2.8224964403063	2.02380576668953
"prt758"	0.243935276482645	5.2297960436869	-2.13898988042436	NA	-0.391457710310516	-4.86438118043869	NA	2.14900136204265
"prt759"	4.30284491646018	-0.582787132904784	3.35050171165982	1.04699523172182	1.5643997657752	2.23086147954752	2.10005230640204	1.13443528181121
"prt760"	NA	-0.124996853123749	-2.0066609821116	2.01383564700541	0.905112762960302	-1.68113621743277	1.04818463068002	1.51356155596764
"prt761"	0.450371338301698	-0.525930838460767	0.271081395304588	-1.61151156316036	-1.87249975227245	-0.537829692421468	-0.290657292145187	-0.25353798360161
"prt762"	2.02372730166717	0.386949520756461	0.490247930745714	1.71265490538906	3.0320029868989	1.14907144682228	NA	2.19866371785386
"prt763"	3.86350906591352	3.40243771654241	2.62487026259153	1.00087215287702	0.877182663969843	2.45700307384317	1.42174258398016	-0.864734839100425
"prt764"	1.57313156168158	-0.340371953828157	1.6782579586256	NA	2.45115659544108	2.78851151641039	0.600378789155326	0.356111455191455
"prt765"	-3.55214067630918	-2.95752444520492	-4.58229991237445	-2.21976047397278	NA	0.16150104116641	NA	-1.39545937313452
"prt766"	NA	0.668503040746199	1.54664779449339	1.62728752349354	-0.888249907814227	-0.499306247894169	-0.68397115893386	0.803286130254004
"prt767"	2.66541683628771	NA	NA	4.93512116249095	-2.04132131344781	-0.116741427831359	NA	0.690571158339949
"prt768"	1.57773313539487	NA	-0.151114475648139	NA	1.39379220636901	2.24184003586028	2.40909462392667	-0.268492503652501
"prt769"	-0.232896716481715	1.44674570724923	NA	-1.19649707584337	-2.35720227641796	-1.67720551337077	-0.870490654876442	1.7672410222033
"prt770"	2.57670230351447	1.99960112039905	NA	1.37538315836279	3.795008722005	5.36773087479878	3.77393114356116	5.14119947701144
"prt771"	-1.41362399307061	2.7585055868658	NA	-1.07469658341749	0.345709154585328	-1.33978199011509	3.26526927556325	5.50995457728569
"prt772"	-3.61968864201771	NA	-1.57714915849436	-1.58709665051276	NA	-2.35721590089844	NA	-2.41870480382186
"prt773"	-0.396149643161981	2.30196691984733	1.02938595237804	-1.26052474283663	-3.59476008119039	-2.22402533409912	0.0818331665921232	0.154182036000472
"prt774"	-0.747280722901241	0.0561166098998446	-0.502851906215182	-2.15204196091931	-0.8814892940869	-2.09986058488126	-2.37472927365338	-0.504648729869177
"prt775"	-1.84112266157437	-0.912624910116395	-2.02693042734846	-0.407146017873908	1.36285576929052	-1.17829435642736	-2.08850782064757	-0.84068619191776
"prt776"	-10.6790725268969	-6.70606374260928	NA	-0.595677492015719	1.52276185614961	NA	NA	0.406435269149444
"prt777"	-1.5970045396709	-2.00263168702985	0.404925454443014	-2.41189687035128	-2.77752716693595	-1.90681695679956	NA	-1.11333485734154
"prt778"	NA	2.46003841478726	4.85866998577399	2.30847673138884	3.97254500757666	2.44404166736835	0.743176430181521	NA
"prt779"	NA	0.258264370835043	-0.406225137344478	5.24546105042224	1.68787463985018	0.0772092446583998	2.71025152131768	0.403474291064166
"prt780"	3.67034913000633	0.307460462223086	-0.280332865300419	-1.19262755669841	-1.73636551802633	2.21836292657509	NA	3.99354804053708
"prt781"	-1.38912890110027	-1.91519229907092	-2.42867235009334	-2.82972067374926	-2.03170769446442	-2.18385647519414	NA	-1.28237565942762
"prt782"	4.05474526003034	1.92853371840253	6.34712960453146	0.0748583247902909	NA	5.15092106507401	10.1665064413221	4.67422577507359
"prt783"	NA	-2.68280541620851	-2.81057849200542	-5.91601315421525	-1.20660265630802	NA	-7.7456432954914	-3.78549054821127
"prt784"	1.19710273699102	-0.0793889495181711	-0.806952167783997	-1.70713225155629	0.378331276516867	-0.935745738672171	-1.34031331437227	-0.92785386255063
"prt785"	1.05943797068342	0.484805365816579	-0.63380945068835	-1.33703663500408	3.5140348692118	-0.510272307036568	3.87902078968347	-2.29443606214164
"prt786"	1.373684076089	NA	-1.85249815618381	0.896547020076559	1.33688789766622	-4.74004431277979	-0.354309350283832	-0.90716192761961
"prt787"	0.92747086914526	0.95699209641532	0.335063694833978	-0.912490853609119	0.601535206449597	-0.983276955048812	-0.00469325093363676	0.267268249085651
"prt788"	-4.31951899203182	NA	-4.28752978683805	-2.62511065887129	-2.96264467418335	NA	-2.15935956081711	-5.13813316972861
"prt789"	-2.28265949300194	NA	-1.88778997666292	-1.75588363123491	-0.965721332803213	-1.53660565961088	-6.11905022543829	-5.44897595003902
"prt790"	NA	1.87920448141532	2.67632444029832	2.98096590781252	0.462340228226434	2.34055873110106	3.11984809503727	3.27332457889321
"prt791"	0.0419977992688614	-0.104102658460407	2.063252070609	0.40287632757241	2.01565904371176	NA	NA	1.69068494012854
"prt792"	1.5086070135966	1.16687477542044	-0.140376345599542	0.298497823036883	0.007486876896168	2.87821150182981	-1.9077420273424	2.23000661729976
"prt793"	1.17648765126558	3.16445418882269	3.05166290521627	1.75043273408607	NA	0.185045705120527	3.23541049247992	3.38062492704701
"prt794"	1.9743304600608	2.12766345717645	4.55253275303332	3.56007798444688	0.984370328440546	5.26178385581362	4.7360514186582	2.11512978298159
"prt795"	NA	-1.24631384995771	-1.93623366303471	-2.50249864708339	-0.345182847979439	NA	NA	-0.00404327584610426
"prt796"	-0.88538779036927	-2.50871006578318	-3.58367269740524	-0.778838491091382	-0.117654688563683	-0.149597799016184	NA	-2.47473436581585
"prt797"	-6.59420470455552	NA	-3.28570160890898	-2.14870649364019	-7.08786240686478	-2.12014579883471	-1.37204143606414	-1.17690392250621
"prt798"	-1.61292816376337	-0.459450516776145	0.732193731870478	NA	1.66862376809736	2.08941032012128	-0.223449263654237	NA
"prt799"	-0.224474908714755	1.62143856377636	0.341790072989912	1.05485607914727	1.424111920778	-1.02816488313252	0.307228514110712	2.34831906061279
"prt800"	0.731110897144666	-1.27662656758134	2.7019306631556	-4.66139335541092	-8.88232574756599	NA	5.56270610244978	-4.10744201030695
"prt801"	4.4455468480222	3.84228102404009	4.41702602231342	2.77987389209857	3.44506908938781	3.32196254902856	2.66609043093096	1.81319745289767
"prt802"	-0.637347411959263	-0.63948675834757	-1.12353013508545	-0.207175068766998	0.61242672085691	0.982956925038239	1.29807681122415	1.74056427570992
"prt803"	NA	-2.5761408864043	0.569587511334666	NA	-2.54143207419607	-4.91573297182343	-1.21694956380864	-3.82721505565765
"prt804"	-3.13934666002332	NA	-0.970532982989666	NA	0.115048713849847	-1.10572441739799	-1.17947654239327	-1.16423248882773
"prt805"	2.06210359981787	0.729779377704228	3.49660926808844	-0.02637148606968	-0.043438208130426	1.25521789937908	0.744296934111518	1.8196244327352
"prt806"	NA	-3.18100274268598	2.82522775711219	2.28621930255631	0.240341977519377	-1.30598455114381	0.536769665621131	-1.00159672693192
"prt807"	0.845940240248691	2.22567743205061	5.12114771645183	1.69173724086092	4.67027824095646	1.74255544112204	1.22050870873226	-2.90958594485913
"prt808"	-4.34795135104357	8.23921779883329	0.689528527132854	-2.58952082373717	-1.66967430445148	2.87169722830479	1.08762702447117	2.53165038816184
"prt809"	-2.46233967639688	1.34080141122778	-1.24487817284584	-1.21845451402672	0.093920349778965	-0.931502120196146	-0.836515506403248	0.160757727491711
"prt810"	3.68471542345346	0.767764340217434	NA	0.974092933995337	1.53853400001852	0.35794028435026	-0.465263130627187	1.74673221652907
"prt811"	-0.962026531846086	NA	-2.41363672425239	-5.44071785454852	-0.677253773017276	-0.794636661371059	-5.31285345035492	NA
"prt812"	-1.40958634477323	-2.14425535810925	-2.45804071051475	3.74426892873815	-2.99726016998591	1.63754640237725	3.07630770502023	0.0641269773851528
"prt813"	-0.286677799784407	-0.195981272670151	-0.573468633487879	NA	1.20917657758285	2.81917668535973	0.125501901199539	1.22661894299785
"prt814"	NA	-3.13071491773993	1.37249783909399	NA	NA	-1.97316323009937	-2.96710031354578	NA
"prt815"	-4.22405627832869	-2.47688131042875	0.449306880326724	-1.5964845767955	NA	NA	NA	2.45109770542095
"prt816"	2.03352508452159	-0.441810938614045	2.28283071832643	0.511189526712788	4.0294270228962	2.19703667672134	2.44721979424792	4.78422417273176
"prt817"	-0.516159114843684	-2.98236791095066	-2.00116055412029	-1.21573704620218	0.176421268302279	1.18402001307852	-0.833310495511892	-1.48438668090121
"prt818"	-2.58178106917636	0.666594152371241	0.67611463349595	NA	4.44574124002581	-1.27169262531235	-0.38629365411419	0.703966883228375
"prt819"	7.09351029040538	5.21586755891617	NA	9.47126374930161	10.4308961712806	7.80681630633124	NA	10.0445877566795
"prt820"	0.273288802252917	NA	0.164134331053709	1.2539909927172	0.968990572524702	-2.40346765665939	-1.51828496800424	0.14219051502382
"prt821"	0.472554047401326	-0.926553710340408	NA	NA	-1.16694618986531	-0.225725785437485	1.14297076913	NA
"prt822"	-2.64820463798312	-1.14565214430291	-0.871606487999978	-0.581642444066835	0.682445860276935	0.286011722080139	-1.58925389744627	-1.80219186381647
"prt823"	-0.710374315887798	NA	NA	NA	-2.41999055338157	NA	-1.7171891075035	-3.25487470969778
"prt824"	0.0879665762677054	0.390365454405713	-0.877082554525948	-0.628045416171698	1.73365075079458	-1.76500484382617	-0.3311423167937	-1.79817976564519
"prt825"	1.81463528075102	NA	12.0836013177091	3.31102655277634	-3.05236947865549	11.1284963071085	2.52599438566699	NA
"prt826"	0.107947850950967	3.0292279232039	2.04054163906926	1.47859127893495	6.31785442963005	2.88764667633275	-0.767101926659651	0.684994828739624
"prt827"	NA	-1.64543085137976	2.7214142537577	-0.276278904471481	NA	0.687187473335441	2.54736702861867	NA
"prt828"	-1.79090725817355	1.50447230065988	-0.0915084421380721	-2.67341321384486	-2.28335009990671	3.47972772671388	-0.890959866639085	-3.88951777561902
"prt829"	2.22695273501262	1.2583433133905	1.61957262093761	4.97038636010469	2.51083849159016	0.960376991379617	1.29019454697841	2.52492280761928
"prt830"	0.488778816137438	3.30568296064043	-0.0149463689222195	1.1929646555706	1.50091280084956	1.63032119383298	1.34634030248043	0.449955408687385
"prt831"	-0.0028318552453786	2.47673256871473	1.66663240009464	0.261768782863356	2.70644995386539	2.57024051799103	0.89122201337647	1.47453034676898
"prt832"	1.80296494334572	1.69834481404103	0.792967335114093	NA	2.88601242304265	1.83446574318473	4.27463207543355	1.64774538052646
"prt833"	0.166905080750916	-1.81704293151226	-2.79715118045671	NA	2.38394443288168	1.4406774941162	-1.22494941195151	NA
"prt834"	NA	-1.24543664881382	-0.13285467534485	-1.44974442504886	-0.000417595029623075	0.0457428786592681	1.6713862363969	0.99389800618694
"prt835"	4.54638476399456	NA	NA	1.09687518727865	NA	1.3288443315353	5.38918938706173	2.48921182520449
"prt836"	-2.8597957127868	NA	NA	NA	NA	-1.02971209184582	-1.95889410550274	-4.90829430930237
"prt837"	3.98820236246275	2.85242702831561	2.68530187689852	NA	6.39955131971368	NA	1.33335994383186	2.86606418084702
"prt838"	2.90744866707686	3.1041799972984	3.63628120898796	4.60345548958195	1.63597998780502	4.17164454002949	4.04589873414261	3.87168966158902
"prt839"	1.24099707904787	2.76993839628463	2.54422852028646	4.75657615108174	6.83642347013297	4.30855552454605	3.93910663285443	NA
"prt840"	-2.12291028138141	-1.85746526539845	-1.68118382056297	-0.54606695170006	-2.4627155955837	-1.99868693462615	-1.83338925643895	-2.3237889196785
"prt841"	-0.916325316985715	0.885163605040254	NA	0.208774550662683	-0.0543269070585627	-1.1917122714086	-1.34623318342319	2.52723119391454
"prt842"	NA	-5.87996662276938	-5.14212789732384	NA	3.6531573540616	6.80793794905751	-1.13871636740297	-1.04953741215501
"prt843"	NA	3.20286600722094	-1.94244594168804	1.58449813177042	-1.58822478812752	-2.41802917589283	-0.529414176701347	0.64697542556302
"prt844"	-6.31775282396417	-2.79765681522549	-2.59657644245219	-2.06734994985005	-3.77800666618511	-4.94117881594675	NA	-4.13049888856571
"prt845"	0.380905387860762	NA	1.72691108852737	1.28456488745641	NA	-0.0655523387337569	0.713018338839169	1.01724097408909
"prt846"	-2.94856903035756	-1.26236031115434	NA	NA	0.286900771200062	NA	-2.88657097100636	2.39962737795296
"prt847"	NA	1.40603883908217	-2.06584104658622	0.0745014541504005	NA	0.606431948703293	NA	0.854577686051593
"prt848"	1.14164578618047	1.70461555504048	1.24468468225198	1.72938874788125	1.00297667569584	0.600805860206643	1.69780388024982	1.57939001881814
"prt849"	-2.45575439342705	NA	NA	-0.831031693917019	0.135701199692246	-1.18466684999728	-0.0973916964095745	-2.19149070968622
"prt850"	4.66190922182365	0.866205215062385	3.08004800648696	-0.382451008653126	NA	4.3043482627404	2.2635606922445	2.53683083617361
"prt851"	-1.99760807892619	-2.09230567795273	-1.89381668679545	-0.0474440844065663	-1.04337508297133	-0.226663274751841	-0.266780370484475	-0.42201468665118
"prt852"	-0.468066001671254	NA	1.96530971892191	0.056433833618914	-3.68587919336216	2.39524410062644	NA	1.29297536066806
"prt853"	0.773919266435982	1.84904601715977	1.25471426750554	0.470194797109466	0.820376704534451	2.17333681311927	0.429286474642687	-0.753851743778056
"prt854"	-1.14116099003392	NA	0.025205231827003	1.7675063104288	-1.87647487134751	-0.80767674479237	-0.912475257743888	NA
"prt855"	1.0155158517313	2.10478544777679	1.6774283750072	1.90432933475449	0.894737933723105	1.1686526258201	NA	0.947286263357394
"prt856"	2.10349925686902	-3.80926154577325	-0.682126254024838	-0.785158337675501	-1.02215344683951	1.10410154744919	0.771409256569226	-4.79834638669198
"prt857"	4.89384997663657	0.417604988743103	-0.0615236380389559	-0.28267999317581	6.68789096098971	NA	-3.76753752908307	4.23698235551095
"prt858"	0.0717297207543713	3.04454681029612	4.7318990735671	4.14859684421657	2.35329267766444	3.91052515504665	3.97213686848099	2.4147474438532
"prt859"	0.605851728513191	-1.04892762727517	-0.629683710618858	-1.06681159436968	-2.17683046576254	-0.316985243161008	1.17259898920439	-0.324424754392645
"prt860"	-1.66723982527081	1.86145453727424	-1.48566550503947	-0.980813337665625	2.9772298817895	-0.154360758946944	3.68732813596156	4.4115763517007
"prt861"	-1.16815287770582	4.51071791758281	NA	-2.6276632712622	4.40406195951086	3.18479675807598	-0.251032389214124	5.51466158538287
"prt862"	-2.84113140119073	0.633699511321437	NA	-0.610655976824359	-8.13550877376679	NA	-6.875855869693	NA
"prt863"	2.58333949418357	NA	2.46525658311125	NA	2.52769065701658	2.3425232942181	2.32150397201374	1.57538647777242
"prt864"	-1.21016366553044	-1.99120257126096	-3.45068237971577	-0.817828199848334	NA	-1.25275999055798	-0.492257406004326	0.319380457951597
"prt865"	NA	0.13252407237136	1.09084179265128	1.83105976575923	2.08570485841219	0.103591764966113	2.16402676979175	1.54625928979832
"prt866"	4.23975395343466	-0.58300680901672	-1.32916986370127	3.55427396530243	-0.0689868377838343	3.54420642526998	2.99382705579323	-1.9663293750812
"prt867"	-2.60736742412128	NA	-1.98312739542675	NA	-2.33474079748636	-1.49211721315319	-1.44928329171291	-1.55983008762887
"prt868"	-0.510124307265618	4.12041885088778	2.46790626151418	4.95572371180935	0.696617238885121	2.34151874616196	-1.2972244590127	9.15863496150966
"prt869"	1.34938281075556	0.655251895730533	NA	NA	NA	-1.64577034631302	NA	-2.31127389467733
"prt870"	-0.436359367908993	-0.0612618113748166	NA	-1.87241975189381	1.11691490807709	NA	-0.914110966391033	-0.4249932472679
"prt871"	0.457499040749144	-3.6025769498407	NA	-1.46825176887864	-0.734019495157105	NA	-0.973129801818513	-1.94864043561033
"prt872"	NA	-0.517789088690627	-0.374215363684773	-1.34405686691317	-1.48509630922339	-1.83658558954189	-4.94234654769337	-1.17075558576199
"prt873"	NA	-0.244217609945276	-0.307331201284423	-2.73330240842565	3.35309462368261	0.124166116163606	NA	1.33610686129849
"prt874"	-0.644007501312777	-2.98040399389851	-2.7621957409428	-1.09739664680047	-1.39109326352039	-2.04118712931834	NA	-0.00240019418452528
"prt875"	-1.70190569681712	0.00177333829270776	0.865585009731234	-0.593330715715784	-1.24415101055202	-1.83653829917774	-2.32706624005015	NA
"prt876"	4.71880090426305	0.628064874647885	4.97877305949389	-2.40594295701341	NA	7.30012783181642	2.77676268918291	2.60206472647114
"prt877"	NA	-1.84324179744464	0.454923299414471	-0.390329604361509	-1.68082335516013	1.17068609203247	-0.118022948060194	-2.43235655191703
"prt878"	-0.12093098476643	2.65987414875433	1.29150144932264	1.09914771458284	2.43869128558785	0.366807655179123	1.28948579660102	5.60575119753667
"prt879"	-3.92498905863686	-2.93428134999937	NA	-2.62780770960597	-8.90657401162678	NA	-0.277997824597136	-4.77218238096129
"prt880"	1.28099782207388	1.6940676607708	NA	NA	3.66635271517745	2.10998000862144	1.88736224188908	NA
"prt881"	-1.20861509427106	NA	-1.00199622889718	NA	-0.56553561335459	-1.46590466977964	-1.6086003170489	2.49898693110979
"prt882"	5.42565283073879	4.20535336753379	0.896649326632841	0.488720828037074	6.19940911478017	1.77942179020446	8.31871846472179	6.3531377017388
"prt883"	NA	-4.58291138262946	-1.91486890223372	-2.55771391772371	-0.603526124653853	-2.44825451789708	-3.53619869029016	NA
"prt884"	-0.413124005983698	1.90930187827186	-0.588688887178419	1.14244104489008	2.42953397482045	0.419696421315397	-0.380532051994005	1.84580780094003
"prt885"	0.208683285579805	2.01634003633978	2.1218510192156	NA	-0.107318749349864	NA	0.44987124578118	0.802909022557843
"prt886"	0.943072252562502	0.614551964112872	1.99978259646627	0.23708085416981	0.61872841227956	2.20040310333754	-0.0637719724050432	2.29894600219304
"prt887"	1.08622891653628	2.42932017552366	NA	-0.156867971590152	0.866855436790691	NA	2.9616257623649	1.05573549375186
"prt888"	2.11950706793328	3.75317228985664	2.96294528612253	2.88161314898718	3.9276682675443	NA	NA	5.92492702023964
"prt889"	NA	2.23590208839759	2.60914079567222	1.83018952866423	2.65993261843121	2.03938862370855	0.498235700780345	3.30920094583437
"prt890"	2.92120597958267	3.5811433350895	1.89398669928316	1.85507851875175	2.74689910872184	4.31036825335789	2.66900015235626	4.78462881713913
"prt891"	0.559542176135817	4.11774814555968	3.8671151840583	4.26939409030362	4.51246950109162	6.22230791835764	3.56339145308246	2.81547593007312
"prt892"	-4.60720381812892	-1.9227334613213	NA	-2.15782448674699	-3.6142808592188	-2.04153901306488	-4.16182325886686	-4.12833468133198
"prt893"	0.356391844106924	NA	-0.600894827454981	0.802909911262833	-0.675030587929906	1.45764863650008	NA	1.06980860072693
"prt894"	-11.414838900376	2.00140109363215	NA	8.88566657733362	NA	2.3007582271313	-0.231998430076991	-2.88022737461869
"prt895"	0.844652528172425	1.3341199441827	0.836324595536912	NA	-0.497795978633481	-3.72070059167827	NA	-2.01314736349697
"prt896"	0.964604585870615	0.0552075110305053	NA	-0.195625683754312	-0.941801291009458	NA	0.863933059395276	-0.705087520421269
"prt897"	-1.99126642505291	NA	NA	-1.99630870078673	NA	1.2259974078603	-0.507579402602227	NA
"prt898"	NA	-0.911578985769095	0.89103347349469	-0.607745359737721	1.90876294849136	2.23324438063661	1.59898024081332	2.04041561674687
"prt899"	-0.820344509078307	-0.300597985684644	1.51626146775757	1.68553885091968	NA	4.88333004589783	-1.89644609358661	6.13573355565597
"prt900"	-1.88496550079925	NA	-3.74676714175453	1.60689842147069	-1.65604882855696	NA	NA	NA
"prt901"	-4.87101656658073	-1.79462521005568	NA	NA	-1.29034345487499	-4.69008094676434	-0.225432309217567	-3.72573250471589
"prt902"	-0.20789681049388	NA	0.335853284671479	1.74088968740188	-2.10303751143038	1.35881251545969	-0.533420520040993	0.0381809294678876
"prt903"	1.96909287558415	4.24636039245216	5.1923086358778	1.97711024495391	4.34060918614423	3.56578476604006	4.206410400404	5.61817704792663
"prt904"	-2.55285147328822	-2.234100196577	-0.871957775327257	0.819166287886704	1.79297137389947	-3.64886604199126	0.990504105789794	-2.22703842998731
"prt905"	-2.94569582252679	NA	NA	-3.71645226112935	NA	-1.63938263089216	NA	NA
"prt906"	1.47291750258321	-1.48437131770386	4.12031325468398	3.55524388637084	NA	2.10119024760632	3.75705267679073	NA
"prt907"	3.2162213800224	0.523257878200737	1.80675080986397	-3.36031945675819	6.11519332704604	1.10012270264926	2.06777494233929	4.29915934435418
"prt908"	-6.34210039055935	-4.25136484049247	-3.12083785935608	NA	10.2326860646559	-3.93752575637792	NA	NA
"prt909"	-1.22603527868599	-1.39964977148161	-2.27430392275636	-2.76231829900512	-0.829095588096366	NA	NA	NA
"prt910"	-3.85284378387943	NA	-0.747478976033419	-0.622880476520454	1.02038379002298	-0.461845896442075	NA	-0.756667971413525
"prt911"	NA	-1.89088085030853	-0.415159621963436	-3.40168023676954	-1.79164415972273	-0.352569100373688	-1.84796704294196	-1.52720977372892
"prt912"	1.61910984408369	NA	0.156545506324537	1.85592187480129	1.4567186745954	2.81139274769415	1.03802430278052	0.0342801026457478
"prt913"	1.3661852215594	NA	-1.56899406153932	-1.65230513812967	-3.11591677738656	0.399257526034712	1.67080301028522	-0.614914899243362
"prt914"	-3.13673142000222	-0.0431204077352082	NA	-1.83873422857425	-0.368133176976689	0.33623120027649	-0.953236129728723	0.778250366534394
"prt915"	0.290046960746554	-2.20228240812535	2.63127788624017	-3.39464537237356	-0.00896932618564268	NA	NA	-0.0821467802691899
"prt916"	-0.570889583856296	-0.870965634180069	NA	-2.02703182692893	2.59789957631187	-0.288035899974385	-1.50049470374825	0.93136448803929
"prt917"	-2.0666533390745	-0.407840855575669	NA	1.92153035276447	1.31289345533082	-2.15961202056828	-0.0759919580802934	-0.807043808564885
"prt918"	3.55086967558546	-1.88275920697895	-1.29667101382801	-1.32430597331999	1.04257231173183	3.31069537703185	3.56077015308675	2.20934056719917
"prt919"	2.08509913477674	2.22936068282505	3.23017435646325	3.57052057156942	3.8404926192783	1.05944462146727	3.60926554448171	2.77724262991229
"prt920"	1.62617688992576	1.54427718467612	1.42036961770929	0.858579285973188	2.22338092976333	1.1965417923638	1.4811073461414	NA
"prt921"	4.59334297569744	3.14173582716985	3.94569534919891	3.14193994364253	NA	NA	2.81002631542513	3.90270508045978
"prt922"	0.971340702343084	1.20135875818307	1.04043424892018	0.614076204445083	NA	0.601637584468207	NA	NA
"prt923"	-2.16754120549708	NA	NA	NA	-4.83632122257365	NA	-1.16445836597818	-2.35941602680084
"prt924"	1.08858327088225	4.98297828508207	2.1750307334896	0.642496690496231	1.12211923929363	2.11480971464463	1.608323848456	0.724231439285771
"prt925"	0.30751580242761	-0.15513106517575	-1.00852735504864	NA	-1.16212503967579	-0.602270442210173	-1.9092896793334	-0.821881453340594
"prt926"	5.51668752257139	-1.27142312633	NA	-0.247920507232468	0.821729750158671	0.347825700395417	-0.74030890540653	-0.99880578630788
"prt927"	-0.69326431151657	-0.828586515680026	-0.436495165873429	0.748818063400494	-1.7199261923457	1.33177399174293	0.971058723029822	2.37837691261472
"prt928"	-0.287472039075151	3.14879204634576	2.4599974225236	NA	0.0606735559865941	-1.7185282239916	NA	0.0860003553343338
"prt929"	1.60384053157599	0.193517941374627	1.09207262802812	3.33374630133938	1.3084215669279	1.72556211636825	1.85640649565429	-0.6404574686992
"prt930"	-5.01971218817724	-4.50010022850054	NA	-4.22739999461618	-5.94849603591128	NA	NA	NA
"prt931"	0.317935164605326	1.66866798316714	0.996835328782439	NA	1.80994701817547	3.50193774333888	5.55360440289481	3.39116941304411
"prt932"	2.44245265709447	3.68135914498673	2.76669003672043	5.28258701972376	NA	5.64637383292687	3.91217966161593	1.93452232303228
"prt933"	-0.473806396838839	0.747154125800887	3.89765881772383	1.90120781609586	NA	-0.979678442678634	2.33705016526028	0.443872337930017
"prt934"	8.89424643153637	7.44465166580804	2.15199264202886	2.49215135024666	0.108993180818024	7.27511585620868	3.60660414686936	4.68885280938912
"prt935"	-1.36784082107943	NA	1.63342072058396	-0.876285134663119	-0.689863166828093	-1.38159406133656	3.71182593813309	3.13512594535672
"prt936"	3.68151017569777	0.797802457201714	3.88065834083397	3.8672661777371	1.32736440931974	2.80390239853514	4.74904227556451	0.775667041825393
"prt937"	0.955706953452582	1.9928863276338	0.255884206872189	2.01985562448732	-0.143724045098164	-1.36609564538935	-0.398473399257406	1.62292263858933
"prt938"	0.14483149856747	0.468911304722016	0.325291029823335	1.70716261517326	0.61854513455449	1.92978000312286	2.09446939383349	-0.0639136980829426
"prt939"	-1.78318765706935	NA	-3.49919278784075	-3.14599423438013	0.640044308735847	-1.90089929862754	-2.12111754699202	-2.37819131320558
"prt940"	-2.35817055979177	-1.9263961472799	-1.6739395641207	NA	-2.35584476954722	-0.702941660432775	-1.85359868647041	-2.40217894444631
"prt941"	-0.939858449010921	-0.402119832855018	-1.01343435332718	0.451422851733809	-0.721763530941239	NA	-0.776093651456684	-0.436194973856846
"prt942"	-5.07944550867127	NA	NA	NA	-3.81716887524031	-0.348444634716776	NA	-1.65164610464518
"prt943"	-4.8458775700673	-4.62677250632504	NA	-3.56680320688137	-3.31543099968213	NA	NA	-3.73586935407137
"prt944"	1.36001507326679	NA	0.13546309572167	0.092685713350111	-1.05649683135618	-0.0065138715016472	0.594872731711909	NA
"prt945"	-0.200360863350234	NA	-1.47814124832144	NA	-0.298497509789727	-0.686030951763818	-1.66817484154047	-0.485851407767357
"prt946"	0.179867193320051	-0.144721819653758	2.47230638695141	NA	3.07225534721838	0.61078663169298	2.40915032828071	0.337884044636511
"prt947"	1.18574690361971	NA	0.28085093669191	0.566157961394561	NA	NA	0.295863927003999	-0.187158394999887
"prt948"	-1.18657689955203	-0.801068454648845	-2.24619279727778	-0.924786723892857	-0.727279579019316	0.2832898721645	-2.69738708699982	-0.667341043322519
"prt949"	NA	-1.42945681778822	-0.423092344223986	-2.20965911344647	-1.43975518304898	-2.62794921874615	-0.73220129181819	0.672321858257888
"prt950"	1.9540735205422	1.48257004623811	1.55840404719112	0.556065026052372	1.02522218667488	1.56171427610118	2.58799508073725	2.52497422012698
"prt951"	-3.13679751624104	2.02050421547813	NA	-5.24633055919045	NA	-2.2667805252449	-1.75181615200945	-0.520118138938421
"prt952"	-4.84304589111849	-1.47786629393863	-1.91349180882954	-2.35899397897789	NA	NA	0.0514582115689139	-2.02212558454486
"prt953"	-3.40436414049256	-0.887395287684046	NA	-0.858826614584374	0.0973247893854782	-1.28589925042878	0.545846966427469	-0.781701791946216
"prt954"	-2.5942106295781	NA	-2.59212803332283	-3.45136963251098	-4.0962899933573	NA	NA	NA
"prt955"	2.20057249667387	2.75915797504257	2.24968378815922	NA	NA	2.41863737569012	2.6207868811134	NA
"prt956"	NA	-1.06469972222677	-0.797191494575549	-1.19384461918691	1.33478785146363	-3.24345288361833	-4.48233089685696	NA
"prt957"	0.497482160505702	-5.24467530488898	NA	NA	-2.04605424299486	-2.12066648967871	-1.92197526894	-3.42129582263611
"prt958"	1.54871481544953	-0.437929095660003	-0.505672540166895	-0.917044627480567	0.315267590782362	0.728636742002711	-0.0707793662728123	0.0878665972668899
"prt959"	-1.87634733733639	-5.46710309460126	0.400804884076597	2.57593487310802	-0.302366665683361	-2.38055690611109	NA	0.0794341085576221
"prt960"	-3.5210676746724	NA	-2.58394219280142	-3.29799443184248	NA	NA	1.93868873914084	-2.40286086262065
"prt961"	NA	-2.52027643219221	-1.31037543845114	NA	NA	-2.09827491445433	-3.46540477675584	-1.40510213120652
"prt962"	-1.48856871200271	-1.3460442892192	0.710231390867943	-0.858782850495374	-0.492768523243347	-1.58777529847031	0.403456248779406	-2.34100667799225
"prt963"	-6.80046281407654	NA	-10.4035124293977	NA	4.45459738296921	2.85281070875449	-2.5745633455222	0.7756837579508
"prt964"	1.43272007581924	1.9732757334873	4.11933636161256	0.358658669983434	4.44413722705154	-0.1468355766949	-0.855687643405871	NA
"prt965"	NA	-0.817949354672081	1.66661029025642	0.926988669456414	NA	-0.579580033016522	2.36772485916311	-0.14666381737014
"prt966"	2.32565022096722	0.91067594268848	3.70741127077542	1.63939435010548	NA	NA	0.949001960688109	4.35169736755521
"prt967"	0.33681340687122	-0.196247172717502	1.83970159512607	0.246183479992935	4.19939478041439	1.685672621816	1.23419018297169	3.90048496292773
"prt968"	6.24300244312597	NA	-0.144017337360128	3.21738907084441	4.26010233542386	0.995671423967698	2.38304077048104	1.58522584264098
"prt969"	-2.01999683772991	-2.84323404096751	-2.65536785589076	NA	0.469485180417441	-2.0083512826243	-1.67025436632071	NA
"prt970"	-3.24646749360008	-4.27959997730625	NA	-0.789134119639056	-1.47727579409088	-3.71641950633232	0.465109841557564	0.130300990279363
"prt971"	1.81330502325725	-0.145846223533297	-0.77684225683447	2.07939494409926	-0.630502806856417	0.703480506315059	0.351758316247075	0.0689093419229611
"prt972"	3.47095896018506	NA	NA	NA	-2.35160999912746	-1.55525168561029	-0.09789016869567	1.77437018998366
"prt973"	-4.92092423271636	-2.08405535816967	NA	NA	0.0463622843378606	-2.20146243158138	NA	-0.592261039645651
"prt974"	1.14327873205933	0.0288384320860122	-1.20150707397919	-0.0656741340217645	3.43263834602938	1.210194413676	-2.13017884121921	0.509787214566007
"prt975"	-0.539315282419421	-0.62811542464181	0.44858385389504	-1.02947923930984	0.0705635694223301	0.719309013759179	0.436518383588922	1.35306209856765
"prt976"	0.268580157192361	0.704158889125024	1.18607020232008	NA	NA	-1.24402058986176	-1.45752936825605	-2.19003715869506
"prt977"	-4.31641603260951	NA	-1.96231095863651	NA	-1.98379918168175	NA	-4.23855540638386	0.118206590317938
"prt978"	NA	3.16615712216155	1.87606043787225	0.291321075058874	3.14874283924233	0.378482003402646	2.15970393719777	2.02996211758991
"prt979"	-0.855383095870751	0.920355543552305	1.13530944393422	-1.47188330719232	-2.34228620275611	-0.414953956632233	0.371476073391777	0.581635070750858
"prt980"	1.13992085812807	-1.33512547453347	1.16741224946389	0.833564510631633	1.54031553061564	-1.67681522540452	0.165539741564151	-1.62909727948241
"prt981"	0.398009388676038	-0.23396615036366	NA	-0.0575195408523212	-2.49814657347118	-0.0315701738168563	-0.134084205643944	1.99574586105283
"prt982"	1.35948211606932	2.91496718122694	-2.32344003793768	-0.518158321557231	0.261480915323924	0.178851592292866	0.938876518334683	0.371253104090041
"prt983"	3.28682024502216	2.16024650603291	3.13881076546397	3.54866712054239	4.98168463507943	NA	3.81745333508152	7.16322216843328
"prt984"	2.65897607457536	1.06693813313757	2.07232780556239	2.6220513345375	NA	0.563643310369946	NA	3.45149491810833
"prt985"	1.82080728320963	3.52591348349465	1.83445646621409	4.46923071525291	3.7290235612854	2.35059609626383	2.52074500481398	1.85200515676088
"prt986"	NA	-5.77269513192408	0.498334892667134	-1.86116745672505	NA	-0.692723097001184	-2.35285317465125	-1.04522468776016
"prt987"	4.32952800019209	1.1362035654036	1.70770435101854	2.26401641405207	1.2110620823056	4.87174085919346	5.40760694050269	NA
"prt988"	3.92663209320885	2.19680801127891	3.70308322998103	3.21865040223393	2.91363938102858	0.692577981341384	NA	NA
"prt989"	-0.334209395002017	1.46130192805902	0.246885687901064	-1.3190405760605	1.63864646997357	2.12129490859293	-0.31796408243471	0.0653750912001907
"prt990"	-0.833596147328133	-2.59779594337507	-5.06033860693922	NA	-1.1169877912708	NA	-3.44221159633781	-0.260024761787767
"prt991"	-0.72308324842333	-0.805291036461522	-0.0962552296419637	0.499177291872961	1.643199626839	2.59911224590694	-0.00995461604406261	-1.97600555541997
"prt992"	-1.31406942808283	0.185473815650637	-1.99360626003342	-2.05845998841733	-0.0676213746138477	-0.790250940738981	-0.280475222490042	-1.84970885572151
"prt993"	4.34859326540491	NA	3.61480542005835	4.16479671185046	0.549575536600676	4.31160500141279	2.16127034419763	3.58433291991803
"prt994"	2.66389467892177	0.491486481718428	1.49151058384108	1.31091625349964	3.54852834266291	-1.28668998134697	0.615960571121617	-1.02350106605339
"prt995"	2.93566595602895	4.34421487306724	0.469430549181722	-0.465088146404999	2.27318565426265	3.13412762985712	2.15776918432585	6.1172116628914
"prt996"	0.82997631623976	NA	5.29646698310643	NA	5.69929187822899	1.5233173591525	4.99864693180353	-0.497093126261545
"prt997"	1.84607310440148	3.86658927757266	4.90304528609763	3.03780562364233	5.32714755924509	3.95384319715231	4.31211421820275	3.76332007583327
"prt998"	1.58783373215168	3.0401030170511	2.23878969509193	2.5349207601897	0.887460129862841	2.55782830945074	3.50231023164516	0.462490178670574
"prt999"	-0.399832278136898	-0.48687725302178	NA	-2.55792149924641	NA	-2.90706134414054	-0.0396744480873222	0.114442632152372
"prt1000"	NA	-4.56245429393832	-2.24610243396484	-2.2375339148943	NA	-2.24456001742037	-2.46132998853084	NA
"prt1001"	-2.01494367135592	-1.98896003986951	NA	0.853390789881592	-2.84779800348746	-0.17748644682944	NA	1.55977536680181
"prt1002"	-2.25663049450618	NA	1.3470573970084	-2.91009567134305	0.395138385866927	NA	1.37908059267861	4.53020433186896
"prt1003"	NA	0.691320156032758	-0.329636412602201	2.27374239756123	0.489923244539102	1.10689644452267	NA	0.268360201042807
"prt1004"	-0.219204197075134	-1.21923911170205	-1.2016079630599	NA	-0.862015048105682	-0.453977202680949	NA	0.0186271118724048
"prt1005"	-1.78841510546542	0.0125271703617265	-1.92911564417117	-2.9940392680021	-1.4523528235254	-0.787839835198604	-3.30866743030338	-0.890811844460425
"prt1006"	4.57850467833483	NA	7.18180729199925	NA	NA	5.438094796325	6.76698424856569	8.12457913041962
"prt1007"	-0.963294523919287	0.112317760609601	0.405942472809093	-1.27132958184188	1.11527504482948	-1.01336166627097	NA	-2.50373070330058
"prt1008"	NA	3.84152468556172	-2.15425621772087	-1.22995861009589	-1.11812603782657	0.89338809360742	3.84284753871251	-1.57522337655493
"prt1009"	-0.672123756257354	-0.581647267046583	0.573560191273888	-0.871557028324292	-3.50861005963007	1.28901482337893	1.12448110164881	-1.38560698191834
"prt1010"	NA	-0.831638779645528	0.274011603973373	-0.119967900858866	-1.42750131195577	NA	NA	3.30882278604731
"prt1011"	0.679087590464055	-0.135626032192758	2.84721812390513	NA	4.19246396344469	2.86759286785037	0.185068450473396	0.527510383294414
"prt1012"	-1.69177882190185	-1.43118666504918	0.410320081367219	-0.819155209408275	NA	-1.3561575989787	0.726459396299604	-0.0448160830501564
"prt1013"	2.50366116918706	NA	-0.117544265058426	-0.58166975214695	4.14939510495432	-0.615432994698703	NA	-3.61800705290938
"prt1014"	-0.408480328334215	NA	-3.24424190700344	-1.96088003703896	NA	-1.40659911204314	NA	1.37228661698422
"prt1015"	0.872501781623322	-0.663652616276085	-2.07253549884901	2.82826982683759	-2.30433086608725	NA	1.26874376346866	-1.27587707045779
"prt1016"	NA	-2.32027456136624	-2.61637952936369	-3.00953019051191	NA	-2.55707956233578	NA	-3.55463603513663
"prt1017"	-0.366101908892914	-0.946074207349728	-1.3716831011255	-1.94530982728499	-0.113663351375156	0.642912356112533	-3.8818077814817	-2.81712172856726
"prt1018"	1.05045714939568	-0.200030330524575	-0.304098094425098	0.756926228784825	-0.644812843232905	1.50739297032823	0.292981386985916	0.545455836293705
"prt1019"	NA	1.52848074551497	-0.150153801625564	1.34627519309426	0.119752335371089	2.67150961897599	2.06287884658837	1.3708828445186
"prt1020"	0.154257633055215	-0.461140846058756	NA	0.691763992731716	2.83289042596262	2.15306408644362	1.49673196099522	3.10855950870593
"prt1021"	-4.17925993323517	NA	-1.92187559094752	-3.2527983959629	-0.283561289894235	2.67718817523111	2.96398324206521	-1.80309585662606
"prt1022"	NA	-0.291128610601885	-0.305854760253045	3.82269521942667	2.27842821237703	NA	1.2701501322024	-1.15772081206446
"prt1023"	-0.402374492227006	-1.69334983528687	-2.35343585978813	3.22643638811968	NA	2.32132631662855	-3.21019228146353	-2.16695364931834
"prt1024"	NA	-3.8194332552014	-0.844009880657467	-0.0358698806882576	0.273832311304935	-6.40418445020533	-2.71957182362183	NA
"prt1025"	NA	-2.10382414268443	-5.75478521684439	NA	NA	-1.82343014001584	-3.76564460922173	-1.75622199562987
"prt1026"	4.11785272752322	4.63519355246147	3.71989385206962	4.06090007027761	3.47670174460124	4.08806684090706	NA	4.73737118496342
"prt1027"	-2.90908297788671	-0.698424412892863	NA	-0.780617987637808	-1.07530645931346	-0.951484075418779	-4.48841114408715	-0.602336186437359
"prt1028"	0.689119413493813	0.439109399897048	NA	0.655798550861256	NA	1.02347907949347	1.83068048336613	1.93409164460479
"prt1029"	-2.44350736758014	1.93656809934597	NA	0.649350703135138	1.02187281308475	-3.60114165039944	-2.10421282840745	-0.31213486791214
"prt1030"	NA	-4.77407617278032	-6.46173756403318	NA	NA	3.29130031087054	4.09023807321997	1.5286076539259
"prt1031"	0.720009422702213	NA	-0.469843337671101	2.26821104245983	0.0342309145206217	-1.21062680275873	1.49206101919738	-0.213325138321514
"prt1032"	-3.96120797107655	NA	NA	-4.05146706184898	NA	NA	-3.17852792020726	-3.31139484044405
"prt1033"	1.87353820105317	-0.39056227203332	NA	4.2599951706705	2.37708521615368	3.28437049397294	NA	0.127482108876594
"prt1034"	-2.52772711497067	-2.83316882092205	-4.08983329096091	-2.9310123307409	-3.45818562957724	NA	NA	NA
"prt1035"	2.19500552553634	2.74131384734654	-0.109049607423976	1.20288301783633	-2.55848529648795	2.48267696615243	-0.36781309148279	2.87607659970555
"prt1036"	0.532465016626261	1.45900513596301	0.00155150112563706	1.66418984687792	0.456428773162943	-1.27866123295544	0.131421634972349	-1.12860155727633
"prt1037"	-0.699194799142019	NA	1.85583649078088	0.396709488466773	-1.09490017393207	2.98667640826176	-0.661174518992571	0.516376412074733
"prt1038"	1.30594719701245	2.09071322742506	2.26831033713479	0.733551252169883	NA	-0.817679763534986	-0.264577992847223	1.28701895325857
"prt1039"	NA	-0.595227759260006	-0.578293770923917	NA	0.570805777709259	-1.86482905500288	-1.58018554897904	-1.68282499364256
"prt1040"	0.309823284178986	3.98324288802284	0.810448773987393	0.279513440837706	NA	1.71420657420386	-2.68842587626811	6.91313041807107
"prt1041"	-0.78326473313839	-1.31413480164891	0.403308145136128	NA	-0.908430777260836	0.407029025270069	-0.425428643133188	-1.23494632614115
"prt1042"	4.6587432340853	2.60298235414662	4.06624736044789	2.71689929902389	3.51922336832688	3.97113063891226	2.64522636784049	3.65549014976093
"prt1043"	-0.818334405160972	NA	-2.01856157558981	-0.712281228135124	-1.94334130864853	-0.743509277597171	NA	-3.78510334151879
"prt1044"	-2.39625517293144	NA	0.965935023757264	-1.33624273684049	-1.40383465009009	-0.554383229824213	NA	3.17579973347518
"prt1045"	-1.51010956708953	NA	-0.17920879025256	-1.01923304363835	-0.758656157624542	-0.407562901955093	NA	-0.55571736054591
"prt1046"	-1.510078773466	NA	-1.29061380493125	-0.0205624398802621	NA	-1.02097077173331	-2.51018810666659	NA
"prt1047"	-0.058848993784104	-1.47775772712172	-0.0992019468582777	NA	NA	NA	0.055566277247615	-1.96816595314985
"prt1048"	2.09403928928029	NA	-1.46905845412367	NA	1.06507874495961	1.50704993126938	-1.26320140195009	2.2346730585256
"prt1049"	3.76859942283472	-0.0177947072372422	0.580093596060455	-2.67072171588581	NA	-0.682600516017166	NA	-5.45542503011688
"prt1050"	-1.32879383648941	NA	NA	-1.25848273200817	0.646573638468826	1.93938297750218	1.45782085467021	1.00040741361483
"prt1051"	NA	2.5873229467255	3.3783345969702	4.81777403183124	-2.18920533096624	5.99095506397435	2.06549035121216	4.38306457780108
"prt1052"	-2.75691977850544	-2.2289984171138	NA	NA	-4.16250762624367	NA	-1.21989481155985	NA
"prt1053"	3.45800135159956	0.427180145931517	-0.676332295871724	-3.5022385333639	NA	0.941439640058631	4.73169226170414	2.33176513209639
"prt1054"	NA	1.3050302004565	-1.42119264499291	NA	-0.928038322439165	-0.778842272456503	0.7459421748292	0.490906845887902
"prt1055"	2.63452510123561	-1.13123068869708	2.28918038191623	NA	0.520714641781898	-0.0300262311709883	NA	-0.296440258514448
"prt1056"	-4.4446298154414	NA	NA	-4.19336900688015	NA	NA	NA	-4.76541137700037
"prt1057"	0.590816235357721	-0.780220482310907	-0.318335833025445	0.0476422717445963	0.872872003400177	1.61173233489277	-0.36763774063086	-0.324128603653029
"prt1058"	-2.41226088517024	-0.4268332180731	2.06404268310291	0.396324797998649	-1.77375798624615	0.998374700331265	0.428290229693427	NA
"prt1059"	3.59919204585105	2.52286323342569	3.93488018663915	1.82006405001199	NA	2.88693493041505	4.81376896144827	NA
"prt1060"	5.03334855855118	6.95062872887194	2.48245508575359	3.30122873279231	3.25660584403286	NA	4.23922025518857	3.74461869318222
"prt1061"	-0.906634011760714	-2.09152703823645	3.25525153676517	-1.33146087099998	-0.56414444489826	-0.616831596053379	1.88809507497959	1.57403062883287
"prt1062"	0.560567847948145	0.907353232331632	NA	4.00108740607641	1.51730419776553	NA	0.536288672700089	-1.06330825484647
"prt1063"	0.934747964810939	1.73140126043729	-2.8051142952104	-1.99823834195772	-4.29922000829851	NA	-0.594949309161531	1.48001513772057
"prt1064"	0.980582695374815	2.11726517082859	2.49116527196675	0.800404636818206	3.02940848540951	1.4997274370996	NA	4.33179271312758
"prt1065"	NA	4.28168018131675	2.62390979622396	NA	-6.3570702222471	NA	0.304103667708151	-1.38772775873314
"prt1066"	2.11480463513557	1.0963244596806	-0.152366138244075	NA	1.29849827877813	0.136714293524177	0.618394997456919	1.77671648459059
"prt1067"	-0.688863032193884	1.03891556846528	1.4189983552952	-1.04817257711764	-1.34786880642251	0.965264697531922	-2.091879514909	-0.0258494483048392
"prt1068"	2.04711755384375	3.7751617154174	0.389877422653114	3.06020072382792	2.01701189199377	0.342129468917284	2.26277707689217	2.7085995609413
"prt1069"	-1.23354448084246	1.615732600677	-0.511048436892512	0.164081758021785	-0.857897594094638	NA	NA	-1.02605670375594
"prt1070"	0.877613047580256	-0.98469022203108	-2.16416515828602	1.07820424591254	0.331904743872692	-2.63931559710672	NA	-0.568807650727335
"prt1071"	-2.27617159509646	-1.19412230540469	-2.16694815281334	NA	NA	-1.92752771119109	-2.22619635082345	NA
"prt1072"	1.20860751788571	NA	-0.366199553332966	2.39313263254783	2.15810132466841	0.645055222151759	2.39761663681252	NA
"prt1073"	1.57357756110672	2.39741420347297	NA	-0.797432283570131	-1.8757872189986	NA	-0.754400220079321	-0.0260426582709775
"prt1074"	-1.62454763511925	NA	0.527434305003821	NA	-3.51022972855752	-4.94543390638673	-3.80408760678962	NA
"prt1075"	2.64173149959368	1.62177242984383	0.576215383521457	4.05340408768432	0.0363582181987026	2.44452292663126	1.4581950392888	2.14864167980846
"prt1076"	-0.727800587462364	1.62895417879346	0.696733231929649	-4.03909830356255	1.55674644348222	-1.40483951917398	0.103512473216913	NA
"prt1077"	0.340660153703572	NA	0.647534284760776	NA	-0.456858283238493	1.1725980945297	1.81059932138844	-0.105868593729485
"prt1078"	NA	-1.47971397058534	-1.24312032953949	1.06444746196983	-1.01193703390699	-1.97748906346047	-0.436798321138746	-0.419007377116103
"prt1079"	2.67768708579932	-0.511481554920441	-0.0896437032961516	-0.465858331431967	1.07924822174113	0.856261464599294	1.0747155088459	NA
"prt1080"	-0.406160509324706	0.0173144124254936	-0.121076170479347	0.735029317225066	-0.594937186883991	0.149318434575029	-1.51013769937381	0.413930951059017
"prt1081"	-2.01563035799582	NA	-1.37303549517226	-2.91822244673741	0.0461210323934614	-5.90828794506621	-1.02441316074357	NA
"prt1082"	2.78907320305347	2.55841042039428	5.89991058735222	5.70801134344264	5.63772294851305	1.27259391964895	2.27419106112115	NA
"prt1083"	-3.07921817592609	-2.23161165296032	-1.46548757535262	NA	-0.603630679261089	-3.49601112264561	-0.869477248193069	-1.47192195202501
"prt1084"	-2.81951466066304	-3.12359345162839	NA	-1.3531976333792	-2.9577670234434	NA	1.06492415245087	-3.97775753093071
"prt1085"	-1.74661982351024	1.69716960841459	0.954171002412419	-0.329963778841953	-1.00152871704107	-0.72431620236176	1.99559480693199	-2.04846922487059
"prt1086"	0.906301932343913	4.54929158871364	3.03780841563806	2.10948595334558	2.69562022080973	2.65272729408453	NA	2.50611213009267
"prt1087"	4.25005420235574	1.56750136283728	NA	4.79019629291514	3.58512871306937	3.14872139611926	NA	2.71113807194532
"prt1088"	-1.27315085596902	-0.572472724656368	1.96658217310307	NA	1.42344198744713	-0.15442591062987	-0.0646814606032245	0.145915714345204
"prt1089"	0.0202579226747376	NA	1.87123597474052	2.09837222168787	0.699700294024446	2.54257043629959	-0.986052659406714	-0.594868418307658
"prt1090"	-2.08801830316286	-3.10974907567464	-4.16910857601554	-0.239048018572877	-4.93015960587374	-2.60350001859794	NA	-5.18056921024214
"prt1091"	3.35833753154664	0.602898105897589	4.34987152125561	5.18375560800398	2.78938884846851	3.40205889449601	2.06033857038906	1.68820744813398
"prt1092"	-3.41088711479359	-0.197855198050076	NA	2.4709575800083	-2.74652558750084	-0.68712178963827	-1.74862667246122	-1.48091703674815
"prt1093"	0.94785990327452	NA	4.03198547416502	4.16864717394944	2.68661665704053	1.48045435913449	NA	0.146180037391847
"prt1094"	1.33045032041238	NA	0.870455771240867	-0.300497082878677	3.11424609110493	3.60691909783093	5.63029856942757	-0.874737126762684
"prt1095"	0.399453937149061	-0.786437663155412	-0.872414428401569	NA	0.508998660733651	-2.04996966491047	1.19192178087449	NA
"prt1096"	0.447351504258109	2.6569425430634	1.33569718010325	-0.359730869237682	NA	1.61068604939363	3.46836886795268	1.52196291999448
"prt1097"	0.230434221042875	0.174753199311363	2.06654112887928	2.73289489364331	NA	0.161074131685221	-1.92678642003216	-0.905470391799971
"prt1098"	NA	-0.763752304031036	-0.69698360751485	-2.31017913966263	-1.30263017511274	0.775606309708052	-1.43596588006931	-0.703305720871288
"prt1099"	-2.65931550014301	-2.23309088983872	NA	NA	-0.540765056276812	1.82699854914363	-1.67748688363716	-2.1927555349169
"prt1100"	2.47207169233946	3.76043903073453	3.35121045921277	6.54470318589221	0.460375631888684	3.69552290907873	2.13194441963903	2.22516862529711
"prt1101"	-0.2322696491952	NA	-0.421132130370383	-0.213325232281425	-1.91703442876465	0.988970374935433	-3.34595890935324	3.98713563928954
"prt1102"	0.349695982899824	NA	3.54277508063036	7.88822952072528	-0.515200091080744	7.3619021203951	-4.7711782913618	1.28796723150011
"prt1103"	0.962346686388621	4.47696145334197	1.51724318477819	6.50543883414822	6.04298811963805	NA	3.99251129817871	NA
"prt1104"	1.89541654766285	-2.9225299756595	-0.0694266797813266	-2.46078540263969	2.41203903452508	-2.4905936979316	4.69949059345978	0.749454296820971
"prt1105"	-1.73905887051062	0.525601594349647	NA	-1.15121171888511	1.51199624795144	-0.626479396578838	NA	0.190830338664782
"prt1106"	2.14807294147703	-1.0621569347971	-0.56945021645076	NA	-0.349142191020484	0.192360333776409	-0.471995065839335	-0.20354689834423
"prt1107"	-0.601515241397338	-2.12835991655163	-0.676327014493636	0.582951888306043	-1.30718236874715	0.174074317041222	0.649736117803598	2.21896705691851
"prt1108"	-2.15171309399519	-2.67676431630113	0.796629367605049	-0.801074509420194	0.332952894238291	NA	-1.57023022142966	-0.336844720814499
"prt1109"	0.489028747121069	1.55607626170332	NA	1.37401284832938	-7.65596467906101	-1.45536840818008	1.5005812941512	-0.497489924247332
"prt1110"	2.54376823503327	3.62458861778709	3.32918325426442	2.21846423282532	NA	4.23287163753432	3.12610652433898	1.74709426124276
"prt1111"	-3.95842898488292	-4.71038729645349	NA	NA	-4.42077910165676	-2.17574206421908	NA	-2.40314343495149
"prt1112"	-0.853306137435911	-1.18262615996505	3.45568622201477	NA	1.87753125179497	0.246638021330848	0.249666720249464	2.59222507395011
"prt1113"	-2.55381858730334	-2.79699584533017	NA	-2.45369901041959	-2.89779856295846	1.12260713942342	1.21808267602306	1.53076257952236
"prt1114"	-1.40842657830103	-0.875481812605432	0.233763250687551	-1.56941913658715	-0.605608725654519	-0.571035865546841	-3.13553823362281	NA
"prt1115"	-1.07713786758624	-0.00572868802529297	NA	NA	2.27544008537388	NA	-0.183472078827951	0.910181067751775
"prt1116"	0.903881425443096	2.19258165334664	-0.802507142808367	1.71405331383661	-2.52440106325628	4.52951683572891	NA	-0.247700981328741
"prt1117"	3.84315510867682	2.75786394629105	-1.24282552337161	2.34415928584548	0.314239685860131	-1.04723117945562	0.130065603786043	-1.0833606170338
"prt1118"	0.2535909486168	-0.178202256144312	-3.55697773072025	0.117306999423719	-0.133873722187152	-1.15640413684029	3.60837186598544	NA
"prt1119"	2.67673950683319	-1.2088592638212	NA	-0.73148153194005	NA	NA	1.31518772402895	0.288436131466799
"prt1120"	-5.79515375041003	-4.60033143288733	NA	NA	NA	NA	-2.30126666311885	-5.55333615157502
"prt1121"	0.735296668323527	-2.35881200187882	1.57744727852511	1.48337482060061	2.36684504918329	-0.227258196440453	0.166268139928457	1.17005439647368
"prt1122"	NA	-1.76862719143307	2.80532949546236	8.03527888610662	2.21710672427006	1.92721495092997	-2.07963338536062	-0.0192212321166028
"prt1123"	-0.304696635563289	-0.671099091799157	1.52307246055887	-0.147036528898644	NA	-1.93856923953297	-0.238872381828037	NA
"prt1124"	NA	-2.32500387428702	-1.6633759890173	-1.56351400857775	-1.93875819707066	-1.82073876974735	-1.21952852720256	-1.87919182462397
"prt1125"	2.88352838688789	3.15268214549805	NA	NA	3.60561760065878	6.11694160388278	3.61310844426957	3.20827393741557
"prt1126"	-0.992073453819201	-1.84272151535249	-0.981783537183167	-0.895393466607055	0.348900483037972	-1.34804304114198	-0.447536617157159	-0.32295004762594
"prt1127"	5.53667717502395	2.95957077249684	5.70632574699579	2.40868462039287	6.9135389744805	7.47502669207081	6.33718885584466	4.52786935718628
"prt1128"	-1.27746771926338	-1.99155501312005	-0.595155818999137	-0.905562810544901	-0.496564597254035	-1.11829726060315	NA	-1.09805424947249
"prt1129"	-3.19440377149997	-5.42154884717973	NA	-2.15211082239701	NA	-5.1362967388529	NA	-2.27395668831534
"prt1130"	-3.81616266141267	-2.35264325962563	NA	NA	NA	NA	-3.61363796448789	-1.84245246384606
"prt1131"	2.69836059047467	NA	3.98433425456204	2.10482411349842	1.28278605469658	1.02492521339748	2.79007201259125	3.0497176637024
"prt1132"	1.75066234173222	3.13351982196111	4.08041175874459	2.71297543381213	2.25683423265957	2.44071287458208	0.42605478297644	-2.25157689883293
"prt1133"	1.03312728511777	-0.436637142205974	-0.237051417209573	5.01907163448649	-0.190577624993143	1.18925142609912	-2.58761432491657	-0.270533842387369
"prt1134"	1.4743074506678	4.25055366006	0.282299096169012	2.02360322676268	2.61272078799154	3.98639879630203	2.21809298193057	4.28531276521973
"prt1135"	NA	-2.72047203064678	-0.541288187437459	-4.73529159968045	-1.15438110455912	-1.56456073356234	-0.911608162570594	-1.9879114175916
"prt1136"	11.9557044750649	6.9788648139735	NA	NA	7.17364904655397	2.94696745038432	-3.29568550802089	-2.35037583536504
"prt1137"	3.17032697302678	3.69293682024931	2.87356029470873	4.20017347687975	2.1943646530103	3.13053279629072	2.03399811109837	2.55159816065469
"prt1138"	-1.20368882702068	NA	-2.70292327648969	NA	-2.90736250004467	-3.80545042423702	-3.98814858073706	NA
"prt1139"	4.82127477697471	NA	-1.36186080546075	-0.464104117312469	-0.964119837247726	-1.60103172472848	-4.56420653457669	-1.43065171715348
"prt1140"	1.5159232022537	3.82940402390748	1.32945072398031	2.37832904995118	1.34730830967931	1.64103129741113	2.58879556475714	3.20055373710068
"prt1141"	-1.82044518444994	NA	-1.00960959239372	NA	-2.09633946049453	-1.67322388991313	2.06553932023237	-1.79547458160211
"prt1142"	-1.5162976488014	-1.24860831349934	-0.933517171838609	-0.997865827424066	1.45884204889164	-1.59064584009688	-0.368013067223161	-1.37145186840577
"prt1143"	2.21748241341162	0.234211039971302	-2.20234661989662	-0.970502705817997	NA	-0.978106463189453	1.29785995494702	NA
"prt1144"	4.81877238385018	5.39241198568405	4.0151498981258	4.74274765290356	NA	3.69452292287915	4.93358049177542	5.44426716892462
"prt1145"	-2.5586088237109	NA	-2.04290180554437	-1.01653810536491	0.242043252236448	-1.56336158075758	-0.783959695882153	-0.77828216872844
"prt1146"	2.39300835300067	-1.08534101920844	0.2772176882715	0.545673435187922	1.40058448324368	1.17768601413806	0.593580968989654	1.43015952316942
"prt1147"	5.84199432318886	-2.82996294785586	NA	0.982037462439532	NA	-3.27078195988465	2.25395724473234	3.21277799446628
"prt1148"	-1.10866804387577	-0.208494513924512	-0.138934271182975	-1.15773712631742	-1.46582905688171	-3.01940665699993	-0.633277871790633	-1.45290318433146
"prt1149"	NA	-1.68782489820918	-2.53338019474272	-0.95341726889423	-0.610025928837678	0.187908434968304	-0.138248364382566	-0.891806775519778
"prt1150"	0.628936273144728	2.54349690260181	-0.16848492874247	-0.452701295028478	0.348811689032486	2.02689849565798	0.446560306940704	1.86534589591416
"prt1151"	0.907645803619956	0.546438085357438	NA	-0.626517132245312	NA	NA	1.3009451258661	1.66725091366395
"prt1152"	5.4691154945243	6.55388018223375	8.06499421230684	7.57295553770206	6.29552959974275	3.0242056204483	7.3977072075304	7.90913531104395
"prt1153"	1.65975962052803	2.42594429350484	5.82070802510492	-2.07322166318992	2.70955390743174	2.07495651007174	-1.88106198531574	0.995340860950355
"prt1154"	NA	1.57252222264347	-1.26768909423517	NA	0.00670966624914865	2.66250385232701	0.815445316621583	NA
"prt1155"	-0.747967999254494	0.0671081960225807	0.431575189628974	2.09487578588995	-1.7995517091197	1.25683059249586	-0.0152381612299397	1.54453355339336
"prt1156"	3.65002850627708	3.0641162786256	NA	1.37544497717875	2.03414158421506	NA	2.69552968244163	2.16370990363602
"prt1157"	0.110621366353585	-0.187643069404232	-1.95637034152633	-2.82345815996637	-2.13673358879551	0.0979868504319847	-2.37262089284317	-3.76497901970481
"prt1158"	7.38060669905121	NA	4.39917432427483	5.20091605088748	3.46455439958341	3.96448051306372	3.80800521035069	NA
"prt1159"	2.33306589945707	0.593973611546108	0.430617554333696	0.565534151676136	NA	2.0921435995343	0.968135900051627	1.8486425266204
"prt1160"	0.491256563316711	0.143675629816542	0.516450707922902	-1.98786664590151	-0.330902675337085	0.981368613063102	-1.59496460895029	-0.521616207992179
"prt1161"	-0.634252101213105	NA	-0.466785751332193	NA	-2.18088602428781	-5.31274820447733	-1.32501073885853	NA
"prt1162"	-1.65347766189214	NA	-1.4293452699549	-0.165660251372448	-0.375324955670663	-1.02667364085275	0.672568673856217	0.843960320957964
"prt1163"	-2.50088296699836	-0.953687254654904	-0.923230220814897	-2.90999771748599	-0.00843933030996845	-2.14420919503051	-1.9834247020637	-1.69140239586744
"prt1164"	-1.28456378919393	0.0232342057192061	NA	NA	5.72185482195893	-2.43734533406833	5.91522777514839	NA
"prt1165"	0.378493571866032	2.0649382533175	0.587483901758555	3.08078079445095	0.00420595711837302	1.7994671988809	-0.623112870279615	-1.7952467365075
"prt1166"	2.62822046203978	NA	0.961395221440107	3.14743407520722	NA	2.1069779552123	-0.0949643284265266	NA
"prt1167"	1.63860507953433	1.87293008635983	NA	4.30793717540296	2.75437357778941	4.7949103999141	3.85656539206975	4.36086332968655
"prt1168"	3.66041484633982	1.75362255650909	1.70667032822223	NA	NA	1.22012081834057	1.8604023504062	1.87678087989603
"prt1169"	-2.31698770062473	-1.61336899715123	0.0270061983743341	0.87490962101306	0.246247684660025	-1.22423400810804	-2.80531127413725	0.252340729787394
"prt1170"	-1.64439197242189	-0.654965836436955	-1.66960761902416	-1.5847982396163	NA	NA	NA	-0.503082557574436
"prt1171"	5.97318883596846	4.25291008867569	3.19701159090831	3.76973023929434	3.14493868413314	2.85930140734655	3.6662849209528	4.795002872522
"prt1172"	3.81018095489245	4.66430995677859	4.60526899410974	NA	3.0307621559806	4.22132394665119	4.4812234132244	3.37507943965419
"prt1173"	3.89193279933025	3.02720484681471	-1.61264245954192	0.501497735594426	2.36195992060532	-0.831140305979175	5.20605998459559	NA
"prt1174"	-2.90301664332577	-0.0311234380082632	-1.89708397042494	1.70965651290556	-3.11943665622514	-0.282917276107342	NA	0.611891336271759
"prt1175"	0.604130969586627	NA	4.15160882508559	NA	1.65241194719953	2.1070594630402	-0.50825680645291	-0.41912989118731
"prt1176"	-1.53232482422422	-1.93916983693258	-4.82702382581476	-3.11440193888817	NA	NA	NA	NA
"prt1177"	3.94673876851641	2.24621922400309	2.93195613596711	4.33007290395706	2.15502301793904	1.28738121582911	1.61146413058905	4.23377583715529
"prt1178"	-0.0358743633663088	3.41146241263647	-4.65028024086742	6.99875002542411	NA	3.5602101721086	-1.38944499948243	-3.91782627573723
"prt1179"	-1.96423477535336	-3.09152909287293	-3.82434424557036	-3.57977571736268	-4.42199638877685	-1.73952844473042	-4.18129022441119	-4.61331506406138
"prt1180"	-2.90060038958931	NA	0.183799301658276	3.12321797382191	1.48373542385822	-1.42882091399208	3.61913782243675	2.01199241078212
"prt1181"	2.52921078083906	-0.414762928691966	3.06057808494417	0.59837568270732	1.71844040573084	2.15167179996223	1.47878480067129	0.787669210949946
"prt1182"	-0.818013676710849	0.969887199101758	NA	-0.53007234626141	0.365193805612621	-0.905443392857734	-0.459816962745737	1.57222359368996
"prt1183"	-1.44614259011456	NA	-1.81837343838456	1.87631301601537	NA	NA	-1.37195529865622	-0.748866925782442
"prt1184"	2.94988787759635	-1.80300149893531	1.52188294582918	0.15217492610821	-0.447655904361188	2.12632487845784	4.85077565450579	3.77466531105774
"prt1185"	-2.46587613731716	NA	-2.62656491075533	0.0358670685811501	-2.5636632951049	NA	-0.433605796218572	0.252589793273078
"prt1186"	3.36894326691119	NA	NA	-0.789462171070809	0.865372301435127	-0.0878032007473197	1.26920716608829	4.50323878216675
"prt1187"	NA	2.62957613931768	-0.62513645801553	0.821935057660659	-0.998383949230512	-1.08188678850129	-1.48458593022409	0.533156222415482
"prt1188"	-1.09398227945198	NA	-4.42570923708727	-1.34232270496479	NA	-1.94688142156252	NA	NA
"prt1189"	9.47405464136226	3.84124735499665	NA	-2.14794920285593	NA	NA	7.089860079382	NA
"prt1190"	-3.5385517586421	-2.61079403054791	NA	NA	NA	NA	-0.444590752089661	-3.72292420963295
"prt1191"	NA	-2.52659856748215	-3.45082664629862	0.13362806698657	NA	NA	-2.3049152589108	-3.19660314549477
"prt1192"	NA	-1.05800318752465	1.5659300327569	-2.40920849583292	1.0573119415691	-1.27089321063231	0.0334867150838355	-4.18663252216278
"prt1193"	2.02004212535089	1.65720098271507	2.79818574709375	2.02439752436055	1.22876142320757	1.85842765467869	2.03156152348503	2.00679754623219
"prt1194"	6.3760076136543	1.48072208264941	0.233354991606168	6.09664155846026	1.19147889896283	0.921058223501935	-2.22183184134425	NA
"prt1195"	NA	-0.657457450558815	-3.08686252209648	0.124653450823465	NA	-2.00036643999266	NA	NA
"prt1196"	4.24941021706822	1.31479354138595	-0.40854732894792	0.78725385993384	-1.6466421464416	2.69779021825394	0.970621044056509	0.298309279944351
"prt1197"	1.5115064514726	NA	-0.878356494472544	1.62360782886132	2.98664920835594	0.150044995347449	NA	3.23952240953643
"prt1198"	-0.108666009083753	-1.16038700617338	2.39107342103748	-1.46276390808979	-0.0657413595610261	0.899980053124908	-1.79016067295138	-2.317461908649
"prt1199"	2.32496480238579	1.91663295651522	NA	4.43822670009148	-0.0172832327952515	NA	3.66297637374234	1.35066350916555
"prt1200"	-13.3536263829006	2.97009367534204	NA	NA	NA	0.0919078688055945	16.0657120379515	-0.0651459999684777
"prt1201"	4.0492658290939	NA	4.84967618634675	NA	7.07988692439314	3.33857875038558	4.67718166287044	5.74341163991726
"prt1202"	-3.32861411258262	-6.81809167166705	NA	-3.47405361876475	-3.45902319708411	-8.1410538332127	-4.35364158469439	-6.24501768489448
"prt1203"	2.75022621288156	-1.56688727945951	-1.61988318540963	NA	NA	-0.114072141845558	-4.47872633216204	NA
"prt1204"	1.25554907171078	NA	-1.20456429276851	-1.22988000260971	-2.07350180856656	-2.69633885503178	-0.327617749806994	-1.03126768854826
"prt1205"	-0.0749354723212904	1.42438621291207	1.86652617530308	1.05853434786643	-0.610333146070849	0.315165257551036	1.60064828080611	1.50840826329002
"prt1206"	NA	1.99079801531289	1.09691946678024	NA	2.41819015070399	2.89887353207251	-0.408944097419645	1.46328046766648
"prt1207"	NA	0.260562409369083	-2.19368199154934	-2.63159924916128	-2.46318158520554	-2.21625637225461	-0.836673806111555	-2.38575304369545
"prt1208"	-2.32827891870081	NA	-3.94872001442328	NA	NA	-4.4575386966176	NA	-3.29152027473325
"prt1209"	2.00360795730952	1.18920337527517	3.34790894089683	NA	0.310800437567048	-0.0959525385339617	NA	NA
"prt1210"	-0.599251721319943	-1.5252006099385	-0.918390981203148	-1.29975653296516	NA	0.150162279737141	-0.595160993420448	NA
"prt1211"	NA	2.51266458646642	-2.72070428867368	-3.48442379301405	1.2081087749896	NA	NA	NA
"prt1212"	-1.82865134395848	1.50504333947565	-2.77482478964381	1.26931881861263	NA	3.27934284808311	0.230173003817765	-1.86870201320069
"prt1213"	0.279348662509686	-1.04489583564779	-0.630883718176914	NA	-2.07068374987244	-0.0446807091441139	NA	NA
"prt1214"	-5.30602756907069	-3.97459112433701	NA	-1.52059181599499	0.0820491459566686	-2.15774636289289	-1.02356127986812	NA
"prt1215"	-7.21420517310032	-3.97467819778519	NA	NA	NA	-6.78521043217967	-6.74815589770674	NA
"prt1216"	NA	-3.19243215615701	1.95862983283188	2.93546854026021	-0.67244688305388	1.12334222040906	-2.11074226391228	0.745523397438005
"prt1217"	-0.0555342841328428	NA	1.16021792212121	1.38902775273703	0.158774229294265	NA	0.865451779721706	0.652762960079221
"prt1218"	-0.021929121105549	1.09245188720038	-0.733945976358275	2.83794448501577	-0.772369716879391	-0.782842349999917	-1.60677102807326	NA
"prt1219"	NA	7.03171097229707	2.1692644315681	-0.880821325634039	NA	-0.469442096661643	1.59349648333482	NA
"prt1220"	-1.11817391510284	-0.43045075961703	NA	0.70686253259211	-1.83805551719227	-0.559803975822213	NA	-3.94576190821855
"prt1221"	2.0655623049108	NA	-0.250883904801087	-2.50788063931618	-0.392953465519362	NA	-1.40926882766122	NA
"prt1222"	0.200572820684083	NA	-2.50607388655291	-2.41295755657934	0.199334345521147	1.2990026945002	-0.834935079221838	-0.182353844675247
"prt1223"	3.27185385364411	3.2176367568394	NA	3.01899635350155	2.80879092003376	2.63563417777115	2.33896283532708	3.13189292012672
"prt1224"	-2.07908352928476	5.81366294642387	1.09323095891669	2.51970640770153	3.4680084383582	4.31751107400212	-0.0873438625766587	4.12601653853419
"prt1225"	-2.66479837393864	-3.46286248209364	-1.59626130904874	4.63000716904499	3.36573718066746	NA	3.81183980695111	1.48434150120052
"prt1226"	0.0622060667604112	1.11486354467199	1.94700690224096	2.0636987331697	-0.139500931403854	1.76158863011161	3.4930619739507	1.3932513800888
"prt1227"	-2.19130974592284	-0.323038159939506	-2.29823011330518	NA	NA	-1.62556616271813	-2.03517966236024	-0.939623692258448
"prt1228"	6.10102626882834	5.38945233968515	3.03540707801973	1.86142591749409	3.27905352749528	NA	3.00004946090903	4.30553927942023
"prt1229"	1.13958882683305	-0.166682165633373	-0.879922927143793	0.851117105084236	2.47974735857598	-0.0371889730626442	2.50999596271416	0.365728923998955
"prt1230"	3.8420510291029	2.10395199450918	0.145230011465367	0.524916679424226	-2.20833468965986	-0.153065432028307	-1.55955374722178	NA
"prt1231"	1.83053739085771	1.10970236772899	2.16597152852599	2.44531965354223	1.26781442187783	0.452901681627831	0.0940098322367914	2.67370643424709
"prt1232"	3.7723183420163	1.62108744811409	NA	2.00546609683086	3.416482351755	2.15704533778614	0.891022558479128	4.57769078756928
"prt1233"	-1.02142635930853	-0.739961054533635	NA	NA	-1.63671338003377	-1.26790757408308	-2.92114148644758	-1.20787816187377
"prt1234"	-1.47035967602601	NA	-1.50676112099015	-0.457705655574503	-1.82000573348426	-0.816125206319213	0.583039838835446	-1.59151067955068
"prt1235"	2.34272286725555	1.89871127884336	3.13168440744416	1.48735649796076	2.9784480198595	1.27491636190128	0.656764231152887	NA
"prt1236"	3.55407660219145	5.59470535821885	8.06269863618945	5.89397838054952	7.65753789140534	6.22013507902453	3.77884326397717	4.29177354343734
"prt1237"	-0.0957260983709955	-0.77775936258926	-0.671281678457434	-0.891837507441177	0.166908709612883	-0.250821214405539	-1.09310416338126	-2.27377510181768
"prt1238"	1.05563529620743	-0.607317532931746	1.49362917811125	-0.217762284102534	1.66740557420709	NA	-0.559622818986005	-1.9390480114823
"prt1239"	-0.108129729554792	0.246063050716379	1.31267448751455	0.865908767990427	-2.09205854110028	-0.0602254831446335	1.55471999816253	-1.25577295548183
"prt1240"	-0.766480766415618	1.07367165765275	NA	0.0677039079083238	-2.02410071442439	-1.04931125090271	-0.029429205314328	0.978978089716175
"prt1241"	-2.67010671005062	-2.678227644631	NA	-4.81751074485202	NA	-4.00309728735203	NA	NA
"prt1242"	1.91514711842009	3.57469491255784	4.12770117646953	NA	NA	-0.590985640852424	2.40581325825071	2.96758791442741
"prt1243"	NA	-2.40297061208893	1.1418949679276	-3.37179257254453	0.138738639837026	NA	-4.38218059719839	-1.82648587078961
"prt1244"	-2.88015958809097	-2.07925342423648	-2.04281873041087	NA	NA	-2.56497887548334	-0.962896322409394	-2.44639693249114
"prt1245"	-1.39460175250132	-0.873975220594347	-2.58443670149386	NA	0.51156004757672	-0.107134701969745	NA	-7.5260197260225
"prt1246"	-0.563109753510637	0.629787177421699	NA	1.01057799162766	0.796716388983035	-1.4581445003059	-0.00757624739909313	1.15754391735003
"prt1247"	2.3975286569803	1.837222860045	1.26223945511573	0.279811045969749	0.0556290445933167	2.1687920542831	3.51867419279899	2.02574479200306
"prt1248"	5.58177206167037	-1.97678299288265	NA	0.211691893255401	-1.05625102334723	NA	-0.81129530605659	1.6007221653407
"prt1249"	-0.774026192968073	0.55034571500479	1.00507922005272	-0.160107562045872	-0.244506362476513	1.06514189824158	-3.63955887194029	-0.941628201025098
"prt1250"	-1.97190428720134	-0.262521891230311	2.33415296949426	NA	-0.977413503092	NA	-1.35329540325474	0.706600491037614
"prt1251"	0.523930978009978	-2.10554370736311	NA	-1.89020208587601	-0.583614557307733	0.296654267503218	NA	NA
"prt1252"	0.470086118106906	0.517637417913013	1.00128301138275	1.41339298464301	0.513906981337534	0.179647430904033	0.813048103215712	0.50005029481712
"prt1253"	4.91658870534774	-0.64452623308247	-0.301982425087485	2.6451795962595	0.602257147825939	NA	-0.997615590775094	0.722749771725718
"prt1254"	-3.766528819863	NA	NA	-1.43238244099674	NA	-4.45433014257333	-2.41929297245234	NA
"prt1255"	1.95706535462953	1.52706956034923	0.957862878352935	0.625485678478087	2.70691395168047	-0.204401145737811	2.81974270060056	0.903138511957896
"prt1256"	-9.80173347975009	4.75455424066345	NA	4.49162477810564	-0.622697427063973	NA	NA	7.29282453846468
"prt1257"	-1.29425604695206	-1.27192525059585	-1.27261158437985	-0.680811435490253	NA	1.27468644178987	-0.931425197347535	1.47183673005792
"prt1258"	-1.48080878385751	1.03728551863919	0.887946568411436	-0.838774096927921	NA	NA	3.15111342921025	NA
"prt1259"	0.784288278584506	NA	2.79258646931823	3.53574786014876	0.196699616384409	-1.5234136968143	-0.96180289140518	NA
"prt1260"	-1.12444425918907	-0.092157908982218	-1.5992089453936	0.298565210780104	-2.940601358671	NA	-2.32649553149178	-2.95625237562216
"prt1261"	0.597288217441933	-0.108331817772877	-1.20040899494654	-1.91104795315123	-0.560379373910534	NA	-1.21201389598386	NA
"prt1262"	0.910503132925638	0.92661137178813	2.84594200158063	2.66863113245923	-0.23726834079189	-1.86930337121342	0.584341649833892	1.88170838973547
"prt1263"	4.09979427993901	2.52854641613243	4.34593556884463	4.62189821205621	6.04142750890173	NA	NA	4.1140887951969
"prt1264"	-0.197575137595153	-0.151267332136972	-0.775953390377985	1.85227253611048	-0.140268082563275	NA	0.489076253765614	NA
"prt1265"	-0.0441338394788733	NA	NA	-0.229042824538764	NA	-0.304276740939013	-0.627216937468024	-0.189818312508999
"prt1266"	0.837234989825159	-0.755711227398067	-0.745575671110816	-0.385689053381234	NA	NA	NA	-0.738467031137749
"prt1267"	2.76308600024523	1.48206646324823	4.7122905365057	1.27594697313094	1.91348087756771	-1.99186015390378	0.315988313481615	1.60304248617295
"prt1268"	-0.00326599280540396	-1.97159970285928	0.526705300549199	-1.23366545508552	-1.26427395820159	1.87199966105291	-0.186934105721208	NA
"prt1269"	-3.03650221926575	-1.59034293222361	-1.42527892133519	-0.949735825785835	-1.3197738982148	-0.0191772682069572	-1.1054937811857	-0.784370682831618
"prt1270"	-3.31380486292611	-0.880691082976226	NA	0.00564215318053886	0.999885893380413	-1.09967983064843	NA	6.85362826965061
"prt1271"	5.76054554554894	1.85064590713127	3.55993702767587	1.35409537555157	1.13433330332915	0.410305638715836	2.60881437404628	1.77733573614386
"prt1272"	-1.67023739642016	-3.74604553531964	NA	NA	-1.48296278334803	-1.68177640141281	-1.90295598568178	-2.12806792916365
"prt1273"	-0.291457166553712	NA	4.70536424916988	0.0331772563142461	2.17275067620186	5.68177236066416	3.9743413042773	6.22562382441067
"prt1274"	0.267269301663378	0.378921521448413	-0.754664711187354	-0.851706452987996	-1.75530207009208	-0.182397194283761	1.08682500622938	-0.470504508857371
"prt1275"	5.528419805974	6.06638093790504	2.77910509764993	NA	3.79425846297518	5.00514460658634	5.17865683414557	5.87132736799153
"prt1276"	1.0908829108085	1.17639064927634	1.49214458683722	-1.07237043022368	0.718046570424006	1.77795168069862	-0.80987397809885	1.36318846218676
"prt1277"	NA	7.82597445192122	6.89858369165065	5.61939866120969	5.00666911280351	7.28299854299839	7.13283498275217	5.83402262996829
"prt1278"	-1.07283985294042	-1.48124116269387	0.545189994652769	-1.50202959611999	0.406217592362034	-0.0686985006739454	-1.1023767897968	-0.490827411714318
"prt1279"	-3.63670525377598	-2.6091504945901	NA	-1.65178148458182	-1.23440811212997	-1.11684632107504	-4.40965603394562	NA
"prt1280"	-0.182142356176984	1.73853522931927	1.18441966708382	2.51707358986679	1.43282054822361	NA	2.51791638139169	4.12275959951223
"prt1281"	-0.883738628554547	-2.11232269940657	-1.53016893286656	NA	NA	-1.58843703649339	-2.05916507504504	-1.56736884473866
"prt1282"	-0.589527844447726	0.6429276180616	-1.41404353374418	-0.4582271580108	1.44594728104364	1.21114064362611	0.207949632457462	-0.549448651171407
"prt1283"	5.04056145717109	4.26042116898154	4.15608550745367	4.51033405531302	NA	4.39333148194183	3.39838149803879	6.64790186964007
"prt1284"	NA	-3.88543260223242	-3.79675531792751	-1.4055241405635	-3.33240509460004	NA	NA	-3.92738657947
"prt1285"	1.64638210486863	-2.70038660208147	3.58819485146023	1.34252831517082	1.68058010817409	4.72225192032652	2.87400643052451	3.81768758153927
"prt1286"	0.347705851826555	0.69723703171814	0.143894885662795	0.519276056981793	0.393991662212337	0.755631703273662	0.0904680423082889	0.826214331226068
"prt1287"	-1.0125763784709	5.35177560733654	0.625135976144952	1.64164686940629	NA	1.22039224809451	5.94849502445236	2.27599239886823
"prt1288"	-1.54219108109639	0.0707233445294179	3.2804867658059	3.17438439465957	-0.847214956604875	1.09225587262344	0.3034074786519	1.64076498465769
"prt1289"	0.447161815021259	-0.792815033820514	-2.0430268525636	-0.761041349257924	NA	-1.9572894074082	-3.95173001269647	-0.819059175255743
"prt1290"	-1.97268288474564	2.11536781258514	NA	0.0351933004988975	0.705286070869425	2.55781958581019	1.50132007197226	2.63032825479798
"prt1291"	-0.866304356466894	0.97778998286963	0.814832615277788	NA	0.0278841235293168	-1.02711026144539	-0.44524124337346	-0.911106969268097
"prt1292"	2.74565555990962	2.49987230910032	2.57533767617176	2.4049068837655	2.78265608417241	2.02769269422247	2.57507403623975	3.63032910752831
"prt1293"	1.3519337990237	0.760403242303521	0.853078802171414	NA	2.0473675687227	2.14130887889714	NA	3.45169942288873
"prt1294"	-0.843699152569778	2.63141149485481	NA	-3.89572799361991	-1.36342406644628	-0.926898355609737	3.51596232590517	0.546666644276447
"prt1295"	1.95799686042188	NA	1.04915901486817	2.15754112850232	3.47867077329319	0.808351492552833	0.551562266679462	1.53504163372651
"prt1296"	0.171151469915412	3.3515451741039	-0.571990460968063	NA	1.2284413113949	-2.12554218461977	-1.9214510640019	NA
"prt1297"	-4.17629574901465	-4.12976709894796	NA	NA	NA	-2.05443172351034	NA	-5.39198397739498
"prt1298"	-0.365747796482868	5.02747299224822	-1.61339760706766	0.182099125752753	NA	NA	-0.192672064552238	1.50917484741658
"prt1299"	NA	-1.67839163447853	-3.1512966504258	-2.41716185577947	NA	NA	-1.49747875361896	-1.357283020159
"prt1300"	1.47526873878267	4.24996081476657	3.15150960640396	1.33490682752136	NA	NA	-0.203251783283884	2.82729495736539
"prt1301"	0.52422016505101	0.935651224152455	1.05289538624495	1.78651399544765	NA	2.50678692953795	2.11818351637347	0.93418418644228
"prt1302"	-1.7919263641866	-0.860080341955961	-0.0684287126847719	NA	-1.43272439273822	0.330507022957072	-1.31934700096779	-1.7702609482018
"prt1303"	-3.21523424600542	-0.118299024463571	NA	NA	NA	2.47661504556196	NA	1.25202059971064
"prt1304"	-2.12622052000103	-0.152200602646903	2.12984795593885	-0.743042852499297	NA	-0.8607269911859	-0.433713467604977	NA
"prt1305"	6.21671670880988	1.27972122578782	3.85131348367243	1.93453893135756	2.327953291611	4.88064703571208	6.35822356761803	4.72925954499618
"prt1306"	2.14217568020295	2.26787765943987	-0.0920309648881997	1.88585438964121	0.32139306866722	0.96811514832545	1.6179189250187	0.266730291727079
"prt1307"	-0.104714799893464	-3.31291811089284	0.874547719911077	NA	NA	NA	-1.42434304238916	-1.50721614884861
"prt1308"	2.3613298766133	NA	2.05424662369271	0.813562145912763	-0.0466280646666828	1.02853837095257	1.58554999142874	2.4442829597136
"prt1309"	-0.0385445310173427	-2.27667046317994	-1.04510450105589	NA	-1.34111156364171	-2.3571023567812	NA	0.958663304473585
"prt1310"	-1.9440846857838	-0.837661461970887	-2.05417114784917	-2.15725146386707	-0.268660892107308	NA	-4.64421516407013	NA
"prt1311"	0.822562714223807	1.90757245645256	-1.07709696549378	NA	-0.377238723163617	-1.37789052784106	-1.2774355960738	3.1611553805767
"prt1312"	1.97567952646776	3.57953893214539	-0.160352284515335	1.75912100147032	4.7195532307249	1.05535302930983	3.83016203966752	3.61481882718274
"prt1313"	5.83250928409146	6.08590888742294	2.29779220994857	3.2747812150126	0.59316845514891	0.869643404082086	NA	1.41239347449356
"prt1314"	4.72632024068434	8.29910145566098	7.16285069772162	5.34936616176471	5.38964004805436	11.840455246133	1.6331467720242	3.77744955911272
"prt1315"	0.739607052297946	0.133446929584094	-1.19365124590144	0.0523198841489685	NA	-0.499137616096861	-0.612970319721926	0.115622707101691
"prt1316"	-1.2315862195314	1.89995232463912	-2.0737689377995	0.757722760549705	-0.223878712251381	0.632273535746998	-1.35426439752636	-0.668374521179065
"prt1317"	-5.19668793565086	NA	0.496834160078935	-4.49336314465817	NA	-7.91555475180368	NA	-1.92937818346129
"prt1318"	0.323717597968036	0.0750152597648578	NA	-0.946281521766307	3.2609553732505	-0.324118932093503	0.257824265397945	1.18828856091046
"prt1319"	NA	-0.553275486281421	-0.713031062310706	0.547799542580187	0.083689879457499	0.0634699611262346	-1.22342808132136	-1.06800493890632
"prt1320"	-0.437990189851376	-1.74223087895763	-1.26559737428065	0.76572226209252	0.98797935503323	0.932357198281928	-0.37611515671221	0.300238009457972
"prt1321"	NA	-4.79336433859992	-6.30657854697596	-5.09436114290975	-3.93218347264272	NA	NA	NA
"prt1322"	-2.1061109583406	-1.42913233991125	-1.00108790878516	-0.939082859331221	-2.56952400780948	-2.25035363350462	-3.89119391327898	NA
"prt1323"	0.108665402750478	1.741041464299	-1.33328572527493	0.607968809872788	0.838828197952637	1.33221191358197	NA	0.537851602689392
"prt1324"	NA	2.88621961724476	-0.338070042458714	NA	1.62289466080227	4.68906135513657	0.588856219960539	3.75631483528889
"prt1325"	-2.15540142627515	0.510767449793274	-0.185966917173324	-0.523661219291081	-1.07902384142687	NA	-1.57962578499709	-0.123452098737488
"prt1326"	-0.444564378831832	NA	0.0072575781251224	0.0869399334681759	0.0577082583585295	-1.62077044103316	-2.21188856151007	1.46599975336738
"prt1327"	NA	-0.818891720942226	-4.53366194708686	-5.76435925076179	NA	NA	-2.57860371016543	2.0314333335076
"prt1328"	4.36613296049226	NA	1.0153975726163	3.05751859229395	5.22032320257511	1.14897059309562	-0.0251306405845626	5.47326149449417
"prt1329"	0.927116932979964	-2.97207859790402	-5.08478433555054	NA	NA	0.887733717893421	NA	-7.07257090457209
"prt1330"	3.57309223044375	3.73262724931248	3.15888617666662	4.41319441440646	3.84964786399914	3.36607172820374	4.1207903687574	3.61628858641498
"prt1331"	-0.579564118557363	NA	2.77707932488081	-1.26325245531227	3.31651034429898	0.9200620351024	0.446523187995958	1.92044940131287
"prt1332"	-2.91299069572225	-6.09995007433457	-3.20707234379329	NA	-2.14981803023142	NA	0.531227556893085	-0.0625851139980069
"prt1333"	-3.35877663513043	-3.86410111601564	-1.03817148838494	0.0466880726264481	-0.960432723899947	-2.73773629484172	-2.26128556166757	-0.445039843568721
"prt1334"	0.843149475868906	-3.52431424865994	-2.0150407177564	-2.30380941666999	-1.23448932572157	-2.30837869482109	NA	-2.83520915393321
"prt1335"	3.5706987620709	1.89602147321347	0.366050943683815	-1.39338805164996	1.26938180078539	0.636250270623023	0.480245270524833	1.54841522365877
"prt1336"	3.88851827020296	-1.66462328850875	-2.32782434179568	NA	-2.08747799922292	-0.808665002794534	0.8594322916946	-0.955156424797184
"prt1337"	2.80434018364317	2.3722372168282	NA	-0.349185502664608	-1.57828697810967	-2.42214400376862	NA	0.613573394293809
"prt1338"	2.2972456199601	NA	2.11636559570802	3.65854558765311	3.06175010651095	3.49294251454689	0.786154061431527	4.34101762982031
"prt1339"	-1.98386125966275	-0.0658374920139372	NA	-2.05247890062902	0.61271489690162	-0.874939136477457	0.555693281242486	0.908809539481534
"prt1340"	3.13516904045705	10.1434425710481	5.29234134689645	1.50797338072872	11.4840147373053	4.26407079007645	1.59341151649271	-2.28496755794701
"prt1341"	-1.12347091694208	NA	-4.24926866459554	-3.95105187742753	-2.29477236557173	-1.69290999007412	-2.60969375110307	NA
"prt1342"	1.92866461478258	4.65712922602407	0.93448922739051	-0.0287188801799019	NA	1.65509517147428	3.93145347950642	4.423687227472
"prt1343"	-4.86613728619598	-2.46057800336802	-1.50079478096545	NA	-3.75269683110553	NA	NA	-5.23634975379709
"prt1344"	2.85331498192741	NA	1.87261211611885	-0.420181517824098	1.63427334548238	2.78178833567969	1.52693405796718	3.9514039042621
"prt1345"	-1.0842508172777	-0.154588291037464	-4.64458262238218	-2.45131399434263	1.66949519439464	-0.983341985289207	0.850007261306216	0.323974531043046
"prt1346"	-3.28182197996807	NA	-1.47145902484281	NA	NA	-3.68409499713869	NA	-3.35153152140384
"prt1347"	0.0357794075236178	NA	-3.26471875098491	-2.94304341094707	NA	-3.66680765857073	NA	-0.206160166829576
"prt1348"	3.09858498801299	3.90700717639092	2.7651408961731	-2.30552428492125	3.37852822707641	2.55502457797395	1.46569996110024	NA
"prt1349"	-4.30359656663751	-1.08538600204102	-2.2663309023929	-1.5095830170478	-1.90852506408317	NA	NA	-2.02204592721804
"prt1350"	3.35616613686059	-0.169726275897117	-0.283086834284236	2.49628190271362	1.26416289540597	1.4537923826047	2.2515236739065	-0.0239851952478962
"prt1351"	4.80630928898099	2.50502232736395	1.44311139835175	1.31380624885087	2.69412570898858	1.30453927045768	4.26153505471229	4.3822144109343
"prt1352"	4.22628018838828	1.39103007272857	3.24555549404366	1.01588076123737	2.0243473853271	2.9043348292642	3.1610650579804	3.67630228103957
"prt1353"	5.11871682906745	3.28160680264423	4.11976586823105	4.23960795492784	NA	6.62436452120749	3.37399293987393	4.42771384465801
"prt1354"	-0.0455901985937869	-1.58598454587624	-0.45481510199816	0.896977210999381	0.597914218555438	2.23713677686186	-0.21318054677707	-0.886739888035456
"prt1355"	2.98968163472372	2.89761735101385	2.08183961655913	NA	0.524814296674458	2.95056143238603	1.45937270248411	5.71100820835291
"prt1356"	0.76150407603378	3.05161170820495	1.00032478234697	0.590923207115233	2.52501502744404	3.51686159747951	1.17293223115003	3.16660689561989
"prt1357"	0.140658226585458	-1.07946752936692	0.237151666564167	0.405170233199334	1.60323361488549	0.449913888944999	0.0251141758592182	-0.682905025123979
"prt1358"	-2.17830395345185	-1.29877665251865	2.92307034652048	1.15477586750403	NA	-4.00177563715075	-1.486151882366	3.56207711825439
"prt1359"	0.407654729212594	1.23872118211438	0.92194575456463	-0.0221457284336539	1.84316780675627	0.94215650326818	1.32369033061174	0.725594358012864
"prt1360"	0.890631561903527	2.13058667908192	NA	-0.477565372211576	-2.01461077831572	-1.05548699377287	-5.66995945047741	-2.63010174107019
"prt1361"	-2.9403547806983	-3.68846701070926	NA	NA	-2.14171789863594	-2.64444390092312	-3.10229751476101	NA
"prt1362"	0.12790099532822	1.98992950050363	2.84509718544301	2.09690604631071	NA	2.28011768849533	NA	3.22991806447746
"prt1363"	-3.00314053811247	-9.6250615467458	NA	-14.1491099032409	-1.45072453552339	1.66366391505235	NA	-4.9963370228651
"prt1364"	-1.12986916214555	NA	0.417571858704844	NA	1.6269496354654	-1.5587259446201	0.866657549375018	-2.55399722072374
"prt1365"	0.0347262823305703	-0.910324490720035	-0.93080326975897	2.02723747135639	0.76751889618772	1.37492394728704	1.26843271255973	-0.363188417425063
"prt1366"	-3.46023009204156	NA	-1.31756131776113	-1.81198442464959	-4.6732189207905	-3.23733723279199	-3.48916862339869	-1.77601690217269
"prt1367"	NA	-0.0245492872742001	-0.823636638333053	NA	-1.36315491212995	1.88888112654071	-1.47381446718163	-2.93784748129851
"prt1368"	2.80642429316765	2.15253488900826	1.39370813930021	1.64877631023908	-0.110981653686652	1.84379813151829	1.89380183495708	1.97870198689263
"prt1369"	-31.4682636166155	5.79741045328053	NA	9.01810224580718	22.1943015223381	4.8757923202517	NA	2.77178154485848
"prt1370"	0.359635847921707	0.432314361197123	1.57530256966285	2.86082539899239	0.412569560439813	0.0240732248166904	NA	-1.26333673761363
"prt1371"	0.634048749223418	-0.706037884739523	-0.144389281198975	1.88147381335727	NA	-0.183014329676958	0.883397881385037	-0.0168304302976899
"prt1372"	-1.0437758787972	0.482089171728463	-0.113689266105999	NA	0.635235843642752	0.34490080150959	-2.07513605694155	1.86958246281791
"prt1373"	-1.8295925084675	-0.0750462207803984	-1.44441202969837	0.656172266527698	0.623680094787368	0.605819989008872	-2.11162751962027	2.20610339813517
"prt1374"	1.69104544058971	NA	0.199726622177611	2.97798584404374	1.07876922574148	1.84602596930456	NA	1.82430550546441
"prt1375"	-2.11966037867481	-0.366876262977561	-1.31772506564615	0.888057973622708	-1.40789778526891	-2.29603208406566	-1.52011293029344	-1.01339806291786
"prt1376"	-1.42911866304953	NA	-0.132258996872827	1.25850747217788	-0.943290357618588	0.944801791983863	1.32974241036253	-0.960090525949144
"prt1377"	-1.50735038954195	-0.353074404529123	0.711072598747495	-0.809713697503356	0.409887771794513	-0.0611354144582705	-1.15536668521564	NA
"prt1378"	0.372519397071003	-1.7206605928937	0.601966127239242	-2.56415889737939	-0.741551193003947	-0.152724646107599	1.85335633455531	-0.307413362755598
"prt1379"	1.16640957118521	4.00125805199203	-0.641101022919726	1.48129918441126	2.31958202979065	3.4991143944582	2.45566059322038	5.96666174885994
"prt1380"	0.0137486690076372	1.31179263735995	2.08803651169213	3.22316479542	-0.0115430414692368	2.74005736712224	1.7635584757486	1.90647950497311
"prt1381"	3.26160763190908	2.82437618914855	2.19835295331286	2.77442454417527	3.86594142329213	3.55269361508216	3.74705215341518	3.33316767412622
"prt1382"	-1.70548859505358	-0.262155703118844	-2.54663189010877	-1.90059796662778	NA	-3.19622563482285	-0.123614650658442	0.885344087874154
"prt1383"	0.261130717616703	-2.01745333769704	1.63430161479477	NA	-1.34512400373065	NA	2.42710790735428	NA
"prt1384"	2.65440304818057	-1.40935584388396	NA	-0.966498305984478	2.05615046720478	4.16912273716264	2.49387592277854	3.39302721628061
"prt1385"	-3.86580086356106	-1.13725825768761	-5.61209762678695	-2.78233000164923	-3.19219308937906	-2.53339860825333	NA	-0.569946836544371
"prt1386"	-3.2280369771709	NA	-3.91539733691764	-2.07021737047288	NA	-2.63299492174925	-0.222404579912157	-2.24071452893977
"prt1387"	0.500630318895274	-0.901382926889476	-1.14365204958509	-1.08021132112268	-0.331265742034696	0.555388372247799	-3.22430786984434	-2.42130452870108
"prt1388"	0.292867756094238	-0.375258664793131	1.23402584083991	-2.10022248047659	0.601232192630808	3.11423213796047	-0.778681336372965	2.62603596679187
"prt1389"	0.678721142874993	-1.32516091241658	0.954430995113512	5.95135112239147	-1.03340311761893	2.42231591998047	0.00376487845065476	0.0436876151507763
"prt1390"	-3.75724779394135	NA	1.53422873573028	-1.82259777618302	4.04673804508254	NA	NA	0.866464077624537
"prt1391"	-3.85481818567354	3.88136796421702	-1.72651096289683	-0.0098268624897111	4.11167344688519	1.25997321329709	NA	NA
"prt1392"	3.45493008387509	-0.551352545065022	6.34075909099017	NA	NA	4.31863524630497	4.18602149577448	-2.83962303769772
"prt1393"	0.27280483659831	NA	-4.19544114347402	-3.60396193423433	NA	NA	NA	-1.66671488249635
"prt1394"	-3.23003019142439	NA	NA	-2.59219047395901	-5.98681791900032	NA	NA	NA
"prt1395"	-0.0763713495937439	-2.51990732423097	-1.2725048241585	NA	-1.50395750508981	0.612138537506775	-0.461581344615652	-0.809321826051721
"prt1396"	3.63731936494425	0.323590159180486	1.86216040964315	2.03558793162253	NA	2.30897841188398	6.97194813984288	1.75839284196537
"prt1397"	1.93972493052215	-2.30048252484081	-1.01974933552458	NA	1.93028925653183	NA	NA	-1.01545572464238
"prt1398"	-1.1559312382805	-1.39557348016301	-1.31612545254523	-1.21753274329259	NA	NA	-1.04897982052705	-1.2837717486724
"prt1399"	2.76837776859731	2.18847937436115	3.28087592139495	8.54099641578382	2.66264245105902	4.06859099812983	3.89288969345996	4.25614383384095
"prt1400"	2.75401802303784	NA	1.76186049420404	-1.23547936452398	0.073371821844758	5.06131388331555	2.50142089320079	-1.31857698065794
"prt1401"	1.81476245061353	-0.0106435201538457	4.82180333376902	0.682375670079755	0.802921982042622	0.997503798410664	0.379339044667625	-0.527998911212974
"prt1402"	-6.9852021395415	-5.16874012903295	NA	NA	-3.03431634225249	-4.51068045977056	NA	NA
"prt1403"	2.1237315109364	2.30591015735107	NA	4.53119371690711	2.00309426807771	-0.50764812476276	-0.65465988158707	-1.22862122818735
"prt1404"	0.882229499032977	0.787673534654216	NA	-0.307944503724169	0.613873575796174	NA	NA	-2.19464832593855
"prt1405"	NA	-1.48703179668552	3.4708748780162	0.916317279622931	1.95828573399865	0.385710810124421	2.94589928805686	-0.289529760394823
"prt1406"	-0.423627854799877	-1.41191849066912	-0.756157938521186	-0.252570309979838	NA	-0.253064352100841	2.74228835161081	-0.0640000415656066
"prt1407"	3.26497980468601	2.02287425717578	3.51593716212886	1.64626795995823	2.81321626959504	-1.36169688360619	1.36642180106558	NA
"prt1408"	-0.0462913583763297	-0.785133551477017	NA	-0.583606610314945	0.265132222267574	-1.92706080206163	-1.45762259997182	-2.35147759284845
"prt1409"	0.234639744121001	NA	-0.665113165442526	0.790735600140641	3.77279800212994	-1.18243396808424	-1.3337650371472	3.66168236067561
"prt1410"	2.86214942378302	NA	5.17603179364436	5.59333641313644	3.00565042105676	7.018533228566	4.81911421905732	4.97805864821617
"prt1411"	5.05232776409097	4.65811744166098	1.01496161857382	0.432877708221629	5.4648369535106	6.02069986465469	2.45155458857339	2.14387497324349
"prt1412"	0.0588421877725331	2.43171794810512	0.415047834136316	0.502750639178394	0.306522355999083	NA	0.585446890092299	1.51968962812141
"prt1413"	5.71825375218773	NA	1.42476777424754	0.950373159348915	-0.0870401753563788	1.81579522635351	1.01853444332953	1.05223377042432
"prt1414"	NA	2.32481376959653	-0.0935924411032631	2.87484180068188	NA	0.17732832809023	0.0500136497236554	1.59741438761566
"prt1415"	0.19409295462664	0.290864601425408	-0.230071186525697	-0.0554555428651313	2.52779275244994	NA	0.342372710434683	-1.53795552652699
"prt1416"	3.57177074193415	-0.102189697225277	-0.65597393452971	2.23082344022772	-0.00036802614718115	NA	NA	1.69894571340003
"prt1417"	4.66058974724383	-0.0105908448687049	NA	NA	0.540155501999342	-0.182796809974452	5.45896142972413	-0.137911454666551
"prt1418"	-0.62446718452516	-0.808046290218939	0.223755721861631	0.713390631969081	-1.62551845427862	0.0694034593769534	-0.578404596239497	-0.537421486311688
"prt1419"	-0.945449366810007	2.20625903100116	-0.208385920503008	0.0301735763331822	0.262095634477848	-4.38529284680689	-2.66625787397999	-3.01396468154041
"prt1420"	0.496155354914209	NA	-1.54566046745196	-0.980121731302419	NA	-0.25843883701678	NA	-1.03978829506963
"prt1421"	3.0069498473282	1.30119887018685	2.18809758582616	1.23072193113277	1.36585929930449	0.849173875562517	NA	1.05161092171495
"prt1422"	3.74730260845533	0.662939261690308	-0.646041944486428	1.79569150268719	2.13417834863408	0.488566800477648	NA	1.67000176809313
"prt1423"	-3.1569898485216	NA	-0.767789416313925	NA	NA	-1.33118666739956	-2.77223526896383	1.44644165611966
"prt1424"	2.56395688934401	NA	1.95756767675079	3.51035021022832	2.83483357086283	3.52080763058139	1.17279025860631	3.09567515870876
"prt1425"	NA	2.13741350538334	3.20674966192942	4.67158492466184	NA	1.10274653936125	2.63047987614294	NA
"prt1426"	-3.88972434536153	NA	-0.394822157453219	-0.0203276585999571	-1.48064176717672	NA	0.409082817340708	-3.16636372620235
"prt1427"	-2.9899418621085	-0.315937439992641	2.05717209938297	0.28347507223443	0.093375640963136	3.14415612600234	-2.2395788508284	0.500092283184854
"prt1428"	3.4784092953207	3.48533546655769	2.9156686738595	3.29885127928449	1.67940325023321	4.62317906598031	3.31720375700983	0.264944831043515
"prt1429"	0.827742234561874	-2.05765971182515	1.10553596656567	1.14469482893866	-0.339740713737913	NA	1.53672430732465	-1.60841471764056
"prt1430"	2.12222946284552	0.78068817845971	1.17648215542159	NA	-1.46287538300399	-0.221901345287401	0.685463310341643	1.60278338298048
"prt1431"	NA	5.70331128693833	1.44549771377335	2.86771151652939	5.59379117487754	1.52387025423571	0.303818843700408	1.5362535191852
"prt1432"	1.86357521494876	2.2017704079295	1.54718309542629	-0.355876191115478	1.56608975109943	0.821454631684068	0.98603518872561	0.837018438280703
"prt1433"	NA	-0.382463741401756	1.8533039924089	0.00764766334512407	1.53633695891211	0.52699809614724	0.0848299835604708	-0.614616858144226
"prt1434"	4.64748671164363	NA	3.04156767657181	NA	1.888382203032	2.16123042043656	4.23647957015826	5.89047553535678
"prt1435"	2.84111447855504	1.28068823918588	2.65274130690878	-1.98783078309455	NA	-0.952112427584736	3.321766297249	-0.223621562990977
"prt1436"	2.42092380463312	-0.0802678381832596	0.896599214569542	2.38630247589964	1.97440877075515	4.17467600345399	3.458540758365	0.080145629709651
"prt1437"	-3.53373654500987	-2.00870703877783	-1.289386864449	-0.811545111063225	-1.61785573831391	NA	1.65244104913726	1.3817616511927
"prt1438"	0.308461981742946	-0.36448666340455	0.438619484138844	2.48782765499683	2.69416144000964	0.277088982717258	NA	2.30010643755091
"prt1439"	2.98897182802661	NA	6.24744141184208	5.17233038996901	4.48185434903741	6.59972731082209	0.727259541864974	1.81854402760928
"prt1440"	2.64638264382783	-1.20861402473125	4.22120643135318	1.11729851055166	0.730410431197806	2.06411310863343	0.382165186137797	0.781638049304795
"prt1441"	5.77014942125923	NA	NA	-4.24775055564161	-2.10182240349456	-0.508580110804183	0.279228005519695	-1.03535912418222
"prt1442"	-3.35026258534625	-2.98103623939205	-1.94988736231593	-1.92675313912931	0.836392031138638	NA	-1.94546668028215	-0.228392089682663
"prt1443"	NA	2.11073141997471	3.01695941643914	3.4274410430603	2.61130921840635	3.85122770617767	4.43304661947413	4.41585887458428
"prt1444"	0.541267783585715	3.22735918350487	2.543375834064	2.05805740288156	1.48684349247339	3.75945033264668	0.576528747067036	3.14502685435044
"prt1445"	-1.13496613078253	1.78740291497955	2.74149570454494	1.62750067063116	0.641589781960721	-0.867966382236676	1.57760674803409	-0.0401420112902811
"prt1446"	1.11056086347991	3.99581392560783	0.726144348145125	1.31660243102569	1.16129316349348	-0.512749619261182	NA	2.89011301662135
"prt1447"	-0.358676986015473	1.54053307194362	NA	-0.0497448430397556	0.047052821124102	1.48275433391929	-0.934255969289258	-0.432572483578144
"prt1448"	NA	-4.49681251976309	-1.86216727535105	-1.01261673975468	NA	NA	0.192126174595123	-6.16104073468846
"prt1449"	3.23348887050807	2.30222155425355	3.30632226295156	NA	0.0584709416986877	1.1829944394136	3.06457665423414	3.97351960897198
"prt1450"	5.57206194185657	4.42551979708221	4.90532936921428	NA	4.15890104371789	4.267777537381	4.62077831814969	NA
"prt1451"	1.26255246316673	2.12297371372181	1.10196017864928	0.806631877179196	1.42060409732655	-0.346518494212255	1.77860982424881	2.14050600310113
"prt1452"	3.42796864597896	4.31846584104497	1.27529525220189	1.83851372581874	3.53782518886465	1.15991090484813	4.59925715246545	2.26243324744658
"prt1453"	0.639276827444435	NA	0.427299676215427	NA	-0.946256349761511	0.0419154964085261	0.468420819357817	-2.14807760080774
"prt1454"	-0.668992132074393	1.36376221318409	1.25411529269637	0.563702938836743	NA	2.49550069661935	0.808419360129898	0.446895426946332
"prt1455"	0.292293354491667	2.90440434582444	2.28352694521129	1.83998805951185	2.99550376141081	2.4871873463205	3.27299617344779	1.58066111338873
"prt1456"	6.61073462440427	4.84478799433832	3.03592832348516	0.90127367123371	NA	NA	6.12437815149209	6.72334763288974
"prt1457"	0.834677182892155	4.11252276091678	1.48799170817548	2.26272245425928	1.06962644128698	NA	2.12595950733555	2.53646236429194
"prt1458"	-0.0957313515645663	NA	-0.136676957387931	-2.49108248559918	0.213541103104358	1.15439703290272	1.14886459442531	NA
"prt1459"	2.02400785466477	0.20058705498978	2.11658196109067	NA	2.29827923457168	1.16442789815327	2.97548365918023	2.36280422961831
"prt1460"	-3.25471953069861	-1.6334003017895	NA	-3.75053204431125	-4.82010408678588	NA	-2.51771770754984	-1.84490417208027
"prt1461"	1.72270348644666	1.36603034551824	3.61579520212625	NA	0.951904431693979	1.49811345350455	4.16578139102277	1.95988981553918
"prt1462"	-0.865550344981395	0.706476556888101	-0.744623187496527	-0.851543615432467	-1.21455395585601	1.52952880682469	NA	-0.381385383947758
"prt1463"	NA	-1.54848338015066	0.424369234245042	-1.34973079381302	-0.315468062378789	1.44769631046604	0.273986447192627	NA
"prt1464"	0.784292499460021	NA	0.27076444621654	-0.0615162020304134	-1.94787914360745	0.219848967859953	-1.30439129613942	NA
"prt1465"	NA	-0.707733371950853	-2.2663071424474	-0.295770342232732	NA	0.173978527789131	-2.73660177607935	-0.491792463924444
"prt1466"	0.933522717165303	NA	NA	NA	NA	1.14798436573328	NA	0.342523090160934
"prt1467"	-3.90949827036959	-0.78417048153905	NA	0.611596497499459	-0.893149711202809	NA	-1.78523842038991	-0.518959417050033
"prt1468"	-0.151770732897685	0.727398801126924	-0.209094993642105	-0.119270596874274	-2.38085896284101	NA	NA	0.0861341010090489
"prt1469"	-0.830958702904868	-0.822510864829098	0.143233365278454	-0.911482695876546	-1.40081643262472	-1.51631286946003	-1.64167710410725	-2.34341263372385
"prt1470"	2.22156341888899	3.63639070666298	2.35322249120044	4.94946440774577	2.68308563208672	3.07986630500573	2.30952117163565	2.45030505281247
"prt1471"	2.77100141683307	2.62845572121134	0.761719757925801	2.36370798062904	NA	-0.0397901037210108	1.4670605246397	2.65769392343215
"prt1472"	NA	0.163091671575374	4.24735701242209	1.74472251118749	1.78997227985509	1.29049038162924	2.00228307988941	2.07013015460014
"prt1473"	1.39325828625898	-2.26305309646923	0.502031517493456	-0.159308117364252	NA	3.77786332595544	1.72606524669342	2.3432757587262
"prt1474"	-2.23804736048408	NA	-0.914539147141486	NA	-1.77602920150883	-0.683248123893194	-1.26614857534622	NA
"prt1475"	1.10270006238153	2.27335193626186	3.55392042264718	NA	0.0396781877450392	-2.61632886442394	0.55185465904985	0.405193978313603
"prt1476"	0.278243277515944	2.16121350661659	1.04680020443661	1.54318804325356	2.24965367195364	1.50437074643378	3.63634742529646	0.352202839609528
"prt1477"	-5.77372579182646	0.690423940344102	-0.744487209382459	7.68784212074435	3.2304454391778	2.60888735163382	NA	7.19502828122328
"prt1478"	1.78173691919301	3.80645404822828	3.64772450473624	5.08024738303997	5.35893233341423	3.32360441860117	3.70778898332372	4.58291000997237
"prt1479"	-2.9875389508367	0.521171148634952	-5.88934046826039	-2.88887687911515	0.627434486147224	NA	-3.17829031621169	NA
"prt1480"	2.19926300361922	2.39898915190817	-0.426820622644485	0.614554953967092	1.70196871897197	-2.95509097918195	1.95943105361507	1.50665467613123
"prt1481"	0.96494342003168	NA	2.79916565091536	4.00087656250546	-5.61323394807479	NA	2.30531715146996	2.96424230787253
"prt1482"	-4.18579811794535	-2.74224604567151	NA	NA	-3.65065171827203	-3.74254635926556	NA	-5.4633861785928
"prt1483"	-2.5123904792586	-0.215929545370339	0.340005864561833	1.28999669935791	-0.292493965353376	-0.532307939536793	0.964204154244298	-0.456904329558789
"prt1484"	-0.362112388704655	0.843209919841446	0.43381039025498	0.618505903669152	0.297908530702922	0.519084821112791	-0.0776205810943242	-0.66068507187129
"prt1485"	-1.49902520377285	1.59802828680591	NA	5.37133790468778	-0.57319597124459	6.32303387743627	-0.0499285876338846	NA
"prt1486"	3.45030088104418	1.24934411606796	4.97491145323138	3.08015785380932	1.64121000238856	NA	2.07996614649526	2.44876751362681
"prt1487"	1.13569398359867	1.13371513732651	0.400633492037433	1.27657703638358	1.64049526960494	1.49746542439607	0.192819458327412	0.633287733709031
"prt1488"	1.82808609093287	0.673428252378596	3.20673217467519	2.91529517469474	4.8377690568229	2.75049480840852	3.91106240274134	1.78028589614716
"prt1489"	-0.837303412481396	NA	-3.57277518625069	-4.71215500709979	NA	-3.0762959714135	NA	NA
"prt1490"	-1.62243591973692	NA	-1.21599624422788	-0.818550558378529	0.359818622244256	0.394100145730629	-0.905460993458338	0.469462218975152
"prt1491"	-0.699563918096688	2.54379329787302	0.264701179695606	NA	0.271774597498904	-0.451940718948795	1.98023672055904	1.03378126470344
"prt1492"	-0.642349151118081	-0.603457367423026	1.84793938933268	-0.75323813259969	-1.36792566165431	NA	-0.96810114804141	-0.0890415834590982
"prt1493"	2.26919106154401	1.64467826211438	1.21983025816059	2.84157204184601	2.30407524786224	2.05472228413881	1.2965113648732	0.866250553746668
"prt1494"	2.785947775872	4.69159689874891	0.537981611826881	5.1302860891979	2.71013883151242	5.6896792273257	2.00583401182629	1.96669264069409
"prt1495"	2.6781269198702	-1.20427882756273	-1.29382354691539	-2.17025792947755	0.718086876994721	3.54365835442242	1.67887210859234	4.59985373159615
"prt1496"	3.57985374473128	NA	4.19896147717411	NA	-2.71399324846041	NA	0.0378566682648536	1.95172708429245
"prt1497"	-0.893487176459134	-2.0268555534819	-1.54296411715486	-1.68669326796072	-3.80840349019715	-0.916904257641433	-2.04134779267285	-3.02985198103686
"prt1498"	NA	-0.118097730235106	-0.0576616509188401	-1.35749226952979	-1.39018952192861	-0.98098878210912	0.0985581073686034	1.44375747255247
"prt1499"	-0.474903342668381	1.07395790487536	-0.286515516456941	-1.06145424472367	-1.45878725308958	-1.44835807385067	-2.49297653236035	2.26094831648212
"prt1500"	2.91398097470872	-0.384924528279669	NA	0.897005576731029	NA	-2.92206036126034	-2.82895938467529	-0.910792833879592
"prt1501"	1.10538505687837	2.00607149870887	0.298200156328711	3.04036953388586	-1.95484690678295	1.46808649102983	2.95805951799774	3.82061142232126
"prt1502"	-5.4322887179435	-2.4598097524079	-0.482258597099946	NA	0.21441528122772	-0.359360511211673	NA	-0.516978573619108
"prt1503"	-1.19076428256718	-1.61029874416202	3.07666832489842	-1.94769520162602	NA	-3.89287376739605	NA	0.738710066581755
"prt1504"	-0.115593861197502	-0.00576377222379326	2.72801416865645	4.92040224826918	4.07248970710208	-0.00461764641720319	NA	2.45337648653634
"prt1505"	NA	4.20891828022622	0.668510874879516	1.33920857712922	2.05970895356457	2.60340869795896	-0.219984254960915	1.20397257769219
"prt1506"	NA	-2.02042427762091	-2.42974139097971	-2.4858915179497	-1.29416091989797	-2.60873904635213	NA	-3.06427979481599
"prt1507"	-2.8236559593673	-3.61896828826777	NA	-3.34887386065826	-4.38831776037552	NA	NA	NA
"prt1508"	-0.205719636715122	-1.65732983433885	-1.90232996868967	-1.13383745944477	NA	-2.17586407765306	-2.35243644417601	0.0821784134574959
"prt1509"	0.0400659262415809	-1.08731928854248	-1.51529649896641	0.00603028487835017	-1.8607112716818	-1.34162422422645	0.158001496490014	-1.22071838640484
"prt1510"	NA	-2.35159792227174	-3.04069529413861	NA	0.734379682222473	NA	0.0383662681255446	NA
"prt1511"	2.3310864171536	-1.03662379380585	0.403551739960466	-0.770445553415715	NA	NA	-0.056675937498555	0.0740161473844303
"prt1512"	-1.26875983258387	-2.43610221482468	-1.71901220568308	-1.83042372868831	-1.96236054675841	-0.203722779257926	-1.4015432711279	-1.20995828329031
"prt1513"	4.00656417370281	3.51033667751721	NA	4.09563456182656	2.67178081658646	3.4789934841456	0.845765939750665	5.56370616836884
"prt1514"	-6.22635934816767	0.91578053135509	-2.64526541018026	-2.209937393375	-2.31427605231899	-0.993832871927414	0.539892842486378	NA
"prt1515"	NA	1.1859617159502	1.84467475094534	1.93529988408191	1.74882713215587	1.56073770526798	1.34064572828317	1.59333854914337
"prt1516"	-5.19940751114926	-1.63584341030231	NA	NA	-7.15908408921	NA	-9.28981570750654	-2.31795118607778
"prt1517"	1.46657775246949	3.39180901260487	3.77728977216992	2.74882915971505	NA	1.47147496473487	1.50909073919481	1.04724668912558
"prt1518"	4.78180760279266	-0.495735263995998	1.52740034776752	2.70576193149373	-0.971885551087245	1.82654450380373	1.26959305770228	1.83421808806465
"prt1519"	3.4206795430483	1.9154164440798	NA	3.15582701199839	-0.901537982634159	3.75176223383512	-1.04415932925024	-0.89332748514711
"prt1520"	-4.03074695483675	NA	NA	-2.03823174753174	-4.00032442390947	NA	NA	-2.45382717961748
"prt1521"	-0.835857618270524	1.52861696876908	2.59350083646653	-3.78214277320417	1.95943084392171	3.48628518216603	0.200348902507869	-3.45761888378852
"prt1522"	-0.534674023291494	-1.95751193372202	NA	-0.38898072671901	-1.95018443642912	-2.2632566593663	-1.70264416949597	NA
"prt1523"	1.5576580380443	1.09595753114699	2.24437223534661	0.185535898989053	NA	-1.30266201937805	2.78335407338485	NA
"prt1524"	1.20796378158596	NA	5.0281345823387	-0.324431614385298	-0.507639240050035	0.0149472035713855	5.06841054048826	-4.65716864451798
"prt1525"	1.35132836387089	2.21087333683075	NA	2.81108616740605	1.61315992220156	5.73894353498667	3.79704124834433	5.85763074273944
"prt1526"	2.0397852990819	2.04158229189061	1.90071615337916	1.80362709700437	-0.553519908610115	-0.842370630718	NA	NA
"prt1527"	-0.543934245168185	NA	-2.61984340986651	-0.456742590729677	NA	2.10640517044156	NA	-1.18697058366662
"prt1528"	-0.0326190244136919	0.748362468531355	NA	NA	-1.68098160597528	-0.813100512844399	-2.27893931979371	NA
"prt1529"	2.2321935640561	-0.0489357936052021	-6.09671762877301	-2.13532743704367	NA	0.235451131803142	-2.59119928576439	-0.546473408030696
"prt1530"	-0.887187343880315	3.62789640371478	-1.37663032455837	0.277281106301889	-3.07818776445295	2.37799283812826	0.223703047085839	3.47084942304804
"prt1531"	-3.23770198406969	-2.21276268361341	-4.0447916162701	NA	NA	-0.539612644611012	-1.91563761635946	-2.88852438220856
"prt1532"	-1.62462143190517	-0.228552070895651	-0.389283057468385	-2.95079059982948	-2.67003386706001	-1.67266653345167	-1.85707081378509	NA
"prt1533"	NA	0.430393497981221	-0.0296934637941242	-0.221970659918634	-0.117300234863714	1.11743126560811	NA	1.7955660537994
"prt1534"	NA	-3.07665530221818	-2.42701941237527	-3.18029633834329	-0.392619314906757	-4.75314247743537	NA	-0.733081964878303
"prt1535"	1.84375365009658	1.35714991018815	0.666005643860712	1.52870276023513	0.853228355325678	0.196864047854945	0.158691508644653	1.9907436075701
"prt1536"	-0.919463207339264	2.77851582026475	2.35917574580255	-1.41509302078445	-1.10712203158663	1.57628721399252	-0.368394225625116	-1.53390501138055
"prt1537"	-1.16056318692172	NA	0.154524686868879	0.811103599764446	0.356947433815033	0.939754406231306	-0.45649016217866	0.559396487849892
"prt1538"	-4.2915876298041	-3.07398015204755	NA	0.229652133446121	-2.8415362712301	-2.21208197105166	-0.0705885241180635	-3.27888289363162
"prt1539"	2.04319159406145	NA	-0.796982054084285	1.6126591191413	1.30616239707721	NA	-0.616150655952	1.10254973994354
"prt1540"	0.578585938556726	NA	-1.30244486216991	1.69177553679953	0.0402441352198181	-1.37173253598492	0.0454201599888303	1.3811309252339
"prt1541"	2.31352703642623	4.15753666656761	1.73050408395888	1.15759928609392	2.00621077561498	0.928479530188729	2.64689027013888	2.90625626825121
"prt1542"	NA	1.39543711901726	1.57508533196351	2.32684294931548	-0.135016086589297	0.261244379052064	0.736609813642084	0.127878395141315
"prt1543"	2.34730349800953	-2.19425849922926	2.33184848329924	-1.21502885851569	2.25596631707591	2.2174849189896	NA	NA
"prt1544"	NA	2.65535217959622	0.231127067650561	1.41768347799303	-2.14228529228039	-0.865068636819139	-5.16886519279056	1.14145196800615
"prt1545"	0.172327895577345	1.52545128607207	2.10873202175227	NA	-0.779623616411626	0.285688188108888	NA	-0.579783571676906
"prt1546"	-1.61670057712013	4.16473871334421	NA	4.44564390239567	2.47178712007999	1.22213616364219	NA	3.26514285394834
"prt1547"	-1.51034595409701	0.359597719980992	NA	-0.971431497203437	0.565465093686553	NA	-1.06006371082169	-2.89985994894037
"prt1548"	NA	-2.59984847055261	-1.13345866734453	NA	NA	-2.58953264705263	-0.73505285341094	-3.70046522168737
"prt1549"	3.54533342258317	1.94267877114681	3.80155231421455	NA	2.45338837120685	3.20416597981865	0.928771372875333	1.11922551286264
"prt1550"	0.549267360624091	1.24236481675389	-1.00306622475654	2.18297293541516	-1.59007693199882	2.63696831621116	-1.03368616872057	0.929037728213386
"prt1551"	5.98838941916452	4.15807693481197	1.26374404341061	-0.853799968607298	1.14708416550363	-0.297081803228334	3.46827874899891	0.888727049979774
"prt1552"	3.37410409032275	2.13123147761904	2.26014725364296	1.78149808967289	1.04320521144833	1.40123015248508	NA	1.39057528767298
"prt1553"	-1.30717080692086	NA	-2.31889914574832	-5.89511845728779	NA	-1.98740714573353	NA	NA
"prt1554"	1.59919012242508	1.42699719545401	1.49003362068404	-1.49471766427431	-0.789046331672236	2.45060183092845	2.70665517093133	NA
"prt1555"	0.616634010055574	NA	-1.31706347323747	1.22409325066281	3.2272772228052	-1.26064127759003	-0.947240937048204	3.65384396894257
"prt1556"	-0.176850566576361	NA	-0.93599205179168	NA	NA	0.10362034371906	-1.94176817797436	NA
"prt1557"	-0.618642279809091	-1.74388547212098	0.104519539390332	4.10767806402421	-1.57422063670572	-1.39723153848401	NA	-0.399424235929492
"prt1558"	0.282756154043764	NA	-0.15809529386347	0.0267616635350771	0.788030053633188	1.40880773205752	-0.54028348674683	-1.4962131107015
"prt1559"	NA	3.29288637700926	-2.7470548931345	0.539757975601964	-0.476023340943081	-1.78353225456087	-0.701051840905198	-0.0538900745672368
"prt1560"	2.13467662771483	1.31020656225593	1.43804302426027	0.0754774345799836	3.68158527735935	NA	-0.0515604017062234	-0.185223152611629
"prt1561"	0.869591035349077	-1.78071391069595	0.550292943195608	4.47715703559336	5.30046314090236	-0.333605155306085	5.65682071701678	1.48756634671978
"prt1562"	4.23882538122261	1.46135076761135	NA	4.03093401239011	2.45935633507087	NA	6.75625809334993	5.75537189374389
"prt1563"	-0.411515447704301	3.15031747460406	3.40462362603875	2.62881835320822	NA	NA	5.12650428949378	6.12062089331757
"prt1564"	-1.7509694845578	-2.3950552628461	-1.05827754945535	-4.19280857486893	-2.58388363853661	-6.69091304492748	-3.29275132076323	-1.23645283450721
"prt1565"	5.73131354727829	2.56791820005083	4.26680776785388	NA	1.57101141572385	3.62731151980991	3.82467041278242	7.88294989379127
"prt1566"	-1.34020345103492	-2.77573207069138	NA	-3.56959793983974	NA	NA	NA	-4.67428148607595
"prt1567"	-0.112037244127039	-1.53988332019398	2.78895948395326	-0.0699300816711118	0.5651606849408	1.85059434946998	0.234675182991362	2.21910416045968
"prt1568"	1.66107781947895	-1.66963995877313	1.90618450937954	NA	2.79538693633182	2.92872859227891	0.566092837062493	1.34572347765855
"prt1569"	-0.554125396353238	NA	3.34339574826069	1.14367307188264	0.66183793798197	1.02243459346648	0.872818718863227	2.65760901042235
"prt1570"	2.10477999898346	0.22455383308674	NA	0.578336530801742	2.06018720689482	1.60004473639932	NA	0.997858172535677
"prt1571"	NA	1.4616217498408	-2.04357245967283	-3.17294459925503	-0.612524103718725	NA	-1.0953301521236	-3.02333584674098
"prt1572"	3.39832767652703	3.38179001251706	3.05305930309024	2.90130632117648	2.48202450471392	1.09183704686298	3.15988056577865	4.36050618031476
"prt1573"	3.15311032694256	2.19223033199239	4.99294994261059	0.0178410260227798	0.483286994379183	3.46750210907597	0.616103895781291	0.228406603842223
"prt1574"	-3.42310733859649	-0.168164669873247	-1.3939370147192	0.904535149507516	0.15612495565829	-3.53611761513605	0.628638696264614	0.0484932613871134
"prt1575"	0.0300352181781616	5.49897103909346	-2.59758171318599	-6.08228239647997	NA	-2.28871583634715	0.116731754343675	0.432927196171387
"prt1576"	1.40956060434595	1.00502100555598	1.40571120026691	0.480519921603146	NA	-0.0971393851885679	-2.60934324318198	1.83353540467569
"prt1577"	0.293648200090896	-1.72126281259595	-1.40746912131888	-1.38508677892333	0.115820418421927	NA	NA	-2.4050236026902
"prt1578"	6.19992606972252	4.59747531255948	4.60936777987769	1.321202806482	3.31160639461674	3.35889347412251	3.63600410091251	2.58206494699434
"prt1579"	2.47560978023026	4.01849724230855	5.07974358406109	2.39103878082244	4.37291785105285	4.70676699801115	1.31438874436969	2.47971582176565
"prt1580"	2.00840185239263	3.84222137846346	NA	2.42105516301829	3.71802438154242	3.61339980506696	4.36096903949003	6.79164353660504
"prt1581"	1.53878165097883	1.79558523108967	NA	-0.0888494448088553	1.28793517978605	1.59002083817732	NA	0.3303091618165
"prt1582"	0.751647736938136	-0.221243326242916	NA	1.19885932938486	4.56571504839093	1.27617620412287	1.41900753488897	0.859373792281329
"prt1583"	-3.93313392562637	-2.15415063069949	NA	NA	NA	NA	-4.93883620244533	-3.65050300939369
"prt1584"	NA	1.83551689034138	-2.11721264512079	-4.9747711196124	-0.374597088016319	-2.55002693825083	-2.28844125278874	NA
"prt1585"	1.90777426165933	NA	NA	2.37920552076524	4.39200125634218	3.70978051960136	1.76839851636207	3.95738857809754
"prt1586"	1.50234820254392	1.17390270538212	1.37869155136784	NA	2.30593901537639	0.919419386363764	NA	0.408078597140126
"prt1587"	NA	4.19925411298394	-1.51591257965277	2.82171368923091	0.0586409697225214	1.67032390159405	2.31510014930175	2.56539093740251
"prt1588"	4.00904931845664	3.06531156383572	2.06184209863679	3.38798207843451	2.83649711006287	1.18511051175262	1.33126270051176	3.14128471777391
"prt1589"	-8.34271066271435	2.44174336317893	NA	-0.730430560219158	-1.62936196316881	-1.32262329870522	NA	NA
"prt1590"	NA	0.37115047431375	1.70792533960516	2.01391830495483	0.470423660238937	1.58710450309142	0.146698796317564	2.70700310374052
"prt1591"	3.67540926394448	NA	NA	4.49810809603064	2.70669996200019	6.70518638276202	4.82843772470732	NA
"prt1592"	0.469692147228681	-0.276214003907978	NA	NA	1.54257428439981	1.76971295600375	0.330091798928241	-0.720578971012882
"prt1593"	2.77150098849246	3.52738401828432	2.06663503958054	2.95392064413618	3.33521155558117	3.83838788930744	0.44107632458578	3.12164300271254
"prt1594"	0.603500273134161	0.52574950043428	-1.30293546967953	-0.918929021212078	-1.54855520555085	0.0470761162741403	0.437038587047543	0.889451411557019
"prt1595"	-0.15111361753344	-0.971917103336105	0.27114186752864	-0.738662276729679	-1.84517306748281	-1.43264488308318	-2.27428861699396	-1.0808717755742
"prt1596"	0.911956007632634	0.0953451136469687	0.0913022551768076	0.42326640316398	-0.585369260136736	1.07025064903762	-0.996360354414886	0.306754574746076
"prt1597"	-4.17295606629922	-6.04756766540712	NA	NA	-5.2234818512263	-4.47231864288499	NA	NA
"prt1598"	NA	5.70601004196936	7.84571067209584	4.48757060393494	7.34629323583392	5.7273210525569	4.55052110041412	6.03061799112752
"prt1599"	NA	-0.00664407929774063	0.312052988821372	1.17637794132481	-2.04151531339276	0.228605196231369	NA	-0.586386249775828
"prt1600"	1.22953018991537	0.912829374628339	1.53726554902084	-0.640883258608632	-0.197044682185634	-0.184419730808427	-0.282279757652453	2.43453331402556
"prt1601"	-1.3668523400419	0.638729169012836	-0.685040021427108	0.079637709899502	0.467930297909503	1.50859135999792	-1.74723079368909	0.0225589951397438
"prt1602"	-2.13944115238343	NA	-0.583794551413478	1.59231218129527	NA	-1.04963958291681	NA	1.79107739952297
"prt1603"	3.65392755111205	-1.84184869918388	NA	2.27790331229106	-1.49465820062781	0.680611201924105	2.66290391591879	-0.359120679638576
"prt1604"	4.22276345664552	NA	2.2417400877606	1.85292297339193	1.06302257427488	2.85855672526567	3.88400737960367	1.98176936686198
"prt1605"	1.08350363911049	-1.15824015989533	-4.10702725443553	-0.839091564962654	1.54848837610636	-2.19478140818981	0.151111734295471	NA
"prt1606"	-1.17887527801561	NA	-2.53320964627592	4.38022984038643	3.66922110610351	4.96521454016921	-0.380430083870821	4.66919074639843
"prt1607"	NA	-1.87972530089616	0.176653839658225	-0.88770924306612	-0.252917294255854	-1.03133353683455	1.35707095825753	-0.666053859483925
"prt1608"	1.7385397388451	-0.789173356998797	3.34952728399057	1.78314378560689	0.529724176552114	0.271008696338068	0.536153205154714	NA
"prt1609"	0.933156875215484	NA	-2.41070420495041	0.0357182845683373	3.21255067152095	0.0621750712271144	2.21191630101925	-1.37964918078088
"prt1610"	-0.228010915341821	3.05776906151788	0.816674408755927	NA	-0.544878371258753	1.28795133515022	-0.109543128122107	2.20759787714132
"prt1611"	2.59851672835177	0.642250478636507	NA	1.16931931955882	2.2611341957276	2.8829085185201	1.29020534033487	3.94079190051355
"prt1612"	4.72677207175238	0.852325834681152	1.50065447313583	NA	2.51336271336593	0.435926689540336	1.42935576182961	NA
"prt1613"	-3.69090838593843	-4.56808071365513	-3.42248274811827	-0.348765679379548	-5.03770939981228	-1.02730715208996	-1.94884765001696	-2.06900439774552
"prt1614"	NA	-1.92763180392333	1.18129461630665	-4.1852446857872	NA	NA	NA	NA
"prt1615"	-5.19677785618663	-4.3082958196759	NA	NA	-2.60987106458071	NA	NA	-4.73799747426417
"prt1616"	1.57889286326747	1.56370269244217	2.08849474678716	2.10317364638541	2.31627888168254	2.64444687197779	3.72694434897626	1.32488177131394
"prt1617"	0.638230243083998	NA	0.374757681745881	-0.114896668139203	NA	0.876345164162881	-1.58893120343314	NA
"prt1618"	0.898222836724781	-2.84740147857244	-1.85952985229026	NA	-1.81504788324148	-3.60449452969793	0.066638698331728	NA
"prt1619"	NA	0.33163472536115	-2.78144945687307	-0.434020147517095	1.75259555954068	2.96131011823966	-0.819223843375171	1.83869982520094
"prt1620"	NA	-0.246176488320836	0.942068831046439	NA	-0.283673774876803	1.06479478189199	-3.00048840620664	NA
"prt1621"	2.96916076074043	2.5594267541896	2.95269217366898	4.79805068123003	3.21379731030008	2.06533830203718	3.42875453106681	1.05906242867366
"prt1622"	NA	-0.635701763359562	-1.8060323093509	NA	-1.84353217349357	-0.299872631143649	-2.21495481312268	0.169570072872993
"prt1623"	2.60106794762372	1.39349391938416	3.86254679863777	NA	2.14295928151985	4.78341158036975	3.64461383442367	1.88468804256753
"prt1624"	1.33800863726289	-2.42361518341008	-0.0299963203757447	2.92334259272979	-1.69961750228686	2.91522055307367	4.72627391105437	0.845906138515741
"prt1625"	-1.75505496348527	-0.750772189681842	-2.1211248888283	-1.87804535665124	-1.93066381308644	-3.12135329089343	NA	-0.35040390336836
"prt1626"	0.832194138796543	3.41803222268498	1.75750964910924	NA	NA	4.26716712935131	NA	3.58107853140704
"prt1627"	5.55096520436867	3.43152455050346	3.66630714631867	5.09604742030768	-0.57502701795026	6.78784076858488	4.9334324202937	1.96555545088428
"prt1628"	-5.45270756846561	NA	NA	NA	2.48270030028815	-0.529793349680703	0.359359072819105	-3.91163599363544
"prt1629"	2.606677528253	1.73055958690944	-0.312491345912714	NA	-1.78913832399155	1.05991783037464	-3.93960826502578	NA
"prt1630"	2.67616577265882	4.28069520965574	1.33110813261675	4.47450475264746	3.0687636225774	6.60891693214361	0.597997795924449	8.79073336456448
"prt1631"	-2.12683782394159	-2.46293322230223	-2.41420747731217	-1.23516436355414	-2.21169095020064	-1.35020177412011	-1.31851273258267	NA
"prt1632"	1.46308291598224	-1.88952813174299	-1.53569853640189	-2.28920921640084	NA	NA	-3.26082222890961	-3.49032564048231
"prt1633"	3.94445889862751	3.05556573521306	2.79399275788459	NA	0.313196342013609	2.24057605163516	2.02303107008744	2.91249927241683
"prt1634"	0.0886991545033451	NA	0.548209147869659	1.41014772216248	-1.42611499131422	1.04182918862891	0.260272306133752	2.31740759912908
"prt1635"	1.26855808306857	3.18712630921643	1.00349354912443	-1.37075244979618	3.57007906974023	1.71774058588567	3.12929332682167	0.695811607105145
"prt1636"	-4.51754901698941	-2.53532364903183	-1.38347127264205	-0.654915630857948	NA	-3.02498595047721	-3.47747483884844	-1.94209640643883
"prt1637"	-0.778024481908901	NA	0.213327925666969	-1.88599150314544	-2.74861374985278	NA	NA	0.436176512118317
"prt1638"	NA	1.39574497922493	-0.204817563597885	1.13513845318182	-0.188888282644037	1.04332429023924	0.284908245846408	1.74569927384781
"prt1639"	0.0753946277856938	NA	-0.465884394336214	-0.225642582255003	-1.46139999304496	-1.5078368449144	NA	0.328168877019016
"prt1640"	-5.45492930975287	-0.995160685751068	-2.18186538594235	-1.97035542207243	-0.532042202598893	-0.687213078732035	NA	-0.970111561413647
"prt1641"	2.4389491744755	3.59092077642984	NA	-3.16957508101955	-0.67342480952853	NA	2.40508622631936	2.13395814190463
"prt1642"	-0.744747623148036	0.644312295149359	5.03411812458847	4.23842272884263	0.116878407683252	4.66765629865188	4.75397106627072	1.30344288505631
"prt1643"	3.98680352640218	-0.446244432730264	1.73139746751281	-2.50942120409304	2.34893729576871	2.00525482847858	-1.00084055429323	-2.2425279745565
"prt1644"	1.45158772722771	-0.523517931157601	NA	2.346785817341	NA	0.390410191116397	1.28235625340883	-0.570134534943903
"prt1645"	0.422804861783569	-2.6101881837692	-0.663457239787855	-2.35042447335177	-1.49926871367728	NA	-1.162547740978	-1.07003574829398
"prt1646"	-2.11801451652929	-0.62002628518173	NA	NA	-1.68370329309204	-3.87311111711488	-3.94037296719777	NA
"prt1647"	-4.84550569166319	NA	NA	-4.74389161187566	NA	NA	-5.71975106693552	NA
"prt1648"	8.84306774010497	NA	3.04993983358787	7.82242400050459	0.386718660457294	NA	-1.18098832938023	11.1150655601453
"prt1649"	3.00344452330727	0.890042538972794	3.49337660632906	1.26138797417393	-1.23447219450715	0.504478250899074	0.610335050049432	1.41842021752023
"prt1650"	0.395608907870259	-0.956201100780959	-1.00727463342316	-1.0080874543433	0.710178714485565	-1.08105743476848	-1.61407525907164	-1.9619562207094
"prt1651"	-0.55863628773747	-1.81053490501241	-2.07712854795828	-1.61981946411062	-2.78718916833754	NA	-2.84753891552374	-2.74559305421486
"prt1652"	0.34811872328827	0.921303882296825	1.23038319780633	-0.719612233887011	1.34805538376904	NA	2.93887499639222	-0.87361174986525
"prt1653"	0.457751539449863	0.349818534218822	NA	-2.11839789374961	NA	0.626799923203461	4.29635604551318	3.0032670770571
"prt1654"	-0.20884789645501	2.92884800064146	-1.15204931629146	1.68993048008296	-1.98158064422348	-2.72170182158513	-1.55435137820046	0.192878675787875
"prt1655"	2.87270646065063	5.2849288813424	5.80576985110312	4.0757758211892	8.76273427787006	8.43961369170982	NA	NA
"prt1656"	0.103884292702504	1.62358986211188	NA	-0.442792291683178	0.558243625202614	0.393756931986367	1.70510691146495	-1.09563871932153
"prt1657"	-2.87375351611177	-1.28518087159472	0.181126493238584	-0.0590056040691825	5.02753971777775	-1.07989894209987	-3.77090112482501	NA
"prt1658"	0.555779467349186	-0.0602252376277093	-2.99958316483918	-2.2125121165506	-2.37230123290404	1.54591697245689	3.50405025465122	-0.186389329507365
"prt1659"	NA	-0.552316400631071	0.00492854163422306	-1.68806937741974	1.68064341448759	0.763818584941335	-2.56379407956998	NA
"prt1660"	-1.06501213091553	-3.38122518459245	1.48326283357187	-0.536449787884047	3.35417051527779	3.49965391832514	9.38203036607806	6.21528687877625
"prt1661"	2.38883943057958	2.23280690296599	NA	1.87145934106149	4.92499461658157	2.5481221859273	4.53879074124031	4.82157322723495
"prt1662"	-0.285323617998594	NA	NA	-0.0467303668567773	0.643075916385953	0.766620559794314	4.19394540050656	0.633888571381574
"prt1663"	0.925094208127141	0.347999132582444	0.746652826784533	2.80393503405358	-0.0626865440678104	-1.60711381299811	0.985831426729827	2.10386501044556
"prt1664"	3.31762013108237	4.55690424475804	-0.42494358389095	7.72235244419261	1.68161350125624	0.542402757540532	2.51580578272997	1.04653928114277
"prt1665"	-1.55206268419988	0.387432542217953	0.0483094169277674	1.32256110428904	1.29343068038455	-0.119653194451236	NA	NA
"prt1666"	1.12206296467345	NA	0.240804056515208	1.3121005479115	0.839346011398899	-0.449188695232754	-0.346357655661503	-0.972522482341556
"prt1667"	1.24828897152118	1.29857793469903	2.68289438153971	-0.0888749216374918	2.15622799918795	-0.217002865638902	1.18629290478084	1.55314645487861
"prt1668"	NA	-4.50177186628704	-4.93387890425305	-0.754945527809606	-1.79613164134883	-4.07555130760633	NA	NA
"prt1669"	-1.27921879936607	-6.03440961871877	-0.116355849924964	NA	NA	1.12168762583038	NA	-3.72971644754231
"prt1670"	2.44905907436046	0.705777810819318	3.03103222962948	-0.277892998236576	1.77215171932377	NA	1.41807444239482	0.2895463242648
"prt1671"	3.24434729522256	3.47761802854486	1.22880508671393	NA	2.61138612984149	NA	NA	4.10289540943537
"prt1672"	-2.70704098455857	-7.72012760451622	NA	-3.04520911378234	-3.32816638171048	-0.0721254302826971	-1.45539925210362	-3.87476157598488
"prt1673"	-3.6860572384924	NA	-4.83664483700221	-3.25754195751958	-3.67376432919688	-3.83064307445803	NA	-2.4327081629077
"prt1674"	-2.11949516088261	0.274187500851367	1.0988158603494	1.63083786796924	0.566547113322068	2.14696233464011	-0.790898198401433	0.572128968769563
"prt1675"	-0.74854370801591	-2.31254327685616	-1.70846340671438	1.37505555142295	1.08739754598463	3.13045327077365	-1.93553350651957	-1.01167243047585
"prt1676"	-2.90609232807825	1.46029395318942	3.16999858523687	NA	2.26549431267007	-2.63619929881613	-0.241268375113228	-3.54414508840733
"prt1677"	NA	2.85667896905935	1.24190529778404	-0.42541326205166	4.68219508934899	4.36480305865158	1.67254884907898	1.52465855713757
"prt1678"	0.760106616600414	-1.92405161013254	-2.25318018357189	-0.335981040816864	0.727866401953593	-2.25946559677756	-3.77570201494847	NA
"prt1679"	NA	-1.30243896619495	0.116895249679815	-1.91962867011537	NA	-4.30192703155519	-1.75301408341445	-0.327976436077185
"prt1680"	1.96722524292568	6.31444462832201	3.813169320015	4.93451983568308	2.84493946628116	4.56003708406749	5.01428577130941	3.49304379351483
"prt1681"	-0.963345741484352	-0.639806743405086	NA	NA	-1.30071995764282	NA	-5.69834405569596	NA
"prt1682"	-3.54064836504386	-1.93973030712897	-1.95219430892531	-2.39138453954486	NA	-1.31492372318573	-0.122003439065977	-2.25291058031021
"prt1683"	3.40639574351294	-0.681185767363554	1.0212101501965	-0.0837704584906183	NA	NA	1.52033669918782	-3.40920885039934
"prt1684"	-1.99996934624116	0.267004490299085	1.51448665841008	3.97196274439026	-2.77376130950789	NA	NA	NA
"prt1685"	0.406964260916017	-2.20134363546157	NA	-5.06781744132324	2.52992046094562	NA	NA	1.31806647582528
"prt1686"	-2.87905796362981	-6.60831222361456	NA	NA	-3.90102083643459	NA	NA	-2.24244984930241
"prt1687"	2.92016080210327	-2.34442374273553	NA	-1.50665478515315	-0.442987188056464	0.90551338537435	0.674256472087781	NA
"prt1688"	NA	-1.3793831398395	1.14160179915473	-0.879282405520562	-1.04730225344996	0.12955275883156	0.351751244442673	NA
"prt1689"	-0.26297372655433	-2.35788529262696	NA	-3.19110948567232	NA	NA	NA	NA
"prt1690"	0.810157428065601	-1.61424982609876	2.86349394323271	-0.633683714758608	2.91566583248996	0.867754867174824	-0.367086257388758	1.71484759992571
"prt1691"	4.20081838258585	2.62690065172725	NA	2.81425697814262	NA	1.9772979822543	1.53953850757075	3.49371137020368
"prt1692"	-0.614234908262164	-1.20496821781586	-0.213255305271683	-0.104698832589855	1.43514317117492	0.508573196634054	-0.190604671150453	-0.548940833418085
"prt1693"	-0.424709042226616	-1.92463352546576	-2.18833211405456	NA	-1.64818268201137	-0.644270740894635	-5.0830492298619	NA
"prt1694"	3.94764197975198	NA	1.58867891707689	NA	0.707818303805354	NA	-0.843919718260604	2.18693890191986
"prt1695"	1.97943286867497	NA	1.63651498385838	-1.08409890503525	-0.57971946194465	NA	-2.02728734182422	NA
"prt1696"	-3.9432341065819	-5.25329053740915	NA	-5.07791008946095	NA	NA	-4.9780163601124	-4.73923205757587
"prt1697"	NA	-2.06227272579951	-5.14179418973513	-1.01205230634024	-2.98596613761421	-1.01940263688395	0.276956494327048	-1.63702178448626
"prt1698"	-0.66412811121384	6.02304925440486	NA	-1.04098303610767	0.16929011153075	0.688185892846966	0.298732631221161	2.14422055833493
"prt1699"	3.65282298261997	3.64843045411138	2.49614760180516	3.63651024929133	3.02882192201098	2.92106667389657	3.43898679724036	2.63259880563896
"prt1700"	-0.391924680696513	-0.976586628925683	0.332582716787609	-0.0895626912342715	0.289442849661759	NA	-0.872583454481633	-0.574134488360939
"prt1701"	2.12683537452314	2.04176542318992	NA	-2.96366277564589	NA	1.6352564948018	NA	NA
"prt1702"	-1.23345729962724	NA	2.50655787116201	1.03877867482221	NA	3.9049690396599	-2.09580058493614	1.8864089127058
"prt1703"	NA	1.83508970702287	1.80524286100726	NA	NA	0.963680107980106	-1.75255537774496	1.73974850877601
"prt1704"	3.71322796219065	2.4006599967596	0.601306244783747	2.86810338416274	1.22812420867981	2.6365768290196	0.156908701016132	NA
"prt1705"	5.93609072034022	6.68092387931543	6.01117795182316	4.32382653298311	1.97383291684476	2.17651842401222	NA	4.19084296021527
"prt1706"	0.81683481649849	-1.03538579092703	0.0631871005160507	1.33760898473663	0.338522149536044	0.833974619194583	-0.173205585056291	-0.103030934713784
"prt1707"	-1.15791219065738	1.42450638951205	NA	1.51505544884757	-0.713429722369738	-0.106341401491444	3.20686872080879	2.08371309090038
"prt1708"	NA	1.78163421545609	-1.49801901759864	-1.80066591793647	1.34090554395631	0.255496660531782	5.71361205578629	3.09625452935908
"prt1709"	1.48260984419383	NA	6.51302772641595	5.18220417784166	9.8932845369038	NA	2.12150277419192	-2.6320431736258
"prt1710"	4.18710839879598	4.33844813400075	2.88517915211778	NA	3.06611954114623	NA	2.28819445431831	NA
"prt1711"	-2.10675250708828	NA	-2.3118826388614	3.50201510337124	-2.24606088093159	-3.14894813960982	3.6819092169365	-2.4733777712547
"prt1712"	NA	-0.0297765011837517	2.99636560018958	3.10319070609831	-2.22913431408974	0.32090574584369	NA	NA
"prt1713"	-1.08536915126572	2.8023271118536	-0.124181430796771	2.95173536194077	1.69604872342555	2.65178820854218	NA	NA
"prt1714"	-2.32705146198128	NA	-0.80556449533397	-2.76169548128973	-3.92726761828874	-2.11024100969446	-5.26592619543036	-2.18563475761607
"prt1715"	1.86732627857294	3.66353125212218	1.772972632257	2.3859108815872	0.687681813785094	3.67935933670791	2.85097763637087	2.76185702130911
"prt1716"	0.264272489608487	NA	0.0229929786413573	0.516072548939552	NA	-0.0741707783661391	NA	0.418743293302307
"prt1717"	2.86160345146622	4.98602371041884	NA	NA	-0.493351107915192	-1.77955227716063	4.15632908446255	-2.26301543292975
"prt1718"	1.24912018816206	4.34763601873309	3.41171589908214	4.07399275978375	4.51159731435932	3.22928549859009	4.4294111282789	3.49165785075911
"prt1719"	0.915025222074892	3.50406547461081	1.30636333254461	1.51111590011926	1.85167666383067	-0.934485883417606	-0.611586872643472	-0.510458686486943
"prt1720"	0.974454830099089	1.82842683921038	1.47391404961811	2.69780532605258	-0.0625148594001243	0.457710268094084	1.81158845451479	1.91881348372228
"prt1721"	1.77097921248427	0.483969614743095	1.01962386514512	2.12986046623809	2.1231592872434	0.620332535553521	1.96044469134541	0.232517102959371
"prt1722"	NA	-2.70077037711269	-0.720866775543546	2.96836711703003	-3.34872474072738	4.43992990602117	0.785504382907701	3.80197100247151
"prt1723"	-4.81979826447179	NA	NA	NA	7.63443587477197	1.13709962120134	1.44136513489092	2.33087556870738
"prt1724"	-3.56142609429023	-0.475715940907784	NA	0.234952400483112	-3.72506841485895	-0.479165496648643	NA	-0.284588957195796
"prt1725"	NA	1.20276617738531	-3.79682680365256	NA	-2.1032868761399	-4.23948552392897	-0.276900591195082	1.65080598047396
"prt1726"	4.46955166149282	2.40349774137542	4.71223047074946	3.66280124628818	3.22538675069259	2.52729240277964	NA	3.50256474322697
"prt1727"	1.38454052568559	-2.32634782522138	NA	-2.01263933738676	-0.0181522301111019	NA	-3.1535638874648	NA
"prt1728"	1.4032944349718	-0.630647778713013	-2.26498460117946	-0.840379432717714	-1.41559444038163	1.53732589981884	2.19922765156473	-0.215631160624575
"prt1729"	-1.51970987382623	-2.10976155672245	0.273745536548218	-0.17427008121623	-1.30384393168563	0.506228820596233	-0.997454672276942	-1.83046178794901
"prt1730"	NA	-0.384360230412313	-1.09588453202436	NA	NA	2.68294579753824	-3.56310541079053	NA
"prt1731"	-4.07162791170398	NA	-3.19630924290556	-2.56525358377327	NA	-1.64166987629595	-4.3447515033376	NA
"prt1732"	-1.48707890340503	0.565974162032386	-1.38251701120462	-0.804740962576173	NA	-0.267044228883937	0.120345036463164	NA
"prt1733"	11.5763035175547	1.93207171797229	10.8581177686134	-3.54704495192769	NA	1.8330790826667	-1.74828984404604	-5.49916584523486
"prt1734"	-0.212746167805822	-1.00790840954802	-0.62433525668591	0.484522410766659	0.332620812183459	-1.08525391406399	0.640641629845062	0.395506302287299
"prt1735"	-1.61935788504547	-2.10518016456504	-0.4967674757633	NA	3.16487459974501	NA	-0.104735969370979	-5.39073421524121
"prt1736"	-2.55090235943564	-0.917339473461435	0.197408104712507	-1.15205734412325	-1.32969763724536	-1.16127363396227	NA	-0.115996138241203
"prt1737"	2.87899252877999	2.79553256599835	2.0513608428821	0.453044298263947	-0.237413052345213	-0.333662833769943	0.405228968039259	5.41509279348997
"prt1738"	NA	-2.2046208617982	-1.30859501434618	-0.0605381990949843	-3.49113568745257	NA	-2.05422647521545	NA
"prt1739"	0.356042394753517	NA	-0.794575052558917	-4.12703053875259	NA	NA	-4.55422663944076	NA
"prt1740"	1.66145902817096	-2.68559097353608	-1.73321640513685	-2.34230969767148	NA	NA	NA	-2.97790984916518
"prt1741"	3.79501726610652	NA	3.14127126083224	5.19797567743379	NA	3.10325508124101	2.90313108027688	3.82705245546436
"prt1742"	-0.380689230595224	0.074903556689289	5.05409774745545	NA	-2.64956539627243	-4.1373895689626	5.90500791074645	-13.6402920929227
"prt1743"	2.96588676720952	NA	0.779794064143015	5.08627867200299	NA	0.872904931692379	1.23531969945726	2.73551452878922
"prt1744"	3.21008837244721	-2.04095234350019	-2.9363958708347	7.19036045461382	0.387028842024604	3.94450702074651	2.70357885616586	-2.22915753605489
"prt1745"	-1.54769403945506	0.81916356797641	0.0172960573008885	-0.60503107486517	0.224520144327243	0.139500570288102	-1.18457761278518	0.128560058792856
"prt1746"	4.26874255940838	4.15184453102498	2.04998234553482	3.52179815408052	3.84800297736123	1.27225830642779	-0.0167829595149926	2.34771156247201
"prt1747"	1.07420893170455	3.11434836303271	1.40671563024112	-1.66190941669766	0.114375068819973	NA	-1.21555402021282	3.17443862259997
"prt1748"	-2.52757069842816	-1.73992768805295	NA	-1.66098577565315	-4.38558647200389	NA	-4.10178053154052	-1.92151446769445
"prt1749"	0.0654885780691721	0.548149096324957	2.31190053857187	1.13070567651788	0.680670236836292	1.11382228380458	0.619700973747256	-0.853475738416135
"prt1750"	0.0570115190374774	1.57644600625494	0.616553506856204	2.55179974788934	-1.53034553334422	NA	0.765108054577987	-0.511266153500321
"prt1751"	-0.279573960685519	NA	-1.34641462158478	-2.71834959565612	NA	NA	-1.31181718090768	NA
"prt1752"	0.305068606717848	-1.43384778673656	2.09855454913651	3.9185461848619	-0.912193169078624	0.999926207559809	-1.02898143294277	0.80610473962453
"prt1753"	-1.69622799543188	NA	NA	-2.47888255440391	0.423725149612067	-0.188496599947602	-0.47050844182718	NA
"prt1754"	1.18903099478591	1.36065351281523	-0.158379662651363	2.46685685205574	-2.51352216382556	-0.212939121778084	3.89219569294116	-0.797897994023756
"prt1755"	-1.66983346748219	-1.3303104292928	-3.1771479858033	-4.4378951261191	-2.47331336002497	NA	NA	-2.60269560464499
"prt1756"	0.120404122531867	2.34140405034085	-0.0458590870968624	-2.25733941648123	-1.62421980356556	-0.875955305565509	3.58523869680684	-4.70310957295824
"prt1757"	3.01456091493164	3.15703825683174	1.07674269441387	2.0122362546328	2.76002019905085	2.22758201305579	1.6637600056438	3.88893945728864
"prt1758"	-0.24385811832381	8.71834007715026	2.764379965133	NA	0.243087026601824	6.06611539856938	1.55717080706756	NA
"prt1759"	2.56570118042011	3.54713137116191	4.1721688934429	4.42287615957147	NA	4.40236010633464	2.54592021105144	5.01164444092441
"prt1760"	-0.313083238956651	-3.03256610787461	-3.00598189429596	NA	-2.37098317012667	-0.779095005004635	-0.0264904763678882	NA
"prt1761"	0.965068041057289	-0.574200802094663	2.23480476993802	NA	1.57741249089251	2.63341739587563	1.53984978584435	1.16391050502099
"prt1762"	-2.88277857957562	-0.876757830565627	NA	-1.2086627337287	NA	-2.43787137364545	-1.07014214386679	-1.25798651354092
"prt1763"	0.278441969798866	1.82559422588465	-1.10107471933004	3.11334047069951	0.263754642649127	0.916897113471664	NA	1.69845862788213
"prt1764"	-1.95635584165609	-3.24292978578951	1.70047522102601	1.51549735584872	0.425930051813944	-1.5790947480211	0.749087929562408	-2.03140210482296
"prt1765"	1.99309076321172	NA	3.08898824564556	-0.886566146922998	2.49487914319709	NA	3.01795947175047	1.41982836358597
"prt1766"	3.25417199229186	1.56642689163047	0.022916774163983	3.33251202865177	NA	1.44600773963633	-1.29881230442797	0.166257305665578
"prt1767"	-2.12210554322508	0.499527957778	-3.73619690007829	NA	-0.690310793077208	-1.07552102512349	0.0867482436864178	NA
"prt1768"	-3.26704146839577	-1.62144668081844	-0.749556986558162	NA	-1.46392973256867	-0.347113002983798	-2.56944481132904	-2.06568250893528
"prt1769"	0.944312496016323	NA	1.0570531567595	1.6758195764223	1.29515605593822	1.52301963717027	NA	1.96147695523725
"prt1770"	-0.200747960881621	1.30207852733617	1.06374013650068	1.21292436242301	0.366800756177686	0.592899058095251	0.614691324506865	0.0286956922175884
"prt1771"	-0.862259526113383	0.39266497681354	-5.13171133038462	NA	NA	1.51256944146009	0.893762693711731	NA
"prt1772"	-1.0550746530387	-1.04603832529415	0.379109247419446	NA	-0.351857985369733	-2.08012891081218	-0.035912773561368	-2.77126087246822
"prt1773"	3.17935738633829	1.95111458853819	-0.243054817997822	4.38604816967548	2.21862502322051	3.63780324018158	-1.73707253888086	1.07779221490871
"prt1774"	-4.98522785269705	NA	NA	NA	-0.891609756987201	-5.29791258013241	-2.35333466064954	-2.91953181603261
"prt1775"	-0.15124866162332	-1.23755852182583	1.68196254704955	4.30290305427984	1.77039605846765	1.14129671395415	2.52019468474512	0.766322816922954
"prt1776"	-3.52757753366499	-2.67416501992361	0.0507772897267427	-4.6303002952142	-1.86395642261362	-0.150394241007761	NA	-6.55184956765597
"prt1777"	5.06845149203078	6.59139974646794	6.17380754740993	-1.80108725295989	2.28435079211056	7.11943491232014	2.863651639602	1.7866251619613
"prt1778"	1.47854964623838	-0.178361927105338	4.2963254459335	2.35669016138439	1.8739960357733	2.33323596973767	1.47718032941068	3.88428103374457
"prt1779"	0.188351989112163	NA	NA	NA	0.362135511451401	2.2512084092955	0.281959401792681	2.74835790852987
"prt1780"	0.889988357093818	-1.30219061060559	3.39209452282661	0.346524996584131	-1.23960570847263	1.79851756983524	4.51568760451551	4.07290554978552
"prt1781"	1.95145496382941	3.19709493725698	0.694633039184214	-2.15110083329338	1.70555928569733	NA	7.27507787385866	-0.175062703336751
"prt1782"	NA	-0.802203713836049	-2.65066108898352	-0.840986410123831	-0.309758093781051	-1.87152527957502	-1.09878652938291	NA
"prt1783"	3.09144327339311	2.43392423311527	4.06444565399183	1.00237648965144	2.01439908456449	3.16789288490044	2.62378385069213	1.41052080846416
"prt1784"	-0.26208365364911	1.82546149746041	2.15592683591102	1.44016935130933	3.26456857134233	3.72747429481163	5.41498361858926	2.90904843362123
"prt1785"	0.125377252334896	1.87932994340466	-1.73226980164631	-0.903084280878107	NA	NA	-0.399907704973144	0.20825690055375
"prt1786"	0.271036698504877	-0.0713005297787182	NA	0.575588171645162	NA	-1.1083272698383	0.440154519233114	-1.4475962967864
"prt1787"	NA	-1.06669181190703	-0.893994606317679	NA	NA	-6.9779358945522	0.821765943333477	-0.583484253512891
"prt1788"	3.20782282217101	NA	-0.712237385157976	1.31157603764984	1.93349680738099	0.261920526950423	1.16364582719967	0.378131274885245
"prt1789"	-2.05906895729801	NA	-1.09113935145365	-1.88377339854254	-2.10639629718113	NA	-2.33177771546505	NA
"prt1790"	-2.68962473341046	-4.66750117428297	-2.76294353176493	-1.42036563232662	-2.90131251491323	-3.01406048804552	-1.68309432370784	-1.15817678074118
"prt1791"	0.625187065583589	-0.387812666569706	0.72689039801633	4.11215303325906	-0.065999427856893	0.0287173890591608	1.49253891377143	1.12353505030038
"prt1792"	NA	4.02373148339492	4.19318043049375	4.7152412428194	3.91787948967567	1.24696773080864	NA	9.92950657431028
"prt1793"	-0.588196512745913	-0.0373519915055553	-0.0365603828182123	-2.41913900295783	NA	-3.18115865993397	-0.488495970809973	-0.51372729208314
"prt1794"	-0.50923487661723	NA	0.615082025604729	-2.54176770137904	-0.794108473814101	-1.53739671804499	-2.42540710339359	0.890133401224101
"prt1795"	NA	1.43293921498988	-2.80684414007241	1.78234697582608	3.01782661426106	NA	-0.544123197793399	NA
"prt1796"	NA	2.93849439435833	1.69599343538439	5.1912306638583	4.37674208353755	3.81237869012699	3.29722456647805	3.44352525730126
"prt1797"	-1.79468369544834	NA	3.35496458564453	5.34859174500939	NA	NA	-1.74099980892665	NA
"prt1798"	NA	-4.10550281064501	-3.08843023679751	-4.00478976971434	-3.13476543448591	-1.96793352029989	-2.29732116478791	NA
"prt1799"	1.85764369665906	1.87209077551911	2.17417126466115	3.17047926514524	0.999837342562744	2.17199089127712	1.37877765373841	0.765310204528779
"prt1800"	-3.1813898281193	-0.831503195054372	NA	-1.61768070661423	NA	-1.30135813818322	-6.05530275524753	-2.86684663593028
"prt1801"	1.36549579348318	4.22753483985678	2.06593015587776	0.48833739309953	0.752864387164033	1.60615271786188	0.743884896838351	0.652734184635541
"prt1802"	NA	0.0816231286154383	0.20127772331068	0.970025448725284	NA	1.77667335984043	1.51506385809361	-0.410190230406
"prt1803"	1.03140753326651	-1.7496869205017	2.89417453020511	2.43043038510638	1.78689180228498	-1.94384990232916	3.51246616304885	-0.0180499628907594
"prt1804"	-0.958371874396422	-1.60404483877363	-1.40881635022261	-2.80469015634699	NA	-1.61600179593421	-0.182109900724305	-2.34042126477513
"prt1805"	-2.48847644561392	-1.15336008941036	-2.00246835253608	1.61929883812036	-1.40870392253182	-1.62546711750273	0.359608757758543	1.90124616660338
"prt1806"	0.435076180309362	-2.22019781680369	NA	-0.097023019751921	NA	NA	-1.90448798272498	-2.06813335929268
"prt1807"	-0.825909880259295	0.973096360618163	0.193069933247065	1.07128684434912	0.393225981834921	0.998799633180408	NA	NA
"prt1808"	-3.31217821742782	NA	-4.46051191990172	-2.86153250926789	-3.23911866256913	NA	-2.82848261182088	NA
"prt1809"	NA	0.766806923948209	-2.14429288902347	-2.1223465810919	NA	NA	NA	-0.0769438794498081
"prt1810"	1.39382054143744	1.49878003981547	1.58623215247984	0.406365803907374	3.20525035820483	5.12374908238526	-0.824286913331619	-0.044103263405169
"prt1811"	-2.57883613191974	3.53808156614453	2.18249374629588	-0.629446504638025	-1.00637037926209	-1.24769775395576	6.28103687581982	-2.52117836959223
"prt1812"	2.67535281279694	4.91775622625218	1.05156256817328	3.2259605659024	4.61179012778953	NA	2.84819981442708	4.71479068593805
"prt1813"	3.76266139821792	2.14031646560699	0.438236662814006	2.50862861148499	0.450562135207579	1.95569305929197	2.09641819838315	1.97585653993714
"prt1814"	-0.916987452995188	NA	NA	-1.41163135510506	0.422524367824861	-2.32790700655658	-1.55625629154104	-0.313158797447628
"prt1815"	2.54216768082656	1.30317767097183	1.4229096599213	1.24110929337591	2.532399613277	-0.387191329973961	1.69779300038383	1.11242443902071
"prt1816"	5.20925919149468	4.59969879772247	2.25029636971794	5.10417808544289	1.37410590116777	0.641004387511881	4.04517744150701	1.10066400556562
"prt1817"	-1.75193835683198	-0.524884990145563	-0.943276960785836	NA	NA	-0.810850923300024	-0.737508199818258	1.29788844681304
"prt1818"	-0.323991005399078	NA	0.225845279658446	0.132017675195433	2.7520238370966	0.11252523613878	0.939018833863133	1.5755818841094
"prt1819"	-1.13688959365136	NA	-4.21663768927891	NA	-5.3102865611574	-0.522557002014811	NA	-4.52094186282445
"prt1820"	1.21685296736618	NA	1.10897974664354	0.275125685373391	1.79539998085705	-0.215367417031183	0.414107690403388	0.484278896259795
"prt1821"	2.19062176793187	5.66349448928649	1.30980024162943	-1.59973742338942	0.220091724978085	3.58133012029118	2.08883335827768	1.38794790961846
"prt1822"	0.194352441953687	1.92210898093529	2.00341666574589	-0.325313161999207	NA	-0.147168267172477	1.21613012525999	0.133367114308703
"prt1823"	0.624394967139203	-1.17648712104482	-0.658404597965821	-0.490735238048086	0.408808965304718	-1.1236367692941	-0.615540355602398	NA
"prt1824"	1.3880815565017	1.75344061470749	2.41831906489205	1.98088228764846	2.21398707993065	2.39626265313518	0.289221746949504	1.27388915526052
"prt1825"	-1.67299468376596	-0.472609139956221	-0.671499691417756	-1.72591965830638	-1.88533749403494	-1.47083213855566	-2.39702034885155	-1.22323429518602
"prt1826"	2.05803807837769	-2.32463728216138	4.27026495483798	-1.10702649840743	-0.145138941899202	-1.74167353987165	-1.06986521859415	-1.60621529094321
"prt1827"	-0.95682915454603	NA	1.35936649439796	NA	-1.37690536237485	2.2914864467126	2.40885464545831	2.10510228407856
"prt1828"	-1.2031907208343	2.77653577562461	0.620629600365146	1.63340699672366	NA	-1.64159444376331	NA	-2.23970999284073
"prt1829"	3.41600321829038	-0.0451305507519284	2.2044902827476	-0.211792781392953	4.88850209704413	NA	1.39295351990337	-3.01447177388128
"prt1830"	1.1729799827945	0.253354384046907	1.39618613799741	2.01335291285197	1.05703267993113	2.09547223540848	-0.426989009646734	-0.176770412605101
"prt1831"	-4.72166397469307	-4.64360015126713	NA	-4.75751299504885	NA	NA	-4.10916513118614	NA
"prt1832"	-0.116129293250966	0.527995982219848	NA	NA	-1.47478349619596	-0.794662260826823	-2.08481244831096	-1.7079651081752
"prt1833"	-0.310892489169663	0.438992980313962	0.363647443898426	1.72084020793701	2.39356714908611	2.30704467883003	2.59257602349482	-1.57550238429943
"prt1834"	-0.0019901920488008	NA	3.31614787069293	1.04364074314765	NA	2.16011835721978	3.13114817064745	-1.292822940898
"prt1835"	-1.22438411268317	NA	NA	NA	-0.308082926337338	-1.55571170979059	-0.0911758233733461	NA
"prt1836"	-2.36462078615306	-2.36980121140157	-1.52952698370627	-1.06188707546331	-1.45010898720896	-2.1224861310652	NA	-1.3685996102725
"prt1837"	3.33256081003052	4.30812130738094	NA	3.60538232632769	2.40617587809371	2.69693291034423	3.44846394841031	5.07266005750482
"prt1838"	NA	-1.36484312579601	-0.953949754446946	-0.727396783169504	-2.51574204954091	-1.69733689929555	NA	NA
"prt1839"	5.50738525903431	2.54014066404143	NA	0.600996743513622	3.87123287307958	5.23932295027905	1.91664944001814	6.24505341836376
"prt1840"	NA	2.94993935270763	1.16265106804652	0.564607757700192	-0.61692897438793	1.013038639705	0.575789693105369	1.59326043165037
"prt1841"	3.49281174529505	5.86260903602282	4.29833452496422	2.17339602594899	1.07120030295165	1.53472875617608	2.21311331773287	NA
"prt1842"	3.55981511781889	4.19840771136701	0.729322060271733	1.6409249688437	NA	-1.06143112584995	0.899712622943957	1.23291053197189
"prt1843"	0.771266823148705	0.0425252423983474	0.735137748551418	-2.03558861848974	-0.397836344258894	-0.642799765104204	-0.332942232323973	-0.818550609811755
"prt1844"	7.07511515982535	3.23265429791918	NA	3.81201503154305	3.78309193334054	1.38889362616437	0.880117560170302	1.6321123430681
"prt1845"	-0.52668812273621	0.978092521311821	-4.22993463774868	2.06176253607639	-0.750198304389082	NA	-1.87374560652944	-2.75581766290673
"prt1846"	NA	-2.7537087951225	-1.75444162344754	NA	-1.41470932699691	-2.12284016611388	-3.26363846285134	-2.21512306545936
"prt1847"	NA	4.4116909911735	2.79401868314636	5.47673399052585	1.77011558141006	4.34266534248832	4.20867678597021	-0.907536492695785
"prt1848"	0.347116185228382	NA	NA	-2.38172829871787	NA	4.12920130078528	NA	0.432606514808152
"prt1849"	0.604913604403389	-0.766708274968816	NA	-1.22961258906806	NA	0.175697780015866	-2.9019605030439	0.245718025168067
"prt1850"	-3.80367290854785	-6.14286643364272	NA	NA	-1.07047059069106	-2.47978242800457	-4.84358692032714	NA
"prt1851"	-2.02549538944391	NA	NA	-1.31423286901847	NA	-1.07986634401225	NA	-3.99432627604025
"prt1852"	2.30296521341542	3.8370246984223	3.4779421673633	3.40132687139482	0.517718422181457	NA	2.24722440731688	NA
"prt1853"	-1.25750038671209	-0.802784897854394	0.579132839736408	-0.581968026312958	NA	-1.30407792055796	0.352619073936884	0.708027907519031
"prt1854"	-1.12725347347923	1.15273434789318	-2.19795684867639	NA	-0.994518793408961	NA	-1.99493618585575	1.28105344436063
"prt1855"	-0.924789447468638	NA	-1.25710151498052	NA	-0.078149324813933	-0.237020887357027	-2.03670949395392	NA
"prt1856"	2.03314352651172	1.73914187009989	NA	3.29220503964131	-1.5180163851066	0.226322314794924	-1.63998694766512	1.96579431807527
"prt1857"	0.241452854779258	1.22826367778818	6.72676384575279	1.89559593683674	-0.106008882792772	5.83876628775238	-1.70032365216101	-1.04681983368292
"prt1858"	0.90694138693463	0.698144183679456	1.22399275256618	1.00588190525487	1.52526910011727	-0.727550533336724	1.21990203931177	1.72355921133915
"prt1859"	-3.26277240557931	-2.48825146836779	-2.3317845593104	-0.556194993425989	NA	-1.92377940201714	-4.24447275133858	-2.3847380055477
"prt1860"	-0.227665747244831	0.991434508739098	-0.674954473901181	NA	0.673092328016479	-0.273894790088161	-0.630420790719093	-0.502205234280392
"prt1861"	-3.06755521954139	-4.82363837560731	0.0580272326246829	-1.91306200365851	-1.87891164819775	-1.34857798769534	-2.87680137569695	-3.01666419466371
"prt1862"	-1.2105844031749	2.4448845734539	-0.159834221056758	3.0322354782139	3.42836000313248	-0.713670925246581	NA	0.312030676339876
"prt1863"	0.287708898849407	-2.45027005167074	1.78773889320448	NA	-2.56583004573542	NA	1.16682861584649	NA
"prt1864"	-5.11464668812016	0.14361128813675	0.567309561779407	-0.170089917021228	NA	0.390510151328333	2.42159174264733	NA
"prt1865"	-0.529620163790211	-1.52242112776358	0.971054188906594	2.48346858546386	2.53323702028255	0.301263046782247	2.80449573770794	3.47926901861232
"prt1866"	-3.15332927827731	-2.18839261230306	NA	NA	-3.0563687652326	0.313323917873959	-2.03360166222199	NA
"prt1867"	-0.143107251223763	2.93728008318772	3.70468365103353	2.68777795797539	1.73847333111122	4.24667483844251	1.95999250006662	0.322114738357718
"prt1868"	-1.57168715190069	NA	-2.50641148239931	0.410118126406517	-3.76521753876133	NA	0.0148065931581833	-5.60277892306373
"prt1869"	-2.18768476353927	-1.80886411044743	-1.46357941974923	-2.48781653689641	-1.54291181003645	-3.23255640474135	-2.35418147276545	-1.13828482036918
"prt1870"	-1.44521685619465	0.170935216037555	1.57527627315669	-0.0524181591169677	NA	0.950675505616747	-0.521821308488195	-0.230644462860888
"prt1871"	-4.28565060622041	-3.00365566639783	-1.90974935934601	-2.59970398457621	-1.53226149112531	-1.56101265947213	-1.92369968471603	-0.870717463240915
"prt1872"	0.810784328447964	-0.01235329228379	-0.988969274991867	-0.433498123853638	1.95319240251669	2.63705155308393	1.40208566116257	1.81945841573239
"prt1873"	-0.491799037422163	1.45682394188765	0.440852089265951	0.273059784384517	0.548412124852205	-1.52492382164222	0.932908372858981	-0.888735468099584
"prt1874"	-0.573553109817272	-3.53949104492276	0.946200953536644	-0.905394804596175	-1.63494481297107	5.28268070272418	1.29254972980713	0.0745550815638607
"prt1875"	-4.75837861046866	NA	-4.72178112138096	-1.45465824804552	NA	NA	-2.04780201031809	-3.57650474611047
"prt1876"	2.77447227400953	2.45802161569894	0.603236008233165	-1.7039556810155	-0.187311529233829	-1.49353107112517	-0.520133811521651	2.14559047899911
"prt1877"	4.44327404679102	5.37012229255818	1.95142716552221	1.44490845035888	3.46975143243021	3.34837280383325	2.56708636685425	3.82742248806495
"prt1878"	-1.73414041262001	NA	-2.44409174904032	-0.616391808093386	NA	-1.7080362275461	-1.59583354606226	-1.5840757832542
"prt1879"	0.842581454953781	2.16792433255433	NA	0.167458336836634	NA	1.14433540453544	1.7171397931198	1.1662910923435
"prt1880"	-1.25640026743364	0.799779493934279	-0.22659882084665	0.0786777628234973	1.76132077685566	1.30401586565464	1.44696447084601	NA
"prt1881"	-3.23111096060675	NA	-2.3951571850404	NA	-2.72961103025644	-1.99676582512285	-4.23212756860547	NA
"prt1882"	3.28788711316485	-1.51299803713582	4.14252199357685	-4.59964766623384	-0.430137639822653	-0.52694690983258	-2.31922212543159	-0.331284388073836
"prt1883"	-2.99460980001055	-4.86241192618047	-3.26954711764317	0.522068264354239	-2.03331173986339	1.25454855355178	-3.16029045249063	NA
"prt1884"	0.0114947240255807	2.9390162154047	4.08008974338903	1.6133514299425	2.74205230259874	0.292066987000414	1.272502640391	1.45637062647388
"prt1885"	NA	-1.27762799743367	0.713848750055057	0.206214869172012	-0.190210864195463	0.988171585797478	NA	-1.84628285563535
"prt1886"	0.9703091523623	0.886642309732606	2.87063157605295	0.849177742572261	0.106682460062109	-0.859183176900106	1.60595532633388	0.356742059131961
"prt1887"	3.1795089549038	0.530810733619098	2.34704155041463	5.06305934384081	1.21348673041958	0.909784269096298	2.42742331641833	-0.690662317518641
"prt1888"	-0.793314217955901	2.13736746561727	2.26033741464491	-1.15021928166421	NA	-2.22052943724561	-0.506127194213266	0.732383653336508
"prt1889"	-5.04107097458326	0.448724758304013	0.186176903186069	2.56398036113494	5.18415290812339	0.473882132917764	-0.15087898049074	-0.998194808725374
"prt1890"	2.22137975557119	2.78765080783498	4.64636794100358	2.66084454930168	1.85543401839104	-0.0345648708969603	4.36118485976328	-0.462557078446913
"prt1891"	1.46499428355399	NA	5.49468150248429	-0.898162367961859	2.53326512662256	2.32945618292717	-6.18725512809597	4.09263277548588
"prt1892"	2.78987649831902	-0.824621638536448	-1.32273061938419	-0.852148776954068	NA	-4.19139502435717	0.896309534962838	-0.895150253739322
"prt1893"	NA	-0.0392381154514114	2.74104714985674	2.52608824137893	1.75701474054383	-2.97168566410902	1.60712276726992	-0.120892096678417
"prt1894"	-1.87485943028939	-2.83118954871024	-3.79201360043893	-1.30543650669812	-1.12437010888243	2.43988065704926	-0.155868171931241	-0.829070330215041
"prt1895"	-5.53985982152649	-0.906566187741948	NA	-1.49640223635774	NA	-3.88669832051598	-4.64346186020127	-3.74522966477399
"prt1896"	0.709529919862614	2.83747541347006	NA	1.10037010266488	0.985753034198942	-2.25227209452795	1.18231883002662	1.62888274157383
"prt1897"	2.97175456859922	0.635534124766138	-1.03304637672369	3.6781735750341	-0.548383014051773	2.97027858722522	-0.643083193702186	4.41440581730788
"prt1898"	4.54956156727544	3.2503312824763	-2.18629586623292	4.16303946267823	NA	2.05406099095726	2.62101656490279	5.4539382223856
"prt1899"	-1.19477354299134	-1.41246719521007	-2.28985964171281	-2.7435656529493	0.0179527509615313	-0.369151059674571	NA	-1.29955164297408
"prt1900"	3.87947615793972	NA	3.7106138363538	2.47358195085027	5.43407445262672	5.18393302558646	5.59745634565833	NA
"prt1901"	2.32824507771034	0.311775392158021	0.735376163533092	-0.252699709488501	0.846510893967684	-0.15240590582964	-1.37168893683169	2.70126279869668
"prt1902"	0.0618694021312977	0.489858423367034	-0.435834583942415	-0.435069341468994	-1.42683294505718	-0.585866155236941	1.71928951326111	1.48560127320898
"prt1903"	-2.52247137109291	-1.20192944945681	-1.48161225154602	-1.6628527622146	-1.07058492160021	-0.831810744833028	-2.98382004148084	NA
"prt1904"	1.14234219906168	-1.55400871273186	0.33235258227083	-1.00111621990184	-0.0289605689571732	-2.03544008262354	0.81904469138579	0.509921235246328
"prt1905"	-5.97249629904771	-3.18164433432203	NA	NA	-3.99770814363921	-5.99860805088828	NA	-2.92445722034348
"prt1906"	-0.520622764743361	NA	0.77445889701309	NA	0.475045819655096	0.734222555100371	2.48979064472739	-1.13610016791544
"prt1907"	-2.78404700075498	NA	NA	-2.13523858371212	NA	-4.25501786487994	NA	NA
"prt1908"	3.54259098350213	NA	0.230116444130042	1.30809387431182	NA	4.62638187384863	3.35970821979756	3.42085625654391
"prt1909"	0.0983113876776345	-1.38131361975876	2.76351894400022	-0.738915885868673	NA	-0.439363624627688	1.62949377787941	0.300228121696403
"prt1910"	2.57941619698809	0.367950726435786	2.15832403838238	NA	NA	NA	-1.85595021873271	-0.868587621859211
"prt1911"	2.29908097086678	0.20022117333153	-0.665640499732589	-0.172957653262356	NA	1.33384330606461	-0.877139761291316	-1.03151190181389
"prt1912"	0.230163031855812	0.899420434584806	NA	-0.433346107546633	3.22679695042633	3.93056917930767	1.4471529396448	4.86173914595124
"prt1913"	0.809318770753026	1.55165746901703	2.23781590793836	1.12030541830019	0.181398251253937	0.990450206297587	NA	2.17130093006637
"prt1914"	0.124511319786628	-0.59164542668474	-2.31481494787332	NA	0.678791521060135	0.799984073220896	1.25736076719611	NA
"prt1915"	2.48555490610905	1.45098682594613	1.09869479219526	0.442510923086544	1.08355489573842	-0.021959261969849	0.920680746571006	1.58440879830264
"prt1916"	2.05491449325803	-2.39358575025413	-1.01975257266249	-0.943813210842632	5.4624421622426	-0.519714364384569	-1.93663684406863	10.1173957110597
"prt1917"	0.0917465355084162	1.24956563902306	NA	2.48452775461757	1.06335067562734	-1.57696358447117	1.16502871736823	NA
"prt1918"	-1.73337962622046	-3.06253035994939	-1.17588375993262	0.711427263954302	NA	NA	-3.96884805263981	-0.280789311029357
"prt1919"	NA	1.83285233997888	2.03000924461082	-0.113881469865714	-2.59406868338379	0.38659393165473	0.7068323995887	1.64288459429114
"prt1920"	2.51146558574755	1.69168509030851	2.746040137312	1.32361375792603	1.31197237273973	3.57160450903585	2.68994972472005	1.70147299149373
"prt1921"	-0.339002331722247	-2.79072946379602	3.11974080162236	-3.95416251740967	-2.35492384815167	NA	-1.77920399307611	-1.59379018793706
"prt1922"	NA	0.489111710578979	4.33210790806722	2.53947262940025	3.00345812743019	1.94205243540708	1.52254905760608	NA
"prt1923"	-1.62879262754747	-1.60845978494155	NA	-3.82806953834133	NA	-0.26278194641606	-1.18594684774096	0.0857649692279701
"prt1924"	1.26057042852641	2.67790846317377	-0.191165722823861	2.33369309885419	3.15044696648174	4.02086844428425	-0.152803946549718	0.722578826795104
"prt1925"	NA	-2.19874544884867	-1.80068914136383	0.678588836423509	-1.6143092291497	-1.97659736205319	0.0274483254484032	-4.00214734989144
"prt1926"	0.520786576239583	NA	1.17406606494265	1.86882144384808	1.95520939621938	0.143365086556247	-0.945609799063986	NA
"prt1927"	6.53811792160204	7.63492503271234	6.19993516794214	7.64014259766311	NA	6.22757843235149	NA	5.9711355948788
"prt1928"	0.370906974665792	NA	2.68372133872043	1.465366877985	1.77925911531516	4.93963386806121	2.9163754819167	2.19927478826471
"prt1929"	-5.2788618567496	-0.137254644522141	4.88916973740993	NA	NA	-1.43574167618052	-4.84299581768369	4.84388313128189
"prt1930"	-0.478338890529178	0.231968435044304	-0.768560574499473	4.01474635236899	0.224796675741974	NA	NA	0.650996733524953
"prt1931"	1.31401426210723	NA	0.985270415337909	2.49896092115852	NA	NA	-0.222235055319228	-0.114409395563255
"prt1932"	1.34378950217979	1.76393436235076	1.82199642072401	1.76359779622692	1.58282269877001	NA	1.4878388606499	-1.0917559580277
"prt1933"	0.4345404729034	-0.687895518559073	NA	-1.80362903178729	0.131764791313942	-0.00903857782428796	NA	0.618403218835213
"prt1934"	NA	2.70952371133545	5.05731339931148	2.80564094068808	2.57003647423313	4.36045520568822	4.14106292757296	2.99037994460258
"prt1935"	-0.776230572895639	-0.924422747642314	NA	NA	-1.08768534363887	-0.717589300364809	NA	-0.943500232092742
"prt1936"	NA	-0.878658821276367	1.6145464887496	0.106740810770574	-0.636774596095294	1.78773486209405	0.901343779137661	1.92021222313834
"prt1937"	3.82872345624185	1.23118554676618	-0.778324108643812	1.14332243338629	1.68108760632803	7.15186637048911	-2.39025916517538	-0.466001215495431
"prt1938"	2.76979086569428	2.57883935138376	5.00942799458469	4.53270267975984	NA	4.87045173306062	0.997053366556249	NA
"prt1939"	1.41304118114279	1.37607200714809	NA	2.30801413947813	2.92617266786859	0.119439994981742	0.259351128804351	4.38691382450223
"prt1940"	0.140903652573137	-2.35800556468389	-2.72194379883635	1.29181122053705	-0.79194914100395	1.15256111158855	6.13100258899309	4.69338947892305
"prt1941"	NA	2.63165432191837	2.22227378326281	-2.87218649760948	NA	NA	NA	NA
"prt1942"	NA	5.89917556679899	3.8446713736777	4.39642416828665	0.130106128591968	-4.48563173444244	0.449535318660143	NA
"prt1943"	-1.06006563415778	-4.92383898252484	0.763480113809361	-0.448141510202724	NA	-0.034932929829763	5.22101992635429	-0.488045928520686
"prt1944"	-0.203330971285059	4.83741213797049	4.53110383187502	0.00507255539364592	NA	1.85174233866572	0.969331463737017	1.30032390266795
"prt1945"	0.634965053554364	-1.50088360278729	-0.821982187533577	1.3289650886661	0.335698347046127	1.05127496223497	-0.0287740301162935	-0.951696417688403
"prt1946"	1.34823571034074	2.39729013572392	1.815079646278	1.42873195508279	2.89588239610494	1.32442932548304	NA	0.584959144657534
"prt1947"	1.38141147221862	1.00581792640032	1.99625372055301	2.64675873287824	2.46916009164351	2.29379234759496	1.34617979666789	1.73950186673004
"prt1948"	-0.911385327433285	NA	NA	0.437902043774199	-0.877380210890869	0.445418074922519	NA	1.51868653386468
"prt1949"	1.19120778373562	0.227724258793747	-1.83361468385393	-0.998254600067495	-3.27997112821818	-1.01062015105271	-0.800469735969177	-0.446683702480597
"prt1950"	0.832080812871581	1.34024386027183	1.16504760387103	2.79340038304845	0.430680803903398	2.70735146167328	-0.112507642901763	3.75917505233464
"prt1951"	-1.68844222683976	1.61339805758838	7.56626823397418	-4.95343973245378	2.04133852222508	2.26749643700647	0.180818377936432	0.219611428551433
"prt1952"	1.84138499793687	NA	1.38286232772399	6.15196557317474	4.34993848858849	5.26411742956968	4.69038188157804	1.16275758847845
"prt1953"	1.52851573814456	1.95842255026784	-0.316559026967813	NA	2.3759685251435	0.997719241369831	1.56451718655949	0.954538332778409
"prt1954"	-1.37880645532527	NA	NA	-2.13152469153164	-2.78045578644524	-3.56248504704856	-2.17202067510723	-2.67482312651772
"prt1955"	-6.56697930841764	-3.17313146399071	NA	0.849927128187518	2.77046084185206	-3.13299608819005	-4.23676885280756	-0.927904059042551
"prt1956"	-3.65081642303391	-1.77890045971935	-4.72865056660965	NA	-4.38818358129812	NA	NA	-2.10717751713755
"prt1957"	2.85413343066475	4.0965113238007	3.23746091652526	3.94765602702371	3.87820370769847	3.22073761694816	2.23122504055519	0.77588530474486
"prt1958"	0.79412288819378	1.55610721832211	4.25655870121098	-0.948343742622654	-0.818811200592599	2.21793398822515	NA	1.54452942236654
"prt1959"	-2.54008311320767	1.3192739468056	-2.10390611665381	-1.87156198934893	-0.169473302760067	NA	0.602646745743775	1.84694644795428
"prt1960"	NA	-1.18066509132952	0.0723132244924175	NA	-1.23523636007464	-1.35304457417884	0.232570352199213	-1.02868178394347
"prt1961"	-4.11971468619756	NA	-3.06971997803233	-0.413274578400491	NA	-1.85441285535824	0.0429847643383612	-0.837339327340316
"prt1962"	-1.98293640808123	NA	3.07990216621254	-0.368817317075631	0.660770157201277	8.34549305450811	-1.71685544156456	-1.3401442936331
"prt1963"	2.05219025401147	3.60691891224988	2.0187516907002	3.32139655160773	NA	3.58326270808985	3.68200420686375	0.728247493032205
"prt1964"	0.152768962359331	2.49870663276846	NA	NA	-1.64910821316198	-0.537919527343035	3.75357904657944	0.892662022899184
"prt1965"	1.10699461048807	4.30559009852591	-3.05853148224848	1.55719123272811	NA	5.82952804228072	1.21464957836216	11.1797229150893
"prt1966"	6.04174722356758	6.45604883816529	3.4515070881434	3.47915480210602	2.99835020885725	5.2563518917371	4.24457294173499	NA
"prt1967"	1.04550939719537	2.27869396928733	0.357128960326516	3.06952511029825	2.85367828958824	-0.303790153058746	-1.1907563636288	1.11531593450896
"prt1968"	3.63991004832094	-0.489788249968614	0.169962792954922	3.31036891002099	3.75665845611545	2.18059494641647	2.01588473603026	1.77735185439394
"prt1969"	2.46105694858582	NA	4.3441688542444	0.721093040515845	-1.51527297259915	NA	NA	2.28502370407862
"prt1970"	-0.814841429352409	NA	1.86686014963047	0.416398443806922	-1.29517087184505	0.49882904396164	2.08233626137963	-2.68901929379639
"prt1971"	-5.31872129007763	-8.99181008158081	NA	-7.2401258581877	NA	NA	-7.47955472753095	NA
"prt1972"	NA	0.883596369561746	1.27758662280108	1.71366724328919	2.03749621535177	3.55048544697967	1.06897986845386	1.58013905667072
"prt1973"	-0.611401320514705	2.62997019979934	4.91982034912167	0.70885615211981	3.7988411019468	4.95758603075682	NA	-0.235229716199343
"prt1974"	-0.743948166149836	2.64711221069133	0.323655572205822	NA	NA	1.11500040219731	0.388183113979988	NA
"prt1975"	1.25061223531259	2.48213186248368	3.16692308272609	0.757350611779218	1.36907300897333	2.31743420911252	-0.140983998347387	2.2290460906981
"prt1976"	2.13160136516317	0.938207701445685	-0.957895114764107	NA	0.360012501714608	2.19488953047338	0.403212037614045	0.435501645508285
"prt1977"	NA	-1.98771843849959	-2.42841957679368	NA	-1.9172643416921	-2.97161936726103	-2.20638130645447	-0.914834964096522
"prt1978"	1.51674019855865	0.681150415573711	NA	0.0199826888712106	NA	NA	-1.36270718616383	-0.54155761749752
"prt1979"	-1.7241936321156	NA	-3.15927529400034	-1.76326726352182	NA	NA	-4.96290081493024	NA
"prt1980"	-0.551676838469756	-0.0734655810053172	-0.909140119434501	NA	NA	-1.47995195444927	-0.764594995875336	-2.58897210566492
"prt1981"	-2.00425171833253	2.89249373149973	5.01538602216646	-0.774473928343447	-3.13173165924939	NA	3.25205269128345	NA
"prt1982"	NA	0.294223892601724	1.85945308172787	NA	0.704694554065086	4.2965320642628	0.165828004914629	1.06450480631134
"prt1983"	NA	-1.30283765076617	2.76805841748208	-2.58181826323609	-0.349089026331819	0.069940422603345	NA	0.25642218713805
"prt1984"	-2.7692243664569	-0.52264738918781	0.58913630421753	NA	4.50728045105808	-2.68456052950281	NA	-3.76329957780518
"prt1985"	3.13055197351435	2.51940328955288	2.84176866872193	1.79193778284517	1.11728529563398	-0.0432110735122898	2.31193846692494	3.60468041832659
"prt1986"	-1.15682656232483	-0.759127545003237	0.634857509175113	-0.015924489943137	0.634427072114048	-3.59744081564354	-0.765297422656002	-0.0749029844034347
"prt1987"	-5.22679231978488	-1.08493436071022	NA	NA	-3.54095483570775	-5.92660022021503	-1.9643447898723	NA
"prt1988"	-1.28163786010939	NA	-0.933287470392383	-1.97304029101662	NA	-0.452200531165727	1.15606200200422	-2.88076049642337
"prt1989"	NA	-1.38185900776242	-1.30876134511544	0.4458511724273	1.31294070961165	-3.37634187926399	0.157650435497821	-3.08914854115547
"prt1990"	0.0859606316505841	-0.84367261700914	-1.26175906891678	-0.924024165782924	-0.903526753032307	-0.157443905056481	-0.521559050618927	-0.340680561336924
"prt1991"	-1.39717209400703	1.94842119310744	NA	-1.73188199772392	2.51494951047355	0.118928436232011	1.09145352008622	3.27937378504367
"prt1992"	1.9403121143772	-6.70584560263144	-4.14475279937201	NA	NA	-1.90755512945718	-0.824766836473307	-0.499748666516081
"prt1993"	NA	-2.59502269476478	0.836082258888376	-3.55197969121878	-0.11063514142074	2.14507777264348	-0.100161158345201	4.18880040107241
"prt1994"	3.58144182519441	2.77257260411958	4.66038589691366	-0.871621215340426	-1.54180570352808	0.0813347541161482	-0.264760502464254	-0.211440958927673
"prt1995"	-1.63696702828764	-2.22367373322222	NA	-0.737063740625782	-2.10345243531982	-0.620799853972868	-2.45825212293149	-2.00695480261392
"prt1996"	0.870467006093678	0.150842006678254	1.15413164780187	-0.145326181686579	1.87206989099982	0.780636422736146	0.875459582740914	0.0309265323506221
"prt1997"	2.95842497746742	1.01077938560422	1.6796690730894	1.39883476239274	3.03168623153531	2.51504412032403	1.51052284315391	3.36611886508607
"prt1998"	-1.51271842017641	-2.64160117551393	-3.3285685968881	NA	-2.05288892235032	-1.85615189220351	-6.5539260267909	-2.3692859386352
"prt1999"	2.97987350909483	3.98112202916607	5.3646857899579	4.11166829390784	5.57604107675885	4.6967937162663	4.05231492874504	NA
"prt2000"	3.49279253996276	-0.452188119732087	0.327672722138498	8.14356980333831	2.74381881426345	-1.06088338462648	0.738620911792591	0.419522975428832
"prt2001"	0.650547400809588	1.98012532514131	4.79551757545248	2.4174952001511	1.50993012799302	4.00175712591801	4.07074795108211	3.99070012868716
"prt2002"	-2.94481851922662	-3.05856196755993	-0.661445969947987	-1.94304841165929	-1.35341389255921	-1.98827941022161	2.82857863486691	-2.05839989394388
"prt2003"	0.153339270400202	1.48566313341544	0.867269517498242	0.358409851567384	2.45351411197967	0.341970988569529	-0.339973235747685	2.11185500960787
"prt2004"	4.36563745500849	3.30467390538457	2.63299193030495	3.39363844304783	4.02037923483127	5.01135519968294	2.29409382442921	4.54789427170934
"prt2005"	2.38386332206176	2.09117553563793	2.34555699773846	2.05617718488934	3.36211151378022	3.12515139619997	0.634555898235443	3.9043864968877
"prt2006"	13.4242302152386	1.3418853369778	6.69435744830449	-1.13708460768979	NA	4.80038819450406	1.0543869492696	7.75846725912689
"prt2007"	NA	-1.26087790705128	-2.37331359841609	-3.13386098562275	-1.74656503867906	NA	-2.36215515143539	-1.52179705544056
"prt2008"	-1.40861276879231	-2.02887469371587	-4.37328673442079	-2.18468292053264	-1.01181678051728	1.44267224914081	-1.19000125077097	NA
"prt2009"	3.94046860722806	0.0589495028960452	2.59887729283036	4.31428582332274	2.71282063424668	-0.0606057260958415	1.66174920042451	0.591221674866864
"prt2010"	1.02339612316951	2.54358592051653	3.1491210728651	0.756601564513661	0.385007827584949	0.961702804409845	NA	0.891530091722264
"prt2011"	0.0712267311240284	2.64579216669469	1.73388860714894	1.02596614293673	-0.706547922074351	2.98847410319711	1.26970679682708	-0.0870602245486699
"prt2012"	0.526583904018435	2.87615808570131	2.5213565428191	0.223226225211827	3.11546532866562	-0.0611190877771316	3.34359395469739	2.26129614128774
"prt2013"	0.537424566350159	NA	0.0303747101596826	1.07278234813405	0.310637707646573	-0.309741800471644	2.14960952748347	1.6236055395096
"prt2014"	-2.17601869611326	-2.53259231741995	-1.05309339916194	-1.64231410600412	-1.94530607509258	-0.736285564238193	-1.5937174401864	-0.490526986934644
"prt2015"	3.53021454317502	3.18016378426198	4.02612134093014	NA	2.4464162047653	2.76729067509084	3.09670613805273	3.50948781481569
"prt2016"	2.59850003784863	NA	NA	NA	-1.93710867219107	3.32304067949804	1.9595012627595	-0.388688508028669
"prt2017"	-0.502729936271765	1.69186316127775	0.956067640469557	-0.20296845218279	-0.769610125507072	1.01232722198644	0.356471612892977	NA
"prt2018"	1.49323121701621	-0.420134588144973	-2.18384818815583	-2.0109695730823	3.74378237647139	3.97111109190841	6.14443477732931	5.13925182594287
"prt2019"	2.52152446219611	1.68825785346769	0.398743283613223	0.912868257384473	2.03313258460526	1.99827396776651	3.52948219960864	3.41815822458015
"prt2020"	1.76361599441239	-2.78549660193271	NA	-0.518312561445117	-0.839219292846501	-0.103995996490355	1.12126017697172	1.53489698721741
"prt2021"	-2.12592760268602	-2.02084912017675	NA	1.3147471694466	0.31543436652448	-0.415524454918855	-0.208318355374669	-0.708125434234955
"prt2022"	NA	1.78560723461749	1.4972003225408	2.0680911487265	1.0055548554173	0.902716858329379	-1.01499162777416	2.52434476176144
"prt2023"	-7.06803089459723	-0.65312682844166	-2.24273887700353	-5.22921046396012	-2.21862234245942	NA	NA	NA
"prt2024"	4.14622688639153	4.37878668788088	5.13098076559851	NA	6.28697176089286	4.79527354155881	6.52163373671996	4.3322245085082
"prt2025"	6.73931173693251	-0.0650767068290927	3.66759309339191	NA	0.27112856412976	2.85253914381033	-3.2631683256607	-0.522433235892299
"prt2026"	-0.796601894403015	-0.0822819503341503	2.37248277561321	-1.06660190952899	1.21400819143469	0.631560992320015	-1.30855418214121	2.18121446690117
"prt2027"	6.09676180774106	2.11141736252647	2.97568612206006	3.52377795747019	1.33501955783875	3.81877332205451	3.32956403727759	1.7877646580465
"prt2028"	3.01223969096913	2.55933963540291	1.25572429936937	2.42460686752531	8.26769763670713	-3.81825457978068	-1.01788468345007	NA
"prt2029"	3.33051295662564	NA	1.74398993916447	2.22368674633522	4.25521175982449	1.21954975033736	1.99664247383648	4.26860131957413
"prt2030"	0.820461326707741	-1.41621673528073	NA	NA	-1.61519250396386	-2.07486803136244	-1.83031498216747	-1.71839355250984
"prt2031"	0.787635874528645	0.901427753943952	2.24695963152447	NA	-2.38577605238014	-0.0301804541553719	-7.26603454527476	-1.48119382595173
"prt2032"	-4.53937825496614	-2.7752821313817	NA	NA	-1.97394164607322	-2.44616853233812	NA	-1.07175538567121
"prt2033"	0.72227107841696	-0.427022427328971	0.950589239028094	0.121662077100197	-2.27889683955967	-1.28153478992331	-0.2738602479311	-3.95286543397896
"prt2034"	-7.71462688004554	NA	7.0748231350842	-0.35599248973749	0.285264851959675	1.59574382277276	NA	-1.6843105890028
"prt2035"	0.367552352862528	0.970336862389182	-0.218647634583355	1.96990429890492	0.0484123206641504	NA	1.63925779860182	0.0336065524629697
"prt2036"	-0.833920906611675	1.28195421358137	1.19622060047942	1.83023408384665	2.50778866374058	3.79882236668426	1.81925689641807	NA
"prt2037"	7.82866523631488	7.75792681806898	NA	6.48462006856019	NA	5.29647116727371	NA	4.1663815568133
"prt2038"	-1.12776876024629	-1.09208904484654	-1.74766351398753	-0.961425043873556	-2.6864812001956	NA	NA	-0.544241669667991
"prt2039"	-5.0118993006296	NA	-3.34007122308703	-3.59996671475587	NA	NA	NA	-4.23086463269027
"prt2040"	2.46336356015432	1.10390566123359	NA	0.227486424407851	2.93158383776404	2.5625449410291	1.3062177999739	0.542371194760342
"prt2041"	5.67667987061194	2.92584891641115	1.72393947326167	3.42445596795365	3.48059941342942	NA	NA	6.83530475547915
"prt2042"	1.13722579759111	1.3105941034208	1.65253651562121	3.64704979112746	1.84915036300331	1.23098660017676	3.75366727692061	-0.532367241606662
"prt2043"	-0.453433153579021	-0.503432525109179	NA	-1.61691573753073	-1.96098598046577	-0.440601452575554	1.86471824684847	1.36816564930021
"prt2044"	2.6738818473353	-0.163737138654348	2.78813484455353	1.27241571996466	0.909481765334334	-0.736247191667154	0.729856028384097	0.507217384132351
"prt2045"	1.66663784631592	4.17176336241115	4.6108769115988	3.09659276924831	2.51080955805178	4.51476557040371	4.99639177877672	4.87222164154898
"prt2046"	-0.880749882949072	-0.106667270985567	-1.25245460096524	-0.302661527470139	-0.328166780085595	NA	0.112209739352982	NA
"prt2047"	NA	0.766338291781666	1.66945993270097	1.18664179365556	1.36970667845133	-1.38378288221192	NA	-3.45231994667906
"prt2048"	-4.35650239181462	NA	NA	NA	NA	-4.15795042321975	NA	-6.16954295632842
"prt2049"	-1.10605814778526	-2.7112022312356	0.981314698253645	-0.707996244813519	0.100732325626935	-0.566081283790256	-0.569631784507896	-0.267217360798109
"prt2050"	0.181224735969382	6.02647872361743	4.38001609003407	2.25228750403881	-1.21659738071391	3.52608783195863	3.7407537841292	2.01530896913804
"prt2051"	0.292475756469302	-1.46300791750674	1.32619326373439	0.665063753056067	-3.25863981906657	-2.03634436441651	4.17248962983705	0.67820902560271
"prt2052"	4.57094315009483	NA	-1.47569714149313	0.0698246790500469	1.78031522671712	5.2147766252664	1.00139763730301	3.24828263801919
"prt2053"	NA	0.762038668410086	-1.06336093143276	-3.67616757329463	NA	NA	-1.67006015025548	-2.47847843417178
"prt2054"	-1.17574542029279	NA	0.274313764858711	-0.740559683230855	-0.316663433511867	-0.264142411187952	-0.355181916751206	-0.395878512979438
"prt2055"	1.36074651394706	-1.30329164199163	-2.0025056161806	NA	-0.136833469929891	3.25704335139924	1.75873388449939	-0.555248448639891
"prt2056"	-0.560031929072744	0.0139344187250417	1.18400715801263	1.73557405544095	2.14846052417023	-0.455903712418178	1.41532421712513	-0.540709384012976
"prt2057"	-2.85064443606821	NA	-1.2551801363949	NA	NA	-2.93716700383717	-2.18690440992297	-4.47588553222921
"prt2058"	-1.37336089766395	-0.68125779356795	-2.58019213714052	NA	-1.60408363642567	NA	-6.18132525157447	NA
"prt2059"	-3.56942564553	-1.71606667905761	NA	NA	NA	-2.49755184782718	-6.95459793979952	-5.90382993885085
"prt2060"	-4.76880151269816	3.76824426628969	2.44377158599255	3.58961634806839	-3.86117168439019	-7.0149317695533	2.08161680202519	-3.7960061191335
"prt2061"	-0.629957987406753	0.138347670587049	3.03716314940925	2.10143172313027	2.51733076495572	0.647189608893838	-1.81141986983808	NA
"prt2062"	NA	-1.58179639925793	-1.25512679369924	-0.0288039111608858	-1.4858729721775	-2.48693709995602	-3.10847388969665	NA
"prt2063"	2.90340408781062	3.43254809548466	1.72387376955453	2.25025642385822	2.95687940156013	2.79642198903024	2.43143150014055	2.24741592507634
"prt2064"	2.60370905611888	-0.843317945076237	1.64453951698572	0.0739038467962669	-1.45234508871389	2.75314121777697	-0.435388725481257	1.69610179598491
"prt2065"	-2.46418331821061	-1.84313345275421	-1.28783993283987	-3.39822341061328	NA	-8.01824856152328	NA	-2.69903350601954
"prt2066"	-1.59172179670492	NA	-3.44009724964895	-1.59038811599095	NA	-0.93625951575447	-0.400162910902526	NA
"prt2067"	-1.72769982955189	-2.28630106482133	NA	NA	-0.706897852921158	-1.46800301547598	0.316472938351517	1.05658103623424
"prt2068"	-1.48510985084373	-2.54187082454202	NA	-0.0239423153768069	-3.52661624581641	NA	NA	-2.2507098674339
"prt2069"	1.20285586559733	2.02646265034268	NA	0.110465281690756	2.10255754565212	NA	NA	3.40008170181138
"prt2070"	-2.48167793435787	-0.00902113274671616	-0.483685088040062	3.53649603321014	-1.80212198663437	1.2020988159346	-1.70273476575893	0.902632968444136
"prt2071"	-0.353225070118548	1.17047295230084	-0.13954762497681	0.483124625285058	-0.163624830137546	0.478793380818116	0.552233059828176	0.962003330821701
"prt2072"	2.90357381513047	0.790629983188034	1.42750558558527	1.78855604037959	2.17482734869568	1.03697881047021	3.30870550200473	3.28113285202481
"prt2073"	0.199527209904353	0.438616327319473	5.9375744983489	5.54189605090765	2.18199806165389	4.58570443332784	5.26619188592154	2.61731147975307
"prt2074"	3.44119322446767	-1.08909910520678	5.23910242460963	1.07032554091232	0.961699861501233	0.735651130088047	0.86605937088846	NA
"prt2075"	NA	0.923406228449217	-0.444228509421014	-1.3940972440955	NA	-0.465607698236475	0.66317939488035	4.49651549307035
"prt2076"	-0.226594370754542	1.43794305222791	NA	7.02438605366228	-6.99576637885743	NA	-2.61211377899286	NA
"prt2077"	-1.11806228497553	-1.34660547943826	NA	-2.58813457162596	-1.70442049018356	-4.87965706248871	-1.23123686927781	NA
"prt2078"	NA	3.97903699938429	-1.99914024568549	-1.05365720917266	-6.31803552136118	NA	-0.068780590876371	-0.960470287550172
"prt2079"	5.45783706315081	5.25868961342919	2.9953179688518	2.71709742101282	NA	NA	NA	4.93964643383908
"prt2080"	3.44210523727048	NA	2.79055739232458	-0.00648812882287476	1.22660217871302	1.20254626925073	0.0931289002278521	NA
"prt2081"	0.413912275451031	-2.72417782994417	-0.945413494161453	-4.2933927700762	-0.669467607886814	NA	-0.0187926662202009	-1.62404305538618
"prt2082"	-0.0805160671213546	2.31610569140974	3.29212328271959	1.3208119154866	-1.92355184572454	-2.04087996479419	NA	-0.65945411018943
"prt2083"	-1.38201360488888	-1.19024091759053	NA	-2.71708436183069	-2.60561479716009	-1.44580533367531	NA	-1.69677158638868
"prt2084"	0.929704211644885	NA	-2.30195913456507	-0.499909517325928	-1.41360821477929	NA	NA	-1.12248602281496
"prt2085"	1.96994043627163	-1.31141043130148	1.34732519010164	-1.36029655249236	4.36953251442676	1.75609070311648	-0.462136425383094	NA
"prt2086"	0.886848417192466	-2.31385594357385	1.83727353222306	-1.59407128391445	-0.170499902618562	0.2335226863412	1.47327678171815	-1.1690827928356
"prt2087"	3.04184490646969	4.16298771945911	-0.256281103646974	0.976949957611683	2.53942782335359	2.93055199660209	0.0887356057690025	2.05090230842475
"prt2088"	-1.88013142820955	-0.271069488894909	0.0504798927445603	NA	-1.06837156520625	-0.690892204137364	-1.03000495738558	-0.994592363886027
"prt2089"	2.49379246012163	1.63190635528135	-2.53458284147886	3.64856327733697	-0.947603281212633	0.493895110090656	NA	0.0373240000869219
"prt2090"	NA	1.53733321200258	1.11161928350884	1.4160910316854	-2.66857428392101	-1.64456279288477	2.8556778422896	-1.59078252238284
"prt2091"	1.00137628562297	0.29113440915627	3.56664360373648	-1.2470841914873	NA	1.34025727520768	-1.14102955918907	-2.32631468635026
"prt2092"	6.77911544432022	6.75206673369746	4.68903479093934	4.0068675086113	3.60016300119982	5.97091211044006	5.97238346545103	4.30275025617526
"prt2093"	3.95977742191094	3.33799039516281	2.74346938897706	1.23406564302555	2.61679450384449	1.97355422196845	1.21175954826232	1.15027067874445
"prt2094"	2.39430588432009	-0.991246996775441	0.54979608944117	0.829529853670205	-1.89983809133029	0.311315336851699	-1.53662458579221	-0.604611165513348
"prt2095"	1.215858628692	0.56576233308128	NA	2.39144515199095	NA	2.83206593567011	4.96967651725649	0.820667464784628
"prt2096"	2.70209847259499	0.74658829643149	2.07071184744822	-1.49318214643491	0.941600598483771	1.29614370495909	0.140984083523072	1.48525262726426
"prt2097"	-1.56216432354424	-1.09855516588508	-3.30733770814251	-0.93030390837632	1.84688164053842	-0.658161622797926	-1.57589967897658	NA
"prt2098"	-4.02440627704631	-2.98696783613514	-4.98941127781082	-3.69558836123231	NA	NA	NA	-2.3232186269681
"prt2099"	-1.6085672415774	-0.667443928351636	-0.482828449932237	0.549179232307215	NA	-0.85806154019098	-2.82432424310586	-2.3480057089234
"prt2100"	-0.080178432825573	NA	0.724369188714777	-2.33720270393886	-1.58053454426666	-0.586817316690325	0.864902171710609	2.02037131552837
"prt2101"	-1.65447168616665	-0.60038459439917	NA	0.31680040730609	-1.04049790935342	1.74904976206712	1.93884263518838	1.45887859227973
"prt2102"	-0.676989314586916	-0.902012380061867	NA	0.0275414590758647	0.586572356831468	-0.879185415438316	-2.5370364625231	-0.870978863967199
"prt2103"	0.0919330781266978	3.36359738567072	NA	1.5390156954327	-0.439721341703711	-0.620670740550741	2.9103279372304	1.39554782735819
"prt2104"	2.40151562125274	-0.854978591634268	-0.111727767498791	0.546726092363022	-0.0556272423530626	0.616318854824622	-2.10279870270305	-0.208288289580874
"prt2105"	-0.90574177588312	-2.36346185211475	1.50510899305926	-0.36049265848147	1.84821753183013	0.876740897731575	-1.6870975386541	0.506011066160388
"prt2106"	5.43224463542109	1.57903341904393	6.5226401779694	3.61118107556618	-0.775690989040509	-2.15934810257721	0.0369383180238441	3.69671021062558
"prt2107"	0.447549371069133	0.0634358308206243	-1.17481853165892	1.41129375120594	-0.365134359454313	-1.23954236807318	0.98348518902791	0.192001222644606
"prt2108"	3.57572064229946	5.37536792592022	2.78389705275455	0.725478036098094	4.25273381787178	2.07531282503927	2.13891585886164	6.47433941035063
"prt2109"	1.17604758750876	-1.00302144426667	-1.96112343882623	-2.04538620035878	-3.4838980838221	1.65260247223954	-0.260208177816818	-1.08408744060505
"prt2110"	1.7716050890215	0.816299279123605	3.56005702209134	NA	3.04901004117869	1.07194889974005	-0.127669668508672	-0.0349352831867772
"prt2111"	1.11459235148744	NA	-0.784401014721339	2.69489632779655	-0.963453891712699	NA	0.012712574455819	-4.2635645581143
"prt2112"	NA	0.511428277573541	1.97174475985869	0.00562498226624547	-4.16543529917601	-1.44967077536782	NA	-2.04671265842986
"prt2113"	-2.1730473576926	-1.6270359898013	NA	NA	-1.25195024241896	NA	-1.55236349771603	-2.90221690337493
"prt2114"	-0.937979624751983	-0.608273161326335	-2.70049089991984	0.362965169288914	0.82775884099345	-0.622633678026209	-0.378224676368911	NA
"prt2115"	0.0290409814698287	NA	0.575690395865389	-1.79510618336589	NA	0.310723228366439	NA	1.19970622254869
"prt2116"	NA	1.41628557871925	1.47140578152623	1.62017353270442	0.48033870313119	NA	1.6449842929334	0.754925783293682
"prt2117"	4.66120415916739	3.32384541452616	0.417712206988321	2.00853336390625	-0.372617876499439	NA	3.45536808836911	3.09944158667381
"prt2118"	1.93317296062714	2.91060509862564	3.57046290859256	1.32820757121068	3.32239108877448	3.57496578602735	1.97587076810089	1.70198388386931
"prt2119"	5.5216381797433	3.2775032769897	3.51648676224328	5.29487706986579	3.0102578916679	2.52577098777718	2.25007478842043	4.5236512781044
"prt2120"	-1.29033458866676	-2.26797315135743	-1.03128123530115	-3.29277486670309	0.729517138741587	1.31565934550931	-2.49950046794706	-1.52270777628056
"prt2121"	-1.47576442345764	3.59667273182409	2.09489730876193	0.506192274080534	0.940611823275643	2.5172332062088	-0.114748711434234	2.63586622681389
"prt2122"	0.81215385524467	4.86935459050022	NA	4.29812694917458	-1.43995393486267	6.24084841703836	1.42535728000425	-0.509721479480648
"prt2123"	-1.88111020192006	NA	-5.60982807992305	NA	-1.33150032786988	-1.10646316327484	-2.6331407396788	-2.69912156155013
"prt2124"	4.10329306902377	6.29226996025942	5.22917986770089	NA	5.50110554686755	5.80214216402793	0.779144871402651	4.61656378404423
"prt2125"	3.16388230596354	3.00536324826007	1.50322905837476	1.62680726214929	0.757308600793418	1.12478373345456	1.89451483165788	3.26177138891557
"prt2126"	0.482205254583351	1.65733505237953	3.18798778322629	2.74177899465545	5.41324533120883	NA	-3.02789786043145	0.819422768135552
"prt2127"	NA	3.50685858107559	0.195670253281499	3.36474489485224	1.82597029104332	1.46671651734372	1.92407124479664	2.75373112748309
"prt2128"	2.12766667958103	0.891247742149375	3.54924387259675	-0.228593938835195	0.521343595067398	2.45787516506608	-0.428259543111632	2.18587124228351
"prt2129"	1.21085197771243	1.24194418090893	4.28206577528351	1.60606306138486	1.21894743513694	2.33754715436057	-1.40533251125896	NA
"prt2130"	7.66295736979912	4.11497001016857	1.71250484178806	-0.0123720253833302	1.94765339341513	7.69863707949144	0.0255252438083466	-0.636857472033378
"prt2131"	0.300928988885031	3.85265374060689	-2.6081915751504	NA	0.339034884927362	-0.572271671777148	1.67112804810994	-0.809356651654387
"prt2132"	1.75338395097693	4.22422514445726	4.83916963573074	1.11784219594904	3.4452006559394	3.67549286641084	1.63469390077521	2.56679290219801
"prt2133"	6.32524635952911	6.87306130474914	5.4814359579344	6.70665285244266	6.43088466227868	5.79374600871904	7.7428249316654	5.76682571329437
"prt2134"	5.22482311184545	-2.74856361124041	5.68697870555964	4.60751657507625	3.36036419164399	-9.311960358325	NA	3.20314802343963
"prt2135"	-3.78331410872726	NA	-1.48347572518718	0.21737563422876	-1.462519455974	-1.81933140414523	-4.55669852732409	NA
"prt2136"	2.24597339316661	2.51520405704902	0.849287794845277	0.593200053806728	3.65049601165679	2.15029487703549	-1.21413987961788	-0.436962027268262
"prt2137"	3.84063396616364	3.88235829906523	3.2734810131054	NA	2.62147008531762	4.218765113085	2.1009633670271	3.09296253378101
"prt2138"	0.920631810195849	0.871521326562546	0.0640388270664343	-0.259990357011787	0.29573595847977	-1.2850346664174	-1.21259893288478	-0.915968663077233
"prt2139"	NA	-1.51701157710267	0.767126354126955	-2.50853926155317	NA	-2.02460563836079	NA	NA
"prt2140"	0.740321403236056	-3.35871548150896	-2.27853462772679	0.340046110955106	-0.203959978560946	-1.50210834649722	3.08874832959426	NA
"prt2141"	-2.0793601906331	-2.65824255383591	-0.212159802306387	-1.24153733242592	NA	-2.35775388471851	-0.0712263078887678	-1.73427993565456
"prt2142"	2.37307895785399	-0.350190621317473	0.985973691367388	0.112848383310002	-1.88910329436978	-3.52066522114495	1.75239255883276	NA
"prt2143"	2.33819271439974	1.4750044635943	2.47657450260962	1.71207605555896	3.84829329541605	2.92776599393112	0.74734844365386	NA
"prt2144"	-0.352723380953129	NA	-0.797481871025362	-2.45265835335796	-2.27363568447188	0.18521635890436	NA	-0.162547767625016
"prt2145"	2.19266824173094	1.94234582123856	0.433566256222716	-1.01069669234205	1.55218989311565	3.4522298129666	1.15683723966384	-0.184026754338352
"prt2146"	NA	2.08876568768194	2.555600603262	NA	NA	3.00926012372527	3.40862023786823	2.53791005405396
"prt2147"	2.45967345812173	0.983443959164488	0.640596570322622	3.59691206478199	NA	NA	0.680316401332455	2.6236044074499
"prt2148"	-1.00330038510129	-6.49053623235559	-2.29719551882961	5.13883562464607	NA	4.5004022080618	0.37886854074966	2.16996627479618
"prt2149"	-2.14107258760913	0.699677825779623	1.73403293738139	0.326525895153827	NA	-1.23787616343725	-0.735796087636311	-0.0633073283597547
"prt2150"	NA	1.84027224736195	2.69025929914805	1.76454054156359	2.78486482779112	3.16809583399831	1.4922199180893	2.80274816115644
"prt2151"	-2.61158412390464	-3.47672682241079	NA	-2.22344876105459	-0.522909316073893	NA	3.74942358897735	NA
"prt2152"	2.67157336609454	4.50997975546068	1.29860505513362	4.60901686112482	2.9190087649651	1.30433159572962	4.94159302640662	2.9746215658842
"prt2153"	2.77086686864177	NA	0.922526270489841	-2.12797216305945	NA	2.33062781631621	NA	1.88315111429556
"prt2154"	-1.81401374647956	-0.954504642642992	-2.0482267762641	-0.000651858221361677	-1.12962528222372	NA	NA	-0.170053320186053
"prt2155"	-3.21800614195075	NA	1.77167686427943	1.0693632921911	-7.50797760313471	5.58504040434896	-2.6345430499054	NA
"prt2156"	NA	2.64240241191722	1.33645783157825	3.65708003866906	2.83622474794165	3.53951925751958	2.87748334571046	1.90626147587961
"prt2157"	-2.75483634622646	NA	NA	-4.18292605221869	-3.56018128101168	NA	NA	NA
"prt2158"	-9.21369982996064	4.0224402053739	-8.83634298962774	4.82132184442163	0.240738217371439	1.05968177315642	2.251740781504	2.06318780980636
"prt2159"	1.1804713905492	-2.69321713765282	0.385023558252853	-1.4483222211495	2.01369462320522	0.388486824841648	NA	-0.481614135752238
"prt2160"	7.30156250325057	2.88892543496793	3.93122844382071	5.92169440921189	1.23764685062343	5.18946698468229	3.33919835378258	5.48686378304476
"prt2161"	-3.39761797839626	-3.10555245662205	NA	NA	0.781152171010403	-0.695678377222758	-1.14867694965833	-1.87029059859523
"prt2162"	NA	-0.307639202918422	0.98518459826798	-0.987507338323269	-2.15856612310377	-0.247547753733003	-0.0954866165366241	0.434562849413365
"prt2163"	0.576329165498252	NA	1.50000802725218	1.93264502310843	-0.558496907127666	0.685513557451451	0.860833880939322	0.704186307382451
"prt2164"	-0.975314457472338	0.636291337560154	-2.60655462170407	-1.87304658657312	-1.16018556684524	NA	-0.786570148233671	-2.41156341642545
"prt2165"	0.764470408101995	1.53179168145289	4.97557923827149	4.136954656571	3.67859403254432	NA	4.51240216309101	6.20576938087843
"prt2166"	2.65142593725944	NA	5.08153045089184	2.87168366614152	-0.0479823951618652	5.96877517628246	3.9906699810222	4.07474218142203
"prt2167"	-0.361285199460664	-1.0027356122066	-4.93043025011559	NA	-3.60365488042555	-1.38644997632495	4.51717341749282	-1.5390221212209
"prt2168"	NA	-3.03295927221339	0.832655959037742	-1.55940431064998	-1.98234930930973	NA	-3.62600311967052	-3.44543523382151
"prt2169"	2.23355390363605	4.78702327266189	-1.93517146080102	0.482262968879162	1.32904344296635	0.04072026428433	2.51729655134791	5.97009261398966
"prt2170"	2.7620549601522	1.77138155174368	3.60435542720433	-1.18567354363168	NA	-0.0943815976552927	5.73547466425664	NA
"prt2171"	-2.908768563082	-3.16527030178729	NA	-1.05547094753418	0.0016917918814312	-0.722841518803578	-0.1083141747999	NA
"prt2172"	-0.872632762437542	3.54803339169776	0.343068706935352	2.02072493231041	3.54667278037438	1.93287500745536	2.70612504367966	1.22742195564475
"prt2173"	-4.0707891711581	0.566285596992433	-0.308624707086748	NA	-1.78868598218294	-2.26672434696776	-2.58974073933348	0.434058773930589
"prt2174"	3.04967873847571	2.98417456925236	4.23863604513231	1.50067592989427	NA	6.4298025985313	-1.56929364420055	1.55991596764061
"prt2175"	1.75021913533075	2.42076361288361	-7.83000657386536	NA	4.08042844105981	-3.11198230557591	0.379082920939517	1.08605797946444
"prt2176"	-2.64332519655616	-2.70418922802018	NA	-1.45037375578046	-1.78751937706656	-0.847344314502725	NA	-1.3341519900832
"prt2177"	6.36610060021707	8.04861445423378	6.5521690585138	3.45438536399523	8.41844499157835	NA	7.63864845715231	3.79807213597357
"prt2178"	2.39302506701617	NA	2.64007859531071	-0.00218270174731483	3.13227137362468	0.569034354024248	0.866350989258001	-1.6069927354728
"prt2179"	2.93183540372464	6.11379691352362	2.54873400774354	3.30368614988496	0.768216095886586	4.20849559789987	NA	1.22614200112248
"prt2180"	-1.12360518519581	-1.1299463142614	-1.44949827054535	-1.00859333407182	-3.61351374888982	NA	1.23340708006286	-0.215917297508797
"prt2181"	1.36524024650938	NA	2.70744879575738	0.478038241507242	NA	0.770823699723621	1.96412940624442	NA
"prt2182"	-2.61122384070963	-2.0068727694396	-0.159042042874919	-0.848132186099625	NA	NA	NA	NA
"prt2183"	1.58252614865943	1.79080446486357	1.09625514138951	2.73632370562179	-0.71612246764236	3.70590001164298	1.64864910986749	-0.462282834719945
"prt2184"	-0.917621161446406	NA	-1.49989012861759	-2.73922102929186	-0.541709548229991	2.47315833104077	0.601178481255492	1.15837167377534
"prt2185"	1.46298262516942	1.23222090532337	-0.994363028866386	1.82157250219341	1.21564138256356	NA	1.09205827273076	0.580883330230482
"prt2186"	-2.15349176585796	4.61690789639402	2.31202822924871	-1.29802291234819	-2.85332950043901	3.27680359490656	1.61351381260557	NA
"prt2187"	-0.194178450054556	1.26885640316948	5.41171911017088	2.05766907087491	2.29840032348776	1.5308866868411	1.67762241868393	-0.646986039603477
"prt2188"	1.16813933628925	1.5097906354117	2.64031934077043	NA	0.831547827711164	NA	1.90210021434258	3.02323391193999
"prt2189"	2.24624222858427	1.42636702089921	2.26792302593042	0.211758094150283	NA	-0.38076436213925	-0.37006859647032	1.84901447363954
"prt2190"	-4.53628418232407	-3.41743211650467	-3.45923717546293	NA	-3.86828484956702	-1.86951293397153	-3.07835640154189	-3.12593288822346
"prt2191"	0.915988884138565	1.28031902145297	NA	-0.852690901507726	-0.83637518113421	0.66978681274985	-0.283763425258851	1.81984911560065
"prt2192"	3.03127002087351	3.27344692706836	0.47633546434157	1.74707518337541	1.18297474813384	NA	NA	0.467348265217605
"prt2193"	NA	-3.08816117365388	-3.10767390040454	NA	NA	NA	-3.72226224222518	-2.44969358425727
"prt2194"	-1.16162054880266	-0.759597966199835	-0.625130036880706	-0.213706883590677	-0.825679259550284	-2.19784310418229	-1.37411382002821	-0.535092518454842
"prt2195"	3.85942796862566	5.26927803410968	2.59323219044321	2.12195752973786	4.08149832326954	NA	4.36131679432878	NA
"prt2196"	-1.47594844976192	-1.62279849603235	-0.926698656385508	-3.38928418327404	NA	-0.960040824701652	-2.63554510677532	-1.74622572882714
"prt2197"	NA	0.188202676800858	0.0944538588044239	1.58392854901233	1.48424031997372	2.09532303632867	1.70546919655471	-0.764918483918532
"prt2198"	3.59599018977512	7.13854895824343	3.2055775700849	8.13485109790031	3.35751433650843	6.98891729240768	5.91065325721149	1.08082319864838
"prt2199"	1.05504691302984	2.94529479505385	0.131554895887978	-1.14620317041303	-2.06929801083925	-0.265766183395116	-2.02446541742677	0.551253204982916
"prt2200"	-1.91660529799751	-5.42704591973013	-5.2484331053585	NA	NA	-4.01910371463998	-3.71303611003551	NA
"prt2201"	-1.88135841729108	NA	NA	-2.09403456219103	NA	-2.25243850545132	-1.04955936873468	-3.11254430328059
"prt2202"	NA	-1.8973065350441	1.22685124771269	0.412359357703678	NA	NA	1.79479299970479	NA
"prt2203"	6.77548606884253	6.28684752276703	5.5471862866022	6.87082543370246	6.34262505922367	7.70930311528981	3.96186426583742	2.76884899528397
"prt2204"	-0.448835724761577	0.513696543185209	1.59704541966826	1.6138315632446	-0.830503441451661	2.1432323777095	1.92775237692143	1.36619092335717
"prt2205"	NA	4.29994045129322	1.47751512596463	-0.604095372531435	-0.461355548651473	-0.527054312028965	NA	-0.762589154057093
"prt2206"	0.640305944136504	0.488900647953302	3.93498153876891	4.22571120124956	2.42058008010772	2.21369686540021	4.3310447980495	1.49611963230901
"prt2207"	0.0269826452608301	2.10795420653117	-0.536399609350736	-0.317127019337698	-0.539861799371801	NA	-0.589926853759757	1.37528688039885
"prt2208"	1.46469253472407	NA	1.94103964351449	-0.197815325847592	NA	NA	0.807684524352927	NA
"prt2209"	NA	-2.21623542526421	-0.974699923323675	1.68086749515725	-1.50065597683962	NA	0.014191262194197	-2.21110438731626
"prt2210"	-1.72163118057521	-1.98100662151731	-1.22598001260231	-2.17193545731437	-2.07919694196989	-0.522825658579459	-1.73235170890768	-1.82314663541671
"prt2211"	1.25052488099424	0.797050400944884	0.829437215769007	-0.749570686892894	0.565923455311709	0.40343697668252	-0.980388359452281	-0.28433008651847
"prt2212"	3.29006138868171	-1.51062167913097	-0.628666716341751	1.85169562465406	-1.82589671265716	-0.297157410047753	-0.376349517246613	-1.48464197645673
"prt2213"	-1.21862915896682	2.694035890084	-0.971891591674724	-0.414560119249296	NA	-1.03455371354429	-1.15899470376077	-2.95925099242587
"prt2214"	0.584977094778106	0.949086697388966	2.71747856721681	NA	0.828070689598832	3.00136788635392	0.134027318514551	-0.732464401941437
"prt2215"	0.9893729842442	0.0781483282866804	1.34819848693126	-0.524385713646629	1.00047577352887	1.88186384579957	0.8131918385738	0.747843412891203
"prt2216"	0.691166576266475	4.12506660412343	NA	0.528911927913489	-0.782757744123524	2.8639523430843	2.6263188153762	3.23460030409562
"prt2217"	-0.427372878727207	1.08442153783618	0.936090115911349	-5.35283233330398	-3.11437783336133	-2.67005098608695	-4.95030874731723	NA
"prt2218"	-0.852734632096039	0.664710440277209	0.710580973424377	0.212586122261374	0.302166018666516	0.458726309599421	0.920900317006465	0.510955416649416
"prt2219"	2.99350375523178	4.20427584077216	1.78819978149166	2.57664497377786	NA	2.00793597709085	2.97639277198242	2.93354827428894
"prt2220"	NA	2.86548116587467	-3.91423731633615	2.482100462404	1.75126817439893	1.73180573910912	0.475283808426056	NA
"prt2221"	-1.7778015299257	2.07026496772451	NA	-0.751984983899148	-1.85500535145245	1.46743147022738	NA	2.17901309978575
"prt2222"	NA	2.04808490073417	2.04704067542589	0.520672949434913	0.622767823782253	2.64725289047501	2.39938025179663	1.92016272619865
"prt2223"	-0.145954393227397	0.57982875162106	NA	-0.662219744550085	NA	0.0879567957323506	1.00877691719887	NA
"prt2224"	3.14336420889007	1.62352040216497	1.87204585888156	NA	2.09333542767066	NA	2.91116290560979	4.26206269308459
"prt2225"	-0.737219130657371	-1.49805948195396	-0.311187915729326	-0.160417137984251	0.0606641713680016	0.619149137718211	0.249896590045473	2.44747993347925
"prt2226"	-2.04015148646568	-1.13876215933237	0.00222864920532917	-1.28317094571912	2.65141243928509	0.318780141273135	-2.22470363230677	-5.11585152413552
"prt2227"	3.0827230857075	-1.2670821313568	-1.43440163663442	NA	-1.41091312446059	NA	-1.49000797213094	-1.97922647890802
"prt2228"	-2.44063181767929	NA	-0.578860898428035	-2.71437906701815	-1.01468868926229	-1.91399646141152	NA	-1.57979667860245
"prt2229"	-1.63015225857367	NA	1.17420523020121	-2.63152690979843	-1.07877294990696	0.0529517247375419	-1.81474278632972	-0.424019613180429
"prt2230"	1.78999675330018	2.9984522380063	1.27232412069982	2.42376189134231	1.02006245440889	-0.29403338184548	2.78470538027245	2.78662782090503
"prt2231"	-0.016709656974264	5.09944322128677	NA	2.43206830744427	0.358296822099526	-0.999946301287653	6.93340252148823	0.897530530430684
"prt2232"	-2.15898203505506	-4.42419066903285	-0.0631784443962904	-2.08500037625572	1.34886464487731	-0.158011613895788	NA	-0.740261285020088
"prt2233"	2.04564090206767	-4.37023885568921	NA	-0.59760702326271	-0.126214852934316	4.84384302117882	1.83933979366997	1.14617042520964
"prt2234"	2.31895431796813	2.93261842154417	0.680798164932936	NA	3.60513402351555	1.61713131238852	2.26818434148407	2.86464556665627
"prt2235"	0.688090653024929	1.96529089924112	3.48171820839277	2.19673016905598	-0.87774406556237	0.0985764578287866	2.89932422510996	0.593772313877238
"prt2236"	-0.205432980779036	-1.15575570305842	0.0319576201739631	-0.982260299979641	1.62756407197213	-1.3197255682601	NA	NA
"prt2237"	NA	0.327902305360323	2.99557057941002	2.54907900654682	6.97462414445025	5.03251810402339	5.36004877751044	6.30535808436567
"prt2238"	-1.6590023882255	1.33224192982883	0.867391206878892	NA	-0.465481262868617	NA	1.7503130926071	1.09331286725497
"prt2239"	-1.11974907881435	-0.490278509476092	-0.0838338280177626	-2.52918116359543	0.0340127119445097	-4.29611947694116	1.01961074766181	-1.45534159326671
"prt2240"	-0.552632674563254	-1.07232840334362	-0.91385110431077	0.650522881873822	3.69859877983107	NA	-1.10102214160407	2.44267971641611
"prt2241"	1.37930755660869	2.57976301115856	NA	NA	1.58941531396814	4.46989630356941	4.29384777106514	4.31167084544953
"prt2242"	4.86051483704491	0.391986237316406	NA	3.74464692178821	0.744488130128788	1.20558156637879	NA	NA
"prt2243"	2.16663477550876	2.2882426434961	NA	1.13648711876968	0.269688908106655	1.52394831217881	4.02836874974041	1.23748319503328
"prt2244"	1.81206849107637	3.24482249726359	-0.284039941561017	2.12890683312287	1.5582684864875	0.825426767189668	-0.480858957168025	NA
"prt2245"	-4.21686378213928	NA	-3.15555139393737	NA	-5.82299439876191	-4.23722814337553	-2.46026758837943	NA
"prt2246"	-6.31836374377972	-1.63729649158474	NA	-1.36310816467306	-2.40431326477692	NA	NA	NA
"prt2247"	3.8326314382631	-0.51818097731731	3.75860836055208	4.57118886435144	NA	4.85756782056128	-0.560531431105813	-1.62750607153005
"prt2248"	5.27935303074035	-0.185590254400069	2.5762493912387	-0.0830676696660478	1.61864859539852	NA	3.89814667808093	1.02101636401245
"prt2249"	-1.13935986661544	-0.937975986285322	-1.1577723967776	-2.0056363082048	1.36613595944622	0.690403964293542	-0.298976460646449	-2.26739345484388
"prt2250"	2.52729943339101	4.15806316863981	3.59160065903076	3.04532189915999	4.27994827434708	2.93274323856971	4.11225404377176	4.20618365593081
"prt2251"	-2.02962610755872	-2.50282651112018	-0.412306689327339	-1.76026656584286	NA	-0.648455806092655	-1.82120620914803	-0.848469507831012
"prt2252"	-5.49122587764989	-4.9171928161993	NA	NA	NA	-2.06312661704651	-6.96121970575127	-4.88113934876216
"prt2253"	-0.71757407974498	NA	-0.7193624754624	NA	-1.79758389042759	-2.63337174753301	-0.169823172968001	0.231752536394976
"prt2254"	1.6040636483873	2.31669879731993	4.45291633177758	3.00716792762549	NA	2.19062927791407	4.34910337405002	4.78574074008673
"prt2255"	3.1654072919368	NA	0.512852845636014	1.73591927810633	NA	-1.26987876292137	NA	NA
"prt2256"	5.72531480796378	3.61064529275278	2.3549530960485	4.2636290220677	4.94969106209899	3.11094555868069	NA	4.71106422364681
"prt2257"	0.730341983748142	NA	0.926580617424974	-0.330841193103741	-1.35740447417635	-1.24389887618653	0.925825385798782	-0.58588175645676
"prt2258"	-1.07937994958299	-1.50864789153868	NA	2.86091217182839	0.332063302401863	-1.39012405953342	NA	-1.87334203017214
"prt2259"	0.590652855935442	-0.779119200574027	-2.03352693605798	NA	-1.30523235480383	1.01533102104968	-2.00377128816735	-7.52052367215812
"prt2260"	2.59896689368252	1.36538427548515	4.86565394831527	2.74830103854048	3.33794242239528	2.67171479254904	5.85060516273936	2.75503653329214
"prt2261"	6.05936873474948	2.13579592387512	2.44139687952671	-0.968117029959423	0.292401746382998	1.2788381166083	1.35342315687969	1.85093565095654
"prt2262"	1.74237158334783	0.250166264514509	NA	-2.27378911152955	-0.214852472040996	NA	0.0334319824988462	0.831967671414552
"prt2263"	7.68565468379136	-0.655783009034574	-0.281704840404786	2.09572512913637	4.48007213178786	1.61727419509277	NA	0.553953162385524
"prt2264"	3.55993428143208	1.6682289383769	3.70619430869249	4.40036737486357	2.53519654586362	NA	1.57847087831194	4.16726148432953
"prt2265"	-1.16300382846723	-2.08896296047031	0.379769163595218	0.3677154012398	1.5320602406892	3.31030731579428	-3.12792439478307	-0.883097734982031
"prt2266"	0.413752331155956	1.83298976413953	NA	NA	-0.318757362400786	-1.51744963408919	-1.75808080374518	-2.03539294611982
"prt2267"	-0.551499743121833	0.621897631778538	0.648847235037285	-1.8896982215041	0.0788508351332048	-0.575029821426836	-0.682661679758143	-2.33470036629403
"prt2268"	NA	-3.77102936742094	-2.36173648302145	2.08513941035057	NA	-5.56360680160847	-4.9002406675036	-0.688068593560857
"prt2269"	3.83676642142403	NA	4.21879722143859	1.710650093529	2.4398381873349	-2.98898423438644	1.98354039726689	0.328485673593541
"prt2270"	-0.0501206692334045	-0.160827549732776	0.455724382334059	-0.623091897756341	1.76499336387139	-2.15018751212749	-1.42468074531211	-2.45209923929244
"prt2271"	-0.5520532067176	-1.05562828249057	-1.8767818430081	-0.668543244370862	0.0872482066179641	-0.765291680001225	1.63798189292685	NA
"prt2272"	0.890413045340308	NA	3.9431829815752	0.407634242121573	1.08222587349041	1.40549639273381	4.59657227943024	3.07882246641167
"prt2273"	2.98060492164808	4.35823572079621	3.1942077569368	2.61645365386606	1.11478260745707	NA	5.00046340223885	-1.15762340427596
"prt2274"	1.52676185043901	NA	2.08446350731682	NA	0.585872321242427	-0.0978071097378784	2.06767337565242	0.35470558296347
"prt2275"	6.52779263346419	6.22054747801211	-1.16957878023143	-1.42158847344286	3.20724516900311	6.26086230154426	2.52858859268325	0.274511463076859
"prt2276"	-0.983939101171063	0.318869659965371	-1.43973604379899	NA	-2.36486664094928	-0.407499284269268	-1.25129299525203	-1.48615553112606
"prt2277"	-0.402682903210175	-1.22000840833112	0.212925740568627	0.43005621770758	-1.60031113506992	0.857207849953955	-0.594215419503413	NA
"prt2278"	-1.39718822284312	-1.27326034641663	-2.11106904214071	-1.99171535412987	-1.55963241460479	-1.62845911414385	-1.61944698043145	-0.840383077332389
"prt2279"	NA	1.45594596438291	3.51853381760808	2.77271673252671	4.99191144228469	2.07588791712849	-0.227174088751784	5.58764875693073
"prt2280"	-1.8752030444954	NA	NA	-1.0118992130475	2.00651321570926	NA	NA	-0.744564864757619
"prt2281"	6.43784415789474	5.36064569014168	4.22597417640409	3.72660177266214	5.53577991781019	6.55079902319258	3.18257522854943	6.16906679392462
"prt2282"	-2.40451790912322	2.00971277611349	NA	5.91394534277329	-1.06112326660704	2.13430016853895	NA	4.11792503252962
"prt2283"	2.72986398291456	2.54452972808558	4.19750707317085	0.256271545383783	4.52274316595649	0.812783155917438	4.27933673721793	NA
"prt2284"	1.70128578052898	-0.3254143289998	0.422894470002389	-2.99015759740249	-0.471911154936781	NA	-0.849396778393857	1.40188608258397
"prt2285"	-0.900797116744299	NA	6.37505579186034	5.78797478681733	-4.59478112662063	3.73846143632349	0.995894678231824	1.13688342973359
"prt2286"	NA	-0.654461883116514	-1.75380023782047	NA	-0.690804917627244	0.389430048612192	NA	-3.7548094126657
"prt2287"	1.23828526835884	4.23707389601338	-0.0442565703581319	5.22545572653215	-1.171458995241	NA	0.78513253876131	-0.678684323947372
"prt2288"	1.11538592434258	-0.134228579901313	0.36657859775289	0.940479536277333	-0.962929485772707	-1.12113595093227	-2.18169562949253	NA
"prt2289"	NA	2.27609583947946	-2.65587545639647	-1.91323842719812	-1.77306829151731	-0.304116481377741	-0.575766109450956	-0.551862741042418
"prt2290"	3.94404619564788	NA	1.56402873577476	-0.471710910859778	0.341525038432365	0.832075081494179	NA	3.57113269206365
"prt2291"	6.84440889773818	6.11824747714246	-1.22485634052991	1.24791514270813	0.893529505788026	0.117843909355728	-2.82763466534239	NA
"prt2292"	-2.77515493939162	-1.18745734933357	1.60836722263218	0.550031255080074	1.57434125380821	-0.27886798190326	-0.704161278273479	0.0799611881274065
"prt2293"	0.543286507568788	NA	NA	-2.11679215800694	1.00801438270178	-3.09093119115654	-1.181504283507	-2.44993242206565
"prt2294"	-0.557736519210942	-1.43962495801059	NA	-5.1910299418859	-1.31778243856026	-2.88349611790379	-2.41602418122139	-4.38636612366432
"prt2295"	0.0907417155433771	NA	NA	0.583779163022025	2.66838046647431	3.11678611574194	1.44831814901525	-0.485418683198682
"prt2296"	2.40791847154054	4.28048852574249	1.78932281025307	NA	2.53026860066026	3.97214919231492	1.09168669623594	2.23791813560611
"prt2297"	-0.282629905169632	0.953558328367205	-0.256436932190907	0.455598930604205	-0.413526810082638	2.20346900741369	2.47772300379902	4.04098342287693
"prt2298"	1.80986629016162	8.5567922847886	1.1909168105692	0.184843290073602	7.14855244035137	4.78636362661475	6.38825618578367	2.01825922453816
"prt2299"	0.0315437114848231	NA	1.82462653309896	0.541892978867173	1.46989089487838	2.69281790522559	-1.48441921879315	2.89699009039528
"prt2300"	1.89954468894694	7.00968981276447	NA	3.06050613222656	5.35153906528473	2.13296025086626	4.48785861752628	2.75354211256065
"prt2301"	-3.41937797670477	NA	NA	1.79713294538964	NA	-5.10635039139782	-1.01511867562865	-2.77907137854263
"prt2302"	NA	0.808700652205686	0.468526295621651	-2.40042450364944	0.16352217336656	-0.368522866603198	NA	0.141767407118406
"prt2303"	0.417674192303686	-1.03256042105418	-2.18111553581539	0.168779229307438	0.723057344354	0.596398109626926	0.741531900557609	-1.9339955878727
"prt2304"	NA	1.38768896570861	6.7635291878887	-4.18057946292634	2.79436678994638	-1.41117724781996	-10.3057852419075	1.88000010476227
"prt2305"	-1.53142262232263	2.00497394104031	1.2762423140593	0.540966841423532	-0.522411642120348	1.25488875286142	-0.802303628486147	-1.50686077467293
"prt2306"	NA	-0.034810228536939	4.81031161899059	3.14857016405643	3.37355182157851	8.99604560585059	-2.95702497954404	6.90184035416558
"prt2307"	0.323785151666481	1.40123516471585	-0.378126439173703	-1.19800751479122	-1.241604596291	NA	-0.245265653458762	-0.474124968613966
"prt2308"	2.95234543361358	3.53515427688424	1.58407393099069	-0.230797128463204	0.631552795541823	4.28768624266106	0.379216659165795	1.84090048664181
"prt2309"	-1.45251278564684	-2.20527890263343	-1.77636224538193	NA	-1.9683884785401	NA	-1.60828336569204	-1.00282947790284
"prt2310"	3.60337334740807	0.894199946886865	0.902870388479772	-3.40875718214954	-1.04413031527009	-0.874484254389323	NA	-1.52741334040198
"prt2311"	0.499042417674743	-0.0139873742297094	1.89061638215965	NA	1.58340238503193	1.95460408664586	-0.00411265154963973	NA
"prt2312"	2.35064772778889	1.20574967678129	0.329679865912569	2.65770130069557	1.61852693292413	2.62933318242353	NA	1.94808639683609
"prt2313"	2.11147154341796	2.12000131411967	0.21496225386398	NA	0.936481137461821	NA	1.49986806915734	-0.089143192856361
"prt2314"	-1.65179818237821	-0.170225393343008	-1.3043425942795	-2.46239855923776	-0.668924391030179	NA	-2.76699152400546	NA
"prt2315"	NA	-1.4234772709875	-1.35788035603019	NA	-0.901989065450485	0.753239706085721	0.275391228949408	NA
"prt2316"	-1.26924814116695	-1.11861868878476	-1.70406471427758	-0.925546039020842	NA	-1.17053706902762	-1.42339442449248	-1.73254628530648
"prt2317"	-2.37337785470851	-3.33280171821375	-4.6571349972504	-2.72673164089004	-4.30208199899769	-3.06517890587467	-1.80280806773215	NA
"prt2318"	3.68948932203487	8.22121475691076	NA	-0.588956198004204	1.92760628952109	1.83360889786541	1.19532980064444	NA
"prt2319"	3.98990666947453	0.570987925195642	1.99376418410382	3.12174880008917	3.63043254623432	3.09042851144148	3.15368201910392	NA
"prt2320"	-0.0309388251248044	NA	3.27134214111587	NA	NA	3.85480019109763	5.35863641696211	1.40429493050084
"prt2321"	NA	5.47471855388349	3.25429908513147	2.3173860289205	3.7370211180393	5.46608958939238	4.9824507708046	4.7613463836021
"prt2322"	-1.67458959423136	NA	-1.19074328391343	NA	-1.90931263763393	NA	-2.33685183349208	NA
"prt2323"	2.76719791761297	1.66345904822712	4.05196926719884	2.23063739872987	7.46639656045241	2.53625204358207	-2.57451192364764	NA
"prt2324"	NA	-1.91305925229264	-0.885692779451831	0.682737017671016	NA	-0.363872170096783	0.51872844860965	0.453738676383283
"prt2325"	-2.41730070461896	NA	NA	-3.7184167727951	-2.35212526322906	-5.07873207549746	NA	NA
"prt2326"	0.260533297054675	0.603242598214602	NA	0.825665559535737	NA	0.164559767487505	0.686838561732581	0.498220475157831
"prt2327"	NA	0.67439225508884	-0.430150667237276	NA	-1.34178114210422	0.781262558403314	-1.23815628258661	NA
"prt2328"	-1.82826956781159	5.15806374862248	1.19500103947321	-1.84816177543829	3.8667886942013	4.95957200409611	2.23969674994839	3.65716752520036
"prt2329"	-3.30291861664142	NA	-1.31962271105998	NA	-1.88048710137757	-4.28455086095308	-2.78915845988062	-3.67990319467882
"prt2330"	-1.98936153098011	-0.732026527450872	3.93723158328248	0.19271855640786	2.048119690571	0.821697747959531	-0.768342143392822	0.446515579551904
"prt2331"	-1.01184989738616	-2.46223187276448	NA	-0.0386366343083033	0.0389192635058089	NA	1.78811115396743	NA
"prt2332"	1.70617032688684	5.11090512663143	3.84009069031085	4.47466141915309	2.73083311855522	3.96744303074526	4.19544825046377	3.12958411555976
"prt2333"	-0.33437148399653	0.501581479573721	NA	-0.641338708986537	-0.547772579766655	0.14648670022938	1.37281277505489	-0.966340105367839
"prt2334"	3.67051058454055	2.46851724234351	-0.123931891478481	1.34692079451202	3.1686940983751	NA	6.25091308862429	0.718524007953268
"prt2335"	-2.10384775738874	4.48830408316674	-1.65360896575106	3.44697607431844	7.60161639670935	-0.322749578462328	NA	9.18536940892696
"prt2336"	-0.33829294826139	0.192751961437879	5.59322962458219	6.05195468872744	4.65885319215926	-1.27970764516586	NA	-0.364280746932982
"prt2337"	0.381012737122841	-1.00669281828295	0.71554765863128	-0.281724348078743	-0.574618915818606	-0.470251114280549	0.356388230525138	-0.0835381482633902
"prt2338"	-2.83822243270407	0.469374778172436	NA	0.70891384537317	-0.918813994332646	NA	0.328474891821557	-1.40765427723951
"prt2339"	0.627026150814168	0.533400817813914	-2.26192948164762	-0.982407510302025	-1.29993826317821	-3.65810900035183	-2.96774114781079	NA
"prt2340"	NA	-0.283916183288833	-0.569213597336245	0.0560782011435416	NA	-0.571064259419174	NA	NA
"prt2341"	-3.09414311106124	0.980327318448825	2.48616311200458	NA	1.60680359253544	2.29675284947596	NA	-0.75588876700758
"prt2342"	-1.01055030173592	NA	NA	-1.07263126612367	-1.18068145031665	2.38724630771457	NA	1.01314782115741
"prt2343"	1.2728683243898	5.7338954862933	3.80867202383681	3.21568144177749	1.88378789462724	6.36134877284084	2.46802317069314	4.53819201423328
"prt2344"	NA	-1.24988095929356	-2.48568982141732	-2.28755075540503	-1.1278060617992	-5.49826375735685	NA	NA
"prt2345"	NA	4.44404312146946	6.23480128403823	1.76624696125405	NA	-0.933884925302223	NA	NA
"prt2346"	NA	5.35243671642625	8.29583554095789	NA	7.14807341114674	3.97714518758921	-0.129457675769597	1.02804805976492
"prt2347"	-1.09178907607848	NA	-2.5818077098914	NA	NA	-3.07276373891598	1.29217448717979	-0.25348029092773
"prt2348"	2.81712130645214	NA	4.18291114918596	1.08710435267998	3.56362830975225	3.88484706767733	NA	3.71465140523351
"prt2349"	2.18430022085152	-1.52478623878363	0.791710197831788	NA	-3.04560795643551	-4.73433150728751	1.11378010819455	-3.38657446714014
"prt2350"	0.539083214571862	-0.656620281617179	-0.890996384638974	0.147443415790966	1.91251317732944	0.623303343313279	0.186701987415929	0.294706288758662
"prt2351"	1.12138085639235	1.79041510320746	2.42622343160005	1.72759231273054	0.919747680442469	3.34815133616878	1.44933227163278	3.30577821877871
"prt2352"	3.96538546704189	2.57745366165653	2.00521832914641	5.6818838971305	3.41898157822659	2.40359777452335	-1.37706535050321	4.09527684355329
"prt2353"	1.81623306146471	-1.81572475865378	-0.31265441293143	-0.683140575327841	0.188817133719527	-1.37850817231266	-0.344029370727219	-1.79560728086129
"prt2354"	2.79049884313242	3.75121254622714	1.90727889722336	3.25044985309544	1.68417203768821	4.33464498188346	3.36949061166813	4.50762323733127
"prt2355"	4.96639651108879	10.7419042787578	2.44860565420227	-1.63964558355641	12.6418594683194	2.28561700436423	-1.98639892640136	1.26871115527945
"prt2356"	1.2136370841658	NA	-0.833157746559143	5.134169740575	NA	-2.61163422965841	1.93948472068526	4.24066278397061
"prt2357"	1.64534052041021	3.26657647808866	NA	1.61598264609521	0.976015083358439	1.41567662300594	1.94619061473075	2.18287101530181
"prt2358"	4.05489946700188	3.77951657859196	3.09866310955293	3.6179867124387	2.94577469713603	3.93533740389829	3.00381212273636	3.0580450938302
"prt2359"	-1.99130483740457	-1.79290047770221	-4.80838888261686	NA	-2.94695171829816	NA	0.76766649145446	-1.42317520435598
"prt2360"	-2.07798361336151	0.515174331079291	-1.14481183748485	0.514217073900362	0.02007581447572	1.96701021409287	1.51445139352348	2.47860961781563
"prt2361"	0.0058851239801605	NA	0.690883302402378	-3.00222815144346	-0.449683615402895	NA	NA	-0.202011112783964
"prt2362"	0.339910171363917	-0.166974643452619	1.32072717411128	-0.928888363477364	NA	-0.406856588397065	0.231565212409253	NA
"prt2363"	-0.440356003797039	NA	NA	-2.80421924172924	-0.516858391204812	-1.79115641230005	-0.567694057106635	1.96327953082037
"prt2364"	-0.0669819485069377	1.25024059357158	0.0557047312235922	1.41799449767645	1.64941704397025	NA	-0.1828704040031	2.31897083836741
"prt2365"	1.4912068997201	0.78535090151985	1.34135926833237	-0.740364403247501	3.60949611175749	0.0721685169014338	-1.33950573535484	NA
"prt2366"	1.38411891284119	-0.197871898666974	-0.389392521230147	NA	1.40002182137425	0.750664967039771	-0.115521242577694	0.866708803428993
"prt2367"	-2.29352398700865	NA	2.86939816415911	NA	-1.10463125783494	NA	-1.3716523101979	-3.70655533201527
"prt2368"	0.270213831577661	0.97160497534675	3.11206357759675	NA	NA	0.496362007086953	0.525681708719552	0.127635254524956
"prt2369"	0.184359887716368	-2.82931323926559	NA	-0.113127409932945	-0.737806005268924	NA	NA	3.23797726169118
"prt2370"	-1.80322708072322	-1.58316976626531	-1.36513690006152	-1.56915627773144	0.405845680289286	-2.55331853322249	-1.85422038203715	-1.76032124266754
"prt2371"	-2.36575236322678	-0.343892120643067	-1.20092533328526	NA	-0.7599754260819	-2.29936304556596	NA	-1.72175977626115
"prt2372"	1.04834137287432	NA	-0.557724928821154	0.781636534425797	1.42679942045254	3.47187071877239	NA	-1.00401868811601
"prt2373"	2.50523236483117	0.734311661740169	4.50561300016733	2.48878808493907	-2.67991624147796	-0.824993963279417	-0.850881144321457	2.04437370149882
"prt2374"	NA	-1.35682762707656	-7.79488591088741	NA	NA	-3.5885733497572	-0.937084933390001	-5.15249236663623
"prt2375"	2.21343068760037	3.47947531881177	5.16861330965376	3.88723778488786	5.67027904983643	1.97730448623813	-0.21919608599366	-1.18556581320341
"prt2376"	2.2035362730896	2.20332348504997	3.35228612143161	2.74205046815701	NA	3.14762542292683	3.20650704869535	2.39406480287787
"prt2377"	2.36631010152213	NA	-0.83358189084926	NA	-0.336106672746983	0.425631860700558	0.275136508009661	2.65041151421074
"prt2378"	NA	-0.994946830248777	-0.140174240727853	0.565654539446172	NA	-2.07812015482381	-1.25647207761931	0.179891525100193
"prt2379"	1.79426946985259	4.85644844937681	1.87289414879485	2.87098077226449	3.56434955202703	0.15940488992286	-1.07911236498384	4.57977624335735
"prt2380"	5.19710890602472	1.44496599321789	2.90345124988624	-0.381385606896118	4.42694508574936	0.576148195650553	2.61369546435635	1.52971259711764
"prt2381"	0.33984824653917	-1.30106103065317	-3.43557089935718	-1.76856913857746	NA	0.492018244915065	0.292711841976098	NA
"prt2382"	-2.86892234121354	-3.59457243086801	NA	-2.22574837870546	-0.837199896902592	-2.75556309192115	NA	-2.54361332472883
"prt2383"	-0.287453024448437	NA	-0.303278792801057	0.0330591506635177	0.0456757152528391	0.253815212529639	0.0236534614083908	-2.03775668722184
"prt2384"	5.76719686407179	2.87078285141715	2.91825457413926	1.80448831522609	0.644691997604064	2.73569100941781	3.06810445134284	1.33535772346923
"prt2385"	-2.60447515805227	-0.676163332372035	-2.51513858325743	NA	NA	-1.36131981560984	-4.28212163637399	-4.20407347369803
"prt2386"	-2.17233791513958	1.00252697099465	-0.668529612486965	1.55508330722116	1.07742630432052	NA	NA	0.818566636300705
"prt2387"	-1.88879070130702	NA	-0.263113692428207	1.73707830489068	-0.211134299053658	-1.3639223632414	NA	NA
"prt2388"	3.81192379062731	4.37268374939989	3.58383058059788	3.27959540036514	5.73045514844591	4.72263717982502	5.51347794981336	NA
"prt2389"	3.83980827543072	0.106734277300501	-0.353576692681911	1.18445086398465	NA	2.47422500443281	NA	0.843234049996478
"prt2390"	-1.8622834311495	NA	-2.96051565947996	-3.78816777350561	-1.25730745366505	-2.3364786534332	-1.78069637728065	-1.7374503545555
"prt2391"	4.70109585993221	1.34564823528152	5.53778059412411	4.41596815450622	-1.16185398477354	4.8221901420888	3.99036689360429	4.90575085425856
"prt2392"	5.96477908646602	6.07915691452618	4.4815511539052	NA	6.04864325531327	4.48501113556214	0.0640671360212751	2.36506995075889
"prt2393"	-1.24307403349829	-0.396696361138946	1.14180142129503	5.80601015958587	NA	5.59982816518776	4.99494440262651	3.91861193494219
"prt2394"	1.29830885174919	1.91167509906068	0.547299148916166	1.49498636063025	1.12832799965447	NA	1.7838009017164	0.263170691175064
"prt2395"	5.78758851920014	4.15573787263787	4.04204356220552	5.94098449718235	5.07030520093313	NA	2.97280115267199	3.99533229045103
"prt2396"	3.93063088214323	9.51662004409765	NA	2.94385106891126	1.72625704508772	0.894126455744653	4.43819172793138	4.17749562133946
"prt2397"	-6.46854410966721	-1.64142395256861	-5.67169672620114	NA	-1.4760752760384	NA	NA	-6.70899539449104
"prt2398"	0.191140797062458	NA	NA	0.0928486117860069	-0.56803423281694	2.80260635794959	1.34985953969189	2.29307598436262
"prt2399"	-2.20702433494939	-1.42291335715187	-2.24068545574994	-0.437038052432524	4.36879860576931	-0.781929860632697	0.543828552599798	NA
"prt2400"	NA	0.939090254965502	1.17585063309179	1.27663536787729	2.31694486949761	0.699704371132687	2.2902768748114	1.19810345975956
"prt2401"	0.125984445384493	-0.731787118213461	-0.179957104340356	NA	3.31012066987362	-0.607921759417498	1.87279129842901	NA
"prt2402"	NA	0.217939743997068	0.886724434203372	-0.749500439821824	-0.811706630448038	NA	-1.37787689602778	-1.47506443307275
"prt2403"	2.23247136894148	NA	4.69081675117292	NA	1.23737058391679	1.72442146424637	3.82221660829735	2.29007217777869
"prt2404"	0.538834663035581	-1.98163974320344	-0.383968884366905	0.449065141915719	1.30354563123226	NA	0.0789165962024162	-0.0298443147269189
"prt2405"	NA	-0.845183370696892	-1.88687395533799	-1.49719372274153	-0.892830851908564	1.31815549483109	NA	-1.20289814741285
"prt2406"	0.650495717471505	NA	0.394344142870423	4.72382836211229	1.96531540716503	1.02272312609976	0.580298018851677	0.499996806236591
"prt2407"	-5.29964663830889	-2.29504596478178	-1.89779565442734	1.09920107687869	NA	0.149488541164481	-2.05833251315716	2.19177500542935
"prt2408"	-1.50868050355736	-0.891048744358985	-2.32567224453495	-0.99642444379221	0.0617781087531677	2.20762578244137	-0.359750163535809	1.46945466046314
"prt2409"	-3.03628050604095	NA	NA	-0.900424053280132	-3.60958074744853	-2.44382833749048	-1.62264711487875	-2.85831435767089
"prt2410"	-0.312825979539893	-0.852262269176887	NA	-2.21704031583003	-1.65690750911375	0.904537298100926	-0.587354600845794	0.239189896417179
"prt2411"	-0.132343476044714	-3.9824407495986	-0.000555037014948238	NA	-2.13816754457632	-0.155890825404393	0.209536468709272	NA
"prt2412"	-3.94594999008497	-3.54828610938136	-2.59369051743568	1.33653836495008	0.537939256857849	NA	NA	-2.2433058515077
"prt2413"	1.32544336933526	2.26843085313342	1.44821357710214	0.791642072278907	NA	-1.85513950304414	2.47242895096749	NA
"prt2414"	-0.48107203520248	-4.23664607844903	0.278129358884298	1.57780658416094	-0.493180656370472	NA	-0.732078703718501	1.73867774075616
"prt2415"	-0.240378738619156	-3.97426762746666	0.920045062986845	-0.231877437052663	NA	-2.26935742397474	NA	1.44966301340547
"prt2416"	-0.35738427285102	0.631178010930984	0.35190032668421	-1.38063710104222	-2.856767652471	0.992553789370803	0.231323092595898	1.20114803566481
"prt2417"	2.19701202523335	0.0194724064241633	-0.100568081603337	-1.22533409641903	-0.0529070295119689	2.27735822040501	0.846943895133401	-1.12669148398354
"prt2418"	6.48164589378936	3.7931876115885	3.72879220272895	5.87623849121543	5.82574049314408	7.07667231208185	7.193603745372	4.97129357725234
"prt2419"	-1.49611189931822	-1.307183511732	0.638251257861648	-0.14519663476192	-2.46119246566942	0.256481868115639	-1.1163855589851	-1.94642234732033
"prt2420"	0.0298671175235183	0.803153148161602	-1.29715823311675	1.18897726062581	-0.61248039169467	-0.648744667301461	NA	-0.223700146096301
"prt2421"	-2.32431620449794	-1.73159621147932	-0.758181982730461	-1.53703026676052	NA	-0.939074808400785	-0.94265703997139	-1.51820877710548
"prt2422"	0.481284825639786	0.487643715675977	0.112966994579607	-0.978596002175771	-0.486754080469998	-1.49400555783445	1.65402713941565	-2.2086448603682
"prt2423"	-0.715804887744346	-0.309087681848314	0.0102744715615551	0.581033519896285	-1.15946218637296	-0.991288887446248	1.47684024488658	-2.67462578727023
"prt2424"	NA	3.27601841258261	6.0795103489263	3.21223000218431	0.180957456314199	NA	0.563376022688079	1.96594112825912
"prt2425"	1.01671024832621	NA	1.49209898279647	2.73891334949732	3.6134529843505	2.28231725899854	0.32255003743919	-0.179959799311376
"prt2426"	-1.11607633226713	-0.70774679824551	0.0423725152492801	-1.21300237894779	-0.938734307376415	-2.20125082718061	NA	NA
"prt2427"	1.81834812011597	3.59726106202529	1.81320584680715	3.3109614079589	4.69293028298831	NA	2.58964647940696	5.08231478665194
"prt2428"	-4.12116780663066	NA	-1.38569533351569	-2.31921266277479	-1.24914079716512	-2.40135393448559	-3.39516516606766	-3.39671028075155
"prt2429"	0.299124573850697	1.84731493765447	NA	0.932680778814316	0.392920973426052	-0.165253942263656	NA	2.2530892010521
"prt2430"	2.08643130738947	-0.657769973524813	-0.307473241658135	-0.0895623010636305	-0.479641957624546	-0.114655344387788	1.35383323820969	0.292157171255192
"prt2431"	0.794753072643138	2.34837241961338	0.400249753251107	0.9689822194949	1.23453645884982	1.18544680122567	-0.0744929414221323	-0.202990264995663
"prt2432"	2.22210994357146	-0.377790614216257	2.82753628115485	0.410662149522822	1.75433958109568	1.45279870867752	3.64765168466036	0.988217996213354
"prt2433"	NA	-0.57911790514813	0.0357560318023318	0.0946360053630497	1.84191269019729	-0.722474436450431	-0.56240937445657	1.21050211826892
"prt2434"	NA	-0.551596789739341	-2.4072183312416	-0.2617298393373	-0.353619857839358	1.10107374318191	0.834909714775434	0.179968702690331
"prt2435"	0.394978427360124	1.17055075385717	2.5883396741155	1.47354609547197	1.13429902124906	0.789922032813584	0.648187333425298	0.972192911122107
"prt2436"	-1.6802259909909	-0.899333565336713	-1.11498391518222	-0.978368764776198	-1.03620870208132	-1.52441560674944	-1.59539901652828	-0.644682594232371
"prt2437"	3.25416627101405	2.62583295864959	1.86949968059052	0.639261429436791	NA	NA	0.890626349740838	0.803613036038406
"prt2438"	1.39379361741347	-0.300029763197869	0.618737037706204	NA	NA	0.868201950300931	0.525094090898089	-2.24622086615364
"prt2439"	NA	-1.65252257077542	0.000486873611831307	NA	-0.485670202266303	-0.774764200009151	-1.21462158971738	-1.62123283257854
"prt2440"	5.0381704243208	2.22792239423955	2.01156625600898	-2.23558157447775	5.44899834198254	3.77986191346612	-2.05336680901495	2.35336847416762
"prt2441"	-0.114245099406246	-2.7791258802983	-1.31728360495452	0.724476022783891	-0.794186002999781	2.1674985671418	NA	1.92458771237187
"prt2442"	NA	-1.23779365323692	-1.1586366343571	-0.0207491811892099	-1.74693222644963	1.62787246883873	1.99107917245875	-0.573840687078332
"prt2443"	-3.07960274140898	0.992639756072972	NA	-2.32898329022003	0.257440546466703	-0.525641699557039	2.24431447996041	-0.443020091577644
"prt2444"	-1.65258655082978	1.74561635798109	2.49353243505024	NA	NA	-0.204960428605221	2.25388789114444	7.69301255680868
"prt2445"	-6.72683809122903	NA	-6.93696291128641	NA	NA	-4.91215702922565	-6.4175571672176	-6.88394088231564
"prt2446"	NA	-0.90679575163843	-2.10809461821984	-1.36525491385297	-1.52697676155045	-1.56929963966816	-2.10718276033676	-0.29680020576049
"prt2447"	0.98143650460506	0.565851493802367	1.48247712510658	NA	0.120249499122399	NA	0.533284384943998	-0.916538085382431
"prt2448"	-2.0885744657533	NA	-0.12771387573301	NA	-0.297210802849307	-0.814783178912743	-0.426974636284006	NA
"prt2449"	3.40915743627107	3.56923847560452	-0.0577759540177861	NA	1.49656241570212	1.88532386787508	1.93819247679139	NA
"prt2450"	4.90872741904392	2.12612281388017	1.85903547210333	3.46998222973868	2.32929473767419	3.17777122474968	3.00568205577806	3.36068064832392
"prt2451"	2.87852972317147	3.5560216001149	4.67640737704776	NA	2.08392298954333	6.83571857090789	5.77511477686837	NA
"prt2452"	2.07372140833014	2.8919871366474	NA	-1.63680208657659	0.186029273613377	-3.07609598606051	-1.30231836473097	0.290233228012608
"prt2453"	-4.20376015038266	-0.815030048829828	-1.05371340516894	1.77800581069066	NA	-3.78733789862744	0.555341852413967	-3.08320454090708
"prt2454"	-0.750314802207173	-1.48542104102021	-0.324338013112259	-1.71009237410635	-1.08184175624423	-0.528232085128917	0.431620134676179	0.665267432970343
"prt2455"	0.381385851566329	-1.50935946556311	1.10672112598474	2.08155209127794	0.754902889396482	-0.584621724778004	NA	NA
"prt2456"	5.38196280583536	4.01980522061969	2.13589595890334	1.70497030427553	3.68189340349732	0.796274479375189	3.19206190849831	1.07525612515965
"prt2457"	1.92873749742349	3.12062576509985	2.10304323821028	1.4369060567483	0.821260397468525	1.06845532412675	0.150726284488041	0.862351056533663
"prt2458"	-1.86199639474526	NA	-1.70683442741072	0.677625326264796	0.0368494749028923	NA	-1.84020487225429	-1.4064072446375
"prt2459"	0.871062873389688	-0.0383745671425845	0.165952096457548	0.00124591684021674	-0.698232958840992	NA	0.369451093254919	0.0877279413473512
"prt2460"	7.39549521427362	1.75048968515191	2.26240131656801	2.36908299416324	NA	3.25595146942908	1.93155338367165	NA
"prt2461"	-1.42172447923034	NA	-0.283140749161663	-2.28492900362472	-3.45270007472119	NA	-1.7037403335799	NA
"prt2462"	2.65129829998965	4.99234763306949	NA	3.79754885379884	4.74881882830734	4.66946351552953	4.97775840946248	3.06216736656216
"prt2463"	-0.711816935805871	NA	-1.36074341517306	-5.36851333854853	NA	NA	-1.59682048905391	-0.0810540253126648
"prt2464"	-0.450683381242317	NA	NA	NA	1.50730073031334	0.712006425843192	0.305080369042136	-0.806768994192693
"prt2465"	-2.51087380752093	NA	NA	-4.46900138505221	-1.93742986977508	-0.0713408987708224	NA	-3.3241941017252
"prt2466"	2.19910127246921	NA	0.552795317273988	NA	NA	2.73154983794444	NA	0.298341581220026
"prt2467"	-0.401890336070152	-0.0397563860989536	NA	-3.6381132456729	1.75859179962394	-2.6360073235014	-1.20503902219819	2.41062227959038
"prt2468"	-3.67932611258132	-2.56186865406894	-1.86406199577044	-2.34371333718457	NA	NA	NA	-5.64442149794578
"prt2469"	-3.30478802834079	-3.3197926297483	NA	-4.44215611547946	-1.45125494339765	-1.9289328276789	-1.49895343516574	-0.616569497099294
"prt2470"	4.59141611004783	3.46349846612573	5.19604072376988	NA	NA	3.83565404569534	5.28087282464029	NA
"prt2471"	-1.42640160422215	0.999038864629379	-0.377661425338179	0.274359609067372	0.0932316523143094	-2.06064887720159	-0.524830067631938	-0.148555809235269
"prt2472"	NA	-2.01405750201653	0.228534472260915	NA	NA	-1.91180182676864	-0.971336309419177	NA
"prt2473"	NA	3.94604964841296	-1.05909761041047	-0.0956505954184479	0.360395174572449	3.26547869284824	2.0212067598515	2.54738904771436
"prt2474"	-0.373605850775368	-0.178832474209893	0.239175205725804	2.97803988099885	NA	NA	-1.0450174600042	2.37481933518635
"prt2475"	1.68150911907348	NA	-0.417588883343342	-1.14418184720337	NA	0.179794020041263	1.29322108253695	0.0637207014533376
"prt2476"	4.17646041915031	2.61552801465976	1.30073696431585	-0.915429494424597	5.1020763025195	0.996525221625682	-0.0963336692567882	0.141320329659501
"prt2477"	0.991083386076888	-0.98064474971787	0.62731367057347	1.7977592102558	0.711786937950285	NA	-0.430713910508598	3.19303569995697
"prt2478"	2.92690780011748	NA	-0.565905591354556	0.755341778833563	1.36280438845071	0.763696781653007	-1.08722888652968	0.493631139840778
"prt2479"	3.5959405048606	1.02887724442034	1.78315073322971	0.547124847961463	2.14103276668677	2.05684973153474	0.682284494449835	0.863952111314668
"prt2480"	-0.151956041024358	-4.06079915465697	NA	-3.33268712374893	-0.758640104306423	NA	-2.28035964793103	7.32640773381451
"prt2481"	-1.2144452815897	-1.46586280710732	1.61697148761827	0.925966821192231	-1.14229709656214	2.04448268861199	1.13107602011338	NA
"prt2482"	6.08099043154423	NA	3.83541100691702	5.24733040645382	NA	3.66895083775453	NA	2.96737250504634
"prt2483"	-1.26434427608496	-1.1549644224588	NA	-2.19543849257589	-1.29954438543958	-2.36487553529573	-0.239724049201602	-1.88324510149976
"prt2484"	3.32320484633791	0.803272537957852	-3.92810295631807	5.18125292097907	2.57407545113787	NA	5.33561258835053	1.77831834814226
"prt2485"	2.33576308432302	1.14176908026124	-2.30078372444718	NA	2.05300362077413	-0.0431544491341163	NA	1.63855608187962
"prt2486"	0.393016818694678	1.28939363745893	1.12278747270459	3.7144492049327	3.78325977077356	NA	1.77695258198186	-1.67294441238327
"prt2487"	3.95733474454799	NA	NA	-2.13989374766512	2.08816910524266	-1.66967095991365	-1.24875201534849	2.53096998495016
"prt2488"	0.581753402806658	2.11216294982365	-3.31038787330481	NA	2.21004586087363	NA	2.14420061248514	2.8687673667211
"prt2489"	3.57634491256083	3.89994416982017	3.07539897123485	0.60344151198725	1.64503494704333	2.24071334148996	1.69523169533474	2.85670001503061
"prt2490"	4.55581895162909	1.2290329518607	5.27590514488762	NA	NA	6.17888499164006	3.40120897884256	5.00137516167941
"prt2491"	-0.755062606910953	-1.07172122231682	-1.99221790746044	-3.86801347674304	0.738566383413008	-2.01410625759969	-1.79278980581629	NA
"prt2492"	-0.104509411418626	3.11167681380657	NA	2.0612752070985	0.620283877504274	2.06945055812759	0.634403169052771	-0.00416089459045936
"prt2493"	4.33365999705526	4.83271032255239	-0.208225728748646	5.54933616801196	NA	1.96652423677074	3.07597850989191	6.07670953019206
"prt2494"	NA	-2.79829872971264	-0.779657097223397	-1.76631374353014	-0.899455744802567	-1.32992109007353	NA	NA
"prt2495"	2.91637836940822	2.03486429957055	2.76001752032131	2.46171002029304	1.70290305530391	0.58028463634472	1.68059812568038	0.234259161668147
"prt2496"	0.0051919750071992	NA	1.9071914243806	1.06138307798651	1.23460519772128	3.75779233003664	2.23812506206116	2.81529487698184
"prt2497"	5.76868909880159	1.75906883944218	0.783641489440046	NA	2.4392640666957	0.956367971032603	1.76053147625591	1.65331093417643
"prt2498"	-3.5208352289071	-1.95159091569699	-0.760704460254133	0.425647665097425	-0.600268011650154	NA	NA	-1.29463551547007
"prt2499"	-2.68656012104388	0.365958504737576	NA	4.81064601981252	0.180506205184466	0.582895023148036	-3.37077129703722	-1.05788056163041
"prt2500"	-1.70095314547979	0.563118256293444	-1.83238388279546	NA	0.275940207232731	1.83032209513879	1.33604500425556	-0.481691886915816
"prt2501"	-1.76269526375822	NA	-3.05723316411368	NA	-1.76428417896723	-1.98300031692058	0.321375014197776	-2.49048542521682
"prt2502"	5.32328018897726	2.94153756501984	5.53071896956873	7.54196515950983	2.68374487927612	3.92254342749624	6.07629068119052	5.78630480967969
"prt2503"	-1.92839461594235	NA	NA	NA	NA	-2.2590906191458	-5.72371858023559	1.66308509253045
"prt2504"	-0.285294796239289	-0.103936398691096	-0.00390261152094901	0.910577520842155	-0.650625130196941	-0.158417068126313	2.49212691203496	NA
"prt2505"	0.703381987320281	0.0446709387405627	1.99896781140952	NA	1.87424022286961	4.33117392891457	4.05399608193187	0.0383194234139836
"prt2506"	0.728795057344076	-0.139746679993513	0.334206539067743	0.287267793127033	-0.188006881960892	-1.23088812613477	NA	-0.215196883906379
"prt2507"	-1.86347611545257	0.275539156449695	0.860648192872856	-1.3116778303349	-2.62557842196139	-1.44981622052855	-0.711338833272542	-1.39426655647078
"prt2508"	-3.35078235430207	0.798218433246037	1.55217368851738	-1.57334180599576	-4.88996365045085	-1.3778190665724	NA	-2.4106917432482
"prt2509"	0.684197473262927	1.97698898049056	-1.19295072424072	-0.626520303233074	0.673204096670216	4.01202617548505	0.505602319606867	1.69404217170619
"prt2510"	-2.85154018184362	5.06315352306915	5.55527999426363	5.14528985653631	1.97921375929003	-0.689724410048512	1.86598356663877	6.94471152980586
"prt2511"	2.59990697278135	-1.95318439422161	1.20228850794332	1.91659800719285	0.69221234820855	NA	-0.555689699520677	2.22654553657439
"prt2512"	-0.810380544034872	1.77979054670909	-0.774631742765415	-0.806469784655402	0.850179451380097	NA	3.42339355494023	NA
"prt2513"	NA	5.61913357358087	3.29872229992429	4.55343438194256	4.28635550492887	2.70081742664373	5.39516688413689	NA
"prt2514"	1.03107883312961	-1.23781414451887	5.30731158838359	6.83332505023388	-1.25893932999963	2.6768146392471	-0.113975103937853	-1.46589799141538
"prt2515"	0.653706324867577	1.44941785393807	1.57360065765234	0.155741228895336	-1.00301663844548	0.531248722098297	1.26304487164619	NA
"prt2516"	-1.7038481865044	2.01372951874171	1.88266480218372	-0.310680921089761	NA	-1.84063662658322	1.51044989242019	NA
"prt2517"	-1.94369247910249	-0.96829923415996	0.481825237141152	0.808680937095788	-0.419447598504166	-0.680808428478607	-0.0248372691714986	1.16976537298499
"prt2518"	-1.1891158075795	0.402541960245016	NA	-2.439170081466	-1.12454488665855	-2.31293827313644	-0.388899548231105	-0.132978778111129
"prt2519"	NA	-1.67315190154128	-0.762212586793456	NA	NA	-1.46601624038195	-2.73296449357969	NA
"prt2520"	-1.90367819955314	1.01613755799114	-3.01255006059392	-1.12462198309245	-4.3181486238236	NA	NA	-2.93846731785774
"prt2521"	2.88343905872278	NA	-0.871421667078349	-3.51784972874988	-6.13014781689501	-2.99088174090629	3.14353600440254	-0.230656296800193
"prt2522"	-1.1499382353503	0.159809785005957	-2.07412285883078	1.51228092001512	NA	3.609283622376	0.85266555466284	-2.2593403085068
"prt2523"	0.602160840616371	-0.161867352727343	-0.596201107085352	NA	0.301956557877422	-1.06704078814745	NA	4.80638011073905
"prt2524"	0.980935819552105	1.21751264273911	1.29548411349249	1.38278330262892	1.5088374013035	0.977811792642878	0.618999312258748	2.63532710763369
"prt2525"	-4.05539170444533	NA	-2.66596039317973	-0.221553123292846	-5.16516936033593	-4.18739018707637	NA	-2.25136561619018
"prt2526"	-1.02971529119969	1.92132462249394	0.0447385219025094	NA	-0.846618505096444	-0.189588048167396	0.198130159856167	-0.217825513111099
"prt2527"	1.16440086361493	0.193426110233541	1.86658874045383	4.44348740810937	4.25879401608707	3.48372440168381	NA	NA
"prt2528"	4.34760879987582	3.84912123363416	1.23331860268908	3.60366181587116	1.35443530197206	1.99915449085921	-0.873359511587141	-2.11593811851087
"prt2529"	-4.20018068600685	-4.35298218650686	NA	-8.76128402621837	-5.74764242484107	NA	NA	NA
"prt2530"	2.11730626121306	5.48411831977821	2.04447856763943	2.83693379162793	NA	0.412755293654941	1.78454247881163	1.99019522624631
"prt2531"	NA	1.13084436133307	0.48296775672405	3.23990837829317	0.207371101698105	NA	0.794180327040483	2.22788735336544
"prt2532"	-0.959831502116609	2.22125550837015	1.38037053037764	1.95578581603152	-0.00647753501583231	-1.73025884423284	NA	0.696161688621712
"prt2533"	6.03505615178693	NA	1.93267645958505	3.17904748527814	5.22463148254663	NA	NA	2.08629271386594
"prt2534"	2.36473454676226	-0.380056857400015	0.956086841566147	0.216383791379077	-1.53497470364785	NA	-1.06679382253222	1.55174934761768
"prt2535"	0.708362489794153	4.6491472487179	-0.00847185958171526	-1.16799918858748	0.66590009023567	-0.39083978074458	-1.85543802273815	0.236091059868582
"prt2536"	-2.99020249400196	-6.66994874767417	NA	-6.18758948206207	-4.01061323935812	NA	NA	NA
"prt2537"	-3.14193079221379	-5.39791552647119	NA	NA	NA	-7.88207768630789	NA	-8.90432733126261
"prt2538"	1.35926717991643	NA	0.945113956446775	-0.0899009084557704	-0.39338530918997	-0.24111278250606	0.200316471550967	NA
"prt2539"	0.606274497165068	-0.73592598030235	-4.50222527446941	1.36887194036991	0.917817170935419	NA	2.47160299200691	-1.4987688794305
"prt2540"	-1.85939115590116	-1.39846609422204	-4.52182604203813	0.909088534769197	-5.69985422765088	-3.43270576350649	0.295118365415153	-1.80566593470156
"prt2541"	-0.909497187012755	NA	-0.60450350112959	-2.79909152410924	-1.16965388606897	NA	1.55156831714893	-3.08129236797665
"prt2542"	1.73218710501288	2.8014648019429	NA	NA	2.39650232797942	1.50761585142713	0.939968137618644	1.87766679150846
"prt2543"	0.96281380591119	0.0398451794275629	2.90930956265731	-0.707315874205878	0.17724860265617	0.981916978493501	0.486991837317157	1.91332051510802
"prt2544"	-0.0028811795696097	-2.49192174923124	-0.265869873399043	NA	-1.65366122672257	-0.753453115575018	2.64336762775552	0.0246509675347502
"prt2545"	0.508122659308519	NA	0.45603468967343	1.83104355467842	-0.590726287955921	-1.35430096254352	3.31296344074235	7.70483938037378
"prt2546"	1.47053365608887	NA	5.19807497802688	2.05181952271973	7.74276887058997	7.27059889502646	5.22376359543215	0.815113840330728
"prt2547"	4.09825967720989	NA	2.43577666827175	2.00319689932792	1.83114432344517	0.699139711901079	3.71558152071371	2.50819636867737
"prt2548"	8.19510066633573	2.39208766764207	5.38025835854229	3.36580027858323	-0.521912587437078	3.70965952756608	3.09299025888241	1.96339900817958
"prt2549"	-2.21768709564621	1.35672280031267	1.13270114730404	NA	NA	-0.877136697262228	-0.852858442337018	-0.259493152691971
"prt2550"	-0.397053607939196	NA	-0.226713824519345	-1.10736463490092	0.154717078677683	-1.49420763464489	1.96506553560944	1.5517791968077
"prt2551"	-3.04724649290447	-1.140470584748	NA	NA	NA	-1.64068103234668	-5.82429032040335	NA
"prt2552"	1.36609499499214	NA	NA	-2.81830138194142	0.250065861642815	NA	NA	NA
"prt2553"	2.0245728994032	-1.75892845114747	0.157262500878402	NA	NA	-0.00752642764528694	-1.65143297331969	0.947693439834789
"prt2554"	0.743219943973149	-1.57254663112524	-0.78071013955936	NA	-3.79424326640523	-0.891452827558708	1.16659017731215	1.21040447360569
"prt2555"	-2.55504772710058	-1.37269235238	NA	-1.81457468835759	-1.56325799365206	-0.297252376265841	-2.94267553425051	0.126141420757818
"prt2556"	0.610239802644419	NA	-1.97982302455692	1.63257947773607	0.189883155839687	NA	NA	-0.293163402146545
"prt2557"	NA	0.140079199957683	2.55707078965479	1.22860073971379	2.62291690411575	-0.919073181254161	7.43476182594493	3.33910854480393
"prt2558"	-16.9262039651947	NA	28.6535709289217	NA	13.502482425338	6.95052322180823	-2.22984445649134	9.77395673998211
"prt2559"	-0.917597467464212	-3.63919720310205	0.164132588643025	-3.08250814418977	4.50333618028461	-1.86701716914783	3.11897910870583	-1.61434053536959
"prt2560"	-0.502967094516719	-1.83420587499208	-1.43060087226701	NA	-0.217962281916463	-2.76881948843955	-1.53539040592773	-0.95416160234831
"prt2561"	-1.18378958950098	-0.448146976689276	0.686111849627077	1.3062090127714	-0.701585637268442	-0.15260445047802	-0.754499206320351	-1.60443213396879
"prt2562"	-1.70841618680621	-0.509165558464394	NA	-3.76622387844935	NA	0.016012548699239	-0.40867682464444	-1.17684375451366
"prt2563"	0.717650506703629	1.50718923832082	NA	2.03397374476481	NA	1.23456475079921	0.530575941394465	-0.80355382573272
"prt2564"	1.43489884279688	-0.115675611859186	2.04084081280468	1.28286471032544	-0.306801692444697	1.73872461177088	1.14508280403472	0.597737471174478
"prt2565"	0.409957544917784	-0.363150254539518	-6.89453192625925	5.5016729433814	3.04396226807179	3.87451748150529	-0.225286914569692	7.25967322615986
"prt2566"	-3.64801332567777	NA	-2.99164711826526	NA	-4.13475873501008	-4.88344732490619	-3.65203261116278	-0.689190382441423
"prt2567"	0.817532858609903	-1.49983140596952	2.05207922176712	0.468963373883786	1.07375024986838	-0.621436965789341	1.26687106068874	0.588971249355137
"prt2568"	1.72184247299587	1.71950703903378	NA	-0.300963738684901	1.56397284945726	0.238360281396684	NA	-1.5066133870042
"prt2569"	NA	-4.28091943713429	-1.20775017087566	-2.1907261696861	-2.61102748338122	-1.53889055250234	-1.18980287129873	-1.79549153831655
"prt2570"	-0.798746358550857	NA	-4.25196824640019	-4.05040135188267	NA	NA	NA	-4.34664584278201
"prt2571"	0.123723580369437	NA	-4.08861477142787	0.450411707347503	-0.382272108461685	-4.35392954348221	NA	1.80074415243338
"prt2572"	3.07425738733646	NA	NA	3.71901957312097	4.86414001925762	3.58015295620027	4.76706376418734	4.3512870202144
"prt2573"	NA	-1.61820232837493	-1.87913933717313	-5.47755253242048	1.89515199951108	-1.79498295045663	-2.52223280823369	-5.01877313495114
"prt2574"	1.2901098276898	NA	1.44065536305837	3.77916270769658	2.84683121101427	4.01056866342581	1.76659896894086	0.381656699466928
"prt2575"	0.816151911379322	0.503141435083855	-0.425923324521779	2.18814506822821	1.33043703077959	1.36094344920409	0.572007404053769	2.04636245045571
"prt2576"	4.32904528624507	2.26020505935952	0.833792214255541	0.825006541397897	4.2996910618392	0.780051880616895	4.25814543247157	3.37477153306636
"prt2577"	-0.306456567203935	0.301767256499474	2.28298972303822	NA	-1.10426658512196	-0.67091444844264	-0.416857547895184	2.02021248847313
"prt2578"	-3.73185128278579	-3.41415832807306	-1.31930566852062	-0.990034955378323	NA	NA	-1.76999760985073	-3.6296841085369
"prt2579"	1.06226490207459	NA	-0.0702206334650377	3.57841676032884	4.86059110329619	-0.79132629540725	1.10242870804054	5.45916910771126
"prt2580"	-1.33477684314177	NA	-0.721488686186524	-1.36941956246241	NA	-2.33813510884541	0.381418413472844	-0.576882137179514
"prt2581"	0.871935539226535	0.206316274789424	2.48505617147141	2.5329963997403	2.70958306886374	1.18945080693631	-0.585272774379863	0.8561948000555
"prt2582"	1.51997285084845	0.145186782784	-0.122220065371823	-1.39951018129161	-1.01093239787564	-1.68030549788077	-1.79478777859687	-1.18316696821355
"prt2583"	-1.66689004835439	-0.710393715602358	0.0362649126911589	NA	1.20841389355873	0.00172733952192071	-1.8520355730993	1.80136385272558
"prt2584"	1.5631057397178	1.95387259610916	NA	1.80717720287351	0.642383205020938	1.66725464346022	4.91661609195542	3.16507942227587
"prt2585"	2.94395545649538	0.200162171024692	0.635636930137368	0.583549697381565	1.35545576292335	1.43576217605386	-0.836992278093112	-0.00923193533068542
"prt2586"	NA	-1.32194963006205	-2.36030219190115	-0.793008570647664	0.303305208502949	-0.500298577434443	-0.748486163272625	-6.72229633223792
"prt2587"	1.14253463190931	-1.21746349310008	-1.71372678269175	NA	-1.74910338359973	-1.02665702132706	0.504857823982573	-0.480205547957057
"prt2588"	1.01356846744394	NA	-0.401670100311861	0.00357394874631406	0.967313918703885	-0.152975676393416	-0.399016682823026	-1.43138210549578
"prt2589"	-0.366458548489053	1.35660381311272	1.98163009791335	4.39124506272935	-0.418347516560879	5.52721209986813	NA	0.683725077209655
"prt2590"	-2.45261298747428	-4.59536406624385	NA	-2.03350707396005	NA	NA	NA	NA
"prt2591"	-1.50933587909414	-1.2805885145262	0.186194020236653	NA	NA	NA	-1.49956961158791	-0.840089810182278
"prt2592"	-1.32976264133386	1.51144019862114	-2.45331194864004	NA	NA	-1.698093503542	1.35142151071439	2.64532467892802
"prt2593"	5.44451458191206	8.81687928417385	-1.4878747015436	1.45651825282134	3.79696691511627	-3.15204445589502	3.74088182581058	1.37916123651154
"prt2594"	-3.42281612394543	0.525993269453501	NA	-1.42917418700093	-1.72083040908713	NA	-1.38536564860012	-2.11789560407865
"prt2595"	3.69071228435012	-0.95574608759208	-0.995243036954299	-3.63046620563661	2.56102338720769	-1.51200060043889	2.89795833009415	-2.43126501902165
"prt2596"	-7.47183803361455	-3.87295291581804	-2.75172003798215	NA	-5.4926556314391	NA	NA	-9.19593284145345
"prt2597"	5.47337136122632	-5.73739037596463	-1.25982683245553	NA	-0.739972484117962	2.50208696126984	-1.93868895556763	NA
"prt2598"	NA	0.36835713782497	-0.492716140081809	-1.50183668327384	-0.308810084711794	NA	-2.35532652329109	NA
"prt2599"	-1.31458711343456	-0.0897878406119869	-1.70974317560778	-2.83111693188649	-0.797887846590742	-1.28471741457962	-1.17952077691762	-0.52093568442412
"prt2600"	-0.675316535117113	NA	NA	-2.9829587153805	-1.71518544950603	-1.96336359386311	0.721305013491725	-0.0790799533936739
"prt2601"	-1.06989460370347	-0.477503687168494	1.90551746709245	-0.016125522056028	-1.53331030575146	-0.0492468738357401	1.34577786717855	-5.37994547511436
"prt2602"	-0.0465452781596039	0.428939955653014	2.73456523542906	-1.05573507739772	-1.36585639236871	-1.47956465209641	1.67535713672676	-0.973505655951787
"prt2603"	0.416789134531192	1.42202904393335	2.7320230682416	1.99501048050272	NA	0.402864518797286	1.22137448774523	-0.22354493474529
"prt2604"	4.92575076093148	8.22850140833804	7.08216098234246	4.24315268110833	NA	3.77600041883939	NA	2.98347274069309
"prt2605"	-2.95224479106102	-0.054116400917902	-11.1173712960076	-6.53197721754172	-2.09330280278954	-1.64970621432473	NA	3.63384365728607
"prt2606"	NA	8.63507166350282	7.82321464345037	0.748701350664751	-3.49098922602602	NA	NA	1.66758093172305
"prt2607"	0.312186653948213	1.21083411564727	1.7681918412016	0.909320851309382	1.9869257537355	0.920863293933434	-1.14038278779689	0.193016795184185
"prt2608"	-1.5103483339145	NA	0.59322260682702	NA	-2.2905710873715	-2.02429984550422	-0.759320302713704	NA
"prt2609"	0.334623058588819	4.93222319395287	1.01007554607822	2.00202452623676	0.313993892261056	-0.562344821272861	2.69817762989758	-0.0748916347348467
"prt2610"	-0.0906501173349354	NA	-0.808040407976431	1.2394265150215	-1.42829003788102	-0.496516675076094	-1.11180201984861	-0.584728482620231
"prt2611"	1.65503126110519	1.89690914644062	2.24342957916174	2.72816149840279	-0.379486035874256	1.66279942990782	1.0836257055216	-0.248754878100219
"prt2612"	-1.8414111854357	NA	-0.0763476389348103	-2.32387111940973	NA	NA	2.03394397443827	-2.37079444361229
"prt2613"	1.97524671404096	4.32031991235685	2.038297917009	2.04047587239323	1.51693956503299	6.63932901929127	3.55855701485688	-0.278198765136145
"prt2614"	-2.97587369390728	-2.02641165424412	NA	-1.42548232860291	NA	-2.33926926163122	-5.37558234148284	NA
"prt2615"	0.268443319307707	-0.111873931985765	-0.218780983656075	-2.23886316595783	NA	-0.98951316620929	-1.94130378225656	-1.45066516258953
"prt2616"	-0.8063627755063	-0.907636165298416	-1.05256069518072	-1.96409995108478	-1.14562252010407	-0.613470772520968	0.491189233895655	-0.353422619247797
"prt2617"	1.78082705770445	4.96501806459661	0.84032676440765	2.80149570290355	2.55610547021961	1.13209128376696	3.28365256435312	3.31407295533957
"prt2618"	0.313806146895513	0.512038489126235	-1.24495234323878	0.578985644721481	NA	1.08004936311614	NA	3.29136640913955
"prt2619"	-1.21182710438418	1.71492127357275	0.165625682461465	NA	1.34646990833892	-0.42708065164378	1.36141403256261	-2.5357045215401
"prt2620"	-0.900826377900071	1.7616784338799	3.33942849281748	4.20065620200879	-2.63953896451828	1.13570215858809	0.851572326005349	NA
"prt2621"	-0.939129494313404	2.42300403431971	-3.24635081071108	2.03040653411607	-0.160243751713322	2.58187771494661	-1.3252447905369	0.638335411401038
"prt2622"	-3.256924451092	-7.70203362705531	-5.42094033073028	3.16403842979734	-1.38095146291485	-2.08991517616157	NA	-2.3223293658995
"prt2623"	2.63848437053519	0.46283766845319	1.42124747342645	NA	-0.364687743977041	0.388295246690005	0.438212774077353	3.32216819696449
"prt2624"	NA	-0.99587632142781	-0.0575487216870515	-1.04029368552633	-0.306789502400683	NA	0.279678561015075	2.14205784832584
"prt2625"	-0.854304132754134	2.62733196173861	0.504967644079701	4.88522407163915	1.93937561675481	4.19550700633982	1.02083084261338	0.770285626388003
"prt2626"	1.87735882992928	NA	2.54800949535461	2.50469632363033	5.1099938465429	0.736605791187971	1.67273707861753	2.53511945129543
"prt2627"	NA	-1.60774578092864	1.21324887962392	-0.086216412497798	0.568515448069654	-0.488577289040239	-1.1052735013786	0.762095208096578
"prt2628"	1.02559265314316	1.43404277985055	0.734322282214616	1.86528620048508	1.51311319369644	0.432845088415967	2.04037782708089	0.943131341911249
"prt2629"	2.21556775568643	1.58785407119153	1.40318062775609	-0.232779672526477	NA	NA	0.223839758826128	2.17012337828737
"prt2630"	-2.66458735431623	NA	-0.512040982566603	1.15159584409152	-1.89185525189334	-2.15955031029465	-0.447800010406751	-1.03077710480493
"prt2631"	0.843234401074634	1.74317131559365	0.198648424901561	-1.10522901331399	3.51895364724202	0.53066104307472	3.71335991241232	-0.452372957844333
"prt2632"	3.75717805179618	NA	NA	2.63449107162526	6.68276303233206	1.06784689349316	NA	-2.94497692724177
"prt2633"	-0.552431398928853	0.326164699573628	-1.71926674750662	1.42557972831055	-2.73983361627099	-0.916114312531581	0.761419446044284	-0.662661215626997
"prt2634"	1.74232687687791	0.498009573445478	-0.248581358602116	1.38450583542284	0.22259015189649	0.194718065295015	1.63211330073966	NA
"prt2635"	-2.06701013191551	-1.69233764611779	-0.536806081173484	-2.10815560231119	-1.44692474708764	-1.66224035821965	-0.198569599758318	-1.85361944009157
"prt2636"	2.3862706687114	-3.62122841420561	-0.0263091165471466	1.90523576855612	-0.894885170585959	0.440490368001622	-1.91385781176084	-2.86848361571593
"prt2637"	-1.03496526152016	NA	-0.503087715519652	0.346337200514762	0.675299138057541	0.72444079129451	NA	0.507265914128409
"prt2638"	5.34982333466916	3.23308083523987	3.73384530977409	NA	3.86422740441113	4.10232270069815	6.18913523567624	3.8303548004838
"prt2639"	-2.37842019317601	-3.07813903141826	-1.12496938986597	-1.55154819848984	-0.0849700181702333	-1.61961875033349	-0.711352624215439	NA
"prt2640"	-3.87225908435721	-1.96807564714942	-5.36822253798007	-4.76913418872166	-1.97877053084648	NA	-1.24342769923673	-4.24656834817892
"prt2641"	NA	2.80798865392471	0.218557575494121	0.457218176939525	-0.739221673662241	-0.350496273803835	-0.925675964543873	2.13012913930062
"prt2642"	-0.100254809352332	0.527238403004135	0.343615785391541	-1.57876743587709	-1.15441227683171	0.442702166855975	-1.87072755631454	-1.59611334840675
"prt2643"	-1.63667909967346	2.30880804198663	0.674713257163364	-1.75991328166693	4.03881886096321	7.34729443876542	-1.68590817530611	2.59342115875415
"prt2644"	1.75962968560183	1.00365673702344	-0.692163229409138	2.60854343078955	2.00730464915165	1.5736700378364	1.4458187403488	-0.322356454171022
"prt2645"	1.64722632501868	3.48931762607922	0.144130523583643	NA	-2.38967275229768	NA	0.667242346389567	NA
"prt2646"	0.56862224176619	-0.688214124240132	1.18268289162574	-0.0139747513868084	1.13289185887736	-2.56939350743811	1.26899479557976	-1.15506832429448
"prt2647"	0.502916864886844	1.02592536919961	1.63154728561782	NA	1.09659453584222	1.10391569735739	NA	-1.00505775604468
"prt2648"	-1.19177029583665	NA	-4.86336165829781	-3.90994628444139	-3.14688036180077	-2.58803664756326	NA	NA
"prt2649"	-2.64132541476892	-2.60116436587598	-5.64717784197751	NA	-2.54946218683651	NA	-5.59662179267324	-4.77230675338887
"prt2650"	-1.58005490153691	NA	-1.77800110054311	-3.32496863799413	-3.64709879183197	1.51874793213597	-3.03816530925369	-0.90279080075374
"prt2651"	1.15111499635814	1.08647033548719	1.52989984927289	2.32045996189809	1.14037230628105	-0.339917351724875	0.160696561685043	1.38511302251095
"prt2652"	-1.53702606446517	NA	-0.144015706140303	-3.58056488465388	-2.67942051871605	-0.714016656160781	NA	-2.10891256883302
"prt2653"	-0.967515557067427	-0.710114941250763	-1.27310085166273	-0.268951264835704	-1.05906706386323	-0.0918227781399243	-2.2151575398857	NA
"prt2654"	-1.20587581339226	-1.55948081156257	2.38551619325639	0.0998759473626683	-1.95161335205273	-0.0838093792766525	0.73130369807869	NA
"prt2655"	NA	1.56073560544662	-2.28492320305241	NA	0.0458699116871346	1.87222389788722	2.60745292992541	0.0114889647821613
"prt2656"	1.03989763801627	0.572653799918154	3.73054482573038	NA	4.16372830458781	4.21516473817741	2.1313575782254	2.00949469022736
"prt2657"	-2.67118159806082	-0.627151898319092	-3.86239815074522	-3.6691722231474	-3.40395658800827	-4.46468986592652	-2.71101203673576	NA
"prt2658"	1.00394588302928	-0.970197832779481	0.672617187601543	-1.77847942075951	0.145860608576158	0.469528602423022	0.515600242337767	-1.0743320486711
"prt2659"	-0.484302021638354	1.44367307691337	0.704645135130176	3.09183867100259	2.03403542412896	0.669859213982921	0.174682802211825	2.64449880807606
"prt2660"	NA	-2.79942230945559	-0.921182116705259	6.38384257631304	3.77491772272382	-0.932423887478363	-3.87004712137464	-3.44175746004591
"prt2661"	NA	-1.01510907322728	-0.313321895080534	-0.916587324623021	-5.94943068507707	NA	1.72170536983587	NA
"prt2662"	-1.77336427144331	3.74376850491078	-0.29185082338503	-1.96563551856816	-2.34485889363462	NA	-4.48693431251514	-0.663374581546095
"prt2663"	2.84532539933183	1.0085406524293	3.17335373259517	-0.507447964826651	-0.2782032827169	4.89818358025548	3.53263430107819	3.29963956708849
"prt2664"	-1.91154786385216	NA	NA	-3.76429002946306	-3.25526803349312	NA	-3.00115157856485	-2.46409045821443
"prt2665"	-0.750260849221343	0.308160689441489	0.555170754082375	1.20174466712073	0.681969600159033	NA	-0.543472804770858	-0.182600195917576
"prt2666"	-1.6471994788293	-1.92615268046502	-3.94920589459313	NA	-0.937867296156243	-6.02358589087111	0.547047159900228	-2.94659381673487
"prt2667"	0.537234841952934	0.448776277575552	0.854914688306324	-0.394529700061348	-1.94648300278611	0.698382599709095	-0.507180262321066	1.08014049550726
"prt2668"	-2.48168724340573	0.607334384593952	0.405963290178734	2.48915712098245	-4.19047608661652	1.46899166201422	-0.0308950504215249	NA
"prt2669"	NA	-0.194097553968519	-0.870399994718073	-2.11459114943169	0.176845685474611	-0.99514617546758	-1.86960690753329	-1.48215032075518
"prt2670"	3.18361398246272	-0.254291942358361	2.63657851826327	NA	6.06215805019352	4.45451207531554	4.63753172187059	2.37739766549525
"prt2671"	-1.16199886600253	2.16664707073078	NA	NA	1.08064884915006	-3.763107742953	NA	NA
"prt2672"	1.43059756997511	0.932776082266497	NA	2.19545655450289	1.5304824110005	2.30845510952846	-1.10661596454134	-1.76074512987488
"prt2673"	-2.91912082533044	NA	-0.562989475981431	-0.957047191592406	NA	NA	-0.26178640706139	-0.676469734303431
"prt2674"	-0.353610711397833	NA	0.725163623832941	2.33443592275357	2.25845703996027	4.79205807652692	3.10184305943286	2.7818552762149
"prt2675"	-0.436603608414056	1.19669094301984	-1.03749921309229	0.113772357081264	-0.0239132216503609	1.72482673401357	1.93016015694266	-0.119627404218197
"prt2676"	-0.460583716481312	-1.63174732658504	0.0786244449346153	0.544105600049732	NA	-1.58546198184836	0.892888074121351	-1.66773841667454
"prt2677"	-7.19398653577552	NA	0.76694367149725	-3.72524036003801	NA	1.43173967816195	NA	-2.2057367814894
"prt2678"	-1.23596875064727	NA	-1.44069392451853	0.602396801516477	0.609629757600316	-0.870126425574139	NA	0.965345983091879
"prt2679"	5.59919978118216	3.24564044219553	-1.33292777196365	1.8054430913133	1.51440959134322	1.81836889789194	1.20927019269156	0.800782995543868
"prt2680"	-0.396447595104579	NA	5.38660626096635	-1.2499991998087	-1.20722340817211	1.4029745894174	2.42614538339311	NA
"prt2681"	8.66456920249804	NA	5.63544930552195	NA	NA	-9.73348469452128	4.22428430771637	7.26578678300839
"prt2682"	-1.69701740653554	NA	-3.56803868472126	-0.715026113064291	NA	NA	NA	-1.30924508358752
"prt2683"	2.13706255464822	-5.67407676001157	2.55171111649336	NA	-3.23423951965406	1.54379588486187	-2.40021560458345	NA
"prt2684"	3.0248685381514	2.98615492899896	4.79390778465206	0.119838154680741	6.20673074019041	1.80374881394721	NA	1.68345726302023
"prt2685"	1.19202426898815	-0.121830002540704	-1.75575380202717	1.53523548314823	NA	-1.68907583593844	-1.33865913393797	-2.32221664904709
"prt2686"	-1.31376275696258	0.805070688424689	-3.53445353944505	NA	-2.71323966174114	-0.429099463738269	NA	-0.23635235432068
"prt2687"	0.456643676462521	0.617782610125815	-0.844532296367695	0.202864733423209	1.21072452735404	0.761243389093173	3.71246732985756	4.74922577105411
"prt2688"	-0.727819295617943	-0.0108383998336402	1.0496220472467	0.453971265660297	0.898543910229335	NA	0.806779301728728	0.687016259462182
"prt2689"	3.1039886657041	NA	3.57994314280432	1.4925645412876	1.81008257730226	2.59471926665091	5.85751580502192	5.04335452145502
"prt2690"	-1.77655739590512	NA	-2.15911055254581	-4.42163544008408	NA	NA	-2.03088110431379	NA
"prt2691"	0.248311451779216	1.17756706610148	-2.36112848536254	-3.40584826330934	2.18936690839438	NA	-0.626382175220232	-0.675214565192379
"prt2692"	4.12351094738713	2.72790203903111	2.48383066755631	NA	NA	0.807917941512916	1.58744527695604	4.54724423029943
"prt2693"	-5.97888962003058	0.224783598477594	NA	2.13850522680362	-0.0848841285859633	0.101872128067508	NA	-0.485550661454245
"prt2694"	0.629962805280554	NA	0.102974468300607	NA	-2.92539031922658	NA	-1.90266077352083	-10.3655528640132
"prt2695"	2.12629067275228	-0.582626377174213	0.949923125618629	NA	3.51917836946502	3.9222843325847	4.19498504783132	3.27548866961752
"prt2696"	2.93126467573774	3.22313186697457	3.23742741575089	4.00546829747155	3.01641960899696	2.31359572481372	2.95787508739891	3.91105002865319
"prt2697"	0.144685268796405	NA	-0.305313977956304	-1.25873494024307	NA	-6.36884150557799	NA	NA
"prt2698"	-0.483194549435368	0.796983921496267	5.53489802535968	-1.90246401707793	NA	2.43621905630415	2.27534947258574	0.809661611613424
"prt2699"	1.92450689827567	0.439116314068177	5.09320877876111	1.66060051797081	2.34006761513856	1.7651603783609	4.49098482351945	2.95579127462176
"prt2700"	1.71126032973519	3.00950110099453	NA	3.26939707795224	1.39147806500352	3.64176894514284	NA	4.13570304476342
"prt2701"	1.92828822996356	0.760494310079351	0.353868263441367	0.100676860013442	NA	1.82125149289575	1.61349581589841	1.84803354660363
"prt2702"	2.56578536373617	1.79299355934298	-2.5624260189989	1.07473446463485	0.662479109752142	3.11081952504265	NA	0.909113747086231
"prt2703"	-2.2757035571682	NA	NA	NA	-3.38658805736407	NA	-1.65711734759939	NA
"prt2704"	2.12558562865297	0.0390597913016855	1.63844686568628	0.87233497475208	3.30249112122559	1.66578377313134	1.01956724213809	1.90149615350397
"prt2705"	NA	4.37797955486813	4.06315483386039	5.73098349318527	3.09727812673935	3.32620714200761	3.56711034964712	4.015038208655
"prt2706"	-0.0470085522049999	-0.578670593555425	-2.53552089804565	-7.52086045328434	-3.70588790165244	10.1042228479416	-2.25138896502521	NA
"prt2707"	9.2298388943579	7.78587473259183	7.74627493057856	8.26222872794	8.8545300287955	6.80195949214773	8.83117867588089	6.17529732225308
"prt2708"	2.00508884260905	5.93567208379687	NA	3.88043949033059	2.406838494414	0.144184826145106	-2.04184307550114	2.14356250347833
"prt2709"	3.05002426288312	2.51836691517766	-1.18120227596743	NA	5.27047740951469	NA	2.96820157047849	4.77116618158935
"prt2710"	NA	8.01261560182171	-10.1758567946644	1.0190074117188	3.98301982328482	6.49834851091913	11.4287307498355	NA
"prt2711"	2.98964531548913	3.70119209950576	1.36509774203	0.114019604933045	5.87435666102833	7.24910604278143	0.233588861109675	NA
"prt2712"	1.19620761476547	3.48871979894228	NA	-0.339406551882868	1.47162462718087	0.671885856524365	0.408548286626296	2.83367984909631
"prt2713"	-1.84717708513892	-1.81315270402409	-1.36977875321017	-1.50549380181982	NA	NA	-0.286995426489669	-3.49540762040353
"prt2714"	-4.37873104786121	-2.93302976386782	NA	-2.92994276913851	NA	-1.57640577068581	NA	NA
"prt2715"	NA	-4.12726193538651	-2.68526836231092	-6.47851657360897	-1.95055924953109	-5.161655442249	-4.07807336016899	-2.12402430912416
"prt2716"	-1.54046463818761	-2.10479348452415	-3.47005716224848	-0.900748604091235	NA	-1.80076558618057	NA	-2.47014049346487
"prt2717"	7.77204887198114	-6.3232277402885	-11.8921099959652	1.96397943679235	NA	NA	-2.0053996688656	2.95351618951138
"prt2718"	1.56983518716413	1.96979753599157	1.9157919353345	-0.730869753669711	0.950696384662487	1.09442525893674	2.00345935749844	2.31261184633371
"prt2719"	3.14779483260094	1.04251645994697	1.46758792712969	-1.61368345102036	3.10314938453168	NA	-2.67479466105608	NA
"prt2720"	1.8299248951589	NA	-0.0521831685990214	2.86994178038355	2.7492858276462	0.740513033725697	1.02835326271167	1.39434719140492
"prt2721"	0.0806781037217871	NA	NA	2.33375088900467	0.685290807692294	1.47423775752347	-3.21756911751629	NA
"prt2722"	NA	-3.37780538614332	-1.82372676080867	-2.80216166602766	-0.421668537943315	-3.02869356297766	NA	-1.44467327506257
"prt2723"	-1.54160462833869	4.8420712562261	1.41926226514518	3.16377267480334	4.12043494147698	1.8231636617729	2.24936788385618	1.26015009643639
"prt2724"	-1.03215709479053	2.29614999197375	-0.0208560817034987	0.709265905009536	2.48435620069357	1.50486503768751	1.91279303222593	2.40303382364233
"prt2725"	-0.599269225812319	-2.48770814615983	-0.522475363243095	-1.21818390060555	-2.68302146829041	NA	NA	NA
"prt2726"	0.946866949261376	1.54723941489029	0.355783530239756	0.922859327323477	0.842886192262756	-0.638608523071196	NA	NA
"prt2727"	-0.0385535812116785	-1.56981413898904	-0.871786840640791	-2.62466912496115	NA	-0.904597295737437	-0.192065178127431	0.792122002174019
"prt2728"	-2.86813640053877	NA	-0.532875017382737	0.273847978471531	-1.61208759746068	-1.84957912865821	-0.709431380990449	-1.84294533320334
"prt2729"	NA	-3.47403316430542	-1.8462208946823	-1.67873575928384	NA	NA	-3.72166478816459	-2.2417166532789
"prt2730"	-1.07564018474214	-3.21550675631526	-0.0117289206959873	-0.996288503477291	-0.444156584227793	-1.39836787356022	0.00319844130240343	-0.99637486349429
"prt2731"	-2.08820656864295	NA	-3.78736789594252	NA	NA	-1.2269179281961	-4.70358630667993	NA
"prt2732"	-0.478578599437864	NA	0.614635028781052	0.631739631109208	-0.492798551063254	NA	-0.868534684217438	0.767399585371223
"prt2733"	1.67306441726041	4.77744475916644	4.182651875953	3.02257388310091	5.38195326605531	0.443374532081031	NA	1.60703434880947
"prt2734"	-5.48496647407413	-2.69866864878873	-2.47995560315165	NA	-3.27745509123528	-2.05867953115782	NA	NA
"prt2735"	1.91518893884726	4.64001235811961	0.973814637956567	NA	7.66948425971886	4.855686250911	1.92893123194402	3.39828485458103
"prt2736"	-0.312151151872148	0.899896322360826	0.0669262609284693	1.50507349596155	1.47210736677052	0.322652713932414	NA	2.86506753077405
"prt2737"	-3.79971737353505	-5.08074929554237	NA	-4.88122746302569	-4.55949460702344	-2.81201215672793	NA	NA
"prt2738"	-3.43057389399243	NA	NA	NA	-2.73111555945351	-2.92184008631495	NA	NA
"prt2739"	3.87822767063622	3.97835330993132	3.95035857616592	2.52756143103001	NA	NA	3.5942760368631	4.24946658673172
"prt2740"	1.88712226885684	0.650309460166113	-1.73123550181804	-1.58983414195107	NA	2.77994228834415	0.90156343695754	0.528296483354316
"prt2741"	NA	4.46342275837677	4.50228755990154	5.42550216839878	4.50948540274472	4.0132318585668	5.16183730116457	4.12810726588358
"prt2742"	-2.05432113826976	1.0841709721739	1.46690354586225	0.324389960813589	-1.27576726638095	4.35724306090081	1.31215117979673	-1.11974162176163
"prt2743"	4.27415667591369	3.20429386220524	2.93928888882737	4.89179952953018	3.28418269135642	2.59324470907891	5.22512229660125	3.83651993283555
"prt2744"	-6.45644130275702	-1.51345877480232	-0.358611285412766	-1.8888458776974	NA	-4.29794432673304	NA	-3.99194712208347
"prt2745"	3.72098623047442	0.889901519601765	4.59805580916592	3.95376505675499	1.11084380296683	-0.189095122322726	3.40868729088193	2.18008949826962
"prt2746"	-0.337601894297496	-1.76207624008798	1.24007193712117	-1.94040970575567	-0.054254507115408	NA	-2.22097833109602	0.412626022122162
"prt2747"	0.919033475635983	0.185943724528009	2.61660663714143	1.2972315182288	NA	0.205653577931803	NA	1.2107295841132
"prt2748"	0.652637816956441	1.15352811716971	0.673464674253481	-1.27901068665658	1.62269078088845	1.97893326181895	1.0445266568994	0.539388366821823
"prt2749"	0.607723732441321	-0.485138143242108	-0.265092372556017	1.34333519319632	1.06735987789596	2.14020316567245	1.22035679485259	-0.59331985055703
"prt2750"	3.1424326353251	3.91421644428857	1.8339165822342	1.31156162676286	2.66073805523301	0.86022714985236	3.77793167941421	3.01822686654038
"prt2751"	-0.440987411338786	NA	1.01259757376952	-1.9041965034701	-2.37611822381082	NA	-4.9706562606508	-2.23092797384007
"prt2752"	-0.175454191671663	2.99042074992441	-1.7896425579839	-0.22101435870108	0.326832091272025	-2.5948146879756	0.396136686365444	1.89698443828529
"prt2753"	-0.0512869352092569	3.65080141571347	-0.0480395920662797	NA	-0.985596882608873	1.12032005322513	0.466715666412129	2.29829031895848
"prt2754"	-2.35474801608597	-1.52606628482674	-0.0520074129414437	-2.30084980838749	-1.82186185888487	NA	-0.63502009579136	0.109558670935131
"prt2755"	-0.0196737319541336	NA	0.811281182224764	1.31743018626136	0.10399628841318	-0.106977854200477	0.611176189402773	4.47438857558427
"prt2756"	3.678973086961	3.23495745323325	4.51818949707856	2.83654436759772	3.54207457070339	2.9619394022243	3.50313222044157	3.90679085758575
"prt2757"	0.512927637281103	-0.684976316083292	0.970384980558306	NA	NA	0.0461448637912968	0.261830477030992	0.458441914806819
"prt2758"	-2.64401158482983	-2.17156365757613	-3.11896922984708	-3.45293196574533	-3.50066294267304	NA	NA	NA
"prt2759"	-0.881225775795042	-1.70127083666797	NA	NA	-0.56981891689334	-2.21946800710501	-1.95720294544029	NA
"prt2760"	NA	-0.861457065056785	-0.537183079468494	-1.12842338035228	NA	-0.445050257143501	-2.91881250749232	2.66058352529086
"prt2761"	-1.02739871749227	-0.164360852029911	-0.157616121769078	0.852660825427902	0.249621864773733	0.668208090965598	0.501879999160517	1.21304152125157
"prt2762"	0.497856284343802	0.691962280450435	-1.31514222631142	1.7117718849205	0.0299261305055604	-1.13278855389298	NA	-0.856475363468789
"prt2763"	0.625464508233516	1.79351124974581	2.91753887483184	1.64848847973212	1.05104178013137	-0.243115972899798	-0.207220447131469	1.37772939283218
"prt2764"	4.67735275674467	4.7110729677394	6.83408277051736	2.64989988991489	5.18059505307538	1.51441502897676	4.65731179689078	2.45014104286349
"prt2765"	0.38701468418497	NA	-1.20291840265101	-2.38700102377171	-1.49066734951955	0.564302553440906	-2.30783623567354	-0.841831681555374
"prt2766"	-3.65919911636154	-0.795761777725322	NA	-4.8553196599101	NA	NA	NA	0.337264597250321
"prt2767"	-0.135255832417623	0.864460897833203	0.550092957099232	1.44196635452785	0.925012730877256	0.553689937958515	0.864042538423751	1.55918601602427
"prt2768"	-2.32531570905582	NA	-1.11451762979786	-2.46565638590044	-0.900092631039136	-1.86187346962941	-1.72657886093476	-1.54143475275444
"prt2769"	NA	-1.63107795360867	3.45901183671956	0.00968274007894065	-0.261936662791005	-0.633036222017619	0.428106577332367	-1.39891294788719
"prt2770"	0.747972616772126	1.29157245191923	0.761453696942214	NA	-0.552009481766432	0.425868777776	1.73227726575724	-1.35380227543721
"prt2771"	NA	-0.773092804481599	0.0567638687802985	-1.62956632413909	NA	NA	NA	-2.40240233979539
"prt2772"	NA	1.26214636462494	1.12481644948781	0.52579732880152	-2.37960720720095	-0.113620525623488	NA	0.645864096436269
"prt2773"	1.9340571256686	4.3422467553316	NA	6.8153123304398	0.229989012491403	2.72657251652726	0.738341176482955	NA
"prt2774"	-1.4871960463104	0.0425056990485783	-0.649644795743202	-1.08135069745788	NA	1.46938430161607	NA	-0.462959535016841
"prt2775"	-0.850106945383721	-4.53314427185404	0.978506891623979	0.788697718401097	0.0957294340522397	-4.37881956127389	NA	-3.74211217312903
"prt2776"	-2.98496125006501	-0.772857156321918	1.70311489845995	-1.6070548979595	NA	0.701388406220955	0.935401247789303	2.41110739480386
"prt2777"	1.63031926088494	-2.26025524191152	-1.58154660738403	NA	1.55604450147733	-1.52777867463317	-0.710733476139949	-0.165664618077802
"prt2778"	-0.815595636519489	-2.07087661907338	NA	-0.75264946637405	0.041423897749574	0.163966054261917	NA	NA
"prt2779"	0.0197148163928871	-0.511183590473335	-1.23617464078274	NA	-2.48538549626006	-0.216216717412905	0.39348078263819	-0.388498195881131
"prt2780"	-0.130342612545952	-0.304648109629285	0.774526687302601	0.789267035401148	1.62370627536909	-0.181204931136866	0.738059360359305	-0.156047849420056
"prt2781"	0.0494804891454292	0.680027529045884	-0.494300133247661	-1.10180996392692	0.487692850571654	1.09865576834636	0.487170650274625	1.58404628292024
"prt2782"	3.96885067241865	NA	3.56982739410809	0.420829776800414	2.29387491484281	4.23356919560403	1.59814430982016	2.92051421416617
"prt2783"	-2.97921288791645	-0.601951747920993	-3.5800356557712	1.55867732984205	-0.00566506425919089	-4.99951470364218	6.74574937716538	NA
"prt2784"	-1.95720226992408	NA	-0.946876132300805	-3.21516272684917	NA	-2.07503578524063	-0.720113408451937	-0.643847050231883
"prt2785"	-0.972541265071748	-0.470987824087743	-0.208529886556177	-0.725878804555175	0.0807455718798802	2.5495962426988	2.58375749824111	2.29890193179421
"prt2786"	1.98680415843054	1.65054837336983	3.06586599360149	4.4786355292564	0.791557181269665	5.23062965291241	4.55213046840406	NA
"prt2787"	3.02701848000333	3.26699302505788	2.06618043984955	5.28065997939397	3.95433930376682	3.24865015272721	NA	3.22434586539073
"prt2788"	-0.559129432232657	1.34797790010836	-0.354230859064703	-1.83690870541586	-0.846714755420043	-1.58643142332913	0.866716189057663	-0.634541482034614
"prt2789"	4.4994351741094	2.96101265842039	3.66568380233211	NA	4.24972938114568	2.02530632102741	2.57569671014585	NA
"prt2790"	NA	-1.07389044927001	3.00670949780601	NA	0.140071662009445	0.0303219495996239	-0.481977337255698	2.23975065006429
"prt2791"	-5.67933063343894	NA	2.9244006573574	NA	NA	4.12700382080707	1.77965201682289	1.4706241086938
"prt2792"	-1.41161075796901	NA	-2.12713757102707	-2.28535366737408	0.484235693223245	NA	-0.582746558969565	-0.521259915559554
"prt2793"	NA	-0.966923052586001	-1.04069151194336	NA	-2.26049107536408	-1.44684532569144	-0.573078295726483	-1.40448379215934
"prt2794"	-0.999154762732301	8.51319071283471	1.19738339358237	NA	1.0847537358686	NA	NA	-2.59302525723503
"prt2795"	NA	1.82185959575172	-0.343126264205077	-0.291163085286924	NA	-0.00146069940363908	0.788494039971052	3.32485975737196
"prt2796"	NA	-1.45953316298225	0.59000152212152	-4.53282584719641	2.26318032404167	NA	0.702689881414188	0.918288324524768
"prt2797"	-0.439729668108036	0.866450555633779	1.53573807024035	1.12795403165062	-2.15268569975906	0.815139817840753	-0.497549905290268	0.9026661168626
"prt2798"	-0.328819054034309	-0.63313471769469	1.27206219928792	4.07857366332603	-0.466283145202987	-0.412713714505464	-1.15183143557121	1.74926196276522
"prt2799"	4.53903768475734	6.15479495049247	5.63695332088799	5.26867977233067	4.3955185370306	2.19526547989655	4.83508649103307	3.75494612281801
"prt2800"	0.379094291231139	-0.581923619897883	NA	NA	1.51263075186159	NA	0.796928075118778	2.45512983418723
"prt2801"	3.48878863120819	4.18536626928433	3.43723440902479	1.58983670124616	2.33079462802321	4.85851636191034	0.146204814670421	2.64342335241207
"prt2802"	2.27884973034909	-0.239334474434157	2.70341826751175	1.65704793357289	0.713101435673428	NA	0.18748149769885	-0.078259877064535
"prt2803"	1.20910324238256	NA	-2.38001847354138	1.84202622668267	5.0509088332584	2.77634347974865	1.05269835674076	9.13738318524217
"prt2804"	0.359094060922287	-1.15069515984945	NA	-0.267704652045869	-0.107258759218875	-1.06420114972087	-0.403818609696605	NA
"prt2805"	5.43398345455399	1.41389952709311	1.26528675493627	0.244820696365595	-0.856340282732274	0.528950764899486	2.13102059865233	2.4428416900021
"prt2806"	0.671671291756721	NA	5.28520874641163	1.36133622942004	5.14814490220987	3.11604116159489	1.95036517557167	1.00979301809969
"prt2807"	-0.812190537218886	1.65249898770381	-2.43329687641493	0.23556398737769	NA	1.70832453754578	0.58226639426931	-1.07144284824802
"prt2808"	1.92845019782153	2.39594916642905	0.0530119537850515	4.77042586753619	3.49077926382802	3.5952511805969	NA	3.75466573365109
"prt2809"	-0.896548069940377	-2.39374400934173	-0.802591388021997	NA	NA	-0.583216826315345	-2.93030964517099	1.58107864426192
"prt2810"	-1.68040890512325	-1.68549137438362	0.371850411895635	-1.46519656740425	-1.3263855477844	-0.156574025604739	-2.47232133633148	-2.16061593081263
"prt2811"	1.07284818284625	2.86150728561339	0.635360276916134	-0.328155379158629	1.80611470541237	0.371846460211919	2.24048726100848	5.27981748496923
"prt2812"	3.7217674395602	2.14259862056448	4.30169681314611	3.61048225266018	3.80385260866014	NA	3.03653733776943	4.19468531915085
"prt2813"	4.82383553583778	2.66100596832841	3.94015501502793	0.674496485257503	NA	1.55427891406412	0.768221632911275	3.29957625492105
"prt2814"	NA	-1.05388104991251	-0.790110582818962	NA	-2.1679398294807	-1.56055923620518	-3.99575728123636	-0.684908722760614
"prt2815"	2.93599459862722	1.02150792061495	1.58611784097928	1.37781473981718	3.07047399402427	2.33940459060956	1.06234543927629	1.94492667753081
"prt2816"	1.91331062965005	-5.123438756453	NA	-4.51105552407377	1.48838370468673	NA	-2.11457620827219	-2.90760368375717
"prt2817"	3.15973045472966	1.50998332874239	2.3571195863897	2.05487942253865	3.12271357714925	3.8809190862396	1.72001979703859	2.16714401042408
"prt2818"	-1.03917248193324	-1.49485719796938	1.29573944904098	NA	-2.1170667954052	-2.50525977908842	NA	-1.05283747160148
"prt2819"	-0.400698066998619	1.29299276991128	-0.859651938780942	-0.169751003188366	-0.957842814726978	0.278457604661719	NA	-0.0999743391245995
"prt2820"	-0.905540574666923	-2.50898189848885	-0.744030199212346	-0.793262643695864	-0.460187104571378	0.950476197058532	1.54449259734211	-1.13322504190777
"prt2821"	NA	5.27848145376786	3.85278065483149	NA	3.06661317841673	4.19788685558715	4.65653738276962	4.20113576716487
"prt2822"	-2.06523535959298	-2.23294606242019	-1.98383388924478	-2.55733738245178	-2.3751018801146	-0.208022905007317	-0.900237145824545	NA
"prt2823"	0.268416222052895	-3.09400119771331	-0.380311737252487	-2.01007411891932	NA	5.55349566347235	4.94605467343032	0.0800235867695741
"prt2824"	0.744562474464755	1.49480737595223	-0.233971505747222	-1.19814961637333	-0.295857372769638	0.184691948691379	NA	0.1530373317856
"prt2825"	0.204735131809503	0.794614111000669	-1.50499488063514	2.95907044761179	0.425444957643251	0.563192939062806	1.69026400187267	3.11324256652097
"prt2826"	1.80856139027441	1.78032317830872	-1.51635910488945	2.02014604352274	0.158116754091465	2.61044145586687	0.975047016191772	NA
"prt2827"	-0.743913960041675	-9.14946477652486	NA	-3.16166366034445	-7.96450996884236	NA	-0.810990848201635	-2.21341749451445
"prt2828"	-2.56143084453642	NA	-1.72169973080593	-4.87880568986896	-2.08486349689341	-4.26127617486839	NA	-0.695755166411881
"prt2829"	-1.46529919496506	0.187120960491215	NA	-1.60567517955678	1.36290320216759	NA	-2.60696934731657	1.19201700435231
"prt2830"	1.85228340516943	0.632338187914216	-1.15562192075713	-0.313118218737984	-1.22957368043869	1.98143686385928	0.466286951446621	-0.12883844938691
"prt2831"	1.30873418501217	4.53462615026881	1.40647090732141	NA	NA	4.11163483511368	6.3291984122952	4.59601069518277
"prt2832"	-2.09148892405472	-0.741796790394829	-2.23119054988913	-0.105259367912289	NA	-0.704170097413568	NA	-3.33562663167416
"prt2833"	NA	-0.343662258728201	-1.92904250420833	-0.787696123917993	0.160531435397368	-0.426344110508173	-2.75018863968645	0.387238124005439
"prt2834"	-2.71124046839279	-2.49604947069589	NA	-4.44136810311953	-1.6432885825129	NA	-2.02697991131031	NA
"prt2835"	-1.53692768518316	NA	-1.60362157928639	NA	NA	-0.656758244113962	-1.35610243982198	-2.1849988773689
"prt2836"	-6.2650726109181	NA	-4.64329893519351	NA	-2.76713153328375	-6.81991689692516	-4.16871643037436	-6.01252995560081
"prt2837"	3.05297842578271	5.24461875592848	-1.85920670239781	0.627871454768625	6.46466219582298	1.24301289936912	-2.63676287624233	-1.31344583804668
"prt2838"	4.40980723363154	1.14284755072331	NA	-0.42653133174922	4.38961778855259	2.57793417400581	0.477446056667685	NA
"prt2839"	-2.6260328306574	NA	-1.02381642601048	0.254371616677521	0.661338844435833	NA	0.59954225934836	-0.638417088894892
"prt2840"	4.05374776663986	1.83375702136333	1.33412850801345	-1.04769208382734	4.35281580450611	5.70468771193651	-0.0575992958866857	NA
"prt2841"	1.30030359470013	0.344695006937025	1.5128214569413	-0.28943763792449	NA	-0.496281351918775	0.375200180142826	2.37185618678256
"prt2842"	0.402027242099357	-1.57893044732168	-1.54503662700279	-1.39943917579261	-2.74873257658031	NA	NA	-1.61486909908193
"prt2843"	0.455687019224475	-2.07647858109853	NA	NA	-2.13797542593458	-3.39755325122673	0.876649696993309	-4.04425021012458
"prt2844"	1.6807048223929	0.626994722636368	2.34013346487028	1.12223371613934	2.82842978396056	2.0826407768292	1.73320854321426	2.9176791628291
"prt2845"	0.61236108361099	-0.262623408731879	-0.140727056217312	2.5791389046544	-0.424039424591711	-0.224994390342245	-0.321436873615219	-3.41891757118975
"prt2846"	4.33123988709216	2.83176542968553	3.28733249226473	2.81821759105136	NA	NA	3.61823114627901	1.45974157778741
"prt2847"	-4.69079240641307	NA	NA	-3.65897362899224	NA	NA	-1.3549232356031	2.42679474956709
"prt2848"	5.55225073611642	1.63412049768037	1.29785034354426	NA	2.05119012022686	4.65841084959876	0.972166308579487	NA
"prt2849"	-2.05338307800332	1.94664897764678	1.44760414373374	3.11083426398781	2.62743539279629	4.70012171060222	2.83898498580138	1.65364525498728
"prt2850"	4.68125565899092	7.9008551150521	NA	8.23286682940559	NA	NA	-1.84827482539998	-2.81716329781625
"prt2851"	-1.02115854201867	-0.30953220374926	-0.665476057117284	0.261393977045439	-2.18964851753588	-0.473065613039649	-0.0779457239477761	NA
"prt2852"	-5.40018805268845	-2.95409316454115	NA	-7.89564455828664	NA	NA	NA	6.03226642594947
"prt2853"	4.59758481850572	NA	0.356295537851905	NA	-0.0280359578898798	0.0940141039316941	NA	NA
"prt2854"	NA	2.14639872267528	-2.08452305353721	5.01116526923704	-0.560598397164677	NA	5.14156348178896	-1.19781492300748
"prt2855"	-3.93917033037659	NA	-3.69757024817487	-2.59183005318	-1.12093130093986	-4.2637569149307	-2.96931131087723	-2.70913955878127
"prt2856"	0.87212524998763	-2.30135491471853	-0.710727897489323	-5.11290852163844	0.614768166403253	NA	NA	NA
"prt2857"	0.0242862736095756	-2.00888120710672	1.09883426073798	-0.791817541264079	1.73281748022662	1.7260114086284	NA	2.17213481554157
"prt2858"	1.54897396101048	1.71185313659055	NA	0.400340652408347	2.89918437111238	2.5285876184911	3.69107682307814	-0.474304114077928
"prt2859"	0.367559298792742	-2.22632409223114	-0.450997933116511	-1.9763818507713	0.523402202209875	-0.821378293377103	-0.965714463923129	0.633977027179057
"prt2860"	-3.87858673138381	-1.43801041292927	-2.19127165337844	NA	NA	NA	-2.47974719769446	-1.50533742621587
"prt2861"	-0.999451514598012	NA	-0.00800132142802318	1.43471864032768	3.61819772926964	NA	1.81730764958291	-2.57851430406494
"prt2862"	-2.10920315033008	-1.49014822573518	NA	-1.83110513573639	-2.49356133000603	NA	2.02377436055822	-0.71519293605872
"prt2863"	NA	5.00441830321683	4.76585658743196	2.88481106688994	3.86861998688145	4.02015838273624	5.26387123269211	4.05737147485146
"prt2864"	-0.31305565137056	NA	1.18725145226722	-0.0485390476516565	-1.23121927428758	0.123697417998175	-2.14835743485119	1.72628370913516
"prt2865"	-0.757571881058029	-0.585479782874029	-1.83515732286597	-1.85763680084061	-1.33477265321745	-0.548855178545714	-1.76773207156233	0.39661842333341
"prt2866"	-1.26382291775368	-0.496576509822555	NA	-2.35002798120516	-0.511422672940867	-1.64016825433846	-2.17279010114884	-0.819478195027962
"prt2867"	4.34510162206648	5.13961126474645	-0.426515378215945	0.778572713679282	3.55622720907545	3.19192056827964	2.59567123464436	3.35033204172384
"prt2868"	-3.65632765352713	-3.26042098703769	NA	-1.64966871774834	-2.26748540813365	NA	NA	-1.92875059391981
"prt2869"	-1.64366547629663	-0.708399636656908	NA	0.761226395044395	NA	NA	-1.16205882799748	0.203761252811438
"prt2870"	-2.71281557135052	NA	-4.93243798800158	-4.25790218241321	NA	NA	NA	-3.2088420721032
"prt2871"	-4.58169100337311	0.551602577597867	NA	1.37914541408554	-1.39828718228195	1.1227819056283	-1.40858670049334	-1.2318199346795
"prt2872"	1.40956155782625	-2.39785803035103	-0.445755232663705	-2.12996282851443	-1.05731241367601	1.83607996456037	-1.82777924772665	-1.36040001095205
"prt2873"	NA	1.13060158135036	1.09259006924485	NA	2.62791960086361	NA	1.74198951926664	1.11103935773143
"prt2874"	NA	-1.83502595363859	-1.98842216535424	-0.199543829559203	-1.46556900523126	-0.430549472546297	-2.57106656719579	0.443910526842715
"prt2875"	2.76059513674831	1.99369947858984	4.99984360086002	4.55980726556831	2.98211852920955	2.76477728942008	3.74724104158602	3.04361093699636
"prt2876"	NA	-1.82855768946574	-2.25287811314697	-1.7836440303766	-1.05005809640113	NA	-1.13084149831532	-1.72447742496298
"prt2877"	1.60996254549152	3.04845470813841	1.71144385278023	1.30896565260566	0.611398524858437	0.398274922818689	5.20995547532534	-3.71831763356238
"prt2878"	0.293301959352746	-0.953152707919191	-0.433841395046013	-1.50805776589534	-0.402240804645783	-0.59425953548436	0.526286648010373	1.23896009528609
"prt2879"	-3.98386398307842	-2.23387095111654	-2.9168842847738	-2.08527230434259	-4.01738561534846	-3.16443483342123	-2.4442193872424	-3.64602690358064
"prt2880"	0.731422725297164	2.88214048508578	2.21940792565714	1.0857989539173	0.186412891784177	NA	2.87711628986604	2.16631201771318
"prt2881"	0.0542765762479236	0.0772489128928808	NA	-0.0169437647150374	-3.77018923427578	-0.305420440033295	-0.155477582134949	-1.23948241666292
"prt2882"	0.597407427702666	NA	-3.12700914133528	2.61307447116218	NA	-3.69517724497426	NA	-1.27206045949496
"prt2883"	0.386567856298709	-1.27405547938605	NA	-0.458807998294947	-3.56936165495554	NA	-0.726556460585658	-1.91220268626913
"prt2884"	0.170264448440607	NA	1.91517460982547	-0.00474687639243893	1.03258794449277	NA	0.252318033531869	-0.388866963653787
"prt2885"	-2.29780767920031	NA	NA	-5.85150275650822	NA	NA	NA	0.507828665512459
"prt2886"	4.10699025711967	2.44431272656624	2.52773074301981	4.96423451450639	1.92839128325014	2.97283179834472	2.54020509797499	2.327632768434
"prt2887"	-1.33938794929453	-1.25205096955186	NA	-0.232505475795842	NA	-0.393704212187485	0.351102941817777	0.995575313831999
"prt2888"	3.47096440816089	1.42061097172943	2.04330884722342	0.831619577528105	0.660619034935692	-0.471384617822651	NA	0.594543505095547
"prt2889"	NA	1.0541946594132	-2.26458842004134	-1.96604615289049	-4.61083318642183	-1.58173852071139	-1.01158543273648	-0.519790275724052
"prt2890"	1.44724102446294	2.04970111397691	-0.823158310890605	1.34946532597873	-1.99610563996749	1.76998117172841	0.236782501745431	NA
"prt2891"	-1.35432776954554	-0.565329032531763	-1.0536744867927	-1.77054321154507	-0.777471349661374	-1.84189000486853	NA	1.28794072634326
"prt2892"	-1.75475955291036	NA	-2.16761080422573	-5.82442941810422	NA	NA	NA	-2.19987444438317
"prt2893"	NA	7.09007309599964	6.55000132022219	NA	NA	7.01293063921461	4.01528504075484	NA
"prt2894"	2.12607729083457	-1.07650320643367	-2.00337531885285	2.67377100940794	4.87358479768514	0.193687530913837	-0.873115128020396	-1.07988975459733
"prt2895"	1.5773752192423	NA	2.41129308508886	NA	0.767705253623125	0.387754096905266	0.652139110456941	3.406071108826
"prt2896"	5.08861235737267	3.43941652370275	3.03609809749047	1.1343428078526	2.98134876362993	5.70899732563724	2.57652859538367	3.24566357020554
"prt2897"	4.57550257338313	-0.837867577121119	2.10962582523431	NA	1.31619084038565	2.18226162690665	1.71000476504515	0.420516041644509
"prt2898"	1.15333235109464	NA	1.43760940662334	2.58031690866117	2.20795724538969	0.501704722915574	NA	2.95183454325491
"prt2899"	-0.780938343230286	NA	-1.05152955662097	-2.67906537467908	-0.197797555331536	0.611681828340189	0.408317899829391	-0.0878645140855833
"prt2900"	-2.65904095506084	NA	-3.43022105310298	-2.74095329608379	NA	NA	-2.44438809254397	NA
"prt2901"	NA	2.82558123157314	1.12823151837661	-0.067653995131909	-1.15539389038748	-0.256486100320721	-0.312811939065696	3.33185351566702
"prt2902"	-1.29939852762933	-1.05980775056927	-2.03590245871229	0.524995294754868	NA	1.52866723269664	-0.986155421249483	0.848157080188057
"prt2903"	1.88619247384452	4.58542350266598	6.56407237246348	3.43349806508501	4.47343458555879	3.6555913836137	4.60326788274241	4.6743697210083
"prt2904"	NA	-2.27580399811992	-5.08308351461482	NA	NA	-0.98135846868404	-3.002988922791	NA
"prt2905"	NA	-0.946445271446343	-1.34472781417466	2.27140558915067	1.83952175177234	0.579912360808365	-1.07413053196573	4.14891635523322
"prt2906"	-2.75171995960829	3.9911779260734	1.54526977472561	1.38380087530307	0.304043769822234	-0.0565041983217207	NA	5.65928426609312
"prt2907"	NA	2.14108241074798	1.5260493911812	1.9293958681841	2.09467168799256	-5.71146166553905	-0.748668643950226	NA
"prt2908"	2.87166363328692	3.29389339604776	3.56994372226722	1.67443551742584	NA	5.04399685688984	4.29508013075768	1.88203492112726
"prt2909"	3.02143759684239	2.04327868583624	6.496832728716	3.14790941365918	1.49419040145897	2.51174945005411	NA	1.38201861653671
"prt2910"	-0.390108725856804	0.120236538316353	-0.270797910412254	-2.36596402386358	1.26670036172152	-0.882810471463283	NA	NA
"prt2911"	5.60481418919299	-0.389413871233357	3.12459045275948	0.543940607008655	3.42309182447522	3.71512176163837	-1.62569965968906	4.02538070926419
"prt2912"	0.108058508495421	-0.750559760772835	2.22339465462585	1.64489040601307	0.725573595259865	0.363538531985034	-0.334732334235347	0.917824816756368
"prt2913"	6.76719825164229	NA	NA	-3.55817472306912	4.03503892768783	5.78733929704483	2.95525989995162	0.516383167342016
"prt2914"	-0.51439376786476	-1.54472603458261	-0.704932997832711	0.691483837290485	0.25884958401243	NA	1.88610157660033	0.292674421936673
"prt2915"	1.49178098900415	0.205016854157218	NA	0.852899643510264	2.03888219448358	-0.641736715357009	0.587515389940824	0.568395757669192
"prt2916"	2.01059070154652	1.77124066177717	1.21503252075871	1.89571887812406	2.32823455022816	2.96091970786829	2.19521537210167	0.828170719860745
"prt2917"	-0.527163412803037	-3.42698571301305	-0.219084453248736	-4.53796851361589	NA	-1.18933517634149	NA	-1.68472663872615
"prt2918"	2.03143114177214	4.20695058155664	3.79741879943874	5.32510727906927	NA	2.69570028241419	5.93310574942973	6.34260023444379
"prt2919"	-2.9544752719106	0.583073744031727	-0.761235459301136	-2.40756516313153	NA	-0.758310756012818	-0.144834210336031	-1.34795178913893
"prt2920"	1.83941234294035	NA	2.13718851725282	1.25438699964596	-2.07798972648068	NA	-0.453069911327819	1.37934745388636
"prt2921"	-2.84313061322381	NA	-1.80326951408603	NA	-7.50718930203262	-5.19249737977711	NA	NA
"prt2922"	3.44097483716553	5.15765052279629	2.86560151476767	2.48220347197896	5.08342110430795	3.90362194917519	4.68577126144467	5.84219151812858
"prt2923"	-1.0884697324966	-1.52158690200151	NA	-0.81006116401911	-0.886473516162471	-1.01002777607106	0.484668308307138	1.11314788229003
"prt2924"	NA	-0.0481795319867427	-0.718027646703722	NA	NA	-3.07021463809324	-3.74866813507775	NA
"prt2925"	1.50751068238608	1.95115711605022	0.750090691783615	1.99880868140249	1.86126721473531	1.67523324851568	2.8217463970188	2.53392343758773
"prt2926"	NA	-1.81362797469375	-0.750759293727627	NA	-1.27814654377431	2.65673543257402	NA	-0.938933462598025
"prt2927"	-2.86177863432945	2.36173973377196	NA	0.52830895683977	0.545330667177035	1.50472770780862	-2.08466380666206	0.346402194676897
"prt2928"	-2.52151763743066	NA	-1.00723825330898	-1.93062434360137	-2.04678604703663	-0.0119276603549532	-1.52686325806426	-0.957654706018778
"prt2929"	NA	4.17446723351528	2.46161639343947	-0.440086556654768	2.78427878740209	-5.52584346709905	NA	0.130873719679301
"prt2930"	-0.0200698624225751	-0.809025034870013	NA	-1.61394828309206	1.31440153097052	-0.398914320117492	0.288413496929526	-1.0619940441282
"prt2931"	NA	5.02643419252726	6.9293125618263	6.46459743044821	6.52563542899589	5.07921177018283	7.06422904662469	7.76317364015972
"prt2932"	7.80729418517496	-2.13256213663016	0.220106822522672	-2.50512805573474	1.14414066911893	6.94558437738789	-3.81964363260876	NA
"prt2933"	1.74628178012589	-1.27058916537213	-1.65201157875293	0.0364462749852814	-0.680123170852729	0.91351218221713	NA	NA
"prt2934"	NA	2.49776109687621	3.77930656295438	3.99416741738391	2.37552677336296	3.63230123559929	3.28955610073192	6.04523211343678
"prt2935"	0.0225696442984809	-1.76068503327585	NA	-2.36009725594977	2.91980960629294	-1.6974006615504	-1.85639543737955	-3.86408876205107
"prt2936"	-1.69389034809291	-0.790396679423498	-2.59719491212301	0.356571809933754	-2.40966056271809	NA	-1.48870839340098	-3.6857504679188
"prt2937"	0.854138860442319	-1.99481666190903	NA	2.93261210209079	1.37794228924533	3.36669956808711	2.03571125702868	-3.20963546246446
"prt2938"	-3.892920321491	-0.847254544450872	NA	NA	-0.21603348406037	-2.152914485676	NA	-0.565093074959857
"prt2939"	NA	-3.45297627831801	1.18276734022205	-3.51969691790755	NA	NA	NA	NA
"prt2940"	4.01261552571805	0.812862943470452	4.16051186639039	0.0817672243502265	2.31622953276719	NA	1.74406316907333	2.81067083563336
"prt2941"	-3.95915826784129	-5.14356642062674	NA	-2.61603540732449	-0.751624307606639	-3.42163856101526	NA	-3.70659894635987
"prt2942"	2.93879435252712	3.17065985454438	3.41594921424987	2.00447146688401	0.458175748421484	4.80421551500108	3.55955351453808	0.152416571485781
"prt2943"	-2.07540083377805	1.40094936675206	1.44856108851763	1.30830531360041	2.84271068802089	-0.110225409040088	3.49435456351201	0.432297949693465
"prt2944"	1.93691082342046	3.34700817583674	8.44758649198864	2.41775448104047	8.60978711775527	2.01715480821391	5.58962289468999	NA
"prt2945"	-1.95180591393925	1.62599485535857	-1.6301509367285	0.846766760267836	NA	-0.043411910484479	0.747513453453169	2.61379699363359
"prt2946"	-4.80985395108618	-4.28893847729403	NA	-4.07984154234809	-5.83574821914056	NA	NA	NA
"prt2947"	-1.16979699424974	-3.87726697690447	-1.57962478974319	-1.04168820683894	-2.41477092141788	-3.23380617663252	-2.11667231792598	-1.37938252462514
"prt2948"	1.10735137254312	NA	NA	-1.56314503913009	0.345076648929152	0.230198221629546	-2.35401917045737	3.25938700477776
"prt2949"	4.1580311808086	2.7255550199723	3.68845084389222	4.44660311929573	0.221296489353658	4.3034882125491	4.06738164747373	1.88265843985206
"prt2950"	1.590316455962	-0.428786485015052	3.37560724084493	1.00995297365384	-1.42544398051944	1.89470734463134	NA	-0.103485473522657
"prt2951"	-2.31511229783047	-2.16958873324709	-2.81300030782617	-1.52854510090442	-2.83362647879179	-1.9809584063137	-2.79340669438186	-0.745960286235174
"prt2952"	1.47633857505772	2.39225732449413	NA	NA	-0.865440475266332	NA	-0.299422799889052	1.1612009721936
"prt2953"	-2.83111742254249	-0.874285903787625	-2.35837960256643	-4.86575621066281	NA	4.46822045526062	2.08680652034137	-1.44748229819925
"prt2954"	-0.867531284360684	-1.97216697870058	0.70928250143739	2.64817268401251	NA	0.964976935058945	-0.644851461678902	NA
"prt2955"	3.25937562047679	1.17212974611958	1.71062989901995	1.71731441224785	3.50784277733309	4.37739574903101	0.368246191551495	5.56101446441629
"prt2956"	-6.60978429715645	4.17334639996384	4.70249671851634	3.39931562365076	NA	1.72497856598325	2.06309444764084	-0.820983766572431
"prt2957"	-1.36285326863543	-2.28951061957315	-1.15742987300378	2.62290655279077	0.0299208023132858	1.44018011533153	-2.27183267951834	-2.41878962269477
"prt2958"	-1.26687643890806	-1.46790412187649	-1.69163336831953	-1.11635442044864	-1.00746699889041	-0.793985976418633	-2.01772897223832	-0.720486090778708
"prt2959"	-1.41196700234801	-1.54017953002301	NA	-2.51647487142073	NA	-0.550799459080733	NA	NA
"prt2960"	2.99519498192202	4.87001973650673	6.34634788279432	3.62490610235655	NA	3.93537556836516	NA	3.87651769564966
"prt2961"	-3.1477542708833	NA	-0.322392004595323	-1.40021989043408	NA	NA	-2.70517039015743	-1.59214226280357
"prt2962"	4.15355474605608	2.0361559665403	NA	5.85687205939693	4.37151074250199	5.8693564300621	4.37960235838545	NA
"prt2963"	-0.568851372371232	NA	-0.891950297699057	-2.31580626162574	-3.25573707159942	-1.84188312607877	-1.70488596632562	0.495561530556624
"prt2964"	0.713640225699554	12.2885242844011	-2.38884489741574	1.16442615399741	3.76174225279488	8.6751660056164	-2.50267290091517	-2.28724575005007
"prt2965"	7.08303392237702	-1.93397519393062	-1.91593232667031	-2.2504712283656	-3.41090527179138	NA	NA	-1.16720832093646
"prt2966"	1.26966057597015	-0.298945809788742	-1.79475085940788	0.286478390773341	NA	-0.785255882539104	-0.445293840600063	-1.38262313789812
"prt2967"	-0.87947963139184	0.756774631291004	2.93399759485478	-1.19591098883588	-2.75775446755646	NA	NA	1.37731286906788
"prt2968"	-1.45611352297197	-1.47164550974719	-2.94346125294817	-3.90944278529902	-2.03143724323332	NA	-3.31723777821502	-2.84301263564315
"prt2969"	3.44250218217403	3.19372096290371	0.472912158079818	1.10180046030654	4.07484317853883	4.38959465234506	0.915413681355075	-1.22484129200295
"prt2970"	1.64882620370403	2.84069118648488	1.49413019185986	0.463753803268421	-0.0997625279571509	2.53629478119579	-1.1933938494784	2.18549531624216
"prt2971"	-1.25684381450874	NA	-0.865452597671086	-1.51504382562144	-2.06475728655583	-2.1335751716142	NA	0.0170928746398147
"prt2972"	0.305053189385386	-1.82120378099907	0.847088328018515	-0.218281864915027	-0.106373728907759	-2.03415340303931	NA	-0.864385069421286
"prt2973"	0.84003119962498	-0.0340603326242704	3.33904997190712	-0.719430228817795	3.286734882444	1.45782725541648	-1.32406709605361	NA
"prt2974"	2.05424230744857	4.0030584157717	0.720910761629744	-1.02909199636788	NA	NA	1.82814040380551	3.06648757228102
"prt2975"	0.899688323441494	0.587704886062274	0.0170200463762065	-1.03812134798385	0.543242311594444	1.81447809864704	0.140727289062698	NA
"prt2976"	-0.754687169915096	0.895503872213447	NA	0.691599001342561	NA	0.437248211492037	-0.393242420567995	NA
"prt2977"	-1.19249836332843	-0.926017206983192	NA	0.0623374882541742	0.88007468184737	-0.320046359406336	0.314322484752134	NA
"prt2978"	7.08155572537202	-3.48280297205997	7.0664734410779	5.38539297590261	3.33658099803011	3.97167912708932	2.32916837864602	11.2962706636054
"prt2979"	-2.76524178063799	-2.43875971577773	-2.01482997353971	2.6073052006376	-0.536967185924379	NA	0.850082653995941	-0.33653572574046
"prt2980"	-0.147866270158042	0.983296654903815	3.07056624003801	0.875112108335534	1.0619013140615	3.8121011353009	0.135700784939962	2.23446878713694
"prt2981"	-1.81287526527749	-1.0953309359584	NA	-0.181206299277866	-1.16121763821782	1.31619940670631	-2.04869208303293	NA
"prt2982"	2.95088350877043	3.39752401113123	1.02306091546069	0.858464649296116	4.16170719915563	2.60815630023821	1.27782007175441	2.64230354810241
"prt2983"	5.15368185462242	1.28722289182033	4.47241933223476	7.13382554234647	1.42053584472128	NA	NA	3.92643617267814
"prt2984"	0.727351982527624	2.16997835636983	2.83758264240221	4.25897962356574	0.843800907109723	0.762449181485142	0.414566329483755	4.60218568137711
"prt2985"	4.92676603991581	5.61660708300818	4.94157246401871	3.98836902336808	4.32017505337115	7.03663153535927	5.55423990306794	3.18866845724935
"prt2986"	-0.521613610067509	1.32966727642709	-0.120326780693107	4.15159206321804	1.82115613060789	0.658795838097584	0.32442931690979	1.67918149339382
"prt2987"	2.09793834423144	3.15681572578254	1.41124337080991	-1.11069637339669	-1.47979556941128	1.49218527514125	-0.937827043280822	NA
"prt2988"	-0.607861982995319	1.08752585419528	NA	-2.77191333810849	-3.92475975584362	NA	NA	NA
"prt2989"	4.87046714254808	6.08963961722339	7.18231709451218	5.79765663151031	5.63625717920502	6.13861850438983	7.58825073413296	6.73610243479732
"prt2990"	NA	0.979926566683835	0.163125530737319	-0.412705394600949	-1.49800763462872	-1.48543290934038	-1.78139792201142	0.648325658079915
"prt2991"	-0.803250804724166	0.123414421629792	0.598328681369851	0.0197695890570413	-0.591913823557695	-1.20671200022164	NA	-2.05802555873551
"prt2992"	2.37725756063511	1.71549563610156	-1.83049484182204	NA	0.986017094966633	-5.03157888527857	-0.190017317003514	-1.69298308747386
"prt2993"	3.40002067247652	NA	-0.701590153731205	0.958631993440452	3.1443293306896	3.33731283415059	2.20220661714652	0.187921930419647
"prt2994"	-3.13574416844356	-0.870502746047493	NA	-2.52878359695959	-0.821931148842144	1.02362725914921	0.395036025097987	-3.10470061043025
"prt2995"	0.867819000889191	-0.907659214748192	1.66832677332873	NA	0.995217502615318	-1.88117439361566	2.21186499312721	2.56558984522282
"prt2996"	2.19384315724515	0.585751777447186	4.10367878130556	2.45219381220564	4.06737664906488	2.01830440221974	-0.51752719428096	2.06352127391981
"prt2997"	-3.58919416975218	-1.57612184217402	-1.85602028161336	-2.60795737578903	-0.124387169508246	-3.19966202183129	-0.982450684430186	NA
"prt2998"	-7.42513239843328	NA	NA	NA	-2.29610269155585	NA	NA	-5.2756248063552
"prt2999"	2.93359083501178	-0.520816740942819	5.85986041192512	2.48951573092502	1.59579660640534	-0.583616325027047	2.13517495694591	1.12521320471454
"prt3000"	NA	3.80026421606717	1.54275625748688	0.938806463904436	0.383593605596117	NA	-1.96421438335203	0.623813116952459
"prt3001"	-2.68387444296847	-1.07000048459516	NA	-1.41044676832163	-2.12232907863044	-0.974471455534313	NA	NA
"prt3002"	6.8978160563955	3.51069210726685	-0.53848354213757	1.42599857866299	NA	2.28344620429749	3.04200301732157	-1.44294210789206
"prt3003"	-4.65234776006838	-2.87099651047655	NA	NA	-2.31978715401406	-0.17698327713723	-0.505795000042139	-1.78204616997338
"prt3004"	-2.90777429910581	-2.60360220429498	-1.59131271797829	-0.83048956321286	NA	-1.9638842033433	-2.1085864111997	-0.177783500402341
"prt3005"	7.09084805602708	7.51046615972432	6.28382890589561	7.96081789405374	NA	NA	4.88569626990623	NA
"prt3006"	2.68925282699591	1.835760143115	-0.839612177302995	4.12864911007592	-2.01560170789553	0.171572533797799	-1.45927569204312	0.174475186674831
"prt3007"	3.62360598192268	NA	2.19699669909147	0.969565841046709	3.95289415004027	1.90665706524044	4.09228272012058	3.60167871193428
"prt3008"	-4.28473873048367	NA	-2.19869964961216	-0.550586542555683	-1.50814631849316	-0.946600625111992	-0.954879146142393	NA
"prt3009"	-0.8364216806699	0.985148281803067	-0.222089323663171	1.01512500183997	-0.361777809809775	1.04871937198979	1.41162043798256	-0.734306679534288
"prt3010"	6.73373970252501	5.79906694173037	NA	5.48869324870367	3.4835233886563	2.30002268193454	3.79962893542258	4.98115177508694
"prt3011"	2.30873488804486	1.9694315913741	1.29297051322898	2.71847021497791	1.87172876060402	NA	0.127157692696849	0.939578301033423
"prt3012"	-2.47586627559917	-1.51575106904608	0.180336349436736	NA	-1.01394842423016	-4.68271387243049	-0.0137026082270381	-3.27581429755651
"prt3013"	-0.620702051358762	1.29973803076532	0.496799292321927	1.65030718249144	-0.0531434397881629	-0.159146988976649	3.67216523473309	0.442308188530556
"prt3014"	-2.59310976928852	NA	-0.735182163390055	-2.98718501597059	1.55575491328326	-0.551757918906207	-0.383383307097634	0.689396052508227
"prt3015"	-1.6477482906073	-1.31437104165913	NA	NA	NA	-4.33187904638965	-2.07583568654124	-2.58042699815586
"prt3016"	1.00289825193896	-0.905944468372035	-1.31380143627548	-2.77860264148418	NA	-2.1258409567987	NA	-2.95770391422941
"prt3017"	0.578158538197536	-1.35982298167889	-0.516795199137432	-1.38944900596901	3.12158053345654	4.07401274784776	1.77569925897028	-5.53743196200975
"prt3018"	-0.427068149532605	-1.53654459903637	1.98264348357744	1.87244571732629	-0.0877445303824236	2.01572858367979	0.662659638147319	2.76724085509725
"prt3019"	-3.13495594399838	NA	NA	-4.87591644032512	-4.90494225908656	NA	NA	NA
"prt3020"	-4.36501213754321	1.16942203866955	NA	NA	2.5370883807373	-2.72904888197587	1.81341494415078	4.23480546861097
"prt3021"	-0.554794421751076	-1.96552499062343	-0.231760585916283	-0.00513546936619313	0.198187282693816	-1.4341713219733	-1.65728702807686	-0.622549200083351
"prt3022"	2.71726322822665	0.898437827731421	NA	0.563800639661034	-0.217422828739033	0.616752149322742	1.09178884674148	NA
"prt3023"	NA	1.02125176978664	3.36496463580508	0.453989644398237	3.0335524534942	3.66198604135092	1.6311231152146	1.55059221969048
"prt3024"	-4.73771365293992	NA	-3.40368427069122	-2.43511455108594	NA	-2.22408152414903	-1.98456827618967	-2.97394031186693
"prt3025"	2.93984118283101	2.94715668162421	-0.446143903967607	NA	2.80057560381309	1.45568713261326	1.88185019896377	2.71525982209067
"prt3026"	NA	1.87629764544431	4.72333249581679	1.56613580587862	6.45900780367329	1.21185846794415	4.33491735853718	3.1441954171798
"prt3027"	-0.861883214311253	-1.15106150162309	-1.08451291820866	-0.300356398129557	-1.50716131333602	-0.894627604329784	0.749298801815328	-0.471325031211248
"prt3028"	-6.21797279026811	-2.06272838384067	-2.3933663421666	-2.20991918961664	NA	NA	-3.56283141204058	-3.52768407294023
"prt3029"	1.48942476461796	-0.0467628682120827	0.414437472440278	1.20584892460275	0.84268907133874	-0.959683525250647	2.69766609202697	-1.85447516541733
"prt3030"	-2.36734047989574	NA	1.09049309062986	-2.21998511215854	1.75276417754709	NA	NA	4.75051986542379
"prt3031"	NA	-0.694880591023913	-1.02337703094445	NA	1.08400645482002	-4.37164831831236	0.193411573119194	-2.13049299507627
"prt3032"	2.21572678556755	5.44601993241236	2.88992145585471	NA	NA	1.81896807439805	2.46253196709264	2.62675823177041
"prt3033"	-0.789093694211668	NA	-2.04160077883596	-0.679337722437517	-2.83958063843143	-1.90396321030105	-1.55678035782876	-1.87149569506505
"prt3034"	-5.60693792093907	-6.28028952574641	NA	-3.65336554913845	NA	-4.5595392273987	-4.17286361887968	NA
"prt3035"	2.89925402950529	NA	-5.13786463082396	1.15395437592437	0.736119371706539	0.728033158731918	-0.547924944956927	-2.86941147851018
"prt3036"	-2.57306716191113	NA	-3.02747812709226	-2.31872624943434	NA	NA	-2.53390200509687	NA
"prt3037"	1.46488074014038	0.152805589473353	0.890912770940393	0.878781252192614	-0.0589385784263015	-0.25285857077281	-1.35882982881933	1.09344667938045
"prt3038"	1.87929002296943	2.2625553617771	2.34847305468903	1.83800985281661	1.77896863742248	0.773506319777254	2.7758020041217	1.27876816548815
"prt3039"	2.48914540706647	0.526756871772542	2.32262403272193	0.310347100196559	1.8463599748125	0.517477072183764	-1.37738329964983	1.00825458210662
"prt3040"	2.69324404675056	3.40017123919139	2.68537379640295	NA	9.54354913285966	3.39280029076553	7.38051471539832	9.10367441042229
"prt3041"	NA	0.863740030348733	3.74327271996523	-0.317921687083855	NA	4.81964266599796	1.90086376416987	-0.837790447181564
"prt3042"	-2.43071321999399	NA	-1.12025235207107	-2.84069198101188	-4.07717663729413	-5.30797651201762	0.61354309247789	NA
"prt3043"	2.66411548286956	2.25533155720277	1.26797350400678	3.57655954820281	3.84925575350143	4.30369952483245	1.7766927133867	2.36915285506231
"prt3044"	NA	-3.15117746603916	-0.421593195728541	-1.41434273797713	-2.16120468490002	NA	-1.12829390622823	-3.72949824652858
"prt3045"	4.1911166055512	4.92368883609385	1.40783385243682	2.54771721655338	5.15996579378839	3.87216168083763	5.2980306371323	2.90382641457136
"prt3046"	-5.34159602473857	2.18458504335599	0.150772099021137	2.98813252053257	-1.87793679940648	-1.35943863605909	-1.53839505914055	2.55246815924848
"prt3047"	-1.18720224984794	NA	NA	-1.42485157729863	NA	-0.743357949143713	-1.97986009154369	-2.89790324823874
"prt3048"	-1.03964498677368	NA	0.688646904281866	-1.01981156406537	-0.682986346483976	-1.70831549410746	-0.812901606012008	0.472673801799785
"prt3049"	4.65937628061859	0.0159817737273953	0.0630023450479821	0.863223763406083	0.121482261241166	NA	0.303146015860449	-0.522655977974146
"prt3050"	-1.85540657756554	-1.69259117160942	-1.4846580498591	-1.33675810371027	0.47581177109372	-3.31436551465913	-1.17836685020406	2.04651339894835
"prt3051"	-2.21809618849656	1.65877932865426	NA	-0.396057977440711	-0.567819753463233	0.67683546576405	1.11878835177865	-1.28079205579139
"prt3052"	-2.33064394645356	4.67328378192318	-6.89833423071271	NA	NA	NA	-5.75024165152349	6.45641474734656
"prt3053"	-0.783654317057212	NA	-0.463976917801029	NA	-5.26524852946123	NA	NA	-1.87031822708153
"prt3054"	0.437852680150226	2.14844940505344	-0.62290776725228	0.430846464062027	-3.32768389595185	0.591472456686891	-0.968978902754464	2.2941033526956
"prt3055"	1.39956387607251	-0.816381698296575	-0.00506551828834745	NA	NA	0.377330204153232	-1.39844916080341	-1.04283075310169
"prt3056"	-0.688089735590243	1.36703278157707	0.0330194079579199	1.83864998284191	1.72534622252308	0.562762340803995	2.41808084542278	2.20159499694695
"prt3057"	-0.297695344917339	2.8097258596944	2.68497411205268	1.06935767198781	-1.22740852415507	0.305003635449248	1.39710832095622	0.326296069106994
"prt3058"	-2.03361802977534	NA	-1.759201681882	-0.686247638497231	NA	NA	3.68489023795321	NA
"prt3059"	1.56135230481096	2.07410431558776	0.827853286726283	0.783093841246037	NA	2.16856098244316	-0.863064429157677	-0.10037384237404
"prt3060"	2.01124181940015	2.38830491798149	2.71921705695085	2.11833737884526	4.09233077632227	5.45005298735103	-0.90200517237784	2.1630014671815
"prt3061"	-3.22272619170525	NA	-0.579880387602549	-2.5649472671804	-5.20620310602781	-1.10830750711645	NA	NA
"prt3062"	1.30202531267433	NA	-1.4409801169939	NA	-0.860576150337398	-2.26648902791773	NA	-1.82810408806322
"prt3063"	0.481625084602804	3.13454318325312	1.3322981874217	2.17382578883938	1.25622442235514	1.81893991502568	0.572980912113867	NA
"prt3064"	-2.86265799867274	NA	NA	-3.35626178178001	-4.61863184064788	NA	NA	-2.4007633014326
"prt3065"	1.39702794191934	-2.79866811248472	-2.12409561622402	-1.52021527540293	-1.22416306540001	-1.79603924649908	NA	3.97710574012166
"prt3066"	1.35525263093824	NA	0.729592179789651	0.367679221732548	-2.03076807621017	-0.996243755512241	NA	-0.594972768989108
"prt3067"	0.1507795852516	NA	4.37548087632454	NA	-1.12938742532903	-0.604401300698414	-5.87446683442408	-5.80880095087403
"prt3068"	-1.0614243175309	-1.88409835119038	-1.49985273750329	-0.311091024374424	-0.0833260077089185	-2.238939962766	0.984841084910585	-1.46951066058017
"prt3069"	NA	-2.73493687476216	-3.45486484100245	NA	-1.78940080884594	-0.229107900180216	NA	-2.39991368758562
"prt3070"	3.60724963109362	2.13147989899281	3.35288610577946	3.82013646214493	NA	2.33081945212783	2.60955484189629	NA
"prt3071"	NA	2.70726767030968	-0.092917631630562	-1.07785002974719	-2.46686182109235	-1.48781236700782	NA	-6.0033968677026
"prt3072"	2.73376752780192	1.63400776038159	3.95442834569468	2.2489278420485	1.865187063495	0.36963832071007	4.78408755801772	0.267890332867267
"prt3073"	-7.18383018626077	NA	-2.59531964512457	1.2171664596464	-0.739313605488586	NA	-2.37541834072875	1.12209846691803
"prt3074"	-2.63213073468285	2.18569564828771	-0.658735084865029	-0.966362432840388	1.00304245067849	NA	-0.222737619785205	NA
"prt3075"	0.99812985374887	1.89383994770372	3.02484075843395	1.91592366415193	NA	0.259719677681398	0.341045073374056	-0.61357392756756
"prt3076"	2.14219155887271	1.8490096989414	2.67357047475537	1.5000209846577	0.672936805015653	1.27051328207823	1.17427391282	3.64774019725785
"prt3077"	6.24010505753333	NA	2.82321672083326	5.16651084753022	4.42477691533438	4.37658149850381	3.69120198865516	5.38261462306305
"prt3078"	NA	2.15018460433623	-0.306629593997215	NA	-2.57016149070008	-0.817054117356254	-0.944412947079069	1.99790116578713
"prt3079"	NA	-1.12425405559152	-0.743200261741238	-1.75025224959619	1.78675622159905	-0.407240674318204	-0.560084102787223	-0.00770927264870903
"prt3080"	-0.0321263892889465	5.02364208061061	0.59267946061776	1.34594257844459	1.96985301016478	1.89592043229926	0.590815351772897	3.34103234944762
"prt3081"	0.224956398530976	-0.908806324905071	-0.700011796223519	NA	NA	NA	-1.52022853836804	-0.108102291533172
"prt3082"	NA	-2.05470163165188	11.0462781534935	-3.87653664171834	4.55639231737922	-5.82588147389797	18.4024469464315	0.81578714473672
"prt3083"	1.1197366699962	3.04036996100009	2.13900917748896	NA	2.73646941731189	-0.0903222189715278	-0.328394843104871	1.0309432411241
"prt3084"	-2.79068274532092	NA	-2.77541537470715	-0.652926126072165	NA	-3.19071528988618	-0.299262252437723	NA
"prt3085"	-0.151367064016778	0.949603785349322	NA	1.56093726740628	2.87591554424774	NA	1.03352411069131	NA
"prt3086"	1.94954751760186	1.22985435986681	1.05820548825172	3.27259463986368	3.02998159450813	3.85643182770526	-0.0738864452977955	2.6878123581693
"prt3087"	2.41114857701431	NA	-0.843284853082625	-0.827180951414927	-1.99579966096253	-1.6693917770157	-0.683014636345588	0.248160974429997
"prt3088"	-0.134266677787781	2.50658253509941	2.64634041974153	2.97960462806568	3.07764510448603	1.96150438200958	1.83917584785763	2.07601957126555
"prt3089"	-2.81390109476076	NA	NA	-2.68388028163287	NA	NA	-2.34105648549399	-0.596495757033885
"prt3090"	-1.34695729916134	-1.51040410859088	-2.83413895519961	-0.762380990514742	-5.28521991097599	-2.77849567040722	-3.94995276206135	-2.13982380519827
"prt3091"	-1.29918843508384	-1.95885295074546	NA	NA	-0.872622294272339	-1.8802347430969	-2.79515114182031	NA
"prt3092"	-1.26427279060337	-2.63525055078241	-1.00675904179174	-0.67659024364398	-0.105134888931487	-1.46359705234859	-1.54010064911467	-1.52231308909584
"prt3093"	NA	-1.56464245253972	-1.21039595699474	-2.28366177291026	-1.82304802470605	-1.36397009528015	-2.34249052968957	-2.23004293931709
"prt3094"	1.47611858047939	-1.13231419182362	-0.601915563194572	NA	NA	0.517997780975457	-7.30650771905609	3.27408916167616
"prt3095"	-0.455470308941665	0.592823182824998	-0.170957195517033	1.05509423002767	NA	3.00726511588526	2.84931268831883	NA
"prt3096"	3.10083423044951	-1.97997575016107	-1.02009367458828	-1.60268507390388	3.69819998996544	8.36922416063644	3.43804540074595	4.03727763637645
"prt3097"	0.790179364398215	0.606380025802811	2.3192781377214	0.762080776094089	-0.540303761249868	1.08878953513607	-1.29703379768524	-0.297263162942345
"prt3098"	1.85597974528316	1.93575973822968	1.69926341015676	2.76331149443558	0.527399006099143	1.8026469031567	2.50932405736315	1.47998616139956
"prt3099"	-0.152053497515389	0.0340917442624212	1.24976854025901	0.57759185108494	0.546096732103436	2.26283255923283	2.19995354757132	1.73797244311387
"prt3100"	2.07561817409654	3.00572093726736	2.44006437899915	2.75321240087772	2.86609837811749	2.33631314770982	0.62635758280558	1.71567027791462
"prt3101"	4.26637697285365	4.27551626781235	3.94135423358916	3.44170583682034	3.4802354709421	3.69060682615343	4.25217102910814	3.36565823873999
"prt3102"	-1.49405640379548	-5.7087038024909	NA	NA	NA	-2.32058549331778	NA	-2.40313446192438
"prt3103"	-2.09574050875233	-0.806228775944335	NA	-1.71413727128529	-0.948322679952606	-0.353281153893257	-1.65858311979246	-0.955295802263026
"prt3104"	-2.60851025948427	-1.99473527090601	-2.78055981701201	-3.64567564643347	NA	-4.63527326721595	-3.71151872454579	-2.54580275478433
"prt3105"	-3.68576836941115	0.172163420391652	0.324154779073217	0.889326191385553	-1.1668577897347	-1.25327723492156	-1.65846682686711	1.19404122865987
"prt3106"	NA	-0.45274111686238	-2.14556455803697	NA	-0.267604219853858	NA	-2.16889922848775	NA
"prt3107"	-1.28620036736079	-0.420388036398686	0.440999331413064	-1.00054153133332	2.55524079482008	-1.04105674186189	-0.199657218705808	2.90779023446697
"prt3108"	-1.52010998584845	3.35066068668002	NA	-2.0555231483932	-0.629012920222875	0.247812087723813	0.229715174895695	-0.429140082775802
"prt3109"	2.47246159695656	4.04321050121943	0.766249379436432	-2.32037929376921	2.25602670485403	0.751937168886599	NA	1.16866076059357
"prt3110"	0.642059924822046	-0.752605372780477	-1.98396926003254	-0.73998741639603	0.525554182558101	0.843969081020118	-1.69674909520581	0.672802321468056
"prt3111"	0.997979430362691	1.81066276245671	-2.21486007015459	1.66749115622726	1.9441854373583	0.494839435431194	0.59277574750491	-0.370863206600847
"prt3112"	3.49878238041049	NA	1.79685237117379	2.7766166477103	0.242055498869467	3.86085792885208	0.415141422518078	-0.42044246618816
"prt3113"	2.44290626891136	-0.823497619368424	0.306424455044494	2.99584232538546	3.4539858366127	1.00492650792266	1.23638039510408	4.14608727644354
"prt3114"	-0.161310891370156	-2.00801200664478	-0.0210095740357404	1.11359808764174	0.246843302062805	0.365128783170382	-0.0694858109409224	0.247740605833146
"prt3115"	-2.58824939472571	1.65887932675194	-1.59424414558779	-4.50754814137477	-0.177522456627303	0.57545874339331	NA	1.48962642505788
"prt3116"	2.15936500368445	2.40888155301787	-0.227602200690615	NA	-3.02613493824536	1.15747253999607	2.60830951918209	0.141289540721043
"prt3117"	NA	-1.23624258357698	-1.22339505723423	-2.35014531308605	-1.08828418878909	-1.43830614619336	-2.37283833957354	-1.21088423996109
"prt3118"	NA	-6.94540099709738	6.5390189051735	-7.27792720529305	NA	4.91973258692776	NA	NA
"prt3119"	0.547763129483877	-2.49077972485667	NA	0.445118845743835	-0.67232117385911	-0.110052289924135	-0.595011606253926	-1.63704115244075
"prt3120"	NA	-1.72404007305939	-2.68183749229104	-2.70741235190781	-1.51212948218811	-1.21012439215913	1.63236260075917	-1.0247609621594
"prt3121"	1.58810885779224	4.45133670316909	3.55655119193891	4.25509181100565	0.727308844896301	4.84512246730163	1.69061920651094	3.49319050705787
"prt3122"	-0.304610204397362	-0.415251961216416	3.37748886471416	1.36730346709227	NA	2.2536180375532	-2.35752736133728	-1.77001740873146
"prt3123"	3.04814854783543	-0.996203933046493	3.20102082768339	4.32771989365869	1.55683967170493	1.61218198152664	3.90031362057312	3.78314761589561
"prt3124"	-2.6312722919727	NA	-1.97695112597876	-3.32567029816734	NA	NA	-2.16330549781656	NA
"prt3125"	4.53398353634714	2.74391529028572	0.544171840624495	NA	NA	1.10911257162317	-0.00594549328505034	0.831775936564071
"prt3126"	0.923117478263975	-0.953663111943553	0.755883169052662	-0.366354334062478	1.05599051798817	-0.0970359660616497	-2.47257496703325	0.250508937932176
"prt3127"	0.74873748327274	-1.33778183734836	-1.05148657612984	-0.908503408238078	NA	0.895517821713121	1.16678288860669	-1.19238671992019
"prt3128"	2.0934626839204	1.12291848425414	NA	2.78161600798713	0.423411499230056	1.00404742810232	0.712432441242958	-1.09218292003105
"prt3129"	0.2399236854962	-1.20088576244506	NA	1.89136580424025	0.275085079026235	1.59377051420556	0.14561874780334	-0.172055490093209
"prt3130"	NA	0.401022599194779	-3.65679189438662	-2.63922445639636	NA	-0.718326344760049	-2.20879527747877	NA
"prt3131"	4.19439662053953	6.44287340056988	2.29523872157033	4.48893196984113	6.87918596685367	4.60985246221639	2.49520714279448	NA
"prt3132"	5.06895553195752	3.85189324716089	3.14291144354163	4.4072172198634	7.85617268059297	-0.0773102857478714	NA	6.06044520246143
"prt3133"	2.73964950977682	-1.51153096552635	NA	0.28406534994981	1.45502249395192	0.532758072229716	2.71826991935466	-0.982324658827737
"prt3134"	0.422298166242051	3.3843121013749	3.17976181132536	0.616058393233804	1.9660744499033	0.956271297029393	0.802576595545634	2.74239262791816
"prt3135"	3.30119043083895	1.66113664839243	1.03243871396973	3.14280305318972	0.0513520715739036	2.93633823665725	4.12696366828628	2.51906458877864
"prt3136"	NA	-2.44147350369436	0.500650638843453	-1.22621747011851	-1.29385697191145	NA	NA	-1.5600514611459
"prt3137"	0.986121735934418	-0.666192048756753	0.427479982773042	-0.242477737751703	-0.0346813994913767	-1.8426915898562	0.118094590530116	NA
"prt3138"	2.45166473044039	3.30140499067099	2.94007997213554	-0.621233457574125	NA	NA	-0.211717616655609	2.31021998914457
"prt3139"	-3.10421925955981	NA	-6.50702187536458	-2.53038775508393	-2.26810469414761	0.19278957356168	NA	NA
"prt3140"	2.50893496849416	-2.99423331912785	2.18065480945936	NA	1.6064988299021	NA	-1.93683786952408	-0.0611225765911674
"prt3141"	NA	-0.0335718775243319	-6.77689902421473	-4.63712666725399	-1.23787399186069	1.37169445115814	-0.986229650385806	NA
"prt3142"	3.7820884765068	NA	3.39696922854846	3.85507767071714	3.52173827653025	2.64813606227332	1.36783979643303	6.27180004953649
"prt3143"	1.54065327645258	-0.0773876368092903	0.49929526742553	-0.667106076104716	0.545895633902487	-0.423592881007643	0.406455223182429	0.336727124144242
"prt3144"	NA	-6.04363345228046	-1.19486888272427	0.105269014250995	-1.11761503709186	-0.816543945665127	NA	-1.88958564266699
"prt3145"	-3.43931917935056	-1.35287138246301	-1.01282367086274	-3.02978827395086	-2.14840163211127	-1.33554428247117	-1.47611340638787	-1.87278009900047
"prt3146"	-2.67140874964447	2.50305944119401	0.0443456859027427	3.55632599649131	0.91753727795985	0.608275225218886	-0.718223252119052	-0.956086380577125
"prt3147"	3.08814941609152	1.30270277685856	-0.349651540313041	2.02665166156024	0.0269583591687401	-0.588000952341905	0.0193703773964948	1.39826685449751
"prt3148"	-0.416427776814176	-3.30321896420486	-2.67348369617965	NA	NA	-3.58666254634812	1.98439748051578	-1.38152865499577
"prt3149"	0.410307352043762	-1.51376470589333	-1.94388945718234	NA	0.213605117240645	-0.55286511265486	0.90110999028262	-0.426896199496437
"prt3150"	-0.771156753229549	-2.04455713900903	-2.1889084417643	0.440066349745113	-1.40130415864691	-1.97605041081074	-1.52373528105437	-0.285441510739257
"prt3151"	0.988512072974512	2.74791067032108	2.66571382234252	2.24583611981733	1.75920972761682	2.9815409179611	NA	3.60798767201968
"prt3152"	NA	1.00561094419893	-1.14446414459737	-2.30093990125085	-0.814459218314799	1.8870043186141	0.0878524684438513	-0.161686092365107
"prt3153"	-2.32199963726547	1.08426594448346	NA	-1.0801089749275	-0.451493654914328	1.2316531888584	0.106831451255196	2.21343258657726
"prt3154"	NA	-3.44987502318777	-0.464859708915042	-1.20743617460651	-1.24004869658327	-1.34808848213696	NA	-1.24457503336403
"prt3155"	-2.1592218124238	NA	0.35491156837193	-0.457195405494821	-0.658484026908839	NA	-1.1143263784613	-0.722742973773561
"prt3156"	0.0632729599404816	2.58727073178365	0.540354822923892	2.87294221835523	3.53563505854476	1.4427970330515	3.0402510466165	-0.00724479367836761
"prt3157"	4.71911799785435	0.10215677250284	0.529692333093458	NA	1.21253524317819	-0.306583583272417	1.89857469858956	NA
"prt3158"	-1.47327652735596	1.23753597415963	1.23413912971671	-3.66650259692004	NA	-2.05227815065802	-2.35396686311168	1.81027281694461
"prt3159"	-1.83587897872949	-2.0729463702605	0.0559601193284467	2.80421270662463	2.94918304557913	-1.7516547794237	2.08984453908442	-0.812948718856063
"prt3160"	1.54002492852568	0.113990781342958	0.2469188144772	0.142272009738466	0.777191615234438	-0.467429800476864	2.46536961843609	1.13167062808885
"prt3161"	0.141754700813265	0.28309290778576	NA	-2.02529405803303	-1.32185058674277	-0.744584525951037	-0.128142127046894	-0.719262447829872
"prt3162"	-4.41185882765283	0.76759057739119	0.778332851791567	-1.45038243657318	-2.02345111815757	0.989913211563104	-5.19607699188765	NA
"prt3163"	-3.74486160831542	-1.56536965637448	NA	NA	NA	-1.95120889691931	-4.65720143182953	-1.97714139814723
"prt3164"	0.383744057934007	-0.96574291307325	-1.99140100404162	NA	-1.9770088645267	-1.0834549343787	-1.04323331999293	-1.59140782305391
"prt3165"	NA	-1.3448703673714	-1.24100387962907	-2.81611227390129	-0.491376043842286	NA	-1.49437969976326	-2.11839497227329
"prt3166"	-1.60087638666874	-1.88925653731152	-0.146400815459784	NA	1.54237413337838	0.673241949299407	NA	0.649201494870349
"prt3167"	-2.30728326747812	-1.65546084413074	0.742330653959794	-0.230917806472417	0.610279844411023	0.695323315514788	5.36635817836088	0.240178784590481
"prt3168"	NA	0.530857344290222	-2.72570470866591	-1.07250477949625	-0.99423985706474	1.44579260323783	2.65143367021217	3.12986064708577
"prt3169"	NA	1.85287007602894	-2.05633172539638	2.23618739211396	-1.06550316173076	NA	NA	-2.44956958027921
"prt3170"	2.86460951344734	1.61761086041482	NA	2.04189377149969	2.67193945742402	2.39402800353978	3.73430935630357	1.5495724618454
"prt3171"	NA	2.91560194152889	3.99961498444684	3.08659538959951	2.8229453634756	1.61758621729562	NA	3.68219049183973
"prt3172"	1.09535355170721	2.60500515085432	1.78304140495006	-0.308298439224559	1.75310573897835	NA	-1.86829850272281	1.04730223866241
"prt3173"	2.66641509760082	3.06783704045084	2.61877131960597	2.95636708391906	4.22699017304968	2.88129276408736	2.61371706454861	2.6934121575522
"prt3174"	4.66313369692645	NA	3.37501030114848	NA	-1.27936885868955	0.296467898928674	-0.458502144680898	-0.774331157734425
"prt3175"	-0.476351865016952	-1.79263483333747	1.19088707453251	1.1449005226019	-0.62581378340388	0.330593345074905	0.398542212287176	NA
"prt3176"	2.89070038655069	1.74029239742499	NA	-2.3579909333632	0.761920496349701	-2.72322116538828	NA	-0.543757911023642
"prt3177"	-0.532362193951795	0.52995003272352	0.104058257796027	-1.09757885973478	NA	0.448246660366474	1.03168922369839	1.96007587861906
"prt3178"	-1.13629748826196	-1.11583871848226	0.340114684357026	0.27618042328492	1.5263121801464	3.51534683267589	NA	1.08351983518563
"prt3179"	1.9844594146135	7.67741706740327	4.62788621816781	7.24981596092721	9.19351921619009	5.96614026106828	3.70908265737521	NA
"prt3180"	2.2005204686876	NA	4.25510556125049	4.99188465530957	4.30423034809811	2.36691476484591	4.07465709140044	NA
"prt3181"	-1.27424418670641	-3.03357654482192	-0.506423729664309	-1.2591793713292	NA	-0.637108035495834	-0.466528531779765	0.310395972207451
"prt3182"	-3.27550293387435	-1.05510067600051	NA	-0.860660784502401	-1.84658356057683	-0.657558859780361	1.50540894464091	2.04583427710332
"prt3183"	NA	-4.04270518593536	-4.86856979476584	-3.960852117367	-3.24042900570108	-3.56994023834681	NA	NA
"prt3184"	3.7328635946604	0.278295363870898	0.631155340340831	2.39503338027691	3.25965327395666	2.18650314324531	2.49334549643829	-0.325063732587763
"prt3185"	-1.85051759353364	0.690352448222968	-0.947441170990311	NA	0.862010356747344	4.90621062597547	-2.50818344353565	6.29654459373918
"prt3186"	NA	0.11415065208202	-1.46956402906862	NA	NA	1.09592244397086	-1.60494813738159	3.16890112948555
"prt3187"	0.160578873899905	-2.19345896761977	1.09374841387547	0.60304493786146	-1.84049033087348	-1.08353683056228	1.93820761447753	0.99209949317334
"prt3188"	1.93429062603311	0.702011522819318	-2.21385089045979	1.0213188730297	-0.307035522983033	-0.224176745466697	-1.45320993524618	-0.123080194629787
"prt3189"	-3.40068217681553	1.45406413027213	0.0737326405511672	0.599020267222826	1.66133213813279	-0.94208409886046	0.0457171818554521	0.0420776381457914
"prt3190"	-3.9169181202373	NA	-2.38058760111193	NA	-3.63734985056392	-2.03563029052101	-2.37061681252346	NA
"prt3191"	-1.98112337112099	NA	-2.034762926007	-1.86145830357001	NA	-2.85883994357893	-1.43062803223634	-1.54341382646501
"prt3192"	-2.54508236994908	NA	-1.94450343529871	-1.39060568054573	-0.919124042785037	-1.95948699823206	-1.44432924977071	-0.559259868410394
"prt3193"	-0.694039828725137	NA	4.30649184650476	NA	0.64984488937984	-2.43609938825199	NA	NA
"prt3194"	5.87251796751336	NA	2.1866550461762	4.37324224562389	-0.378193241844938	4.23083858082024	5.59901094499308	-0.632466349124459
"prt3195"	1.21402767181255	-1.42417164457009	-0.783060365838218	NA	-1.36877015282056	1.0709860735273	-2.300519140944	0.325948160962996
"prt3196"	0.626988295953976	-2.87474316671994	0.50456213863492	-1.86758067846454	NA	-2.77492984871611	-1.19131563931915	-2.7551243829734
"prt3197"	-5.95936663173648	-7.25657034030279	NA	NA	-6.09309016892547	-3.33025285552015	NA	-3.53935943484625
"prt3198"	-1.01839671855685	-0.567797996100271	1.19767820123616	NA	-3.61122343492258	-0.375757005529228	-0.698962188246991	0.894711883094169
"prt3199"	NA	-2.04522383670812	-2.79437574786638	NA	NA	-2.48660171186415	-2.56581372847484	NA
"prt3200"	-1.83959669241614	NA	0.0832983706143905	-0.778224117728879	NA	-1.61791191221016	-4.43405740301739	3.38245067322411
"prt3201"	2.99871156611875	3.65080001917917	3.49566555798186	2.80682461008957	4.5796574621648	2.92868421068132	1.08658246043863	2.8527531379141
"prt3202"	0.475258913631724	0.658438535226927	2.86760216517364	6.84219407035949	5.67860601675183	2.45001416175039	5.52033517853027	0.668828658426426
"prt3203"	-0.0359676752866502	-0.168429199832412	-0.142833312372587	0.218861964908511	0.92211378911092	NA	0.259222628039583	1.31851638024121
"prt3204"	1.26855538704239	1.63715924067045	NA	-0.984474502116155	-1.57266846670387	1.37443717211591	NA	NA
"prt3205"	1.9753343644254	-0.330989624643078	1.38044545302649	2.22126236242762	NA	1.62999002493451	1.04575823152687	-1.51403243918087
"prt3206"	2.10618716669404	4.52242936271742	2.54551137774302	1.78556941689834	1.51440119562747	4.85670358347144	3.46853051288257	2.59647333962336
"prt3207"	3.67670617596279	3.48298288383626	0.640327270919955	-0.506844942984083	1.99612744318276	-0.416084349052568	0.562000797953756	-0.164772849027144
"prt3208"	2.37579464344257	NA	NA	NA	1.1374801634686	1.56449036506385	-0.233928797407725	-2.61341705018653
"prt3209"	NA	-1.31812075894333	-3.24873868469605	-1.27493666312598	0.329352764377092	-1.69657960885787	NA	NA
"prt3210"	-2.96333596655754	-4.44004387914754	6.25743959511765	-3.44216323034375	NA	-1.31110389017206	NA	-3.57744721595021
"prt3211"	NA	4.36176044674681	4.46027837452209	3.18609270640104	NA	2.04278278442533	3.29892736269706	3.73324676471889
"prt3212"	-1.88669966377092	1.43620404861377	NA	-0.988829718639229	2.20400264989569	1.83767074880768	NA	2.30708464669947
"prt3213"	-0.646045104830048	3.31323286704709	-2.2461984876788	-2.62306373577541	NA	-0.448644005918633	NA	-1.21534328225214
"prt3214"	2.79636608263468	4.46674525434987	NA	7.45646240390632	2.91983683635702	NA	5.78078074488737	3.80621677456979
"prt3215"	-1.75820578029308	NA	NA	0.280690913476504	NA	-2.19651846820865	-3.26478558275462	4.76103386652189
"prt3216"	5.4997281817472	2.90517383843927	3.48164537961638	6.1129985397515	5.32689195147672	2.77438916666254	3.50170978510265	4.56376849561094
"prt3217"	3.08355138222423	5.06392627026335	1.62178041189727	3.2774932682457	2.58604013816961	3.06798752095859	4.83373329935073	-2.02002811561269
"prt3218"	-1.4734103172493	-1.24354596578425	NA	NA	-1.59565439565685	NA	-1.54477098123762	-1.01160208390604
"prt3219"	-0.19789829735181	NA	1.67660254739353	-0.73358990162706	0.260825249774427	1.17386058284234	-2.58335582845939	-1.64094620984472
"prt3220"	-2.11219344261261	-0.441383085257412	-2.1422623309319	-2.2985437119442	-1.05756643203653	-0.507861771781829	-0.786989564988959	NA
"prt3221"	1.40494156799782	-0.84883855872915	NA	NA	-1.19455386324004	5.67143682331347	-0.69158790879538	-3.99415180350349
"prt3222"	-2.86344569667278	-1.46109531828299	NA	-2.04451215651242	NA	2.15463694355448	-6.543586583172	-2.63179151029662
"prt3223"	0.917296582580177	2.13337935174697	3.0622465479946	1.97818395557992	0.666902886275541	1.65298332270286	-0.58469971726308	0.0798091921934616
"prt3224"	-4.40972350908853	NA	-2.31582161096295	NA	-2.02447442772663	-2.17814371410199	NA	-1.17200627542497
"prt3225"	NA	-5.97657923383506	-1.89390751034394	NA	NA	-0.947327817084869	3.93106054638456	-0.549628544635236
"prt3226"	1.99040853439403	0.131889541967169	3.27806470130976	1.73262381363361	2.52733036411291	3.65937997118304	1.09077140214982	1.78885631826752
"prt3227"	-0.649032246728657	NA	1.58836058513241	NA	0.762510017951612	7.29367724442685	3.58375423256585	1.47388556861193
"prt3228"	3.53553112460911	7.4214351769867	1.38783428807707	1.778090492645	NA	2.65618640072607	-1.5902723426865	-0.326091755427086
"prt3229"	3.79568520391361	4.64744727937362	3.14742031143194	4.77678707924346	3.52859951746042	2.83131780565473	NA	2.51206084206585
"prt3230"	1.79019137886181	-1.56871550764318	-0.287486028045194	2.14066792796692	-0.770157956993586	-0.689631849643351	0.90581905826282	1.42314209518706
"prt3231"	0.866052874642362	1.50407109089872	NA	-0.775602513607924	1.18486440964653	-2.45978429481664	-0.746366002375861	3.12927089938896
"prt3232"	-0.312803496865026	-0.0266245680377428	3.39166272645498	0.0460211605154485	0.669651178878046	-1.17103948625304	3.26336771711766	0.829238678063716
"prt3233"	-5.27664230834172	-9.54107463197579	-12.2373967644319	NA	NA	-5.92257737998401	-1.13424096685506	NA
"prt3234"	-1.2827833822734	0.646689463825029	2.52584558957769	2.16050462564987	1.33690261768715	2.30443820431963	-0.736137665919037	NA
"prt3235"	-1.66107205409313	0.661096448853786	-0.119259092710245	0.362822766280509	0.95177182780006	-0.564036903095817	-0.989425780082557	1.0610702832568
"prt3236"	0.735924754982542	-1.06229849218725	NA	2.47129434377199	NA	-1.52611809124113	NA	0.160886662769862
"prt3237"	-0.14278231571616	-1.46609174321721	0.25640132510733	1.21021978924061	0.502994671798804	2.0800854682824	-1.05583755819876	NA
"prt3238"	NA	3.18001762886943	-0.204886526456125	NA	NA	1.02719743346287	-4.85709671209313	-5.73538162953961
"prt3239"	-4.09174871790852	NA	-3.70721489273051	-3.71521234385401	-2.05227814563484	NA	NA	NA
"prt3240"	2.30189644533354	2.1810345008212	0.598184889380021	1.27635635170217	2.24050861069836	NA	1.13346842757001	2.74918750555379
"prt3241"	-0.298278080569206	2.00410250819481	2.71362185217975	1.29761659625577	-0.0690153874461096	-1.70803185720424	1.06058757365775	-0.769858561407484
"prt3242"	0.571470935709462	3.02551405901153	NA	NA	1.71999443571105	-1.51529193854662	-0.00674586169066987	0.729799549597225
"prt3243"	-0.189212917131362	NA	0.904946113352882	-0.951043555133519	2.01617720681485	0.355760735070116	0.218859096483918	NA
"prt3244"	1.66201094045702	NA	3.66350654549825	4.1540181504871	3.47287391743309	1.29457207885186	NA	1.73159740606659
"prt3245"	-2.64969640339709	0.0201838331730036	-1.9576996129704	0.137394458599422	-1.74107537543021	-0.657383915521949	NA	-1.7300156496527
"prt3246"	-0.200454223039009	NA	-0.743632361453669	0.533837992599551	-0.932630152654662	-2.26801726967347	-1.75312566064079	-1.11441428017857
"prt3247"	-3.6393220143193	NA	NA	-8.14493224047732	-2.67657265551878	-1.53186145475087	NA	NA
"prt3248"	-0.280575275485263	1.27274128308643	NA	0.0955862125837139	2.57282278485606	2.00825142081409	4.37302381605267	0.613927698304618
"prt3249"	5.43831031966351	3.71170629336611	4.1568930492759	6.00642928325732	5.39838972623131	4.43178372789054	5.50490326821001	4.66439599472008
"prt3250"	0.310483033924303	-3.92669096035083	NA	2.184425613625	0.523775278981743	0.706008078512477	1.89993451889799	-0.588381642073057
"prt3251"	-0.980919828363361	NA	-0.46289275897245	2.92797688913599	-1.70925166688855	2.23536694959187	3.68254914448798	0.18267992868628
"prt3252"	-1.80930216417633	-3.71926342471252	-2.08674232075262	-2.82989548928554	-4.17504227174314	NA	NA	NA
"prt3253"	-0.146411727518378	1.10854090361287	-0.0791260128562724	0.330456038784631	-3.99428479992144	-0.306908767099425	3.78608004419988	0.95494546218023
"prt3254"	-0.918180802076336	NA	-2.40685171782346	0.52679030764561	6.22569951921311	0.173494262645314	4.31363867358157	NA
"prt3255"	9.09462465365339	1.52019298302536	1.15681917669858	-1.32473432065441	3.59338279126341	2.024523852292	NA	4.54800646633011
"prt3256"	0.346888286968884	NA	0.842343321371594	0.0283188432512047	-0.279213359934972	NA	2.27301127452068	NA
"prt3257"	0.222421994870476	-2.02324446769026	-0.422654399793426	0.580956848430875	0.825601894179326	0.000853078534229779	-0.244917254577395	-1.17270287638022
"prt3258"	0.963395263294283	-2.67808425513856	-1.19575924617274	0.685495219252919	-0.999593148119775	2.97862638603762	5.05856684034593	NA
"prt3259"	1.47961225712536	1.00730446230264	0.743613006801829	2.32530373250758	1.27023051179487	2.52120130349209	1.84540578195615	1.11992668218491
"prt3260"	1.3421464800693	2.07311429827772	-0.822560967752043	NA	1.41765683363621	0.480225587231675	2.03881653966135	-1.84997518781616
"prt3261"	2.18870583992765	2.84441466350784	3.25744769257071	3.41276483926566	2.61528181124101	4.44625496810421	3.68352510535581	2.13928457694415
"prt3262"	8.40100550457049	-0.345227580994528	5.2722647201041	1.01586639497051	3.46311245339444	-1.64609562411281	4.43957657900595	-0.950328741677694
"prt3263"	0.795196427955478	0.014633128606536	0.836509518693428	-0.410688053697019	0.51376301642368	-0.310006279684576	-0.587781367952622	-0.151428826360067
"prt3264"	1.91405062897191	0.455444619561365	2.78711436319918	0.114963781504402	NA	NA	0.4706947479759	1.68263258664243
"prt3265"	0.137664896331151	-1.23269123939422	1.94177504428425	-0.0688922569196506	-0.87052290211461	-0.062613333548182	NA	-0.32829170161129
"prt3266"	7.32923675805702	NA	NA	7.64972737047059	5.42461573702781	6.98518412933032	8.40019790648507	6.62540124904136
"prt3267"	-3.06037180199052	-5.60082222796103	NA	-2.43905419929785	-2.70448918457795	-3.15433807300706	NA	-4.76654910782964
"prt3268"	1.01034602354833	2.46120509884124	0.186171597008994	-7.45355650043848	4.17774211792159	2.37251009337189	NA	-6.592829085703
"prt3269"	-6.03130158500434	-3.94322144859668	-3.07628449711394	-6.95113143042378	NA	-6.2421724792649	-3.65901863889639	NA
"prt3270"	0.67128872966429	NA	-0.120591905984068	0.418696476060277	-1.07897271011148	-0.141812481705876	-2.05481619065122	1.16869543827585
"prt3271"	-1.19594856736956	NA	-1.1710260354288	NA	-0.847666997182245	-0.327486294229735	0.28400981324477	-1.01923403715051
"prt3272"	-3.06016974886312	NA	-2.60566735791297	NA	-4.4843338686318	NA	-2.54145969833845	-4.45744949546803
"prt3273"	-0.537634321299209	-2.45174953885437	2.06898451300001	NA	2.10966056647916	-1.61156027584321	NA	0.611165590288616
"prt3274"	2.09508972041243	NA	4.56487734053859	2.96812261330878	4.0606434204128	4.35171274042299	3.66551864177704	3.00653637996331
"prt3275"	-2.02814086948438	-0.878934600612812	-1.33572287331655	0.297785288192185	3.23958080339718	4.13801183871189	-7.11202541536266	3.07783531843199
"prt3276"	-2.09877182174323	-3.1995806142015	-2.69289388458977	-1.96771134981453	-0.832739606667608	-1.0824432804136	-4.82366153778976	-2.39622560141391
"prt3277"	-0.250248692720817	1.56597162804201	1.1776925461154	NA	1.18903019151476	1.67332376065314	3.46397482466358	2.72724212825391
"prt3278"	1.60572329982501	0.651400681563474	-2.26680684857156	2.00397849334475	0.346445695293385	-0.201126349159247	0.575526785434958	NA
"prt3279"	-0.453489048452355	NA	0.966959997738709	0.902475287637222	1.22593663681703	1.19155282258039	1.41805693847908	NA
"prt3280"	6.22735383531751	3.86220307311218	NA	2.77803012528067	4.88929802565535	3.92324685981514	6.14843073875332	-0.314563697834958
"prt3281"	1.70635605341199	1.86283676310479	1.44480699474959	0.919518108960061	NA	-0.570842128685039	-1.76163765370552	2.36645706388606
"prt3282"	NA	1.83066649907392	2.8737000602659	6.9521197510396	0.525320494276515	NA	3.72642175649305	1.10476817980794
"prt3283"	-5.55582284520303	-2.81076851190378	NA	NA	-5.02128966585601	NA	NA	-3.28087518021455
"prt3284"	0.693894648636247	1.06628918012573	3.23455834212259	1.59619649248746	-0.0861539318774156	2.40540222251415	2.07810064698085	1.08352464207062
"prt3285"	-2.48721487447002	-1.14887417910308	-2.98142312477177	NA	-1.95015303470138	NA	-2.6142791059822	-1.43186330772937
"prt3286"	0.165006444215427	1.06091622713218	2.97222998897391	-1.93270013722843	3.95886253277706	1.61951660627002	0.340277965111152	-1.20250258121404
"prt3287"	0.315608870337013	2.05315787170143	1.45173504209024	0.524992809220019	3.7312857834005	0.771154113614812	NA	1.77601134800475
"prt3288"	-0.945834524990726	1.84588383494109	1.8664994001134	-0.0108099199853926	-1.01918256610473	1.0147061431126	-1.70453314616344	NA
"prt3289"	0.257107187540602	-0.30663011457083	0.145109057733376	NA	0.165997893291328	1.08448372041239	0.699361051336281	-1.53233234281956
"prt3290"	4.49690801790501	NA	1.61910767601628	-0.986483836174307	NA	1.81543519381584	-0.66483461756966	0.230611911607145
"prt3291"	0.0961542104599922	-2.14257636272195	-2.0775937599117	-3.46566342337517	-1.3301931852369	-0.5760671749594	NA	1.24896550536795
"prt3292"	1.26568989221242	-2.71790988449375	NA	-0.602280927264664	-6.15693955559221	-6.32020010732283	-1.18393063211843	NA
"prt3293"	8.57244911247169	10.5556087598917	6.98751279662961	5.44234604029975	5.60821900246708	7.98190608016653	5.86662616901822	3.60009234936419
"prt3294"	-0.707434018758062	NA	1.36352374836056	0.582306818610209	-0.782671500879403	-1.02017004780547	-1.18668303219668	-5.5117723124673
"prt3295"	-2.30248741149021	NA	-1.82664377231758	NA	2.66467131634984	2.3428175183447	1.31633168777889	-1.03917225060084
"prt3296"	4.02224098911776	1.44464917851971	1.77904045579659	2.31980839311121	1.58767560662453	3.34911988600051	3.75532363454637	NA
"prt3297"	2.16137361492692	-0.0482551553881327	5.75595404496752	NA	NA	5.50303224199487	4.43492699224034	3.55993163481769
"prt3298"	1.50380820116003	1.88133702298007	3.06106099038544	3.89408622280148	0.983343491476875	2.25642749011137	1.76903742019736	-1.03232687980096
"prt3299"	4.1078226080131	2.15694925802792	-0.839525261088752	7.00632900210924	1.39178873070548	7.8966495560224	6.62895973736187	3.7300408611269
"prt3300"	6.45801404093463	10.0946044982701	NA	4.05700286566372	8.56978231600225	5.62776134230763	NA	NA
"prt3301"	0.474735564404208	NA	0.846779280643139	-0.854344945139059	8.74338937145939	4.00892140196584	7.27957380192352	-1.12692152756377
"prt3302"	-0.0755985804744432	3.85583314396854	NA	4.64258012353515	-6.16674178212077	-1.78391225414808	NA	0.59879343496707
"prt3303"	0.505606588973904	2.38349959584791	-1.13099093277078	NA	3.63666327966862	0.468753589668823	NA	NA
"prt3304"	3.72640003261633	NA	NA	3.58837657103844	4.10262292247992	0.232151358300661	3.22954290863499	2.6853015566262
"prt3305"	-0.989382570157255	-1.57876041972346	-1.68731657471382	-2.68761152131659	-1.50090399885456	-1.79453535412451	1.32038085071046	2.84894723452718
"prt3306"	1.94559716262849	2.59163500047893	2.84012685731606	-0.84087289704715	3.3748053439084	2.04093862458048	1.67912970773446	-0.38027998749842
"prt3307"	-1.08710351152184	-1.31239689296752	1.01273586127651	-2.22356710446679	-2.10794435536839	-0.302781559330146	-1.94714379972195	NA
"prt3308"	1.42716374954975	0.972290584718428	-1.42981865801342	2.30581248239614	1.1814445084432	2.25314894047148	4.9635498452061	1.77758556087329
"prt3309"	-5.55944037190872	NA	2.48680488654476	-1.29523946038269	-0.665949223750653	NA	5.37232902499688	NA
"prt3310"	0.846267253248848	0.509550411690078	1.54595773558288	0.688131938428783	1.22837692942642	0.247087156818185	1.41967870086663	0.51537071479049
"prt3311"	0.760360686698023	0.635287633614821	-1.56165120960278	-1.08881221009231	1.07429151537691	NA	-0.19814462504855	-0.628701338601631
"prt3312"	1.02654301011916	1.16094758419751	NA	0.030337356610186	-0.437768047600632	0.956617393002229	0.159481549168656	-1.93903388649927
"prt3313"	-0.530901680982473	2.89394709657963	-1.55152037864401	0.711755618689572	0.737185270040387	-2.46963143562156	-1.16082927021388	-1.64859868621158
"prt3314"	-2.40723959047627	-2.7092076889568	NA	-7.53002704445203	-8.61352415450834	NA	NA	NA
"prt3315"	0.234936252356881	-0.638056840430886	-0.891347962278908	1.58850914983913	1.50925766178145	-0.831271670860344	3.02910128608088	NA
"prt3316"	NA	-3.5726659361622	-1.99840302551054	-0.731309911903574	-1.6816928377212	-1.98872704445978	-0.108339316477817	0.253711749862118
"prt3317"	NA	-1.80550914741101	-7.27380627346722	-5.9389164912866	-1.24481007892537	NA	-2.48933435426425	-1.62894250514196
"prt3318"	0.39164349468432	-1.32444817715998	-1.73927817801883	0.528492490152012	NA	1.7864611118322	2.82471841241288	-1.05043535553421
"prt3319"	-1.13894450953033	0.382990211758696	0.0541202349925135	2.08200600712225	-1.5188648954637	-1.18357891374687	-1.90822804027019	-0.929634374918236
"prt3320"	-1.05457533539002	-1.37977623118685	-1.52570810424706	-0.865848492188734	-0.302650290176551	1.29930388480702	-2.23192605320789	-3.16567189499865
"prt3321"	1.20301656199976	NA	0.511299231201973	-2.11947619934449	0.679967451814468	3.25441780039177	3.73487059009439	1.13370263287107
"prt3322"	-2.08886876813427	NA	NA	NA	-3.22426572942753	NA	-2.94036367707787	NA
"prt3323"	-1.73722695840228	NA	-2.41878583075839	1.01284021059589	-4.57322435914981	-2.25630066177749	0.0124880041413616	0.45896046358073
"prt3324"	2.5000839316505	2.50762284511418	1.28441103480411	3.87423103379189	NA	2.22528114072653	1.88091242851746	NA
"prt3325"	-1.21643781641243	-0.0309289772018446	-2.57889019579591	1.76409878364754	-1.73036409319179	0.669161289015939	-1.19465327375162	-2.0748933537961
"prt3326"	1.11066617017378	0.656032229884187	1.4894212442357	NA	-0.444234991698028	0.889817985130394	0.0558653509523915	0.165708908462134
"prt3327"	-5.48984057752443	-2.74108957814523	-0.556948349065977	-3.70713219861491	-0.887509852313896	NA	NA	-3.94233934092013
"prt3328"	NA	0.808044867312306	-1.81146067678283	-2.6014086096936	-2.29168799419999	-1.21634094027925	3.51903335079151	-0.485963827548436
"prt3329"	-1.79647508867215	-1.84236412139504	-1.72553010296512	0.013479715120545	-0.512522896530643	-0.747951407260394	NA	-0.876431211778867
"prt3330"	NA	-0.908737721377614	-2.86833345640341	-2.44032954955889	-2.45784730949525	-0.804594291815149	NA	-2.30455553752096
"prt3331"	1.01504836708821	NA	0.266493697746271	2.95367493613407	-2.22876696867356	0.165581949070228	-3.58971782524485	1.5733278071576
"prt3332"	3.7005472152342	NA	7.13761317988549	-0.262899749330845	4.4992484692877	3.21852633876703	2.84508858250909	3.67716879704792
"prt3333"	NA	-2.77062340435157	-1.07528690402602	-4.11878972095018	NA	NA	-1.11870627198451	-1.07947454302222
"prt3334"	-1.73080466158935	-0.903007897045398	-1.15440418268463	-2.23015559893651	-0.670542040562801	-0.068272325278846	-1.57844630499906	NA
"prt3335"	-1.94192976524912	-0.416302878047626	2.26732769965299	-0.811650122534799	0.16785944946607	1.52967682877763	NA	NA
"prt3336"	-1.22769029302352	-2.54339569852089	-1.33101591630249	-0.476360617321823	-0.0931390058533079	-1.19822249973936	-2.56122673798414	-2.35768353016746
"prt3337"	-1.60770951914135	2.94579601781714	1.18903788357044	0.833830352877936	2.88395178632224	2.26813427206053	NA	7.0418850369202
"prt3338"	NA	-0.0534832546585321	-1.42792781797234	NA	0.0312144009853417	NA	0.00693668984506124	NA
"prt3339"	-0.581744015097217	0.540023482639141	-0.0583790255346694	1.2412992607048	2.86171973734137	2.4559611745428	NA	0.151579474566606
"prt3340"	15.9562132832019	2.72186248304156	NA	NA	9.16138199317179	0.972629909184581	4.29245142807337	-1.73008695363393
"prt3341"	0.345852144311145	0.318400056411827	0.150666888999084	NA	0.215178734676341	3.40629146176135	4.29406886499903	NA
"prt3342"	NA	0.642756126664453	-2.43654322488667	NA	-2.8810157927762	-1.78673500760062	-4.25309503106419	NA
"prt3343"	-1.42288327967466	-0.774845888251618	-1.45231404705906	-2.24482937665087	NA	0.72137067550473	-0.193450462699042	0.43309675564916
"prt3344"	NA	-0.298570848811188	-0.738600037466629	NA	-2.09327081149911	NA	-1.67745807607588	NA
"prt3345"	0.17505868648436	0.570132685539165	0.826894026905379	1.00399659594107	0.673067551064918	0.675314278155515	0.340189208496752	0.794956825301172
"prt3346"	-5.50624958832026	NA	-2.47761876918203	NA	-3.73080881933177	NA	-4.24571709579639	-2.00116737524939
"prt3347"	3.9793194288973	2.31623889840406	3.75754315223549	4.15553250655694	3.63768615235326	2.310198264697	3.99063651747034	2.91530285222887
"prt3348"	0.878773872445843	0.370046315805835	3.2190017214082	0.32940818489687	2.89612993580874	NA	NA	0.808838332162028
"prt3349"	0.17211964456142	-0.709534853726494	-0.400269844078817	1.46695256034309	-0.839127476552086	-0.61315878796098	-1.22184806962371	NA
"prt3350"	3.81788058295072	0.765527357562191	0.581644595851026	1.03240146676251	0.528663601157207	4.22994679125956	2.78344208684907	2.61897082130042
"prt3351"	1.43770848945798	NA	-2.01963372020271	0.250683975709942	-0.254886675815612	0.149425092347022	-0.708031259689855	-0.852900132640226
"prt3352"	-4.48955930392401	NA	-1.7108697476673	NA	-3.78601456947238	NA	-3.88064287250794	-3.26766982783237
"prt3353"	-1.50205960481539	NA	-7.62964475006035	-5.1497897596821	-1.91072544169589	NA	-6.24785994385271	-1.91999972791071
"prt3354"	0.694118527339492	0.396488213648341	-2.10879864726498	2.76748883452226	1.55063989430646	-1.82308424286874	2.06243746308423	-1.63714094387753
"prt3355"	4.95416825776479	2.26023307973834	3.45191788871798	3.76261840906883	4.66018118059022	3.15190114609677	3.39970040668281	2.21068472349536
"prt3356"	-2.11425531836837	0.354045924577397	2.52968792458571	NA	0.695102231108645	-0.540575119681028	1.34759037784217	NA
"prt3357"	2.00977041345545	-0.535346853275628	-0.543793595027467	-1.67564911216179	-0.641419679249933	0.176983955672517	-0.0895706385954167	0.230310376052979
"prt3358"	-1.21741156002615	-3.94568079691335	NA	-2.08797910438844	-2.33547692981221	-1.9906857636407	NA	2.01954403850617
"prt3359"	-3.09245150940681	NA	-0.843412229043723	NA	-0.286272896853039	-2.63122739159958	-1.56934761788827	NA
"prt3360"	0.523198133353772	0.969533022850676	3.30616756122664	NA	-0.096413051557454	-0.964369045939947	4.08715048647799	1.94157614741836
"prt3361"	-2.09326456403543	-3.72677769171618	NA	-3.89626455620579	NA	-0.780996029671487	NA	NA
"prt3362"	1.98464928456996	2.91853101671954	1.02774065246631	2.99296374124323	NA	NA	3.98046061983175	1.98115735204602
"prt3363"	-1.27550480414594	NA	NA	-4.65931977116754	-0.143126094199772	-3.29029558542353	-2.11135751742918	NA
"prt3364"	-3.39496807059522	2.89677894521327	-0.771509387858065	NA	0.283267774299151	-3.30320957155665	NA	1.28702409457927
"prt3365"	-0.983361389512309	-1.13812481314242	0.636627939843146	-0.669379876640362	-0.276692856671445	-0.235310830306217	NA	0.424660087585918
"prt3366"	NA	5.11962167343312	4.82167024749574	4.14930377376326	5.06387052757909	5.48547707840673	NA	4.3295589092113
"prt3367"	4.09868644912026	1.67145466201492	2.17854646363028	-1.9424021953623	1.06796365602541	NA	4.05418879732298	-0.476982204856143
"prt3368"	2.91847574048702	0.774920585386755	-0.004331681436473	-1.03347697385574	-0.387703398360542	-2.27160335154659	-1.26494539621018	-1.03949207954872
"prt3369"	NA	1.46992001055436	0.237882895216774	0.967243012892149	0.849082237026551	0.639367526349598	2.75367937576154	0.134831981830446
"prt3370"	-0.304712479557301	2.84340508948879	NA	0.167119198548826	2.9698589670462	2.79487035062012	-0.491491256579177	-0.148914509660703
"prt3371"	-3.81410567428912	NA	-3.07430277595132	NA	-2.958007928385	-1.60818390042065	-2.74181023493228	-2.93315117060001
"prt3372"	NA	-7.08923321560491	-9.04001753963705	NA	-5.93166058430579	NA	-5.66381946882704	-3.01515607127592
"prt3373"	-5.95421215188016	-3.83777005091399	-6.9362071869474	-4.22461267994285	NA	NA	NA	-2.35208831887968
"prt3374"	1.5100037464029	2.47351339610242	2.64409463105092	NA	4.67452495868614	3.3192632796798	3.84188790626529	-0.0507909740057948
"prt3375"	-1.25582116514739	-1.80417870953565	-0.301286095061578	-1.43628262895831	-1.31944520244111	0.553133710423604	0.418514848379911	-1.93049476096936
"prt3376"	1.67950604797656	4.04746317514221	9.98812492684902	2.21795631402952	3.9708189719183	4.98320696433949	3.88471998633308	-3.56984567063386
"prt3377"	-4.96074881361803	NA	-3.36054139728407	-1.52535162391176	-2.35475678279383	-2.22449427927899	NA	-3.89022323541557
"prt3378"	-2.51712792899025	-1.89465450391206	-1.90589109963895	NA	NA	2.23627680023873	-0.319625864766544	1.05855087391207
"prt3379"	-1.19178929651421	-2.36877789248032	-2.13387287298911	-0.338041064262577	-2.66602527611771	-2.16451469920496	-1.44900705483525	-2.57863274825338
"prt3380"	2.72782240925061	0.913198682218879	2.41136787152257	2.12750701732838	-0.430917674306653	3.88618830013572	NA	1.63246880573655
"prt3381"	1.62865848232569	6.52468406568086	4.44368137435484	2.95403321212654	4.70912169531483	6.61406141640787	3.35429501796601	5.62496184916245
"prt3382"	1.62874941396329	1.91657974611579	1.64356013713488	0.556741163667801	-0.520249634716247	3.09189254886132	-0.878373351737262	1.8883703103947
"prt3383"	-3.8531285167633	-4.25508855706732	NA	NA	NA	NA	-4.31486989175923	-3.73372386906229
"prt3384"	0.741993187124699	1.1504950349009	2.33744798224417	1.98877153369288	0.47308060975749	0.245192826622887	2.60413730922854	0.938304045297198
"prt3385"	NA	-2.16186752209891	-2.56264685500985	-3.38870376257255	-0.919766954205498	-0.634121884867355	-3.11706205149388	NA
"prt3386"	-0.919571093431486	NA	0.173765626235682	0.666804555858849	-1.68655802214365	NA	-1.20273186074915	NA
"prt3387"	4.54365458973571	1.24974196450208	1.74680701926947	NA	1.62920344474649	1.11590363477861	2.3913647424	NA
"prt3388"	3.3221184689892	1.23540423079973	NA	0.767668404146967	2.97984732849472	1.70066789379953	NA	2.36852901292194
"prt3389"	NA	-0.342109497364367	-0.11942173321756	2.67241233146643	-1.11164302451582	NA	-4.52470825371289	NA
"prt3390"	-12.9009651021869	-5.88701230595374	NA	-0.769782597916809	-1.12974760969457	-1.03529979825694	NA	-5.64884117144562
"prt3391"	0.252683626838828	-0.970618690378658	2.04527936392457	0.871560174944255	NA	NA	0.01302406406326	-0.924027612277091
"prt3392"	-1.40368182294548	-0.356424405374556	0.550211844124536	0.125456066125437	-0.222202278443176	0.887079150696826	-0.634730222961672	-1.36146216755021
"prt3393"	4.26909256295565	NA	NA	NA	NA	4.33423308051408	5.32951015316463	6.44865683422236
"prt3394"	0.844820966710073	1.98897249728861	2.12053219784934	NA	-2.05116789473573	-2.58254132430619	0.616904730870563	NA
"prt3395"	3.1493286893259	2.82782045728155	2.78896877187625	0.887225557168238	4.65911497435057	2.11283397883656	NA	0.428544400262038
"prt3396"	0.630711002356823	3.35707302635176	2.68767986633112	1.15515071129251	NA	0.472374836590515	1.32234553921315	2.07127690382086
"prt3397"	2.34820425163051	2.94012399918404	3.14891501923762	3.75631202612688	NA	7.75153245985325	5.19661539536015	3.48630688973715
"prt3398"	7.01905539975352	6.95586065601675	6.65762055681441	7.48415038614859	6.44792192121647	8.02111188584351	6.48756842039519	6.3672375602938
"prt3399"	0.17784984971326	-0.656683143372496	1.29393792825592	1.33034216157695	-0.533734679654609	-0.57468255623516	-0.828280395277767	-1.02511484142717
"prt3400"	1.6612290314205	NA	2.15670890419023	1.4641233847682	1.08212487328168	0.81770326995062	0.83547637174456	NA
"prt3401"	3.71634975400486	3.23759465539326	4.22067784936789	5.07612381259935	NA	4.89135406440291	-1.30162579685802	2.68861762370927
"prt3402"	0.704249516276838	5.57916954274357	6.69752793224508	5.73279090054677	0.252274729073419	3.58308044506784	3.3276051426651	0.0378154523250253
"prt3403"	NA	2.28409566873533	3.0691869360875	2.15090415014761	1.90134845590144	NA	2.67051287770838	3.69779020422928
"prt3404"	-1.81295695339258	NA	-1.91761996024386	-0.735170263354743	NA	0.907779048885781	-1.81694952551115	-0.235618212651714
"prt3405"	1.72203817779452	5.73172579710396	NA	2.81671207032152	2.45383730523498	NA	2.85722309880942	1.66425949147208
"prt3406"	NA	0.861942588312197	3.38236802948439	NA	3.0440042126025	1.83616902302003	3.34673644984498	NA
"prt3407"	NA	1.95134028464649	0.800131987528612	NA	2.07601861515655	3.9593207196801	3.43348942335624	3.13930414659455
"prt3408"	3.89740658592978	4.43525682798609	3.4557361499746	NA	2.54634882235306	1.16763761061952	NA	NA
"prt3409"	-1.03814578358174	NA	-1.599935912082	-2.09836715931345	-2.10268990778465	-1.58745042193541	-1.06040139193838	-1.15193115475108
"prt3410"	NA	0.934218987933956	1.92358388358821	0.478828964841582	NA	3.00754698697552	NA	0.632701677347875
"prt3411"	0.0602546191268533	-0.122203620068706	-2.06300370958565	-1.43483374154828	-0.0144937353525458	-1.79636304136839	-0.579947790913076	-1.37439801866183
"prt3412"	1.12843133121201	NA	-1.80163684140047	NA	3.51327150396784	2.97010053316011	-1.07228950336286	-2.05791074730391
"prt3413"	1.50300611567227	1.38026224451666	1.50362081447511	2.56650044657879	-0.959158991872921	-0.887254262748398	2.54412479746886	NA
"prt3414"	2.91309506284375	1.02549259623789	1.55282564740061	3.50092366554577	1.46728238770924	3.12252053163776	2.10385645265858	3.67574504290606
"prt3415"	-1.01219996079027	1.10549682713174	NA	0.837652400182486	1.37868529697859	2.06925152845391	1.66206487806516	-0.256201591703408
"prt3416"	NA	3.76663131263509	4.75479981895835	7.18717057689589	5.11241533558574	5.73758655911281	5.47755334872774	4.92909282442019
"prt3417"	-2.90422501803768	-4.57764098937626	NA	-5.12860212406981	NA	NA	NA	-3.49221750274914
"prt3418"	0.893768059449721	-0.329704682451751	-1.7504531860951	0.629221989108477	2.31219392640049	NA	2.62874398650149	-0.553605578666281
"prt3419"	NA	1.2468200935475	0.321407487010517	1.07135448380184	-0.077371296981235	NA	0.163962304357516	0.993048279373437
"prt3420"	4.6229400506434	2.63131746322764	4.63828680466201	2.88925295579528	3.39676862761535	3.18894539924615	4.01009742349299	5.26997202921573
"prt3421"	NA	-1.6784779437998	-3.06746907645593	-1.16560494745944	-0.807863183742612	-2.27772791465431	-4.21061898976668	NA
"prt3422"	2.52177206955986	1.61119829131658	-0.116483187976142	1.04664670980705	4.92935642795832	1.31554880880081	-0.328199838641598	NA
"prt3423"	-6.13615847800947	0.206340645456673	NA	NA	5.72064879938437	0.886526905380518	6.63855471189374	-1.84274297823527
"prt3424"	2.6492391096482	3.3010325489413	0.42463723595812	1.83577972406469	0.454241792094942	3.56879132854662	0.0696514772523291	0.0101643498386613
"prt3425"	6.14691661840309	4.20469394971265	4.23616478216598	4.37395847621618	3.89313637634089	4.79115654339417	4.26878790947155	3.66103899657694
"prt3426"	NA	1.7242385470993	3.61697115661381	0.0334752533902707	-0.445655696828001	0.409280345938471	-0.881895051440118	1.05968448748912
"prt3427"	3.47722991990867	3.86636852754319	NA	4.7403681834228	3.6381430096971	3.97572740572051	5.57436042009599	NA
"prt3428"	3.66452422005541	0.283539234332549	0.573680804813342	2.28298865315402	-0.47206441409052	0.774014597878246	NA	2.0991322127241
"prt3429"	-4.63600408264139	1.78254103521719	NA	NA	1.29370606093536	-2.33360665010454	-0.736910217252614	2.56345571639023
"prt3430"	3.22645546435885	0.984272014969855	0.841681660108563	0.713627896138171	1.30890611660078	NA	2.49771572686061	1.66998510691929
"prt3431"	-2.11447080743468	-2.57315836958063	-1.23874292192461	2.63729839342823	2.44791108166529	2.81715265628625	NA	-0.324017766232339
"prt3432"	-0.513606174039169	-3.28496844557532	-0.839962144216432	0.644043789618998	-2.07228822040824	1.7902295600252	NA	0.99948978699409
"prt3433"	0.956160387900743	-1.28200006333714	NA	-1.0957417983167	NA	1.32641674004467	0.698473159367355	1.77237286514245
"prt3434"	-1.88860869744242	6.45741424460312	3.4657142826526	1.47489370917445	0.600250230144118	6.58040810656896	2.00211853646538	8.62607465060941
"prt3435"	1.29645428585907	2.06136209355547	1.32782473678705	0.553205082804146	NA	1.29016875345948	2.57809102927252	2.16228945737022
"prt3436"	1.36881958282056	0.743733786973683	NA	-2.2755636353614	6.61066672872744	3.78444100817512	3.76415197030808	0.57537846318093
"prt3437"	-2.34549501735185	NA	-0.904020646635239	-5.60907743119572	NA	NA	-3.09172352582772	-4.7609525862509
"prt3438"	2.250461903654	6.12740411235998	6.11381083532938	NA	2.70390800267513	4.58640639376309	NA	-0.488039270204753
"prt3439"	-0.534961186690247	0.759259024670945	3.96261889910584	2.34623784463699	1.87666576170345	2.23675013488273	2.25995016116639	1.76554604659842
"prt3440"	-0.856064865791786	-0.340738194873376	0.00591622203318937	NA	2.12028000053964	2.90582901873933	4.17043877514964	0.0787950574707438
"prt3441"	2.80514480564016	-1.10331561629088	-3.02812006823165	NA	-0.291525172090501	1.39899706047506	NA	NA
"prt3442"	NA	2.31471102341419	0.693725115458722	NA	-0.426439389100095	-0.376669189563561	1.14239656488393	NA
"prt3443"	-0.588729747185549	-1.83901350364314	-0.39688888609033	NA	-0.882845373503952	-2.50617360298251	-2.05755453077954	-0.0443336741512418
"prt3444"	-1.79875882436212	-0.0972342838071172	-1.16451915340642	-2.44635605376663	NA	-1.88158051462429	0.919522184912837	-1.83229575913991
"prt3445"	0.342160009230133	-4.04324579658711	NA	-0.0388555418122575	1.75159112020828	NA	4.13724304244668	-4.03116019218078
"prt3446"	-1.54177882849987	-2.38791020750664	-5.66723228631462	-2.59445553050049	-2.58000819337561	-3.78340790328051	NA	-3.50263351614585
"prt3447"	0.191084660091835	3.69335344550569	-0.259077772461263	4.31930455063884	4.88163531120139	0.672141585066816	4.33543503734159	3.0109453598429
"prt3448"	-1.8779223397138	3.24601030583602	-1.04162664938316	-0.410432353467348	1.47144737333717	-0.177585386258674	-0.716504673453241	2.61626683148476
"prt3449"	-0.0537830783857526	0.8403403783743	1.32479183974566	1.12334938568968	3.26402482300461	1.72072662325891	0.167404003846072	3.06263659088276
"prt3450"	0.121257981100122	0.311164155040566	-0.97783682156238	1.12320369749982	1.67198600273542	0.38671095956221	1.846403771518	1.67979206344791
"prt3451"	-0.628195804621708	0.830641356786218	0.812733273798873	-0.755822364376262	1.52362121760167	-1.17912378303745	1.02518385603059	2.89784631719168
"prt3452"	3.28134073579667	-2.06900674091214	NA	-0.0277135380014726	-5.41248462151013	-3.64199965489543	3.11779331354693	0.6533659846866
"prt3453"	-2.50564113455785	-2.05332673924805	NA	-1.00608387036929	NA	NA	NA	0.362810034265711
"prt3454"	-0.364194865838431	0.872956786536772	1.34379815726933	NA	-0.0133079273775978	0.00656515526531865	0.167404366964763	0.596779732446452
"prt3455"	NA	-0.746895032107441	0.268934629662389	NA	0.623059849470235	NA	1.86782069163789	-0.662420659980308
"prt3456"	-1.93450082031932	-2.29194423437666	-1.76100111190181	-1.64846798180593	NA	NA	-2.25457320728206	-2.1429308447978
"prt3457"	NA	-3.35188245734265	-0.420846353924515	-0.324008256956785	0.350722846805447	NA	-0.56619833631303	-0.514501399369315
"prt3458"	-0.637627751170265	NA	-1.41689335197304	-1.74503296608296	NA	-0.533616247740198	-1.6416836899989	NA
"prt3459"	3.16156973864927	4.35617225972037	NA	3.11504325861007	NA	NA	3.40276236825457	3.155293253842
"prt3460"	3.14764148359672	2.6165573480062	1.87598527752674	1.5500074771719	NA	3.47326145704753	3.35365292538678	2.53833917036371
"prt3461"	2.34711258823195	5.61140435259975	-5.5270738027729	1.84738283833708	0.216410387041734	-1.85892183172566	5.38874128220257	2.46215986307866
"prt3462"	-2.36976556865506	-1.67744866483151	NA	-2.07381826125334	-1.19208958872523	-2.1176939204998	-3.22889386058429	0.394940735587086
"prt3463"	1.50612333144362	1.19735943481235	1.32061318963394	NA	0.632089330220359	1.12666342410921	1.91197917542353	0.879059379630329
"prt3464"	0.742721154986202	-0.457871829970341	4.22270943166832	-0.569785623549012	4.03202910435766	1.01638252993291	-0.346271726979069	NA
"prt3465"	2.6248081253543	NA	2.19947418241805	1.39175617722891	1.8796452842614	1.4610690186201	1.45836513951208	1.7374618452271
"prt3466"	3.46696991204551	0.222186851856688	1.57699620129172	4.74955416224646	2.4984631019739	2.30296442378236	2.09891634139222	4.22583797102753
"prt3467"	4.71955765208304	4.09625621285392	6.18863114057631	5.20428208923125	3.57466293959527	3.12701482857582	3.734149822196	2.98671088431009
"prt3468"	-0.374459141383494	-1.23261838342287	NA	NA	NA	0.664355754812521	-1.58017103978975	-0.875188227291019
"prt3469"	0.199563844587502	-2.7506656197767	-2.20724292423745	-2.75029616683956	NA	-2.50664809861976	-0.983023642758811	-0.862066534686201
"prt3470"	-1.75266872798045	NA	-2.64672268066512	-2.25247203944606	-1.16765824960516	NA	NA	-2.04692809415677
"prt3471"	-0.933911669919518	NA	-2.15032341021739	NA	-0.248010698809194	-0.790933506575226	-0.448900870652157	-1.8099854015353
"prt3472"	NA	3.01249074517325	-1.39298254977907	2.62933862173659	1.13818320304041	1.91277486711347	0.957134391516782	4.02253013438808
"prt3473"	0.0215312931222527	-0.231233577410171	1.13128818456294	-1.41125597267999	-0.030989163078305	-0.649355582530735	0.963601185755509	-0.425045961579265
"prt3474"	-2.53977744985105	0.215343137509777	-0.335975277476225	-6.01516448283536	0.472941765146298	-0.85133009731948	1.27642336485986	NA
"prt3475"	2.09338684484701	3.62875974144393	-4.45673547547426	4.8564475365361	5.09177278011491	3.6469613395314	6.31683922856035	7.22004902224904
"prt3476"	NA	-1.92933148193465	-1.62404050889394	NA	-3.16607074976539	-1.5936368436438	-1.75393492806667	NA
"prt3477"	-0.849579560402469	0.886768699853372	-0.0620276411037282	NA	-1.24401373493231	-0.860258767917945	0.579074630360747	-1.35428443520115
"prt3478"	0.794423286446821	NA	2.50521461033573	6.61334464000936	1.80506502556589	3.8751311207232	-0.066752676000091	2.05886146086374
"prt3479"	0.665498076537206	-1.09875341497611	-2.26847834385392	NA	-0.28572422476336	-1.19793408292442	-1.04583094371351	-2.11685758799811
"prt3480"	2.7722924122986	2.85651479169232	NA	2.48039242210864	1.30753091214688	3.18181973677112	1.03269342559426	3.79260843190207
"prt3481"	NA	-0.0869879918151533	-0.433555840017904	1.80564792986076	0.580805017501371	-1.86659182944313	3.3760458384771	NA
"prt3482"	NA	0.477868602558549	1.58402577056044	2.14641705954442	-2.11523408378082	1.11989758520218	NA	NA
"prt3483"	-0.329285728923368	NA	NA	0.384882089314888	-3.83850999186935	0.780064025607141	2.48448080573063	NA
"prt3484"	2.79698992598301	NA	2.63873836936927	2.48570468579848	3.54624361283666	NA	2.36262974559671	4.24737827847403
"prt3485"	4.05659521199992	3.49762544493917	5.09784280887147	NA	2.70609373543363	5.43921116826837	4.86024871838449	1.77279225267914
"prt3486"	2.02120794674655	5.36412877311253	3.43209986274813	1.79382554174651	3.65241315627925	2.96396656790315	3.18053790205518	1.54231804489241
"prt3487"	-0.716520234744496	-0.164553363400888	-0.308659543671187	-0.311823096135301	1.54719580161249	0.5448081992887	NA	-0.284350302402793
"prt3488"	-0.62904885880258	NA	NA	-4.51348470753878	NA	NA	-1.36595395990372	-0.664912243722485
"prt3489"	3.82473263461321	1.76210281881724	2.56925286940389	-0.147145769354542	-0.571865168869419	3.57384805412955	3.80207031105943	2.99192182988246
"prt3490"	-5.00974991088545	-5.52523328844264	-2.06098713368601	NA	-1.44750869287106	-0.578968464320888	-3.27654896959247	-3.60215782395088
"prt3491"	0.0478227069244147	NA	NA	NA	3.63653382468594	2.15161304765186	NA	1.95233845320196
"prt3492"	1.18229130704396	0.528822755003289	NA	2.16463312022692	2.60974229324409	NA	0.689288358578701	1.96905206467645
"prt3493"	2.57007120772265	1.80975323568376	2.30161129993372	1.33257345609513	0.815577882480096	NA	3.00538587310111	1.52366800684786
"prt3494"	4.70217958180488	NA	6.44479467793084	2.28390028037223	3.66705447524527	4.22589138853781	6.78893109321567	6.9912516148886
"prt3495"	5.46267573339843	4.62956145107903	6.33999249090052	4.02942247749014	7.17286496048902	4.78670476250231	7.12721963073532	6.74380401183524
"prt3496"	-0.500462279960539	-1.4616463966264	-1.46573175402295	-0.741442698398725	-1.9507330215682	1.01138991504316	-1.28258319678436	-0.00517061100672372
"prt3497"	1.78428341340728	2.59374238501515	1.5890684846246	0.0206204790324261	-2.27728479127319	-1.0640839748721	4.18676368545493	NA
"prt3498"	2.54416532853431	4.25181262587065	-1.51378735010256	2.81680956209693	4.79435633110826	3.93605213558718	-0.203084035491339	3.40740674734281
"prt3499"	-1.55815850521761	NA	NA	NA	NA	NA	-2.32838957918159	-0.476402493209295
"prt3500"	-3.04448489915793	-0.936138829144326	NA	-6.70654260211495	1.19202669251594	NA	-1.56450309449002	1.81548648167205
"prt3501"	-1.11867843204335	NA	-0.582031018211164	-1.96729538165517	-1.1576131908057	0.869840115925573	-1.3968986312376	-1.45441249043844
"prt3502"	-2.80868315461488	-1.13456892323673	NA	0.299598290320776	NA	NA	-0.0962010850474632	0.546461404395806
"prt3503"	0.0687797641758272	-0.391248521705071	1.62388037296893	NA	-2.46799587201963	0.0998533796421479	2.4622368320085	0.679465996065498
"prt3504"	2.46683691995853	-1.85447182645484	-2.2049132601331	0.707507853925303	0.680940837457399	NA	NA	NA
"prt3505"	-0.158388330386994	-0.0343852504525087	-0.287773918580248	NA	NA	0.510055868256172	0.196527754638065	-2.02215009720738
"prt3506"	0.329678173242895	0.60879498946156	-1.54253605942772	-3.38638308871963	-1.97764474767465	-2.76270036331767	0.631436084148225	-0.515302006309079
"prt3507"	2.78541105402103	0.549484445307491	-5.03034268177916	NA	-0.790828602023578	NA	-0.47060546138145	-2.40152176838945
"prt3508"	NA	-3.74664045966344	-2.86818239580902	-4.97061104060814	-1.26712606936533	NA	NA	NA
"prt3509"	1.2971698254608	2.20887937181697	2.53681621173191	2.58393731978378	2.46548920419398	3.15007874803504	0.617403671206654	1.92921639975383
"prt3510"	4.33220077970689	3.30152652756027	NA	3.94823093379347	2.9576937663575	3.39032881004519	2.50241327925373	2.50021073171751
"prt3511"	2.14385006103947	1.95968671216806	1.44353147635731	0.0776746873467821	1.90580031956493	1.64726343182019	0.656936370535331	0.625707121848682
"prt3512"	2.60623497148321	2.51454861922598	-1.34558574658626	-1.84997838879221	NA	1.04784686389048	-4.22805235328199	-0.502609675462069
"prt3513"	NA	-1.34393225915529	-0.447466480374517	NA	-0.377017619568512	-2.61556236982033	-1.73408796414883	-1.4308966843335
"prt3514"	-0.559840671845176	-2.64183974723125	-1.49682505293469	-3.67244792749062	-1.24051184396327	-2.15873467118266	NA	NA
"prt3515"	-4.5521455156149	NA	-6.51539032027884	4.64252360758049	NA	-1.37484630715274	NA	-0.586846278741037
"prt3516"	-1.01163412074064	0.703747841027842	-1.57356370571262	-0.291025597378323	-0.447860937941011	2.03287647509684	0.629998119741947	0.882480645320046
"prt3517"	-0.664813148263172	NA	NA	-2.44440945743673	-1.79399316540879	-2.85904106476993	NA	-0.731189012535311
"prt3518"	NA	-1.21287895536708	1.06483137070809	-2.0279843206404	3.81847474282252	-0.244321937277112	3.46855201973841	4.09572000579914
"prt3519"	-0.305390426473992	NA	NA	-2.11659513050683	0.825217392377255	-1.47534076521602	0.495882141185515	1.18271647812534
"prt3520"	0.194359631820021	0.127143757281086	1.2340210725332	2.70216555872574	1.66800263031982	0.72482113830993	NA	2.28759184417791
"prt3521"	NA	2.0441538491581	5.26836630450339	1.86742779797643	1.28731647357542	-0.759590079691255	-0.372019841907798	0.919534362149998
"prt3522"	0.131529134677733	1.92870838769972	1.83879523030837	1.08504337903048	-0.442387268160076	2.80107922839836	2.45585302847883	0.288908780240886
"prt3523"	NA	11.094760196949	0.00992020318863113	0.199645074795995	-1.63898417917628	2.72385994836127	0.0091793089626433	-0.0355296466186397
"prt3524"	-0.748603018200473	0.917879875997094	2.32847868548102	0.807650490956815	1.33641588635979	NA	-0.871871672904702	0.540720945557162
"prt3525"	4.11667660279604	4.45671929262941	3.51560325145366	3.23335370265733	4.25767192964571	4.10449713726749	4.86993542078943	3.95985856935467
"prt3526"	0.123684304043037	1.86319059334623	2.26551486237437	3.41909145727961	1.44375355273534	1.23258921527731	3.63396098669379	4.34543631386235
"prt3527"	0.523175994829915	0.715123291732311	-0.0172215410045494	NA	-0.254746615355649	-0.0178041118103126	-1.84814570026607	-1.13125848916772
"prt3528"	3.52734642600984	2.18151930600777	0.781443110630452	NA	NA	NA	2.77945865530483	2.56610383765436
"prt3529"	-0.651929610521447	-0.0755660772247355	-1.45158703062297	0.451160987518069	0.236509129593471	0.283179227244252	0.497904571151776	-0.612896672334399
"prt3530"	0.088176466331406	0.70854799066802	0.804405470661452	0.821047973835297	NA	-1.31110332565976	0.220538412362599	0.916404954809976
"prt3531"	-3.15402273273775	-0.99080473215448	NA	NA	NA	0.585813382439066	-1.17176644281988	-0.87989391643244
"prt3532"	NA	0.126969333494603	-0.843174835884432	-1.1020287252264	-0.789780014742611	-0.728223851612999	NA	0.876641435385552
"prt3533"	2.38305493816939	0.841990898246276	0.0723251862161944	0.642082630296615	0.207769363072664	0.895607183526331	-0.530844008489243	1.67947053588849
"prt3534"	2.35417441586041	0.94282487316533	2.18696183671508	NA	1.28801863208794	0.506234976560964	-1.24958399534256	2.65022864143958
"prt3535"	1.80095145590147	0.373108326324836	-0.43151641084536	0.85262632609135	2.51845572658601	0.853904347517332	0.359672744610054	1.25924430829658
"prt3536"	-0.40613193076332	-1.40158441216283	-1.02079806897848	-0.371710317084962	-0.917725998073636	NA	-0.08210516698675	-1.18560627520906
"prt3537"	NA	1.1025628112161	3.42228518752829	3.06474974556644	3.61373833939769	2.16686001084766	3.61999585040853	3.61174554412084
"prt3538"	1.76414395299427	-0.169558357331067	2.04152260726869	2.70470503689365	0.279564525211216	3.34025840093448	-1.044065497233	2.14607473106684
"prt3539"	NA	1.6418287800271	-8.79891679710751	-4.66894996709232	NA	1.43974581710833	2.93983135427487	NA
"prt3540"	-1.05320515474489	-3.09479573116759	NA	-2.29303014519532	NA	-1.09269935263949	-2.77035382597202	-0.234500264263657
"prt3541"	NA	2.33963016786292	-2.06432944451999	0.0936695463577968	-0.255869698125673	1.21526880257338	NA	-0.903225193119861
"prt3542"	-2.30607656815602	NA	-1.08438363493306	2.70482479612196	NA	-1.82549514812368	NA	4.64422603610243
"prt3543"	-0.238582556157862	0.947196052026535	0.074623531042506	1.20409848779905	0.240731217468295	NA	-0.667118760929706	1.58367246173832
"prt3544"	-0.968060448828223	-1.80162610178797	-0.0494981894882858	5.02940639561523	-5.21090719539895	2.49457519309228	5.47386850572795	1.02905233781501
"prt3545"	-6.70659478885239	-3.91767520288754	NA	-0.458525464586912	-4.71851232290561	-4.2588121655131	NA	NA
"prt3546"	-1.91445531215725	1.8391495340333	0.229578358204097	0.0971440251343637	-1.49395978830462	0.402257044500437	-0.0597153359739045	-1.75367947705098
"prt3547"	-2.127895828398	NA	NA	-6.05610978939029	-3.63972307608974	NA	-0.287669004114945	NA
"prt3548"	-1.46719206506322	-3.18129211303999	-4.10861514270384	NA	-3.6047312930664	-1.39874464379452	NA	NA
"prt3549"	-1.50512764910632	-2.89273251428562	-1.94902763278608	-4.77729928760575	-2.1429427902902	-1.48348273040875	-5.37750860679308	-4.63218197459222
"prt3550"	1.08881665883105	NA	0.637874807414743	NA	-4.37573280648484	-1.5277305117013	-4.51780323354857	-0.522892592026986
"prt3551"	NA	1.29897759892033	3.39582485079663	-0.177149095740466	0.162503584322674	2.42155896090401	-0.529160497435286	1.56545197534493
"prt3552"	-1.76252641043991	NA	-3.2377378125533	-1.37667933680197	-0.935257998373826	-0.684711133576009	NA	-1.0235121572104
"prt3553"	-1.81882015138222	1.43831502269748	-1.61962422968363	0.429006611757137	NA	-0.311580042953352	2.28525670212961	NA
"prt3554"	-0.426327441287106	1.18482028353403	0.87395976232328	1.85055160923813	NA	-0.991356467107609	-0.291988622208214	NA
"prt3555"	1.61988792870525	2.43511952074843	4.19384755479946	1.1670113728052	1.89105194410319	1.19842622401335	1.34240683035437	2.89377995502669
"prt3556"	3.4180888223014	3.29622244819762	1.47366133131927	NA	1.54520484571848	1.70065732037035	2.61131183339675	5.20792395545833
"prt3557"	0.49924091527454	1.13681887971364	-2.5312770040812	-2.28393334648637	NA	NA	1.053827140553	2.20251188405921
"prt3558"	-1.67692304342408	NA	-1.78594684026352	-1.61479875413537	-1.21041145542224	-2.84568926788317	-1.75220334858482	0.995943593327494
"prt3559"	0.635904277095917	2.30092193956415	NA	1.84898124275895	-0.893635419479928	-0.139961313284301	-1.01687340528864	1.21228177994844
"prt3560"	1.47129895582008	NA	-0.751238305422465	-5.41439799371233	-1.24605873279048	0.703526072899031	-0.651278585465495	NA
"prt3561"	0.727946534962281	-1.44929735128758	0.498887040341208	-3.37493455548705	NA	-1.38947508149975	-1.97214658926444	0.0810710677901565
"prt3562"	2.70030832044162	NA	2.60561561941828	0.7150959062552	3.97781361840993	1.67242777582057	NA	2.43453753325846
"prt3563"	-0.42657741286327	1.83784738516065	-0.277940956417676	-0.204965841382159	0.0705495864407052	0.522191701463018	1.01052001122736	-1.34003222928443
"prt3564"	2.23814236815162	-0.0816566247190856	2.30357620814315	1.96988547031067	NA	2.40035535656204	1.06803654012922	1.29351954761501
"prt3565"	2.40435133113893	-4.29858670851224	0.399316688464816	NA	-2.20678507419649	NA	-6.28619057512949	-4.4349656087597
"prt3566"	1.5510884081273	-0.542188682225006	0.764214056809753	-0.146668249145684	NA	1.06091545049015	NA	0.997065716663124
"prt3567"	2.03716126295652	2.14920962189251	NA	NA	NA	2.04941660507875	1.8728595837617	-0.390048837109576
"prt3568"	2.8915391420207	3.16304766246411	3.30645866658069	NA	0.36525290322252	2.21413115767054	0.552941096151774	4.01761541066165
"prt3569"	-2.85066477912808	4.54952776095512	0.716761571511006	4.03626133698294	0.512887293413638	2.06578088711934	0.544237528108815	0.483375940404752
"prt3570"	2.34210134785211	1.04820883146497	0.53975235901973	0.509467139259825	-0.459663555838065	-0.243149746606405	1.33398053050286	2.02472436953447
"prt3571"	0.393916783513926	3.17321387500528	4.45774258300336	1.93828790498615	NA	0.142303929434542	0.710022980984004	2.08447484906695
"prt3572"	-1.35975609056597	-0.591505725405453	-0.572932519565224	-1.14234283810541	1.40428591221632	-0.320125458597073	NA	0.259687107806548
"prt3573"	-0.291566121243983	NA	NA	2.27300897698925	0.891300827471968	1.09988714394475	NA	0.718249847903926
"prt3574"	2.94476664554616	-2.8315297171133	1.21723516540769	1.07966841695795	-2.06261284259355	-1.5718482622152	1.40664812556913	-3.03358591373313
"prt3575"	0.5702375569966	-2.03486296112247	-2.80295248850691	NA	-3.07584109803295	NA	-1.16258579611118	-0.847104990860291
"prt3576"	2.01964553713273	0.673367864939416	1.50746069792978	0.0456660885010599	1.67651009325853	3.11064006064735	-0.840894432020883	1.8906817329343
"prt3577"	4.71746876781619	1.09192704219199	7.53173253563294	2.53288071756919	NA	8.05425393128635	1.22576182703549	3.90765426605641
"prt3578"	4.95352370854946	1.11928011665065	1.81939784812867	NA	3.23769642167311	2.55861237800369	NA	2.51757768030121
"prt3579"	-1.79826372892137	-1.88788192110231	-2.01157759103562	-2.81333839600707	NA	NA	NA	0.845591921737051
"prt3580"	3.14128706270843	-1.21779604940437	3.39419734194329	0.424251414453964	NA	0.726187574108267	3.28576465850181	NA
"prt3581"	-3.99604807521712	-2.75385196741939	NA	1.12288267517058	NA	NA	NA	0.245711141603503
"prt3582"	1.72462896172808	0.930364156397729	2.03394927115588	-0.119235926069656	1.13239143046217	-0.396129271334644	-0.324537223001638	0.297090726348393
"prt3583"	-1.34982907398102	-1.55051517827645	-0.341655407817103	-2.17937791089548	-1.75142937236344	-1.26040500821171	-0.232454965238571	NA
"prt3584"	2.0245668213356	2.16917898651312	-0.329245082474754	3.76357025909943	NA	NA	0.471394684920909	4.83174207402508
"prt3585"	0.183136197442817	0.446180745302933	-0.499617956786504	-1.37500672041814	-0.0697445253448926	-0.318325686037432	-0.118703620121304	0.0862633855800566
"prt3586"	NA	1.02694453995902	-2.46599779358108	NA	NA	-6.84322993865701	NA	3.38650801041005
"prt3587"	-2.0251450221716	-4.52958150425861	-2.1645919134147	-1.14822744015608	NA	NA	NA	0.199100482521284
"prt3588"	-3.41086571234557	-1.06556898662539	NA	-1.27526260999684	-1.24359911561902	NA	-1.21798411130728	NA
"prt3589"	-3.06625513667129	-1.04900762518426	0.207306301792418	-5.34606379816404	1.49264262846359	1.43905703102602	4.44158832455607	-4.728699018565
"prt3590"	2.99846235985672	3.27961019532077	3.23683051178792	NA	2.72047221162304	3.30190178019376	3.20151533648007	2.01293194214997
"prt3591"	3.65878285982262	0.732011910111747	0.565214343103158	2.13416775542889	2.38508953966714	NA	-0.371622500529167	-0.581129672543381
"prt3592"	NA	-1.55697013610654	-1.89321232026639	NA	-1.99025604230651	-2.59901494305414	-0.562946329626367	-2.27137167765652
"prt3593"	NA	0.614170714463108	-0.662196209612113	-0.159503106837262	-0.144308722525931	1.00172024777743	-0.473306362576427	-1.38195683263071
"prt3594"	NA	1.56180490823118	-0.0652287807621396	2.66727166244674	1.56597773878462	1.94352397185602	2.70205464275276	2.28561232312319
"prt3595"	NA	2.50547912765192	-1.9192650478859	6.00692287113798	4.86455873556082	-0.778508767295072	1.19564701472944	2.18064564503815
"prt3596"	7.01065540038872	NA	0.450758129623325	1.28034800201965	6.39174331475216	2.47496153643023	2.90967638531455	3.55146020168978
"prt3597"	1.7789859705576	7.93380649473588	NA	8.2859498653458	NA	7.31600454926426	9.80341361572567	-3.7826926742212
"prt3598"	0.293931165490618	-0.774946037627078	-0.820053974652565	0.117469567496242	0.621979268815545	2.05424380276925	-2.31698685325009	-2.21602850130126
"prt3599"	-0.910753422555914	0.963741723178547	-0.128074644425323	0.100010048065902	1.64299306287473	1.91317029486465	1.48537047207791	0.920567858053739
"prt3600"	0.562919158349761	-1.1932881632945	6.65903817153978	-0.175624286402025	1.221982304372	-0.795033161980614	NA	1.31403606427684
"prt3601"	-1.9626595135873	-1.88602973626469	-2.02930545574423	NA	-0.141554000081033	NA	-3.89309119037394	NA
"prt3602"	-1.08161327663465	1.23357769189723	-0.313567138651405	NA	-2.35497768288559	NA	-0.304753563691767	0.339948306167467
"prt3603"	NA	-1.94736594567847	-0.279305232266712	0.912882866071056	NA	-2.61117775926602	-0.268684023968385	NA
"prt3604"	2.24430013035269	4.04813482844206	1.44589371620549	0.965937003878046	3.57539040666278	-1.38528421244549	0.658017577259741	0.203481696769686
"prt3605"	-0.519671338856302	NA	NA	-3.72237222768442	NA	-2.13088216075192	-1.42953494891422	1.12579800692227
"prt3606"	-1.11484051864554	0.635711266428173	-1.80978493209464	1.05945155146095	-3.91469941494941	NA	0.359001101534723	1.71267287419488
"prt3607"	0.0413533195641639	-0.0660724023021031	2.39388621493135	-0.488100658108715	NA	0.504798601444881	NA	0.690040074763919
"prt3608"	-2.54371723998037	-4.11289408138478	NA	NA	-4.48969089885354	NA	NA	-5.48581051262393
"prt3609"	NA	-3.59030612217832	-4.4619563928942	-2.62689057698157	NA	NA	NA	NA
"prt3610"	NA	-2.51682359193142	-2.89303775653775	-0.375400984332621	-1.18468386896501	NA	NA	-2.36195942683833
"prt3611"	NA	3.92874778957165	5.1215908514636	4.63219263874161	1.89968139535109	4.36846027283	5.35124515200812	4.60584479275157
"prt3612"	0.919106884967456	2.38366168606557	-1.37018130997581	-1.9264237784109	-0.609790883293141	1.87024686172109	-1.60686306811119	-0.88244456311802
"prt3613"	-0.7891174222623	0.825596841881873	2.83805531840504	1.6328664932604	1.00389055519919	3.85790684616117	4.20218824979763	-2.56991506898623
"prt3614"	0.948406817936141	-0.45740773702697	-0.447787450739837	0.631722052101147	-1.42437877532501	0.152926658537819	NA	-0.349094635254248
"prt3615"	0.087555161839881	1.69207608134863	-3.32672162072005	NA	-2.14227005507277	-3.99275476675505	-1.05059906930123	-1.18283162507916
"prt3616"	NA	0.843153525998813	-1.6043726609309	0.40353435031884	-0.990569951967979	NA	NA	-2.7810392053959
"prt3617"	2.29206750328605	3.07588635613641	0.939097766225752	NA	4.46599544947345	3.97957843388536	3.57787751990641	NA
"prt3618"	-0.849660581357182	0.595778684005682	NA	1.08298103846559	1.80327042027322	1.59620873531016	2.84239566877908	1.61337533583864
"prt3619"	0.219733659817623	0.402132614447129	2.06870000863979	-1.14216936656446	2.98084915879549	1.4055013950329	2.69803893277299	-1.36927143015586
"prt3620"	3.38238273842271	0.243068496666596	2.8611996771694	1.03373807797873	NA	1.11145423105019	2.24427874310157	4.96459953729809
"prt3621"	5.32752599207403	4.88924262570808	3.5182129890815	7.1698237860745	NA	0.143034071165894	-0.322004733872955	4.75249995430889
"prt3622"	0.266905898910276	-0.216192356377778	0.799332629194312	0.0739919349961285	3.07984883463962	NA	3.74695220287418	0.329766933678012
"prt3623"	NA	2.06615564773006	1.34811321928119	-0.735374881315349	NA	2.20930862259877	1.88784422631015	NA
"prt3624"	1.98468417482337	0.259408235455919	NA	5.09982521327695	0.884567173796301	-1.70887461450492	NA	1.45945990534478
"prt3625"	-7.05948469313451	-5.59827076335236	NA	-4.27411182313262	NA	NA	-4.08016411863756	-1.38817592872565
"prt3626"	-0.281962097662415	0.55294144000475	0.819627908157267	1.72604411743399	0.392211288598176	1.5785214383583	1.18866153427827	0.772020605893206
"prt3627"	3.45446712524687	4.23921609687377	NA	0.597397842587302	3.30163554710151	4.1389336792367	2.15322171160179	3.19961123554777
"prt3628"	0.159142203655766	-0.983392032626573	3.19463508135918	-1.5588341492796	-2.11604837108109	NA	1.55596392917893	NA
"prt3629"	3.90072424695145	1.74480486909205	4.70242349332889	2.90348399111373	NA	3.34582885415752	2.40684474510006	3.74492097772231
"prt3630"	3.29306904001924	0.32877982457167	NA	0.198904955200392	2.39258366470332	NA	0.749196826501201	2.56727233148563
"prt3631"	-1.82298790239072	-0.446656210355783	0.680249732527286	4.48474625163773	-0.176293695813642	NA	2.49413734089819	1.00576855194676
"prt3632"	1.04467398322286	0.606313462935176	-0.198220901709471	0.936404778847134	1.76980290476737	-0.0703340335776283	0.112823035337511	1.54395974959881
"prt3633"	-0.852303226270705	NA	-1.70016854954724	0.31750606060974	-2.3297340964962	NA	1.03015608072875	-1.43300426272511
"prt3634"	-1.63476301594786	1.61625461995772	0.270686280447194	1.64469908174407	0.738509791800347	-0.268409246339586	1.01177437760244	0.00305291365670647
"prt3635"	2.31708459511975	NA	1.34573171057588	0.770481658492218	1.24044589227618	0.430927315716409	NA	1.08573510974654
"prt3636"	4.02488137523203	4.73630167335267	1.82432098079582	2.1627687032874	2.7354721330196	4.21478785987012	2.13300672152216	4.05210648813637
"prt3637"	-3.85766469531273	-1.64048931103809	0.176057187206689	-1.51801610512409	NA	NA	0.398130161080667	-1.43959035028145
"prt3638"	3.21818436484644	4.67310080935628	3.43657074566536	-1.09782142878943	-0.805360214706227	2.59140182765973	2.02776920609999	2.90248373102259
"prt3639"	-0.300585784174394	-2.27249571928233	NA	-2.76135199646834	-1.08657489792602	NA	-0.31421624170475	NA
"prt3640"	-0.765717462067729	-3.6144632374906	NA	-1.42228790671949	-0.866169462015826	-3.18397378583874	-2.8579794723422	NA
"prt3641"	4.64981538399435	2.87181851862849	1.6690919584601	0.536679864029587	3.92680343577778	3.65208691599278	0.535871176122487	4.90533540059159
"prt3642"	1.77853904768757	2.63229690730379	0.398111259226371	3.02947186673633	1.76374360891941	-1.99654892839325	1.88828848475544	-0.637102022939252
"prt3643"	0.420003673420019	-0.861320305207145	NA	-1.79877189277531	-1.16137527456901	-2.39165639316785	-2.4587232175633	NA
"prt3644"	3.87929103820552	0.385908558435322	1.87651157011992	0.541559869865936	0.553348691128124	1.87253339536854	-1.0351177642635	2.20955403200336
"prt3645"	2.30618297087186	2.20952497281872	2.80796203057435	1.45780646720851	NA	2.28264845409793	NA	NA
"prt3646"	-2.35070358397034	NA	-1.38403129414188	NA	NA	-0.598392251089985	1.32297255892197	1.25908927609526
"prt3647"	NA	-0.32664240383207	1.60688166779911	0.395413296229324	NA	3.36413045560792	1.13242024463554	NA
"prt3648"	1.31377944879132	NA	NA	-2.23745919052152	-0.823515653698361	NA	NA	NA
"prt3649"	2.14651735087845	1.78450590405004	2.44534296016563	2.03953528261898	1.47549863910613	0.608367768694689	0.554364288310203	0.540784370978382
"prt3650"	1.09204077405948	2.00281845923068	1.2324930940892	1.43954541431628	NA	2.33731743416778	0.128785952899173	1.65129491312571
"prt3651"	NA	8.58381323486844	4.37714383876307	11.2507040049534	10.1224430333874	6.53040993441416	-0.538888323000736	0.360086824030857
"prt3652"	-0.12824889357026	0.298889573217943	1.17445340837908	2.45074205815881	-0.303475295080773	1.38046180610298	1.14596021351037	-1.11834766074651
"prt3653"	-4.0939843113947	-1.4263394292753	-1.18230598350764	NA	-5.09270656980045	-1.74889196984512	-0.874757700988002	-2.72597809389675
"prt3654"	2.8719057901119	1.87200609356267	3.63669290816394	2.68057210217484	0.485351072721306	2.43903086051955	1.53715564682733	2.10773550460989
"prt3655"	NA	0.103403716556909	-2.45627519119507	-3.52785709939843	NA	-3.09513188011509	0.933202685163236	1.3064105439683
"prt3656"	NA	-1.88002347817092	-1.75685958380715	NA	-0.876798638479425	-2.15530292157851	NA	NA
"prt3657"	-0.206693268595786	0.167270256935521	-3.08267965738856	NA	NA	NA	-2.54371007227881	-1.16495074313873
"prt3658"	3.27502796354799	1.43574892184415	0.3141233268166	-2.22092275832303	4.2983589192402	-3.26019550138848	2.46961327661347	NA
"prt3659"	-1.65204603450646	-3.43951808744571	-2.49552865968502	-2.31224474627039	NA	NA	-2.21106879567349	NA
"prt3660"	NA	0.85147581179929	3.12359815032878	0.898908445736015	NA	0.311134488154254	1.19103118631603	0.739837050374458
"prt3661"	-1.19115975591298	4.6221766343937	NA	4.86299540594598	7.84167018265595	0.629920610920935	7.72086462664125	3.40426900585028
"prt3662"	-1.88646612065527	-1.26280987255868	0.467607172243218	-0.160462385603281	-3.41577261274828	-1.24162506060944	-0.403206546690223	1.0616434467734
"prt3663"	-0.148612943024577	0.428642178757199	-1.31500445941633	0.202450068597201	2.25663279605903	-1.29538504952091	-0.095198997148904	1.79656271114209
"prt3664"	-1.14862815155357	-2.56333715820447	1.65572713596259	NA	-2.22479743842519	NA	-2.75352223665785	NA
"prt3665"	2.70822200143068	-2.9246992763207	-0.294664138224359	0.727016347857598	0.0836049790584643	NA	-1.12078399536758	NA
"prt3666"	-0.0347773952272141	-4.47050626768576	0.271342010200616	0.0469771009148647	-4.37975242009916	-1.50245625558937	NA	NA
"prt3667"	-1.69203417447222	NA	-2.17087059532298	-3.23419291984266	-4.37502485669537	NA	-3.96843234878955	-3.45055682779155
"prt3668"	-0.193360202365327	0.273554094305016	-1.37815393241979	-1.67936700570866	0.686852047885568	-0.0432443019825874	-0.515462825813275	0.195690230192537
"prt3669"	-0.796630385669802	1.79950947597789	NA	-2.63101133806527	NA	NA	-4.2475335188647	NA
"prt3670"	0.0044177617503911	1.78749859480265	2.29086496992979	2.83707641614378	-1.07944719753807	2.9206568232276	4.0822429797876	1.67273360697411
"prt3671"	3.5175514562995	-0.857683315745239	1.75807677727691	2.79015731375456	4.26597103407503	2.9627780471488	2.25924854580011	3.81591962109645
"prt3672"	-2.02065293901511	-2.46195377585951	NA	-2.77454679384338	-2.24162110453002	-0.0739169649550446	-2.4026814194059	-1.47377988512319
"prt3673"	-1.2977813955575	3.46923393381654	3.88818816350365	0.249144917911193	2.2435522821793	4.49753429677386	-0.680814757923577	4.0618534191326
"prt3674"	-1.58023525770109	-2.30963417711461	NA	NA	-1.60864527708652	-3.84120330929226	NA	-0.945960433852528
"prt3675"	NA	-2.07847801069252	-4.20838980107134	-0.994118292418479	-2.28562276257979	-7.81347514111342	NA	NA
"prt3676"	3.47670468681152	1.90298838822931	4.05961319204402	4.09567499809368	3.19302318603406	2.48985169933392	3.57974536787673	1.78045704726548
"prt3677"	0.343627967036842	-2.85808383130887	-2.16253623449445	-2.45656816927272	-1.013612339636	-3.54699439923782	-1.75034063941011	NA
"prt3678"	0.155664568790204	-0.147924718776995	-0.788970987968759	-1.90221344714036	-0.404175055115884	NA	-2.36145641728058	1.78134578259067
"prt3679"	-2.85691669023045	-2.66546787508978	NA	NA	NA	NA	-2.41215695545072	-1.73478386015361
"prt3680"	1.46132185822882	NA	0.424668372463944	2.20684916796514	0.575952824917661	NA	NA	1.27101566117731
"prt3681"	-0.234343743010645	2.41356078153226	1.61737891871872	-0.441243350582682	-2.4132612002869	1.0581916049138	-0.232008306344693	0.567588112676255
"prt3682"	NA	-1.23301624514781	-0.0699697485326194	0.853932558150697	2.17823531299925	0.462383185832159	0.00268201908798912	-0.714637207301749
"prt3683"	2.32810705211438	3.83710419407434	NA	2.58743061043377	2.87167475640228	1.97145004306804	2.70345860421389	1.62919292676345
"prt3684"	-4.23512023848733	-5.04284726960801	NA	-4.81381120054004	NA	NA	-5.40978060356655	NA
"prt3685"	5.28005279657203	0.322288239743547	5.33567122464626	3.99430564845217	2.7875628016712	8.05089872570804	4.50129191514032	NA
"prt3686"	4.62638205251796	NA	1.91527034739591	1.08798039771141	2.72613175007286	0.729389708725877	-0.183304506472377	1.25244109859868
"prt3687"	7.17256237308751	3.55172964747315	-0.31090837316855	4.81049369021725	-0.0196865203401561	8.70046336415417	NA	NA
"prt3688"	-0.618251632722711	0.401576039926209	-0.951714386456971	-1.64452506649502	1.18936138856117	2.45991622918365	2.2704550198075	2.01448908027898
"prt3689"	-0.398978905526927	-0.642966021436031	0.903220663272997	-4.58739906174457	-0.659462986802756	-2.30084357609818	-0.778346911632812	-1.93921011176504
"prt3690"	4.10908574564764	NA	-5.63580294190764	NA	5.50684002782236	NA	3.42879127034924	-9.93753751745252
"prt3691"	2.67565805288448	1.50679137099466	2.69184114789389	5.05938254337408	3.82278807964907	NA	NA	3.31968492014686
"prt3692"	1.97073514117711	0.884954294523842	2.48152260118218	3.81737167194165	-1.24077317467141	0.627046903576459	1.54678900954346	-1.11993450125043
"prt3693"	-4.15331210072278	NA	NA	-2.70314887002305	NA	NA	-5.96382185277374	-5.05238614319667
"prt3694"	0.521463343599713	-2.53749296956903	1.75111669691541	-1.28139618498499	-0.714389191895377	NA	-4.60850131552108	NA
"prt3695"	0.136448321118349	NA	2.01252652587224	0.502490441187094	0.949500601067962	2.38633797115284	-0.878068296157467	1.81996409945347
"prt3696"	0.58384877183277	-0.682304749350643	-1.84137398749579	-1.11717935902024	0.3259982844747	-1.13252733442685	-4.01608697061396	0.571186662435804
"prt3697"	NA	-6.78345466846419	2.31690127648569	NA	NA	-0.0887904031111569	0.9895713006867	NA
"prt3698"	NA	-1.5025106026977	0.845315945682823	NA	-0.825440178934875	NA	1.44644804666854	-0.729371792605623
"prt3699"	4.18478158911299	2.15840377914231	1.63924415925017	0.679811031938384	2.14621120434458	NA	3.74559966932899	2.20890254115501
"prt3700"	4.25358194218699	6.21858369156575	5.24923275549376	6.00953181755019	8.29242366973691	1.98131100840362	0.715020323030785	-0.541462190779874
"prt3701"	1.17156468202801	1.29577152767686	4.94842980261644	0.595521373567334	-1.60419657318928	0.0604657039859043	1.30874283171603	-0.00945951848614901
"prt3702"	2.27380107843445	0.677342515972121	-0.465573633929094	2.46585394103716	0.11963909393556	-1.85174735204557	-0.374334914550278	-0.305442777028552
"prt3703"	2.79957686318733	5.0441096968688	1.32996367179319	3.88474999529735	4.02711750294387	NA	3.00970183960306	3.42540164275156
"prt3704"	4.14683376159231	2.47173444833284	0.534051575447099	5.15098744761	1.3160958662424	NA	3.72966178853221	4.90912724588556
"prt3705"	1.15598970310372	4.21042555678532	4.1506855571774	1.89589966065999	2.58898158670064	3.85903404544508	2.98580224873761	0.360312296981185
"prt3706"	1.99735854447902	2.67694481486309	-0.708149077995105	2.62151771087586	-1.63839244486154	2.02291635128376	NA	1.38488318081627
"prt3707"	-1.8504267493378	NA	0.0561820229395452	-2.1377234926234	NA	-2.10214167057254	NA	-0.708037562914959
"prt3708"	NA	0.260810936013793	2.99965096455805	2.66884017889577	4.4539050900704	0.775927795176978	NA	1.57764898387031
"prt3709"	-2.10144339151191	NA	-1.27595890325729	NA	NA	NA	1.47113575707697	-3.20606627001702
"prt3710"	-1.95852037585679	-1.61985180417391	0.678588926292076	-0.951102370033723	-1.76008823551414	-0.296497690083894	-1.61209358475539	0.304059444054756
"prt3711"	1.35319674231906	4.25330193763148	-4.75583016474454	-2.22968628888113	-3.54196759116393	1.38067767353165	NA	-5.37807224129122
"prt3712"	0.616695943324496	3.49806975485795	1.95831767383268	4.55132979901035	1.39274375331119	3.76725056415928	4.05114177563458	6.37870934129526
"prt3713"	-1.00340632574265	NA	NA	-0.0420865087498744	-0.486041799978462	1.86284789460873	0.093211167923178	-0.398700359180412
"prt3714"	8.35697189076757	4.98492174325066	-1.01130091196287	2.6252797831625	0.13880060214188	-3.5440381959031	3.90091920483724	NA
"prt3715"	3.18586598812802	NA	3.08351974289264	NA	3.5703726187333	4.76504253994884	2.66450451238604	NA
"prt3716"	0.943215536416093	1.38810176723735	-4.2393505912824	0.132980804581304	1.58345221809926	-3.12605646698809	1.43970502036507	0.783728810552539
"prt3717"	-1.68127919719234	-1.80439326262947	NA	-1.43762274433091	-0.71296574354147	-5.0985926869153	-1.78154818561709	NA
"prt3718"	1.50219160416086	-0.161722417108944	1.68951887037685	1.51060687325046	2.433132641698	0.842367721921337	5.32388243043602	1.09474991158172
"prt3719"	NA	-6.07390127207557	-2.30015289446521	NA	-1.08450248561496	-3.20739941257361	NA	-4.46087410796539
"prt3720"	0.944995400372516	1.80327619458996	2.18949408320646	2.86749929263601	2.68303609846285	-0.0815388525471688	1.30540354244783	2.36405429319126
"prt3721"	-1.38399243548023	-0.49545111090814	-0.901026578703168	1.18561583072729	1.10686000373368	1.60515857386748	1.57087716532909	-2.15077446890283
"prt3722"	2.31412227362656	3.40450248552764	-0.374922562284088	0.111021547829132	1.83698335990144	1.46045234578561	5.77633720370742	-1.11968045285083
"prt3723"	NA	-1.57094132215909	-1.06101941718807	-1.66185635836105	-1.38659624363809	-0.889294367216235	0.200603051944018	1.54206353599338
"prt3724"	-0.87592020619125	-6.09085248023869	4.94635081850716	NA	1.79961563667578	0.267772987957694	0.753025020558213	0.733999570170045
"prt3725"	2.81169818168174	4.36987383511512	3.57083527924521	2.88777310055382	0.151133852657399	3.49449765862912	2.98256068082651	5.05558386495034
"prt3726"	5.88140038177446	4.14068583577146	NA	2.72831269158556	1.41413081568004	3.15669106897041	1.85887938178472	2.46093243378199
"prt3727"	-1.8647643541788	-3.06767420240011	0.162521514101153	0.265221973709401	1.23031705945592	-2.04747503181663	-1.23159311649026	-0.694210925374996
"prt3728"	-3.0422575611726	-4.98786418607785	NA	-2.24691209698511	NA	NA	NA	-3.95854394200289
"prt3729"	-0.399220936034495	-0.0507457500791534	NA	NA	-0.908628816176378	NA	2.06867207314496	-0.689677565001037
"prt3730"	5.67272256078151	0.124825575512566	2.22389483433342	NA	2.27616554411569	3.4415817813185	NA	-1.56716359184585
"prt3731"	-0.618365073279577	6.77430029605945	4.29611599092677	NA	NA	0.121221427271183	4.46608904359281	2.85650126697769
"prt3732"	0.428872198193778	-1.11101874567724	0.858183380414485	-1.1926078001235	4.0592909608529	NA	NA	0.566533087399119
"prt3733"	-2.90228111922231	NA	-1.40479610188296	-2.01098594387777	-0.165311625717546	-1.55401441494505	-0.976024831871912	-3.28296347308312
"prt3734"	-4.07874579755245	NA	NA	-3.86947825497008	NA	-4.05552134136344	-3.25025629814366	-1.4790159316671
"prt3735"	-1.70260065002233	-1.48602906910604	NA	NA	NA	-2.15082643683604	-2.81785342819038	-5.06282441271384
"prt3736"	4.29314501739994	4.71825598742086	2.97382926386913	4.31063602887444	2.32752308722292	4.50008993091898	2.45372837055011	3.81198696927935
"prt3737"	-0.849737828759318	-2.77790745644941	0.0479190165981603	-1.36954224126777	-1.31199792593525	0.145883788473192	0.292443105526051	-0.115052107881777
"prt3738"	4.5786215109653	12.7232114316172	1.93682478631302	NA	10.7821053802752	NA	-1.74331000466518	NA
"prt3739"	-1.35448513393474	2.83943799499041	2.95277107989568	4.08780128761348	1.66486216120429	1.84019840778188	3.78976846071957	-5.42427765733587
"prt3740"	NA	-1.64852234335335	-3.94707389460422	NA	1.61132111081539	-0.0546633773916727	1.78036221228087	-0.643238463242583
"prt3741"	5.30845875553684	1.94093454600585	4.01833500248323	4.13308674776471	6.29158249092617	3.34178830036036	1.6706743098267	2.67610138700119
"prt3742"	-0.569072594419013	0.475692264721738	0.0486306526674153	2.39814549671035	2.81521758541436	-0.0964126631542553	1.97220629090756	-0.788766491145122
"prt3743"	0.955785129469173	-0.0899090752577301	-0.500034707582485	-0.86595472664738	NA	-0.525470219500482	-1.34790823309808	-1.52398993469519
"prt3744"	3.93623252932109	2.45784158167885	1.27591186317013	NA	0.816255719252645	3.44748031007878	3.45867527017566	7.5349969401574
"prt3745"	1.88395347520563	1.90618778826494	NA	4.64073469745799	4.35919748804496	3.06635411665679	4.16463010466308	NA
"prt3746"	-0.879550730983639	-3.66429912227328	2.78919751742238	0.157545582048466	0.495090912149199	1.56434801256705	NA	3.82099510574852
"prt3747"	-0.287947983495794	-0.802368631389306	-2.76216702109785	-0.919518015152291	-1.29845833480369	-3.23723016639514	-0.512820153542132	-2.53281081505104
"prt3748"	2.92203355748085	5.2183358830351	3.04521082180858	NA	0.802347553061611	5.22892606935362	3.57760679340983	0.994525684846708
"prt3749"	0.44988950431606	2.45849940766488	1.58033955059531	0.343160141939714	0.34531153715244	2.24972880687224	1.6019670508083	0.661309900238794
"prt3750"	2.58484059376323	NA	3.03964040793093	-2.07747338734888	-3.38983705722685	-1.68793420703474	1.83470056303061	NA
"prt3751"	1.42169944349357	-0.235394260266119	NA	-3.32968096592752	-2.32261487327656	-2.48794665771757	0.471813610022957	NA
"prt3752"	-0.00898225870000036	NA	-1.33002906419547	-3.91973802243457	-1.83367335599335	-0.242811127527941	-4.44658758042606	-1.32103707038319
"prt3753"	-1.04494354400987	0.303271528840924	0.845290791362499	-0.739684804627462	-0.250491329042486	-0.445378565029442	-1.31143017733935	-1.66459689925499
"prt3754"	2.5604262425901	NA	1.82456913210759	1.37829909858392	2.31541354888205	3.7241818321852	2.00074862259259	2.51066653241927
"prt3755"	4.79303951564972	5.52275718548166	5.9209859853402	6.99505845880026	5.00899684545714	6.29011499702902	4.63558262770475	7.73128731471503
"prt3756"	0.914612864949389	1.47400895539543	0.467657477486184	1.94906230087761	1.51224967748037	0.463232083460384	2.13780067563646	1.04024726029532
"prt3757"	-1.0713965634056	-3.20859050276897	-1.56227932954706	-2.53750176179676	-1.35960773627241	NA	NA	-1.06484290386985
"prt3758"	0.411983882777381	-0.338990795569033	-0.599241018429555	0.283197900545776	3.59784729389095	1.48349279646866	0.986948007595488	NA
"prt3759"	0.150291524942897	0.507913936867882	NA	2.1919614425142	-0.152058249450921	4.71522767372887	0.037518056110028	0.556774959357994
"prt3760"	2.5684363873339	5.83639757180882	5.62543792399076	4.46585022701183	6.42532020478687	2.94841350235125	3.31971054997356	3.14565695703581
"prt3761"	1.01729006940795	0.655002957180082	1.36530260259591	0.386020983169169	0.254623484935789	1.13962238379591	-1.79041266046486	-0.00543644373471247
"prt3762"	8.59407712986874	3.48624539356191	7.97212901164844	3.46745123018091	2.71207330496744	NA	6.55605706997791	4.74438361803763
"prt3763"	1.02190113842417	0.513145074802067	0.872295137929745	-1.23469350143911	2.67018774121126	0.823765180070604	0.773833727843569	1.42732193163068
"prt3764"	1.33699223394135	NA	-1.10263220130711	0.0598040883951605	0.359559025311351	-0.758671143950282	-0.638268853953809	NA
"prt3765"	1.38808001806304	0.290995237503528	3.12823167254854	0.834182356597276	0.792274715913591	0.6990693096395	-0.129416860646687	1.51934062867661
"prt3766"	-2.090123757717	-5.72644880339336	-4.11238114091049	NA	-1.21353557578014	-0.877042971924897	-3.10132831007416	-3.3371482131557
"prt3767"	3.25097051532857	4.82716230349909	2.39910682243569	2.00142952971611	2.46495458126661	3.30568405832355	0.842821643073825	NA
"prt3768"	1.87197300628821	1.51053878708304	3.85898257689859	6.04043899898182	NA	4.0244623536055	6.7428186900028	-6.99292334439646
"prt3769"	-5.92765108867703	-3.672255665147	NA	NA	-3.00751400866666	NA	-5.11543663886399	-1.41393737907438
"prt3770"	-6.16438270626711	NA	NA	-6.47773269126153	-5.36821693147934	NA	-6.51529840709051	NA
"prt3771"	1.41959202200469	1.49006099979793	0.145845941195663	NA	1.11838200311736	-0.433272687878122	NA	-0.807831069182224
"prt3772"	3.33760180140808	NA	3.01314989459632	3.32058873993624	NA	4.14335993736448	4.23684195759263	3.62550429564261
"prt3773"	1.78272602504943	1.91568310688768	3.46134636722787	1.46022990022036	3.38316449027497	2.06706458945634	7.04049597786623	NA
"prt3774"	-6.98677568584575	2.33499913306606	2.81652377895083	-3.00747852906473	NA	NA	-5.86483311976585	-3.54315594929432
"prt3775"	5.54641342829907	1.86872308725301	2.98579178735327	2.58656049691603	0.262106372563118	3.94785993989384	NA	1.54020568202619
"prt3776"	4.55772911459862	NA	1.99441111593802	7.59122077028792	-3.49421615724654	-1.35812544155071	2.22710297838702	4.45885615606302
"prt3777"	0.213636955486179	0.733569305484086	-1.68191935487609	-0.939802402615207	NA	-0.696574660570429	0.862812078916508	-0.54163449036404
"prt3778"	-4.14388743350745	-3.33392279286727	NA	-0.383955521363566	NA	NA	-1.43772539658142	-2.00142463103311
"prt3779"	1.23035445117007	1.79979444638533	0.577909321533057	2.34946528511757	NA	0.833541746806334	1.30330229904001	-0.979648600143225
"prt3780"	-4.68868446720617	NA	-2.85513180625154	-1.49116816926255	-1.88085687786291	-0.315178502653513	-0.687566195659976	0.115370365313739
"prt3781"	8.09802827024712	6.49944505956993	2.78304385212416	7.15914816437022	NA	4.00566332134483	5.42991100315613	3.91931744012022
"prt3782"	0.505914994786752	1.87586650720066	-1.64507816775896	8.87811095652292	2.09239172484137	-0.625836689752383	3.54043564648421	-1.87074270466774
"prt3783"	NA	1.87910380548657	3.60382311932456	0.0513116291677397	-0.493521236051899	NA	NA	NA
"prt3784"	3.64050135255169	0.854670018694464	4.32279299032645	1.41695059147325	3.22682890383134	2.92024722251563	2.20937711563998	2.84327524930791
"prt3785"	3.93693342602607	1.26639786819176	NA	2.83805346831013	2.03094213870002	0.0429304861052565	2.37251671738612	2.10211538073488
"prt3786"	-2.55134572678686	-1.90304248790255	-1.60656221849441	-2.10988963994247	-1.87535627014852	-0.605432961901377	-3.16442671284902	NA
"prt3787"	-0.529955765155854	-1.38764915498468	-0.54358531728176	-1.38158943467481	-0.760150765609089	NA	-1.03092103908011	0.45047121626796
"prt3788"	5.43624472829296	0.910027504858684	-2.561549875013	NA	-0.131334364122451	-0.267118732784381	NA	-4.52632643761462
"prt3789"	-0.576450076982455	NA	2.00656401430276	NA	NA	1.62444971027841	1.32114395083394	-0.229470324380524
"prt3790"	-4.9051876937381	-2.04172715627289	-2.12880545959515	-1.36991621523849	-2.6750463072084	NA	NA	-2.36800505611891
"prt3791"	3.68016227228609	3.96887793753402	3.40620260404733	5.351635075923	5.93350365693386	5.38065744191716	5.52001697374833	4.68212629617085
"prt3792"	0.966461222326783	0.333523823751161	0.717158830788616	0.850604474761314	1.53677458912609	0.887372767085894	-0.289424326524965	NA
"prt3793"	-3.14497881744158	0.723699505057258	1.19788740293408	NA	NA	-4.16194419399415	NA	-1.55103231506349
"prt3794"	2.17512332983514	1.3359264940707	1.21783632465192	1.45160343909049	NA	2.34300737705205	2.33041921145352	1.5236270217805
"prt3795"	0.486983342845453	-0.012318528314401	0.0198651798960777	1.44217451408477	0.963632861377841	-0.0574606854268363	-0.799422186872423	-0.315524815910644
"prt3796"	-2.28189079305553	NA	NA	4.04307903720382	-2.51216504609645	-1.78836873191342	3.6842023164583	0.789195196265914
"prt3797"	1.45974482917345	2.64235313739262	0.51272419439463	1.32634139605021	-0.00416825363816509	-2.11701964700306	-1.04172387190762	1.36400060945459
"prt3798"	2.99588528954063	3.49342186072569	1.95862363570482	1.12258629701428	3.14170266455722	4.62409483010619	7.1803983196673	2.79305209699974
"prt3799"	0.726093132914783	NA	0.42475687220659	-0.52683212742809	-0.794532617148521	NA	1.42928191463006	-1.48909848394891
"prt3800"	0.910683193627737	NA	-0.81346261352527	-2.77016498818819	2.74439021213421	-0.944746024802791	NA	1.51785159358262
"prt3801"	-0.575806018808576	NA	-3.67506723533821	0.110255988476247	2.93988525276316	NA	4.09517848508935	5.48947881499166
"prt3802"	-0.473439433079657	1.03805269397779	0.250411918206207	1.58477420312128	1.14944304857853	-0.0443812722768155	3.44309849930707	0.117193036931875
"prt3803"	7.14576162892608	NA	5.58429613438142	9.8713246045478	5.61210893824675	5.28514302127046	-0.473658052300171	3.38852935663368
"prt3804"	0.335400278466985	2.6626566564286	3.13950429985764	1.01146869788002	-0.479175840776194	0.980535444010035	2.62119592037644	0.37810670447247
"prt3805"	4.34364499701061	2.2537522581695	0.632661822665629	-2.41117535110629	-0.134449007051782	0.0401407934409317	1.427603216194	-0.47164871973501
"prt3806"	-0.203013518888256	-1.84086475158098	0.0559122228727921	-1.76119783689982	NA	-1.79169750901107	-0.670199348657663	NA
"prt3807"	NA	1.13242595617377	0.102604499148227	-0.368588457285767	NA	-2.29234734604603	1.71050931940814	0.558155895440441
"prt3808"	2.19690434367627	0.285675177210276	NA	1.02351074900125	3.93300475809667	0.546120634536742	2.25325904945369	3.66776565174459
"prt3809"	2.11930431352961	2.66323957575005	-0.42227203360848	-0.649525534928035	NA	2.52533971570809	0.855507550861737	-2.87005643349186
"prt3810"	3.78116240583228	2.74490933704459	0.910921304351258	2.90224418296114	0.266304928413466	NA	NA	2.9207031463201
"prt3811"	NA	2.16461292634235	1.28688495618369	-1.13012465248273	0.94430783862192	0.223080792872542	-0.146945213197866	NA
"prt3812"	-1.34585125133434	-0.173593920063005	-0.209442267927317	-0.423295453202954	-0.363285840985082	-1.89907325412145	-0.964860282221238	NA
"prt3813"	-0.680613725374654	NA	4.35683175123305	1.1499657445126	4.38553954555484	0.891842705507862	3.17043953111856	NA
"prt3814"	3.2414628084152	NA	2.28915514529037	2.30697556154826	0.77907113733568	0.881728382080144	NA	3.34523374691835
"prt3815"	-2.96207819733259	NA	-4.57985683207973	-0.157347512188316	-3.75471947547839	-2.68825189167954	NA	-2.70891067906026
"prt3816"	-1.39340468275151	2.06965587263003	-0.145983641631007	-0.336467368251342	1.31291592459766	NA	NA	1.29592747387353
"prt3817"	3.58917284985804	4.1314476321183	-0.615859992529211	1.4126278427926	NA	1.28901921611745	2.2039557000393	NA
"prt3818"	-0.452620040002785	-0.353444872743494	-0.0185604123220417	0.507664701835357	-1.18875569454009	-0.603786918056832	NA	0.3452477169873
"prt3819"	0.575494431806433	1.89958817338232	0.593751400374806	0.049460228954744	-0.00300642562934528	NA	0.477786980515004	-0.248503193421871
"prt3820"	1.70670100594936	4.2562207086656	NA	6.3797816231227	2.42160543723574	4.6187151761072	-1.52079269718975	2.99466814817242
"prt3821"	-0.215443791627768	0.13080193041254	1.10070676313053	2.12864976934715	0.149829529751065	2.7800925766794	2.23057511772294	2.07569266666926
"prt3822"	NA	0.888816292747107	0.261538940327389	-0.290405729221786	-1.76980650407509	-0.321959151329169	0.058871357732017	NA
"prt3823"	NA	1.61967878959246	1.90420763720349	-1.15119911025614	NA	1.39796931840727	-0.226281618309037	4.13131220522247
"prt3824"	3.64222070723828	3.44154404348291	NA	-1.14493560517121	3.67105338250334	-0.363082293877373	-2.27447970890036	2.70878344947724
"prt3825"	2.57202318432234	1.09710949702074	0.794584143763857	NA	NA	5.23305127050796	4.31642988368001	5.09113734209452
"prt3826"	3.415112784866	3.07694517109819	1.94816451690541	4.40569962720745	4.60340771418294	4.89379047805624	NA	3.10601771569213
"prt3827"	2.64222973755791	-0.0783354206460701	-0.224490208035199	-1.55694263520856	-0.572110768686006	4.35993708782877	-1.12598279961471	NA
"prt3828"	3.39645358538291	-0.600874461080082	-0.151913600457046	NA	1.08852738842153	NA	1.97679265674857	1.94055731101019
"prt3829"	-5.5832937174729	NA	-4.25444093409403	-3.07566289191285	-4.8621987120419	0.970882369622749	-3.20329972126153	NA
"prt3830"	NA	2.31254512691332	1.91557328682597	3.31885891802773	2.62704361163296	3.31099623559395	3.09738001186239	3.66382039512744
"prt3831"	1.01751977936877	3.40833616599286	4.1389847657274	4.2750176886505	0.771117137713429	2.59576871204717	5.14320355369297	2.0789189550376
"prt3832"	NA	1.09184168339912	-1.16216023196384	-3.14131285267039	0.2218099286113	NA	2.27293002087177	1.50896909458647
"prt3833"	-0.149366386429202	-2.30794594284796	NA	1.44420211862824	-2.07888277449999	0.498805647519393	0.910210739686771	1.8298372933285
"prt3834"	3.93928482207831	2.28492961011339	2.66007695727786	1.36177698252457	NA	4.15394696291456	3.61188697063908	5.0730108392945
"prt3835"	0.674797177879574	NA	NA	-1.13517799694896	-0.0611812610203719	-3.14996688193171	NA	-1.5906023306166
"prt3836"	-2.77050765848045	-1.52557183426234	-2.5457899733279	-0.580981497558019	-3.662000450142	0.781735774988969	NA	-1.8488626405087
"prt3837"	-4.45435580187	-0.228777016874773	-6.62133585553185	-2.46198569471058	-1.19588880845535	-2.8655732968021	-0.390976558802452	NA
"prt3838"	NA	-2.23442078838562	-1.45199382090692	1.23552872843471	-0.560221045980501	-0.0745840714571165	-1.01542905948705	-0.125259687383398
"prt3839"	0.928112214899157	-2.00012333089303	NA	-1.03180584787763	-1.5334947516	-0.759176815871328	-0.988532532159155	NA
"prt3840"	-0.893280488579266	NA	-1.54301537970041	-1.11375016764805	-1.93227322114511	NA	-0.78945866205058	-0.316681266332304
"prt3841"	NA	4.88176868849113	1.24070429119646	-2.6406517359699	2.26824430853499	-4.40275636514752	-3.97298085080983	-1.21652218585424
"prt3842"	3.02370720380892	-2.03749218982029	-1.85563795420604	NA	2.59275522725402	-1.65218321931664	NA	1.02649399870869
"prt3843"	-0.227673057111564	NA	NA	2.48508232023525	2.45009753726987	1.80132974066612	-0.314935825232905	1.26533625450222
"prt3844"	-3.35091487042956	NA	-0.362477491640695	NA	-2.49240191981838	-4.70771189978664	-6.40187756162016	-1.77503715680613
"prt3845"	5.82691087064839	NA	-0.512345385187898	2.82733329661556	NA	2.57496174540656	NA	8.38379396891011
"prt3846"	-2.98021452491899	-2.6963466805244	-0.761359567202598	NA	0.674984769209812	-2.14170482867195	1.90434493430514	2.59371030237047
"prt3847"	2.30192294687153	1.18493369235578	5.68036989263605	4.09858321397506	6.24974619188132	0.416452212014962	2.71693877180948	3.76857412986184
"prt3848"	1.40411907148647	-0.622377969277729	-2.09398514370731	-1.45567003330926	-0.571698636386088	NA	0.423255299213507	-1.38085225989784
"prt3849"	-2.20903623102575	NA	-0.558722720333443	1.19265334033923	-0.29282916653182	NA	1.88504276759735	-0.657775176257554
"prt3850"	-1.43496677713658	NA	NA	0.529026868813782	-1.69148413867687	-0.522032811606226	-1.65554978863355	-2.40659934366409
"prt3851"	-0.205929357886882	-1.03294962349639	0.87125162793779	0.710207695764131	-0.341739387758553	-0.872002129353597	1.05014505471877	2.86681789184024
"prt3852"	2.2734517380385	NA	NA	2.88557613751055	NA	0.650857449467727	2.15142958353927	2.71782856671047
"prt3853"	-0.974111650136365	NA	-3.68140502241806	3.39940686497207	0.30799688490445	NA	1.86470825883573	-2.16136520316253
"prt3854"	-1.44502827819075	-0.987865368569063	NA	NA	-0.594370189729135	0.0611932681519134	-0.791884335966969	-0.62779057625907
"prt3855"	-1.04320918318934	3.02714380084605	-0.492587487772599	0.563095982280556	-1.65734694115111	-0.689861472492782	-0.562797393560158	-0.782004347563492
"prt3856"	1.27365147844008	0.388032315883191	0.883887455633589	NA	NA	3.14367088050754	2.45880800683211	0.0977784346371867
"prt3857"	-2.25530689045785	-1.39649809337465	NA	-1.49898278384093	-2.10841245104931	0.118046268048737	-0.493468799224091	-0.739423668296671
"prt3858"	2.69908881449185	0.0742106802413039	-1.21505425719762	0.537043814798028	1.54072682496862	NA	0.129610096922643	-0.920201641425067
"prt3859"	1.54061132185851	-2.33892859571844	NA	NA	-4.95263395825716	3.09252632660529	-2.56737194127665	2.04875023547189
"prt3860"	1.63917621438237	NA	-0.919038020702055	0.64272452733102	1.10759527631138	-1.54409857441465	NA	-1.27904485746621
"prt3861"	-0.860523148764803	NA	-0.545004236678317	-0.692633079787375	-2.52347404567728	-0.938630719726256	NA	-2.21407794793062
"prt3862"	0.844581611030172	0.293729919925845	-0.219199891649165	-0.00158472956328928	-1.90790123238305	2.98209709309589	2.5738605528735	-0.808384274768797
"prt3863"	-0.228318293635291	0.250330938311118	2.31782529265468	1.81822863376412	1.62615665969633	1.26653756208898	0.905834396356396	1.80302460495666
"prt3864"	2.35546212920235	1.58679797122921	0.341985625495123	NA	0.415289451676739	3.1312485923771	1.90018069212261	1.46968734958875
"prt3865"	-1.4840745584751	2.93119509358416	0.293100211764682	NA	-1.09950362104008	2.16950951928307	1.31316798008716	2.16423677324574
"prt3866"	-1.8548422095785	NA	NA	3.49417206884482	NA	0.478261236266884	-0.606878773666644	-2.62589520095068
"prt3867"	3.71513687454918	3.3681407105025	3.78367213397777	4.93966929243859	4.75714237346965	5.08265374064541	4.51125575424764	3.99558905155285
"prt3868"	2.92327833348907	NA	2.88312540140021	3.31152892934139	2.42353611773114	2.97187964258827	NA	2.71371541491034
"prt3869"	1.66274118953011	3.89007652709717	5.34393494666335	3.77709102830213	3.16058683135841	2.53391103711808	1.09390729814118	NA
"prt3870"	2.042087980881	2.26397237967459	NA	NA	1.39066814689829	2.15194969957398	2.60321168147484	4.90962623714589
"prt3871"	-2.0757882616528	-0.538784920917444	-0.161167771361338	NA	-1.14673422617283	1.58905745942034	-1.16402698551506	-0.468667305081751
"prt3872"	-2.66148499551398	-0.914362107120962	-4.41091060377967	-2.23621193849371	-2.5490503953721	NA	-1.69228574346449	NA
"prt3873"	1.72238392573953	4.37452443638241	4.52591590527472	1.73615312177886	0.130184683695279	3.28025259922293	2.42469185915441	5.07001035718092
"prt3874"	5.1211677104103	-5.80506518234185	-2.60649702614847	-1.3408215768037	-1.70723935511345	NA	NA	-0.653666228840897
"prt3875"	-2.68723468117927	6.27367144444962	-1.85435627276919	-0.270242764260395	3.14361192828677	1.60522158812332	2.71980985791024	NA
"prt3876"	0.895271455957902	1.40260450924309	1.91669066968886	NA	-0.96341740354037	-0.307328834033501	2.51046031147534	-2.24953684993689
"prt3877"	1.01193711197354	6.24560813283467	1.89225994169432	NA	2.70718013940435	3.00073300446461	1.9243892294822	0.350087306112554
"prt3878"	NA	4.09382452263898	5.30016854138554	2.35077692663888	1.94359533179791	2.37446277430797	3.67919791676481	0.854443654636715
"prt3879"	-0.162480621505691	-2.85355167542347	-0.121271345540297	-2.69166168260384	0.0395402599878911	1.80862648057377	-5.33365450242752	-2.55727586113176
"prt3880"	-3.79257614901095	-3.20990138124075	NA	-1.86803863573035	NA	NA	NA	NA
"prt3881"	1.21866825758	2.86639200838192	1.20014366859308	0.649894749371731	1.27676510898345	1.61610796145147	1.93792937518982	1.42886740534413
"prt3882"	1.70566486806506	2.46373906338915	-1.47338468599244	NA	2.64318905926268	4.34450766048888	6.44156317930256	2.00310478844786
"prt3883"	1.28860903091973	NA	1.3769872016489	1.82255055592489	1.27212309065319	1.54285261192819	1.87841749351179	-0.861421983480067
"prt3884"	2.08325756503052	1.30009532418429	2.45645405012808	1.57408697896183	1.4885765349369	0.297381296163653	2.46113495687061	3.93757275251074
"prt3885"	3.46239681089715	0.483471298160081	-0.0576591498696586	0.666776123960363	0.0468073251865947	2.4051901053429	1.75207220372167	-0.898814334454244
"prt3886"	2.80264047399931	1.70123205153003	2.43793948365244	1.0364729036993	2.21699447372072	NA	2.1159124271673	2.06152236580846
"prt3887"	3.05498758418218	0.506241300452839	0.217648544104221	2.69653931688501	0.412087106733119	3.90907798480768	1.84562420478421	1.06328239962984
"prt3888"	NA	-1.74625292095601	-2.86510583443233	-2.25724161525113	-1.70139979469015	-2.38479881181407	1.22353018843705	-2.10968421246967
"prt3889"	4.87505452174387	5.86882848979808	4.6042737781381	4.80581870338711	3.57669096645041	NA	3.70111243888167	2.92900355252223
"prt3890"	-1.03123338000759	0.319182870990148	-0.409026900934896	-1.13171554750676	-1.7090090298042	NA	-2.32777780578893	1.40525618601729
"prt3891"	0.311400501279078	NA	0.698888892553877	NA	NA	6.81430646120359	1.26666818612316	-2.30988971269961
"prt3892"	6.062238149436	3.68303254335096	8.67922346567254	5.22086780046391	5.34446329180308	2.73573536580052	4.05991573188751	6.16479585738738
"prt3893"	1.19424413925026	-2.21508146540077	-3.36778360961009	NA	1.86940680183939	-4.78403179269591	-1.10273310363618	-0.377250103022258
"prt3894"	1.12474832512497	0.704001074042866	-0.855335629229416	NA	-1.44035670450309	NA	NA	-2.09240895309919
"prt3895"	-0.274090205468705	-3.47031872491515	-5.41294024330361	-2.11161062468859	-2.73925742310864	NA	0.411916274760846	-0.707648689744363
"prt3896"	3.34084169647225	NA	NA	5.44510101853901	NA	-1.38910279714819	NA	2.4692930015958
"prt3897"	-2.98385593894945	NA	0.405124055792813	0.130508803500743	-1.20749093433855	2.67897640532783	-4.48779002068355	-2.24812934693271
"prt3898"	-0.0903816930273768	-0.00232560292940051	-2.30142351981872	NA	-2.52768628134944	-0.724564719319622	NA	-0.594492572342085
"prt3899"	1.07431031233959	1.31716902972934	0.581492484573368	NA	-0.737281197501702	1.66878960558163	0.486675371499877	0.618257376927233
"prt3900"	1.49797552551023	1.45649308986043	2.33823309837975	1.94997852459011	1.50081534745671	NA	-0.538842184506734	1.59759127937372
"prt3901"	NA	2.7254207094639	3.69030982245077	4.26278724004872	NA	NA	5.4642022634817	3.09155487743811
"prt3902"	NA	-1.78788091389896	-2.13961669147298	NA	0.0277916337733033	1.84586307219733	1.56666456863976	-2.56930475731895
"prt3903"	3.54987607507614	4.47602287131189	4.17663667403207	3.49132227946472	4.2707744991252	NA	4.7995537749942	4.13818408991828
"prt3904"	1.09201417382703	1.92145830515594	NA	1.16327832765989	NA	NA	0.43834673717962	NA
"prt3905"	1.56965654474047	0.572812384908195	4.95965897403154	0.73587087000373	NA	2.6133722412981	1.29542650302984	2.3719416960984
"prt3906"	-0.584392760843109	-2.69081767783411	-0.971937750793793	-1.70149427063456	-0.84147959857124	-1.30950270885073	-0.227561422110732	-0.636209876253438
"prt3907"	0.8417999754591	5.85156662983203	2.04088863168996	NA	NA	NA	-3.60440800282198	-1.61337820043716
"prt3908"	-2.72201826715742	-1.87998481078879	1.09969489945459	0.197338695502923	1.37892072754156	-0.274789796010258	-1.47753591963858	-0.0183263657760222
"prt3909"	NA	1.16847359749888	0.205670908730964	1.57142365093489	NA	-2.38205457816948	-0.477894285715972	0.606449038897295
"prt3910"	4.74623122217788	5.47119272606157	4.80196771994713	4.39663776306617	5.61601443120504	0.875326558922955	NA	4.86291021745034
"prt3911"	1.47831490739058	-2.78503206202122	-4.26716028539537	NA	-1.53816002219893	NA	NA	-0.774052107331507
"prt3912"	-1.45404749373097	NA	1.49449941124049	NA	0.389452237801925	0.331483605556906	-1.77958237098163	NA
"prt3913"	2.74679916510831	4.01171289318834	5.73570224843379	3.16651870368603	NA	4.1096773107745	3.48181561902492	4.10976315483806
"prt3914"	-0.324001404680134	-0.140997233378933	-2.17753778537299	-1.69312585751491	NA	-0.558316922127471	1.33401091645746	-4.2114709308724
"prt3915"	1.11487369094336	-0.57524750655176	0.0955764117618045	2.45361836795815	1.45810830482243	-2.55697150354813	-0.307718298912771	-1.44749773435145
"prt3916"	2.00417227831503	-0.578813981289164	-0.456618498339509	-1.6709619738401	-1.96251306717457	-0.889668937866769	0.221874783595991	NA
"prt3917"	2.73544796011313	5.01040769418945	NA	1.07455266468467	3.51834428618866	2.62450057677587	0.402505117274571	-1.94911210156074
"prt3918"	-3.91959139754454	NA	-5.23110214278056	NA	NA	-2.41266001105576	-4.76093993491699	-1.50117634232075
"prt3919"	3.4562969990807	2.25649336820898	0.88809501775809	0.705999434618327	1.61955314891189	0.867128075344739	1.11914624390027	1.58902393191136
"prt3920"	0.390285387923551	2.28143581479305	1.14135454788634	0.764524912203378	2.30594727285805	NA	7.25891093485049	0.574581706530437
"prt3921"	1.70646908377289	0.347852261945849	-2.28428130383998	0.777351752690825	-0.595931759042247	-0.749778371808412	2.94590653031885	1.24412135698026
"prt3922"	-3.54238118557444	-6.99661878219108	NA	-4.42455877637649	-3.94735090737964	-1.8226955786309	NA	NA
"prt3923"	NA	0.747130833887708	-8.61583454033705	-0.634146744613416	3.6542736124595	-1.14948861503193	-3.89956597199928	0.195966841260604
"prt3924"	-1.44164934676048	-2.35864623061495	1.91974204718268	NA	2.79685086714655	NA	-0.879064055668648	0.889616915048718
"prt3925"	-4.15814503961518	NA	2.25690602896825	NA	NA	-0.939861678254374	NA	-4.91151256551487
"prt3926"	-0.359256368182978	-3.62116194911154	-1.80809865239131	NA	-1.46609716841829	0.103188366339752	NA	-1.04161797998881
"prt3927"	3.18327836259444	1.80629088218234	2.8181504986988	-0.0981589508325091	1.76537070175081	0.125001898415936	4.68268618953212	0.607010042969923
"prt3928"	2.17777244204579	-0.537703039181083	-0.103727354411386	1.38941755671535	NA	NA	0.334544460781582	-0.56676527569153
"prt3929"	-3.55192203377382	-3.06463639884262	NA	NA	NA	-3.50959946855318	NA	-4.21750360099361
"prt3930"	-0.980909247090721	-1.90359693226497	0.195313832745158	-1.01861331193522	-0.554649971562949	0.0952521324811515	1.59969806771552	-0.141036323579295
"prt3931"	5.07893134408947	-2.29823755130033	1.14731190972737	-0.295064928988146	0.744339894924398	-3.71873190286344	5.18822317740526	4.26677471845444
"prt3932"	-1.14723978947051	-3.36644142701206	0.0155485368984693	-0.159698861869935	0.0178467435132956	NA	-1.08951149649159	-1.12263793374684
"prt3933"	6.38783724881913	4.38972896459788	NA	4.70989524053842	4.14330153848327	2.65981809250807	NA	3.9821845107638
"prt3934"	3.00022654441847	2.46911251891599	1.38756759462851	2.75776356438467	2.37540784563647	3.35126992474297	0.928081171781557	5.1139932205892
"prt3935"	1.0466858687713	1.31643430319055	NA	NA	0.674436365210574	NA	1.70056568739174	NA
"prt3936"	2.31787816446304	3.94194934709555	1.6945009541068	3.42065189512416	2.72053202419684	3.0619877506258	NA	2.08808103981259
"prt3937"	-0.482922340420844	-1.15004039772617	-1.26788661281563	-1.24173851056124	0.147809774273455	-1.59446115302733	-1.66048434400716	-0.557489151199667
"prt3938"	1.836732896928	2.34759568921335	2.29756070539622	0.353180025571036	-0.73422334978401	1.52761375723244	NA	0.764460140103689
"prt3939"	0.197876052650623	-0.444362756300963	-0.63768134188965	-2.15572087171134	-0.671767365709827	-0.711611520222857	-3.48052849153706	-0.205655541885115
"prt3940"	NA	-0.921479545781409	-2.36407560261646	NA	NA	-2.00009062917279	-1.01744748776005	NA
"prt3941"	-1.66857854818936	NA	1.63873140709863	3.55397936484962	-1.54563136561341	-1.61929384586057	NA	-1.44569668205775
"prt3942"	-1.56125128003337	-0.281542479348852	-10.3248401125487	-12.2856838825086	2.28350077992701	-0.276099036361405	2.14280049761535	NA
"prt3943"	1.21776011176362	-0.438792300613632	-1.13758457932821	1.72432794841273	0.331074361894518	-1.24181849705045	-3.31671649027414	NA
"prt3944"	-2.92103487118848	-3.12165791300299	NA	-1.45999517803013	NA	-5.29895983698164	NA	NA
"prt3945"	-0.0483252715813423	1.93808040810229	NA	-0.693270000155825	NA	3.04472591624585	0.0234421551820066	2.294601507317
"prt3946"	NA	-63.6735286676126	4.68605525486607	NA	NA	NA	3.39379491273227	-21.6725469266128
"prt3947"	0.398765966733484	1.25429521054599	-0.254694429649402	-2.46469770073345	-3.03232403224084	0.31091542774316	NA	NA
"prt3948"	0.0597857179414518	NA	1.27288177306262	0.55759366547371	NA	-0.58454400769239	2.93753029961206	-0.931909157025569
"prt3949"	-3.10937911520749	-2.15966077579082	-1.26235260379518	-3.31407925970466	NA	-2.08896636682563	NA	NA
"prt3950"	-0.623751814239715	-2.47403496337101	-1.6395941706896	-1.10535129867349	0.131930250801938	1.20350698962626	-1.78318446058855	-2.21081175556404
"prt3951"	0.155716486309857	NA	-1.21346625302142	NA	0.055348339434222	NA	-3.19691690329841	NA
"prt3952"	-6.0428197839891	-3.96362580305783	NA	-5.47308263821159	NA	NA	-4.95316434068288	NA
"prt3953"	-3.49801744278056	NA	-4.70844128781821	NA	-4.40206986630327	NA	NA	-4.9223654622868
"prt3954"	0.630448500744022	0.338388143594608	0.600521234655409	1.54667004309288	1.64906468376834	1.81248514840723	1.53582205675945	-1.1758876496747
"prt3955"	3.62416795902214	0.454427677775763	NA	-2.95769922403606	-0.571681498184329	NA	NA	-1.36326412069353
"prt3956"	1.13552473333649	NA	2.35909405796695	NA	2.39823410729783	3.67938780085019	2.10647752869584	NA
"prt3957"	-1.8682149475712	-0.649748673124618	0.24530495105292	2.43779988831457	NA	NA	-1.29344437827017	-2.09731376317263
"prt3958"	3.45284205600254	1.43018777138232	0.624991301297836	2.12532973244526	NA	2.01197533419263	3.12008111336704	3.28243591828194
"prt3959"	1.47432375340558	-1.74681821809718	-1.28780893182553	-1.16985476387504	2.54770314032986	-0.0253236816027017	2.13417384998149	-0.13408143776133
"prt3960"	-1.18712639209083	NA	NA	-2.44872243956933	-0.819167587985847	-4.96569230849442	-5.08468932064957	-2.13601952062574
"prt3961"	-0.00992232698647795	3.16648794744163	0.216410870445385	1.7003291572989	3.6359960338294	3.38062309013926	NA	0.117943786657543
"prt3962"	0.198467523388401	NA	-1.40742779483625	-0.703932460277678	-0.332212464329986	2.08461073638843	NA	0.725490631204554
"prt3963"	1.91348479636703	0.72868754271076	2.12939554476274	0.718247385247509	0.346397920162012	NA	0.87114923262647	0.713489830767465
"prt3964"	-1.40427193995165	-0.297206330223616	-0.66948351747597	0.782242264778973	-0.275021648432376	-2.44702591128144	0.680753300340246	-0.449839714033918
"prt3965"	-1.1478186703097	NA	-1.55899843492416	-1.55391185970564	0.276248204298745	-1.18561119832382	NA	0.168001535727368
"prt3966"	1.4655971395232	0.781519228592094	1.00911999938017	-1.25021125553356	1.70710779171461	-1.37059074126787	0.976110407536299	0.254991337738323
"prt3967"	NA	-3.36302542437854	0.216765869735856	3.06200937491992	1.60621927040725	-2.27548389529125	-1.78258868437482	NA
"prt3968"	1.09421151472429	2.78503065665652	1.43447479803208	NA	-0.00508308641986355	0.510858556521473	1.39791529648879	-0.92150437815961
"prt3969"	-10.9499209389761	2.54038524615596	4.32036262297125	NA	NA	-14.5037649923233	0.224190186228643	0.949424544341317
"prt3970"	0.460297920308498	2.39011581005953	0.270398022825225	1.93392658207111	0.929781660616507	0.46020355631869	0.416081126924395	2.06793209056335
"prt3971"	5.4721885662922	7.38798717027124	-8.78292724096756	NA	NA	-3.53375238893033	4.48968533378491	9.13403084498999
"prt3972"	-2.95814179344573	NA	-1.53886280333131	-1.78233498177584	-1.18863953031729	-1.42164099615541	-1.73547945852195	-0.840251345623624
"prt3973"	-2.58357440378521	NA	-2.89580361423412	NA	-2.87257050188177	-6.79508287745665	NA	-1.60843781150082
"prt3974"	0.854592376685072	0.731480376942643	-0.758367030271265	0.199162440948816	1.0982679732811	0.957883247114071	3.09555139221982	1.2288617474397
"prt3975"	5.33332257379547	NA	4.1789038013909	4.80952938931888	5.21076068430651	4.24489462532788	5.12735548075238	3.49645473972154
"prt3976"	NA	0.796463784352435	0.823821485284309	NA	1.3397223454559	0.123425070357962	1.29345338141848	0.0816499212336914
"prt3977"	8.85102042030575	6.86772186268974	-0.763068073815331	3.06683364454815	16.0634795482365	16.9944906691197	10.4578407904344	-0.653995512011466
"prt3978"	2.49863690432989	1.45205658272083	1.51619334666678	1.80163019655247	1.21522026477065	1.78557508839509	1.8051843263875	2.66513764586735
"prt3979"	-2.22183332254017	1.5314799442857	-3.6179735240599	0.522701769084423	NA	6.241097685261	0.165533908438309	-1.45276018048729
"prt3980"	-2.11508397055995	NA	1.99788136385377	5.05213082270404	0.0547038363405487	3.9554076791557	-0.334609165226953	1.67466473885019
"prt3981"	-2.80231206444729	-4.49126450891073	NA	-2.04662649972724	-2.58109807985915	NA	-1.97936248600043	-6.57559210892926
"prt3982"	NA	2.52952326723259	3.49877662741439	2.84460928229659	3.97111149831631	5.27329783282898	4.13441709133735	3.80208183695336
"prt3983"	-0.91989417029821	-2.25275519743679	NA	-0.905594390675423	NA	NA	-1.95760710541523	-0.535117027838812
"prt3984"	-0.713949334993451	-0.840214920308979	1.10172012598719	-1.0742903865346	-1.98598119292004	0.386975801507261	-1.29441965232139	-0.548907084965872
"prt3985"	2.92407433882611	4.31906556253079	1.5908403558959	5.53860974268142	0.87954507974845	2.54161042379317	3.92057511927821	4.88649254868858
"prt3986"	3.76247864941254	4.39884121011227	9.76166100009365	7.93010714235279	8.31209205449156	6.36461941359357	4.12965620635027	5.23408105622518
"prt3987"	NA	14.2389754246419	-16.4390633044525	2.58321274972297	12.9496342218237	5.34715288842984	4.09764447225651	8.32330599665684
"prt3988"	1.78885006588915	NA	2.68324987801369	2.89910662000912	1.44699370376431	NA	8.10747236094337	-0.207953057617432
"prt3989"	-0.295603823435806	-1.72456635079407	0.281549300559995	-0.318456933819334	NA	2.47524730011536	0.571578342218342	-3.53363523043519
"prt3990"	-1.26133095887575	0.657840168694775	3.37436617435399	4.23292856061107	5.98779422921344	3.12446077818863	-2.38943589055407	3.75939671938393
"prt3991"	0.322318273298961	3.73306435314951	NA	1.02363508912419	2.33161431016557	-1.74001733450116	-1.13658791528234	-0.267321105606684
"prt3992"	1.09856165592906	-1.49677031874093	2.13386125070398	-1.2590295940394	1.54757832544739	-0.0915489088650096	-0.314411635528564	NA
"prt3993"	1.00968020742241	NA	NA	1.59277049330335	2.18248430861686	1.53456200897831	3.1896046044606	2.29248686098409
"prt3994"	-0.982902847115988	-1.51846784487307	NA	-1.41575089003339	-3.86021417545659	-0.691592719774993	-3.69631657052224	-3.63651076051879
"prt3995"	-0.606102109789694	-2.65755333769307	1.7089139157202	1.69427877776101	1.66001846324664	-1.70551153469112	0.526497901120137	NA
"prt3996"	-3.96621149869365	NA	-2.29998241758849	-0.663160964125954	1.51150461293023	-0.568868253909948	1.66149645670315	3.60884812989331
"prt3997"	0.398041544710483	-2.74583923425574	0.337987921091192	NA	1.45286586182047	1.2654281848519	-4.1053365257326	NA
"prt3998"	-1.76061455418156	NA	NA	1.80270170986978	NA	-1.73946777855562	-2.58922523652339	NA
"prt3999"	NA	1.9035116914038	0.641947312777082	0.667987697164911	0.583980148112792	-0.437697142633105	0.990699141368376	1.05847666574369
"prt4000"	-1.96049972016211	NA	5.70070256448554	2.06316066359516	1.85485363925585	-3.73778258074392	NA	NA
"prt4001"	3.84757086194806	2.77554058654154	2.21399141646099	2.95334456056728	3.08164467656822	2.79991833909253	1.99382654122081	2.87561851251169
"prt4002"	NA	-1.55969345715103	-3.21867301633527	-3.36130506447396	-0.352352066107121	-1.78281103148227	-0.441617337242329	-1.33770313795728
"prt4003"	4.45788021621947	NA	4.97983984135194	5.64790170395368	5.07342669691551	2.59772300173417	3.24054869104446	5.37625164875343
"prt4004"	0.342513177344554	1.63747746402584	-0.143175219099525	NA	-0.0357815698343062	-1.75462414031294	NA	NA
"prt4005"	-2.04169106388886	4.5769001988281	1.02320699383132	3.85142268398158	0.285618869075963	2.77153143092457	-1.168548921962	3.10058658336499
"prt4006"	-7.28337703018036	-8.62897842159183	-2.31519494278526	-1.07013446964597	-2.22870604507195	NA	NA	NA
"prt4007"	NA	1.47037357623431	2.87301081763027	2.48991933462349	0.401562004300939	3.44151252211075	1.66674207766156	2.72493818555937
"prt4008"	-0.837247450506479	-1.64456479268514	-2.5208571046062	NA	-3.39372070166543	-3.30840267128234	-4.63138298599585	NA
"prt4009"	-0.77654382495296	NA	-1.40151491800137	NA	2.91057398731412	-4.45767800678637	NA	-2.20984173606666
"prt4010"	2.11824946695075	3.0570067063988	4.8739883654381	2.59892579005139	1.32410974312206	0.93623491383497	0.755019946622811	0.749984996882313
"prt4011"	0.878901431448854	1.62352050537779	6.01686054880584	0.994639699247544	2.31497980062993	1.13264136960171	1.74034383797589	-3.92741530641122
"prt4012"	0.0160854714144431	1.30400965485126	0.134965787758503	3.48235441983837	-0.529605800451909	NA	1.02586548126605	2.73505548746485
"prt4013"	2.21185006639519	0.732778361017424	3.18057139678562	2.57685819244054	3.07440102887124	2.71117561351259	2.39016560462655	NA
"prt4014"	-0.0992309912682223	-0.477198811287196	-0.0500191850206292	-0.109811092381025	1.85811896470128	0.77709623894104	2.71482201843801	0.88317058499577
"prt4015"	0.726722245590665	-0.80361666533109	2.37413088956476	1.91410966721809	-3.96533874102766	-1.57204453243003	-1.15994508118921	-2.33207382794071
"prt4016"	-1.23495608200842	NA	-1.95982928220663	0.0301044985876922	0.777712562516026	-0.667824552025993	-2.60501327985636	0.365089357365198
"prt4017"	0.367364027985433	-2.13253962800568	-1.72015260123222	-1.24688886261012	-0.681059318681911	-0.483784351635649	0.0979830837134656	-0.672787579693527
"prt4018"	2.59901089151787	2.29104816646777	1.89080210702916	3.4620244896283	1.96140607416084	2.35828190091517	NA	2.40920756549036
"prt4019"	-5.19512393196382	-3.6489968656889	-2.6569885855597	-1.18015580835093	-1.40151371471568	-2.56241650635962	NA	-0.819430501948829
"prt4020"	-1.62512076454972	NA	-5.79884786532433	-2.2845507753718	0.5626507807381	-2.1178937335652	NA	NA
"prt4021"	0.264900602093113	-0.749786185144392	0.887580667931432	-0.195330123549972	NA	1.32709221919509	1.34606779992676	0.566887370985308
"prt4022"	-6.15862696831093	-1.61477608476338	NA	-2.93373932742775	-2.44592669759724	NA	-6.48820623461143	-1.37108271802321
"prt4023"	NA	-0.416901798840973	-2.10553997986218	-0.968244637744859	-0.324418155231138	-1.07377437079086	-1.82001944964099	1.29102340456075
"prt4024"	2.34972506710853	1.37789136094031	1.92399825926283	NA	0.461226215710952	3.24294725370057	3.74623809355598	3.65549670012496
"prt4025"	4.24742393564605	3.56629778507884	2.80258336892179	5.41551826801216	3.42302202279903	2.94808676016169	4.44230776444679	3.20681034392147
"prt4026"	5.12336953674315	1.22649476992611	2.81347681980004	NA	0.370154200013862	2.83111692545047	3.65532322043383	NA
"prt4027"	3.40425949849996	2.23148184266584	1.1954204686107	4.77340669026838	5.2130176590063	4.61788914513942	2.13348654572972	3.65353422289089
"prt4028"	0.347319425389376	-0.302676457580205	0.744056266435838	NA	3.19131017318025	-0.774066730539527	4.09713633501549	NA
"prt4029"	1.74597627722822	NA	1.71190428163044	2.26083838571042	1.60656198505406	1.78557519822939	2.13321137129989	NA
"prt4030"	-1.93156189874256	0.788889393706938	0.402314959400391	-1.47618223987493	0.694180393946106	NA	-1.49819569056677	0.997271723337277
"prt4031"	NA	-1.68611199553243	1.30363602840519	-3.20019393809957	-1.65067633343822	2.85194795940267	NA	NA
"prt4032"	NA	1.33207534194562	2.95252905494657	1.36710939242162	0.820620126570869	2.05337128851001	NA	0.441741454670608
"prt4033"	-1.07279498392696	-3.183254205474	1.04081383017498	-1.0130011155608	1.16057567654914	NA	NA	NA
"prt4034"	1.26139584990186	0.85141868615947	-1.79237382050353	-0.398855353444507	-4.83426075875976	-2.10487609276998	-1.94868465648641	3.38127320116782
"prt4035"	3.35631913113259	1.71428992833241	5.56372190022611	2.87860401977685	0.0644212587166779	-0.265277904826364	0.514905246000616	NA
"prt4036"	1.74205964801391	1.8011150978921	0.651685227822352	1.65236712047432	1.68928598949179	2.55038685119275	0.295608777762005	2.4485025450812
"prt4037"	-0.42888022145188	NA	-0.112556414762023	-1.24595685117817	NA	-0.00316715678134849	-3.82240418894884	-1.58794787203651
"prt4038"	2.24768707580276	3.15726252728717	1.81804831831521	2.48988073089646	0.966160120286594	1.87664571208234	2.97868588798854	1.31064973537424
"prt4039"	6.92823673775882	NA	4.99423163236748	-2.43215005231116	-1.83288975102623	-0.760924609824899	0.351288056127153	3.53977163377815
"prt4040"	1.83393824567654	NA	-1.22249538353014	2.17999556748345	NA	-1.61869111260289	2.16295006062722	-1.36000780803296
"prt4041"	0.486564693203172	NA	-0.31818671357942	NA	NA	-0.161884565426771	-1.46917906807166	-1.88437045503342
"prt4042"	1.8151194273225	1.40313927745709	3.02857444403198	1.07766081585592	-1.23937637149961	-1.21927013301394	0.314058269296135	-0.561321666379787
"prt4043"	-0.229663039168636	0.4130816685866	-1.14300244352513	-0.0607523756719745	0.577222229357106	0.0019488581644842	-0.712572266574987	-0.447638915729228
"prt4044"	0.742738591807461	NA	-1.71778652050494	-2.81217179734648	0.209174386506029	1.46755876748955	0.540853957611897	-2.30753844331186
"prt4045"	1.81079074250157	NA	2.19442599593204	2.37857871481802	0.676604800705338	NA	3.34164001064106	2.53279690960802
"prt4046"	0.973721133035612	NA	-0.710340591274334	-0.565073439699975	3.66334729761752	0.690837692897753	-1.86251617363491	5.57623579818144
"prt4047"	3.24856006060069	3.12676979744619	NA	2.56115188764144	NA	3.42119150939885	NA	NA
"prt4048"	-3.86028252669963	-1.94781468433763	NA	-1.78316568788809	NA	NA	NA	NA
"prt4049"	-4.22339087226421	NA	-3.770092598891	-3.68555895399452	NA	-1.0952533094936	-8.96608608905098	-2.96388476583335
"prt4050"	NA	-4.84759467546343	-0.683564372941875	-1.18227372455821	NA	NA	0.41671838497401	NA
"prt4051"	-2.07692066601936	NA	NA	-3.3758025627931	NA	-1.9721125588413	-1.60638147626581	-3.87249167863753
"prt4052"	-1.55663140380856	-0.013377525049607	0.265538747467624	0.185145384641621	-0.350592971792473	0.211960835540438	0.187691795193713	0.804445780576177
"prt4053"	5.26325604961956	5.13536313088243	3.5205958712705	5.47374055425766	3.39571623825217	1.89156166737872	2.53256614926238	2.8660796127404
"prt4054"	-2.51296061392147	-1.5967264790096	NA	-2.60703845671964	-2.96602767266872	-2.25814066821041	0.263626099872775	NA
"prt4055"	-13.6718265865491	0.542585033506178	-5.25093026724119	NA	-4.43552016068285	NA	-6.96012304265347	-5.63624247620887
"prt4056"	1.24231338599136	0.372292299557989	0.888310146268323	NA	-0.667064062418425	0.44571363209641	-0.217381185397061	-0.576359343486272
"prt4057"	5.14657283514974	5.40792109216743	4.38004475784293	4.86002345812814	4.80636935971752	2.78517317702568	4.82678427628987	6.07886530530433
"prt4058"	0.102158629511914	NA	NA	0.818549192326213	-1.44852572081055	-2.32538414655692	-3.142777837847	-2.84766921013094
"prt4059"	-0.554043193926826	-0.253239140184087	-4.8500774697588	0.295313812578936	NA	NA	-0.103017196847416	-3.32156913491032
"prt4060"	-1.21657430576513	2.50283620358396	0.573721179209132	0.289724555363944	3.98938772914848	2.73162013037783	-0.54406139611225	-1.54869040382429
"prt4061"	3.84072850615906	2.40609524772829	4.77715745501832	7.19109884378827	-0.573168697258891	6.1924632875643	4.14804832068434	4.72972665606473
"prt4062"	0.930761210876976	NA	2.71746294236471	NA	0.0824396627308951	-1.44157309216402	1.18823023733439	NA
"prt4063"	-0.638351984606836	-1.96063868077351	-1.36692624510645	-2.33620847721868	-1.43571283571543	-2.01993120148331	-3.05352155147371	-3.81703773406001
"prt4064"	-1.61596472059783	-0.649535778408576	NA	NA	NA	-0.730316837333169	0.159133660290519	NA
"prt4065"	NA	-2.52151434800658	-2.14344463038142	-1.892733156047	NA	NA	NA	-1.19370277068433
"prt4066"	-2.34505159814816	2.22917079997667	-1.34873096882261	0.520348063982381	3.87180235889077	1.53682259222603	2.31524563448536	NA
"prt4067"	-0.117830589782859	-3.91262290457827	-3.726414067211	-2.33039098703205	NA	2.81756844536986	-6.65311708201321	-1.07445183349354
"prt4068"	NA	4.11914938575004	3.54040637082706	1.83463081510807	9.41244488323312	2.27157388445114	8.32902804889241	0.609638675914051
"prt4069"	-0.648468836594046	NA	1.7275372373779	1.92523664664677	-0.273822435091262	3.30526070860565	3.33088815402767	1.12576337372278
"prt4070"	2.23723830678497	1.39772223558758	0.806311182720465	2.33310119862732	NA	NA	2.86118758130737	1.58453624955864
"prt4071"	4.26804379785078	1.61925339754957	2.5333802836775	3.78372849072281	4.63704553680188	0.960644169479659	3.92528279943621	4.10611893506102
"prt4072"	NA	-1.96252901856749	-0.576614804465278	-0.463219680622531	-2.06568627873422	-0.9296018694509	NA	NA
"prt4073"	2.36617651365833	NA	-1.40652733953946	0.89233033666871	3.38113688328957	3.09043509018854	3.65193582385195	3.2428909632708
"prt4074"	4.58887695418853	4.99733752629719	0.656730377847459	1.5737087810867	7.55625663966196	8.24089778990295	4.08970781557289	10.4005779857958
"prt4075"	0.0802571465636077	NA	3.39336522601678	1.83808360666243	-0.989329796733737	1.92726502394033	1.59401975661815	2.17695651057991
"prt4076"	0.259727318671179	-1.71022699882035	-1.65719320958454	-0.775689850591744	-0.62654774666946	0.43491733513137	-2.02998134889718	-1.59640559448725
"prt4077"	-2.53727811494983	-2.14956637562087	NA	-3.32929556113189	NA	NA	NA	-1.85439532586522
"prt4078"	-1.63555611403608	NA	-2.56743832384616	-1.90093747044816	-2.77776735361369	NA	-2.34175588927083	-2.62489637651555
"prt4079"	-1.508970511692	-2.62230154160468	-2.11800806039549	-0.997398099029796	-1.40785471581277	-1.23390533400146	-1.88396443915069	-3.0043459540111
"prt4080"	4.63169488478873	1.39041067373587	3.15369630338537	2.41852801554911	NA	NA	1.03920764241085	NA
"prt4081"	1.49590696830284	2.42185392284749	2.14204230005783	NA	0.369295457637631	0.690077365868739	0.265011506696111	-0.776174232048995
"prt4082"	6.70575833742368	5.1292291998456	5.8961851971771	3.46204783190631	5.39261202112552	6.91759791354587	4.31125142567348	6.05355005089146
"prt4083"	-2.3463034339285	0.466272885331279	0.989387645410798	0.69444088440231	3.16399201973266	1.18958888602055	0.0435950091338434	1.59315221629699
"prt4084"	-1.10631625078705	NA	NA	-0.0584898740628876	-1.00629936151759	-0.31407638898428	NA	-2.06255294567948
"prt4085"	1.23856774901688	NA	1.99356409897246	1.09964607819869	NA	-2.38423411494611	-1.15969178908227	3.06281426064768
"prt4086"	-1.44232781621119	-3.4080196412349	NA	-3.1955828490637	-0.843901509252289	-2.49554668359839	NA	NA
"prt4087"	-2.03515252152992	NA	NA	-1.96483167947196	-1.13382928407003	-1.24581324039855	-1.68930277766925	-2.23188290084931
"prt4088"	2.00589176912685	1.37618255117973	NA	3.42282223301059	2.87562216045297	-0.151506202786482	2.90889428300779	1.42770477657098
"prt4089"	-0.758269311971118	0.388525707270335	NA	-0.646683518358302	-0.284148556235718	2.29454226742936	NA	-0.864705266266808
"prt4090"	-1.26010510443403	-1.96207350720293	-2.87768559775638	NA	-3.6330907241002	-1.61122710858532	NA	NA
"prt4091"	0.76524648318204	-1.04913683697661	-2.19824024753872	NA	2.13625368514924	1.9101394866151	-2.39818432775245	-1.15017975046259
"prt4092"	-3.43935588790052	NA	-0.149491062384358	1.19040353392091	3.25880535135131	2.59614749676898	2.21484195312458	1.53370804023573
"prt4093"	-0.954988872897558	1.04501663018941	0.105701682732771	1.64030856462336	0.533930541558623	0.81478157889059	1.15317980168891	2.33753082441029
"prt4094"	-1.55392125100381	NA	-1.09993590717197	-3.40763550798415	-4.27100585160215	-1.63207391733001	-0.737674063038084	0.275495336907922
"prt4095"	4.02441867511552	4.5674397194256	NA	6.1946492904847	6.24576256493423	2.76661605346953	NA	3.36241374659258
"prt4096"	2.95485803915364	3.78083213832792	6.97646316103618	3.81535281802966	4.42386140613957	1.82806024548605	NA	3.56951861254638
"prt4097"	-1.29055301814265	NA	0.834265608301794	NA	-2.70792305847539	3.34030914952999	NA	-2.01349633854877
"prt4098"	NA	-1.05005744948101	-0.0717758530482815	1.91413909146809	-1.34571858816533	NA	-3.16042860236546	-4.32252993892645
"prt4099"	2.95101163354736	2.48227885332975	NA	-0.402741789518105	NA	4.10667679924147	3.68358651879642	6.50747463376283
"prt4100"	0.351663538230097	-3.55759047750149	-2.07130527674471	-1.12401260751587	-2.85227885098036	-2.34553233144014	0.326889027808817	-0.521781018470424
"prt4101"	-0.0968793787908903	NA	NA	NA	NA	-1.38155630170889	NA	2.51035788401117
"prt4102"	4.09832694579636	NA	NA	-0.535334654116926	NA	-0.597180001559359	-1.26992925542033	0.947619148685613
"prt4103"	NA	1.02788601773958	3.93109017931866	4.75804132967813	2.83069726178489	4.10411271761043	2.53206939373972	3.58432393264445
"prt4104"	-2.0577750833749	NA	-2.13310363431461	-2.39065698688984	1.33881680204124	0.707643510775323	NA	NA
"prt4105"	4.89429895157734	NA	-1.79208880673067	2.89558830269188	0.0162293959237545	NA	2.93856345333804	6.32449978641674
"prt4106"	NA	1.38050448045886	1.28694515686832	-4.12795463110714	3.95349297525384	0.149248411165072	0.628282828049073	NA
"prt4107"	-6.27393174530869	NA	-6.03349887317254	-5.13831551024173	NA	-6.07141661637163	NA	NA
"prt4108"	-4.93212770862009	NA	NA	NA	NA	-3.77253925395259	-5.2405328091573	NA
"prt4109"	-4.95306181728784	-4.05042917486191	NA	-2.19136581548279	-2.52328487008829	NA	-3.8070570175337	-3.67976485024551
"prt4110"	-0.127302183472027	-0.224888423439315	0.856860451493948	1.57168585661306	-0.690466205383061	-0.131763551786886	0.227563951177141	0.793324910870066
"prt4111"	4.50834964842412	4.3733871320919	5.41638476088277	1.75257784408868	3.17156675918036	1.15425813490735	4.61111544300557	2.33569428013835
"prt4112"	3.90539316266706	0.868269839044625	2.82618048323166	3.99679318916515	4.97015844520122	4.92345978835269	4.68729887443089	0.061245994591467
"prt4113"	0.466507801762655	-2.06753891980202	6.93223290216892	-3.67690389925015	9.19949468287418	1.65683433490119	-2.7373089034873	5.79246815952438
"prt4114"	NA	0.526808173930949	-2.14253449333037	-4.38675457965625	NA	NA	-1.51403252473706	-0.0464371853800304
"prt4115"	-1.60173428232989	NA	-2.59562456620808	-1.6786737401453	-2.44254004055268	-1.50186169760487	NA	-1.58784252012866
"prt4116"	-0.837670394227688	-0.698798955894804	NA	1.21971660365181	-0.321714379757176	0.651475612283708	0.0825766111707333	-0.1893645059086
"prt4117"	-3.13023063671033	-6.09816480452675	NA	-1.40575366729306	-1.99803180628852	-0.112717898770051	2.54448347141218	1.04181534049545
"prt4118"	2.17227243574432	-2.00196142036895	NA	0.786807735019254	0.280377737781124	-0.522582158663341	NA	-1.83041457277675
"prt4119"	6.1809273222941	0.147606252794343	0.983053808381922	0.385141431112995	0.94588075121969	7.8326383196831	3.07570265860761	2.66591945576088
"prt4120"	2.86567707885466	-0.0603396884736793	-0.148732166581334	2.10947312435713	NA	2.07693890770927	0.877840680078321	0.226871093488646
"prt4121"	NA	-2.50219810745533	0.222342208003748	1.37774554719788	-2.09095694447813	-1.53978769880277	0.79141188252508	-3.09831384347433
"prt4122"	6.65416877794275	NA	-1.5642862856038	-0.67006166779124	3.23704987919153	-4.86508730234997	-7.46360294794782	-1.00601826009532
"prt4123"	1.55821626171139	-0.431544102286418	0.316624142091969	-0.909045410082701	-0.492830126128459	1.57130514549178	1.53481861437937	NA
"prt4124"	NA	-5.08154748565193	-2.69852880015073	-0.760028148337495	3.10281210962016	NA	-1.88843646808487	-1.07251989395829
"prt4125"	3.35367527858114	1.93108124810935	3.14298066266672	3.20937542178465	3.90252016287658	2.8865472432601	1.73141709059946	3.11807765105281
"prt4126"	NA	1.3634265675345	0.764593927779747	1.31858358174664	1.35101861111016	0.80504195132364	2.95472481312043	0.0334272775698196
"prt4127"	-0.608443807873933	1.55233592172039	1.61180198381803	3.61354311984905	3.74420378166479	3.82758542410463	3.24125383747592	2.17647301181208
"prt4128"	0.36038908780052	-0.421552007663861	0.34177966517002	-0.121592502498132	-1.18712718825879	NA	-0.0925626557066654	0.202382363055359
"prt4129"	-0.216772744133203	0.87603375556273	0.909052063215496	2.05728642708494	1.4421505292401	NA	0.4592927787342	0.00156493496822907
"prt4130"	0.0753392799854673	-1.79738127733723	-2.66530430268574	2.68786668550258	NA	-1.27864441692735	-0.533645040575998	-2.0112909275109
"prt4131"	-0.456498629621172	-2.15569700579539	2.25022697306988	-0.574835858574185	0.519096486801213	1.60763943517037	2.20265095094258	3.45232278593311
"prt4132"	0.0542097053393329	NA	0.965567977970401	1.545538245174	NA	NA	-0.846700628376621	NA
"prt4133"	-2.43234913464149	-2.09850456134215	0.0616975895374421	NA	-2.36365752010994	-2.55159119696683	NA	-1.2633277259206
"prt4134"	1.73914942250668	NA	-4.89250988995948	NA	0.521784301595005	NA	-0.212629201985993	4.67792946734594
"prt4135"	-2.10579901261572	-0.248883964155203	0.0157231706655192	-6.1545303220712	NA	-2.1932146579458	NA	-4.75697313123316
"prt4136"	-0.0236814473819329	-1.28214873054995	-4.48586429045827	NA	NA	-1.83185786372634	NA	-0.337104793616393
"prt4137"	3.38727354426383	-0.525079974621452	NA	-2.33374239442255	2.91826696478724	-0.289250281685453	-4.05177280764887	NA
"prt4138"	-1.02327452390623	4.17754980687809	-2.52963793244787	3.90753392315143	4.14973840898099	-1.96566278158091	-0.0509110663293981	3.68722324864104
"prt4139"	NA	0.579993761259557	-0.982605296141646	1.15013612157483	-0.999685722248424	-0.850617689530062	0.834013737341476	NA
"prt4140"	-2.52934496802455	NA	-2.06531267643374	-0.618595787397543	-1.00851439760763	-2.02502826476574	-1.94563650268275	0.531343304467653
"prt4141"	1.98438919531005	1.5184746531649	1.67711806090523	-0.0667306731105837	3.37954171098905	2.18886040175156	1.55355921547095	1.19604255496208
"prt4142"	1.78391467080956	2.63131984808509	2.88127623502808	1.30219503272965	-1.81989900264157	5.75928509268426	13.2685983988329	7.95575614062499
"prt4143"	2.63637133693717	3.17071144675744	2.16870180570082	5.38390227291359	3.01074148902432	5.74374144989758	1.37522107307222	4.65927536378928
"prt4144"	6.50284573738268	2.46178329547395	4.43306294493549	2.96544240405034	-2.23944701917743	3.65184742592656	1.10949567641211	0.977341235194545
"prt4145"	4.4598741467115	4.34720167588242	1.45347169775999	1.70586399318791	0.567048620438786	2.4542735252132	3.63354848666845	4.57497810831144
"prt4146"	0.471665333177369	1.83664759082996	-0.0195736366483783	0.568187637486925	1.12792375725731	1.41222023747678	2.57194360016587	0.943388687093421
"prt4147"	-0.208649740780858	NA	NA	0.755980577978967	-0.641605174533541	1.13376970648847	0.402193798668789	-0.0651122022780463
"prt4148"	1.22504532483643	3.95782829055312	-2.32589097929849	NA	0.691957523150727	1.98233260312517	4.48628095190001	2.19416961513725
"prt4149"	-1.90346979934909	4.29588029255072	-0.439983744329642	1.59627094462405	-2.79770476143027	-0.762873883751758	2.60176775797714	-3.29707728514719
"prt4150"	4.72942339388457	2.48294835733892	NA	5.42549033652942	5.32301187390688	4.06754780662648	4.63809690411443	0.695055923014606
"prt4151"	-0.0617772580374578	1.18592481118005	-0.120313077910206	0.780232367440578	1.1691815686369	1.1953417788552	0.189555836986164	1.46190337635525
"prt4152"	0.868628607264463	-0.613176315037399	2.18618750489726	-0.779210084367411	1.24489524391644	1.35068917743263	0.989607957707217	4.01134346336192
"prt4153"	-0.757606613949354	2.12143917346898	NA	0.80481521257505	0.50523012108241	-0.561278343129406	-5.19223668424033	0.291879194055523
"prt4154"	5.17264461759046	2.83865936749547	2.29616989842831	0.994183714118747	4.46344334803686	3.23763836338661	3.53183749099901	2.11089455958617
"prt4155"	NA	1.38474980862647	3.07691164046793	0.669712091525636	-0.216923446748573	0.420680315585338	2.27472566958908	2.53585667984172
"prt4156"	-1.78906792381874	-0.0386448609770022	-3.42951063730015	0.776031675135848	-0.552556112290419	NA	0.313766959945454	-2.4131979154745
"prt4157"	3.68509843809731	-0.901711374827195	3.17482097760703	-0.595321017076321	3.15529260210696	2.0605285633399	-0.417000004060862	1.38878960029356
"prt4158"	1.92773824412536	-0.833597004898361	-0.524074799889717	0.527575371029112	-0.961603479496092	2.22892589991078	0.239285751350486	NA
"prt4159"	-5.34226412892899	-2.41894250200118	NA	-2.04144779579872	-0.143059606697814	-0.0514338096693849	NA	-3.16786069616464
"prt4160"	2.92113233000493	0.532180931264787	NA	3.88327203867356	2.27546847123736	-0.435053639598724	NA	1.61756004753059
"prt4161"	0.813333943273582	NA	1.15661391298477	-0.344202806704045	1.73772811386617	2.42207659272908	1.10964497698185	1.8740038188343
"prt4162"	1.69804611568339	1.93467559444993	NA	-2.05650100438704	1.99415303851183	2.49807907549075	NA	-0.340880092688371
"prt4163"	-4.17615345942238	NA	-1.81343484287855	-1.2187608212933	-1.80999469093917	-2.46651707708283	-6.99455958466858	NA
"prt4164"	0.85823527088917	NA	-0.315354761862768	0.270477806301068	1.80285101774616	NA	-0.365749729372384	0.164768634383744
"prt4165"	3.40915425669335	4.6188970578398	2.42901157816712	5.3461001000354	5.45250350442684	1.13209427567268	4.63102293385229	4.06342695697181
"prt4166"	-2.62704686283561	NA	-1.38050562474728	-2.48834573645872	NA	NA	-0.448289626424323	NA
"prt4167"	-1.66040940624274	NA	4.48574724596659	NA	3.59119378422017	NA	0.363300154656399	3.50066856529207
"prt4168"	1.66112405496715	NA	-1.3481019302813	2.85505362277206	NA	NA	-0.733496599325349	-0.933543826862817
"prt4169"	NA	-0.380591815929677	0.709718011946866	0.476142278433438	1.02654374060833	-0.0406860302867224	1.2985826396281	-0.468944303975815
"prt4170"	NA	2.44792055344493	3.33221166344046	-0.0541113115371957	-0.161346530050867	2.39520308728469	NA	3.42770695353006
"prt4171"	-1.38405654828669	-2.65020101694623	NA	NA	NA	-0.389363199429533	-3.06918226507057	-4.89239217034807
"prt4172"	3.23986052174203	4.13065616357437	5.90437293874172	6.15120705533086	NA	NA	4.52721464477411	4.98542899971194
"prt4173"	0.392992685087264	-0.449277181583426	-2.32033462525496	-1.10081316590567	-1.16741833789082	-1.77298385241613	-0.355444827172173	-2.17718389811741
"prt4174"	3.459798818047	NA	-1.25067257461528	-1.09769887024183	NA	NA	NA	2.23415219264986
"prt4175"	-1.19828347244194	2.39303985475442	-1.14051336855132	2.2389300956562	-1.80066852991702	0.709141690451944	0.705731038748455	-1.57131146868397
"prt4176"	NA	-3.73748539725569	0.666998078403512	-1.80784748278113	-1.90450649980407	-1.0663618204139	1.97357605510511	-0.379116892410118
"prt4177"	2.87919795230882	1.25972619225061	3.92846593269004	3.48899158119363	2.86772623614092	3.95808825285989	1.68467582541975	3.04959117253582
"prt4178"	-0.491285567963018	-0.201226296597864	4.96814268152831	NA	0.673505174051203	5.39141987834669	0.889867315518719	-1.95997114926623
"prt4179"	-1.02037416001166	NA	0.205434981296388	0.382318796459938	-0.230485090216491	-1.69853590405823	-0.335701753959114	NA
"prt4180"	3.86688840888996	NA	2.89206964542779	2.77238016551335	2.96803205712723	1.73847356343845	4.37703899237559	0.139530829142587
"prt4181"	2.89836169322935	NA	5.17360689239219	2.64039733505169	NA	2.80320943171722	2.67571492022947	3.13026506127897
"prt4182"	2.75278018729135	1.89546115671502	1.24635927723012	0.681796548664688	0.628799577189126	1.16293878010213	1.24160017117186	2.5348112190098
"prt4183"	-1.04456153981986	-2.15683641141949	NA	NA	0.970020610953222	-0.552313172906161	-2.13007420160981	0.0742410918319771
"prt4184"	1.58340839336087	-0.623667155350656	1.06915742289752	NA	NA	0.437174681654352	3.62444111082416	1.43550664929125
"prt4185"	-1.68479182282488	-0.442762229065559	-1.60324393400316	0.403620563781834	-0.160420960768409	-2.33710204044747	NA	-1.1145827918233
"prt4186"	NA	-1.24553560608914	-0.54784679399903	-2.43706550014001	-1.07690734777488	NA	-1.54030224411598	NA
"prt4187"	2.48471641357848	0.862468043925481	2.80443273884241	1.43991256015956	0.0381867727571636	1.06760011412495	2.41465146783552	-0.212525367740595
"prt4188"	1.45292499314212	2.2528289516195	1.04626218841624	4.82496354659658	4.05579472031248	7.03779798242321	NA	NA
"prt4189"	-1.93377832725257	NA	0.239930086933769	-0.748128820516855	0.641280825509606	NA	-0.755330263576388	-0.335647449737083
"prt4190"	-0.659839653744091	-0.823261985973834	0.125328267909876	-0.22828065803606	-0.893270062331607	-0.673849929506468	NA	-0.556628813908443
"prt4191"	NA	-0.751705069388695	-0.691046110394679	0.709133329687273	-0.463274614225927	0.521903122755033	1.29531809077976	-0.927779204077997
"prt4192"	NA	-3.77139802496387	-2.59723806063411	-0.736358482182839	-3.38599618147623	NA	-0.625989436876802	-0.474501910056562
"prt4193"	2.11806031542064	2.55210351915644	NA	NA	3.81225659083713	1.4731275911582	1.03166505777611	4.08214741907172
"prt4194"	3.57191237159281	4.52841696522653	6.42070936103957	7.51976302771435	-1.2515694078721	4.25262854432335	-2.13374060054209	2.02010233542236
"prt4195"	2.10319726364413	1.12752036113834	0.36913555070773	-0.0692698574368436	0.438293428299105	2.54389115934498	0.334515728637867	1.41659101654346
"prt4196"	0.991644994464651	0.382356524218143	0.278795810177294	1.9305056015021	-0.0205619711901585	0.972485079696273	1.93164512508635	NA
"prt4197"	2.17248017628042	7.13436289153287	2.41055682763508	2.17978067070526	2.22437510565998	2.14884896320291	2.0646639118331	-0.355390399204714
"prt4198"	-2.67427920538567	-1.42755904867809	-0.0996546379764133	1.6927052479652	NA	NA	NA	NA
"prt4199"	2.45931265377534	-0.385213138567075	NA	0.955425915608197	-0.737722640676268	-0.887746030905936	NA	-0.66686883431408
"prt4200"	-2.09606939328022	NA	NA	-0.529295079163084	-3.22506182545806	NA	-0.0141692501890581	-1.84157849029612
"prt4201"	-0.816727131640054	NA	-1.51647992818255	-3.70910776132524	-3.31270267868639	NA	NA	NA
"prt4202"	-2.21029426550408	NA	3.63342422269117	-3.66443239480287	-1.68450160158164	NA	0.831612353408914	NA
"prt4203"	2.2264235244034	-0.78037396386847	3.10467154333093	3.49818468747467	1.77211245826969	NA	2.60981486301005	3.12332072858152
"prt4204"	-1.3982386430813	-0.846051155229118	-1.06512390515299	-0.715572559975767	-1.75145127096752	NA	-1.30047747723653	-1.13170876366071
"prt4205"	NA	1.87915386010836	-0.664462863651092	0.0596926261553683	2.0747498881679	-0.31037587064666	2.13711001008654	-1.26375849750046
"prt4206"	1.02094208927534	NA	NA	3.57833106572947	0.108140226654689	1.29913339189572	0.711980158768089	0.831481502905463
"prt4207"	2.58146216506146	NA	0.471266452880085	NA	NA	2.32745100532493	-0.0322519493070773	NA
"prt4208"	6.43199973696288	0.322480369206925	0.276788279734045	2.02694814093203	3.5078979855305	5.16921688186749	5.55993888256989	NA
"prt4209"	1.57057230514978	1.39825616601232	3.20368640615418	1.37638783192048	1.70313976679578	0.989207939179143	2.63685709800297	2.5961515985767
"prt4210"	-10.2449015035327	6.83024514903604	8.43280125055148	5.12076230684181	3.02830254499277	NA	NA	NA
"prt4211"	-4.71847637439942	-2.64693159617989	-2.66967300877382	NA	-3.58506313808091	-3.29084990495865	0.242134497806861	-1.91457753593633
"prt4212"	0.578152571370905	2.6035970613945	-0.503720589911033	-0.206756289912125	5.70273593791338	2.50750628772053	-1.46641849951768	-2.6443275196243
"prt4213"	6.29151269656043	4.42762718212912	2.76012977289218	4.07542765289914	4.53030954348483	2.77786283398122	5.56595308816307	3.96716550746479
"prt4214"	0.177469686641772	3.15123897939535	0.835866776826628	2.1317816000239	1.12751642051042	1.09221234990907	NA	0.0572032859236026
"prt4215"	0.737604208794692	1.35223405118979	-1.71548699437942	-0.186435060360626	-1.3493576635357	-0.335554619527907	NA	-1.49034062450248
"prt4216"	1.13066880185986	-3.40920775377819	4.7803950183726	-0.379733440905172	1.76284006929885	NA	-3.83162785575463	-0.605413292113103
"prt4217"	-3.39260748682149	-0.718085116436009	-1.01339967581831	-0.204931149958697	-4.66834469228091	NA	-3.65941215139214	0.116225307995333
"prt4218"	1.89548598905598	-0.123695010225036	0.924651936454964	NA	-1.34894388716802	1.59693023515896	1.5808059707556	NA
"prt4219"	1.12957308287933	NA	NA	2.32153644879068	3.62420267826328	6.36840690607957	-6.34787342237201	-1.50714701707737
"prt4220"	-2.29583924963388	-0.82270365619708	NA	-1.43109347787549	NA	-2.25616777702134	NA	-0.1881894040214
"prt4221"	2.2891758355919	NA	-0.0297802387469416	2.23773486934807	0.646969237671333	2.40779773191843	3.56031785092312	3.35486266226663
"prt4222"	0.123900792088503	1.99147108391843	4.09338362082894	NA	3.07095842269438	2.94259993139434	1.62116531759505	2.89768961333863
"prt4223"	-1.02998813713936	-0.126356320327856	-1.44141217294704	-1.43032151596626	NA	-1.65220865562176	-2.55752862688968	-0.440635009845189
"prt4224"	0.195312317731302	-0.211551820450991	NA	-1.66847040825876	-1.84436538832521	0.574275511064009	-2.52462421903686	-1.84464315109659
"prt4225"	-1.62898192169973	-2.57546976457822	1.22915485970109	-2.31443586124632	NA	-1.81086690477188	-1.43151663417069	-1.07564113990382
"prt4226"	2.96867212817514	3.61540770250661	1.1876675965779	3.31972454667304	1.61995182640413	2.69829707296456	4.74125746138968	3.56615546343435
"prt4227"	5.09000520513025	NA	5.79844309643419	7.76104173292385	4.6901693902535	7.02887111152922	7.80501991173676	NA
"prt4228"	-1.7431941117895	NA	0.0910846866809442	NA	0.190172230027494	-1.58424796271583	-1.88103967661349	-0.924736319512533
"prt4229"	-2.78403535327329	-1.81554652454574	NA	-2.70034859818288	-1.05254345648295	-2.39495878019464	-3.7124931512441	NA
"prt4230"	6.32820333423413	-2.3481349252184	NA	1.22618601606102	9.59444595942584	0.462464169925275	NA	NA
"prt4231"	-2.00666673381672	-1.12045746092803	-1.76807432205618	-1.19449788955828	-1.53639289487134	NA	0.523873346163476	-0.515908185325423
"prt4232"	5.85069308211408	NA	5.48539179512228	4.5187952905354	4.98864450336512	7.07801559240721	5.44314185270614	4.62522293781409
"prt4233"	8.44844990396803	1.65762577399305	5.94106848427322	NA	NA	5.99901240920632	6.48568902358496	5.42014896583522
"prt4234"	6.3604591618014	3.08140757641496	4.28731568074758	2.3562004619662	3.93292874565795	6.14827974316916	4.39465214270635	3.32572915564717
"prt4235"	-2.71635198272456	NA	NA	NA	-3.63107585479012	NA	-5.1600016551603	-4.70640406668491
"prt4236"	-6.2077590393494	NA	-3.84676713006739	-4.70563205405749	-2.61317663472589	-2.15603059362775	-5.09007778929212	NA
"prt4237"	0.516907220327537	0.426445287961512	1.58035480889088	1.56965671936734	-0.117451170143174	-0.842336910825322	0.335379506950147	0.684341098411876
"prt4238"	2.69050977168855	5.4954004869117	NA	NA	0.204436580483022	3.3581667086761	1.99482264286152	2.75235780217033
"prt4239"	2.35926391382854	NA	1.77631832161796	2.91759297505119	5.62007609526742	4.1629835199027	-2.72587578757026	-1.25068535750202
"prt4240"	-1.71424640636959	0.00889697388858313	1.41458966006404	3.07247952691944	-0.630741432050569	2.14928765864503	-0.595029527471946	0.384844230068215
"prt4241"	-4.16002029492097	NA	NA	-4.81857120779571	NA	-4.42999174264121	-0.580842852479915	-1.55206021120505
"prt4242"	NA	-0.170359276436309	1.08059464212341	-0.0468045914657872	NA	-0.815956940178827	0.504226458153277	-0.33069968984765
"prt4243"	NA	5.24299660365237	2.50426284280987	4.44138665398474	NA	2.6193025065859	1.33578281205853	NA
"prt4244"	2.12508384315793	1.87756466535006	-2.16472491844911	5.60395411126358	NA	1.74390066309403	4.00555683811109	2.20625165381936
"prt4245"	1.69394084449914	-0.570344553097096	0.185032660651054	-2.65399539801736	-2.34879882457434	-1.31349220445813	-1.79747886777295	-1.33284300609417
"prt4246"	-2.02279595425253	-2.01604488041334	NA	-2.00745271092188	NA	-1.78339079251592	-2.16546292009024	-2.00490099682086
"prt4247"	-0.732711313924435	1.67305447656187	-2.28127571026534	-1.91875210285972	NA	-3.07305370574226	0.453375346761909	-0.538853553338433
"prt4248"	-1.77847728025714	-0.950552978521076	-0.16709780495362	-0.428351463942639	-1.5510139538455	-0.822863783201564	-0.553644276678283	0.256248558742222
"prt4249"	2.13635825379424	1.69160379555416	2.76783973159715	NA	2.76917818690776	1.31148211859931	0.122149985258083	2.88971298400721
"prt4250"	1.05263886029083	2.51914403946215	NA	0.667819883745475	1.85412441061569	NA	3.51332759652503	NA
"prt4251"	0.863579536058347	0.661689207945925	NA	-3.21654498803685	0.179709030855757	0.93298647668363	0.490436529935507	1.20041420652417
"prt4252"	0.187782551461968	4.13570893049749	1.04995022114286	10.0453263471325	0.938427925287848	-3.33286941835662	2.71855579178329	NA
"prt4253"	0.369652812740365	0.464570136255446	-0.600708811566631	-0.836840165401263	-2.18574680644907	-0.636250301904578	NA	-1.42532232623249
"prt4254"	-1.85686723114204	1.16117280747726	-2.48313517582657	0.0145728472469189	-0.596649825672666	-0.359427810136621	-1.31020825748477	NA
"prt4255"	0.235721175951454	-1.7878711599135	-4.06119788431672	-1.7250137654911	-3.29739292719121	NA	-2.27541799957318	-2.10465115688606
"prt4256"	-4.20403814281234	NA	NA	-3.19729098169342	NA	-4.17604183480565	NA	-4.04907301727735
"prt4257"	-3.52843636311613	NA	NA	-2.34490204310813	-1.39501411972686	-2.01569119089059	-2.18536209404362	-1.59058267050436
"prt4258"	0.455020697196267	-0.227217344511199	NA	-1.22971865114176	NA	-0.013747028414975	-1.0294036705408	-0.829942871892067
"prt4259"	-2.68653625955298	-1.94746633367439	-2.19832010952284	NA	NA	-0.547756233919842	-4.21629120629379	-0.557062502419065
"prt4260"	1.75495185309262	6.42437251811535	3.97571314279119	5.7788723735402	4.26619283797409	4.47948891939272	3.37256305878753	2.76004577259273
"prt4261"	NA	-0.957323262835797	-1.74625528018629	-2.02727537712139	-1.18542441803421	-0.826243028718256	-0.683517153015653	-2.63390911353666
"prt4262"	-0.757252906628796	-1.73970524707633	0.935631557860705	-1.218542884371	NA	-0.254318630355638	-0.365435732834762	-1.39293766630968
"prt4263"	-2.26717568479476	NA	NA	-0.365791443027083	0.0827117800614295	-1.09037157346074	NA	NA
"prt4264"	6.85470322834928	4.32890347854975	4.21244243147556	5.72542124800725	4.57055590139852	4.17049749912104	3.76016686867225	3.15266513561724
"prt4265"	1.58058301906112	1.90126821854539	0.854649060870891	4.30183796946423	1.17723781078467	1.17029837791254	3.80989080764301	2.91379218344762
"prt4266"	-2.438607855932	-1.02474339512747	-2.57310193416101	-1.15011152062909	-2.24963003204475	0.674134571075567	-0.925665047255794	-2.9835294266336
"prt4267"	1.27741111714782	4.04881326038743	4.29249317585356	NA	0.995935690915515	4.71478196376514	2.29368728670856	1.41083195816579
"prt4268"	-2.39404654111662	NA	-2.06606589312809	NA	-4.37723134316543	-2.76994403338833	NA	NA
"prt4269"	1.46100364896065	1.85732235932005	1.90881683604468	NA	1.27889271403575	0.886435264164641	0.260274863027541	3.32178423084285
"prt4270"	NA	3.47658699516419	1.73466954497259	0.0133899376213391	NA	3.52916448811527	2.04902133524753	3.76605936390772
"prt4271"	-1.75444751667673	NA	NA	NA	-1.14863527236425	NA	-2.31894658186692	NA
"prt4272"	NA	0.880192751858359	-0.70445667478381	0.399548212872301	-0.814831618875822	-1.21405655791782	-1.09187563154367	0.551653614494728
"prt4273"	-0.58178110149593	NA	0.981545977347366	1.60442501120015	-0.353284052591588	0.175259952154923	0.113321737874435	-0.440881037084032
"prt4274"	1.73351273695891	1.90385512853723	NA	2.63229141627179	2.13439087403139	1.67859003924788	-0.568928797880921	2.03616103535154
"prt4275"	5.5608717394728	5.48653581348986	6.17916634755564	1.84308908328802	3.59497081629927	4.50352997231759	2.69948861677199	5.18076374386197
"prt4276"	3.98982184552026	-2.10810344969843	0.492823639968418	NA	1.92673384913773	-0.693027581614984	-0.0992736003699116	NA
"prt4277"	3.92249878832111	3.30818285926329	-1.71348956167534	1.32393525343308	3.56526405021579	4.32115400516139	3.39294810377804	0.913519691902781
"prt4278"	0.267397898038117	6.84790422807113	1.03181605954102	0.820507835319511	3.9290277698909	0.22785776017028	-0.231280579899853	4.81605250656308
"prt4279"	2.65943831812621	1.11594737078539	7.18896151025394	NA	2.7729067350184	1.36314748578424	0.312696756156575	4.26429483282969
"prt4280"	-0.73455325371602	-2.69658343776466	-0.464582448079909	-1.99628267153534	0.0659912991916602	-0.793889152960754	-0.971005435890231	NA
"prt4281"	-1.37720130157204	-3.66373369651587	-1.45229470886586	-3.75436808951145	-3.74103456151404	NA	NA	NA
"prt4282"	-0.113067904087952	1.46307985094339	2.05702414573309	-0.828297039759958	0.299254929949601	0.992808656111088	3.37345137495509	-1.19220952551312
"prt4283"	-0.0698554499645491	1.35727180117537	0.746903544644033	2.29678164794047	0.644637819732354	2.6988762628043	2.18537147096385	1.73888432082777
"prt4284"	-2.30782759398691	2.8426283681184	-2.78222388338429	-2.89695129598364	-0.420975194246823	0.857186749223093	-2.15014672856614	-2.47890812723506
"prt4285"	-1.43211566706758	NA	1.38664960911977	-1.11429022229067	-1.02847285678109	0.957209120425342	-0.533319776755924	-0.53654734912534
"prt4286"	3.22630667298329	3.72356464058074	NA	-1.4469184732546	2.72019555228922	1.20883436463348	3.60848532374055	0.397381508876529
"prt4287"	-3.10762217544774	NA	-3.37895077033474	NA	-2.07620441016089	NA	0.347307601965202	-1.79948177794373
"prt4288"	0.734583780655046	2.06806005084488	-1.58234484797555	1.04265764634638	1.46674128767928	2.5734007196286	0.94590877937243	1.95036073006392
"prt4289"	-0.206431448456378	-3.78627792790667	NA	-4.24766178809365	NA	2.21442034288071	4.3057225824798	-1.18877861147717
"prt4290"	-2.5690369930927	0.670719081349125	3.73738313392454	NA	-0.281245584562659	-3.56608372142751	-0.739650247479738	-2.83040745404155
"prt4291"	-1.95321668226998	-0.967657708883559	-1.61321189913068	NA	NA	-2.92022574435616	-3.41887359309615	-2.57113315229192
"prt4292"	0.921312793457146	3.03351785349027	3.74947864616384	1.16592482668499	NA	-0.932321946686618	-1.64986275049721	-3.13874564192587
"prt4293"	5.44639718460629	1.28545868344938	1.51226844930715	3.41983076025294	1.62251655461397	0.787407394077554	1.83787304619516	3.09053033694063
"prt4294"	1.68774465263161	1.57731132723616	1.42270601646957	NA	2.25461097686089	3.17620115303473	2.68933684782181	3.02114259030971
"prt4295"	0.816542163595427	-1.22532861840327	1.88777023572473	1.86469555250813	NA	2.54157123863791	3.57909283464768	0.974015284009467
"prt4296"	-2.26709897168537	NA	-3.18190717540664	NA	-3.2919018693951	1.8808489781723	-2.46633042183508	1.76894820563591
"prt4297"	NA	-0.356654973444279	5.8267035741694	-1.31539977020157	1.53876537941721	0.0381175493571532	-3.31070981997276	NA
"prt4298"	2.45487765577204	-0.353522905761429	NA	-6.7476449405096	-9.65782293933552	-0.385762441258732	-1.25798181219789	-0.0593179718086414
"prt4299"	-1.7828572275464	NA	-2.10016148597923	NA	-1.75964074998278	-3.08112330464737	-0.00127479781401124	-1.33180348407283
"prt4300"	1.95894319931774	5.02033677655242	2.27287013600838	2.31104437488978	5.99440163235351	1.61154134018361	-0.5270057874969	3.96975974104019
"prt4301"	3.0510978801278	NA	4.88253760655623	6.51205683728234	4.82827083399333	6.68596620067049	5.79246835165969	4.3875055346593
"prt4302"	-3.63830664269986	0.554571153289571	NA	NA	4.088057233603	7.07854780034798	-2.19254462824513	4.16822708778354
"prt4303"	0.544396857916033	3.49915727643089	0.606257593808381	0.368070922787018	NA	-0.315698095232282	0.863973127567134	0.529395002192296
"prt4304"	2.91554841919656	0.859943887238326	1.77037798781065	0.0295111248057457	1.94213593048968	0.42444892641749	1.37823754318815	3.96068944523007
"prt4305"	1.59790948025346	1.38956348108561	4.35905950325705	1.33971803905389	2.7875142097171	3.13223497654523	3.32897372558847	2.5397591732904
"prt4306"	-0.581652833074156	0.449320373639766	-0.616529500238291	-1.26424940069523	-1.66361710621988	-0.689015336302325	-3.08327425707608	-2.11087495756829
"prt4307"	1.29395141365862	NA	NA	-2.6921053218749	NA	-0.682662724955199	-2.01872978423704	-0.156711956832294
"prt4308"	-2.53747539231614	-1.50262290259902	NA	2.65807934287716	-0.755940424111374	NA	NA	NA
"prt4309"	-1.083446686077	NA	0.308201644363883	0.708423391605036	NA	NA	NA	0.412645020262304
"prt4310"	NA	2.30703601329558	0.340522298907818	-5.47218667893586	-1.58387043109888	2.47749564465386	NA	-1.44462577070916
"prt4311"	0.274721969328245	-1.66444176385889	-0.799528904782385	1.36807557036193	-1.75045892022822	-2.42186468362157	1.5285213187178	-2.96748089605238
"prt4312"	2.305833539521	0.526679602591861	2.57917902699499	6.86344187105817	5.97164804870958	-2.27293445696115	NA	NA
"prt4313"	1.88891533046665	1.58199076473027	0.234891359406333	1.16259958849714	-0.110088126211264	-1.4226291615845	-1.1772482250602	0.723154026964191
"prt4314"	-0.322235959048869	-0.198732874410625	1.784397197061	-1.92603888113722	-1.40155725528002	-1.77212713627695	-1.91297527812855	1.48641615451154
"prt4315"	0.746085760104959	-0.594373540447158	-1.08746564672487	-3.36802146750539	1.77188861075864	-2.08578480912283	1.10910000445924	2.29009713532844
"prt4316"	-7.81431634919999	-1.93206883494579	NA	NA	-2.27854957398424	NA	-2.20952624752725	-1.80843139041592
"prt4317"	-0.261496085096019	-0.46306914062709	-1.12179253701025	-1.33911694210332	-0.754294603904603	1.32448653798556	-2.25913676196431	-1.65012480894552
"prt4318"	0.329068169200798	-0.834133302730646	1.06381413603752	-1.38473851595583	-2.3375445755487	-1.19676941550828	NA	2.35971436607179
"prt4319"	NA	-1.88314088336792	-2.88533085816305	-1.39362971741695	-1.29085684087	-1.17103187911816	-0.133500028970645	-1.75247479747834
"prt4320"	-1.82729704090546	NA	-2.93132028607674	-2.01967650522906	-1.14278354256247	NA	-1.5874136096699	-2.00985317733704
"prt4321"	6.08431821488592	-1.20700222948369	-0.561771464558935	1.13986297043763	-5.56067481992891	NA	-1.37685987974468	-2.56765415555108
"prt4322"	0.884259587451341	NA	-5.25880577930685	0.399666180441138	1.65856872456194	8.81436625963892	NA	NA
"prt4323"	-0.122337322384099	1.82312306082634	NA	0.711304995275471	1.32818619486124	2.28488252998614	5.45606537469405	0.995288934574508
"prt4324"	5.0993929873307	5.36906823361019	3.10254864622572	1.53520924112047	NA	3.44082161679375	1.07300278364429	1.85937278276433
"prt4325"	1.51708687464169	NA	1.65875306052196	-4.27854469214442	1.21969433230566	-0.62992243913784	3.70715407347795	7.02690447808042
"prt4326"	-2.06507460209026	3.56620454431433	-1.06430577708151	-1.00082037280729	-0.416256704375735	1.82336702546326	6.88798497796517	2.83844396187743
"prt4327"	1.25341429368516	-2.13666990059537	NA	-1.60684611306742	-1.27152618674919	NA	0.214507769238384	-0.600956468334001
"prt4328"	4.25518126344443	4.42983970450941	3.33256119647381	3.62205063556892	6.40872142263756	3.59880670029925	6.51485986473212	3.87650605939615
"prt4329"	-1.22595341241022	1.91778849578787	NA	0.644326139634487	NA	-1.58654556508213	-0.862857233612246	-2.30814397819063
"prt4330"	-4.65325930864644	-2.57669615311592	-1.73284494913041	-3.68669799460329	-2.49235900548902	NA	-3.40137301902427	NA
"prt4331"	4.84204996636457	NA	NA	5.12350648496114	3.86293925233817	NA	2.93791191161304	2.82127253669597
"prt4332"	-2.68110375935375	-4.5904166216742	-2.66551842273996	-1.76902618646871	NA	-0.642581148591592	NA	NA
"prt4333"	-4.06036730985002	-7.36305513851313	NA	NA	NA	NA	-1.13093726986326	-2.28248272247523
"prt4334"	0.265823441650066	NA	-4.70932421513144	2.73073110118078	-2.24190213522142	-3.70017161559592	NA	NA
"prt4335"	NA	5.1899577465457	-0.365587533144551	0.975449378033867	0.371692003639935	3.12265542761971	-0.0293189528336681	NA
"prt4336"	-0.979191329306122	NA	0.189476534954589	-2.70787614750358	NA	-2.28867453813576	-2.79131670106749	NA
"prt4337"	0.692606760081597	1.13653526542977	0.314479165409015	1.11322238693632	2.06175840887823	0.757333097028868	NA	1.36162008199235
"prt4338"	-2.27779728852043	-1.49058069755253	0.918928681605312	0.527825610997026	-1.47465847602268	-1.28633965124098	0.375929961892218	NA
"prt4339"	-7.43288049687067	-0.0118098242318068	NA	NA	NA	-1.44170262383205	-3.43632483987138	NA
"prt4340"	0.0206882888030449	-1.90911654275815	NA	NA	-2.52170343159167	-1.03582230257668	-0.393622939040194	0.0170899767877567
"prt4341"	-1.25385951599318	1.67858044906884	-1.19366077714427	-1.20519120756557	0.385535048589975	-4.62293085891944	NA	-1.85927577273572
"prt4342"	NA	3.01065852510281	2.17771421624327	3.36265886927801	2.37929777808787	4.58111068391659	2.41525063668987	3.59362363626554
"prt4343"	0.539069642864412	0.472391961411891	1.03185542969993	-0.157923797421632	-2.45566420694305	2.68710609591095	-1.88416968373458	-1.82090485301037
"prt4344"	-1.98402882789778	-1.1815041946289	-2.7543670352938	-0.957257463642326	0.746055820159368	-1.82584357498606	0.882177612243993	NA
"prt4345"	-0.562152861411729	-1.46003798252249	-2.21343533657807	NA	-2.7187848150387	-2.03820293261698	-1.68215935073048	NA
"prt4346"	1.48787461275715	2.27150296036671	4.07496551788295	2.19049792001301	3.44685391163795	4.11073183627423	3.25302136127964	2.61669853029285
"prt4347"	NA	3.06285832325981	3.28093113718336	1.84241009770033	1.07566789518682	4.21281556125823	2.84880283861881	3.45237154673726
"prt4348"	1.58470471739017	0.823868421059066	NA	5.26922258881034	1.58559926253135	2.712936212083	4.58925704602709	3.59075282251677
"prt4349"	0.742541095024438	2.08512737704597	0.843012103754959	1.27985110538973	2.20170232246856	1.33504716222011	4.60950714358379	2.92535030919035
"prt4350"	NA	-1.81084528113854	0.216798688067199	-0.88555911790169	NA	-0.403910660057663	-0.0616430348201317	2.513430169541
"prt4351"	1.98678617393615	NA	1.43184584776738	1.10286443601227	2.21272492921296	1.55882505426326	2.83160851598411	-0.963179120443816
"prt4352"	0.661734166379258	-0.992132399094921	1.59224456657124	0.298933857856635	-0.81774584428857	NA	NA	NA
"prt4353"	-0.331955833106404	0.294335264873651	NA	1.87647859714913	-0.568473782965166	0.728885491818207	-1.90586924512133	-1.25251642117284
"prt4354"	-0.111978332717448	0.127074157906419	-1.59059620613772	0.0356441923456635	-2.20369475897868	NA	1.32015125286177	-1.16609795936774
"prt4355"	NA	-1.15842279852771	-0.238427683114445	-0.324726637510806	-0.0283631380361698	-0.615680107866983	-1.23171182838113	-0.228813995398026
"prt4356"	-3.85664724008441	NA	-3.75471846193015	-2.13769617752542	0.115775728233014	-1.29056479786532	NA	-1.77109098383147
"prt4357"	1.75577110261859	NA	2.29460537347441	-1.77895514223071	0.959918340896877	2.25545224094803	NA	2.30993178664764
"prt4358"	0.315285104412674	-0.434160049517901	-1.30136724650911	NA	1.69233484188479	-0.478268034712086	NA	NA
"prt4359"	0.53402464776963	2.76633627688406	1.87908687024272	2.38338926567932	NA	0.202680603419585	1.53883015520037	NA
"prt4360"	-1.35877385271894	-0.109879305272524	-0.718305447550599	NA	-2.07470677141849	0.660450416962071	-2.87218298881839	-0.512401251956966
"prt4361"	3.68197265546539	NA	NA	-3.95870224994752	NA	-2.11616853056676	-3.47131884992617	NA
"prt4362"	-2.25956311867196	NA	-2.45766585211897	0.437760198541474	-3.15049320319411	-2.34898210504455	-2.15057076799367	-2.24279074120121
"prt4363"	-0.822201888602929	NA	1.3501297633483	-0.00584906920559339	-2.68770056932631	-7.8580371744195	NA	-2.27205439060955
"prt4364"	NA	-1.35383403185474	-0.618596388632908	-1.83229679431622	NA	-0.743960239975405	-1.11411058556132	-1.90373982923773
"prt4365"	0.541520010174164	0.725188573059319	NA	-1.15156067087656	NA	3.63226792198155	2.87142187177531	0.0339233967221825
"prt4366"	6.3218665351759	NA	10.1470175233083	8.00254507295693	-1.11731795653605	NA	NA	NA
"prt4367"	-1.20710929183953	0.249020121950763	-2.13727566754017	NA	-2.18452208087293	-0.299123386628316	NA	NA
"prt4368"	-2.18517591452617	-1.09178152552508	NA	1.59330107840026	0.139685664187879	2.92582458017491	1.90791985307341	-2.64963332756382
"prt4369"	0.974003475249562	NA	-2.59307165130237	-2.40673120437713	NA	-0.17002792050808	-2.54483804426322	-3.58020116610438
"prt4370"	2.61648128788988	-1.18948951591629	1.03519281818718	0.512322853804673	NA	-0.343067993759305	2.18274160838164	-0.319569135295169
"prt4371"	NA	6.35330100193807	0.625809343422548	NA	7.20022391234356	4.08750716866302	3.11032932015869	6.7328539990068
"prt4372"	-0.349447068786529	NA	0.809758798198915	NA	1.09467067892401	0.628011961043136	-2.04830333060681	1.78884441311239
"prt4373"	-0.438039219557586	NA	1.72222691185476	-3.80073965053432	-0.921176224646552	NA	-2.05000899531985	3.111961126111
"prt4374"	-3.75400765963001	0.49890311516507	NA	3.48666346401628	-0.318016875686675	-1.45257653634982	-1.06354648648937	-0.683548027637994
"prt4375"	-4.00297321477397	-1.62131781291493	-0.0504919008517894	0.223884946969891	-0.350719871919779	-0.496341230237783	-0.779893996834487	-1.01126738533488
"prt4376"	1.76391820247271	1.23743098808322	NA	4.16330183441356	2.19581634349219	2.42841244315818	3.54179045976167	3.2747054116775
"prt4377"	0.647453268242056	1.09364512394124	-0.708802862340738	0.257327307412878	0.406696694305261	1.51170472052433	1.64797787983109	0.582994592966207
"prt4378"	-1.33388740546497	-0.497098005234183	-2.26374416648224	-1.21196708020912	-0.840762287768884	-1.02393863555984	-0.518927582501145	-1.40741946432193
"prt4379"	0.413878178504614	2.21913938928333	-0.267323410831394	0.506139063380103	-1.86775433442476	2.37757350348958	-0.0963064015779121	2.01335591379108
"prt4380"	-3.76125883910771	NA	-2.45352731753108	-3.84161689854328	-1.7805570783072	-2.77288359657295	NA	-2.34826841583966
"prt4381"	0.413443386448514	2.81989598836533	4.73878680173514	2.35659522592165	2.91449371855486	2.22535440593005	2.61822206175663	4.79955755435416
"prt4382"	0.525003624964457	NA	0.0111512480436918	NA	NA	-0.763132496544143	-0.527816269522155	4.19622933045242
"prt4383"	NA	-0.419156863643415	-0.982232967171001	NA	-1.27337132739664	0.788557577290963	0.548744534256218	-1.64331812914158
"prt4384"	0.915887109090418	4.16367503234416	-0.265609198732893	NA	2.56993470125238	-0.237367712387674	3.44491334738431	1.61801428474349
"prt4385"	1.55054914593451	2.5588540702691	1.4687862905252	-0.139596664369725	0.78844217548852	NA	1.80676777355076	1.20089978865521
"prt4386"	2.76950975494438	2.58606038258514	-1.15511073517379	3.34589949815174	NA	1.89847211176033	NA	0.794284037750276
"prt4387"	-0.162690880743608	NA	-0.72761683091435	NA	-2.96956305558878	NA	-0.52323868354867	NA
"prt4388"	2.77234910236446	1.93682952685188	1.96143939200656	0.843069481550704	1.79987919518783	1.00144526225103	2.06698522105277	1.12131318334526
"prt4389"	4.62204277722947	1.85948441048651	1.81294411115854	NA	4.3983303145713	2.16980120930058	NA	-0.497445402402213
"prt4390"	-0.192556136936428	4.72020852587795	-1.00539511812018	0.591926848500161	NA	NA	3.41018874401149	NA
"prt4391"	-4.16534512830733	NA	-2.28447687949186	NA	-5.9847869200928	NA	-3.45680698309396	NA
"prt4392"	1.54245869303325	0.947880296876755	1.16641425819655	2.41619042731141	2.36799490934768	0.485242746244539	2.8689619656714	2.03975042993184
"prt4393"	2.85375965319049	1.90859057810746	-1.0680466472961	9.11365487062473	NA	1.5920198587577	6.30070661603937	1.37076616250731
"prt4394"	5.66340673925825	1.95280477855567	1.20294757392312	4.59731988470989	7.92626181307243	-2.09955627190417	5.69539084886667	0.185524168603235
"prt4395"	-1.16528980138817	-0.036524391530513	0.878127291163655	3.90365923442579	0.640368567045947	6.62593330747823	-4.71555517865322	1.17035691185128
"prt4396"	-2.42114981991487	0.134328064047047	NA	0.00300587239768202	3.09736448615021	1.24678658082352	1.15292790774108	-1.24079571519002
"prt4397"	-2.19667067143533	NA	-4.20069444217994	-1.30027620338875	-3.88004249771423	-6.19525455167761	-4.47467595926602	-1.58137591885433
"prt4398"	NA	3.64368478138298	3.97141821116735	5.20986573256707	3.68636706731753	3.88028891311573	4.83288933958949	3.50470119483039
"prt4399"	-1.09615525409342	-1.15318335192311	-0.77523918833392	-2.89707926398409	NA	-0.995948522837011	NA	-3.02947596344996
"prt4400"	0.215625118875093	8.80967202867604	-1.08049739924561	5.30776374841321	-0.0118133312476045	2.85907984004141	-3.30643028074393	4.12216997672411
"prt4401"	-1.84577410458284	-1.17039553469965	-1.41035149334118	-1.26564274080034	-1.99297767078789	-4.85324906053672	-1.47965409093748	NA
"prt4402"	0.457437648540752	NA	0.739755657144582	-0.861495816177647	-1.32922042990404	NA	-0.541867836577292	NA
"prt4403"	-2.93185377349995	0.474078564948009	-0.391866874210635	NA	-4.69120885108656	1.88368549773261	NA	-1.11993341174598
"prt4404"	-1.39571761279822	1.12132847810639	-0.761974947894501	-1.46913817860726	-0.630798443969911	-1.68645503848362	0.8778052684835	-0.931436417329472
"prt4405"	-2.14898965157046	0.609942409654795	3.95985208639703	-0.152041238759169	-1.28196278150003	-1.32416240873346	-1.85983795335564	4.25453264560918
"prt4406"	2.9099289364859	-0.139402666442474	0.906277189795096	2.1698342051149	0.11439448863125	NA	0.918813706372928	0.39608820555467
"prt4407"	-3.37535767260912	NA	-2.41915602237427	-2.11737556061445	-1.41180878461291	-4.8054123255883	-2.29227568259456	NA
"prt4408"	1.76316659937262	3.88699268104435	NA	0.802335767764805	-4.24613637497152	-0.480181730333416	-0.146606803944819	-4.31323090750092
"prt4409"	-0.689812297298259	NA	0.548690628043951	1.40431778656998	1.14297383333145	2.19426960387485	1.35710778580672	-1.37668087351671
"prt4410"	-1.7387862188785	-1.81444173699625	3.29358792324954	-0.415335185500898	NA	NA	-0.562221337347457	1.55385205779682
"prt4411"	2.41986252042568	0.389800831819452	2.62003470762834	1.63555565823257	1.13575278421667	0.849532351158079	1.79082342659979	1.65250450776116
"prt4412"	2.22618721924173	2.72370569736581	2.55026486592626	2.78851051973046	3.06914599529047	3.92258521800214	3.26952051698178	NA
"prt4413"	4.42336459266911	4.74131531952511	4.63123618129107	3.88857792364185	2.34794800325534	2.71043437650606	4.14719124142681	3.85173483255991
"prt4414"	1.18888767274673	4.525351415161	3.9582753797929	3.29015293218768	NA	1.42211428472666	0.75534628664381	5.35775946820257
"prt4415"	NA	-5.68489813692039	-1.68711686218682	-2.6734145178462	-1.50818107216868	-3.37934996869858	NA	-3.03945039273908
"prt4416"	-0.991597313545115	0.68911472345382	-1.43204690775825	-0.0573442248089122	-0.109720735863128	0.373168995464546	-1.45090249592273	-0.220455892218942
"prt4417"	3.94148840821628	0.738310868088736	0.079707633205931	0.685428925771519	2.50498749965542	2.44026765610601	1.18636168469731	1.74865483520519
"prt4418"	-1.20073470098496	-1.49709698439404	-2.89907511025547	0.559446260456139	-1.36590645441042	1.40434815806474	-0.282941684894938	-0.995454124696381
"prt4419"	1.80935941171949	3.66049927128026	-0.900348230402514	3.6188377827676	0.139732338400803	2.21005649380308	3.16325860391398	2.09218588577478
"prt4420"	-4.7137601331112	NA	-3.94579623942024	-2.14471311369913	NA	-4.23336565353764	NA	-2.18314083100583
"prt4421"	-2.87219866606205	-0.65231242070669	2.18197408605312	-1.94086767635413	0.0657577279021079	2.84024821767504	1.16795216925519	1.4735411455851
"prt4422"	-1.26950845360004	1.25876920451345	1.55213365418474	0.395528708412812	0.668251916770545	-0.970783177833687	0.113485494753291	-0.0538228231186412
"prt4423"	-3.2468612708844	-2.59135753658234	-2.09480963114695	0.887767834261687	NA	NA	-1.37453758868271	-1.07136512602693
"prt4424"	1.09127963834301	0.801938819114082	1.75141359507577	2.3231174751707	2.9707179734353	1.04737087241145	3.47347390447338	2.34756918361751
"prt4425"	2.48360994961195	0.63607442879019	-1.80314783146582	2.1513746557332	0.033460464150724	-1.49898166533187	0.861020560586332	-1.25220355736374
"prt4426"	0.55308334897079	2.64860336366117	0.453365360502979	NA	-3.54692503344928	-2.12989609583807	-0.145241692763906	NA
"prt4427"	-2.22214592494994	-3.03335107059193	-1.12237657811135	-0.441130996746859	0.0426836903683374	-1.07376355053222	NA	0.872473575178545
"prt4428"	-2.11846814741321	NA	NA	NA	NA	-1.67741042129687	-3.32137722329682	NA
"prt4429"	1.09926157269942	2.34400998232506	-2.56612614986379	NA	2.13110418688007	2.32367648963016	0.290799775223795	-0.551842995272212
"prt4430"	8.62751296620919	0.409412336242468	1.08342752728766	-4.29147609266628	4.86540700697266	2.59255865934892	NA	-0.795579044695185
"prt4431"	-2.70717681464289	-6.23502144495734	NA	-4.14922950655085	-3.56509154874106	NA	NA	NA
"prt4432"	1.87823299667014	2.86529273782366	3.32505876280312	2.68416890638587	NA	4.25184708863429	3.97574981399289	2.01747890002894
"prt4433"	5.44897917733596	4.67469993401144	6.34519215593943	5.83486803261651	NA	7.82785193217662	2.97130944006565	7.35427302724189
"prt4434"	-1.63447056862898	0.78117339540467	NA	NA	-0.702148321481059	NA	NA	0.844617536259723
"prt4435"	-8.07300869657247	1.20073064859313	NA	-1.80008041936499	NA	NA	-5.74363198261199	NA
"prt4436"	1.47485343567029	NA	0.0694293705110521	-1.55189056491414	NA	-0.205173622469807	NA	NA
"prt4437"	-1.6159439266005	-0.562430586864924	-0.0301081471282445	0.101394739338909	-3.63905452408551	-0.0979545009948785	NA	NA
"prt4438"	NA	-2.08360436393588	-2.91689283047078	0.0514521513170977	NA	-2.08192327435851	NA	-0.78406659370882
"prt4439"	-1.34497904032103	0.842350213855778	0.0879134424872403	-2.19932513927878	-1.32597593798297	0.614511471691595	-0.53535368145966	-0.560493419261914
"prt4440"	-0.149265607239736	1.9979419068734	0.44591895138618	0.684154205984141	0.0630930874787664	-0.208253697432425	-0.0792625761809798	0.793997359447636
"prt4441"	1.56922627675997	-0.822398306123105	NA	0.789850231816512	1.1419372979535	-0.16168676747446	2.40733765087932	-2.26042820138411
"prt4442"	1.64131227118596	-0.890666599838164	NA	1.6211117378932	0.265752535999835	-2.30738484880644	1.53888399956213	NA
"prt4443"	1.07672294297999	-0.965054924727239	1.89950850771817	1.45376117895379	1.08814667505762	0.166212803274196	0.688608278324898	3.52552587542194
"prt4444"	-0.551162128537307	4.64154438597185	0.551607524350175	5.03904832242288	3.20685222228459	6.40762990491986	2.80950845718799	3.70968248418388
"prt4445"	NA	-0.629012934069738	0.29685108458038	0.714841322849155	0.962791620155354	-2.3728599008241	0.135998353861415	-1.49190495511363
"prt4446"	0.952640736706126	-1.06050548821646	NA	-0.216934502765841	-0.290571826995561	-1.60759194768142	0.982469601583787	0.803205761860641
"prt4447"	-1.78565857800751	-1.18562790933351	2.19797855993008	2.74882502651236	-0.675894768978619	-0.889667224905687	-0.762603458245865	2.79535906656928
"prt4448"	3.15605012138656	2.74761390977326	4.30668971548004	3.72867173706618	4.52465031925333	4.26136168663727	3.95447541398932	6.17271524099793
"prt4449"	NA	-3.29656630277032	-3.1701541499961	NA	NA	0.545167822871002	NA	-4.99135769201173
"prt4450"	8.929732723876	0.293285288885558	12.3766587088509	4.10283283634311	4.40240038495173	4.23619083735675	0.624609916731368	NA
"prt4451"	3.04475873033008	0.788042551116147	3.67997344700221	2.78451700110108	1.01644111687848	NA	1.97668271256301	2.39586456196545
"prt4452"	NA	0.139023068887184	2.23103018599299	1.58859821368912	-0.351899454281289	-0.291101173009533	-0.116008503506914	1.4421885547918
"prt4453"	-2.51514652029821	0.73985882899985	0.754707493534586	-1.0441806128215	0.460436474171302	2.66324791696899	0.666167162749004	0.918487551258752
"prt4454"	0.818000136218342	3.96094821456511	0.066722533883254	-3.38481580946592	2.09962193030248	1.24989743985589	NA	-2.90399467617656
"prt4455"	-0.167985661364239	2.22838142552182	0.246802273040751	3.62739427768627	0.380257635204467	1.43827348124089	-0.416004076627607	1.60586380236687
"prt4456"	-0.0779415295628449	-2.66073978408498	-0.484210378278522	NA	-0.291919005756013	NA	0.72046303317027	0.465540657828848
"prt4457"	1.35763325136175	1.12525341718789	2.11534049684728	0.670783923076901	1.75890793925004	NA	0.34112462971289	3.69444818664295
"prt4458"	2.39321269898154	1.86212996802846	0.875531222629741	NA	2.34761613641894	1.04522724044548	1.058293540807	0.563490711860499
"prt4459"	0.630164192581506	-2.71288439263364	-0.610857976934053	0.229582494671262	-1.55781063138492	-1.62356134246127	-0.702004931408596	NA
"prt4460"	-0.586274204877372	-3.95969985488116	NA	-0.611403685064288	-4.23018827632332	-1.62123330033642	-1.54269902478718	-0.295370429071143
"prt4461"	2.93760348401948	5.75715478758735	4.82757826097239	2.19472239539871	3.11257392251168	4.35633139738131	2.84891472453169	5.19393857516496
"prt4462"	0.732566205593318	-0.0435794228343385	1.73149888937527	-0.588496070913459	-2.79593745836085	0.48553457110791	0.76326143796816	0.651688900652107
"prt4463"	-3.02639046305138	-3.67822206840788	-3.80413352607015	-3.00275294747066	NA	-3.00872008642845	NA	-4.52607113131664
"prt4464"	NA	-0.955331648192376	-0.285901844810378	0.613237647523286	-0.855414579658048	-0.0526155342804207	-0.691316517916082	NA
"prt4465"	3.51055000490192	NA	2.8389795894802	3.17064126329046	4.58474010823952	3.20316438587381	1.78608327155676	3.37924314672388
"prt4466"	1.52571306136368	-0.272349983738051	1.5878139598609	0.684341348264997	-0.293520633609598	-0.656108183599605	0.383075498237445	-0.798918513326466
"prt4467"	0.707846072090529	-1.79256919260491	-0.258570258046929	-3.865587098328	-2.34503213498582	-1.04631303485977	0.927518709375957	NA
"prt4468"	-1.48675334274866	-1.50075469503885	-0.2135005842162	-0.39547506104186	-0.443452589055229	-2.3989495262956	-2.77303403072662	-1.72173662762783
"prt4469"	-0.578166688983021	NA	0.265607568930412	0.134553724411695	0.044036204212788	0.762325137946773	-0.218836014713749	0.519988104149943
"prt4470"	-1.34452736722772	0.340766015515202	0.0518343524108025	-0.583468741899843	1.17699351628737	1.71298183251464	-0.0104267436253763	-0.282816671221976
"prt4471"	NA	-1.310904901941	-3.41346100450578	0.19599837145922	-1.09436746664218	-0.751407256252879	0.512994196419206	0.273208717982543
"prt4472"	NA	0.0224885135354996	-0.668220945565982	-0.0717264979744547	NA	NA	1.43077795973888	NA
"prt4473"	NA	-0.598413101790491	-1.06537339643111	-0.0672185729387561	NA	2.40365880632304	-2.23065292534213	-3.37864367126833
"prt4474"	NA	4.4212320780424	3.02123294970604	NA	2.04202085132969	NA	2.51029445961906	4.76944187693977
"prt4475"	8.65952537976002	4.06997745298866	-1.14900522137291	5.76611587983876	NA	1.0955125569858	4.86577261389722	NA
"prt4476"	-3.74608697231072	NA	1.13109892244227	-0.836974120586538	NA	-1.05787905838763	NA	-0.747272150661954
"prt4477"	-4.51038693842871	NA	-2.78170473630605	-4.32502773614429	NA	NA	NA	-0.317618732954002
"prt4478"	-0.221279428191842	2.64577329607383	1.61792085631103	-2.04110978873129	2.38300916525203	2.16711289255975	NA	-0.867968670947626
"prt4479"	1.22451755778008	NA	-0.366973705746378	0.271769561205434	1.57462247988772	0.99984188819217	0.0191814099932874	0.000971917677675741
"prt4480"	0.832268168949524	0.804642010102537	-0.426716835647134	0.52094219457316	-0.902763804884413	1.30107473919017	0.567069182314405	0.643700775348611
"prt4481"	-2.07595415052173	NA	NA	-0.0409311566072326	-2.68246834194818	-1.53972959372568	-5.85692676371556	NA
"prt4482"	-3.36238298578628	NA	-1.20003875185654	-4.60356099132465	-1.81268369321508	-0.126130371790492	2.85447924740038	-0.25933040752661
"prt4483"	2.13954019240952	3.41198921597223	0.892883336994415	0.705656694662317	-0.467213062690304	1.57947126967305	1.14014489672199	2.72000859316503
"prt4484"	-3.88706939419789	NA	-4.41969070676121	-6.15428499954625	NA	-1.97111831611678	-3.66550272569589	-3.78155925824671
"prt4485"	NA	0.171288143830279	-0.415687642570029	0.031604348905081	0.685619379424914	-0.667761503844618	-0.291958754119759	1.38832645620059
"prt4486"	0.81929676136004	3.3558444973773	2.41301859510437	NA	-1.51077955579525	3.01642614972549	0.621988533428374	1.56030783710997
"prt4487"	NA	3.08259478010753	2.95939205633788	NA	0.510714183228963	-0.214144091659755	NA	-2.68330011798158
"prt4488"	0.468361203994183	-0.805321058951723	0.806349266602505	-2.72360478148736	NA	-0.534563437568213	1.00632546845587	-1.80197951459688
"prt4489"	-0.340877938477698	-1.00170093337062	-0.605185873355999	0.807553976321396	0.400868347262051	-0.557253152373995	1.2062550723203	1.81482992033976
"prt4490"	-2.74173131061388	-2.14388460372166	-1.63402872521756	-0.971572725382738	NA	-1.31395551032242	-2.8225840014875	-1.24235716821876
"prt4491"	1.51416809659355	1.75532705707312	-0.649850922454609	3.21197278114105	0.810373819900817	0.872866548952872	0.442714740419792	2.89643198164358
"prt4492"	NA	3.87825081212779	1.02203763745632	4.27742649666379	NA	6.01454431771469	-1.59130680817621	2.78736537502305
"prt4493"	3.89152291253962	-0.625506957431141	2.24549546537119	5.20022109989585	2.39265560488141	9.24012684011833	6.31999683408675	-1.5144362876406
"prt4494"	-3.26587827984893	0.465652420479502	NA	-1.31304690564291	NA	NA	-1.81163281242787	-1.01782732305855
"prt4495"	NA	1.7072787183114	2.85725857964602	NA	2.76734980539365	0.501849739360658	1.63052463190538	-0.872891728627982
"prt4496"	-2.15081600962398	-1.59524210869569	-1.96626674609355	-0.613676130496668	-0.661921933028933	-0.964944707990656	-1.55872145397326	1.36014647710446
"prt4497"	NA	-2.51163871895974	-2.41815312992494	-3.04342631876269	-2.57566614116104	-1.87836106405361	NA	-2.17873522555979
"prt4498"	-1.5438431588003	2.13676809784242	2.90704394222854	5.16955795059048	-4.29497651127637	1.86547235330707	-1.16550080112445	4.00469613625063
"prt4499"	0.0728372182877838	-0.322617067636646	-1.48782288126471	-0.861172634826413	-2.28236888111672	-0.651432807865095	-0.540986030887749	NA
"prt4500"	2.89736509510215	NA	1.71370150275367	-0.803735772383784	3.01954829296102	-1.91330546325331	-0.349335570803319	-1.25913180554122
"prt4501"	2.72993533128971	0.913205109209391	1.18649224767607	3.54333257052483	1.29552027243035	3.68836175904849	1.34701009231293	NA
"prt4502"	2.37569698899132	3.53739593400086	2.90922482499692	1.65075749788547	3.42936065612821	NA	3.4867483657354	2.69254878674742
"prt4503"	-0.580932957364456	-1.60894169727066	NA	-2.21938422281494	NA	-5.35505220822309	NA	NA
"prt4504"	-0.891407412401449	NA	-1.23955544575973	-0.607078181323908	NA	-3.08994360412121	-1.30635714381448	-0.434914125613005
"prt4505"	0.600693646520407	2.18551661439629	NA	2.29143297584336	-0.904643741227801	-0.184456248559588	0.421204958869443	2.80807065102655
"prt4506"	-1.34367403859297	NA	0.168286815851355	-1.75207620889173	-1.59785326543292	0.845268008857811	0.373993899694407	2.08441600932857
"prt4507"	0.771655022734672	3.71572569095561	4.55652865924783	1.06900467153083	-0.627257732489732	-0.367279546758918	3.25773296003915	1.75977230276176
"prt4508"	-1.28477634991318	NA	-1.1125789205266	NA	-1.72774706154545	NA	-0.260689671630556	-1.60660040585768
"prt4509"	NA	0.902754994142464	-6.15481707336253	9.62081501184115	16.2968638008285	9.97350103002264	-2.32410222014992	4.15617567720179
"prt4510"	4.31726600974807	6.97842160437109	3.09678473295789	7.68945112413538	2.3820074333733	1.38177498309922	2.12285380737793	1.9132679961296
"prt4511"	1.71745423165641	1.81582020198188	3.40826676789695	6.71547608155806	4.28263344238385	3.12215169388765	4.49647601813355	5.67709798502256
"prt4512"	-1.72449348204583	-0.876607107995166	NA	NA	-0.102258649672322	NA	NA	-1.55073597300583
"prt4513"	9.0544934740952	7.7232061251786	NA	7.57739179423896	9.71842996375458	5.23139364984801	NA	6.76049089399877
"prt4514"	2.74203908069866	4.87402313118126	4.07059186347548	3.52404238002972	4.37689078195588	4.40935481194503	3.70885338541006	3.15003860368702
"prt4515"	-2.23992502739357	NA	-4.15902668091128	1.73622670133328	-6.85601917162842	1.66765283271885	-1.32446712831812	-1.00597349253978
"prt4516"	-0.906248085908962	-1.35776195643104	-1.86664243565858	0.227958215773399	-1.02115263038462	1.34662584396059	NA	-2.72924455759672
"prt4517"	7.52678393177239	2.88512730374389	5.27685851225314	5.06799868546819	3.9907894822591	2.41916714418115	1.37413495101073	4.95468570812032
"prt4518"	-6.60360421227136	-2.32286941046456	NA	1.21981366416863	0.76414066532457	-4.63772250072841	NA	NA
"prt4519"	-1.41034221905107	NA	-1.87924818390089	-1.01405284574699	0.68209990599156	-3.39682593576969	NA	NA
"prt4520"	4.38192161564697	NA	4.36478633798692	4.72662546409935	1.93214564288463	5.27933786150699	NA	6.22406496461832
"prt4521"	NA	5.38233090195632	4.0116991638371	1.34880346754903	NA	3.17361741553721	2.61463951131984	2.05009639978453
"prt4522"	1.90876349299055	1.36053540280469	1.38175799804418	0.622708948790959	1.70339016798976	2.8741394213919	-0.986923941144334	0.691954794016082
"prt4523"	-2.1249632528362	1.78073800786615	-0.216942586249274	-0.233977474338787	0.839420736816382	2.81333375147698	NA	2.82338293578144
"prt4524"	NA	-1.31738210886969	-0.114495387502797	2.50589256933715	2.04686455156526	0.14570832801346	NA	-2.2970377914377
"prt4525"	0.949665014644585	-0.85073968553143	-0.876306268858695	-2.05862584891243	NA	-0.826291127622404	NA	-0.631783675230648
"prt4526"	-0.710472644420145	-2.7476469152879	1.8723081861362	NA	-2.77869357514305	NA	-10.6653292808694	NA
"prt4527"	0.691875088093034	-0.376065995783748	-2.17232940322548	-1.21872911416921	0.0796076500797168	NA	1.31251792542501	-0.429025312137924
"prt4528"	0.263784544367129	2.68056223295758	1.61213927270785	4.79549794424072	-0.476894800910706	2.02159654509978	3.50888526353341	-0.695546786315752
"prt4529"	7.51662785109409	-3.24561547850331	11.8890375729079	1.27962553765558	3.43167679308369	NA	0.342436543893393	5.25725383854148
"prt4530"	3.7932324657172	5.0594389624112	-3.47263611221054	4.14506784041672	1.77035848751403	-2.62289510090798	1.94947081530238	1.9837665273417
"prt4531"	2.00045742564608	2.48429127026157	-0.575920618216416	3.42526724299569	NA	-1.92826835941524	0.948984594604141	NA
"prt4532"	1.23317976619037	-3.30984652254476	-4.12517401732444	NA	-1.63825473864152	NA	-3.10619283828111	NA
"prt4533"	NA	0.0659644606347757	-1.46161042905322	-0.693176883337161	-2.09372090618932	-4.01832001262653	NA	-2.99628009331374
"prt4534"	0.296980619477545	-5.21587786162462	-1.29360191108308	NA	-2.91921518472735	1.2223206079744	NA	NA
"prt4535"	-2.61176328169337	-0.873894719489677	NA	-1.7275212849195	-2.22669994772394	-2.68594447853913	-2.34469189579279	NA
"prt4536"	2.55897378801798	-0.848211033124809	-1.31224771903743	1.46992202379658	0.361945583364056	0.989988734840873	NA	0.850937591597555
"prt4537"	1.91957966492189	2.89989085702673	NA	1.3826195030203	2.38591091761329	1.35937907247461	3.50010260609886	0.999619421654024
"prt4538"	-6.18170103815671	-3.31110647979463	4.23635911471999	-0.706105675465095	2.08750319892862	-0.0113524893937058	NA	-3.34748993992609
"prt4539"	-0.0592968905658291	0.184186693152754	-1.74364045251068	0.0136978894795907	-2.26219495987136	-1.53742059434438	-0.0155677965231855	-0.618288212733898
"prt4540"	1.72042706670717	-1.69451815927962	0.811923292022323	-0.150731757326744	0.871217585218888	-5.8764210349846	NA	-6.29038575456333
"prt4541"	5.14510759597495	3.53152045786292	4.95347112907942	5.79009527165314	5.78021037308733	0.085833320567106	0.773158504154729	3.83596923924238
"prt4542"	5.28520963032824	0.220824748935974	1.4356365137527	1.3901249498796	5.33638446356615	3.59485886704039	NA	NA
"prt4543"	3.97270212823141	-1.9182468067537	4.06718602285789	2.39257878182926	5.0557197818472	2.71109953875329	2.476480621328	-3.56850282308824
"prt4544"	6.31590817377475	2.92035054685642	2.06810040095067	5.25331153537436	NA	3.34955395509096	3.21876312639581	NA
"prt4545"	-0.871081928559423	3.52907505421736	NA	4.63164446024505	0.802263898026204	0.519005003344935	NA	-0.173918600416666
"prt4546"	-3.80993073374768	-3.08300474411977	NA	NA	-1.18591618572967	NA	-0.930803563462918	-0.683923949434889
"prt4547"	NA	-4.75266924690583	-3.80370054209049	NA	2.22162817725581	NA	NA	2.02288906536155
"prt4548"	NA	6.17717060323211	6.3847203145411	6.95669587181365	6.24446384098885	4.35186054870884	5.11952255911541	5.99368891046218
"prt4549"	-0.301909630481879	-0.148812803257289	0.748993612755165	0.404689589742264	NA	-0.436474256193493	NA	0.103369262535059
"prt4550"	-0.363363117355702	NA	NA	NA	-1.63090380354057	0.818932428489898	-3.90974092886601	-1.66309236144063
"prt4551"	5.83599154603909	3.60646075284367	3.38821736021718	NA	5.84083725990386	4.68755041679833	3.51290095985488	NA
"prt4552"	4.24878717181705	5.13231707831705	4.80035728498932	5.12317052232073	3.31484857306057	3.90743533236486	4.84614925286658	3.82048860152342
"prt4553"	-0.25549102061215	-0.442716411171936	-3.69682118479381	-1.23965351980319	-1.86342116469812	-2.63621552316596	-2.81615137645245	0.0906706196778504
"prt4554"	4.01066521213645	-0.586759557080264	1.35127859731791	3.43131050258542	4.46868086466946	0.0252940495646153	2.32379145927101	1.73023757507174
"prt4555"	-2.96464175689111	NA	-4.15303864154621	-1.19429712441254	NA	NA	NA	-5.92373124956556
"prt4556"	-3.27401190198887	-1.02668701229281	NA	NA	-1.9437797920669	-2.5975823314108	-0.873450897825985	-1.10844422191226
"prt4557"	-4.36760373492787	-5.7700236711487	-6.21898357387793	NA	-4.04514776016778	NA	-3.84754982527865	NA
"prt4558"	1.97170132017974	0.548074025733061	NA	-0.0508712131684713	-1.68348712533706	-2.52759167868454	-4.74184415987949	0.701667690934289
"prt4559"	2.67222495637282	3.97560697916529	2.26654728688779	0.540072536138347	2.34925692153708	1.89649753309702	1.53137902498811	-0.97444611921376
"prt4560"	2.47471815401061	1.48100048014068	2.01004668402329	3.19620304119212	3.25275773087016	4.40235459292924	NA	4.92456711419034
"prt4561"	NA	-2.691433632911	3.56551127419348	2.95025079578678	NA	NA	-0.204774733958169	NA
"prt4562"	2.6274333227514	0.436639256785744	0.733215600104471	-1.9060836219214	0.327139923660948	-0.600376580853252	-0.993225604529452	1.44603299700514
"prt4563"	-1.09252082292355	-0.586181759796681	-1.94732845926227	2.09010153204271	1.35505195050976	0.633854542015015	0.775282823155748	0.101938844323155
"prt4564"	0.116741029485806	-2.05778551598028	2.18413699465957	-1.06314871853646	1.58971776194482	0.562969831216616	-1.48373423576224	NA
"prt4565"	0.747395054378875	NA	2.49250689276787	1.13618021893151	-0.661215470839043	-1.03819689465896	2.50062830495621	2.29880758746628
"prt4566"	NA	2.7012414320848	3.49362260720696	4.33742623062824	4.2590282329873	3.97402371608943	4.69985339456816	5.37894809001926
"prt4567"	5.85376070370676	1.09533167978715	-3.26267469256918	NA	5.08860440821297	-0.267899931083026	7.61542041344858	0.173232389005237
"prt4568"	-2.46211823561541	-1.5863383717384	-1.77958440842184	NA	NA	2.23479423958404	NA	5.58296072028954
"prt4569"	2.77975150066733	4.25773971941104	3.42943536201104	NA	3.52014708460213	2.28638572548397	0.391267489618606	0.326727507972332
"prt4570"	0.530691200694885	1.00817118639999	0.330596594961018	-1.48159354694035	1.45575122608087	1.00481506866904	0.947566975676272	-0.895796149522091
"prt4571"	-3.03844819330756	-1.72003149844965	-4.03403944377892	NA	1.35643271252909	1.9092324620988	-5.10613431113515	-0.0705159244471409
"prt4572"	2.44765764897262	2.22658276875469	1.10146182669806	3.60840889020177	2.95865702435782	3.44908754808613	2.15064337450162	2.99343333629919
"prt4573"	1.18736069955375	1.38570006800206	NA	-0.775838458610461	-0.530345645278026	-1.99461039951807	-1.82284610916715	-0.232873366588063
"prt4574"	3.18645994608914	5.18866324154908	3.26515100112456	2.06742594217914	2.80708048908419	NA	3.88305354047093	2.62604173640825
"prt4575"	-0.469936565804104	-1.00905374940217	-0.598581682223367	-1.86357356184671	0.514163104555571	2.11730271712068	-0.112177777820789	0.676272300779199
"prt4576"	5.59417683129361	NA	1.95287864867129	7.27952016210207	4.73210806319986	0.494014079334817	NA	1.08314632780137
"prt4577"	-1.04541281472832	-1.22494602180434	0.603906788954706	1.86176155540637	0.178299797933809	1.93397880215401	1.17709062884503	-1.33330529377371
"prt4578"	-2.91838537516391	7.04200882902595	6.10558454815346	4.54902080627529	0.302090479087098	-0.177659673427355	5.03996961198334	3.50512125123359
"prt4579"	2.86476988756495	NA	-1.46587686041026	-3.43684323042944	3.81952946661595	0.289933762654784	NA	-4.80335573036178
"prt4580"	1.87009584308846	5.90845619096163	NA	2.7728005991397	2.37838930114015	4.3554835575245	4.26615031447539	3.44327903050007
"prt4581"	-1.94207660883092	-1.66385239041114	-2.08357838133741	-0.0848686884953943	-2.08996377879233	1.54916154731184	-0.809345295156272	NA
"prt4582"	-2.13776012890021	-0.137748646979056	-2.26365189933676	-2.60951104604632	-1.00322705147189	-1.94907219024794	-0.10939772574307	NA
"prt4583"	1.17599243740452	2.75116687911235	-1.37802936890709	NA	1.58254554534828	0.0722257793422845	3.69342429412185	NA
"prt4584"	-2.28063507209827	0.170805138493797	3.17610355549015	8.64887213037324	-4.50195345038093	-1.59678652623591	NA	0.746221512453857
"prt4585"	-0.306480826589787	0.806387081990054	1.60675896278948	1.37625152956249	0.403066928395668	1.33764026745995	0.535283470985809	NA
"prt4586"	-1.57120454241486	0.218944735862644	2.0106808837612	0.70797835827358	NA	0.593750961531635	-0.853264303069954	1.37418550028998
"prt4587"	3.68750105895941	2.68999244065296	5.69050081270528	0.625995458830116	1.77288850677822	2.1148490524978	1.07395372669336	3.32807961238219
"prt4588"	-4.68732096662333	2.38455814741774	NA	0.263529070291015	NA	6.54044595167582	4.47786403656607	NA
"prt4589"	NA	0.0538761202928661	-1.18345170841383	-1.30771086918189	-1.13134102003646	-1.47234778226477	-2.38975537189658	-0.460689719986808
"prt4590"	-0.562206493178592	-1.17500791135024	-1.30979840120214	1.41319904920559	-0.722116769188916	3.50334670536329	-1.99513929532355	2.6272813773139
"prt4591"	-3.34785620561839	-0.432367628671352	-0.877267586373545	0.188993616534929	-2.18248008890523	-0.868349104307657	-0.688533698754732	1.67731641791451
"prt4592"	1.42879990944336	1.16518944744281	NA	-1.27728610408075	2.55306758655886	1.3860314565659	2.25007216591575	0.589872937609172
"prt4593"	3.7885267969155	6.80963462863633	5.68370732106995	3.94820630477395	4.38787061740286	3.92807657412169	4.29227762745079	NA
"prt4594"	-2.11073670983023	1.47268095645825	-2.26630222348646	NA	-2.1874172700906	-3.5173834368971	0.178483267579242	0.0752034061791522
"prt4595"	-0.0160316274904005	-0.793907999138521	0.881470400032047	-0.784783878274901	0.681226317978156	-0.0261654587236284	0.86077763563726	-0.0421718482115844
"prt4596"	3.22760414814821	NA	2.15815325400152	2.83200794940709	5.30327395911129	7.396137123245	-0.597230079235358	0.466584791346928
"prt4597"	0.654703444670716	3.50012574054306	-0.622063711155908	NA	4.87120949830942	2.47153884365195	NA	4.01547834587917
"prt4598"	-3.57902244195939	-2.72664325322665	NA	-4.05229976282317	-1.7629348922357	NA	-0.096972708503493	-1.03256908648008
"prt4599"	1.38459984139698	NA	0.550826595144771	0.266217500590972	3.59403386356693	3.79519778085299	2.39517553945507	1.88760256283172
"prt4600"	-1.045464803845	-1.70449308493207	-1.29802913514058	0.167212055447635	NA	NA	-2.34221586298273	1.08959405496825
"prt4601"	NA	-1.01134991132606	1.46852728433946	-1.30449714816829	0.466500319112364	-1.42880339575551	-1.81209638734927	1.79662526392384
"prt4602"	1.28713468905919	1.95831459133401	1.04289717121039	-0.705547247487477	1.0054055573838	0.853063769025369	1.28497593474382	2.80795006751567
"prt4603"	0.41290336737785	NA	NA	-1.67427834144986	1.5837642749305	2.42039760845563	-0.856336028933164	-1.30750493513653
"prt4604"	-2.92771322915567	-0.844480352496776	NA	-1.7920973888084	1.0424342229807	-2.09229193700368	-0.22823208174738	2.33778938258005
"prt4605"	-0.662586921627446	-0.978110587947721	0.534686381792267	-1.25646891199471	-4.32276149239097	2.16774099737786	NA	0.495587861254349
"prt4606"	0.170455897491816	-0.496007118789609	1.30023279854444	2.61249796024308	0.817320535615905	NA	4.65890076851213	4.59499262570672
"prt4607"	-0.0865349002705947	1.27782664289541	-0.18748477600133	0.175273234828474	1.24070585611627	2.1819563976652	2.02718234041333	0.807872580431397
"prt4608"	1.1576050330924	1.7846917545646	-1.49433629197573	0.865184938132292	-1.14481133744321	NA	-0.673454259319748	-0.583497011576614
"prt4609"	NA	1.83798379595625	1.15120682884276	2.27240670093506	0.650401524231105	2.07610720909788	1.02570541764569	1.60917191941737
"prt4610"	-0.874082266693843	-0.102863162923804	-0.876348198637006	2.23593443463063	-0.697547194599748	-0.055397088436799	NA	-0.531647969659139
"prt4611"	-0.307368061096378	-0.538376107174099	0.998795121599893	NA	1.09093489701124	-0.785854731081273	0.422010254002971	0.218401458458003
"prt4612"	0.682860592921689	3.0652147778507	-0.755718773772715	2.00083348446574	1.10476133259866	0.394659339221551	4.99770186926924	7.38694185981928
"prt4613"	-1.28092315062608	-3.03531046170622	3.43392188454174	NA	-1.92956662773077	-2.25157290451298	NA	-4.7397208388246
"prt4614"	-1.05559228114106	1.32414288292153	0.608776842118625	1.16902473154574	NA	NA	1.28309784803912	-0.259265174201286
"prt4615"	-1.53045888815929	-1.94672937345134	1.4835685422342	1.43815058876865	0.846837932400831	-2.40061035884046	-0.146902737692709	0.288361769282935
"prt4616"	-0.839374490305253	NA	-0.276944881840905	NA	0.367871968198567	-0.192852661905676	1.67640720891491	0.339462830885177
"prt4617"	3.34756783806824	2.614753672466	3.43411047770189	3.44193659455843	2.35389162488944	3.30612410794742	1.87843968005718	3.15269182260495
"prt4618"	-1.69038672917359	NA	-3.94803021812272	-2.57985776334963	NA	-1.87453902568448	NA	2.49163487652164
"prt4619"	-0.478273580762552	-1.29173382289224	-0.802821819054393	-0.228732088621453	0.0291096423357758	-0.830783858292248	-1.02147306171508	-1.44214934775478
"prt4620"	NA	0.327719711397376	0.130968335864974	3.65476941870401	0.908962294298029	2.27377232465536	3.94547262424168	0.29051051587633
"prt4621"	3.88199994973706	-1.59740601715308	NA	NA	-3.63989893264894	4.37533781073119	NA	NA
"prt4622"	3.06427560490416	3.65209529521093	-0.197401912071114	2.2623820228078	1.19986401807684	-1.40063077542105	0.499279453827311	3.63636724307343
"prt4623"	5.90248330816841	2.49732825110023	5.45167266554952	4.99459257706271	3.74848772349384	5.03117699855142	4.45474646897102	3.41333006848106
"prt4624"	-1.58926675792163	NA	-0.961454880256748	-3.41890372459606	3.38876965791936	1.06620005835482	-0.216486123858256	-0.319511789220085
"prt4625"	1.55992814709335	0.741281171302929	0.941455931782015	0.197264911717614	-1.74168082034438	2.34024538975659	0.30813787557815	1.10928259759179
"prt4626"	NA	-3.72813705533132	-0.850531485590428	NA	-4.22731969968609	-1.07247643421783	NA	NA
"prt4627"	-0.253884227203112	NA	NA	NA	-3.20084015235043	NA	-2.59104066370328	-4.44586989688037
"prt4628"	0.297499395480793	1.30476033311395	1.88231660864885	3.28304776219116	4.96885055610092	1.99097520974788	1.96470348582107	-1.33340622420523
"prt4629"	1.8337312088084	1.21785234030437	2.39731216227012	3.58063910257204	3.48952503418162	2.00452387465458	NA	1.40081145288087
"prt4630"	4.72870741901596	0.222396418057718	0.00254470586774364	3.56318689804878	0.857195300314564	-0.823659726465051	-0.758506462882875	-1.78128402520616
"prt4631"	-2.07047288438316	-2.02557597547547	-1.04864496919198	-1.20230852741307	-2.33323048263006	-2.3096962818478	-1.45972430573522	NA
"prt4632"	4.62949438630356	1.84634933949321	6.61978910241806	NA	NA	0.688607598677649	4.41798265975283	0.292885552379607
"prt4633"	-2.76281807163468	-5.626598825591	NA	-1.92880407979814	-1.96557691279622	-3.7578838659532	-2.33966899691506	-1.54231292249769
"prt4634"	2.51479904463908	NA	1.93017345230277	-0.520282755199084	-3.00752219034073	0.0352143132921065	NA	2.28223507704647
"prt4635"	4.40790908979461	8.51257176879321	4.90339724977897	4.47174698728993	4.3680844737413	5.55987889392839	7.82353759970392	NA
"prt4636"	-0.672857676883386	NA	2.17432065345927	1.20296947976931	-0.85723080387889	-0.990557802411477	0.888343974546504	-0.626908499587251
"prt4637"	1.75060056395713	-1.71767143065177	-2.12640547064752	-2.52572024006583	-1.76932968958558	2.28237033972549	1.15478598478329	-0.820821879273623
"prt4638"	-2.03108733805898	-2.22117035648489	-3.25195549041761	-0.764021301077901	0.841721111519018	0.300957649808957	NA	-0.979825932884572
"prt4639"	3.84482735005593	-1.06137945462372	3.37600507010427	0.641092539671175	6.49507614787523	0.229094402553336	2.1125128288657	-0.95256196988244
"prt4640"	0.0630532258322257	-1.7884905195424	2.06911445582639	5.21524458843532	NA	NA	1.4859239916433	-0.361137045725688
"prt4641"	-0.424717464598085	NA	-2.72544590844088	3.17486335529517	NA	2.1316662233277	NA	-1.08581999033065
"prt4642"	-0.0599820139137232	-2.40730987624152	7.20056432667913	-4.25672740340517	-2.19595378894947	-0.473003934263544	5.61694792870674	-3.13431572473827
"prt4643"	6.33994392761713	5.61816373535121	6.41849091339071	5.17051232517926	7.94840109025172	6.38502078887628	6.5169123155826	5.85927993716539
"prt4644"	1.40116132981459	1.01177688905718	2.12377404082202	5.56138614291903	-0.146828081173946	NA	0.581510618713253	0.0714993427250672
"prt4645"	0.26240730189271	0.0730764868733178	1.90209248914814	-1.23710340960245	NA	1.16964719347111	0.130135043402352	NA
"prt4646"	-3.13093742818374	NA	-2.42457136255985	NA	-2.07205599170108	-1.13790969148152	NA	NA
"prt4647"	-0.0438946310490551	4.63958144962244	NA	3.51198611313818	3.45740826059231	1.08458759772124	1.95998668922111	0.247984504672337
"prt4648"	2.55952203640407	-0.100196332702721	0.474205593220232	-0.565225462515386	-2.50080431005653	1.87759263096335	NA	-0.892033286903767
"prt4649"	0.664150242523595	4.02157338199596	NA	NA	-2.5303817282228	1.50962500829341	2.24950197201286	NA
"prt4650"	1.02046041761344	0.131799592948597	NA	1.74440909194354	1.02529797024301	1.12571303484138	0.369000033822831	-0.191015081376328
"prt4651"	0.610870713998152	NA	-0.162159249865634	1.69884022149698	-0.43377146860247	0.350664053001668	-0.180996425229946	NA
"prt4652"	1.60824152299449	3.70576243021352	NA	2.6769154212533	1.79096023330748	3.09990893455758	3.36089844334337	1.96065432154206
"prt4653"	NA	-3.43015526974769	-4.30863894841337	-5.15650982927083	NA	-2.29533418996998	-4.3255243690028	NA
"prt4654"	NA	3.1383829680757	0.913675346911607	3.55961930411841	4.21610608097431	1.61123983048602	0.995754663479912	1.55153027062689
"prt4655"	5.06876081563022	4.05499721537987	1.21502387711652	6.91829247427527	NA	9.40870444749841	9.8362754061625	3.02074028653592
"prt4656"	-0.0185031870970527	4.15145389488307	-0.664608138707073	1.59211712532843	NA	-2.40183817181204	0.103789966238479	-0.0224620913992465
"prt4657"	5.36906633379746	1.79640694739885	2.64568197873212	3.79793634509413	2.23421163840401	4.07776759347962	3.48789457918895	2.882415952092
"prt4658"	NA	-0.951210260667109	-2.05883212942737	0.851233715548936	-0.5663204769802	-3.45801757059121	-1.689637036666	-0.565492101957243
"prt4659"	NA	-1.45216104938337	-1.17019264669272	-0.821454540275983	1.17163835083641	-3.5237828121382	-0.683859680121185	-1.35256082305368
"prt4660"	NA	6.33619684672901	5.69013414213708	5.65553888635632	5.68710676674886	3.99090124271658	9.6205293785075	5.87996742354369
"prt4661"	2.09619147288011	2.41212987905637	1.9057924259379	2.477907523225	2.98299657141011	3.45232350253552	4.07887654020846	4.26006407030641
"prt4662"	-4.70751665061423	-4.39434121027898	NA	-2.3177648111031	NA	-0.394810337947811	NA	NA
"prt4663"	-3.54442740730732	0.0652991194887234	NA	-2.34795795924652	NA	-2.67159204378769	-3.99210696363241	-3.20882399936266
"prt4664"	-0.581707808314289	-2.52116929736852	NA	NA	NA	-0.137503192823282	-0.773544526278959	-1.67745156068946
"prt4665"	-1.0037899743996	1.56814503885334	1.52688621911607	2.2860052176462	1.4539507874841	2.15404812697849	2.11738872630692	-0.800050324036817
"prt4666"	0.803461315236297	0.846104951373939	2.02726733363152	10.8700385904534	0.63663988149083	4.12078801950734	7.77900040999585	NA
"prt4667"	-1.90492140767409	-1.47072955056252	NA	NA	NA	-1.2246106964003	-0.363398214074965	-0.965508489777795
"prt4668"	4.50156112007586	1.87902438248605	-0.0564482608516294	2.08498892095948	2.52804004444466	1.16679704480073	2.93172213096209	1.61592608735069
"prt4669"	-1.72481953636633	-1.5134139517	-1.86361712513413	-1.22653475781067	-2.32963029162438	-2.3004807828062	NA	-0.611642024547299
"prt4670"	-3.30045305061276	-1.59921207578478	-0.329836684189951	-1.80164170046607	NA	NA	NA	-0.358183882501063
"prt4671"	5.03983920972915	2.975349420493	1.61311046582858	2.61509352470436	2.03900562353629	NA	3.16760691644398	2.7137457212138
"prt4672"	1.23152387179266	2.10962275414358	0.204557090241746	NA	4.31531565939955	1.09848939856529	2.0822333589405	3.3717224248212
"prt4673"	-1.05640129288746	1.13220634411172	NA	0.0220434964024445	-1.86737632811045	1.17586017221064	-0.715501542870784	-1.31037045840817
"prt4674"	5.65458998151581	1.89176674318251	-0.261362748601284	1.3304873292428	NA	NA	NA	4.66814716876692
"prt4675"	0.202438535725136	3.85448269706054	2.07514395886367	NA	3.09903880338504	2.52174766244042	2.40374950261466	3.56644540853387
"prt4676"	3.7077143816355	1.96990236267379	6.01233867903281	-1.12185364436347	2.31709527166066	2.74714312604849	2.9517889038794	3.34243642508641
"prt4677"	-2.96204296822774	-4.05711473754061	NA	NA	NA	-2.14828299022745	-2.09540612428455	-4.8680191770451
"prt4678"	-3.88683208619871	-0.969985066254684	NA	-6.59918337234587	NA	-3.25550329841005	-2.45424060301241	2.23722692534728
"prt4679"	1.01919780400221	0.217229073202637	-1.25137561029674	NA	-2.08744409850359	NA	-0.781673076591334	0.191073698993722
"prt4680"	1.29426561283815	-7.43099026956337	0.0461334835668299	0.676845951937032	NA	NA	-1.78494513011536	1.21396327663434
"prt4681"	NA	-1.19889201781492	1.2625108564597	-0.502630524914812	0.557629009432524	NA	0.0568765237957641	-0.978926325394407
"prt4682"	0.676561746133585	NA	2.42430152978311	NA	-0.950275644207826	-1.33141867759407	0.174300287826805	-0.510410639726188
"prt4683"	6.48627156723707	2.57528837100019	1.43936628558442	NA	0.233569473395471	2.598141940245	1.91514065057205	NA
"prt4684"	5.25976059978433	2.64748853923721	2.9433834566134	NA	2.31762010343575	5.4504900390288	2.07549312674378	3.18725175538786
"prt4685"	-0.875495200508178	-0.574477403340434	NA	NA	-1.26073189341501	-1.06144362846959	-0.125298845080864	-0.943911878411433
"prt4686"	-1.48940339889985	-1.47416743766013	NA	-1.63462797821218	NA	-2.14864297960997	-1.7722868780254	-1.49203593167075
"prt4687"	NA	1.84015102850203	1.04519000047706	2.38128042904284	-1.09704017250599	-1.00062303034142	1.44296714639629	-0.664636391822206
"prt4688"	-0.62517535968795	-1.01311958723477	-1.06353060458316	-1.1087437707463	-0.969811239705415	-0.205024684304683	NA	-0.480614886635353
"prt4689"	NA	-1.76826066456246	-1.69938396025016	-1.67053357127303	1.91782017941018	2.68557074727782	-1.17713445206539	NA
"prt4690"	-1.16670953006346	1.54538740203384	0.50895838903874	0.267829893991492	NA	NA	-1.24525457877113	-0.692381267477538
"prt4691"	-0.492744543961396	NA	-2.69150525850194	NA	-2.61787492310384	-2.02115231403005	NA	-4.78884879177315
"prt4692"	2.07076720262032	NA	-0.40924791190004	-1.33184428014578	-2.0236852350012	-0.781035428902898	-0.390925792516101	0.324213976168516
"prt4693"	4.49941427424371	5.5221019383516	5.02753997459919	-1.20015632898908	3.77241902800482	4.13002617801993	-0.373216503251794	2.8051953693225
"prt4694"	-1.64381130090921	NA	NA	NA	NA	-3.90272042981664	-1.05151897162014	-0.769275587866936
"prt4695"	NA	0.291637170824167	0.100802587365209	0.474897575134436	-1.30382153769824	NA	0.0108117869190663	0.689473953803222
"prt4696"	3.41568065578263	-0.342808001645598	NA	5.22965330324969	5.14628322048774	6.77841383426391	NA	0.866574120897118
"prt4697"	3.0616561136874	0.312024849169518	1.36659470258798	2.45728596009802	1.44244363321638	2.562403835595	1.47400866126053	NA
"prt4698"	1.87220651005509	0.211063561426229	1.56681851928422	NA	-0.450017470824297	0.0536684690903854	NA	-3.14096390579819
"prt4699"	2.6784595344534	0.981097577854443	5.58665075317894	-1.03425193178155	NA	1.33894046509773	-3.0617219064235	-3.87388556885477
"prt4700"	4.32057175330698	3.96788381007992	3.49788204191295	5.59389079539118	5.23897075677204	NA	6.17378607982898	3.44436772982271
"prt4701"	-3.56062220599975	NA	-2.21693837025421	-2.64740098623657	-0.563956309809705	-1.99254497582183	-2.23392181211825	-2.57246487967125
"prt4702"	2.45468847038557	2.97083968682767	0.539276212444186	4.41249255532143	2.45485777440743	1.88838680559113	1.588862709916	2.71755386148782
"prt4703"	1.8934381811493	-0.0329532151464115	1.7193855750848	0.0338079539689116	6.13697801408232	0.812644310680634	2.05159481102547	0.0726004543399563
"prt4704"	2.70910822109489	0.427727006668581	0.657842175334268	2.35562695215833	2.15627231681869	NA	3.30158950355234	1.6007268494279
"prt4705"	1.79909142276224	1.48011506451306	4.80245141126299	1.86230093558447	1.56612159354353	0.828158284561302	3.67487277452465	1.99619866172444
"prt4706"	-1.77407450774544	NA	-2.49051505600035	-1.51714597776262	-1.10614707236681	0.0619899229474167	-0.256570298748146	-1.69980433356177
"prt4707"	0.292837663433956	1.02368667404462	0.695130001550286	0.435703440749542	-0.526006936996869	1.31440274003946	2.8814308744772	-1.28216288351602
"prt4708"	-1.7391327141786	NA	0.687686477795178	-2.25636287949761	-1.00201474019123	-1.72988513718826	NA	-0.472386909388343
"prt4709"	1.31710953358281	-0.618824166439429	0.668165833449356	NA	-0.0920007581116303	0.749803452545601	2.4717879055016	1.16270603123316
"prt4710"	-5.14080970857376	-4.6725341955875	NA	1.53468263583188	8.01203473293319	-7.49617507925165	NA	0.984936371398728
"prt4711"	0.223352676130761	-0.746431127780668	-1.23448221804906	-1.4164341923914	0.436448523828334	-2.24867037472852	-1.68461713068186	-1.24866002910983
"prt4712"	1.87892226058314	0.153243353694505	1.89522122754299	NA	0.123384160488615	-1.41275870824903	-0.817648157206076	-1.05342410815052
"prt4713"	-0.7811903812295	-0.382063000428928	-4.44862507100566	5.34829948685452	-1.2337376539503	-1.93446516181778	-4.53726345160449	-2.17649171759396
"prt4714"	-1.01406886704653	-0.839365817519	1.70546448095447	-3.70665433154267	1.03582064956723	-0.475569871529439	4.51660119697339	0.458039726653343
"prt4715"	2.9814427889489	NA	-2.20521700109934	2.08805366114304	0.408341549167042	1.31819095932561	2.14626364234154	NA
"prt4716"	-2.58806757268216	-1.2281333345204	NA	-1.05529889487319	-1.44684306509113	NA	NA	NA
"prt4717"	2.34365402435192	3.42310364837763	-0.66765589667762	3.13964970815697	1.05291658838075	2.19774800276899	6.13479529746793	-0.725983886706313
"prt4718"	0.576689562218728	NA	3.31458392366103	-0.701216812936402	0.853124709629238	NA	0.729726096053997	0.322135536923305
"prt4719"	-6.2271191388721	0.345399040729819	-1.6485960396554	-3.53214617452988	-7.22822065199242	NA	NA	NA
"prt4720"	2.01753692964302	-0.963169310044272	-1.13542545900405	0.936875686695053	NA	2.1472896143665	1.4858301837169	-0.543711889544662
"prt4721"	-1.04597154522046	3.63980482248254	1.52326227358865	1.23097921650412	1.60133297348111	1.43860807807227	-0.655488329076031	1.6800452103123
"prt4722"	0.738097864010181	0.128433959830242	0.0540568363356531	1.88909480344235	-0.444878116135562	1.0977479925346	-0.698930071353187	-0.917012276523272
"prt4723"	1.99597487039583	1.61083976465098	NA	1.69038005505116	NA	1.87584041528897	1.67597733101189	2.4217680832361
"prt4724"	1.75270969456914	1.01746229656889	1.24513748916576	1.45468715939331	1.03438762135364	0.990165169189277	0.952195422630477	2.8458435718474
"prt4725"	0.941544468583646	1.75232837902908	2.77952075879193	1.19352583419281	1.48194686290833	1.71158861235854	2.2721389285449	2.07520203534418
"prt4726"	2.245109502669	4.02569193489792	NA	-0.745244307770174	-0.0606572124158094	NA	1.483979184152	2.19793212779702
"prt4727"	-4.27758127863023	NA	-3.42142053109113	-4.11489070072112	NA	-3.37481879830195	NA	NA
"prt4728"	1.46805215931914	3.53108974554226	-0.793118709106593	2.9201968607908	4.35543033206736	0.865163857905068	4.96572209329767	2.01648728231636
"prt4729"	5.29589730637883	5.39823589904916	2.99905990048298	2.94126770234131	5.55426399283329	3.19187002664181	5.84614412102215	2.64459665247837
"prt4730"	-3.15613687568038	-1.43294197522585	NA	-0.774914556469893	-0.927268911913016	1.29717219239811	0.934083803509128	2.19058972170804
"prt4731"	-1.89922170997232	-2.6809851758536	NA	-2.60451330694265	0.439984203296061	-1.71670166725833	-0.747097017916725	-0.684828572400282
"prt4732"	1.63260618609576	0.211052860532532	1.12818670569001	0.839486215347801	3.01339963095897	4.07390178445648	0.142120861135262	4.97435586209597
"prt4733"	2.37826926453674	0.855400548487243	3.48623538327239	3.32251824756215	2.64806205220518	1.95938144438353	1.19467375846152	1.22390838272648
"prt4734"	3.8580162734738	2.81555983722996	2.90888406334575	3.79471925616583	3.69077754752238	0.953826549259077	2.28175555433658	2.28867987407917
"prt4735"	1.57476768844286	0.293620031896779	2.568812837318	0.310764425978447	NA	2.93154477131826	-0.566566461129658	2.34777811014549
"prt4736"	-0.996774355813091	-2.17446590233258	7.3744472075488	0.544915555641335	6.30112933102622	-0.739343547026019	NA	1.39565700213604
"prt4737"	-0.379451276743348	-1.77990821767071	-1.64967131660836	-3.08707126410789	-3.36142235243778	-3.32869599947519	-0.868922221913492	-2.2213811474794
"prt4738"	-0.962328840062578	NA	-2.07261368553969	-0.756180616807195	-0.696707004518883	-2.51631563892548	NA	-1.81404152672354
"prt4739"	-1.41114432599612	2.3962305462309	2.51302458784256	1.92874862412203	NA	NA	-2.21767510395862	-0.957370212407793
"prt4740"	-3.22364311342118	NA	-3.31881774447508	-1.22142845243691	-4.37474731832685	-1.11072464986318	-1.49164356765207	-1.7383397600924
"prt4741"	-0.873422055445297	2.33057759986192	0.411996150628719	2.74590216476175	NA	-0.484721085139533	-0.0882555205086426	3.88851819600111
"prt4742"	5.73478589861246	0.131605602028425	3.65154489074303	6.11997306299841	1.57269938851992	5.89888517215944	3.00919152417343	3.84353452376055
"prt4743"	-1.63133398123407	-1.22540282333476	-1.23647713295764	-1.35035891308133	NA	NA	-2.4288377390756	NA
"prt4744"	0.312969117174963	0.313099770675288	NA	0.0600683733248527	3.97020987415995	-2.15955050956094	1.64563568861767	-1.10377467430154
"prt4745"	NA	0.199867359971331	1.37254678848304	0.14284470402748	NA	3.6121604386093	NA	3.07988455708227
"prt4746"	-6.06939252934035	NA	-5.27863407524477	NA	NA	-4.94053827361255	-3.83484615326339	NA
"prt4747"	-0.908373583546469	NA	NA	1.50518090822964	NA	-1.84786741329482	-2.15821920472926	-2.07753920065106
"prt4748"	3.65904247747878	2.38424801530233	NA	3.510615124167	5.99115667326198	-0.931486145177613	0.0121076639647905	7.54316419844757
"prt4749"	-3.0643765359137	-2.08416965991304	0.789025489313768	2.54381947356938	1.51666318273682	0.405648091318403	1.62912879697076	0.604409948555531
"prt4750"	0.712319333133021	-1.52606516999612	-0.374194581607007	4.18264516938085	1.24123602773263	0.734906160386729	1.63638098747211	0.882664574766881
"prt4751"	NA	-0.961182274305513	0.319548787552334	1.67721522730729	0.358645157645336	1.21449993667725	1.02821333554872	2.1474042713785
"prt4752"	2.12121654887179	NA	-1.37189810616107	2.04512878792745	-1.41863600418477	1.10688134783952	-0.192325126975165	1.8873936677498
"prt4753"	1.6193971973955	0.785908993423869	1.56771598529713	NA	1.39113061108955	1.4329672588937	1.82291724275948	-0.0813403312303411
"prt4754"	0.0281447794719749	3.58954238303262	3.81179152125802	2.09421763906954	1.67918168198124	2.53708159268749	1.49977717131616	0.538257599610084
"prt4755"	1.16628657293357	2.13545853305662	4.06269797064943	1.34232467858521	-1.20025839290289	5.35099446278845	2.29382766277284	5.77778557498052
"prt4756"	-1.01272086650275	0.702527848539586	-0.300722498948568	0.204791021129425	-0.572011453293395	-0.780276919247081	0.119356787401843	0.510764979077593
"prt4757"	-3.51332974135466	NA	-0.856630088418323	0.917431253261246	0.792921046981735	-1.2949193938665	-1.47044351489649	-3.00898170249204
"prt4758"	2.3766802630706	3.02326136684165	NA	2.30654240304524	2.7272017648188	2.21920852733885	2.06058574229016	1.55224589024073
"prt4759"	1.75950840074213	0.28683831388699	0.657469030123519	NA	0.026512547895467	NA	1.80277847017533	0.986835830400866
"prt4760"	NA	-0.962561136354866	-0.16300540540478	-0.988872086180612	NA	0.179604608094771	-1.37385761992987	0.985290671246485
"prt4761"	1.5645402498522	-0.99164719469064	-0.149517791536656	-0.220526957527436	-0.348935355146614	NA	1.1357382331447	-1.43462215957635
"prt4762"	-0.76173432639891	-0.575353523195747	0.753831520361411	-0.221559699949138	2.05897218859467	-1.14938508124681	1.48289365739873	2.23796661120747
"prt4763"	-4.04572009818702	-2.98060378781457	NA	-2.43921935344285	-1.47242610832602	-2.36204320016669	-4.48561029789408	-1.60192329847768
"prt4764"	-1.35579770800144	-4.66862256356457	NA	NA	-3.89052629337108	-4.41992155144445	-6.58412888018102	-2.46616041809966
"prt4765"	-1.25494017726334	-0.868198448272982	-1.78981960186493	-2.3797935715872	0.308965665718368	-1.269404708269	1.50335206645004	0.860072174387896
"prt4766"	-2.6349538038107	1.17844931618131	-1.7678155160014	-0.9429484608283	-2.14864794659003	-0.820248836861968	NA	NA
"prt4767"	NA	3.5178065496337	5.00096599735211	2.1990389349372	1.32879940093184	NA	2.30738484143718	2.91446513644074
"prt4768"	1.38490644555066	0.165713093607977	-0.00406713239523199	1.36391767236391	1.03662894128669	-0.98211557931757	2.48093531279252	0.107130761301134
"prt4769"	NA	-2.29078891339213	-0.681737959368433	-0.870288102241216	NA	NA	NA	-2.25559925517358
"prt4770"	2.92021607937127	4.55527912089418	1.03761450240965	NA	3.49578187027643	4.10829913622468	-2.59072884691574	1.55798969178903
"prt4771"	5.13285594796788	-2.38019182763699	3.1139444601169	1.19581221231582	-3.17845143806071	0.61038513845034	NA	0.542694668010486
"prt4772"	0.789851552037454	-0.959256214950278	-0.827129679494219	NA	-1.63885337856754	-1.03379641259581	-1.25094555916951	-0.704423435075746
"prt4773"	-4.15676958096659	NA	-2.85427669283399	-4.05559912640721	-1.11577461553069	NA	NA	NA
"prt4774"	1.55517166482963	NA	-0.782917572872739	NA	0.893614465586205	-0.904799693076032	-1.31761719659328	1.698547076593
"prt4775"	0.389509643657805	-2.01967595446856	-0.660848960749548	0.207744901900005	0.144697391816005	-2.94178961010595	NA	-1.69156657071825
"prt4776"	1.66270216890431	-0.526508152518308	-0.12088444655528	0.502448896082469	1.15724564254803	-0.449495560812872	-0.0890367330111778	0.844513902183475
"prt4777"	-5.18323391683046	-3.3506417582698	NA	NA	NA	NA	-2.41491940125834	-3.65575173828457
"prt4778"	-2.08743714791184	-0.817682796873406	-3.82326917127279	0.216516923068343	0.12529987958612	2.20513729002841	-3.87999802272074	-0.958051767051445
"prt4779"	4.18949432955818	2.71144729036331	6.36042219672669	0.903813185361706	3.78282516178191	4.58375885982214	4.66113181223202	1.10856872308195
"prt4780"	-2.65059893454529	-2.51691595731799	NA	NA	NA	-0.824544450285657	-2.60940903835626	-1.74648668699315
"prt4781"	3.0872396319319	2.16784949980245	2.13941578510059	1.69427166029738	0.799309124850556	3.3097067007027	2.11734976392448	NA
"prt4782"	1.94362919007492	-1.92169362531779	-3.25075201933879	0.229535207910646	NA	NA	2.01911280223959	-2.60726946607163
"prt4783"	0.405512257165909	2.72235986700302	1.234292948148	0.833614124271584	1.55941548136214	1.39990522458573	2.05586944902464	0.469626943091019
"prt4784"	1.43796264506936	-0.36151647880373	0.114620303372464	1.04282514356573	-0.45891193337369	NA	3.79921006526728	0.655711831019569
"prt4785"	4.64051442662115	3.60474226314415	4.37896700828685	3.44032110333055	5.21626553569464	3.10973945310669	4.36410616155339	3.54174402220906
"prt4786"	3.70355687479681	0.608502635055041	2.81382040155212	3.20262592717211	3.50283935674013	1.51836983556648	0.867148859003432	3.41294937527899
"prt4787"	-0.919488749624824	4.32777363626201	2.41468044317881	4.75477263675813	-0.369340448982014	1.23839567971865	-1.88287214956515	-0.231314972241457
"prt4788"	-5.16274583503506	NA	-5.55637204223423	NA	-2.25920920520701	NA	-5.6624838348996	NA
"prt4789"	NA	2.46462138063745	3.60538775350837	5.0669724009569	NA	2.52296092328883	NA	1.79846934656602
"prt4790"	-1.42326385360671	-2.00370130778328	NA	-5.97568283422449	-5.00474203592431	-4.40880666854447	-3.20497571061603	NA
"prt4791"	-2.69441987109664	-1.09443967437295	1.60102782534134	-1.38363677098907	-0.536378612223802	-0.839755433582939	-1.11464289983962	0.941595866201032
"prt4792"	1.28405081130903	2.43706736698033	NA	-1.06034575179968	NA	3.95054605490802	0.234013159111141	1.56125270593438
"prt4793"	1.26656982909102	NA	1.50755996283186	NA	NA	1.08432675226096	-3.34400051986843	-0.0631228286938134
"prt4794"	3.27205248392052	2.81359789180983	1.93239444296129	NA	1.43122938745467	4.14490305938933	2.40695618975462	3.74873554704562
"prt4795"	NA	-2.46812337826318	-2.56649984231215	-0.561907745175978	NA	NA	-1.29790100709733	-0.287039259140396
"prt4796"	-2.27266163763029	0.460581033818187	1.4037661752926	-1.92964822839915	0.889308752355032	-2.21781769144694	-0.3606783710947	2.37209413685592
"prt4797"	1.42021695028186	-0.445039435581479	0.48299382562957	1.57706721091768	1.21721431009226	0.48041499321932	1.94500688994603	1.28753521342363
"prt4798"	-3.01982505489029	NA	-3.20012270134906	-3.39924236091383	-5.29205810448499	NA	NA	NA
"prt4799"	NA	-3.82681015011162	-0.965998185256534	NA	-2.297528012095	0.0362408544346071	-2.00206094052676	-1.10085672151378
"prt4800"	0.0826935086987791	-0.231503968021577	-0.279446260812635	-0.188007330545428	-1.7119732753632	-1.65977599437676	NA	0.608809487292348
"prt4801"	-0.0802917589748985	0.651918047667832	2.03313442589374	-0.0873465044459313	0.436147337174753	0.106253482928311	0.440811675527503	1.41705596146113
"prt4802"	-2.30970207004902	0.592654932836917	NA	-2.1542555952814	-1.47129053892965	-3.46449493076485	-0.479877518332298	-2.23701682194742
"prt4803"	1.07647633307211	NA	-0.485385236229639	0.583977497434532	2.07879124292188	1.11849766457191	-0.963301221151589	1.36301203485427
"prt4804"	NA	-4.1101373897674	-2.02303885319634	-2.20528397576888	-2.25312106135958	NA	-1.85394458260646	NA
"prt4805"	-3.24402539931503	5.87141826671381	4.17578977953965	-2.58958452101548	-4.17162749151883	4.42126744884774	-2.78294076113814	2.69669642626151
"prt4806"	0.397596883227386	-0.497481516101346	0.231828232093695	0.582821966528118	0.739007470971293	0.132660837584385	NA	1.3526468078965
"prt4807"	2.71748657950343	1.1947655958045	2.4573133202591	2.75857678568089	0.698374380389576	3.66569478345851	0.221923239081219	0.739529679780343
"prt4808"	-4.70659300535281	NA	-1.72600945047151	NA	0.175299268897934	1.36388046432655	NA	NA
"prt4809"	0.0472234925469081	NA	-0.0500639846572587	-2.78089680551218	-2.26583913259657	NA	NA	-2.23854740445791
"prt4810"	-0.0829416749232054	0.720761610820107	1.43016976556238	1.53490541561327	-0.29771126790459	NA	0.0205467573060057	1.55233598336641
"prt4811"	4.92942232080588	4.29383397081778	3.238661918406	2.36512804396005	3.38766737581744	-0.600127507506846	0.432409470861907	2.10985601487872
"prt4812"	-1.55913376815804	NA	-1.24145954958836	-2.00518234255043	NA	-0.722039248098179	2.19190651857934	-0.700082927324419
"prt4813"	2.180796997631	-0.514608105094739	0.656798021281803	-1.61298919756081	1.2621742015427	4.35075046351476	-0.525334952432666	-1.51112954375121
"prt4814"	-1.95390726380098	NA	-3.13677241681581	NA	-0.143228407440941	NA	-2.45822602624836	0.278220873619204
"prt4815"	1.59162481113447	2.36102229748385	0.35320754588816	2.31215414555174	0.644322236963032	1.81649611105621	0.500368232484972	NA
"prt4816"	0.0187811743368901	-4.13350504729832	-2.56296008928491	NA	-0.237450550801055	1.58850116891177	-2.73715112390581	-1.34270614092694
"prt4817"	NA	3.20315960698571	1.32108279623721	0.0161216999110874	NA	2.87147110778593	2.23858715582795	NA
"prt4818"	4.20532699871641	NA	1.54656179323101	NA	-0.553771343321531	-1.17255302553014	NA	NA
"prt4819"	-3.23933384076809	-5.40387953808053	NA	NA	-3.65481745151149	-3.72066962802312	-1.15471496285186	-2.51934241990944
"prt4820"	NA	2.61330927459523	1.73854984968719	1.0241881523224	0.13772269559409	2.48637017410637	0.0775991307020918	1.52949102385905
"prt4821"	3.31042732364946	-0.856009714033236	-0.549472716616611	0.183885061602368	NA	0.941056940294456	-0.22031624173021	-0.0433565673337896
"prt4822"	-0.240041448795867	0.349092186102089	NA	1.81242183500149	0.921926074140774	0.055180292875001	0.24392213292715	-0.765032620087126
"prt4823"	-1.18012908946485	NA	1.0088881856626	-0.380840019161256	0.0973235676441577	0.878358881018762	-2.96717079017664	0.828825384633364
"prt4824"	-3.43127171977124	-4.77331856112836	NA	-1.98688464192871	-1.25123699085168	NA	-1.35340786046257	-4.44489388667688
"prt4825"	4.64189850524169	1.39278463313	0.301195544519736	1.27218188097848	2.52150631995818	3.18059358237964	6.15905071670908	2.72374996619651
"prt4826"	-1.49190097851403	1.4980516134431	-3.34741776149594	-0.569490707321429	NA	-2.20664892706511	-0.632122166585688	-0.146125584030618
"prt4827"	NA	-0.0176137831756441	0.0695434030340963	-0.70478533984921	-0.168027574169295	-0.732726504774311	-1.66613148954134	-1.08672701344644
"prt4828"	4.52361717593043	5.41639877092653	2.49732597254718	4.69294130861509	3.80450863452989	2.29415943605287	NA	2.91684944712045
"prt4829"	-2.92904583208228	1.15396603385576	1.74182208796306	1.59212033798994	2.26720280675636	-0.237422775027824	-0.841875550040256	-0.426088202986861
"prt4830"	1.81021298938559	NA	NA	-0.249372791353049	2.31996216844776	0.273970141887313	-3.23682697220097	-1.95708646399151
"prt4831"	NA	1.25299680491778	2.11309770291646	-0.0483363352315792	0.724685391646545	2.07087860429895	NA	1.72300825311695
"prt4832"	1.30713132900453	NA	1.88672853822702	0.377692693211435	NA	-1.00029809391436	NA	-0.388584840547479
"prt4833"	-0.670916395699737	-0.0916826159903809	-1.45504298194769	NA	-5.47353410925593	-0.233283854302156	4.64934461010813e-05	-0.871399841771674
"prt4834"	4.30645578045733	0.785472570741157	2.4473619626063	2.19545972535593	-0.298246181514781	2.02611081530668	2.52749171473898	NA
"prt4835"	-1.72695980825635	-1.1199606423065	-1.65525030540274	-1.76469607310832	NA	-4.51421668360176	-2.29785321686291	NA
"prt4836"	-1.20511106130446	-2.61270869315159	NA	NA	-4.81371187961218	NA	-1.72412076509045	NA
"prt4837"	-3.45837637396694	-4.5020909590792	NA	NA	-3.1753723453462	NA	-3.69950487765015	NA
"prt4838"	-0.940994478108033	5.81015804658271	-0.833988730079482	4.5916110401368	-0.0744982707626445	1.10777153092804	-1.1515145847221	2.64152792129027
"prt4839"	-0.156178785129747	-0.894449703943163	-3.53556600918757	-0.745175495994071	-0.753732991201235	1.31047552465012	NA	NA
"prt4840"	-1.61728761580154	1.17643353887227	-0.905560681964785	-0.707666138038808	NA	-2.22303487663823	-1.75310550229136	-1.14258332542007
"prt4841"	5.35627939354359	-0.502640002597689	0.455463076336694	0.7856031236494	5.70457432555357	3.8868343156194	2.40848420221163	3.69029862550317
"prt4842"	2.90470787947904	NA	0.261814600279063	2.66950362288159	NA	1.99241354305633	-3.01700767829529	1.1597964045467
"prt4843"	NA	-1.87161469742414	-0.873614986863909	-0.601506727919304	-1.89673574522272	NA	-2.21711840485334	-2.6415636673363
"prt4844"	-3.55496524817663	6.85638362106307	-8.06564134257349	-5.6520181965683	1.36248673953581	NA	8.55803839011149	-4.0967112018924
"prt4845"	-4.38413275637393	-2.20374819321961	NA	NA	0.361961241376959	NA	-6.50704251867244	-3.04795007659393
"prt4846"	2.39376299352639	2.46682895752583	1.6655168653758	2.24029140121761	2.14264856865968	NA	1.85660635970889	-0.16549093687594
"prt4847"	0.931635669082294	0.501520503231689	-1.38193478019463	1.55895611370601	1.38241891617123	0.916259622711137	3.98953781358253	-0.947956784142014
"prt4848"	NA	-2.1320148434923	-2.67133414529736	-1.38684451796811	NA	-1.73335722712023	-0.137083103830232	NA
"prt4849"	3.21997367738972	NA	3.28792843930966	3.65699097660136	NA	3.78466379164302	3.36155913132534	4.61571921768583
"prt4850"	3.51960130031202	2.20020014359305	2.1529214824745	0.49367807576278	4.20230503423698	1.53332356730486	5.14116446176817	2.0165228871672
"prt4851"	1.64783324216359	0.778093602815143	-0.856666598047917	0.949287624824465	-1.22354641270999	-0.22339181990058	0.750642570432051	NA
"prt4852"	2.5773849497841	3.82026961442755	5.84966204398102	-3.92133237999935	-1.23561743028204	2.15082911315885	-2.17841314245697	-1.19291538814034
"prt4853"	-1.47698679112604	NA	-0.110119303630818	-2.89816980152451	-4.51770886194833	NA	-3.72668910767368	NA
"prt4854"	NA	-1.60650753255703	-1.90208769278291	-2.16149771692843	-1.45667594188136	0.665921024232375	NA	NA
"prt4855"	-0.0393561050284748	0.0856403704409089	1.02715957472082	-1.87856192382313	0.0298882695326695	0.155991401406508	0.335428038664407	0.0288937740892025
"prt4856"	NA	-2.39373897455403	-1.40235952887863	-5.65664002091674	-0.15024394056624	3.53080004024417	1.09356210458116	NA
"prt4857"	-1.7520769940932	-3.77569360831633	-0.719793366770605	-1.20944331123513	-2.59800010328799	NA	-2.26031707851583	0.0541906656664929
"prt4858"	-4.8382296631092	-1.4649279289893	-0.20891634378507	-1.74831205248586	1.94282579972477	-1.96515987493914	0.509333515885347	-1.66425498281144
"prt4859"	1.29286838122923	0.726814882794687	0.970753574871563	0.663024839660696	-0.43541270606818	-0.563511191183863	0.899433978491431	-0.142692037496414
"prt4860"	0.930025293810979	1.52730001312924	3.87112613074048	-0.768054738309354	NA	4.35739828087068	-1.30020497911855	0.984551544158009
"prt4861"	0.108898833249246	-1.1750924805235	-0.599545172668062	-0.985309082604489	1.12166967410583	-0.499790503629206	1.21325401828161	-0.419389056383841
"prt4862"	-5.70935285378178	-1.86820641425911	NA	0.91781681916724	-1.37558118890267	2.43703274443177	5.05267549354006	-2.71173130154736
"prt4863"	NA	-0.0336163105392113	-0.040640940578161	0.223114271611095	1.30984775318142	0.57534759230869	1.31933311426677	2.12402202318781
"prt4864"	NA	0.176178450505802	1.60716569341333	0.883707049841844	3.17673869072619	-1.31829124092656	1.78361767922084	NA
"prt4865"	-1.88792731094622	-3.42576534999483	NA	NA	NA	-4.09164592937809	NA	-1.14345261420043
"prt4866"	-1.3596708654823	-0.561344875990352	-1.90707621130844	-0.464884943279636	-2.69168416894332	NA	-0.804400147460464	NA
"prt4867"	1.18871882442858	2.94542781941518	-3.1864438099557	5.53043008745148	NA	0.163053765102722	3.26848405508006	NA
"prt4868"	1.92387756577505	1.42388954382104	-0.0614320444673679	-1.74046065186991	-0.209944398451966	4.50695769211616	1.72766807015817	0.18020070955324
"prt4869"	0.402582473952613	-0.370833488557633	0.0812717935243562	1.59790223446615	0.48672952576076	-0.256369634939128	1.04945127111906	0.0899962532809666
"prt4870"	1.5049664936057	1.46712805350996	0.607342971585959	NA	0.983948516968267	NA	2.08704276490622	-0.649288514175208
"prt4871"	7.25306894288608	5.03171508453154	5.2712941507297	6.37243528668282	5.10024897756771	7.02580703734824	NA	3.84713520232108
"prt4872"	1.86283766219282	1.74742646258694	2.07258337301941	NA	2.83724674268073	-0.759240446537464	-2.31592047207184	2.17397959902279
"prt4873"	-0.164827687575826	2.12982889263331	-2.46019154354278	-1.86038926582345	-0.429773856560558	NA	-1.32241039037795	0.551057498980222
"prt4874"	-2.11986816666951	-2.49688004788361	-1.95094737318504	-2.4340455784388	1.19506419378136	0.00897815357970248	-1.70149734879192	NA
"prt4875"	-0.899850851063031	-0.237193454318555	1.77547490518125	-0.177082927243129	-1.82650218941175	-2.01731372652514	0.572618002783145	-0.0223956781154011
"prt4876"	NA	1.55092995266366	2.18861149370268	1.86478697039915	2.53725965216179	0.794933994558862	0.937357892298285	1.71371571162933
"prt4877"	2.14267006356629	NA	-0.210533253395705	0.541478248886685	NA	NA	NA	-0.236032544683191
"prt4878"	0.578070714951089	0.273859110875029	-0.00573070687964367	2.91823935268812	1.76028048341278	0.876930917268877	NA	-0.971485453368642
"prt4879"	1.39662381926425	5.96418824934155	3.53355668711482	2.70561636729771	1.54211331029331	1.52163698502554	5.34123724583612	3.54279521529612
"prt4880"	3.41672714746612	-0.686174206200027	1.18164281759529	0.517015462700868	1.72096667458924	1.89476556609917	0.731000798181685	2.2414288909858
"prt4881"	0.824443143193884	0.627647360412227	-1.05318325683269	0.329333088950685	1.09489197485668	0.184358286876996	-1.05927607494493	2.19070540226586
"prt4882"	-1.6186281287426	0.572233356802075	-0.268452629983276	0.644589039080246	-0.495396788049023	-1.16478492006288	0.0886213892644182	-0.164062643573493
"prt4883"	4.61057498262969	5.64327278387349	4.56124222539185	6.1603406897454	1.09010124802191	6.80265444861577	4.37728179236405	4.24693728207095
"prt4884"	-1.49982290271824	NA	-4.26878291631677	-2.06021643478558	-2.8021468626511	-2.23546412449654	-0.17020272587023	-1.69757198689982
"prt4885"	-3.43498449781913	NA	NA	-4.95691906739542	-5.38085414722861	NA	-5.77943531835912	-6.29178086107175
"prt4886"	-2.49206304297518	-3.12883798892986	-3.22276084293364	-1.9114999691586	-1.96097848644463	-1.72166878562113	-2.36607207174446	NA
"prt4887"	2.25733902437282	0.466498132699271	NA	NA	-0.878848111321681	0.37339576762607	-0.586972092024554	-0.739205727910516
"prt4888"	0.850731706399295	-1.61094736875072	1.08686440580012	NA	-1.63926140079942	1.58477623915239	-0.747455704732043	-1.34905873322103
"prt4889"	-3.53970162547811	NA	-1.91912421083476	-1.94553643729781	-0.757197440758921	-3.42760439188026	-3.06242803551635	0.516855609589937
"prt4890"	-0.907211160966756	-1.689063322188	NA	-0.0562829372660305	NA	-0.335422528365081	-0.173577200657041	-0.194536143647672
"prt4891"	2.01895220415365	NA	2.85480098996234	-0.965383222434659	7.0814554108819	-2.16408427494136	2.34127019565265	-0.0167613836050536
"prt4892"	-2.58799508894475	NA	-1.86675023046408	-3.30448830812746	-3.67154723113611	-2.22989208930285	-2.33485180402299	-2.08500645182201
"prt4893"	-5.08445519660946	-1.34892797439066	NA	NA	-2.97482344279733	NA	NA	-2.10634010474111
"prt4894"	-1.70448425194593	-1.60569203676691	NA	0.218443523937695	-1.84451050742022	-0.319370915478051	NA	-0.302429025847094
"prt4895"	NA	-3.85202063856121	1.63480745120035	8.4051663083856	2.73055457365416	-2.07243914399284	NA	-0.19611189629153
"prt4896"	2.20046534938644	0.946788797381219	1.47818538991726	2.04191753368153	NA	1.8538473001009	3.77810697149406	0.326545089724445
"prt4897"	-3.75046859222088	NA	-5.92702903783926	NA	NA	NA	-2.56541948580233	-1.73833588510264
"prt4898"	-0.995061302148637	-2.14599941286313	-1.20624040223753	NA	-0.333672494827264	-2.75890813306139	-1.62080876688482	NA
"prt4899"	-6.16202659314619	-3.9377490286197	-5.00022656354345	-0.983517138157156	-2.94786848959282	NA	NA	NA
"prt4900"	0.630541941336691	0.845011973014035	NA	-1.14207713401948	NA	-4.68481333758628	-1.81833408757689	NA
"prt4901"	5.45777263528719	4.97497918879794	2.43506673972204	2.44034295562659	NA	3.67871197182614	2.26289287120943	3.87274921180168
"prt4902"	-4.0707874368004	NA	-1.36677761547143	-1.34713967493508	-0.154194539320952	NA	-0.839225933311609	0.35915390748979
"prt4903"	8.7696457784105	-2.17124661663133	12.3888227016441	-1.87319638862332	-3.5019626485448	1.28389731517486	-1.13753258368448	-7.90427229509138
"prt4904"	NA	5.86911966587609	2.38414136672098	4.12077523574778	2.76684675208471	0.722692412920647	1.09265028318653	3.5005239145011
"prt4905"	1.57154079554662	3.85225492287506	5.57620242508193	11.3603020053799	5.78358673132743	-0.612516460613266	NA	4.33600474802128
"prt4906"	0.775839972283271	-1.07979305052736	NA	-0.735467739666282	-0.395395806327167	-4.2012264093963	-1.3032311471118	-1.47688914173456
"prt4907"	-1.73890675593076	-1.27880562311968	NA	NA	0.686298921745729	-3.07110483224024	-4.89735440464775	1.69764011032379
"prt4908"	0.556810761381626	-0.353422990054988	-0.575523791767252	-0.287892745339829	-1.14464799042954	-0.518221666130084	-1.99516037776395	-0.277416592552375
"prt4909"	-4.73161785447207	0.922067963004385	NA	-7.02538095280189	2.98203933777116	NA	0.050349734418595	NA
"prt4910"	3.34921475041829	0.535448938100942	2.97329782520554	1.1989194114825	2.83481784595195	4.51424309112507	2.01204684968564	2.59937663592419
"prt4911"	5.40604385519575	NA	7.88450359936835	6.15197215337903	7.00828445519331	9.16739095406475	8.59534073426275	6.51006585742062
"prt4912"	3.86336116096663	-0.219283964860962	1.003621782279	NA	2.83370924129827	0.985052755905486	0.0283835484814288	2.15986098558176
"prt4913"	-2.41604759016864	1.40003853014339	2.71760672458838	-1.16269068234452	2.47735398455156	0.467275215356429	-1.37132548752791	-0.751887028034016
"prt4914"	5.53739982416068	3.81515605879763	2.44240370471679	3.98872108591025	3.87264162985053	1.51429697514141	2.38046390621753	3.8087484625502
"prt4915"	0.450245550279465	1.81934754537346	-0.627772088248381	0.268327847247763	-1.43895266807832	-0.701973357865041	1.01255581089378	0.659674992081385
"prt4916"	4.28473176770909	NA	-1.22888133103568	0.863608520800256	3.59607309760195	-0.555092669838045	1.21161745788225	-1.01722088071848
"prt4917"	-4.21189717689647	NA	3.47222443798351	NA	0.716821534084881	-2.16146497762864	-2.19512548071859	-2.49824208220441
"prt4918"	0.0584819900002365	NA	-0.850999770216476	NA	0.511052656168335	-0.230504157127067	NA	2.77102886666139
"prt4919"	0.439299873246918	0.925802670903763	NA	-0.0124203228937712	-0.536504174865378	0.241936320362047	0.586744129341463	NA
"prt4920"	-1.95295074283572	NA	NA	-1.52388573958888	-1.00978768825108	-0.442813605908252	-0.41873223760162	NA
"prt4921"	-4.36941165717354	NA	-4.19586311726685	0.534897239327143	-1.04839171740246	NA	NA	NA
"prt4922"	1.76971941378162	-1.17425020248404	0.227557799262618	0.893237870532293	-0.244091661882104	-0.968333981948109	NA	0.423931341292973
"prt4923"	-0.00173548268963997	NA	2.89235246057491	-1.63846350527954	NA	-1.86301406074928	0.750902641505229	3.14345539113747
"prt4924"	NA	-0.264755635183032	0.605109578636707	1.93159893114727	0.849125838183293	0.487211030716659	1.30769839947974	2.54552075640354
"prt4925"	NA	-2.37338639884385	-2.77672148377203	-0.976795542417811	-1.50863428532733	NA	NA	-2.42958992855193
"prt4926"	-4.36907775350618	-2.14992903360331	NA	-5.22426088392598	NA	NA	-0.633493614629046	-6.76732589565512
"prt4927"	1.42192765158246	0.099637957919922	-0.799175386706392	1.15068414282143	-0.178218966066518	1.77018292829484	2.60696439146352	1.86225931233056
"prt4928"	3.87919049331891	4.06289821585046	2.52534603728186	5.17672599216698	1.04453082048018	2.77356064831021	NA	6.42824386141035
"prt4929"	-2.03385924712948	1.74128237982029	-2.09996117541306	NA	3.18733441183796	-0.207059602360838	2.34140695456528	-0.19902919336951
"prt4930"	1.61043936919039	2.33257932191948	3.61782803980599	1.85762610159433	1.58154750591768	1.42637244119645	2.78331554173905	1.45135416728963
"prt4931"	4.98537426098111	4.11980593808949	5.60012875927541	4.93061064036571	3.98346972329849	4.57730420424287	2.34255392189215	2.82909653646762
"prt4932"	1.0097932400166	-2.27534172984535	-2.48977609658323	NA	1.40090639236535	-0.043512622694691	-1.70856547598661	NA
"prt4933"	1.29435930547443	-2.77363455937617	-1.24434380773941	-1.05713139175844	NA	2.07227196107257	-0.975768957737538	1.40844789265918
"prt4934"	0.437374329994178	-1.37429918881784	1.54601443514016	0.172475780063806	2.64564244972408	-0.349894054533872	3.1003186069338	3.04844116866013
"prt4935"	-1.30737060254263	2.02453486885855	-0.346689159733193	1.0520216191016	3.55762398775	0.133130927825543	-0.361889653936424	1.53461353011706
"prt4936"	1.09484165426389	-3.48063868997245	NA	-7.09247544952653	-2.25010138109846	NA	-2.37993991434759	0.123238172230399
"prt4937"	NA	1.37361652985935	-0.233401621175019	1.08303925593641	0.389578555290067	NA	1.27360162787364	3.9662649474993
"prt4938"	-0.99862494475964	3.85207539272391	0.21925739833164	2.51941101471635	2.7498211322903	-0.999595584248634	3.24160003110659	-1.42026201531641
"prt4939"	NA	-2.4074269808315	-1.13203690197941	0.615744606492528	-1.48231325747257	NA	NA	0.104960596714185
"prt4940"	5.25272436392155	2.59200160864115	-1.12122365383827	0.00418097369726528	NA	4.32343508159634	NA	NA
"prt4941"	1.89745196803992	1.73236346524219	-1.74582594905849	-0.325765197908607	1.19662954104403	0.600866374963166	1.72158334945374	1.04013752467629
"prt4942"	0.0632285903088942	-0.176980912624986	-0.865338820969123	NA	-1.38609061367758	-0.822086693678669	-0.956970538910297	-0.241801438409764
"prt4943"	1.31412183175473	1.32820722933413	NA	2.25723855687046	-2.64318865228043	-1.48606324481384	2.0449714722928	0.461853637449152
"prt4944"	-1.15328470237139	0.0788824077916379	-1.50386943011296	NA	-8.55480632678238	-0.171835173125358	0.871824091446846	NA
"prt4945"	NA	-1.97196325171985	-2.07028349951694	-1.51769970502295	-0.723266930935555	-1.80826073543236	-2.08832890949201	-0.549952360302974
"prt4946"	0.83418647559722	1.01961965707559	1.53705737505589	NA	0.208086477177066	NA	NA	1.12415924685509
"prt4947"	-2.41742386325159	-7.71112533068572	NA	-6.4158305643384	-1.4639345671855	-1.5299226971685	NA	0.748783159342092
"prt4948"	2.07930306386796	0.852312747983522	0.656958601863769	0.567699670719101	0.672795150796277	0.576402122207418	0.677640669673413	0.3396443571838
"prt4949"	0.920054664519877	2.68171919130259	2.42705086133124	3.57857441050474	0.501183932755488	0.959534084102796	0.25300036844526	1.1055931977913
"prt4950"	0.14946430224129	-1.017676409043	-0.499737567353705	0.742873113700863	-2.88154426843244	NA	NA	2.68488021014936
"prt4951"	-1.47310547727164	-0.209232650282007	0.552134563147395	-1.08400736649948	-2.16851454819814	-1.75368807877206	NA	-4.69922394312459
"prt4952"	-2.55759204738596	-0.526232901981554	NA	0.216958762736528	NA	-2.16146256036178	-0.424947239449209	-0.620618450384579
"prt4953"	1.93449779580557	2.57606488685224	1.75914118095112	1.21754541635217	1.59171074965883	2.07214684655522	2.21729233232211	2.14715053868091
"prt4954"	-3.40681686287631	NA	NA	NA	-3.77456502182261	NA	-2.2763446567295	NA
"prt4955"	2.5405662804997	1.85713138636627	NA	0.0675770168012764	0.365668680288241	2.51913069565496	2.13159101029618	-0.237638445333733
"prt4956"	3.10517918114615	2.06859342966644	5.22006814416446	NA	-0.585344620808898	3.31632644568365	3.68134293327024	2.6650362787372
"prt4957"	NA	1.79087113165151	2.20509519974169	2.07331279251512	NA	0.137656972792081	-0.455169095961978	3.75698918087754
"prt4958"	-5.13770113401688	NA	-2.58116740988369	-8.65947977327225	-6.70341672712347	NA	NA	NA
"prt4959"	-2.67139385595108	NA	NA	-1.38618827380899	NA	-1.03139549452603	-1.38359214123416	0.302139444774032
"prt4960"	1.07770817799555	2.47540178456275	1.93213112229134	0.824265682059087	1.51629466627832	1.91963469950118	0.756688942696688	1.69179816895808
"prt4961"	1.11564584080945	NA	1.84123520371577	2.54067941134612	0.742235078302083	NA	2.5372713062592	0.992196772678025
"prt4962"	3.25080700123185	0.135971200471367	NA	0.389727113130977	NA	4.96461566575527	2.53158727406269	-2.24148963035203
"prt4963"	0.791435654072823	3.04354266830213	-0.730945539043692	1.76483115423199	-0.0409951639514586	-0.110989782734469	0.853136490247739	1.92968597053332
"prt4964"	5.75193573944429	NA	2.73363594594476	0.880099589422124	4.90758209562626	4.54560567813508	2.48922792297093	0.618631968392976
"prt4965"	-5.99177134344933	NA	-5.82716944666637	NA	NA	-5.09918839376489	-5.295514387343	NA
"prt4966"	1.95831249264168	NA	NA	5.04839219261715	-2.10216698711194	0.744768854125267	-4.99343057321122	2.36416406940734
"prt4967"	0.407575674564771	2.03447568251229	NA	-1.25109935695427	-2.03844657883524	0.593305605125928	-2.10983328510605	NA
"prt4968"	-0.422385145240309	-1.94998168169174	-1.61484922711354	-0.912083309459583	-1.16204977913216	-0.601300811013164	NA	-1.44188358800225
"prt4969"	2.15095540434351	3.29065706721579	2.53707553507633	3.77083784758674	NA	2.91245300585335	2.28588595056239	0.735207051592935
"prt4970"	-4.067156884096	-4.38779848521782	NA	-5.23042346989135	-5.00221508785426	-4.08409611712418	-4.63255992106082	NA
"prt4971"	2.11657516266931	2.49589075132129	NA	2.44086256925858	3.99027081908098	NA	1.60987200274211	NA
"prt4972"	6.07147462103982	4.16159629191927	8.00245226977918	NA	-2.12464863126773	NA	5.65459855293591	3.91515565602626
"prt4973"	0.343956526630889	2.21266055485918	2.52172027659694	1.04051873103567	-0.0896198297759296	1.64014317373802	0.958624258716202	NA
"prt4974"	NA	-1.61909789728313	-5.88568884185133	-1.7711775467241	9.47171684483462	NA	9.41005961604824	-10.5424854150102
"prt4975"	2.50263629388993	-2.41164614239631	1.49228933885406	5.22267373401975	4.65523879764872	NA	2.91756060381444	-1.1875819081265
"prt4976"	NA	3.88597437283763	3.11034986071417	0.642870550132047	NA	6.09547450542984	-1.18243543730839	2.96278945926737
"prt4977"	3.35306227604736	5.76679162556466	3.28909485736696	0.799447682057841	NA	1.78407867088778	-0.220680727675741	7.08887858532257
"prt4978"	-1.5550807873771	-0.946887550142659	NA	-0.718556571414384	NA	NA	-1.52170553525759	-0.116685458886566
"prt4979"	NA	0.909566792049323	1.94185798288861	2.70808252211671	0.968775478180181	2.85210000646283	-0.806743389887616	3.17150263270047
"prt4980"	-0.383098709971768	0.712474461523437	2.01180118127085	-1.36710806831355	-4.83637229700206	-1.46345925739772	-2.12810706935597	-2.25778422889229
"prt4981"	NA	4.04097827105589	4.2410635007783	4.10293289562108	3.97668237741232	4.35445169871472	3.40903366679362	4.86981221242319
"prt4982"	5.35588497601156	NA	3.45291127633842	5.50632376856754	1.30515122391159	6.02229151877392	0.558942431322782	5.22110994195632
"prt4983"	-4.38481096840684	NA	-0.398022126309085	-1.43555514210121	0.734592558170011	-6.40282643081207	-1.74406164635078	-2.12633590295519
"prt4984"	2.05306962861063	NA	0.607728353522026	1.21011397296674	1.33628052328536	NA	1.76409150652034	NA
"prt4985"	-3.85863168876746	-5.31430323673564	NA	-4.18053895248893	-0.906153749810611	-0.873155851027185	-1.86606189156465	-3.79944688495828
"prt4986"	2.3706134560657	2.47895265620318	3.04381574176764	0.599156561836386	1.40562725993922	NA	1.46132143459366	0.965413540723832
"prt4987"	1.95099781946589	1.36731929019634	2.94016678968591	-0.418104640682663	1.7617921281374	-0.561228558491561	-0.0514902578607259	1.7860435935448
"prt4988"	NA	-0.0136372252559143	-1.74004845772148	NA	-2.62623137522049	-1.69842821982221	0.613824106707465	-1.93116866860752
"prt4989"	NA	-1.41358497856575	-1.65288013539293	-1.3435152969708	-2.30998356480885	-0.000266365028504544	-1.55100581661944	-1.82645890375111
"prt4990"	1.48216402810962	NA	NA	-4.29312070567632	-2.40261919571942	0.898150398305426	-2.80970656209648	NA
"prt4991"	NA	2.96100795194223	1.82822979829644	-0.247185585539176	NA	0.393098141682967	-0.221279715295986	0.41743352492602
"prt4992"	-2.28596956414825	NA	1.17636323899812	NA	-3.84062740215163	-1.49696400870083	-0.725055482624311	NA
"prt4993"	-3.46969123410328	-2.37761388003696	-2.21205912125998	-1.80370143265955	-0.631308993807262	-0.287988607554517	-2.21028369986408	-1.17293756282324
"prt4994"	-1.21759682815904	-1.34098989969685	NA	1.48014769895968	-3.2572875267516	-2.72207297092321	-0.525518830415512	-1.18032598058868
"prt4995"	0.915805164134701	-1.4166457216658	NA	10.5062889749218	3.46796305351338	4.7984464172037	-0.11811170861494	2.19341587119143
"prt4996"	4.51836709615653	1.78421458420796	1.62103722094247	NA	1.97219623155296	1.78457326281007	0.320336414994597	NA
"prt4997"	-1.49947293294587	6.68231747745944	4.83727512781334	-2.17992984577791	NA	NA	6.10976209278828	-5.23785975013244
"prt4998"	-5.3278637074511	-4.63461017223347	NA	-4.62662062722044	-5.70036106511372	NA	NA	-2.61294234044227
"prt4999"	-3.14367948078011	-1.62867421259695	NA	-0.976165602382408	NA	3.77462216989366	-1.49863379331815	3.49257603207449
"prt5000"	-1.96762511876511	-1.21375014228872	NA	NA	-3.82871009463639	-1.63012968639285	-1.00030910591352	-2.50036890181729
"prt5001"	9.5299548947354	-2.1456901675792	NA	15.8250856084891	13.2620176547809	-0.511592637440278	NA	15.4431798725411
"prt5002"	NA	-2.56135707623595	1.24050811097924	-2.98179320321108	-4.28831379324184	NA	-6.74308315524462	NA
"prt5003"	0.829192002552569	-0.613096470158588	2.82578586524901	0.915466279958861	1.74912057386217	3.27769582570868	0.496066772343835	-0.935181353091655
"prt5004"	-0.483811325249459	NA	0.649226203540982	2.54263870201049	-6.9739987852892	4.11377589970708	1.73900494438496	NA
"prt5005"	4.29826884350439	3.37777235037875	8.05641148486194	5.50285959578869	1.72293713323544	5.00673120720789	6.65956805902822	8.57952835142323
"prt5006"	-2.31919358622585	0.269503349153391	1.04912356322643	3.37984198921313	-0.527811589657659	-1.27767477693789	0.668052436957384	-1.54477494026125
"prt5007"	0.608694357657377	-1.48244317393905	-1.86834015395765	NA	-1.53563099659775	NA	-2.25363441300396	-0.637262875327875
"prt5008"	5.32403908585346	5.0006501323981	2.86422041551562	5.63389377067876	6.10518976363508	5.01419173933458	3.05116603529932	4.64964397067261
"prt5009"	3.94537704010309	2.86325773821321	5.51704786850173	1.36016276170698	NA	0.0149187858068117	1.60311745288798	3.18034808907185
"prt5010"	-0.557938413887148	2.81662109156717	NA	3.31937878871678	1.29169021105296	1.42285571248449	3.14150799934812	2.53792655129978
"prt5011"	0.253772024524561	-2.68877589391192	NA	1.86055296026977	-0.03575801710846	0.218143686666579	-1.90378995238619	-1.45334023924348
"prt5012"	4.47975547454799	-1.50876468180171	NA	2.81174248449926	2.83962124549251	-0.639896237396335	NA	-2.65780633523934
"prt5013"	5.30046751940211	-0.902880189865971	-6.31571690503829	4.32314841709388	NA	NA	3.5142198069727	-4.33913721525578
"prt5014"	1.13385979796786	0.582269737908345	NA	NA	NA	2.6039878547922	NA	-0.96682787569657
"prt5015"	3.36506382576881	-0.825134578395906	-0.821169648786948	5.99123526247629	-2.14777693515419	3.70413683935611	7.14130998343888	2.70674130011858
"prt5016"	-1.87444481017095	-0.84435095277792	-1.01349965533889	-1.46757425344024	-2.30226837775173	-2.40821757193118	-0.461872200952575	NA
"prt5017"	3.17338560008631	5.36250900554616	4.09335694360261	1.33010418030783	3.27212069265728	3.75605516319322	4.78567423306296	1.63611239946735
"prt5018"	-3.51812964778756	-1.28459104469401	NA	1.66151250427474	NA	-2.05049228653907	0.634068234362888	0.151221005619598
"prt5019"	-0.0395663021619086	-0.733422504406792	NA	-0.424040296916884	0.683637357953779	-2.088693925016	3.36247323368541	NA
"prt5020"	0.549199627176465	NA	1.70797940940182	0.636996618738357	2.17011744098026	0.717521192361316	1.59999382654539	-0.522405375640434
"prt5021"	-5.92496228511712	-4.06483914394224	NA	-2.25105487836471	-5.86218938784941	-3.11539710210453	-6.1187263305464	1.09589406897124
"prt5022"	-1.75892915235779	-0.294122860482543	NA	NA	0.027027965208092	-0.514446264883092	-0.512621498602776	NA
"prt5023"	-2.11151117019664	0.957899295928996	-0.746966300919429	-0.719462211042772	1.05304979823137	NA	NA	0.660751588319633
"prt5024"	-0.481691479095754	-1.74764473813239	NA	1.60725892539328	-0.622880734086991	-0.308540392830105	NA	1.02431233489847
"prt5025"	-1.36621091334366	-1.41138431209892	NA	NA	NA	1.1596454094037	-2.69996582991625	-1.0190623906316
"prt5026"	NA	1.225876947102	4.67091849391744	-1.21879904451711	0.482903790365036	1.86446903753993	1.77683451855953	0.427941052558043
"prt5027"	-0.797653806744397	0.0514732418353622	-2.72695692071743	NA	NA	-1.68767826980231	0.768002400761434	NA
"prt5028"	-2.08235333917069	NA	NA	NA	0.278381038239792	-2.16254458736571	NA	-0.870043196757832
"prt5029"	9.87875689610878	-8.24602665119323	NA	-5.19569110869935	2.69710048361117	5.3446053560745	2.34433643968999	4.42911166266263
"prt5030"	-5.49688459127074	-3.33490564828763	NA	-0.221253988171909	NA	-4.75538461838447	NA	-5.57849990760773
"prt5031"	-3.07157052720939	NA	-1.55604379910617	-1.01129300833149	-2.51301568702925	-2.3658269222089	NA	NA
"prt5032"	3.17403706673328	3.70354835615423	3.71910482669204	2.51979282501855	3.45372021375944	4.5200923480878	0.926822488028452	5.49070667264016
"prt5033"	5.94194840724713	7.01295568147167	3.03688336603245	6.40330366676055	7.90115362047521	5.30600743226743	7.71777857265183	6.84134468449199
"prt5034"	NA	-0.660744558997096	1.33367060938812	0.476797620646522	1.12262082681607	0.278973520693476	1.13931727426609	1.48401672601152
"prt5035"	4.4293523157299	-1.21431427810826	NA	1.86406971716297	1.428342801544	4.02810812746815	1.50453279105353	NA
"prt5036"	-1.02774979505476	0.415797285786019	0.326977044265359	1.10788181380412	-0.360308784498598	-0.0144132491130029	1.6082113927593	0.194348191972678
"prt5037"	-1.93544710691399	3.15983959317712	2.35648137514125	NA	1.95825852621581	NA	NA	-2.01117601455509
"prt5038"	0.521676579232741	0.808584724321727	0.65707441461955	0.891028446785566	1.66979217616327	0.523562099924236	1.53853654614178	1.21389129118669
"prt5039"	-0.652148639659089	NA	-3.36810550112979	-1.13728423344036	NA	0.579383534172018	10.3526807335917	NA
"prt5040"	0.727767796145483	0.0452020509678648	-0.766386916346962	NA	0.0566050186382122	NA	-1.00504635464317	1.02688122473521
"prt5041"	-3.1624842766932	-1.80653557204306	NA	-2.37429783202732	-0.471408953006524	-2.24816006954986	-3.54633265973439	-1.5805504863236
"prt5042"	0.0476863890604209	0.456850954227294	NA	0.848676396266545	2.34788391130872	7.0217136249951	NA	-1.02955092639281
"prt5043"	1.86841453257037	1.3864007240697	0.599197497274923	1.36501116342101	1.80495011320297	0.311841322147105	1.67321726683868	1.95409550738625
"prt5044"	1.92224247258193	-0.430015527831117	1.06569613526696	-2.64762940326986	-0.743008358642888	-0.298761342498605	0.170628616624248	1.70983205622045
"prt5045"	5.03198937395676	2.320395756824	4.82974175836378	6.14182035865182	4.70832069300318	2.73107887710557	3.50978436824805	3.68910085325077
"prt5046"	NA	2.44741545908741	-0.995795434684775	-0.172957003709669	1.47280112103298	2.32736399990404	0.0794742346394108	3.34150647267261
"prt5047"	-1.1645770600647	NA	-1.54405123608286	NA	-0.8182028748319	NA	-1.66890048423156	-1.99663715266104
"prt5048"	-2.30428856631062	-2.75943255855955	2.09050668076111	0.0626606912964336	-1.78296685247802	-1.1017881772123	NA	-0.11970834690254
"prt5049"	-2.61204760923691	NA	NA	NA	-1.91840209653839	-3.29662963810597	-1.23467501944637	NA
"prt5050"	-0.536820551407061	-0.659923098754927	-0.454894517740623	1.19377627546714	1.65703823904626	0.150656747313164	-0.565868619939954	0.0491741506045508
"prt5051"	-0.191924954835216	NA	1.83067671422347	0.495926724721795	NA	0.630780129520506	2.21230857016385	1.05289639652381
"prt5052"	1.23904688933664	8.12133264913953	3.51723308889101	4.18286081826417	1.03643972877454	2.0407017891503	5.0748835406139	1.03828425383072
"prt5053"	0.414926739900026	NA	-0.334443768921501	NA	0.420432700627046	0.367433931888552	-0.570104543912844	-2.12743947256485
"prt5054"	-7.65852789613379	NA	NA	-4.80264588454317	-6.49481755958539	NA	-6.57067567013522	NA
"prt5055"	3.68418202627177	1.41075794597223	1.78487391041678	0.714069720438541	NA	1.68019774475212	1.39295654928939	NA
"prt5056"	-1.63988235981259	NA	-0.321837137493884	-1.06129042605401	-1.4168098289735	-0.892724822614032	NA	NA
"prt5057"	2.08603532600454	4.42726863811123	3.85866910516554	2.717537065253	1.23673060181729	1.45307192443535	0.559244564128397	2.48395893164556
"prt5058"	0.369626521514572	-0.74870500694358	-0.974030269631985	-2.84427563949792	-1.53598259632528	-1.61806440703062	-3.8393637685608	NA
"prt5059"	0.823994361058559	1.6957107216189	5.05284253567094	3.22398501504583	-3.4204558225802	NA	NA	NA
"prt5060"	-1.41915570076774	-0.859450574747316	0.966030849035955	-0.093811364625814	-1.3077795044261	0.884730328778726	0.213823191174476	-1.60678163899359
"prt5061"	-0.479737572462824	1.69257467140192	-0.752780746447573	4.24766873748651	-2.51602934673722	2.99431397988232	2.38855074447434	0.388149241574267
"prt5062"	7.04686697400991	NA	5.0479880675592	4.81682722871713	-0.676819667854142	4.08876015478588	-2.70031504707669	-0.895477296200665
"prt5063"	5.55451478682622	6.51943919100472	8.01585303597588	5.59889166048904	4.72779820400748	NA	6.31356994324763	5.75011096687043
"prt5064"	-2.40546839108414	-1.29798773614552	NA	3.41429211155471	8.65888492748714	NA	6.76497716373382	0.0355633868200051
"prt5065"	NA	0.593693373709012	1.34144515122711	0.284374316620423	0.854090599883683	-0.963602416216753	2.26116979485503	-1.31589385029199
"prt5066"	1.90923755647036	2.89109194995028	2.67026353829258	0.855130020624072	NA	NA	2.25715285672558	0.722146649772248
"prt5067"	-4.27422053547752	-0.243547064451378	NA	0.668591372315798	-2.89291185435153	0.0916274106372201	NA	-2.04211888698379
"prt5068"	NA	-1.10173944671298	-0.105345479107644	NA	2.61852434052175	-1.82480073191662	2.82278738516468	-0.970952274811954
"prt5069"	0.466193122069404	0.834017932186924	NA	NA	1.39648853605834	0.747449710053695	1.1759119360087	2.61186196525399
"prt5070"	6.09942415413017	7.816655912765	NA	6.61758601390011	NA	7.42171827321924	4.47542079051659	5.27085107911863
"prt5071"	NA	1.65206174002751	-0.823247437300897	NA	-0.577156160645809	-1.38176938738547	NA	NA
"prt5072"	-1.45005640751751	NA	-0.461404743722108	-2.39687833133838	NA	-0.625032709303049	-1.58994831333995	NA
"prt5073"	2.2567076228547	2.6545541406152	-0.0588586352117644	NA	3.01090267145461	NA	-1.22361604723924	1.89402933871557
"prt5074"	2.59263328363427	-1.56241044196625	-7.87119886603747	-0.256973713925092	0.687676213266344	0.879326626364519	0.0742123251989724	-9.10907853867069
"prt5075"	-0.661010400075658	-0.475508553591263	-2.58614510030613	0.494694019858998	NA	-0.739117390638778	NA	-2.15805604151123
"prt5076"	-2.14278987101121	-1.17587750392533	-1.22457100006063	0.367728687611683	NA	0.329135322669953	-1.94973254277411	-0.0210613108020608
"prt5077"	-0.77865274681651	-1.24056154630294	-1.40042080380147	-1.43229434009009	-0.596518476826681	-0.601576396101538	0.368500325478174	-2.0846252021458
"prt5078"	0.130677282452832	4.99320904566091	2.0834167400349	2.38839116402019	NA	NA	0.782691702625693	-0.639604321152087
"prt5079"	1.22693148586338	6.08023265374321	NA	3.07818947176253	5.14692206986044	2.94991401633981	3.94578462948881	5.43958401526209
"prt5080"	-1.38247475954916	-1.40486699134015	3.98017956206976	-0.150781349601642	4.55849309742822	2.41805914468964	1.24462677703679	2.43203163816872
"prt5081"	3.95355236476759	NA	-0.205567231630295	1.29740318885593	-1.31394008045039	-1.82740219982423	-0.724742883830909	1.25945193531244
"prt5082"	2.57744462880485	2.02133986851629	0.723177702899663	1.12955047357386	2.95318950525897	0.327162218511328	2.5051170787351	0.402405152054447
"prt5083"	-3.31323347237285	-1.30925096280613	NA	-5.75337402261317	-3.05776787660722	-1.97144635994964	-1.76553976400181	NA
"prt5084"	2.9724554415627	3.34651328886239	4.13675844156277	-1.24142369982226	-2.81568490609825	1.83348111951155	4.05875290129257	5.21795191759654
"prt5085"	-0.244829929652478	1.21773300851099	0.0274691034334913	NA	1.11759959537909	0.0196689458594652	-0.101165546526629	0.0248871600768976
"prt5086"	0.15381464792604	1.35060760603602	0.371403294502102	0.67227543182783	NA	0.926790252251533	1.98266608092963	0.832830182529569
"prt5087"	-1.88112047280882	4.72168867345239	0.744419508714445	-1.33482827720286	2.6986534770302	2.26486916184744	0.114730668640241	-0.148833033905599
"prt5088"	3.3724822279803	2.62315707317142	2.32010384788687	NA	2.44390393729285	-0.409978449145645	3.81300698686224	3.94328096141708
"prt5089"	NA	2.12113704125745	-1.01795818599127	1.05146240328948	0.917200523109606	-0.968230073894922	-1.19386236739674	-0.615745503280932
"prt5090"	-0.356580867002356	1.56442164500967	-1.3849013882751	NA	-1.73548480665621	-1.6998196613921	-1.27801798810887	-0.342155420959251
"prt5091"	1.27984762390754	0.537127292354772	2.3593350873615	3.17726056899056	0.911567355938282	-1.24203607954705	2.15484129218345	0.501866031916893
"prt5092"	-0.148871787339752	-0.0382997068247697	-1.71058618546634	-0.611901058138266	-0.390332537110958	-0.0573488537221481	0.370872801880206	-0.743425073613932
"prt5093"	-5.66644424562852	-5.34056795698671	NA	-3.02910870589885	-1.72914185443284	-1.90463379023386	-3.23082576630223	-2.82928422252804
"prt5094"	-0.682245104998667	0.155561350324778	-2.65196904208476	-2.01785864003704	-1.31824550664108	NA	-0.45572780278609	-0.739713744919681
"prt5095"	NA	12.3636929827944	6.85424816023549	2.04060198684023	5.79189239421296	7.92164246044044	NA	NA
"prt5096"	-1.09737993079393	NA	-1.81977362814645	-2.01009092799138	-3.08825863918791	-0.60971638352377	NA	-0.6287195605128
"prt5097"	-2.25133848607075	NA	-0.99395873699325	NA	-1.98995863459997	-1.700273599537	NA	NA
"prt5098"	-1.74792188332747	NA	2.11564355307659	3.595779803661	1.93972189373389	2.26346527458745	NA	NA
"prt5099"	NA	-0.672959883325713	-2.71324382546758	-0.443875684555769	-0.978017958781393	NA	0.0292042740917368	-2.92299219264374
"prt5100"	-0.623485286369835	0.184428438651111	-1.61329068924466	3.65738859236625	0.459985730399406	-1.4503920513909	1.01793135663188	-1.14187905397396
"prt5101"	5.80091693795797	-2.40460409674928	1.00696032096796	NA	2.59614841648542	NA	NA	5.22108418420649
"prt5102"	1.56142428775267	1.71253105096357	1.57979554628984	6.41518920236235	4.40761569089315	NA	-0.279052260912116	-0.169425551187707
"prt5103"	-3.5144899388876	-1.79755951704709	NA	-1.9486119008554	-1.99894260380739	-2.01590168195565	-0.312370768931783	0.940425557872215
"prt5104"	NA	3.90052463285004	2.50567235223982	0.998576849873297	1.19440071487041	4.08516119333635	0.760763218862172	2.73085011259253
"prt5105"	-0.80591953471219	-1.63788027107332	NA	NA	-2.61413103109408	-0.343667008781507	-1.81836427271244	-2.17671788718205
"prt5106"	1.64437759489915	NA	0.143125797264736	0.360916967758611	1.47139718677517	-0.231592548002979	NA	2.55540757053485
"prt5107"	-0.153359052862235	-2.53813125298089	-1.86718515687279	-2.16860261172605	-2.29582757963374	-2.1000790452283	NA	0.174185124105212
"prt5108"	2.8987416127679	2.43408837559797	1.51716621408316	0.0874145992607497	1.65125371541253	0.775832455445948	0.825780513532433	0.284196847381212
"prt5109"	-3.00315562450125	-2.45629808735956	NA	-4.01368615776878	NA	NA	NA	-2.20206154703085
"prt5110"	-5.5496367346009	-3.5451257140914	NA	NA	NA	-4.63301544047564	NA	-4.41290733695695
"prt5111"	NA	-2.14600608190771	-1.69860385021155	0.111490774333811	1.2474768257638	0.71022094419526	-1.54121289243178	NA
"prt5112"	-0.339789942236264	-1.71501538164237	-4.00590756988115	0.0306678957576587	0.315791739288514	-2.91462230143289	0.0158821572251286	-3.27754197334337
"prt5113"	-0.905735331836017	-2.15560981745038	-0.372430267146346	0.410969298884895	NA	-1.21639474824027	0.4178936377316	-2.25417813131779
"prt5114"	0.805499568475348	-1.30915833050221	NA	-1.0123029643012	-2.7384826934267	-5.84106417668544	NA	-3.02424719009077
"prt5115"	3.85965592159513	-0.703771445109982	3.90681211284515	-0.485684556704642	NA	4.51575272986718	2.16543367797159	1.87979717625667
"prt5116"	-1.7424298707053	-1.12786778749761	0.202745045369805	-1.82174318916034	NA	NA	-1.56567837699152	0.277037652436321
"prt5117"	-10.2797720198257	-5.82166103471491	NA	NA	-4.33821482837609	-4.01432864932193	-7.53493795238329	NA
"prt5118"	NA	2.17849148498937	-4.89091011341058	0.15998959465899	0.0483750717547305	NA	-0.561715273119541	-2.93338892331174
"prt5119"	1.46012295038458	1.42301015402881	0.0946411789307069	1.37624884083047	1.02297708276053	3.11519805544427	1.58609209572941	1.41525540360753
"prt5120"	-0.813681515561368	-3.01508202106236	-0.376915348615538	-3.50266426471836	-2.09984242060142	-2.10165833281479	NA	3.2759783617669
"prt5121"	-1.03622372742003	-2.14474753059437	0.0542905242841379	-0.875202562141363	-0.873855034033887	-1.53805013632947	-1.03274781041115	NA
"prt5122"	-1.80365513221431	-3.16437972120767	-2.28384285569762	NA	-2.23889990373654	-3.16206123749089	-4.02292575024356	-1.61829008084984
"prt5123"	-0.0193935647328922	NA	0.877347900428261	0.905815900296394	NA	-2.23338853607649	NA	-0.654238005441136
"prt5124"	-0.845174338277151	-1.87251377396585	NA	-0.853625688314266	0.582106527047666	NA	3.16903757629229	0.572505762164305
"prt5125"	1.43619381658638	0.322470909588745	4.38001451263249	2.3671966285963	NA	4.17286580907977	0.688017461909863	0.856362032165539
"prt5126"	4.46408062847697	-2.52664876667057	5.00560393636389	8.20615625629696	NA	NA	-5.51378741328669	-1.71058907820827
"prt5127"	-0.774359227486521	-0.554709556353938	0.181006362824535	NA	1.04568890969986	0.541148895014979	-1.23204062805843	1.03611966783669
"prt5128"	0.498540329419166	0.913900890042935	0.612570900663211	2.80260011440073	NA	-0.20987462977535	0.713895650248028	1.57977161974955
"prt5129"	2.36397025237317	1.91824640916404	2.50153367203903	0.938820450112168	1.24328004794043	2.26596931013387	1.42403398596142	2.37107734704877
"prt5130"	1.00395296608975	1.3569687111516	0.852960669664302	-1.01008648815142	0.741725168071829	0.465740271666675	-0.283865609873492	-0.648849958331914
"prt5131"	NA	-1.89387421652955	-3.98448984284881	NA	-4.86267412939477	NA	NA	-2.85904715212283
"prt5132"	-0.332426841279408	NA	-3.64605687494408	NA	-5.27391070768055	NA	-2.05945499247471	-0.338607362256185
"prt5133"	3.29513108747701	2.25685029015952	-0.418004523839646	0.116355648892171	NA	1.73999738393052	-0.0389203033976144	-1.31869776640412
"prt5134"	NA	-2.34168197751158	-0.914761404064095	NA	-2.82622322453976	4.55556150397816	-0.575812673219392	NA
"prt5135"	-0.277998034449844	0.447964940378608	-2.02644753070864	-0.224746853858081	0.269752633362418	-0.309556307695725	NA	0.220100036682564
"prt5136"	-1.75510209276831	NA	-1.49932863507479	-1.56528566731685	-2.48205928727465	-2.02820070295608	-1.05057197784035	-3.55337504743244
"prt5137"	-4.28567994898154	1.73860690208126	-0.503178485069907	0.0193548657036846	1.79865272043195	2.17984997526236	-1.51611750631387	-2.56616849565321
"prt5138"	-2.66713039086072	-1.10369545250872	NA	-1.21072093778493	-0.912547994039825	0.0452252088414744	-0.327397238872525	NA
"prt5139"	NA	-0.613113550214201	-2.4516889821759	0.0572742220533224	-0.864356429117159	NA	-1.49444562784485	NA
"prt5140"	-2.74008347144709	-2.90917540577327	-1.82667560263462	-1.02314841430875	-1.24862818564248	NA	-2.0885182991626	-3.07197772275917
"prt5141"	-0.120946628297124	NA	-2.71545660275571	-1.62164062544395	-3.653337049403	-0.730726944730324	NA	-0.788322199551904
"prt5142"	-0.803715138205922	-0.409047216511222	NA	-1.08372143569281	2.43514719576934	-2.34480099627262	0.964325551243347	-0.697455953503464
"prt5143"	1.05416942422214	NA	2.22751613921762	-0.332048575530659	1.21028192516138	0.0414287360856796	-0.641169430784351	NA
"prt5144"	0.193124579100375	1.54834643301082	2.7357102059904	-1.97188732524849	-5.59214034539876	-1.83714131376816	2.07936835578727	NA
"prt5145"	-1.93270912857303	-1.06657275466646	-0.327807833949193	-2.10135391589798	-1.47727207355482	NA	-1.35865646507146	-0.19231321851148
"prt5146"	0.584515622830601	-3.94179418781438	5.42261121174039	NA	2.11817727694531	3.10016400836219	-1.84933336519219	3.61883277430611
"prt5147"	-3.6465786611188	NA	NA	-2.35147586791267	-2.54139530579335	NA	-3.77577565373742	-2.6095449434574
"prt5148"	-6.32560737442296	NA	-1.45528894038501	-2.4263032636606	NA	-2.77804573897832	0.529380688581901	-1.63068841692969
"prt5149"	1.31980460796107	-1.28183906178817	1.63333776440581	0.874952303773214	1.52461616499728	1.50573277494986	0.845516405314556	-0.808334106985947
"prt5150"	2.3973636499558	2.26260016536589	2.50055215891192	NA	-1.12158855055936	-1.54470379112565	2.066295267248	0.246806169865591
"prt5151"	-0.530449562341727	0.743054510040916	NA	0.666543737786856	1.53616169550791	NA	0.173075388604534	1.84030231140171
"prt5152"	1.7333806607103	1.99658164102996	0.938917761822102	1.50572379475079	3.8312534100001	4.84077805454453	2.18809977935977	2.50077409586857
"prt5153"	-0.391704505362261	-0.0111733614855385	2.51113652942717	2.60498602508294	-0.259218394512626	5.11247440240083	2.93985344366171	5.34973621951862
"prt5154"	1.60066743040981	2.21832843924736	-0.398737675676676	2.60962112504915	1.14232401730804	2.77626488938681	1.19276861025394	-0.881310305722856
"prt5155"	-0.169684150276943	-1.76792996879398	-0.86642973526743	-1.65025031442582	3.31514569916878	-1.89365264126069	0.789267174996729	-2.09243366848407
"prt5156"	1.80486565664461	2.09941680286025	NA	0.247312389645919	1.69833493236202	-0.871493772735	-0.845431722444514	0.0782202281744741
"prt5157"	-4.65320232473629	NA	-4.59103883320437	-5.33820746528113	-4.88762966668902	-2.96311974103087	NA	NA
"prt5158"	1.42245475623589	NA	1.28670057636049	-3.20666291943965	-7.4073541025891	5.96615509308533	9.07304039789724	NA
"prt5159"	NA	-1.12820763618382	-2.08438385823952	-0.209661243153734	NA	-2.08094711789421	-2.09993441235695	0.193514636683851
"prt5160"	3.28326041465132	2.97375050431174	3.65069182679013	-0.304655757389717	-0.941369152372474	3.92235955701952	0.954677239774163	1.06050837887507
"prt5161"	-4.31441395855368	-3.45075972959313	-3.90392332224229	NA	-0.786073157347307	-2.89911481446248	NA	-2.70008114077693
"prt5162"	0.0798852588295027	-3.12261454190493	-1.92242881211386	NA	0.395611440079539	0.814011775860967	NA	0.418151141035463
"prt5163"	-1.72671309570101	-2.31845301468917	-6.9710235579054	-1.7597955877315	-1.48479953109152	NA	-2.09205606452072	-1.44873831437739
"prt5164"	-1.88086262227162	-3.99082554359533	-2.14810297462223	-3.42779882802469	NA	NA	-2.00480520952191	NA
"prt5165"	-1.47990727652052	-0.218013948090251	NA	NA	NA	-0.217315832410764	NA	0.0644789749669278
"prt5166"	-2.28532951768137	2.94567256662979	NA	-1.19888889118112	-1.94694638939649	-3.02474503061532	-1.01734454050258	0.858694016857745
"prt5167"	-2.18071586224432	0.175514634005723	-1.96071175025897	NA	-3.69270187235203	-1.37677508273183	-3.7526520919996	-3.90340025644858
"prt5168"	-2.05290153349305	1.5285486651816	NA	NA	-1.32446687535251	-2.56598421869695	-0.165488954971173	-1.06182285475432
"prt5169"	-0.993854030964063	NA	-1.4458020838813	-0.906161264832161	-1.41464055409002	-0.505502468098467	-1.88086231363118	-1.13998129603314
"prt5170"	1.47065203465413	-1.31298244650862	-1.91491239983578	-2.10016822201219	-1.25826943948088	NA	0.988785657549297	1.84600373278712
"prt5171"	0.533250725566221	NA	-1.17400297422627	-1.80114824854942	1.1033309346143	-1.4885827228521	1.02042327846232	-2.17795356931167
"prt5172"	7.12156487244558	-2.77135807835041	NA	-2.92428948277827	NA	NA	-5.86507700447856	NA
"prt5173"	-2.46928531499866	NA	1.04818589669828	2.00208828603957	0.803015583119502	-2.79084163414115	-1.82633199197785	NA
"prt5174"	-1.78192168299423	0.432795111029658	1.00858783327897	0.898356656804618	-2.33512389424474	-1.52368774973736	-1.08718808091146	2.97865084639014
"prt5175"	0.283773019132694	0.810451517811603	0.423819142405101	0.537974643232019	0.721300866032491	1.51490216937834	0.624538662177325	-0.37057861599655
"prt5176"	NA	3.13332259537399	2.53335924744416	3.87952552916318	NA	4.30686020415131	3.89937835555548	2.54695459838353
"prt5177"	NA	-4.27001814246266	-5.63563949832947	-3.73546919235109	-3.46284161981506	NA	NA	NA
"prt5178"	NA	2.27033468298649	-0.0608670628741	-0.589825770993148	-1.7557610295849	0.138550416425766	-1.32121259209038	3.74217597514074
"prt5179"	1.55759701198842	-0.29025266101263	NA	1.72885509057675	4.8140427082876	1.36611529364149	3.8843873304476	2.96980346102872
"prt5180"	-0.796622244443183	-0.519681845743109	1.23133291020377	NA	NA	-0.0665127277695964	NA	-0.568413195217051
"prt5181"	NA	1.69879643776609	2.68231948793999	2.18494614799597	2.4065015607979	1.37118258024875	0.812841297791918	1.35870352819321
"prt5182"	4.60461180909662	1.69939345530526	-1.69429372231268	5.00403972673641	2.11445276371051	3.06911568820142	1.28139990125551	4.44766334591293
"prt5183"	3.94727629467851	1.85810376689337	6.90402704193852	1.17431287262199	2.23730028263269	6.25650907111573	-1.58603276110176	-0.750568725551963
"prt5184"	2.16912009578266	4.12645428518599	3.0763341004893	3.42148501288823	2.85810164435197	4.10263330367696	3.46429182745675	4.13750777206683
"prt5185"	3.34768428387739	4.06459222194786	NA	3.16697833263374	2.2974135360642	4.03307965100556	NA	NA
"prt5186"	0.148091158932872	0.192871239220189	1.60480277004057	-0.144917358789859	1.01730014500206	1.60594633613348	1.49141623564874	3.44914652082437
"prt5187"	2.2185402666146	0.567044152027225	3.96458244282994	NA	1.3707602053072	6.49000206895873	4.55032362680584	3.89195699987186
"prt5188"	3.84877301489999	0.827012554964738	0.245765520262959	NA	0.340371942848951	0.94653246483238	0.405760328412557	NA
"prt5189"	2.28233122158938	-1.28408462805631	-2.84762743487353	-1.6751213166269	1.1420115323353	-0.201993032029382	-0.473552509077581	1.63979510222361
"prt5190"	-3.89678584340057	-4.51322149352053	-2.17818997773847	NA	-2.52250055490205	NA	NA	-3.33486912813579
"prt5191"	-3.86083263237438	2.20056436942197	2.8552922267047	1.46265582080616	1.29322332857421	4.71836122013603	3.46844227359638	1.05219747796253
"prt5192"	4.13315459089426	-2.52747520080105	-0.268716766146517	1.87904957164256	-1.66816723986789	3.26158966166057	0.784157794096454	0.679714765266193
"prt5193"	-2.92368043206242	1.13447204958121	NA	-2.62902794055402	NA	NA	-3.18701010090145	-2.4980446138485
"prt5194"	-2.77535944641081	3.2103422565055	NA	3.02080037299048	2.86174857777599	0.980474282386987	-0.411263935174348	1.5236647517428
"prt5195"	2.18354777687892	0.207316495323442	NA	NA	0.645740110101799	NA	-2.04090461014622	2.34527694607771
"prt5196"	-1.35713233845042	NA	3.17460615776427	NA	4.73093804232521	NA	3.0634839560453	1.73244557887011
"prt5197"	3.06080469072485	-0.736148797590632	1.65738970729808	-0.0149590636831929	4.94256444627636	NA	-0.829854720940733	4.0614115313611
"prt5198"	0.440870947336665	NA	-0.142244423837016	2.45233854316026	1.55843705094169	3.49195753721574	2.35746869677377	NA
"prt5199"	1.68962920026161	1.66158161223405	NA	3.30776489622578	1.71689199848431	4.75425960635887	NA	-0.571144575223252
"prt5200"	0.93435126337987	0.35044701666863	NA	-0.811552082463817	1.56138177175523	0.156236795241762	0.0872401838197687	-0.355750408207782
"prt5201"	NA	0.456984784259779	4.64149842155892	2.9310634108103	2.25693009772394	0.532177883215391	1.53634992633638	NA
"prt5202"	0.573867614433623	NA	-0.097876569075949	-1.09465161190144	1.10072352700737	-1.78785939125381	2.08649961262146	-0.56491435117738
"prt5203"	-0.173037585699701	-1.01963357383136	NA	2.12613878285994	2.20081330734401	0.0451090309487753	NA	1.67432831877341
"prt5204"	1.33432062503634	0.825942249746239	-0.400475309280584	1.16777497711939	2.6686524997712	-0.395841626311598	NA	-0.905873309297919
"prt5205"	-2.07671126508824	NA	NA	-3.33179182612937	-2.9812902004581	NA	-3.58631763543351	NA
"prt5206"	3.29860309888794	4.61470335167059	-0.779291061677091	2.11874018972555	1.89326364558392	1.71712712468088	NA	3.18665183620673
"prt5207"	-0.0189933031764877	1.73103154120873	0.0241913556311964	2.59592064610932	-1.4056490935887	1.44919214370833	NA	0.706903806476147
"prt5208"	NA	-1.47131950065408	-0.378293009089985	2.3497546440266	NA	1.47874823372027	NA	1.06829450542177
"prt5209"	1.34825169966289	0.452750643503861	NA	1.69266292256122	0.290893167137813	0.917844721299526	1.43635469705941	0.662636746310369
"prt5210"	-1.86555947306278	NA	-2.70056445886082	-2.49631773901875	-0.911418715690448	-1.34011284944177	-0.915742006382225	-2.47366149605888
"prt5211"	-1.96025957878582	NA	-2.32976565570364	-0.0609610616246474	NA	3.85599892009092	2.53217774943606	NA
"prt5212"	NA	0.497816077604154	5.66777976280023	3.1709145187211	5.00811325050501	2.1142610120827	2.0985065835021	4.32392529328673
"prt5213"	-0.695640590545374	NA	NA	-0.450605817224829	0.127497469600511	1.28455800143736	0.942758769021503	NA
"prt5214"	1.52399584541209	-5.88367675094652	-3.98828745307652	-3.17595334123956	6.7451208846557	-0.657781965689148	NA	-1.90747183762763
"prt5215"	-0.330580820589453	0.906431442099748	NA	5.24016640959644	NA	3.26601378008922	NA	NA
"prt5216"	NA	2.93781235144116	1.00732848304156	1.14424117075313	NA	1.53484585420704	1.62559971295899	1.89894476977861
"prt5217"	3.37716252747616	1.33357913510709	0.978368740355136	4.1317454200164	0.612556887442268	2.17591537764819	1.85181472124038	3.18638592621419
"prt5218"	3.51768040948649	1.84084185546726	2.21950515896474	0.636919403090954	2.61376336166641	2.4886588479509	1.3622904697671	0.148499648325818
"prt5219"	0.940970303321103	NA	NA	-4.28532934943055	-1.61355235344943	-0.333945531023137	0.945496308687557	-1.45207873473501
"prt5220"	-4.46782220638867	NA	-0.978388402285637	-3.06300803205989	NA	0.475892384278115	NA	-2.15163471085162
"prt5221"	2.38119098400285	-1.19811868246941	1.02122297833812	4.71420224960263	-0.140858336673382	0.144100573674714	0.851750673345853	0.565381019870784
"prt5222"	1.79006552173339	3.52885912542702	2.24062202007405	5.72413268363282	3.94804618503142	2.88124083372401	0.673049254326183	2.27519413860147
"prt5223"	-6.11751460538274	NA	NA	-2.39884671120334	-1.88681678385272	NA	2.21136118721466	-0.685653146869749
"prt5224"	2.77396014526032	NA	0.785807249334496	2.59226122308475	NA	1.31972073757282	-0.158432463286996	1.9949583359077
"prt5225"	0.196266121665832	0.0894359532152179	NA	3.19307015679527	5.85723784719692	0.0718367040317	-7.10137688280026	6.71142877967772
"prt5226"	1.45306890594452	-0.640141848872959	NA	-3.36896486023427	0.744133522365365	-1.34345760392109	-0.820741490503037	0.580274598989846
"prt5227"	-0.978007061185748	1.25803891814905	NA	1.41483218965889	-2.96838615730864	-0.24977334620365	-2.02498669536745	-1.79787851119713
"prt5228"	-1.02871927785904	NA	NA	-1.68953439133888	NA	NA	-4.15536587835049	NA
"prt5229"	-3.27696184816718	1.42520327421453	-1.88536611450674	-1.44276620394155	1.1811774925746	-2.12786837519076	0.113710336474227	0.261403032484827
"prt5230"	1.39517244869191	-1.24565056917968	2.74585070042316	0.646302383605138	1.12618114657385	1.09453406185288	NA	1.09892739504802
"prt5231"	1.28202955979138	NA	4.52146820373618	1.15902205506332	3.71718796870526	5.57611032705356	3.2567876878196	4.9233319508482
"prt5232"	-0.813933793311106	-0.391611322435807	0.121279793324255	1.40017615446652	-2.98699737084612	-1.94759005569454	3.22345922060411	-1.43096692341721
"prt5233"	-1.90623397609084	-1.82130438917005	-0.572743947086526	0.821503910731729	-1.81550606225508	-0.54831069345045	1.44702128766921	-2.27492392202891
"prt5234"	1.34048771190813	-0.410063873026479	-0.7915619604514	-1.06775509225742	-2.6585332720428	1.85898775048186	-0.0297219709963519	NA
"prt5235"	-0.309344770817661	-0.344491635146201	-1.44986371151843	-1.52936041347735	NA	-1.04791166912486	-0.6373025652343	-1.76953655212745
"prt5236"	0.905733397020682	2.12257787353035	1.80441008321634	-0.461839070822034	0.467036984377712	1.50666929340391	1.1600314719715	2.83795102607496
"prt5237"	4.77692250992872	4.10540130478628	4.29820191000378	4.935858821508	5.66932483209906	6.27108110092649	5.04531665127879	5.79459198755669
"prt5238"	-3.72088755232944	-1.65464760054387	4.00869024186765	-3.57066548971739	NA	-2.63740318089552	0.26927273747429	0.183886599517587
"prt5239"	-1.38882252735817	NA	NA	-0.770206593560631	-3.54131981445947	-2.8595972217866	NA	NA
"prt5240"	NA	4.41307932444044	1.75223641233298	7.25071676249679	4.4739636600977	6.31103770842957	4.13228794173731	4.20907247930206
"prt5241"	-1.70354237873765	0.103325761797951	-0.659538316402867	-0.603000027390125	-0.169404622601898	0.329156940627686	-0.879680815543494	-1.22851305002647
"prt5242"	2.07660155024855	-0.230195783964209	0.405630818716633	-0.821368046118588	-0.266467312776723	2.20852990924564	0.222399218354933	0.545045920027112
"prt5243"	0.822079336549278	2.36933385178752	-1.90993835006735	-1.35146789997551	0.916181908656192	0.125165111122132	-0.0252504755444298	1.72172763428625
"prt5244"	-0.284989955312298	2.24828797974353	4.71593604850916	0.674673628236464	4.00351848825759	0.771942177186154	4.411921169947	6.30762087678345
"prt5245"	0.695181973737014	NA	NA	1.54364218622035	-0.244424171598503	-0.465763504440959	2.57963871329745	2.16292427946932
"prt5246"	-1.84285459399211	NA	1.13819616036327	0.0134599215793118	-0.158154977287483	NA	NA	2.76169448427639
"prt5247"	0.371103523172567	1.12557088097325	3.08418126522117	-1.4809551740133	1.60836513342465	NA	-0.563535091688907	1.44038984772699
"prt5248"	-0.770272863526706	NA	NA	0.00484934000457927	0.956170642644158	-0.16282299050046	0.0206974810567876	0.883517910171923
"prt5249"	0.999137777352556	1.89797301927002	1.47721011889718	2.53936439359093	2.7285584307411	0.40205774288295	1.5925972309191	NA
"prt5250"	-0.0513832300621188	NA	0.963835276593744	0.865462262440929	1.1907347038068	-0.000822036835012419	-0.399891708220863	1.44718807705574
"prt5251"	-1.08073666532064	-2.79530684824937	0.344886941921522	-1.73880986354273	-0.782743553988813	-1.79020148432137	-0.320868222967052	-0.329586152891631
"prt5252"	0.186557990230508	1.34136617424283	2.80997345093964	0.306237236752186	0.713691020113152	0.787159973145995	NA	0.0390663656590719
"prt5253"	3.896206307015	2.26603422195618	4.93314271290628	5.54797457954979	5.83800975592951	4.0871286729608	4.20820432615833	2.06842524519801
"prt5254"	4.06789617060654	2.86200644216409	1.06820228726092	4.30819419949815	3.29555147306083	2.65571535835324	0.379874431925092	3.36051677882322
"prt5255"	0.407585141286395	0.742919048808697	2.65542208442251	NA	3.97327302490571	0.424521913052264	0.155621514183673	2.13814342828722
"prt5256"	2.17048472045674	5.58687287477338	1.65517296954198	1.01590915193367	4.03331152779999	3.43179526259839	1.37428252897462	2.11542400616588
"prt5257"	NA	-4.47224169259322	-3.52647206667939	-1.90067041055465	NA	-1.95546005827008	-2.13495437378455	1.95096735520521
"prt5258"	-4.48614518753661	-2.17947053685011	NA	-2.06652400075732	NA	-3.58064797218868	NA	NA
"prt5259"	5.4685137979887	4.0090185351402	1.00571708999453	-0.0482092498749538	2.57406902655814	7.50742939473032	4.8791449758109	3.81413042144267
"prt5260"	-3.82097345328751	NA	-1.8735152021739	NA	-2.53436644811351	NA	-3.12039228437805	-2.84705247906855
"prt5261"	0.485226779146489	NA	NA	0.596241685548099	NA	1.81295664583913	-2.28359932888983	NA
"prt5262"	1.15771620153536	-1.12674204027522	NA	NA	-0.723437674425434	NA	0.436155874276309	-0.453488411301446
"prt5263"	-5.10929717440559	NA	NA	-4.08265321558539	-4.82164917243776	NA	NA	NA
"prt5264"	0.833920441793909	1.45544606128577	0.518778505167098	0.191868115966339	0.356064731966374	-0.575024189953077	0.672069187254443	0.635495633903754
"prt5265"	-0.170148927310481	NA	-1.84544461963104	-0.281233355412265	1.58122609224388	-1.75072263425187	1.25514024189953	0.49676203499558
"prt5266"	-0.999542978373534	-1.11775895481366	-1.09506276014454	NA	0.137636779921153	-0.94747661192666	-2.29055721116298	NA
"prt5267"	-1.01709709239746	3.38262894394814	-0.57514237019768	1.45622770036404	2.46499384162957	6.03869326666766	-0.759158869874313	-0.212021293412442
"prt5268"	-1.04084356894064	1.00941709853801	NA	2.70975524920131	0.480695729230585	-0.886026499072441	-0.065006133878694	-0.972247416326615
"prt5269"	-1.75127234773807	-0.820979860045615	-0.431066916709198	NA	NA	-0.429125678910366	-3.40644049054626	-4.73256079041549
"prt5270"	0.835103631950601	0.84825025365878	1.89269047060863	0.98760243925246	NA	1.7322863150318	1.91174775601704	NA
"prt5271"	0.282700300929537	6.08320529506074	2.12722539151456	2.27901909346286	2.5716517654706	5.56425084473087	NA	2.83326945508
"prt5272"	NA	-0.48611540605138	-3.19864762267521	2.88293531893443	NA	-0.770662096161342	-3.52891353346449	NA
"prt5273"	5.34523293482347	2.69652682405637	5.35489029202652	4.07902855306986	2.72664645542241	0.791971136372054	1.09045623378998	3.14566624864591
"prt5274"	-0.883234614711693	-1.50459033629278	0.411282538415236	-2.04917212396906	-1.2851560889808	-1.5472583567224	NA	-1.77954233117323
"prt5275"	-2.50474640181729	5.27067992360777	-3.20677080233759	NA	-2.58272343728962	-1.75754388777351	-1.90585017399708	-0.396239554811655
"prt5276"	0.2026935255744	1.23013558740222	1.67820553033071	0.327840055217193	-4.5940614610491	6.08386237973922	1.68414255072611	NA
"prt5277"	-1.35009215064221	1.26482671373713	NA	-1.29962640123302	0.41267389644606	0.459611903986424	1.76153163057408	NA
"prt5278"	-3.07545401654124	-0.47565610474311	-1.0618343976411	-2.19565388565987	-0.629743550423952	-2.52873207821357	-2.6170129136129	NA
"prt5279"	NA	-1.44748386348263	-3.06186073846012	-3.96135473530586	-1.96305507470866	-2.30770591446827	-1.3597277632876	NA
"prt5280"	3.10769775146434	3.65979356021988	0.660710352565755	3.18035206374564	1.8691045262497	2.92173188593876	2.79777290514489	3.01315813505185
"prt5281"	-2.35177444189636	-1.35194507285411	0.519684329519569	1.47174584933029	NA	-0.0275102542087668	NA	0.829353078153675
"prt5282"	-0.314674433609845	2.05137758673983	NA	-1.63206205737997	-1.43970512056209	0.104309740468198	0.193023469166644	-1.8287459280395
"prt5283"	-1.18118704615168	0.86810078960529	0.118914148927562	-2.43821753261742	-0.881190624387627	-1.04545237848432	-0.25388711424985	2.37950784116271
"prt5284"	-0.0600719442240704	-0.88994638391038	-0.771921880487177	NA	-1.02714291219231	-2.70617954416858	-0.533483241549854	NA
"prt5285"	1.34384356826987	1.362480331592	1.89203215624404	2.5481273983778	NA	NA	-0.148390210638536	1.63028930659865
"prt5286"	1.35579012664044	0.69398700193908	-0.570072089886157	NA	2.58404483344259	1.50062555804246	0.704641902676609	0.375104326124311
"prt5287"	NA	0.0626305616910817	2.89767608876438	2.05026770281796	-1.1266080761607	0.195380743009737	0.0989332826336048	-0.705898426108498
"prt5288"	1.20988770542709	NA	-3.32016828894338	NA	-0.135425321498446	0.941376641420459	0.557090585809592	0.0897943761255785
"prt5289"	NA	-1.76973574153577	-0.931023342561201	-1.4752789820479	-1.02145479377607	-1.38436056658708	0.439699625546325	-0.41117505787677
"prt5290"	1.2780429485558	-0.720792265447268	2.06845024030844	0.0491396770749042	2.80402010533306	0.850313651621463	1.49925222177947	NA
"prt5291"	1.15889780825439	3.28972287181731	-2.97499047444606	2.24925275564186	NA	3.06811622920407	-1.30472638239233	NA
"prt5292"	-0.318076526136653	0.805852130264368	0.284198929802099	2.07541470950102	-0.0897314926564207	-0.458899814122041	-0.468640729998331	0.525940604404433
"prt5293"	0.936214553252621	4.22416567372726	3.83180451066812	NA	3.93668980833337	2.76330573268604	3.39433435236821	4.08524624484195
"prt5294"	3.24791632814441	1.28401891044618	-2.59215797709456	-1.73061436613661	-0.609564411076558	-2.55005071148686	0.177894753972624	1.21747732787865
"prt5295"	-1.03553722067154	-0.155836559570472	0.0117190717990051	1.45940965548475	1.81822333087984	-1.015571063571	0.823073712285539	-1.47529933488225
"prt5296"	0.450996611376793	0.515538739628009	-1.83650753745263	1.06228497199128	NA	5.8297276323646	2.72091522081742	1.90511840697987
"prt5297"	1.70627388354047	-0.876447260042995	0.452711777073559	3.05828583488526	-1.30020105369592	1.13108081352107	4.31185875699349	0.367742275919368
"prt5298"	-2.7902117962816	3.46990867789704	-1.43032221497814	NA	1.11257334976373	-0.810869567959818	1.78300353465267	NA
"prt5299"	3.75617491263147	3.39930440668619	0.542238482844526	2.22050255533769	2.52053144288354	2.55245092983709	4.56093466808778	3.95115054235852
"prt5300"	1.77944352821313	NA	2.09898943583846	0.671924696057827	1.26625029816398	2.04003529768365	2.72777199640924	0.992503035728622
"prt5301"	-4.25076161495611	NA	-0.411335467317754	NA	-3.11406614535316	-1.82531973900889	-0.31004080544625	-1.78555207265778
"prt5302"	4.91399735493593	2.79642246371879	5.73485687312307	4.0891113677469	3.4371564402864	4.48884328828166	5.66153023690572	3.90522583734922
"prt5303"	4.07379230970868	NA	1.00195463824644	3.41036336926109	3.74335577512648	0.236179850891503	2.51859001991199	2.86611887399867
"prt5304"	0.868376942889324	NA	2.16887791311813	1.82161361450656	NA	4.62200803832023	1.60914513872343	-0.551113365499925
"prt5305"	-2.26464413489915	1.28558490331243	2.20169649683029	NA	NA	5.43788934697732	-0.501780087652839	-9.46991154769723
"prt5306"	0.371457418768212	-0.389449640766743	-0.719245004696816	3.14289598457965	1.32232495945664	-2.7189905400867	NA	1.27235631071873
"prt5307"	1.82268889108044	-0.0672211169737679	-1.65645792280087	2.65794447632869	0.357748003069113	0.0888577365645397	0.446023838702311	-0.921322971498343
"prt5308"	-0.779622845858599	-2.01265747409377	-0.193877229890729	NA	-2.16984709506452	-0.378878522392958	-0.714332792650683	0.559721306045037
"prt5309"	1.00044907158284	-0.611542490130894	3.27540449763055	-1.21730122998203	1.48449403462405	2.75374221440699	3.9393615904001	1.75236886901455
"prt5310"	0.518897819635565	-0.353689117804585	1.51503420838285	2.06328218315218	-0.072087549743063	1.7357722431414	-0.92134705666574	2.63398999745254
"prt5311"	-2.54397004136807	2.79287171154574	NA	0.85014299943547	NA	2.17791916549603	2.3945763362441	4.26629411212269
"prt5312"	-1.07242996192432	-0.448694546500291	NA	NA	-2.16770231691381	0.302124565214518	0.246832134985498	0.110328882077138
"prt5313"	-0.356536872893481	-1.17504911705239	-1.62868291987213	-1.007986761585	-0.670418763897372	NA	NA	-0.580182911130643
"prt5314"	4.42385021916238	1.75344807503343	2.78945603721159	3.48859385108482	5.28528338219913	NA	3.25399139747648	1.94313317245219
"prt5315"	2.82563209447594	1.68306638408863	0.205964990999626	1.33944161801144	1.87304021654908	1.47375348507206	0.453025291472062	1.92880849339803
"prt5316"	-4.01804592233579	NA	1.16307042916501	NA	-1.67133033400398	0.541069890410127	-3.43977572527816	NA
"prt5317"	4.08838713057024	1.37275206362048	3.77220092182972	1.49349403912099	3.9483495785987	2.86538093990849	5.76378282071049	3.32451275514294
"prt5318"	2.28030624474388	2.44078174564867	0.327748278571838	2.21979122008042	3.23539509461591	NA	2.52370875175015	-0.114572514125314
"prt5319"	3.94475846042867	-0.769988187595392	2.49488304507475	7.04500885734471	-0.511512522870159	1.69777723523367	2.11243424997606	NA
"prt5320"	6.63876505021603	4.70765758649041	1.66835173107401	9.62323348103878	1.23807505511693	8.40378725884437	4.52576960392504	3.75134052414905
"prt5321"	3.66997698852743	6.83234217774364	4.84905625122057	3.92149756189269	9.30536595341506	1.98901767049574	NA	-7.26179745241035
"prt5322"	NA	5.65673015053104	4.39163543107095	3.44787888295149	NA	NA	3.75893271926537	5.70704426008101
"prt5323"	0.250386637596634	0.180752727248746	5.7815954929266	4.14903166565457	5.63582148938673	3.09611340666145	1.18066880675546	1.51674323267934
"prt5324"	-2.12820506113688	NA	2.94984790442434	1.95110431096695	2.25575536246552	1.77368786211135	3.27017992264965	2.15757723909143
"prt5325"	-4.38298291812358	-1.28333626113098	-3.95662716280601	NA	NA	-5.09003498703072	-2.33886870253626	-1.29368347079106
"prt5326"	-0.701697849999907	1.48564296412999	0.29560920269693	1.50889084676819	NA	1.38888937869163	NA	NA
"prt5327"	-2.37022291097265	1.63584833492406	-0.908792096319422	-1.51535649198291	1.69381634948603	1.48302774374326	1.36763541045281	-0.218075309145727
"prt5328"	-0.936053584277075	NA	1.46738210301983	-0.107777634794378	2.66166775469723	0.517127229758435	3.86841171837604	NA
"prt5329"	NA	2.8253801817471	3.34014413508236	2.73794329903631	3.91541635251232	4.04574664750929	4.37486013894829	5.23066751512477
"prt5330"	1.64180135695115	-1.10097870985197	1.34276696883712	0.804560504348187	1.36244886452269	0.63966995821453	0.185451255148158	0.280761993325058
"prt5331"	-0.49720455563088	0.682395928676735	0.514514081586448	1.61983186218155	0.488610475712967	-1.55011208803735	-0.448798634990227	-0.41720468202385
"prt5332"	-2.82482661018391	NA	-4.84085810929227	-1.89737478528668	-2.57065115414745	-3.15100094240355	-3.42117790943201	NA
"prt5333"	2.29719177669313	NA	4.71907667772196	-11.2592336020592	6.35972434027879	3.21372292159996	0.150033743902065	0.114534330748584
"prt5334"	-2.1541611728312	1.490267895807	-1.87402921378371	0.612405344091422	-3.71147260080871	NA	-0.794887782135622	2.59860654629899
"prt5335"	1.31054761971839	0.0561515559273965	3.2373405716652	NA	2.41957237446843	0.558584437354855	2.80238104837	NA
"prt5336"	0.0393404907325696	NA	0.714848735818588	-0.0957352612343858	2.86370129637524	1.34489065759109	3.56618686688251	0.269480311335486
"prt5337"	0.420877018094677	-2.76658516617606	1.06506055140468	-2.08846182803779	NA	-2.46498725365635	1.23888124839259	NA
"prt5338"	1.38754484463892	0.499561077700305	0.446057897045015	0.382956076276513	-0.473333188095262	0.123603931439602	2.36458036502272	-1.07165810522541
"prt5339"	3.19993075714052	5.35071215812525	4.92579635476132	4.0804622654313	6.20539403350738	8.07405115313852	4.91800190936986	NA
"prt5340"	2.72576105452188	1.53310021725922	NA	NA	0.804830885289033	3.35427772426088	2.32376695977503	2.03129525516998
"prt5341"	-0.014002640037861	1.65922747084185	-2.94543604329415	-1.88281253150743	5.666479597796	-0.514210495144894	-0.340254010897813	4.37987384906357
"prt5342"	2.47994972936461	4.08850086705231	NA	2.87719221531372	1.37123383976951	2.55524133477102	1.90753897268668	NA
"prt5343"	3.69087146387322	3.39963646170036	1.01098304696773	2.34545487420401	3.89295005390613	3.94836083177822	4.04708478528835	2.04172365625407
"prt5344"	2.15790706381979	-1.09241899689237	NA	-2.64891108979333	NA	1.1903274490213	-0.0173671546043641	1.16452199612305
"prt5345"	-6.17678629181668	NA	-4.57345681881109	1.80996755619764	1.94868767056442	1.12835031660331	-0.402720461520407	-0.473173487474454
"prt5346"	-1.07238068366079	3.6120994242509	-1.07333923200613	4.13659412595773	5.06893447131294	2.46524824011267	NA	1.18737808914564
"prt5347"	-4.41105790428812	-2.03654634064347	NA	NA	-2.76988093539257	-6.03409847040207	NA	NA
"prt5348"	2.41605619320078	4.20672819380682	1.21370061722945	1.99244415396316	2.88243400141516	3.22321071034154	4.15081625885166	1.07696507013862
"prt5349"	-3.15763261846967	1.676819612131	-0.959619163308018	-0.849455831358342	0.234708496799564	NA	-0.268849153882019	-1.81852317012596
"prt5350"	0.678753322770945	1.17293141658617	0.808318915599885	-0.724530097167382	-0.366670231362392	-0.883496325685613	NA	-0.250038253788613
"prt5351"	-1.02902138222485	-0.117493137473192	NA	NA	-1.33737442017243	NA	NA	1.16394106648071
"prt5352"	-4.32302310252342	NA	-1.49413603935283	-0.442623536809159	1.5936521329803	NA	1.10754337531444	2.29357762674791
"prt5353"	-3.27106538665433	-3.31063295531553	NA	-4.14172778632048	-11.6885460663367	-2.41118921167429	NA	NA
"prt5354"	-0.680426174484626	3.0508458509229	1.61155329274484	-2.83392267670368	4.42148857134026	0.782834248014323	-2.0686917417032	6.73593382064806
"prt5355"	-2.00901241583741	-2.82311055802826	-2.81776493305159	1.64830617548851	0.325662340732276	NA	1.60513455066973	-0.556559244675764
"prt5356"	4.90185762044446	-3.22329796402556	NA	-8.88812561862997	-4.38123671523539	1.67305574095056	NA	-1.39770766258722
"prt5357"	2.11431834616613	NA	4.32645895736119	4.2449240944054	3.67238205822668	4.28778821095196	NA	5.31103871718198
"prt5358"	-0.52995038648651	-1.70327154253474	-0.862996336240513	0.129566573957514	-3.97507727118336	NA	-0.216996803117024	-0.182052772554911
"prt5359"	4.80587596280152	2.49855967686711	0.204480033825616	-0.513197113227509	3.5545191688746	2.80531083240186	2.11347490999473	-1.0115285108078
"prt5360"	-1.80137347382655	0.144766814323449	-2.30997164364501	NA	-0.261847798668707	1.30362713000597	2.85587980366615	1.43492285492307
"prt5361"	-0.317626073607773	-0.148866072557174	-1.85492783811381	-2.67564989301041	-0.650057323505822	-0.771044960180318	0.51166669264908	1.24158018130587
"prt5362"	2.40750308290028	NA	3.50458947776588	-0.512755611228385	1.96029289396509	-2.09181650622216	-0.62079180508099	0.739006093206839
"prt5363"	-3.46089311885138	-1.10446391380369	0.664984103240158	NA	NA	-1.62442501335724	NA	0.0198261964933814
"prt5364"	2.49667894921504	2.0286418726603	1.42493918061354	2.60647931336744	1.52752575180057	0.942012844295715	1.98769161042099	3.00406409266647
"prt5365"	2.41059019358326	1.82196433732007	NA	1.73676526168252	0.983385103262324	1.66290170617186	-0.0251266559728491	1.42443369317914
"prt5366"	NA	0.840156415087037	-1.14649600492608	-2.9091600410238	-2.50856465272877	0.58649419316591	1.64285699923155	3.19787105497869
"prt5367"	NA	-2.01677101950882	-0.521232000920365	-1.03573350239458	-1.66997089876618	-1.70385179349772	NA	-0.958279464614205
"prt5368"	3.65511185548982	0.958288257577126	3.79676032695716	0.343227925189567	1.79918910363354	0.123269524591423	0.660153521874523	3.14216871124919
"prt5369"	NA	-3.04911706250374	-3.96310809649004	-2.7273913165106	-0.973611917327684	-0.272053113828211	0.61991574863277	-2.66144105486688
"prt5370"	NA	-0.827981952511278	3.17926360825139	-2.63008936475315	-0.543912052173788	-1.74662821585646	1.82480716621125	-0.107258671169615
"prt5371"	NA	2.20619890296712	2.36867165513623	4.21563229431017	2.67969213192846	2.33364399195907	4.34704579963722	3.12944188617916
"prt5372"	-2.11218356261482	-1.59872874118521	-3.27942453828915	-0.844518870289128	-2.15056066955038	-1.12133480697369	-1.90032315723417	NA
"prt5373"	-0.040556987800062	-0.278135918610379	1.98417780026621	2.85004651971689	0.644472575633413	1.80599838706946	2.12231231646044	-0.359106774548512
"prt5374"	1.09905004685105	1.89544013965976	0.734752929689465	-1.6709539867563	2.11109907990008	2.90404362048268	0.450473824313371	-0.556737291313213
"prt5375"	-0.835564596687389	3.12062704557226	1.42763700002121	0.592785582026213	NA	4.69811536133279	1.36954767545146	3.11890910877286
"prt5376"	3.15029170002509	1.25972343437671	2.31665520658783	1.44629102293962	3.26479141850453	2.48910046309504	2.43091318619719	1.31322623657124
"prt5377"	0.556576655083932	-4.42088710704097	0.701831149822447	1.86450321858452	NA	-1.2424369586488	0.247873552174659	-1.27602100391353
"prt5378"	-0.00781330200417489	0.337201373268011	-1.2950639018871	2.39841897243708	NA	2.56927264714594	1.0584622622205	-3.45816335162409
"prt5379"	-0.489223111718511	NA	NA	-0.216033449973354	-3.19993449812418	NA	-2.6125140186004	0.367405968189358
"prt5380"	1.49860631240393	NA	3.3139129931874	4.92209559490404	NA	3.65453641829665	2.2806684574331	4.21599374107958
"prt5381"	1.46591124654036	2.29567643745926	5.03035173108863	3.10498347473243	3.78359243457288	2.53273917260331	1.46865165347009	2.77289469434497
"prt5382"	0.503273460283644	3.66246913234628	0.259779340888068	1.93114511214561	-0.00591123261922756	3.58858642647528	1.35142360580468	NA
"prt5383"	1.45184197746989	2.98413347399887	NA	-4.93775356612055	NA	-1.64124634072269	-3.75982161181319	-0.571481253314588
"prt5384"	NA	5.58301816991669	4.97718499725283	6.61622866172023	NA	6.15594759606047	4.23061774971738	NA
"prt5385"	NA	1.00449678542583	0.346209874922117	-0.307542530156	-1.58306074708451	2.21394069551574	1.87111189986289	1.23888977254787
"prt5386"	-1.23530153327878	-2.2480529592541	-1.15748335184511	-0.578847363371912	0.68639103403907	NA	-1.42233114745369	-0.0736599631379326
"prt5387"	NA	-1.24214424068246	-0.877146343914172	NA	-1.93846612064322	NA	-4.0175109267962	-1.03127778854082
"prt5388"	-6.24893466668779	-4.05242266127614	NA	-5.31767143245536	NA	NA	NA	-6.38674828380828
"prt5389"	1.82881544935017	0.473824468221656	-1.23139063483624	-1.60325168161909	2.48255490850614	3.90339861538916	-0.189971301303829	4.27489140288527
"prt5390"	0.36714259058457	NA	1.48032487632399	NA	2.16273929382761	0.728859978913021	1.23696449433791	0.343301351957957
"prt5391"	-0.145606712864471	0.60659122261332	-0.736723046831177	-1.36240494658127	-0.476789762390082	NA	NA	0.725738909482212
"prt5392"	-1.88330849892085	-1.00503936151097	NA	-0.589276594964314	NA	-1.12662466717114	-5.0668623016673	NA
"prt5393"	-6.02111030337994	-9.40520390279337	NA	-8.26726608458712	-1.4814149391662	NA	NA	NA
"prt5394"	-0.731639482745603	NA	0.0282398624459186	-2.08125687760809	-2.98821293024035	-3.98062382355957	-2.47990038314344	-1.95290194814129
"prt5395"	-3.66503331375084	-4.09936841089335	NA	NA	-4.45962368688942	NA	-3.04095326609465	NA
"prt5396"	-1.65315495395671	0.0897557686842075	NA	-0.0862622574968919	NA	-2.11845124314466	3.14457604654494	-2.87612449848589
"prt5397"	-1.84016232258571	-2.20151063491722	NA	-1.60854808906156	-3.28608084982041	NA	-1.63696073618508	-2.08242088420942
"prt5398"	0.147799396568445	0.733357654782105	0.146549523025599	2.53036160483118	1.18674305255146	-1.1611213410579	-0.204416063563694	-0.444510666588788
"prt5399"	7.02464213853868	1.8988722492038	2.28152824000174	4.75329823235585	0.988464718398171	0.736078731295565	2.6357716788533	3.72873192338149
"prt5400"	-2.22579011991183	1.14561062971521	-2.21169984920473	-1.31688073580549	0.60657935787462	0.130242636026889	0.477349573181365	2.85116230393828
"prt5401"	-0.727736265859714	-0.108639892390708	1.08962633097437	0.369941881802357	0.68948258927714	-0.00448561153381077	NA	NA
"prt5402"	0.379715117131749	-1.64621848033669	NA	1.06750437263854	-0.743779766393036	-0.540237198145244	-0.387441081742294	-1.39048757088171
"prt5403"	-10.6322584875493	-5.65290081852763	-1.97837859415977	-2.23102056341117	NA	13.1111807996371	2.15509782127306	11.1098759109956
"prt5404"	NA	4.95979919073049	5.90723059697805	5.57453619081402	NA	4.05637017877946	5.83910855393591	7.03729796727079
"prt5405"	-2.14366728075533	-0.252842484756584	-0.460308553464301	-2.09944136070858	1.61134403202308	-1.39114124820204	0.168204386878699	1.30960066070541
"prt5406"	0.46382778620163	1.76903069776911	NA	-2.4651787875506	NA	-0.128664544947157	NA	-2.63910464622704
"prt5407"	7.84235615761574	1.89533496293945	0.229192571049893	3.86850833551976	1.59379802231347	NA	3.43404086962779	7.60724056029628
"prt5408"	-1.00145717644673	-2.87607012985429	-1.71643843579721	-1.55297781665193	-1.45538225945412	-1.90972495854143	-3.06899987459095	-1.81945124558124
"prt5409"	-8.44287684845098	-8.00774064125701	NA	-7.29672172471985	NA	NA	-2.26467157815253	-6.32071870512417
"prt5410"	0.936504310498766	-0.137239113456756	0.405269648568211	0.263206070130573	-3.98746424279667	0.935552203244804	-2.00979383920269	-0.524351203145814
"prt5411"	3.5270208260123	-0.152393204094475	0.959359841648123	NA	0.244546166769353	NA	1.97125434803625	1.5431345370795
"prt5412"	2.28512051645189	2.87054861089835	2.08194859249105	2.41493745083637	-3.02701124536865	3.93587841868183	NA	-0.0327556925697707
"prt5413"	NA	1.71610280349474	-0.825239986773988	-1.46432260430118	NA	NA	0.777869657998163	-1.50858122674582
"prt5414"	-1.80780985901401	NA	3.18793243733455	NA	1.0410113700343	0.0752040109185391	1.25621590114141	-3.74073567020309
"prt5415"	-0.772044158973104	-0.254516835298591	2.87769211812821	-0.851239274178586	NA	-2.8280349284485	0.892462620709593	1.07632885494645
"prt5416"	-13.2717350944435	NA	1.46439383083046	13.0246942772562	11.1344963378556	NA	-0.984289546991379	2.62766088221939
"prt5417"	NA	4.04282932415942	1.46280983279011	-0.860188140508707	3.94331682598917	0.441943122099493	-0.715106208029404	1.64450603774439
"prt5418"	1.77670812452774	NA	NA	5.88758670847178	4.51810125396252	2.41931154294619	4.01530085304897	2.27570540271575
"prt5419"	-2.49990374243236	-0.372794085049416	NA	-1.15451971560098	-0.787810425001401	-0.276829308742186	-1.83450072455044	0.70860976123143
"prt5420"	-0.111787085513807	-1.50032067166945	-0.672623956591596	-0.663060400658771	1.39898580529268	0.654097012038401	0.236532125778771	-0.706483293423921
"prt5421"	6.68709560885204	4.09713542613175	3.49252667232032	4.08906393135813	NA	NA	4.15078739533298	4.48941464052225
"prt5422"	1.61986012847623	-1.15502773513112	5.49146924895136	1.37331470195735	2.74763338320047	-0.251827564139032	2.72552234550194	1.06185371887623
"prt5423"	-1.27414600347613	-0.387809441837438	0.0376192599312319	-0.750980169252377	0.666605848793421	-1.06008347314909	0.597834331202515	-1.7555571861097
"prt5424"	-2.75429612667967	NA	NA	-4.06753188958164	0.993387233777128	-1.37669570843981	NA	NA
"prt5425"	-0.863663830439538	NA	1.9704220323118	NA	NA	-0.877024332969884	-4.82843112124525	-1.76188382332371
"prt5426"	1.62731713952444	1.93392155178834	0.0999989272703963	NA	0.638028256169717	0.938112782814232	0.00491052881952436	1.39202194210898
"prt5427"	-2.05397303269618	2.41272659978564	2.6602879943173	0.109767808730067	4.93234486293155	NA	2.30998256925856	-1.85366121550931
"prt5428"	0.906431408496296	-1.08242157647909	1.55184018267927	-0.680837681219543	-0.00897377067248445	0.219895775380923	-1.71640094017295	1.06411949217634
"prt5429"	-1.47332896776843	-0.933785363621426	-1.87957045775752	-1.81549005744875	-0.936061683843794	-1.5490737703764	-2.39040560675886	-1.20954931008231
"prt5430"	2.9869082847151	2.06325705953145	NA	4.92666128807714	2.61107009708352	3.30973187227218	NA	3.03025175395115
"prt5431"	0.500149011456787	-0.240478802453088	-1.89865441763856	NA	0.7798896559297	0.177924972310371	-0.459123739597008	NA
"prt5432"	2.14459824430644	NA	-0.65756201626526	NA	NA	NA	2.24236849182241	1.09895947540801
"prt5433"	-2.16239019885201	-0.294199744213616	-0.359479689316734	0.542355539829014	1.88041338538204	-1.40089225128776	1.10889244120653	-0.5506362237478
"prt5434"	NA	-1.65964609273463	-1.67563341867899	0.271880614041816	NA	NA	-0.963524307858473	-4.28761059578341
"prt5435"	-1.71246917744701	-0.118673867913945	-0.929785926550047	NA	-1.97587132723289	NA	NA	-0.409136683998486
"prt5436"	2.95933142056395	NA	NA	-3.49100541279184	1.25119999193499	0.635580256755122	-3.32873236171396	-0.411465425706564
"prt5437"	3.54869476171237	2.08076848315908	4.2509970550206	4.2225965929492	2.9317060357119	2.93898222350717	0.668686573349092	1.28963577015989
"prt5438"	2.23927431617532	3.82597656493764	NA	1.47166861929101	2.98328573065466	2.52971364901473	1.74275726853152	0.491308387016499
"prt5439"	0.621909361982737	2.42465994699825	1.18729259251938	NA	1.68557364577025	0.61777660088643	-0.438713911243641	2.14734548163997
"prt5440"	-0.916617417231012	1.37831919432531	1.87415808524313	4.74187504587662	2.77259695227923	0.687941838869845	3.20235196201651	1.30917794427541
"prt5441"	-0.199198735317203	-1.01970202976684	0.515796572802565	-1.56386362224121	-2.56652029394155	-0.494516990123545	-1.49800027690405	-2.60104697631338
"prt5442"	-8.77256799722188	-7.08221727490839	NA	NA	-3.37993776293144	-0.844735104004525	NA	-5.45775630926651
"prt5443"	0.563887287204399	6.15656917437923	2.51284131948267	2.71259152945423	4.48773059340344	NA	2.99375870040726	1.90597353853458
"prt5444"	0.303662697594592	1.30892888369147	0.742696341985747	-2.60440817852655	0.889512680065528	3.36020548809734	2.92453271011685	3.23108829447003
"prt5445"	-1.49136881732598	1.23275533132809	NA	-0.0622116696303506	0.217935432240768	-0.388536722799439	-1.75559763101412	0.5963819508578
"prt5446"	2.6081116226834	1.54320813296073	-0.307687102126583	1.18232837393028	NA	0.534447599379425	-1.7972126945674	3.03117700405366
"prt5447"	1.11299698284978	-0.394468416891773	0.602142607298447	0.303624162211482	0.782819660967008	NA	NA	0.564982974034058
"prt5448"	3.29157321685431	1.7622625378373	1.24821774858194	-0.803343026538334	5.5656646596016	2.13077192057511	2.21806368703231	2.03528988166782
"prt5449"	2.77573222447084	3.31598329975598	3.747259131497	2.98206828343199	3.28103737722272	5.2486937504629	3.34653213951412	4.15095332068015
"prt5450"	-0.74866515513627	-0.540533123199282	1.20018350889053	-0.746065123442563	1.54688097570171	0.319602587337381	-4.14259422498194	-1.21346616783397
"prt5451"	-0.397301076119816	0.377758238700695	1.8727628754132	0.815622155200769	-0.456826007730431	-1.99300540353828	-2.88610716467621	-0.48867614953241
"prt5452"	-3.1727664323791	NA	2.07376261871747	2.46727339292611	0.563711480251775	0.589553096244543	-0.153824252783509	0.63591635667007
"prt5453"	-5.58849478236872	0.0109622153624849	NA	NA	2.69772210935496	-1.88254677962011	-0.193493637462168	NA
"prt5454"	5.34950018730077	4.32450097991994	NA	3.45057088875191	7.07448159936864	5.5432364217732	7.31182899157267	NA
"prt5455"	-3.60094409550122	NA	-2.51095732358983	6.22030357047449	-0.0448921911626877	NA	-4.90462615602308	-0.935652018527251
"prt5456"	0.565476245521371	2.44742385586447	-1.47491587568346	0.859571813077521	NA	-0.454854581586584	-1.3672241438497	0.679471688887095
"prt5457"	NA	0.494104484494306	0.975657383077755	2.31420036363341	2.94039292399728	2.3954448517453	2.94065411399738	3.78735948787423
"prt5458"	-1.03268132116464	-2.77350198474607	NA	1.04041198968046	3.22987807071167	-2.37002113243992	-1.07291312493611	-3.2051403514951
"prt5459"	-4.42736003279342	NA	9.91071526454716	2.50546227430941	14.0161301225493	1.74140139042398	11.3840492346432	3.84091497392276
"prt5460"	1.90488721862828	0.441049659219613	-0.84189410921708	0.131117388118216	-0.955097804783788	-1.13294624462456	3.01851706320416	1.48163395793116
"prt5461"	1.91081053966936	2.1400973486014	-0.739798398345738	2.61777505927168	0.92830207681514	2.31735793974045	-2.65783356383721	-1.28476269325176
"prt5462"	0.0854096838773411	-2.31717974776928	-1.03677441366538	-2.25944273255078	NA	-2.48553965847143	NA	-1.12766860966333
"prt5463"	-0.71994661125897	-2.02046187680183	-1.39483498820633	NA	-0.879004961415527	0.653505880613403	-1.17850349752576	-0.314842453851168
"prt5464"	-2.31595788826716	NA	-2.18557237109059	NA	-3.18556091871134	-0.538254359846475	-1.74602506877316	NA
"prt5465"	-4.63793431450899	2.80960086582247	-3.47901867476643	-4.04136810204847	NA	NA	NA	-6.2903734316019
"prt5466"	5.54642823618487	7.12462377956298	7.15267583748395	6.0706423002402	8.70223827609187	5.8499213346095	4.92599725564916	9.83347885254116
"prt5467"	2.00107865411838	1.89977897173064	1.976907780871	1.74104606395076	-0.629049647713988	1.36492940346499	1.18631645429938	-0.393638917546346
"prt5468"	-0.204715546471808	-4.11367252793071	-0.818830432620779	NA	-6.11473300289288	-2.45464480022861	-2.17368987002474	0.118062546046427
"prt5469"	-0.451491632109131	-0.340736295546406	-0.121144676494972	0.768884213740136	-0.255090208874309	-1.54548089975162	-1.6352023930255	0.74953901699334
"prt5470"	-0.655861539968599	2.95967173332107	-0.727759500028005	2.58665314007562	2.23699604134236	4.66378771232331	2.08329633756066	0.100815727414222
"prt5471"	NA	-0.079387005398123	-0.596414223199833	-0.464323290263992	1.46855685903765	NA	1.87701836923977	0.993823447767069
"prt5472"	-0.0824905664865283	1.7212640309008	4.27773911082584	5.78994765111099	3.27715000085481	3.35504352029587	2.47497827141357	3.07644597308286
"prt5473"	-3.6862619889325	-0.169621660741271	-2.44183488624182	-1.35313894242811	1.82396003560537	1.44600369595943	0.185006827965652	1.03198983636658
"prt5474"	5.04647880679432	5.9547453496262	NA	4.81620772485894	5.51323138627477	3.38245859907704	6.63324309886018	NA
"prt5475"	NA	1.8250058141291	1.69277476170614	NA	-1.04187687093325	1.51613395856206	0.987835800431001	-0.111052352556367
"prt5476"	-1.30865387012622	-1.93040857471162	-4.18644065186574	1.58108148512347	-1.92100244499313	-0.531378960089802	NA	NA
"prt5477"	2.30125397463861	0.882418926305049	2.5008313445951	3.64416316136631	NA	0.650290098296262	0.149963310529847	1.91800259401815
"prt5478"	-0.814471827029395	NA	NA	-1.70175099624958	-1.07626914333226	NA	NA	NA
"prt5479"	0.776685576418545	4.46098730600435	3.98904925981305	3.68342756601607	1.94383433079925	2.54374659059105	3.743127377113	1.63286078006067
"prt5480"	2.76304983842621	0.965954116455461	4.55557554632309	4.23539239923014	1.21681593467395	3.56495248866793	4.18417956402531	5.05003246534144
"prt5481"	-0.124655717492431	1.23663650960131	-2.80948418707228	3.412282248611	-1.30217755890552	-2.18417680651595	-1.8124057726459	-6.78974121812739
"prt5482"	-0.257558827825425	0.429504251542134	-2.34935817688728	NA	NA	0.388958618696811	1.31202982457526	0.496517941113317
"prt5483"	-1.20230031225984	-2.81490091630059	NA	-0.736341785721917	0.212797826267738	NA	2.33155275098718	0.763768718477222
"prt5484"	2.4811984168429	0.389662460992177	NA	NA	-4.17894486117635	-2.00898583962046	-0.0171266596231796	-0.281009503379033
"prt5485"	0.350559525759043	-0.919526127100739	-2.94473309180662	0.0321260544721622	-1.24049100442441	-0.28217035859635	-0.905450592482431	-1.07366184656479
"prt5486"	NA	-2.808581985762	-3.48938940272955	-4.90219854921769	NA	NA	-2.18744307287693	-4.38747503079892
"prt5487"	0.420572163349617	-2.06066230633278	-2.25953380894706	-1.21987020693388	3.0994308203478	-2.48812626289806	NA	2.10030422307391
"prt5488"	NA	-0.555813216243853	-1.48578822839499	-1.79844373745431	-1.61151762704133	-0.784051389820028	0.424364029161326	0.618581971439597
"prt5489"	-4.445828737883	1.5752005678661	-2.44536020493083	0.978907618006587	0.781454490260417	NA	NA	-0.388111423634993
"prt5490"	1.53615792886454	2.21931693235967	2.20821050136026	NA	2.75841395023705	1.23246576829863	2.01380993709617	NA
"prt5491"	-0.676966831232667	NA	-1.09171034870763	0.818245507381165	-1.66779572222272	-0.367227269044353	-1.71937362646364	0.426456836945114
"prt5492"	-0.461357779463472	-0.695927935212564	NA	NA	0.0526055239921269	1.59420937469904	-0.662126680139406	-0.281320381294048
"prt5493"	-1.25989487736846	0.749421032039896	-0.880746059882991	0.511508010196996	-0.355884543460795	NA	0.319643549209395	0.110151057906217
"prt5494"	0.633699732808108	NA	0.588507094924759	-1.97881462924143	2.13165824576475	1.08142255244698	1.18886653391899	NA
"prt5495"	0.0483589937547051	2.58237495022852	0.0571795121293661	3.66229076055562	0.470336080853157	3.61604434331684	1.00680763222506	0.00949260413027375
"prt5496"	0.174281462853448	4.08670033165208	5.06595029956136	NA	1.77982583268685	NA	2.39937556705924	4.31145592152075
"prt5497"	-4.22764837640931	-2.32762423581605	-2.36506496494829	-2.32889218527544	-4.35460479583153	-1.7983775104823	-3.1446779215192	-1.22025495623515
"prt5498"	1.39612755056457	-3.60005434793434	NA	2.75428704413313	2.8582557866279	-4.27217269244587	-1.06766187964647	-1.00515885189015
"prt5499"	-2.4226635399835	2.48492525211865	-2.1652760877141	0.478522470350357	1.29751991736016	4.79887692145963	0.313270380258551	1.84983519544419
"prt5500"	0.0590531468040078	1.96020281049135	2.2111165651924	0.597268285514894	0.960990423547258	0.837711348934433	NA	1.67475042474717
"prt5501"	7.77879609377986	8.06126135332392	NA	3.39435105844145	1.15273372059931	8.07248489282153	-0.996718142855595	4.57159504336806
"prt5502"	1.64914142492942	NA	NA	-2.69237909748694	-1.76064931821904	-0.243512134492769	-1.68904118848323	1.88379466548794
"prt5503"	3.6182104518573	1.28425214715594	2.2020704771058	1.11357163920707	2.32719485928701	-1.30162404503068	2.74276005028045	1.56026833409673
"prt5504"	-2.16586306409548	2.3425781908193	-3.76502172507195	NA	2.33788772024675	1.28023187192752	-2.24729476303735	NA
"prt5505"	-1.69980572715017	-4.87267299294475	-4.20791705030129	-1.40779810927821	-1.64960716181784	NA	-2.59497161992341	-1.54558143800715
"prt5506"	2.42927440157488	-0.104182106205531	2.73940055135692	-0.259963789412137	1.40936713484604	1.58060002856149	5.73059065240409	3.44398056778588
"prt5507"	5.04434697459116	-0.212625737850018	NA	6.36074830477908	NA	6.89112784598645	0.30575803034357	3.43400266423672
"prt5508"	-1.66227869225991	1.27282432219863	1.93268559215632	-2.59201870033949	-1.19258081759695	0.170150128884349	0.753600403973373	-0.35480376680465
"prt5509"	4.36330158725313	4.56246858508641	3.90477613100661	4.28422549905964	1.94773735151725	4.95131633693555	3.9877782482324	3.40519759522037
"prt5510"	0.344300160341209	0.860625147899935	2.09829967406798	0.608342157201081	2.15088909214151	NA	1.20197668367342	4.05521713971028
"prt5511"	-3.14159461139423	-2.03050919197447	-1.62101421973278	-1.93561034275175	NA	NA	-4.04564867508113	NA
"prt5512"	-1.05114483562522	NA	-1.73521830757827	-0.987328213177177	NA	-2.42287751468811	-1.00084956090439	-1.93792411524884
"prt5513"	-1.83030562499223	NA	-1.76741804885414	-0.903152601303433	-2.59612284521301	NA	0.877591016383509	-1.07393473455833
"prt5514"	4.78988970562488	1.43312401721662	1.69128584301952	0.66668901004764	3.08653265294216	2.236266463556	1.77972220082611	5.39980998321306
"prt5515"	1.73123503019585	0.991695458283536	1.30009345849015	1.83296033932971	3.1113090504711	2.22721658755818	5.64668481854819	5.25605262932833
"prt5516"	-4.03056299032066	-3.08151068311691	NA	-5.4735647924964	-4.64111176791349	NA	NA	-0.602083500008923
"prt5517"	5.55236337442336	4.55565718349833	5.1579072583857	5.73055002415592	8.12060062044958	6.40736920655122	6.63310153937288	6.03278568971567
"prt5518"	0.894083989261703	-1.92791448856643	0.918101126991559	-2.10411123615838	-1.0075922615695	-1.47097921565824	-1.79640908699501	0.377192446943074
"prt5519"	0.309554455717743	0.203312506884954	-1.39476699041144	0.200401499459308	-1.02319265472787	1.98171865394859	NA	-1.12507557600027
"prt5520"	NA	-0.736087137591758	-2.34771521548617	-5.01564182423379	NA	NA	NA	0.992221212971843
"prt5521"	-3.99802259466105	NA	-3.73629893448181	-5.48080738724967	-3.56418400159233	-4.47275665750563	-3.94659697457144	-6.65587726638057
"prt5522"	0.479527237198418	-0.292566780599449	0.42972312314708	1.07941235673911	1.54416248292117	-0.309481671227709	NA	0.155880664968045
"prt5523"	-3.02789176401901	-1.94056117637743	-0.894540673009159	-1.03532811599442	-0.681681546466408	-2.0469537484663	-0.649464007664762	-2.66151477188819
"prt5524"	-0.0729537120692098	NA	-0.527179010534481	-2.40012508190435	-1.81922898413563	NA	-5.14123714544765	-1.44191398231952
"prt5525"	-0.766054790207049	0.661526040044437	0.152716023517351	2.3593313849876	-0.489785317692198	-4.10564581586921	NA	NA
"prt5526"	-0.78428955204438	-0.479107481542386	0.895966645228558	0.22767797995629	-0.787134744717432	1.06695749462821	1.68905445835131	-4.0266005629269
"prt5527"	2.50107107421813	3.38222027621964	2.92594269665236	1.93612133965122	1.00956889312936	1.30638218515969	3.54091154745121	2.6173811218451
"prt5528"	-0.615103940517951	NA	1.56911050030169	2.15152302467111	2.59617777225431	-2.16950258559979	0.71511660990407	-0.00534638684745872
"prt5529"	1.32621797765083	1.46619376942215	2.83267495624902	2.74703425456542	2.75833278998422	1.71169735431975	1.05039468694816	-0.663817981672031
"prt5530"	-3.38607750225306	-5.63618972754266	-2.46778644247505	NA	-1.6312663085779	NA	2.33131053222655	NA
"prt5531"	1.11881066105041	2.53818369992692	0.281745252586696	NA	2.48797033131462	NA	3.94375519004671	0.561777068045515
"prt5532"	0.51550601534334	1.93256588650372	2.10675488046561	1.0543949658714	1.05224902083674	1.81292156772046	0.308725987627666	2.37320467196929
"prt5533"	1.95203683519319	4.61206192555665	4.98770363098575	3.31827986806228	2.16223314850921	0.108841804438908	0.744735242741319	1.3025387739787
"prt5534"	-2.25830888797182	1.18064200565886	-1.5234209361352	0.321093343806346	-0.963333571228366	NA	2.14524446834248	-1.77576798845553
"prt5535"	-2.10781269941136	-3.44952636230933	NA	NA	-8.156115752991	NA	NA	-3.37985440434272
"prt5536"	0.156051098129543	1.05716708826502	3.02919696180413	0.385101235398378	-1.19358269687718	-0.204514351972299	0.391670505278817	-0.78070993959667
"prt5537"	NA	0.867153499777319	1.51136861295141	-0.662500634487932	0.607375124339038	1.06157375892532	0.881758293886496	1.32825446039012
"prt5538"	-2.24545363493529	1.50436014139805	-1.22780549402604	-0.679728485954404	1.26422983132853	-2.48701279332547	NA	3.32214099340249
"prt5539"	NA	-2.73066831387414	-1.64031055285933	NA	-2.64565533194128	-0.356191783292967	NA	NA
"prt5540"	NA	1.41308579790427	3.91364795944478	2.33006935227538	3.50081092132798	5.59100707736018	2.4968692789959	2.61458478215971
"prt5541"	2.30220412464499	1.20511377144182	2.38543351157596	-1.87815155372121	3.74901735393596	4.89405899905091	3.49774312209895	0.78893256372914
"prt5542"	NA	-3.11137033835984	-1.75566077933223	NA	-1.07522389086314	-1.84086674989607	-1.91905659638052	NA
"prt5543"	-1.92351106948945	-1.1465714588875	NA	0.117002837257661	-0.68903697842328	-0.648074514764395	-1.83897459878514	-1.49481909864275
"prt5544"	-0.936684706663602	1.65906705916401	1.07516260625712	NA	-1.41986523742926	1.3992677930657	1.04335469664112	1.53665960963247
"prt5545"	2.81838392242629	NA	7.02652611998358	3.22400317168875	2.15002097250326	-6.63804503144942	3.08363550059347	1.03181638930195
"prt5546"	-0.82082556785075	-2.88140519899885	NA	NA	-0.5321281687538	-0.723694537881656	-3.13696538344464	0.201481452497162
"prt5547"	-4.22128369784498	-2.81352737794612	-2.79433285757432	-2.5517373856089	-3.00831668044147	-2.21884363167974	NA	-3.67926115240588
"prt5548"	4.90538011369826	3.72344678726816	4.67296336335082	4.51947308749696	5.57276913973978	3.71228507226113	4.05642813230367	2.88048934505736
"prt5549"	3.51907611454969	-1.05497672307258	0.0586377269623418	0.526959011502521	0.870207350004838	0.902045903955835	NA	NA
"prt5550"	6.10791861184059	1.03023798915363	-0.57340443824867	5.48952247660843	-0.667050551851992	4.71905979458211	4.99217057673162	2.17377851132537
"prt5551"	NA	-1.7095776731	1.44502887991141	0.32542143443383	2.5846387392884	1.61878985201246	NA	NA
"prt5552"	0.363452754803396	-4.62647093206384	NA	-1.41881087516013	-1.62030395261594	-5.33588798971935	2.92722818862903	3.06095230264881
"prt5553"	-1.14835298974781	-0.123455504707606	-3.8138750428849	NA	-0.58629237091535	-1.77197218967737	-2.19602027263283	0.872264805479983
"prt5554"	-2.12111496892624	-3.06852066718436	NA	NA	-3.92702670499621	-3.04544559994289	-1.98626171552782	-4.02251051924921
"prt5555"	0.877212377623814	-1.71538490927215	0.0888760295099376	-0.33646753348839	-1.19088018438541	-3.05163500750207	-0.326332313487268	NA
"prt5556"	NA	-0.401480079975062	-2.98379499742113	-1.56109999140846	NA	NA	-5.81486941688052	-3.58163109765522
"prt5557"	0.78412439245755	1.94894805478604	0.983878350136365	-0.857119585432627	0.315757798536516	NA	0.972204446193622	0.448398228637951
"prt5558"	-2.29817621422473	NA	-2.19722472315414	-3.59224160320303	-1.27839369807903	NA	-3.67904848020107	-0.309119092348956
"prt5559"	NA	-1.91860387002658	-3.60769986305818	-1.54702482153401	-4.29813838339907	-3.32640816745198	-1.70530523883829	NA
"prt5560"	NA	-0.984047232009998	-1.77291646032798	-2.8170612215548	-0.763936828019282	-2.55595446932782	-0.53008649879357	NA
"prt5561"	-2.81009147781033	0.792956918430368	NA	NA	NA	1.15447447586786	0.808183164770447	-2.11983190387397
"prt5562"	2.17642998013875	-1.91224131934919	-0.734742970956605	1.53253200523978	1.34766073658042	NA	-0.27865078496327	4.20913568306056
"prt5563"	NA	2.18045332323791	0.114559839384605	0.567635615610844	0.187402639740714	4.10642699091577	0.846841897519797	1.79258166570242
"prt5564"	-0.802511211880779	-1.25356018333873	0.392808076600422	3.97057131631342	-1.37103638637271	-3.93184884053482	0.407117130395408	0.240174718585767
"prt5565"	NA	-1.94054060464716	-1.77708680217611	-1.72197248952609	-1.95802437556877	NA	-0.79871827449815	NA
"prt5566"	4.72441548558903	3.27536403573004	5.31583708163365	3.34853347510738	NA	4.43386410045887	3.66680894688702	NA
"prt5567"	-3.88822073873817	NA	-2.25852781495251	NA	-1.10101291903914	-1.63053253919022	-1.26907195758983	NA
"prt5568"	1.77724439458652	1.34571950494426	0.611888768072747	1.45827409670748	1.8338050228851	2.32057015533403	-0.432963136794267	0.209535678708526
"prt5569"	1.32447404830935	1.03636558133927	2.25249333883244	1.43161410227969	0.709937502302468	1.30875357222656	1.95129054254281	-0.754218307918543
"prt5570"	3.58922394435675	0.212951392902272	0.565717030553534	2.62068096296075	0.713934383336743	2.56842096029744	0.687020151730341	2.63459291151763
"prt5571"	-1.44265460176183	-0.0608095114760332	-1.07192328801266	NA	-3.07717853346127	-0.634490981449754	-8.15888055052234	0.423277568812432
"prt5572"	0.337392390565622	2.12018191275974	2.13547953031137	-0.675473728382247	2.20085126059131	0.895493775523281	0.774796052870419	2.30742650405308
"prt5573"	2.92471978078415	3.41311205134005	3.35556032591569	2.82509873210601	4.11288480892465	4.70840790040721	1.95720555418095	2.90616275504354
"prt5574"	-0.610528544681276	NA	-2.49370739547469	-1.57732190980336	-4.80817940626456	NA	-1.47522854381695	0.12578581382705
"prt5575"	-1.26840425407872	3.06813913007171	-4.16598603173195	0.746903871693332	0.375473699956784	2.86116425373958	NA	NA
"prt5576"	-0.294368023596074	6.01675052607909	1.1357458599406	NA	1.74909697735031	4.55843486091648	3.27529964595508	-0.694687864907086
"prt5577"	1.4527548882544	1.67837223617238	2.05877062547924	-0.0774319537425628	-1.06183997766472	0.553943801353217	1.88373370025864	1.21354074783546
"prt5578"	NA	1.44068703220751	1.10381064529824	2.47512945657781	NA	0.0932955243960121	1.69542629614313	1.91453948696304
"prt5579"	5.21607307162079	2.03328396797656	NA	-0.927831235034275	0.141614941525661	-2.31237128340676	-0.87504742416317	-0.833899007609256
"prt5580"	NA	-1.6001314233026	-2.73944497374249	-4.28079146147217	-1.81629215472263	-2.14785160550013	-3.83823344475649	-2.50648130049029
"prt5581"	NA	0.314234648871052	2.67392493877952	NA	-0.734938544497134	-1.36548629739742	1.08579571772903	-1.69533620307353
"prt5582"	2.82083278394499	5.69496345144406	4.60671717613243	7.34614302732482	4.9491214597551	3.26302075830271	4.20146377875723	0.821389719071937
"prt5583"	4.722079242286	5.44868889766643	3.36882141185318	NA	4.56536183512312	2.28622448340139	3.44047644968913	NA
"prt5584"	2.00390651600004	-0.558202220474891	1.30603599549438	1.94692468823878	5.73758598912835	NA	1.9171954846793	2.56932532249834
"prt5585"	-1.04283468343413	0.867681583612013	-4.73668065281582	-3.93252351628653	NA	NA	-6.02933260049162	-8.04898113912162
"prt5586"	0.527095194519337	2.70702242400384	NA	0.0700963017726295	2.56522602171793	NA	NA	1.67344848191868
"prt5587"	NA	9.3693954474231	0.457966288844621	4.9759857595327	1.14539209687218	3.69081992916874	NA	0.846351798033082
"prt5588"	NA	-4.29882784600385	-1.46700403392541	-7.4337685154119	NA	NA	NA	-4.34386980515467
"prt5589"	-0.442461892528522	1.61440011425046	-0.338673398571476	0.353575811071857	-0.552456341161123	NA	-0.407441139404298	NA
"prt5590"	0.961616459481667	-1.83278934801717	0.0600860931216901	NA	0.167675685479187	-2.4101784865289	0.525438012688079	0.956302578647213
"prt5591"	3.32227193910822	NA	-0.547619546625232	2.7321340992261	-1.10646642225059	2.9392709645235	-1.21338341123743	-1.67442860708925
"prt5592"	4.223814985093	0.362685368902912	0.394986846298047	-0.623369322320523	3.64199075094627	2.11839799162173	-0.170685540408305	2.76888849535976
"prt5593"	3.64204704954772	-1.521033882271	-3.20830593320259	NA	NA	4.31630627047187	2.22928607368545	5.69813416306874
"prt5594"	1.43239467439962	2.42544150285047	2.16228657131422	1.86132949341716	1.77789995220873	2.12734099377221	2.8686555930367	NA
"prt5595"	-2.21766544032749	NA	0.0386772389044111	2.18389423326914	-0.15284769500471	NA	1.27146923997837	1.54246819891099
"prt5596"	-0.0252706875357951	-2.28756614301873	-0.953157515493847	0.173677583059887	NA	1.47333876690046	0.730965263178636	2.17652325054187
"prt5597"	-0.909039234844226	-0.704533598517659	NA	-1.40345448855698	-0.494724612808853	-2.00548001600001	-3.47453667079947	2.01835314660496
"prt5598"	0.253312309327202	-1.28481676261176	0.768230824326575	0.368939505570545	-1.1607384365573	NA	1.89356531608881	-2.57653971568348
"prt5599"	-4.75897388224763	1.00065733267233	-0.260445668214993	2.02451293150216	-0.309304652375531	-0.71045898223455	-0.0499132000252225	2.0534811739696
"prt5600"	-2.51466106954266	-0.726002910476182	-2.28445357614705	-1.12292364161238	-1.22181803355627	-0.286621379054392	-0.759557569624991	-0.247623475471224
"prt5601"	0.448234120395968	-1.79712545391054	NA	-2.3164255440493	0.300413307446858	0.435801085358648	NA	NA
"prt5602"	2.01616411597669	0.174582354540503	-2.52452019353026	4.02800899159536	0.116331502698654	-0.751019655695898	NA	NA
"prt5603"	0.0301150221370129	1.73084940820219	NA	0.233222048487297	0.890623262151169	0.0701297974278131	-0.167132843312896	0.0388493694960583
"prt5604"	1.52017027370941	0.250966079675693	NA	-1.44894631173653	NA	1.36471802972032	1.09702278828343	-0.759773695123836
"prt5605"	-4.54510041253116	NA	-1.47448684233962	NA	-1.78882605128631	NA	-3.08799653641505	NA
"prt5606"	NA	1.40380485094761	2.05481957940443	0.921133224742703	3.75238326283129	1.43131676359308	2.00580851925015	NA
"prt5607"	-0.991246949068006	-3.41296505405613	-2.25283574686749	NA	-5.81485710205092	-4.18464777504167	-2.24618635578985	-4.96957527729056
"prt5608"	2.72727587914554	1.83982528283882	3.18077750582548	2.5395697534359	2.95898970161127	4.59903724248026	3.56047159889465	3.58292267531369
"prt5609"	0.569565126827376	1.08278785336985	0.163907083980682	-0.214257430292011	1.41235221490448	2.84942131936737	1.7351995741142	1.12854439774695
"prt5610"	-1.35127098412384	NA	2.45258032098701	NA	-3.53052114284591	0.703880010939002	-0.346481145831697	NA
"prt5611"	1.02570677009212	-0.120817889442936	3.41097969285268	4.0008497931411	NA	NA	0.399929206275168	NA
"prt5612"	1.42108169850884	-0.423537949101447	-0.85063823222653	-0.0379157824404784	-1.35267054563212	0.0976224260021286	1.02404642369045	-1.83811729900123
"prt5613"	0.330781764607392	0.790464944260401	1.49944497088555	NA	1.25291409723993	-0.979801202300862	-0.41543029983632	0.489436933617626
"prt5614"	-1.59665837481231	NA	-3.69704500757192	-1.83188584490404	-5.36178028469242	-2.3779632165777	-2.6556135783467	-2.09790943922209
"prt5615"	-0.382561653808451	-2.52834963803494	-1.1167421157167	NA	0.70590418453499	NA	-0.971515886881331	-2.06820212815714
"prt5616"	1.51640837517175	-0.308447320635176	0.577157705181287	-0.963304717376775	NA	-0.153171148253977	2.17414642512155	2.73423427325812
"prt5617"	3.68591531960475	3.69712540567934	4.03278214857046	2.62110088982612	2.81184674595661	NA	1.30374909618177	NA
"prt5618"	1.59296757499698	1.23477872664536	1.98015589808991	2.78885510423508	1.03662568028471	-0.936613569894818	0.718074973104466	-0.0874207768806571
"prt5619"	0.258468215918827	-0.53039493729987	-1.29355605876176	-0.735667982060285	NA	-1.03586852910786	-1.07688244950561	-2.18016187076911
"prt5620"	NA	-1.11628106455812	-0.198238735906054	-1.40899952786713	NA	0.182392301964494	-2.18384479447909	NA
"prt5621"	-2.77678205411094	-1.78398082409385	NA	NA	-1.57124556333147	-1.61617610449541	NA	-3.67678932520371
"prt5622"	-0.613296416118801	0.90273707217327	3.51762315326454	-1.68841304883936	0.93600611343604	0.00181536844201702	0.146028085619156	NA
"prt5623"	-1.93148963244068	NA	NA	-2.78554482112892	NA	-3.26663665340523	-4.20933714490215	-3.26408976429879
"prt5624"	3.64878987107393	NA	-2.03242218490174	NA	-1.97337882606127	7.24521382366442	0.29888629435846	4.22592763555196
"prt5625"	6.157450848708	7.9095592291541	4.07268380786521	6.02957376084931	4.00768883864079	2.37903125331589	4.36711185765168	4.61280328355429
"prt5626"	-2.80196304305499	-5.14955252442582	NA	-0.950236555258996	-5.18456011426646	-5.14638423501427	-4.25128045399774	NA
"prt5627"	1.08069421888996	1.68141867891476	3.00515796703841	0.846024958723081	1.39572140927796	2.97600970654882	0.682295783332673	1.63952505137382
"prt5628"	2.53443153550061	1.71626883842802	NA	0.830636899503866	3.16434307644246	2.11166894015245	4.54302568898493	1.5286773735603
"prt5629"	-5.07882435551806	-3.5800046308816	-5.09420831081873	-1.15431324303884	NA	-1.44129509713153	-2.66626515155262	-5.01172397827588
"prt5630"	4.87492997088568	1.0934509717104	-1.22794957187415	NA	2.4778710492615	2.0480247092188	0.14288750870739	1.66074640285384
"prt5631"	1.08457865013811	-0.736199270714722	0.517245010725779	NA	NA	-0.437040715959458	0.0528559301713732	1.6641862276316
"prt5632"	-0.112301582005042	2.56277286314924	3.26591110124518	NA	3.47122149528589	3.53604856434568	1.23407399963474	2.05133343856105
"prt5633"	NA	4.24942604173214	6.24640899524366	NA	6.66027317229528	3.76369700682496	3.89805232535776	4.33719861226293
"prt5634"	0.055201318407042	4.12937124630947	2.70448926858771	0.700953540269697	-2.20329143306232	NA	3.8634900324941	1.24541945838596
"prt5635"	3.96883979360187	1.29481704641045	-4.68965250028179	-2.17587323993038	NA	-3.23178260048712	-3.32147317906857	-4.32056550200706
"prt5636"	2.81036061414245	0.994607845496671	1.56863408555409	3.89585175109705	NA	0.580944735571261	2.67005009478674	2.76151571616988
"prt5637"	-2.01013093703774	NA	NA	-4.44207959882935	NA	-5.07732670193079	NA	NA
"prt5638"	-0.0118397891474812	0.758521829305819	1.12124455305171	1.85405558095941	1.65869882874504	1.86574886448148	-0.0119851278311156	0.985931782200101
"prt5639"	3.03017244132924	2.16286362679176	NA	1.85206294787268	2.0141600334167	1.95585210900085	0.761391086029455	1.37958869019606
"prt5640"	-4.0907051419217	NA	-2.29299141195293	-2.51249057462759	2.95122744328391	5.76920356252669	NA	-1.6502415018861
"prt5641"	2.05297374369074	NA	0.694106784703638	2.09186058930257	2.43735147315488	2.47369025012661	3.80832406080715	1.02211143459134
"prt5642"	4.2832617443581	2.66179747898288	-0.773557681698227	4.78413045370785	4.90944761211287	1.56729500524849	3.08546241217564	2.36494566740956
"prt5643"	-0.681299273613217	0.528064611224741	-1.52061342325858	NA	-1.86082516728512	-1.4887049055277	-3.5876235113046	-2.10699946653038
"prt5644"	2.87446157848441	2.23765124673629	1.78252296795761	2.961088616235	3.5053142743205	4.27904608937933	3.13909664784118	2.00399021895351
"prt5645"	-0.0497480557691299	-1.46466737419645	3.52245029110443	NA	0.324487274296346	-0.450437770578065	-0.676510200893369	NA
"prt5646"	-3.85654047681783	NA	-4.19143633450701	-4.69708574615266	NA	-5.83395945680229	NA	NA
"prt5647"	-0.561601854399102	-2.572471435869	-1.21023859790954	NA	-2.13545662590055	-0.545976610730531	-1.7102115186278	-2.53873837161902
"prt5648"	5.8249212877281	0.914473356400561	2.51739620616241	3.94680579295342	-1.02632284498259	3.87071836370552	0.843492940837468	5.19575779739627
"prt5649"	-2.00509291747018	NA	0.628703393629923	0.473570421507112	-1.68440742252361	-0.529342978610756	NA	0.040005790886568
"prt5650"	1.4268516125594	2.22327998484514	1.20876317436928	1.22405393410787	3.7624212555503	-0.0392829251457317	1.65476481864737	NA
"prt5651"	3.44245056161242	NA	2.16861691608366	0.281212182869605	0.813377608699763	1.86996316375436	NA	3.00117623000975
"prt5652"	3.80669573001156	-1.53864467767765	0.179560629372811	5.54399351090785	0.423807679295726	1.11927813567854	1.92711988603601	2.54829948807837
"prt5653"	-0.283517458607966	-2.08404557492797	1.17029068215893	NA	-1.73303181273836	1.88540246702849	NA	1.69047052579735
"prt5654"	NA	2.8399127422528	-0.0387610480904954	-0.657958714357213	3.25455378343763	1.14995129794281	0.149309991624293	-0.102696556497744
"prt5655"	3.08158368078692	2.45058472047078	2.70460794292921	1.94927566157862	1.76780224308402	2.31150578250624	1.92085061648278	3.21382871306508
"prt5656"	5.8348480591191	4.11165944874511	3.12204148535014	5.68948764987609	1.59843010812237	NA	3.7941936683884	2.78611616923792
"prt5657"	-0.00537431530914725	1.8941414354897	2.51597681780658	4.16222422644693	NA	NA	3.32843439013703	1.80254377180288
"prt5658"	6.84467574970226	-0.996635912270091	0.971057381130721	NA	0.114665178623178	NA	-2.55574790319138	-1.90624980936537
"prt5659"	0.233380468711669	1.71912455495343	1.35105382309503	0.820735960379228	NA	1.13051760435307	4.11662739514681	3.37775118686011
"prt5660"	3.41650160895795	NA	0.574051017843772	1.09949297142383	3.42916369819729	0.988145212220568	-0.683757424950405	4.91163256521353
"prt5661"	-0.309035107340186	-0.269925958906959	NA	-0.622276007345291	NA	-1.18092625272849	2.79754935986045	NA
"prt5662"	2.23632182104136	5.59910240797096	3.18560618991077	4.62069432407946	NA	4.16350529348932	1.974004873765	5.32033718446367
"prt5663"	0.072019444989162	0.25167900324278	-0.818703691265161	-2.25403158585879	-0.40714025284083	NA	0.0642536068832802	-0.196204411811977
"prt5664"	-3.25671982996537	-1.27363086477411	NA	-0.0138604961497202	-2.62368538167959	NA	-2.23946055939306	3.2384356095838
"prt5665"	-1.84865329560833	-2.09545328394181	-2.66077160656371	-1.55220880820149	-0.10368735478949	-2.22381680761283	-2.55182919626243	-2.02752687828853
"prt5666"	-0.726088440556067	0.223587389448131	NA	NA	-1.18160923453401	-3.62453723989607	-0.0778317727266393	0.137185747458463
"prt5667"	-2.88827021896831	NA	2.41390737417066	NA	-1.55796357025351	NA	0.550299440750974	NA
"prt5668"	3.42994867296381	0.0227904963585019	4.96098641073636	5.03512423812511	1.19750761681847	3.6224735131543	1.47546952202337	5.38422912584242
"prt5669"	-4.41782670484478	0.562414073363627	-2.16093592721218	-0.143513621606249	0.666103774281809	NA	3.04048858509487	0.991000759525357
"prt5670"	NA	1.80155340238538	-1.58338263673206	-2.03419613236654	-0.562164186990174	-3.32578353869049	0.587374782567821	NA
"prt5671"	NA	0.0948518402389985	-0.192419547774298	-0.63604485441147	1.83470128341658	1.1292426298646	NA	NA
"prt5672"	NA	-0.115700380797222	-2.63668276655571	-1.29116915263912	-1.68069776615611	NA	NA	-1.36142263920377
"prt5673"	-1.36392734096171	6.99596179313033	-0.688145072245282	3.26512156425236	3.17237499701685	NA	3.36501581304794	-4.74816570346628
"prt5674"	-0.633503627750033	2.78575139834411	0.412334402756735	-1.51908085068803	0.492509797373109	-0.923257664551703	-1.21218306763517	-0.0441201480980449
"prt5675"	NA	-1.04819481396284	-0.752543379080404	-0.404331547861745	-0.430425677056458	-2.19417084942872	NA	-0.561041445732498
"prt5676"	0.493075612783856	1.63797756404898	1.96604478665697	NA	2.40762046500278	1.21581095118396	4.28250269889673	2.76026146510543
"prt5677"	NA	5.61818413357062	6.87056997852818	4.08295110364594	1.88435805781415	3.14778292981048	0.334133112518978	NA
"prt5678"	-1.72855214861295	-2.29448884740056	NA	-2.74678799772646	-0.624329365113209	NA	-2.12059942384895	-1.66788869839215
"prt5679"	1.82074585597292	-0.207518813982661	NA	0.136084665337677	0.581975141360979	2.27263091736361	0.170199911107492	2.1754545923179
"prt5680"	0.140193053590829	2.27739936397187	2.65038476218801	0.834351167081982	0.772428673297997	-2.41857039431061	2.58065369569721	NA
"prt5681"	NA	4.42816977483095	2.68856472062173	0.408210162888343	1.29386902109097	4.86839555975629	1.18853120987278	0.250656877987496
"prt5682"	-0.317464424378526	-0.331398109824547	2.43241452320351	0.338756707859208	NA	NA	-2.3098789938007	NA
"prt5683"	1.25322423928351	-0.47205986387089	-0.809275938433007	-0.34425668024888	1.04603262424946	0.830817236796673	-0.737050427082479	1.84279041752773
"prt5684"	-0.868141629911762	2.47252973202208	0.664169576168747	0.744896990727568	0.298519792169797	0.439986323580866	1.00330114246981	1.68939425850336
"prt5685"	1.59578586598111	1.20726958154456	0.69838617528657	1.3579161221929	2.86219566029168	2.48810862918605	4.93615978102372	4.45598088312116
"prt5686"	0.592437599719893	0.165962508515677	-0.81532156343611	NA	-0.532262128450915	0.0896164240658929	-0.861994552128162	NA
"prt5687"	2.43930536652279	1.55498554101742	-1.07227264748324	3.39826656659792	1.96914021441509	-2.00239971762757	0.79104736551122	NA
"prt5688"	-2.32870820192027	1.04895063692167	-1.62160964560167	-1.3835551307119	-0.183986079491781	-2.19021633801639	1.24427083591682	NA
"prt5689"	NA	0.738857194162242	4.16267441672899	3.50348858858619	NA	4.32975955952061	2.5336224117195	3.09888751866679
"prt5690"	-0.750921875077342	NA	-2.46249767825487	-1.52198081202514	NA	-3.68285257378373	NA	NA
"prt5691"	-2.49680015702746	NA	-3.74193887572502	-2.56860881667176	-0.696084792606796	NA	-1.90458628783004	-5.65193847598207
"prt5692"	0.0553261364797626	-0.128665239240335	-0.226081993452547	1.62066294390775	-1.50200162524467	NA	-0.95066154807574	-0.140425108573985
"prt5693"	-9.55761260848726	-5.24173889016753	NA	3.53369261480746	-4.35232696720544	-4.32898318179892	1.60113179337646	6.4251450516998
"prt5694"	1.69055856187599	-0.968562491613571	NA	-1.24419978714469	-1.52219390495433	-0.164871619037041	0.851235602714335	-1.55202440034973
"prt5695"	6.87153352007759	-10.9592739241113	NA	-0.200367636116957	-0.554931574748919	NA	-6.73966990922093	NA
"prt5696"	-0.672244664546349	1.01450100766205	3.83887632515821	-0.495316078988053	-0.199792382806424	-0.507167371667745	-0.150992479451069	2.93002057864791
"prt5697"	-0.201958759955728	NA	2.36039912710766	0.192530752154219	3.55552124223312	0.939989629383915	0.974101314796764	1.20698537021335
"prt5698"	-0.954416096263535	-1.42055184973446	-1.35110289183358	0.707928981361564	NA	-1.92608188055468	NA	-0.300612467524313
"prt5699"	-3.57307381345278	NA	-2.74002541669014	NA	-2.82029759831741	NA	-2.85874115270751	-1.39549666916315
"prt5700"	2.55138198396308	3.97352382837593	1.55065760964223	1.48032384197425	2.64876589116258	5.67586293884865	3.44415749607755	2.53065651576807
"prt5701"	NA	0.513682557054875	2.33172549763612	-0.0614266725588616	3.0230203865365	2.38023517229682	3.22460066661932	3.18590706243419
"prt5702"	1.73069930242943	-0.928520862894981	-0.0541973682894504	0.942420664754613	0.957497791201973	NA	-0.0668122742174403	-0.598106265678773
"prt5703"	0.608979910551978	2.15641189156045	2.21734504566423	3.87115226583219	0.0247116052513281	3.6643958266334	6.15980064534069	4.79201298182151
"prt5704"	-0.603206638951851	NA	-1.94452836169246	NA	NA	NA	-0.267639993437971	-1.85600409690999
"prt5705"	0.320533417777524	1.20937846436143	-0.835810580334926	0.496822105777433	-0.243546621531308	0.660817928538585	0.441791044240497	2.13178223106733
"prt5706"	2.55475153468481	4.05281249458274	0.600393962428149	3.27595861467166	4.21817480023871	2.67147878238924	-0.241153582255499	3.57520122737728
"prt5707"	NA	-0.438769904155887	-3.19832636110576	-0.961044843281776	NA	0.166426524126947	2.45017787626927	1.06346323524444
"prt5708"	-3.25927135371642	NA	-0.359684396678049	-1.14912426406119	-2.5567036561871	NA	NA	-2.53430892767463
"prt5709"	3.20095224822513	0.447420748240251	3.82934868106371	2.72222695177087	NA	3.51817810061776	1.77724628425111	5.09112167967545
"prt5710"	NA	2.21644874388886	-2.33907016657974	-1.64427525408063	-0.446123069594907	NA	-2.77317870891414	-0.331578840570419
"prt5711"	-0.814326136868925	-5.36164613147128	-5.61513774787243	-1.94239760068753	0.870930675846762	4.56321234271323	-0.346761742043622	9.48210171718816
"prt5712"	1.121760584072	1.49571217590294	2.06778565971903	1.96740789409652	0.583100233980039	1.4503016524715	1.59419990699535	2.79066154940857
"prt5713"	0.710221301310222	0.266127464082698	1.09145444772542	-0.567667026081254	3.08053453411803	4.12957605336533	-0.869263536737512	3.68245500670727
"prt5714"	2.97966860259158	-1.58327650891477	NA	NA	-0.285428775596476	2.00288968451274	NA	0.699784541809233
"prt5715"	3.40484970265085	2.83377883282226	1.527444985458	2.58866526875883	1.72772655642405	NA	2.6617078835642	4.26757842084488
"prt5716"	-0.154204068845212	-0.142635052051114	-0.13864227550557	NA	-1.21464819838892	0.660866443907536	-0.928567125289722	1.38619865842734
"prt5717"	1.62401878777237	1.61617490093963	-0.867969379995332	-1.00079873893252	NA	0.867276270417624	-0.095706266020275	0.87843568932915
"prt5718"	0.454242132546673	-2.49522840578247	-4.00224690554402	NA	-4.26377717093937	NA	-0.393637157429413	-1.18926533546127
"prt5719"	0.40315074184042	-1.33008266637395	-1.73482113601553	NA	-0.892906091853204	0.439144828596612	0.0653706498149592	3.35976109249173
"prt5720"	NA	0.237452418160535	0.884240483801036	-0.800937757727046	3.38004213116345	NA	1.19192588658363	-2.08915126156857
"prt5721"	-5.52336160684539	-6.51275577247014	NA	1.77137304398067	-1.18384835833055	NA	1.69702831328749	NA
"prt5722"	1.53405894069881	NA	NA	0.44183004256061	-1.7711845030593	NA	-0.931259232984121	0.010708173996135
"prt5723"	-9.91869929343533	-8.98227685781084	NA	2.70328158920368	-3.69253977813676	-0.101563033452528	0.273203825271524	3.13345750700108
"prt5724"	2.98691560123209	NA	1.99012288128097	2.32696764452769	2.64146861956883	0.781388652212564	2.90542857208716	NA
"prt5725"	1.92546626740765	0.757732330985423	0.749078937093475	0.84238470038714	-0.6315876198022	-1.29628763335468	-1.32620366208602	-0.434343063235548
"prt5726"	1.08076097646959	-1.29675966949213	-0.378365183253432	NA	-2.99907378571299	1.66192548289494	-2.34016129250347	-2.98172869909643
"prt5727"	NA	-1.33275047928587	-0.0980337992704357	-0.647951855135588	-0.119990785871582	0.126288680737402	NA	-0.383892928670848
"prt5728"	-0.970379023075392	-0.53002042088139	-4.59799386683279	-2.01458092575618	NA	NA	-0.00626510238973338	-0.157418333889167
"prt5729"	0.390559268982611	-1.21550016737219	-0.0649790802188942	0.674689434818709	-0.236176281541285	-0.339638473145207	0.419650847488204	-0.370656651189304
"prt5730"	-0.3784245263868	2.59718124261471	-0.346719323683091	NA	-0.738250913879913	-1.54989023745616	-0.479272929056442	-1.18019031655804
"prt5731"	-2.49531767675972	-5.7478414234631	NA	NA	-5.60737070546622	NA	-2.42844134803111	-0.154824566707481
"prt5732"	-3.3921136791557	NA	-3.10734664631056	-4.97433791115264	NA	NA	-2.53601594670534	NA
"prt5733"	3.29089365608124	2.38818950504916	NA	4.63203539926411	2.14066718611156	2.95180756668275	-0.11434426834503	2.44271440066139
"prt5734"	NA	-3.33597092836531	0.141582579973008	-4.43809319231379	-5.2416872775662	-5.53212206647878	NA	NA
"prt5735"	-3.64040070558458	8.50726940107426	8.40977154369479	NA	1.19436437323312	3.71467951396167	5.29564551087645	NA
"prt5736"	0.838469144377297	NA	-1.58099320772666	-0.741210484434147	0.452449085301021	NA	-1.81021693868398	1.94794432975152
"prt5737"	0.617891470150948	0.407307355147567	-0.146002571553439	-0.420057641543565	2.44731500426881	0.113592523326964	-0.838862750715105	0.715210991926493
"prt5738"	-3.40939665457502	NA	-1.37760203269872	NA	-1.55453044502674	NA	0.629741629696177	-1.73340676551559
"prt5739"	NA	-0.650369798758812	0.148197045286035	-0.1369097894697	-1.43667513750259	-0.40785375555937	-0.426739508622792	-1.42339484312934
"prt5740"	NA	-7.22783460265204	8.7162340505728	NA	-0.199371460932525	NA	9.08908786186008	-11.2385030947523
"prt5741"	-0.907703297742324	-1.57884535435322	NA	-1.67321717792879	0.232716005885818	-0.684143289800052	-1.14088576260466	0.434105166366005
"prt5742"	5.34890617833403	0.576040687118963	NA	3.10302671969735	3.11477869417679	5.42733132499592	1.63473907196199	3.02546716564297
"prt5743"	NA	1.57278103108278	-2.91989725650684	0.317878754180378	0.648897584525348	0.965768770313188	0.638235031845147	NA
"prt5744"	0.511091726316799	-1.83329610100995	-0.482091150010018	0.673234969240724	0.959634877023936	NA	0.661303351806292	3.72589026799552
"prt5745"	0.584216264951713	-0.98297426115433	1.93636297300362	2.54606048838187	NA	0.919671404711779	0.677650741537308	NA
"prt5746"	-2.16816189347561	-1.29573224450138	-1.25264707268171	0.512970610287345	-2.52578327266192	1.56124170493053	-2.17746497175673	NA
"prt5747"	NA	-0.176426968833154	-2.30184073985094	-1.74777214800227	-0.577401695639677	-1.92055583493026	-0.239345021971563	-0.191090525030462
"prt5748"	3.86648087732988	3.41919947106645	0.361143506873069	4.09888372181021	2.48218304786257	5.60822377759698	3.71265281719445	4.90886491978813
"prt5749"	NA	2.20418523436876	1.42259802479841	0.859290342630108	1.49752453615075	-0.962930228848906	-0.723665621244761	1.3489479377772
"prt5750"	-2.4396313939298	-0.726725486401687	NA	-1.79269571882986	NA	-1.50970191907362	-3.95669221606809	-1.70389973096449
"prt5751"	1.28536905387769	1.81251559955829	0.663147471081148	2.57186279081531	1.12468293128613	-0.716968221803697	0.349587703421237	NA
"prt5752"	1.64743470039466	2.82798364176268	2.22218491627598	1.12796662001012	2.95634498262604	3.46727554412076	2.07138808635847	4.82365842748428
"prt5753"	NA	-2.50863042349008	1.23334657684064	NA	-0.605397792236865	0.576832751748968	-0.199371434105883	-2.12628236239793
"prt5754"	NA	1.9592360186231	4.53346902333694	-1.04555979137247	-0.154289373537234	4.80854867770691	6.4999488490684	2.84947064559033
"prt5755"	-3.48948649505539	NA	-3.17308537815801	-3.52652452956392	-2.41076503384164	-2.26204936259811	-3.01891415033254	NA
"prt5756"	-1.90108927753691	NA	-1.88978916220745	-3.31061017260866	-3.04347043410617	-1.61804596187592	-0.894542854224194	-1.55163108349097
"prt5757"	NA	0.520055971946876	-3.53624859102883	1.6522770059133	0.0419181064710514	-1.81954443474435	-0.0501225200634186	NA
"prt5758"	2.3466737277981	1.85803425202837	2.2001159481954	3.01172850514428	3.77249161631434	2.92349800224766	4.92937992592495	2.32800319919474
"prt5759"	3.835079543294	1.26223127150322	1.95959825429222	5.08973417782206	NA	2.65166271065394	1.6333748537431	4.16435014192172
"prt5760"	NA	0.12463257387589	-3.82682719876227	NA	-0.999974520348546	NA	-4.54143286983339	-0.506613784176337
"prt5761"	NA	-1.13396870435707	-1.70784979877787	-1.2151439657077	-0.380528733524939	-1.8143784191474	0.54670156358217	-1.20499370911348
"prt5762"	0.380213430685119	0.99707445296991	-1.79686778486018	1.10257104165982	1.45430996508662	-0.539914525841897	NA	1.91281184079243
"prt5763"	1.1661194581891	0.767753065784008	1.30302014446769	-0.602032574777159	1.1715926538419	NA	1.59580597620206	0.947638180362071
"prt5764"	-0.00542004301959318	4.23724162208708	1.06534498001765	1.84145230016905	1.57708100015633	0.832393243742251	2.96991711105532	1.89994324125243
"prt5765"	-1.1039579103662	-1.53105737224988	-0.886159004515629	NA	-0.427359095938646	NA	-0.701084996068878	-0.448094013551477
"prt5766"	-1.69998381821057	-3.70360224324031	-0.739540644375951	NA	-0.125833210282094	NA	-2.57379403619555	0.236272490043865
"prt5767"	1.80886704625016	4.22181366543687	1.66491482831135	3.89118721024638	1.98128567867921	NA	6.10098146491358	0.981042923799698
"prt5768"	-0.633202090458083	-0.231227758869383	-0.532006496770663	NA	2.34222779256744	1.07550635590547	0.774938513007632	0.088475063883627
"prt5769"	4.72481507094049	4.79749913545885	4.1990097961347	7.77797402702925	4.90697104800144	6.22608711518936	4.48798596661056	7.7202567017503
"prt5770"	-1.86290769506292	-6.45912950207518	7.38192346239497	-1.62771173472355	4.22106521479495	-4.83227904855757	2.10690638400147	NA
"prt5771"	-1.07270275611748	0.0576887866282249	NA	-1.40033580663478	-1.55040175440767	-0.5789035002453	-0.120573082624063	-0.26052434436805
"prt5772"	-1.62279149237969	-2.42430625404792	1.18858795775082	-1.07036375791315	-1.12611626384047	-1.08188587555776	-0.439077887826089	-2.14112574127061
"prt5773"	-3.20292191868096	-2.30709964477301	-0.453072909789367	-2.3234455398823	0.630291580610427	-1.25373456143289	NA	NA
"prt5774"	7.02194361102329	3.62688425156038	NA	2.76897942008549	1.33753348533826	2.4956797345728	4.46573191342409	0.949363299083894
"prt5775"	2.2631218068872	0.935112064249256	0.0185903038845674	0.81417754434095	1.62893466305602	0.997667636524409	1.84555743336611	3.44276526833326
"prt5776"	3.1236718398116	5.79746778922964	3.65971969362512	2.84171462278838	2.28469221283231	4.8459904467975	5.28139015246064	5.67841950961409
"prt5777"	1.95523095931062	-1.74678654901074	1.74305830733011	0.983894781614095	1.27754515278406	NA	5.40424593310329	1.30993956673428
"prt5778"	3.67458123025037	5.51726778920431	4.06357231770715	1.81802297876446	4.99134296863339	2.46294455505328	2.72085351555897	2.52708167469597
"prt5779"	-0.685765509640851	-1.37982323537184	-1.11897893507137	-1.63951348776016	-2.64222123484361	-2.09805807000764	-1.64940206553291	0.579074361003294
"prt5780"	-3.27009397824287	-5.15668214629427	NA	NA	4.25658930593118	1.72556523399093	NA	-1.07226830920589
"prt5781"	-1.56207508777221	0.38979438204875	-1.63152617677857	-0.271215750731677	-2.51519667260691	NA	-1.70536466488751	NA
"prt5782"	NA	-1.08171174037484	-0.542768961008817	1.00088063798118	1.14087069917983	1.78943446918593	1.33244134930204	1.33344481253157
"prt5783"	-0.840752793837046	-4.15767523958992	NA	-3.24870332701256	0.690467849607882	-0.58120033284139	NA	-3.03324889207946
"prt5784"	1.65246663551685	2.3000821410947	3.78591790712346	3.60002551151618	3.16384178805754	3.26728392640352	2.60489701377028	4.14733582755115
"prt5785"	2.98294719964579	2.19212988864489	2.59174079038946	2.02358833421306	3.18894745017606	2.55450345308856	0.55079733610537	0.621164246806732
"prt5786"	1.94872458494306	NA	0.776554330614213	1.58609518318231	-0.290353524085036	0.590817289302187	0.540111012255554	1.67985463941885
"prt5787"	-3.02628010430637	-2.1343539484815	NA	-3.02485310791523	-4.25055475578888	-6.05393465269397	-3.01957791159042	NA
"prt5788"	5.1082313355057	0.130531296466342	1.41674597025134	-0.124869410506898	NA	2.96463145870533	0.798484474859563	NA
"prt5789"	0.842155622387692	1.03771243380125	NA	-0.551873680892196	4.54897865465348	-1.70227944735114	0.541258855615694	NA
"prt5790"	-1.00758185322232	-1.33622391930803	NA	-0.989382557112057	-6.50007565604689	NA	-3.75888578547249	NA
"prt5791"	-1.39719349420043	-0.610438877813343	NA	-0.615521604156551	-0.80554536084608	-1.32578627552531	-0.314604467747133	0.484848551598588
"prt5792"	-1.35750190524032	-0.177086108565469	1.89018345774958	-0.352350024338118	2.88699759510181	0.921028699110218	-1.1460949045157	1.01288876969232
"prt5793"	2.87532993836807	0.109565191473416	0.74950145615231	-0.559543122540783	-0.444446481927657	0.841975209374132	1.7612514139945	-0.566138125993824
"prt5794"	0.417363055242062	1.20693405429692	2.2000589575531	NA	0.14088408917858	NA	2.27906459178282	-1.28556421449697
"prt5795"	-1.69249619699359	2.49370668083118	0.482984203972928	0.404960505528131	-2.07713624924477	-0.721486251786333	-1.73241624806855	-0.915130939279054
"prt5796"	-4.73697175816371	-1.53232561816907	NA	-2.02896123172668	0.137240657618599	NA	2.30794116262806	-0.296829078279193
"prt5797"	5.18759741722178	3.97572947602161	5.14783511523065	4.74019057629143	4.81780729298538	NA	4.38553984046852	NA
"prt5798"	NA	3.24215301166644	3.29074824642278	2.14446804427207	0.631587766664828	1.83092724718171	3.53428671239981	1.28353302035259
"prt5799"	1.91180441250322	1.20189708919925	0.0705749007795785	2.21566934990584	-1.70553122350871	2.53064999410473	1.90272658395859	1.35560446375417
"prt5800"	3.14820782523414	-2.70504208813675	0.457380155306737	-0.862463582806818	-0.804214741198079	-2.6620734848023	-3.19924933447409	-1.76501770551053
"prt5801"	-2.39431550870983	NA	-3.42676175352806	-6.87798766723287	NA	NA	NA	NA
"prt5802"	-0.0126712878009344	-2.95873895283708	-0.116914058279491	-4.28506020673205	NA	-1.9745724147561	-3.65152356037686	NA
"prt5803"	1.38664933174654	0.325190097332022	1.12026075728628	-0.194607935433115	NA	-2.02095325560033	-1.01935144635875	NA
"prt5804"	-0.259697885748291	0.227323555881455	3.32160642589629	3.13530766635833	0.604875555142934	0.261894059824435	NA	2.25146973307295
"prt5805"	0.254821742791983	0.705549408981132	-0.135203441075758	0.713012362453278	0.365152487639089	-0.805631554760281	NA	0.206931478029815
"prt5806"	0.156800721813486	NA	0.588977709298705	1.85489058189086	-1.73321730651781	2.80107167733575	1.52724267995769	1.35318571583583
"prt5807"	NA	-2.85406303435926	-2.35274514196471	-0.714868497569513	-0.384014378858324	-0.72332818487357	2.8167934009451	NA
"prt5808"	4.37425538988064	0.276219893306045	NA	-1.66876169988015	-1.42919548678348	2.71005463948036	1.93788524857958	-1.23254539935169
"prt5809"	-0.232812821799643	2.11620140787664	2.80789888038635	2.51032955882312	2.65577372433025	2.75629491321375	NA	4.52735984352404
"prt5810"	1.30239952148587	2.14056246618595	2.57686800039468	NA	1.93782298267177	0.746200902960622	-0.0741481812221444	NA
"prt5811"	3.67362509109905	5.91210187003803	5.06606295489801	6.29073803227483	4.69001021728041	3.93148872798269	NA	2.89253654345941
"prt5812"	4.26179979342984	3.00374472891566	4.08049019003413	1.32681692630219	3.94573758784928	2.85773067497927	-0.120129018272622	5.7771022509343
"prt5813"	0.861232845934962	-1.16923144817915	1.51957816766903	2.37929525744253	0.819019069734069	1.87906428005867	3.80748840505963	1.75148674687835
"prt5814"	-0.479091093641087	-1.37294759536558	0.123651077967867	-1.63785827217575	-0.162579204178209	-0.317520707693943	NA	-3.82760724299933
"prt5815"	-0.219538476183067	5.1673400507403	NA	1.2265522508436	2.16026531813435	4.22730129786231	0.841753689757271	3.13158023505673
"prt5816"	3.63818366617708	1.55633585653609	NA	2.4386189174117	3.1886201062775	3.66072090457745	2.2624754583695	1.96449631727219
"prt5817"	1.87360895509307	3.16604151600745	1.07665949144531	3.19794472354784	0.689281166596799	NA	2.89284738271249	3.48403150405926
"prt5818"	1.78880116843252	4.41327574690316	3.3291427781266	2.87500025817509	3.09851042779403	2.24284025446323	2.71130881805052	3.14352010278017
"prt5819"	1.69431972108818	2.12529812933402	-0.843870493972585	4.58524095489741	1.3277712482745	4.58941474221202	1.01660247686008	1.16510428840101
"prt5820"	1.21587197918533	-0.604285724734198	NA	-0.46021157786826	1.03729213110953	0.0370097762870591	0.162799989261338	1.38560795641581
"prt5821"	3.07206865523142	2.51497734962123	1.56892879808836	3.09726836160935	2.86243173741773	1.24987290019634	4.34218055705809	1.74404935404256
"prt5822"	NA	-1.24623108131049	-2.20403297935218	-4.10606106620649	NA	-1.63578089624159	NA	NA
"prt5823"	-2.27430907753624	NA	NA	-0.553218959402765	-2.28595451959073	NA	-3.74896584641639	-2.07052913233086
"prt5824"	NA	-2.2181893737511	-1.54047063357073	-0.467283891213687	-1.63992783596594	-2.73803119944005	NA	NA
"prt5825"	-0.796857921429894	-2.13133401886879	-2.54611291499971	-1.63755762458812	-0.603174441771357	-0.576304272365149	-1.20914377831696	-1.31124608045359
"prt5826"	1.82710854316522	NA	NA	0.736769345541682	0.159799941775396	0.818255200129943	0.678428553545892	NA
"prt5827"	1.0472539820105	3.07032558420996	3.84088193460095	-1.94340939751349	1.04117193197117	2.30946679170608	2.01637026005452	1.38678357780282
"prt5828"	1.14255181760551	NA	2.53119073721256	1.0081259909134	0.285711650828613	1.93273296383731	1.55639920112024	-0.205266589590343
"prt5829"	2.77466137286346	-1.50477450423347	0.512376657845577	2.09877659204909	0.271791881195227	-1.61085416146872	-1.07221963671893	-1.09381448872831
"prt5830"	-1.2012103457461	-0.545863638632892	0.0505157375139028	-1.6086099918831	-2.38131011046836	-1.59675624527625	-0.181869855103389	NA
"prt5831"	2.32718450414543	NA	-1.68730343850192	NA	-2.23649484654516	-2.41353566411683	NA	-2.51636883274168
"prt5832"	0.315657188693139	-1.42430037719283	-1.91970717717639	NA	-2.11140442511832	-1.28295783628137	-0.241054060803482	-2.91044723321015
"prt5833"	-0.610620108463075	1.4507275418796	-3.21778785331105	NA	-0.945027495823478	1.87200958103951	0.996153427840275	0.341475891791268
"prt5834"	6.58744987417328	0.523739206559236	3.58566115376139	5.93707041067301	2.85733189912096	8.07580014869384	1.91038047886694	3.73728434506855
"prt5835"	-1.35875427781191	NA	-2.23380007782782	-4.58220801513555	0.952194612120348	0.18913155559072	-1.56801410181814	0.269112698635242
"prt5836"	NA	-2.0093114284846	-0.43445824712912	NA	-3.91804697610091	-1.70695909289319	NA	-1.63990949145829
"prt5837"	0.272325700333006	0.181815251616008	-0.120097959685919	-0.143473793316967	-0.414136893740039	0.660674951936763	-4.33642013421929	0.325661618243558
"prt5838"	1.48494697181519	-0.940596382709772	NA	-2.08227303003535	-2.52106697028589	-0.173269011970194	-1.85287324944791	-0.579011245849769
"prt5839"	-3.39002039227484	NA	NA	-1.03820599692937	-2.76099772523768	-0.394300269099208	-2.20375689289321	NA
"prt5840"	-2.47586725085963	2.03213529578455	NA	-0.593517026650063	-1.80543418845382	0.660916749523905	NA	3.26970477265352
"prt5841"	5.7553711580412	-0.0798245886659518	NA	1.96866417777154	-2.50158363647614	3.27250260114226	4.21812258624038	NA
"prt5842"	-0.145811700889285	1.13648903441546	-0.802915574451851	-0.741170451748835	-2.36478835203762	1.42734672287424	-2.67175514707173	-2.50353580858328
"prt5843"	-1.29343618916144	0.297376152709733	0.128469726515055	1.92512686391132	0.41811310481877	1.83314144670899	-2.95385110991822	NA
"prt5844"	-3.06622822154466	0.372899637232198	1.9035187069293	NA	-1.14928346962443	1.612927853473	NA	-0.31420789466726
"prt5845"	2.79268404831544	6.89292509744003	NA	NA	2.46727161160622	-6.02300839659155	-4.63591734521241	NA
"prt5846"	2.60152459070301	3.66598075541678	2.76727205993964	3.38345604038329	3.39786454485098	3.28575995155919	3.92339833623554	3.17606706224614
"prt5847"	-3.13920362398582	-0.892444914529775	NA	NA	-7.74384061458624	NA	-4.02725724665753	NA
"prt5848"	-1.28695780599679	-0.324228124137657	0.0453456365805434	2.61937742516444	1.53764732735007	0.73856699337325	-0.262833403465449	2.32975786503934
"prt5849"	5.60375961257072	0.660653835972811	5.37759652757783	0.914704848374353	4.98857817827356	0.321033699821487	6.42819421782326	-0.380789885247518
"prt5850"	1.19818292128421	-0.856806212845245	0.579346837168766	2.43687094684564	-0.182932221779148	1.45792573301216	1.50940955054047	NA
"prt5851"	3.21681284033577	-0.481607315105619	1.35220544802672	1.87634457236602	0.939076727526229	1.87649136568123	1.33904590359237	NA
"prt5852"	2.71187233614188	0.546844587779493	NA	NA	1.26907913798257	2.34432280384252	2.39752380201406	-0.134083088510975
"prt5853"	-1.33936440816908	-2.02808221173452	NA	NA	-1.71902728832252	-2.644083724324	-0.897365557095986	-1.56752442190111
"prt5854"	-0.433733801218728	2.2829419573433	NA	1.81718095586477	0.928019642565789	0.328218967672621	1.6405456017066	NA
"prt5855"	0.341406815192826	4.37232547477759	2.67439250312976	1.28965103511087	3.93436157264752	NA	1.72660478767931	0.578735800198681
"prt5856"	3.62018185718571	2.01987339640455	1.68650418106561	3.47511658961699	3.08500332773755	2.55107305954709	3.39735773302822	2.23378247585948
"prt5857"	NA	-3.41653578656495	-1.81908257618841	-2.63056636269314	NA	-2.116134102781	-4.25344886335472	-1.35190542269616
"prt5858"	2.15370815849357	3.30795955213808	NA	2.02926885308446	1.64649610106067	3.12542654313879	3.16487044458115	2.67204470494774
"prt5859"	-2.83858826717678	-1.23011245356941	NA	NA	-0.192031963653375	-2.95390212693732	-2.46954043280531	-2.66657005119077
"prt5860"	0.619431082027878	NA	2.89333191108245	0.969449460717238	-1.64733094526306	1.70297538521702	NA	1.67003829503462
"prt5861"	-5.08744709048448	11.4354093881131	3.52722980672985	NA	-2.59629505147073	1.35450372332098	-1.96550052965565	-0.703557043356379
"prt5862"	3.90882549201577	4.63726786490117	2.84687603724534	3.29975564117034	7.90575356508477	2.76228854605399	3.58792143261484	9.26597721020815
"prt5863"	0.605431552622336	0.204230139774409	0.652415186216825	1.39162253600721	2.2887283401283	4.67289385178132	0.221880763899915	-0.358701651022106
"prt5864"	0.118079119880048	NA	0.272013283353384	3.27806780956745	0.800512833302453	2.78535282683588	1.47611237674225	NA
"prt5865"	-0.214433113361396	1.36186163003234	1.30497037253699	2.50883969718644	2.06639842147847	1.84207551788956	1.05557539162015	3.50010049725925
"prt5866"	5.25374292387272	6.63554354317803	3.20018323117367	NA	NA	5.47108490718925	1.60688953550493	6.62181555225103
"prt5867"	0.678848781477615	2.86454982743007	NA	0.0423135017724809	0.183057975106307	NA	2.88451763617771	NA
"prt5868"	3.7041529552483	-0.421442868548504	2.73839997962672	7.85372256065034	NA	7.92086731635935	10.0641082734537	6.56972494059401
"prt5869"	-3.42724690655257	-3.69982017369128	-1.50434869577271	NA	-2.51114560285392	NA	-3.71722241268512	-3.79889396357007
"prt5870"	3.99976567065176	2.69902669204899	0.00776385057767117	1.46367643596201	3.5937888242574	3.45977260953631	1.97597474200591	2.65618581911688
"prt5871"	-3.97411334021466	NA	NA	-4.8427233993024	2.52223157964781	1.67912644974543	0.703415874396619	NA
"prt5872"	0.126274552111809	0.335061070919857	-0.814559501974141	-1.2045986269615	1.40647466848138	-0.915968319013179	-0.214919245727083	-0.00317132436361023
"prt5873"	-1.41139602038385	1.05268498055338	0.653098800556663	-2.84546030008666	1.85383161243984	0.443771378930815	NA	-2.81394268556862
"prt5874"	NA	-1.3468989894877	-1.55350520637827	-0.711428396532714	-1.70188012099819	-4.18364228191272	NA	-1.53093610668557
"prt5875"	1.19897249932947	-0.064292332086779	-0.465922033749078	NA	2.8274156676034	0.0263873414180217	NA	0.24668157694993
"prt5876"	-1.33739380458087	NA	0.0111759701445213	0.798224486560416	-0.334324678715068	1.18713161081755	-0.114400700069644	0.460777239820997
"prt5877"	0.16603028416699	NA	-0.685741563620397	2.04227086410148	-1.6447710874226	0.0233629073984093	-1.05899151989589	0.434095881391441
"prt5878"	3.06859490218868	NA	2.08002400098356	2.67227442522554	1.27410114176042	2.65466704440252	-0.462642960478136	1.35238342702276
"prt5879"	5.02884583391962	2.47921399865655	4.73996329314144	NA	1.32916862461183	5.28222947886346	3.96727736639707	2.3924170907917
"prt5880"	NA	1.94558598975883	-2.1888184587115	-0.600345392986749	1.97270903644076	1.64864992054091	1.82170285025911	-0.209425551419454
"prt5881"	5.13630484045102	5.66682765771817	5.84972944351188	4.25605561281476	2.02965789865014	9.00607243573003	8.10677812854181	0.364264179776809
"prt5882"	2.36917722173093	4.78882821041425	-2.21386436322483	4.93547459704149	0.328027321831863	-0.0314896647492961	4.34402207594042	0.915451711799556
"prt5883"	NA	1.02737616704245	-0.508165990195458	0.974267403309442	1.07795542527319	0.793005335063402	0.767700111529648	-0.103915412578248
"prt5884"	0.645181916481587	3.01562240229636	7.5224664608273	NA	-1.04197546765278	3.65677752010233	0.362868516934352	0.762074845224962
"prt5885"	-1.13508946075154	-0.551112345451125	NA	-1.51930163136213	-0.29425279695683	NA	-1.35603201032769	-0.212642078565203
"prt5886"	-0.755858865062772	2.04847946485869	2.08760522847265	-1.2004424277876	-0.261064793093257	0.389956627605326	1.2922667774784	NA
"prt5887"	-5.6485775647825	-6.21297282118393	NA	-0.404295248159735	-1.17899816127364	NA	-2.00144808932402	NA
"prt5888"	5.11095055162936	2.03900717862619	2.66211796178353	0.427846637503259	2.0017757725894	2.54951647909318	4.04477715397268	3.64584678873358
"prt5889"	-0.188056604872567	NA	-1.27261569368682	-2.59012866630891	NA	NA	NA	NA
"prt5890"	5.90910569497164	2.33664690325469	6.39244929058794	3.4278306389387	1.40755948908193	2.72793888143245	1.90447205754596	1.83553660753237
"prt5891"	-4.00827373215445	-6.94902627355776	-5.4599645993754	-10.6328078350612	-6.77783016746206	-4.00440518906887	NA	-3.95754010790975
"prt5892"	10.1824809363919	-0.602831288455278	3.59557721529056	NA	-10.3688924197816	NA	NA	0.881512289584039
"prt5893"	-1.60154805542239	-0.202336755446394	0.421151438323684	-2.47275458193526	NA	-0.624377002268627	0.915470546775379	-0.790278196002022
"prt5894"	NA	-2.21017930387502	-1.93680910749206	NA	NA	-3.95887965525427	NA	-2.2477546655839
"prt5895"	-0.76671044815003	-2.14392731580897	NA	-1.38632429602166	-1.54062031709915	-1.33610892697366	-2.590858527128	-2.17458060835738
"prt5896"	NA	0.365063622306585	0.453237593563377	-0.342474877401147	-0.512787649247018	-0.278660756121991	-0.751620817493478	NA
"prt5897"	NA	2.87015683106764	1.58389561915431	0.449603464746769	1.74175541127255	1.96479836788602	4.82408763756257	3.00328133843506
"prt5898"	-1.50577011291824	0.656369233696529	-1.41867700680121	-1.08382327486129	-0.801273654093742	-1.28077234573823	NA	1.31989203637259
"prt5899"	1.89405584927937	1.45700498947531	NA	0.335132658419991	3.45353146868114	NA	-1.79963156121413	0.016399070014631
"prt5900"	-1.16613623370882	1.69017790034212	0.41234502565829	-0.481795340378407	0.784141116863982	-0.241957540890062	0.330550096900137	-0.304871859726455
"prt5901"	-3.88789015026353	NA	-2.27344034420895	-3.28004043390997	-2.94621440946458	-1.54660689102251	NA	NA
"prt5902"	-1.81239001926067	-2.49102266028967	-2.1956476357293	-3.96486361113104	-2.9548644407895	-4.6643546579654	NA	-2.19340578138961
"prt5903"	3.95922982911125	NA	1.99866595825562	-0.500640125263974	-1.67965718430917	0.308685883205923	2.52430169494547	2.87477327217405
"prt5904"	2.176121351384	0.423923418580798	6.23832973723411	1.02833414703231	-0.526332751614845	-1.60528254745577	0.224365699901777	0.616018219052588
"prt5905"	0.882184114960888	1.1435774186044	1.30586725455504	1.96273316685163	2.17239931699977	0.425338648512513	1.99699180134585	-0.392783171033129
"prt5906"	4.47230714558977	-4.37498199064744	3.29236689419616	NA	-4.28792529134632	3.98532002835047	0.108509460725877	-5.39464211443627
"prt5907"	NA	-2.19543370766506	-3.52144712230184	-1.62145458897848	NA	NA	-1.16189731228922	-3.89753023140066
"prt5908"	-3.52056579762984	NA	NA	-1.8497699364115	-1.76713130477232	NA	NA	-1.9074890366711
"prt5909"	4.76509177673674	5.17635172305136	5.4620566660209	3.18814910553589	4.65282275285374	4.76373058439587	2.88251902797686	5.64356539925436
"prt5910"	-3.0808806378161	0.895520053055749	NA	NA	1.37733296279914	-1.41856538725349	0.301717252774862	1.06273387916379
"prt5911"	2.22163634565466	3.64594959758118	1.22486647307392	1.86401011445714	3.61206104589816	2.66600028789555	4.38169544700127	3.56877926068369
"prt5912"	-1.51094582009318	-1.06779741071858	-0.566107090040625	-0.586876013337649	-1.72681728991269	0.350048306001529	-1.02154544257413	-2.17520736037731
"prt5913"	0.715615314921453	0.724250586995214	-0.408292786390407	-0.126541293923398	-0.0212513100936698	-0.718636706064892	-0.574614278248508	-0.254105502513374
"prt5914"	1.17164077711002	NA	0.469837064160393	-1.22935621064794	0.0375087834749501	-0.596563849774759	-0.973444369909789	-1.89532878657382
"prt5915"	3.50404663609082	1.11041467825202	0.557122986738281	-0.50276820865996	NA	-0.0963784560616419	-0.0321718624964797	0.783432281567808
"prt5916"	-0.505294001173406	-0.624739134789341	-0.694486447293472	0.407347767326524	NA	0.18588736738192	-0.0212851540191518	NA
"prt5917"	-0.589725678400959	-0.70851815499217	-1.59697937309529	1.3323405064947	-0.934158305868464	1.2644454169149	NA	-0.857187227241241
"prt5918"	4.40546241487679	1.66403130457052	1.7657794590429	-1.7069600502489	-0.0285924939768082	3.19458542737661	2.44899767068881	NA
"prt5919"	-1.9684253496631	-1.55163458762886	-0.955572925549972	NA	-2.50487177167562	NA	-1.78793328913453	-0.742203822738617
"prt5920"	1.23007481650037	-0.989483057809995	NA	0.197155687256364	NA	1.23215780220006	-0.175175327015235	0.0321059269597129
"prt5921"	5.0963124262753	4.17970852222169	5.72183840401662	6.49496191113741	6.27196259663618	5.39986076813384	5.88167390144661	4.50965191180402
"prt5922"	0.260748665869417	-0.60244028196752	-1.30166569958636	NA	-1.02171953349546	0.89780049239712	1.91139663838179	0.353668501819133
"prt5923"	2.48176023817567	-0.787148152538481	-0.061020652086863	NA	2.05627581287955	0.160356803909383	1.18974636802248	0.557431943471046
"prt5924"	1.21638997522332	2.17453302100601	2.30294155879128	1.91925569522252	2.68659526566531	1.70718328864877	2.31434800253176	2.57638465090906
"prt5925"	-2.63496237861959	-0.724383609114753	1.3174061270128	1.79660317719718	-2.78761923237676	NA	NA	0.90083490929401
"prt5926"	-0.275198886339829	0.271713096942663	-1.12936897635664	-1.00169080982864	1.33118407781787	NA	0.0585036846799137	-0.469435205092245
"prt5927"	-6.74759705455107	-5.61896618180313	NA	-5.83808663451819	-8.36583624067505	NA	NA	NA
"prt5928"	2.65024658227829	3.55397504986528	4.60365035853227	NA	-2.14758954562354	2.57546388833911	NA	0.790980259364066
"prt5929"	2.32160806706373	1.34360063672526	1.58452038727854	0.288205695157079	NA	0.463822909774125	4.12305469086819	-0.451164771117836
"prt5930"	0.596713885002024	0.986290634353701	0.325935382609315	-1.62666833170836	1.03872838148355	NA	0.272787420905108	NA
"prt5931"	-2.69166090456336	NA	-2.06762164564374	NA	-2.39091434677464	-1.97336408250363	-2.48341230111684	0.0789584704603634
"prt5932"	1.11117974035738	1.60400261532068	0.960143391301129	1.70779662637055	0.0383165863012919	NA	3.63170337395149	-0.666169443071127
"prt5933"	-0.678790652479801	-4.58804296981767	NA	NA	-2.51360420817091	-3.06464411186931	-2.31330763549796	-2.12566087030132
"prt5934"	1.24967512679623	-0.577852727523628	-0.21757002486947	-0.817726778511944	-1.02920241670612	NA	-0.0628577013321135	-1.32683951364166
"prt5935"	-1.34213158964331	-0.665346382923169	0.664258532800306	-2.98758728831694	-2.17170915779688	NA	NA	-0.448646083141991
"prt5936"	0.363336976001156	-0.56412570227705	0.0623329968034223	1.87652746735294	-1.03914658792482	-0.472053915910578	NA	1.75263202984466
"prt5937"	1.40062588012646	1.06688818469	3.43991437769205	2.74543622704873	0.936274203540542	1.17792122696536	-0.0815455387143265	0.240490282562142
"prt5938"	0.564176632796165	1.67476239484201	NA	-6.15541034051366	-5.04760219294661	NA	NA	NA
"prt5939"	1.9068146210021	0.56541404542692	0.545752028564418	1.29441906909738	2.92049856605624	3.23162822334691	2.95442551889111	0.841425112778888
"prt5940"	-0.0549494974954173	NA	-0.104852522999948	0.264331277169387	-0.217881209545868	-0.927666195422644	-0.596221061422299	-0.164877878272997
"prt5941"	-0.795981373221482	1.10565523265489	2.51140664380911	-1.31442698065701	NA	-1.64413555026803	NA	NA
"prt5942"	-0.636017200765255	NA	-1.46787417208858	-1.24367359927837	NA	NA	NA	-1.55347664303999
"prt5943"	2.57323627168863	0.404099584486326	2.12454737361007	0.623151363337799	3.71794783676911	1.37688188372375	2.57373446349101	NA
"prt5944"	-2.65551875282833	NA	-3.59276367333077	-2.13616794868381	-2.962790084086	NA	-1.11569901560802	-1.5573953895941
"prt5945"	5.83541838122221	6.05436523232377	7.15363391015346	NA	4.21274468327132	4.49444222977283	NA	5.57433158896718
"prt5946"	2.92148508675495	NA	0.753302738257393	2.2294298937014	2.90744815130721	2.00382184530488	2.04741270402979	-0.213950297023961
"prt5947"	0.516117727929009	-0.132342984102723	0.341856768115825	-1.10071693058609	NA	-2.29195691945857	-0.155444126211927	NA
"prt5948"	-3.7611469433766	-3.99264873521395	NA	-4.89496452681255	-4.06966285766181	-4.39621719546899	NA	-2.84200325879245
"prt5949"	4.71316190635231	3.17032640790047	3.29225042121272	4.38537071509336	2.84736418513574	2.27412292782468	3.3504912630854	NA
"prt5950"	-2.63998101166375	0.916481851832367	-0.307045178057023	1.78238768007788	NA	NA	-2.11841058041289	NA
"prt5951"	NA	-1.25576000244323	-3.00942193930164	-2.27975077071047	-2.18038816398954	-1.58348545959325	-0.912060933117782	-4.23353760589967
"prt5952"	1.46463209679604	8.26645793751128	4.73101839601334	3.21659140637	6.85319063668978	0.167606573986988	2.2677353909262	1.01098560178532
"prt5953"	-1.21113717292745	NA	NA	-0.486214269151164	-1.50939680436964	-0.433761612507707	NA	-2.08745600388786
"prt5954"	0.688267369043044	0.661270875873325	-1.88075282248426	-2.14544064818423	-0.705341017164966	-1.92413246019501	1.75632813059615	-1.15676042915812
"prt5955"	4.67849170269934	-1.8009787784045	-0.778704752648169	NA	-3.42530204541224	0.464064362226516	NA	-0.373141384458369
"prt5956"	2.45616050948404	3.62938267470148	2.34320204713843	0.245996272404906	4.52291102691128	1.70362137474622	0.091640749975537	2.76148670244548
"prt5957"	1.86580828029389	4.77678480597754	4.11692040280721	5.31882193132054	5.60403645761019	2.44506842605424	2.8447269278758	1.69474207784992
"prt5958"	-5.15934150076305	NA	-4.13343891524596	-3.94066655910704	NA	NA	NA	-4.49323546911494
"prt5959"	-3.7867663647461	-3.80529376785957	NA	-2.13532201333844	NA	-5.42575677008445	NA	NA
"prt5960"	-3.17243910642696	-4.57680786758698	NA	2.43255326796643	-0.907403622395714	-1.53775539682414	-2.47699092307723	-1.66512377549934
"prt5961"	-4.93320206453444	-3.55904867237454	NA	-2.04362605245163	-1.61542437302314	-0.6735757574739	NA	NA
"prt5962"	-2.41640707492986	-4.21819040067549	NA	-3.21829163338499	-4.91210898574076	NA	NA	NA
"prt5963"	-1.29210341709462	-2.13735190379376	NA	5.13744481708276	-0.79844671950077	-1.08327080460223	-1.49471991614743	NA
"prt5964"	-1.55632515547624	NA	0.583573264558316	-0.835124009230047	-0.107680698583142	NA	NA	-3.78070300592654
"prt5965"	3.11978705615389	0.893528387762573	2.86244058713047	3.15632521058027	3.00770498234388	3.18038834927129	1.17713227727016	NA
"prt5966"	2.55951909735965	1.73037791123488	2.20278627200177	2.38644108757869	0.761795953069353	2.41820581377925	2.39220097340191	1.69639437616949
"prt5967"	-1.53098758767879	2.19354166202719	-0.122413710231324	0.955870305096766	-0.273268689426888	0.704365300490313	1.29703821560655	0.816903242978771
"prt5968"	2.43393527630189	0.41038192655668	0.483626762896341	-0.571386991904237	-1.25284437755112	2.91543890630718	-0.176242737613335	-0.57502369465291
"prt5969"	-3.45919869094749	-4.23080123460133	NA	-4.70942313262939	-3.10943294738035	NA	NA	NA
"prt5970"	-1.49072402078966	-2.33676001985105	NA	-1.62149339015423	-0.710480608059749	4.81560695703009	-6.75589891945345	-5.46027214910062
"prt5971"	-0.541566451806297	0.384680031105706	-3.5386612658283	3.19760708839646	1.36915915078445	NA	2.05366410340743	1.28689272811165
"prt5972"	NA	2.69326741819193	1.66325016834277	-0.933349359276151	0.87063716557885	-0.450071779825994	2.5848793781201	3.29588654116104
"prt5973"	-1.11869322784528	NA	-3.84607693810285	NA	-3.28940479352825	0.0819804086003662	NA	NA
"prt5974"	1.35195547985553	1.47919861822767	-0.668707172632982	0.117087569318338	2.04044898131642	0.973273270125872	-0.220314634799482	3.50145138068207
"prt5975"	-1.28178318356188	-3.10126464614734	-2.21239428352104	-3.12160956237257	-2.21444886652416	-3.23350530915188	-3.01221155504509	-2.17940996249726
"prt5976"	-4.11888289714735	NA	-4.86371262804811	-2.23235139344285	-1.95493934440805	-6.70528079660462	-1.41605458378257	-3.25172567715209
"prt5977"	NA	2.00889322695327	-0.202256332916344	3.61788856337493	-1.44396761897688	-0.399509519182017	-0.215427387784775	0.492448173868761
"prt5978"	0.0330703384354691	-2.49928582951834	-0.76778270977671	5.56872408938866	-0.433928355328807	-0.246561890664256	NA	11.6082198997066
"prt5979"	-1.2865651347528	NA	0.463476362275266	-1.03842763848931	NA	NA	-1.15530597239139	1.19714063797184
"prt5980"	NA	0.593724725837401	-2.05955042443401	NA	NA	NA	-1.56543580761543	-4.46958771176659
"prt5981"	-6.49242522191823	-4.01797001075545	NA	NA	NA	NA	-1.54269210669049	-3.97012518832721
"prt5982"	NA	-0.582431642024861	0.353252311898611	-1.52508859160475	0.808855802201212	1.27468108020847	-2.08456523186184	1.32866619672998
"prt5983"	0.416146503854123	3.47883688627644	2.83706753885578	3.87359497968248	1.41336748757341	1.39493167738686	2.57272486090609	2.34386820918674
"prt5984"	0.952572561089897	1.55002301006352	2.47522782732354	0.93740596392401	0.121300693377856	NA	-0.520665510965866	2.97531523023459
"prt5985"	0.8885565435827	-0.802379116878135	0.490425900983172	5.60591506226643	2.15654603353464	6.20520715832009	NA	0.42863055699505
"prt5986"	3.89951210309649	-0.933024249541546	1.69951467176987	2.9473880401855	-1.66226430938422	1.08156923878364	0.994949567839293	2.15075661244513
"prt5987"	-0.602426908392139	-0.0397456226813775	NA	0.303684202599228	-0.105089887373167	2.73739938716085	-0.810313108275328	-2.89045310752782
"prt5988"	0.807097247406964	NA	-1.27381247810519	-4.10254437796817	NA	-1.49748774065096	-2.73710711016987	-0.13310977638128
"prt5989"	4.08661725471558	3.69237563245953	NA	-0.242553515625071	-0.283109794482055	-2.42559646036859	1.58975737341166	0.778073454459388
"prt5990"	-0.184133452104469	0.169213544664371	2.7905044670517	1.32971944930207	1.90045147354815	0.89923188777014	3.35766753816744	3.27578607827749
"prt5991"	-0.923085664702658	NA	0.759403115697455	-3.42328665740866	-0.699394167984036	NA	-2.65801256202488	-0.966484531022682
"prt5992"	2.19774771350317	2.36094924504172	NA	NA	4.94156675450509	2.73615467785283	1.827079235526	NA
"prt5993"	-1.08096744125965	NA	1.44066818816469	-2.4926463077369	0.0357729956011831	-1.54779343411554	-1.50252659764663	-1.52891652299114
"prt5994"	1.48981004267246	2.18598556442755	0.375453626241283	0.933555129298903	2.14573281590091	1.36388488057149	NA	1.03855573586253
"prt5995"	5.51958166668846	NA	1.73396673105791	NA	4.31427452965912	3.08584222493483	7.42209507563163	NA
"prt5996"	-0.987119027321216	2.21559880667278	-0.65888668608209	-2.9024206409859	4.17404558787488	0.925736632481834	1.48961627325275	-0.967161502964979
"prt5997"	-1.14220628275104	0.224240131471475	NA	2.53764051387862	NA	NA	0.940792346549616	1.99911720697585
"prt5998"	-0.415302339248331	NA	-0.568462331230838	1.31892134862764	0.557654066382898	0.41008253520844	-0.295856042119765	0.0567761891347905
"prt5999"	-0.0958637299596795	-0.0778076024578196	NA	0.00255233980544081	1.96064973157587	0.462988369708084	-0.465838037117962	NA
"prt6000"	-2.03239845961276	-5.31346833208935	-1.97691127715467	-1.69843674913427	-2.21747935190985	NA	-2.31609419116549	-1.16002013917925
