,FP,FN,Jaccard
FedProt,0.0,0.0,1.0
Fisher,3.0,4.0,0.9884105960264901
Stouffer,3.0,4.0,0.9884105960264901
REM,8.0,15.0,0.9622331691297209
RankProd,1.0,111.0,0.813953488372093
