,MinDiff,MeanDiff,MaxDiff,r,ρ
FedProt,0.0,4.4261692659339914e-13,3.455014052633487e-12,1.0000000000000004,1.0
Fisher,0.0018367902322999896,4.003183069541577,26.780619788511878,0.9810283692452335,0.9554879485699965
Stouffer,0.004098014520164062,3.443772753273263,24.991436026598613,0.988485440776319,0.963244653005639
REM,4.9642557251365627e-05,15.71956698869727,262.6193845909141,0.7631152823417579,0.9091374494506743
RankProd,0.0003677300961916763,14.252056496698389,83.6813343374465,0.77492172883417,0.8571922641730227
