,MinDiff,MeanDiff,MaxDiff,r,ρ
FedProt,0.0,9.814979700378525e-15,5.1514348342607263e-14,1.0000000000000004,1.0
Fisher,8.950494290171918e-07,0.0057497921824094,0.19350800324466702,0.9998554946407957,0.9997281211397825
Stouffer,8.950494290171918e-07,0.0057497921824094,0.19350800324466702,0.9998554946407957,0.9997281211397825
REM,6.878582132996414e-06,0.016861823788155008,0.2222525020080224,0.9993174942207655,0.9979397805192095
RankProd,8.950494290171918e-07,0.0057497921824094,0.19350800324466702,0.9998554946407957,0.9997281211397825
