,FP,FN,Jaccard
FedProt,0.0,0.0,1.0
Fisher,2.0,6.0,0.9223300970873787
Stouffer,2.0,13.0,0.8543689320388349
REM,1.0,13.0,0.8627450980392157
RankProd,1.0,33.0,0.6666666666666666
