,MinDiff,MeanDiff,MaxDiff,r,ρ
FedProt,0.0,1.3610411409015198e-13,6.571410082756302e-13,1.000000000000002,1.0
Fisher,0.010284813677979177,0.49543267221773657,2.792206214173749,0.9638297947913061,0.8994542518254273
Stouffer,0.004423012780094215,0.5702211596320034,2.5872731991862,0.9657508699109758,0.868481592350531
REM,0.00024125359949356273,0.5907978415679697,11.63993899214532,0.8789084578930082,0.9412398473674086
RankProd,0.00025353428777522,1.0700036659057826,8.978254049744434,0.7791426987554159,0.896668430816353
