,MinDiff,MeanDiff,MaxDiff,r,ρ
FedProt,0.0,8.97273017294983e-15,3.5388358909926865e-14,1.000000000000001,1.0
Fisher,0.0005161702312010963,0.009556746057238944,0.14562686008339804,0.9987374453703437,0.9983925924880376
Stouffer,0.0005161702312010963,0.009556746057238944,0.14562686008339804,0.9987374453703437,0.9983925924880376
REM,9.504637227603085e-05,0.018869992520258668,0.13342771947599402,0.9958776511239316,0.9954586644459187
RankProd,0.0005161702312010963,0.009556746057238944,0.14562686008339804,0.9987374453703437,0.9983925924880376
