rowname	Ref8537_QC1_20230414_1	Ref8537_QC2_20230414_1	Ref8537_QC3_20230414_1	Ref8537_QC4_20230414_1	Ref8537_S4_20230414	Ref8537_S8_20230414	Ref8537_S11_20230414	Ref8537_S18_20230414	Ref8537_S21_20230414	Ref8537_S26_20230414	Ref8537_S35_20230414	Ref8537_S37_20230414	Ref8537_S45_20230414	Ref8537_S49_20230414	Ref8537_S52_20230414	Ref8537_S60_20230414	Ref8537_S65_20230414	Ref8537_S69_20230414	Ref8537_S75_20230414	Ref8537_S79_20230414	Ref8537_S82_20230414	Ref8537_S88_20230414	Ref8537_S94_20230414	Ref8537_S100_20230414
A0A385XJE6;P0CE49;P0CE50;P0CE51;P0CE52;P0CE53;P0CE54;P0CE55;P0CE56;P0CE57;P0CE58	273630.59375	267299.53125	193840.1875	185135.15625	230225.328125	287104.34375	226867.984375	249087.171875	201163.296875	263416.75	297656.59375	362123.6875	265139.75	234338.796875	173746.203125	194997.40625	179416.59375	186154.125	191630.828125	165693.96875	185840.140625	207971.546875	179495.984375	180915.84375
A0A7H2C767	6083.92822265625	9559.04296875	7338.01220703125	6301.064453125	7437.6689453125	8106.197265625	7874.646484375	9228.75	13553.1064453125	8145.6572265625	4765.43310546875	1462.02209472656	4942.7763671875	6258.96484375	6271.32763671875	4878.66552734375	5737.47119140625	6285.0830078125	4635.82470703125	6578.93896484375	5792.06640625	5353.60791015625	6573.748046875	4200.07373046875
A5A613	323944.71875	258691.4375	183976.5	191854.40625	395133.09375	407869.34375	302157.90625	277280.25	239278.953125	315769.34375	309148.46875	304495.5	293328.375	243780.609375	183385.21875	190452.765625	191252.3125	116970.3046875	184554.078125	165665.609375	205201.578125	190844.796875	161178.390625	175067.71875
A5A614	56583.15234375	37725.7578125	31019.658203125	25314.9453125	62363.87890625	58426.984375	45056.6640625	48705.515625	56690.24609375	42928.69140625	73732.1484375	211678.796875	46256.8359375	39927.46484375	25513.81640625	42745.18359375	23384.677734375	37497.70703125	32502.0625	26897.60546875	31993.4765625	30725.5859375	20528.21484375	36483.125
O32583	63354	93638.203125	60622.49609375	27164.537109375	98775.9296875	64151.546875	116478.828125	107410.0625	45645.578125	90195.28125	23549.14453125	235093.546875	96559.9609375	84490.203125	41326.484375	40471.5078125	47703.67578125	47380.43359375	62297.52734375	46065.02734375	44214.97265625	36144.296875	52300.6171875	41793.44140625
P00350	6716289.5	7189380	8369894.5	8132007.5	8397948	7692975.5	6902692.5	7481620	7648699	7532529.5	7439422	6077602	7478016	7505708.5	8149496.5	8405868	9304721	9245709	9157715	8497288	8072009.5	8307172	8891987	8169581.5
P00363	1831288.875	1971559.5	1945528.25	1693179	1733344.375	1698645.875	1095241.125	1412759.5	2108962.25	1401217.125	1418270.125	1257602	1350419.125	1599408	1708076.125	1378182.375	1519929.625	1607993.5	1270456.5	1476328.5	1431440	1740935.25	1561382.875	1363378.625
P00370	5070388	4814768.5	8204746.5	7362718	5390967.5	5144726	4184950	5297400.5	6416301	4418141.5	4354443	2993142.75	4355291.5	4430061	8330951	7362237.5	7567939.5	5822809	6599549.5	7344354	7890741	9584124	5473378	7611377.5
P00393	1109469.75	1221372.125	1121143.5	1185761.875	883368.8125	1007983.375	1113244.125	892555.8125	651491.5625	970611.0625	1022889.375	757729.8125	1074530	925276.875	1084988.625	1066474.125	997293.75	809244.4375	1073933.625	968493.3125	1165100.875	1184165.75	927256.125	1074832.625
P00448	16965750	15287016	11935415	11448092	19366886	14308368	25905050	25644472	23530602	23665862	19942254	37578756	22111090	25869578	13451665	11346686	13497845	15625991	14257911	16657160	13404878	11547280	17125914	14019856
P00452	812761.5	849124.1875	686983.375	733853	686600.9375	817838.6875	916511.5625	662494.75	511474.59375	721193.875	780759.625	571250.625	833146.375	663145.8125	681532.25	700663.0625	706943.6875	521437.34375	795332.625	652423.8125	749748.0625	684202.125	629805.6875	718962.8125
P00490	804622.125	863875.8125	1386823.875	1442693.25	777868.25	817691.25	1011450.875	800009.5	613425.375	813239.125	814004.25	590365.1875	824291.1875	779952.4375	1361665.125	1242333.375	1311495.375	1152590.5	1239617.25	1444024	1375770.75	1400198.875	1364629.75	1428930.75
P00509	7784770.5	7718021	6282597.5	6256335	7163523	9079368	8519476	8061798	7118157	7637018	8737157	7674278.5	8468039	7791297	6631165	6833939.5	7198199	7101775.5	7453880	6565521.5	6967163.5	6592693.5	6748650	6919501
P00547	2516744.5	2408774.75	2114806	1919639.625	2204076.5	1893257.625	2661005.25	2428414.75	2765143.25	2210774.25	2272093.25	3444845.25	2039906.375	2668744	2054540.875	1931246.25	1904093.875	1911917.75	1806714.125	2042960.75	1843962.125	1915876.625	1882521.75	1797520.375
P00550	594236.1875	553794.0625	419019.78125	481090.59375	541872.875	569161.875	677569.625	613457.25	617270.0625	619952.5	551492.5625	394499.34375	557992	597588.8125	413655.78125	444095.03125	416427.09375	482933.875	419553.03125	457755.875	449699.96875	400823.59375	496649.15625	424277.90625
P00561	15118306	15946900	12072372	13574470	13485930	14401600	18287240	14621514	12683526	12506461	18303506	12817116	15258271	14413481	11927499	12533777	12893405	9413889	13246911	12381941	14413720	13368688	10586880	13370604
P00562	761370.0625	743216.75	1119668.125	993696.8125	946924.8125	953793.625	635556.875	618511.0625	853038.0625	705764.875	756653.75	625993.4375	714119.75	624924.0625	1088458.375	1051885.625	1004237.25	863192.1875	1026299.5625	892792.25	1042351.375	1127078	921831.375	1041445.125
P00579	1247347.5	1273151.875	1370906.375	1476224.75	1432846.875	1480636.875	1422824.125	1365556.625	1339303.75	1379694.875	1377250	1091126.625	1313503.875	1298595.625	1378497	1484478.625	1402967.125	1526062.125	1506251.125	1384951.5	1456899.125	1417982.375	1310478.625	1504302.375
P00582	445506.6875	469561.03125	447754.6875	424805	428483.75	499200.8125	513815.8125	485035.65625	439967.34375	482444.8125	477668.4375	362948.03125	446913.9375	464949.9375	413618.5625	406248.21875	427962.03125	421017.03125	431122.96875	420864	414773.65625	400579.25	439647.84375	424731.09375
P00634	101786.1015625	82425.421875	96571.4609375	67533.9453125	109651.0390625	81550.4140625	111433.515625	127519.953125	154809.578125	109850.109375	115995.3828125	249690.71875	114052.2890625	116677.234375	96061.015625	86676.140625	84998.6796875	110803.6484375	82533.640625	95784.734375	82518.0625	67299.3125	91596.5390625	77160.1484375
P00722	25604.4453125	20521.396484375	23513.115234375	14520.1240234375	26475.017578125	30530.474609375	21124.443359375	20092.904296875	22812.484375	20245.21875	33148.83984375	179952.78125	24613.955078125	22980.859375	16929.244140625	16427.14453125	12044.85546875	11397.51953125	13745.12109375	12506.8427734375	20073.40234375	21901.71484375	15309.7451171875	16489.19140625
P00803	504688.59375	508553.28125	541900	570464.625	661420.9375	499504.65625	546360.0625	632617.9375	788978.0625	624110.1875	495304.4375	379937.28125	488043.25	593355.375	521151.90625	493658.125	503318.4375	612663.75	494032.9375	536280	472734.15625	479471.3125	585979	450497.8125
P00805	1380827.375	1182140.375	750684.1875	527964.8125	1890058.625	1357013.125	643794.4375	2021770.875	4213528.5	1648482.75	1312296.25	2256809	1256515.375	1708127.5	739478.5	506094.28125	541048.875	844430.8125	320797	641600.75	461794.40625	670756.25	759317.375	477539.21875
P00811	200514.953125	199007.1875	203912	206817.765625	263125.3125	229195.640625	219790.3125	249541.1875	300090.59375	255552.953125	243412.984375	319798.5625	222844.46875	254833.578125	206965.765625	209795.265625	222737.0625	270725.03125	197175.375	215575.296875	205392.96875	187342.296875	236230.34375	202435.421875
P00861	238275.671875	212583.09375	259355.125	284253.375	226393.03125	267662.0625	212421.125	230524.6875	199576.765625	208028.40625	245958	235504.09375	214307.75	168342.359375	256896.5625	265448.4375	317525.625	217538.265625	323531.0625	240355.53125	342308.875	316717.21875	230553.3125	297689.53125
P00864	8653014	9214384	21762784	21846018	8479649	8321016	8288545.5	7435497	7047171	7726037	8085393	6028961	8090475	7614619	20093916	18644100	20260542	15693952	19547882	19609738	20287092	21749218	20207724	19890830
P00887	755463.125	776307.625	866278.625	753403.75	876119.75	815591.875	706122.5625	751761.25	820044.375	776932.375	728827.1875	584331.375	787708.6875	728922.9375	855905.8125	757673.0625	849924.375	785061.5	776911.5	781486.75	747426.9375	829822.875	859975.4375	732113.9375
P00888	803696.75	845671.8125	588991.375	428923.28125	826944.0625	892145.625	940105	885055.875	730092.625	948083.625	788812.5625	919884.25	803538.4375	839308.875	531270.125	477755.46875	482367.375	574616.5625	461956.6875	408689.25	380504.15625	451313.71875	576469.1875	411249.1875
P00893	1295773.5	1290908.625	1733031.25	1839632.375	1137582.875	1262125.5	1297147.875	1201765.75	948455.3125	1244688.625	1212101	862705.1875	1266033.5	1200490.625	1657948.25	1606136.5	1796295.75	1342708.5	1765969.5	1714956.5	1705899.125	1722529.375	1830070.875	1621084.25
P00894	381346.65625	345941.625	451000.21875	483941.5625	368232.25	438926.78125	376922.40625	359744.9375	258084.578125	336883.5	421253.9375	631803.5625	393496.40625	328633.84375	460323.59375	523918.375	492509.1875	444661.5625	530527.9375	440650.5625	506712.71875	500973.65625	457765.5625	526169.9375
P00895	1262683.5	1395117.25	1440363.75	1418356.625	993955.6875	1145420.625	1349084.375	999661.0625	832208.875	1062140.625	1079311.25	935072.4375	1114342.625	999834.875	1338374.625	1259976.75	1431345.625	1047058.3125	1464474.5	1261784.5	1317145.5	1386971.625	1285701.625	1253902.375
P00903	NA	6827.48876953125	11642.703125	8981.37890625	8513.646484375	NA	NA	9269.5791015625	13525.7685546875	10361.3486328125	31352.033203125	100213.4453125	2927.92700195313	11058.560546875	9984.5634765625	2728.890625	8827.3115234375	9630.71875	7492.30419921875	7096.75244140625	8188.9853515625	12012.8173828125	12675.701171875	5836.775390625
P00904	933321.9375	956917.1875	1226563.625	1127006	796290.9375	879591.5	1121721.625	876196.875	781967.0625	950245.375	856014.875	660944	881441.9375	852111.125	1082359.375	982142.0625	1163261	971412.75	1071944	1052578.375	977987.9375	1015555.375	1178571.125	1009032.3125
P00909	1465280.875	1472652.75	1652556.875	1526610.125	1324641.875	1676377.25	1862198.5	1308045.875	978122.75	1437784.75	1622340	1768258.375	1441967.5	1305242.875	1446882	1585158.5	1671199.25	1443082.125	1704529	1469094.5	1532159	1565648.5	1496514.125	1579653
P00914	49673.78515625	49624.40625	54608.046875	54052.40234375	53192.28125	63420.734375	76264.9140625	74078.25	59423.265625	59685.39453125	54659.1484375	38786.5859375	44898.19140625	63151.65625	55189.33984375	56491.16796875	50183.56640625	64715.234375	57645.07421875	62705.91796875	48802.72265625	46380.671875	54990.703125	45343.76171875
P00926	93408.5859375	85790.5859375	128113.9765625	127817.234375	94958.1796875	108896.0390625	102152.0390625	111489.0234375	106898.2734375	102031.9921875	111876.984375	103832.765625	111420.6953125	113387.359375	127442.21875	128109.2578125	134315.015625	154909.125	131082.40625	142207.40625	133094.015625	132308.875	137328.5625	134337.765625
P00934	9201479	9407524	8036164	7767609.5	9642687	8320034.5	11732238	11834505	12984794	9778510	11132860	12205195	9651193	11746364	8326457	8043445	7474887.5	9496653	8062641.5	8242560	8134940	7886139	8263201.5	8095921.5
P00935	1365952.25	1347329.75	1466479.75	1337984.875	1561224.625	1417911.375	1139846.375	1283432.125	1611418.625	1240158.125	1206077.875	1004059.1875	1251497.75	1271095	1408125.25	1518805.625	1316885.125	1411695.625	1395055.375	1230105.375	1340288.75	1463984	1210791.75	1410509.875
P00936	157146.421875	160186.953125	259036.734375	268761.46875	72283.4296875	108047.96875	133502.546875	103555.8359375	71107.71875	104620.2890625	114099.7421875	112008.2421875	126211.0859375	108274.9765625	213129.921875	229184.828125	255535.015625	142987.015625	288233.625	239717	297222.03125	286690.09375	195696.390625	261383.46875
P00944	58882.46484375	54301.9765625	26696.259765625	38513.3515625	54317.0546875	42830.38671875	53517.2734375	41905.015625	50288.71484375	34009.12109375	35060.625	44489.38671875	48795.0859375	50300.13671875	44946.87109375	45606.33203125	41224.78515625	44189.87109375	48983.88671875	47664.0390625	31958.275390625	50804.32421875	37523.125	63377.4765625
P00946	1446571	1305453.875	1316071.375	1136345.75	1511964.125	1471632.375	1246957	1521080.125	1880239.625	1427106.5	1302183.625	2235970.5	1379116	1390414.125	1177381.375	1056195.75	1105228.625	1325391.75	987965.4375	1121275.125	1027413.25	1120902	1217508.375	980625.125
P00954	1041599.6875	930776.25	1274058	1227115.5	1052656.5	1027617.75	1051219	1105803.375	1132387	1065183.875	1010337.4375	1026914.5	1002773.25	1102773.5	1218604.875	1192399.5	1286332.875	1415661.625	1266746.625	1276614.125	1227865.125	1221299.375	1324194.5	1224945.125
P00956	6127509	6117064.5	5241586.5	4931200.5	6694151.5	5620743	5016641	6014054.5	7386167	6214575	5411847	4341056.5	5524185.5	6491337	4886002.5	4544017.5	4789748	5158041.5	4552749.5	4859267	4375988.5	4639634	5175281.5	4556473
P00957	3325284.75	3536096.75	4236574	4208252.5	3567583	3534447.75	3429635.5	3508372	3789651.75	3487917.25	3283526.25	2566234.75	3289762.75	3501973.25	4151971.5	3948233	4015733.75	4270869	4040141.75	4201735.5	4008640.25	4032855	4487277	3902160
P00959	3366982.5	3329181.75	3993915.25	4110650.5	3510696	3695041.5	3170243	3123618.75	2958674.25	3232730.25	3363599.5	2651586.5	3215535	3344824.25	3865976.25	3971132.75	4163437.25	3382285	4345705.5	3881286.5	4196344.5	4219366.5	3880787	4206631.5
P00960	1311512.75	1247719.625	1098600.375	1219227.75	1006328.625	1203628.875	1089804.25	834177.8125	730232.6875	955976.5625	1244952	1259507.625	1260957.5	966272.875	1112797	1186553.75	1160396.375	767935	1333299.25	1013670.5	1331020.5	1281568.375	942780.75	1308844.375
P00961	3751615.25	3660916.25	3933009.25	3873815	4020127.25	3836016.25	3668825.75	3836186	3648381	3977197.25	3756702.75	3471580.75	3809773.25	3938368	3749696	3655494.25	3820190.75	3759481.75	3890049.5	3942814.25	3779402.5	3858621.5	3966647.25	3831146.5
P00962	1022920.375	1091967.875	1276726.5	1275680.875	977586.9375	1013495.0625	933614	950860.5	977218.875	996625.625	938434.8125	668189.625	1028291.4375	1030254.25	1200478.625	1205430	1291183.75	1151534.75	1312732	1245943.625	1213240.75	1217910	1251137.25	1260780.75
P00963	1046279	1122626.375	1582316.625	1453636.625	1000019.75	930434.0625	1003100.6875	1007149.125	1311592.125	1025767.0625	907718.875	977934.625	1007086.4375	1004111.125	1423514.375	1259922	1427338.25	1555054.375	1298142.5	1085532	1188836.625	1203695.25	1364914.5	1413868.25
P00968	4297012	4511756.5	6715895	6525784	5098109	4961122	4895611.5	4927278.5	5167505	5294496.5	4493896	3211299.5	4640285	5046799	6323403	6507239.5	6584959	7673357.5	7287441.5	6617755.5	6143541.5	6243014	6858020.5	6670905
P02358	8349958	7815650	11239691	9340928	8854667	6805058.5	6928876.5	8968459	11727319	9016871	7897986.5	17941186	8137204.5	8201962.5	10040401	9907070	10583951	12373808	9260367	9974704	9236812	8850090	11098909	10366938
P02359	11063781	10920563	16250159	14956549	12707092	12240654	11320560	12906068	13475563	13080766	12071245	16778972	11592293	12618913	15567852	15946408	16296204	19461828	16218977	15586519	14697268	14692290	18198592	15487301
P02413	12001909	9436674	13710661	14552363	12653473	15648005	12093921	10644140	12530978	12725111	13900836	10466536	13047639	12463993	15801351	17207596	16196507	17731234	17452042	15238821	16316228	16506040	15023971	17602596
P02916	39115.2109375	42266.921875	77930.4140625	76047.1953125	30391.00390625	33771.14453125	77921.1328125	51160.59375	35990.453125	48746.015625	41073.14453125	17209.0078125	39178.23828125	47672.66796875	84800.6484375	56976.19921875	51371.9765625	82364.265625	41545.03125	84632.9765625	70402.1171875	72139.265625	91371.7578125	65150.70703125
P02918	116246.546875	111824.5859375	126261.2578125	121550.546875	134560.390625	133978.0625	141411.25	128601.265625	141595.75	133147.953125	127617.3203125	92933.546875	112245.875	138395.796875	114547.71875	119628.0703125	113048.4921875	138812.609375	119093.0859375	128286.0390625	118455.703125	115415.3828125	129572.71875	121880.859375
P02919	584576.375	546404.6875	532211.625	482536.125	677659.5	628736.6875	628088.1875	679811.5	767053.5625	693722.3125	583807.0625	427458.125	601786.625	677872.25	489569.25	500645.6875	489184.125	589980.25	501909.75	512738.5625	486672.53125	461293.875	548368.4375	491266.21875
P02924	201206.40625	194551.34375	34890.8125	41177.7109375	332872.03125	232177.171875	220121.15625	251020.90625	539974	272398.875	221860.609375	412827.78125	207653.453125	256561.078125	30446.205078125	46752.19921875	27657.875	67381	29015.189453125	41910.13671875	32983.69921875	36614.18359375	45463.98828125	48966.62890625
P02925	5426354	4669340.5	1271567	904893.3125	6238405.5	4437353.5	5819089	6362599	8296545.5	5986310	5921363	14233403	6076084.5	5683260	1213785.875	1286487.125	1023763.6875	1467284.625	1026582.6875	1158826.375	1104768.625	956313.9375	1195295.75	1089230.125
P02929	178049.59375	182515	195098.21875	222026.65625	121956.4609375	171141.25	253826.65625	183937.21875	69557.3125	172650.5	198232.890625	248167.390625	209436.34375	145791.5625	197137.28125	198451.734375	208651.0625	152654.171875	275805.28125	203877.71875	293928.71875	232174.90625	134826.8125	307790.34375
P02930	2776522	2447860.75	2637212	2367412	3149117.5	3078220	3042618	3183437.25	3644157.25	3215817.25	3115252.5	5888992.5	2837793.25	2999946.75	2746839	2918573.25	2742462.5	3509757.5	2806113	2852112	2736284.5	2427677.5	3075068.75	2696260.25
P02931	46052656	37273748	18235138	17809444	43058236	50441952	41294412	42262240	39885152	43905948	56537028	130492136	31907662	39860776	10805124	18208194	10419997	20731416	20735596	18121064	16211374	8043148	14802837	16428208
P02932	14383.7783203125	35895.68359375	27274.529296875	NA	31236.572265625	29373.724609375	23401.216796875	31452.66015625	NA	14784.107421875	17009.810546875	31679.37890625	14085.9375	29721.44921875	11810.0009765625	33376.25390625	23331.798828125	24258.19921875	30280.16015625	59093.05078125	30815.375	17075.451171875	NA	55097.74609375
P02942	16442.919921875	11593.8515625	NA	9855.5693359375	11441.634765625	12766.685546875	19999.18359375	30765.015625	17383.921875	15527.216796875	28434.435546875	19698.603515625	15870.1474609375	26777.33203125	NA	NA	NA	5868.0810546875	8048.3349609375	2123.81372070313	3501.95727539063	NA	6473.0283203125	2396.78515625
P02943	166320.359375	218299.65625	94661.9296875	139683.28125	149174.015625	68694.609375	1009314.8125	264769.1875	82303.3671875	90034.140625	244075.71875	1551959.75	117040.7734375	108259.6796875	85476.0859375	110995.2109375	68689.140625	128933.2734375	98311.6796875	109327.1796875	143118.21875	71393.078125	91873.1875	108417.6796875
P03004	1116183.25	1104211.5	869630.1875	1001819.1875	1032920.8125	1200379.625	1003434.125	888951.625	687048.125	889714.3125	1031417.8125	774825.9375	1054505.25	904001.0625	924979.6875	952018.0625	946843.5625	670681.625	953292.8125	882214	1020889.9375	1016413.75	798993.0625	1020357.3125
P03007	38154.984375	95006.875	49568.35546875	52148.95703125	49742.4765625	39165.42578125	76682.015625	36011.78515625	34024.56640625	34365.15625	35364.9765625	25907.41015625	51629.83984375	21989.26953125	60970.97265625	42814.3515625	55221.46875	24926.72265625	37728.890625	25821.27734375	26353.701171875	42069.25	34965.95703125	39989.72265625
P03018	365741.4375	359760.84375	316461.125	349852.65625	332921.09375	333771.65625	326606.65625	330999.65625	320158.03125	312954.25	292579.09375	205796.765625	328935.65625	302228.0625	288987.5	294238.40625	311209.09375	250997.90625	299372.71875	286774.8125	296014.53125	298306.5625	301725.59375	294962.34375
P03023	115282.1796875	125271.7109375	104571.6015625	117382.6484375	137957.53125	132329.734375	142491.234375	145772.78125	124917.1171875	143396.015625	129607.90625	123104.28125	125146.7109375	135612.96875	108890.3125	116311.5625	105425.4453125	104523.75	111504.8828125	110483.7109375	112315.5078125	97845.5625	92620.09375	110628.8203125
P03024	586544.0625	549972.75	719570.8125	692807.125	578705.4375	389992.0625	613339.6875	524364	686298.1875	540934.75	399179.0625	450281.0625	543822.0625	547023.9375	556612.9375	699952.3125	611121	640058.6875	582165.0625	582799.625	612932.0625	601625.5	607961.8125	598717.125
P03030	3092.7822265625	NA	NA	NA	21247.01171875	21420.025390625	8127.70458984375	10837.7880859375	8450.2734375	NA	15450.1044921875	4186.2021484375	8687.2373046875	9703.0986328125	4908.8310546875	10686.470703125	5973.33837890625	10312.9443359375	8429.5302734375	5567.5927734375	8446.681640625	6175.5732421875	NA	8384.8359375
P03813	112272.2578125	132797.578125	94784.7734375	108434.921875	108364.4921875	102854.0625	119101.2890625	123629.40625	94104.359375	106448.3671875	99509.3203125	127164.1875	104790.671875	110263.8984375	78816.265625	88685.140625	103796.9765625	78885.5625	90817.46875	95414.171875	95440.5234375	84712.6015625	103880.4453125	83899.9140625
P03817	534720.6875	521062.53125	499805.46875	418591.0625	514946.40625	425746.6875	449988.46875	444263.0625	601416.375	454520.5625	566041.0625	1142625.75	448247.125	467210.09375	439479.15625	468880.46875	363481.25	444279.28125	477644.625	386846.46875	400930.03125	345115.875	341341.75	367322.71875
P03819	60612.0390625	64323.89453125	64152.9375	72170.2734375	56703.48046875	42579.85546875	65798.4296875	49865.30078125	49444.37890625	40264.51171875	57709.14453125	52623.66015625	55588.98046875	41581.16796875	50991.65234375	49522.21875	60277.390625	51271.11328125	57938.84765625	63293.3046875	57288.28515625	62302.859375	55524.546875	53582.421875
P03841	332652.53125	316254.96875	423394.09375	360688.4375	394884.9375	353408.03125	623996.8125	451056.90625	419505.1875	426927.625	472727.6875	946293.5625	393062.90625	424570.53125	512576.34375	395440.40625	314200.78125	607353.75	265426.625	486263.78125	413615.4375	423220.1875	470088.125	429935.125
P04036	1668563.125	1546113.125	3839570.25	3426665	1751827.875	1550946.875	1328007.125	1442353.25	2335416.5	1394741.375	1436709	1785179	1305745.5	1364920.75	3554633.5	3291714.25	3724449	3650040	3085499.75	3739632.75	3567144	3713439.25	3704580	3334217.25
P04079	1615230.125	1772964.875	2097071.375	2276903.5	1436550.125	1693847.375	1509138.875	1213972.125	1016768.375	1328942.625	1577723.625	1266647.25	1559167.5	1300528.375	2023087.875	2079445.375	2256669.25	1441649	2452180.25	1963637.625	2454467.5	2397583	1790268.5	2422857
P04128	329180.28125	201464.75	126990.453125	145406.765625	155328.90625	646918.625	87181.21875	186554.609375	133426.015625	124552.890625	477559.5	377950.375	242903.6875	124944.6328125	71383.40625	337475.46875	210409.515625	336305.9375	264327.125	125023.8203125	224765.484375	63386.36328125	93293.3671875	218999.625
P04335	493721.75	476345.09375	467182.25	482345.09375	514768.15625	494205.78125	479032.375	439956.0625	401488.53125	449678.875	464409.6875	378202.46875	462466.5625	472074.84375	443321.375	454471.875	438642.3125	369738.46875	418989.6875	453219.84375	435491.5625	471305.28125	414744.875	435229.0625
P04391	2205396.25	2117060.5	2916324.5	2572976.25	2726662	3207715.25	1782011.875	2115840	2735116.5	2550460.5	1899828.5	2113241	2061571.375	2112551.25	2840465.5	2746828.25	2751263.25	3272912.75	2459685.25	2616848	2479700.75	2723307.75	2586991	2808079.5
P04395	35080.640625	36295.328125	27051.291015625	31682.248046875	34643.94921875	30212.3359375	43092.66796875	31689.294921875	43751.828125	49278.08984375	26347.37890625	27139.88671875	35469.47265625	28875.208984375	21130.64453125	30175.359375	29401.357421875	18061.623046875	26655.23828125	21583.10546875	25718.505859375	32404.81640625	27209.9765625	22285.962890625
P04425	743221.0625	714154.6875	658500.5625	728090.25	547028.5625	588030.375	596887.5625	519703.75	480047.5625	512020.8125	567716.125	641541.3125	552272.875	541438.0625	656303.25	622533.8125	710994.4375	574947.625	703302.5625	664051.0625	733148.6875	670943.3125	634796.5	654336.25
P04693	1557596.875	1571922.75	1559674.25	1555069.5	1285847	1522353.375	1703569.875	1344976.5	976653.6875	1335814.375	1515080.375	1107343.625	1545683.5	1381074.25	1590706.625	1609064.375	1585994.75	1334581.875	1752600	1456041.25	1685859	1513679.375	1463161.875	1546105.75
P04805	1497937.5	1632651.875	1538186.625	1506914.625	1680008.125	1539109.875	1499661.125	1557896.625	1530913.625	1585393.625	1524400.5	1549728.5	1475641	1542960.75	1448417.5	1357404.875	1469588.375	1401356.75	1455995.375	1363101.75	1358745.625	1384575.75	1561405.25	1380646.5
P04816	8011865	7589372	9781872	8471040	9228932	9292279	7880625	9595222	13837833	10013174	9511264	15632339	9849742	10341006	10178412	9415674	11026843	13220556	9996750	10913120	9358909	9246808	12983613	9203894
P04825	3449603.75	3919869.75	2890548.25	3113217.25	2910947	3482535	3858870.75	2923825.25	2172711.75	2938984.5	3258772.25	2678973.5	3419531.75	2971581.75	2606158.25	2680177.75	2944562.5	1865023.125	3099237	2691865.75	3013850.25	2948112	2501825.75	2900096.75
P04846	1183917.875	1185715.5	1809765	1383338.625	1199072.375	1065667.375	978250.4375	1377887.25	1784046.25	1284166.875	1035630.625	1932665.25	1105994.875	1253730.125	1771075.75	1530747	1549329.625	2111944.75	1343776.625	1562612.25	1370708.375	1580892.375	1693982.75	1325746.375
P04949	832416	941020.875	32720.015625	23954.41015625	409234.375	417839.96875	990935.25	2836042.25	335710.25	694275.5	1948383.625	2401095.75	1094879.125	1911320.375	28597.5234375	25038.775390625	61132.55078125	97871.84375	67216.0546875	35800.09375	25478.744140625	39358.21875	126497.71875	40544.36328125
P04951	1171927	1129408.75	1001924.5	1215233.25	868499.875	1189115.375	1016704.125	730662	746266.6875	771566.75	1067319	1373822.75	987128.75	765400	1049816.25	1200925.125	1170927.5	1075178.5	1295417.25	980130.6875	1197155.625	1037927.75	908429.875	1195203.5
P04968	2757582.25	2619328.75	1411535.375	1349574.875	2822073.25	2607300	1701080	1973615.75	2509989	1956321.625	2425126.25	1828568.5	2093392.125	2050464.875	1292018.625	1225154.375	1181622.375	858380.4375	1131537.375	1086693.75	1285074	1488108.875	1067358.125	1186753.625
P04982	301855.03125	295472.8125	73023.1953125	61994.73828125	298080.34375	253726.984375	299644.96875	333084	363932.3125	328602.125	329995.46875	818726.4375	281631.65625	321931.71875	62073.76953125	74656.8046875	62750.1953125	70132.65625	55500.2890625	73396.1796875	63361.5703125	62110.828125	57049.5390625	49032.44921875
P04983	65358.84375	68988.9765625	36299.5390625	20847.56640625	70244.03125	70451.1171875	74111.3359375	70897.1875	65592.34375	76131.234375	67521.2890625	54990.703125	67134.4140625	63463.91796875	21980.669921875	21172.26171875	18622.478515625	21622.787109375	19339.59375	21112.935546875	21870.119140625	23915.60546875	22591.62890625	22756.908203125
P04993	161363.484375	177739.984375	170264.03125	167530.140625	146014.75	170337.359375	181906.109375	193643.453125	154944.40625	159111.4375	164731.828125	102934.1796875	155175.90625	171153.625	150509.234375	157405.484375	138608.03125	157231.171875	160052.078125	162699.765625	123317.2578125	138114.578125	174659.484375	145314.90625
P04994	227347.734375	207349.015625	236594.359375	247963.65625	227472.078125	235904.40625	226483.46875	199335.390625	206274.578125	226297.546875	205027.375	146508.75	203640.078125	187814.46875	210994.46875	244160.0625	228289.75	228700.40625	246909.25	236623.859375	236383.578125	216838.578125	246403.09375	223404.875
P04995	257495.96875	241198.109375	206285.359375	211670.734375	216762.359375	221757.734375	212904.953125	203437.515625	217337.28125	204342.359375	233033.40625	210587.625	210213.765625	211884.125	177110.03125	178912.3125	182216.453125	165728.84375	167242.078125	181242.34375	191696.3125	198933.65625	166427.84375	194689.96875
P05020	4508082	4401048	4501973.5	3786044.5	4919992	4379540.5	5071267	5239163	4739597.5	5239850	4512798	7144025.5	4564625.5	5141441.5	4430030.5	4213637.5	4250706	4771886.5	4138509.25	4422990.5	3895021	4174440	4742663.5	4049925.75
P05041	60858.0625	56060.30859375	78197.515625	83533.9921875	59187.0859375	61007.1796875	76846.0703125	74411.265625	66513.5625	75268.6796875	70899.359375	70613.921875	63848.99609375	59239.171875	68736.1875	76635.109375	75228.0625	62137.515625	68580.1015625	72653.171875	67527.734375	72054.4921875	72192.328125	73710.5078125
P05042	622662	631817	280679.6875	227025.8125	761782.4375	652778.0625	662525.3125	632335.1875	813080.5625	723394	580560.1875	567488.9375	625549.875	667921	248709.09375	261632.640625	267463.46875	279139.25	293733.9375	251820.75	228111.484375	210856.28125	332183.34375	216621.625
P05055	6213179.5	6199320.5	6600949.5	6981809	7032405	7832720	7009445.5	6893251	6112320	6955797.5	7157789.5	4463991.5	6704495	6654135.5	6917604.5	7174401	7001752	7022327.5	7471891.5	6472848.5	6855036.5	6822492.5	6966817.5	6814016
P05100	16173.892578125	21582.857421875	18018.599609375	16290.4208984375	11696.7099609375	19210.90625	24998.15234375	20716.251953125	10111.9345703125	20950.162109375	30124.5390625	46077.87109375	24091.482421875	20056.958984375	14924.46875	12785.9423828125	14083.740234375	20034.666015625	20413.8203125	14701.0595703125	13157.9052734375	14611.57421875	18188.861328125	16479.556640625
P05194	628277.6875	630938.875	569143.9375	608031.3125	645697.9375	612283.3125	576559.6875	609072.5625	610451.6875	583718.25	617507.5	983472.1875	556973.375	551785.1875	567003.25	580863	563411.0625	552459.3125	554852.25	585670.5625	611258.875	585406.75	579582.4375	575296.1875
P05458	211154.3125	224141.0625	246368.34375	245497.40625	205457.703125	184658.328125	248043.296875	263648.96875	334804.34375	253083.859375	209717.484375	240180.65625	195606.203125	247964.96875	233427.109375	227530.828125	227664.296875	283160.5625	222549.328125	260205.703125	215052.765625	216301.390625	262540.5	217354.765625
P05459	817455.0625	808814.75	818713.1875	832113.8125	828516.1875	804262.5	807539.375	839140.6875	848177.6875	824575.875	749931.1875	680454.0625	756368.8125	806299.25	817634.0625	774800.4375	813103.0625	801145.75	751631.3125	828444.5625	762924.6875	792319.9375	876928.125	749708.0625
P05637	128231.5	116186.71875	136798.40625	142670.3125	90129.65625	103384.2578125	133435.609375	108355.203125	81269.234375	119787.6171875	119154.0234375	142953.671875	118978.6328125	115305.1015625	130132.8984375	134349.5	119142.8671875	120579.3828125	127956.125	131144.390625	135872.59375	126929.1484375	124218.8046875	128446.34375
P05704	468558.59375	333792.34375	NA	238943.359375	303482.40625	260276.78125	373654.6875	493057.875	302796.1875	318495.5	554427.25	624495.625	412552.9375	463943.25	171988.96875	248565.546875	172118.03125	226083	106897.4765625	203414.46875	NA	194578.0625	197594.609375	237586.34375
P05706	65327.6875	41289.7421875	87371.75	71518.5078125	80666.4140625	59252.14453125	61895.97265625	32322.61328125	NA	50532.09765625	79361.671875	62011.13671875	51150.8671875	80697.890625	90902.265625	68827.96875	62028.79296875	98048.921875	56220.37109375	88614.640625	76369.3984375	63628.2890625	83474.6015625	67238.8984375
P05707	25220.130859375	14826.8408203125	35059.45703125	39158.734375	53480.60546875	55878.26171875	60025.84375	69882.6171875	65341.74609375	78607.109375	19758.0703125	31.1525440216064	38459.59375	87356.0625	23428.80859375	30185.599609375	36879.5078125	53475.25	30030.484375	51674.29296875	18240.35546875	55500.2890625	41362.19921875	26408.90234375
P05719	135423.8125	136545.015625	172323.5625	175434.71875	121539.2109375	165568.84375	129150.8359375	109933.953125	100718.7578125	112289.6875	157109.546875	112779.34375	137622.546875	115674.2421875	192224.890625	183564.140625	179151.96875	149012.484375	214417.046875	164143.3125	195025.5625	198571.15625	179903.546875	184664.125
P05791	3569870.5	3173847	2730932.5	2283541.5	4357127.5	3475666	2672534.5	3598890.75	5106648.5	3552020.5	3388352	4027312.25	2984071.25	3833972	2493352.25	2304136	2141854.5	2693359.5	2005395.75	2173652	2036213.5	2324956	2400293.5	2041128.25
P05793	13538077	15008677	30343764	34272164	13240375	14636022	18486184	13949095	12456129	14378971	15416323	11692662	16389254	15011997	31006764	30775040	34229468	28382526	35783276	36511896	36857176	32159496	32972086	37818164
P05804	80506.9296875	75280.9609375	16682.416015625	25912.0390625	84258.4921875	77989.3984375	94754.109375	74393.390625	55947.0390625	65152.0625	79910.5390625	NA	75099.5390625	80595.3046875	35083.8359375	28516.109375	17488.46484375	17252.1171875	NA	11135.78125	34691.75	29570.34765625	23786.47265625	32398.142578125
P05825	1220642.25	1161064.25	1361152.875	1702127	964682.8125	1051906.625	1862436.875	2612281.25	1834646.625	2090869	1360923.75	3893780.75	1779148.375	1816451.125	1877928.5	1434482.625	1769563.25	2013086.125	2440079.5	2449576.75	2835654	2216377	716422.875	3539784.25
P05827	63634.515625	75981.453125	52017.5859375	51833.796875	43650.62890625	60731.671875	67942.1875	42214.34375	50214.5546875	38596.484375	57901.828125	42259.7265625	53429.26171875	61649.88671875	46190.1328125	43865.0625	43384.796875	44511.44921875	45200.65234375	43891.203125	45941.390625	48744.41015625	39688.14453125	41276.1015625
P05852	421769.5	416911.59375	653412.3125	613057.5625	451629.875	399011.53125	414278.0625	486576.46875	468313.5	449828.625	376687.15625	285912.84375	425757.9375	444800.09375	561701.5625	505852.15625	568086.5625	548828	544655.375	535060.375	529836.5	524174.53125	603189.6875	448829.09375
P06129	793850.9375	766054	778891.0625	826834.4375	923901.4375	919213.0625	729315.5625	959869.5625	1170523.625	945700.25	870244.375	1603979.625	838893	943763.3125	817111.625	839522.0625	853234.75	1055373.25	961230.4375	894545.5625	816557.625	768842.6875	977327.1875	867632.1875
P06136	77442.3828125	87635.0546875	108014.2109375	96042.6328125	66503.8203125	62300.68359375	85186.5	84363.8125	88009.453125	94715.59375	72373.3515625	28664.39453125	74392.3359375	85234.296875	96694.3359375	93727.625	103680.40625	116658.140625	96047.3203125	103239.578125	88274.7578125	83885.2890625	117043.9921875	90484.15625
P06149	643061.5625	662869.5625	359437.84375	404575.75	606239.0625	730811.375	736254.875	579239.125	519643.84375	618854.125	678740.625	543364.9375	688803.1875	566985.4375	347574	384586.21875	414883.78125	332788.3125	436282.8125	351182.1875	399669.21875	376530.90625	367171.09375	411515.4375
P06282	84402.2890625	68698.5234375	139831.953125	132109.421875	106215.0625	98718.3359375	99516.4375	100218.734375	93713.3203125	108072.2265625	89181.3359375	101902.2734375	102746.171875	124159.046875	129245.1171875	121937.8359375	133519.671875	126173.765625	128580.6953125	131315.890625	126333.7734375	125836.5078125	136573.390625	131227.515625
P06610	1138246.125	1154643.875	1175720.375	1129875.5	1193861.5	1065811.875	1333712.125	1493945	1492972.375	1237740.25	1033700.75	2256100.75	1108837.875	1212566.125	1336373.625	1299387.875	1263955.875	1622663.5	1243727.5	1331316.5	1144768.25	1085309.375	1268979	1184437.25
P06611	90361.515625	103560.7109375	84706.0546875	91280.4375	72440.1171875	92605.4375	85946.921875	104356.875	74322.6015625	90394.4765625	90761.609375	80919.421875	77734.53125	87612.2109375	86730.7421875	87756.1796875	95093.7734375	95092.203125	83358.9765625	88377.5078125	96481.9609375	85666.6171875	91231.390625	83343.5546875
P06612	1777089.375	1858650.625	1908126.25	1959504.625	1677805.625	1921343.625	1956983.625	1803100.25	1634519.375	1730555.125	1747855.625	1378479.25	1751414.875	1819773.5	1782486.75	1821033.5	1799532.5	1780999	1901776.75	1861060.875	1843749	1795674	1850995.375	1912516
P06616	390392.375	460681.53125	442414.875	483452.15625	413093.40625	440233.1875	382861.90625	409393.03125	381239.96875	432415.09375	404914.625	346075.8125	415654.8125	407050.375	415100.1875	432037.75	464233.15625	405323.8125	440355.75	444739.21875	439077.90625	469116.46875	439164.5625	471758.8125
P06709	122499.0234375	102884.2890625	106001.40625	104670.4296875	89859.9765625	98778.015625	98342.0546875	87028.5	111633.6953125	86946.1640625	100571.984375	90775.71875	107841.1328125	94040.59375	97607.9609375	94809.765625	93750.15625	83773.34375	106917.140625	85499.5859375	101861.421875	97109.3125	92807.6953125	88685.765625
P06710	258774.96875	271895.125	235534.40625	268606.875	278169.71875	331221.375	269113.28125	221026.6875	241905.65625	233624.640625	281422.21875	249731.671875	275995.875	235034.078125	249084	270258.53125	251205.53125	181672.34375	267279.71875	225140.0625	261946.78125	271623.71875	231686.921875	268712.875
P06715	706253.9375	710784.25	571964.4375	655152.3125	595759.25	679144.9375	637615.8125	552915.25	480621.78125	518069.375	660420.75	611634.625	673009.625	541567.5	586622.5	644245.625	655994.5	579625.125	631595.5	576178.9375	660347.1875	649292.5	542446.0625	633646.0625
P06720	222611.046875	224381.203125	46641.625	63332.47265625	155961.015625	223835.609375	207518.421875	162591.421875	164975.71875	174423.78125	193683.21875	203531.8125	208693.40625	141729.453125	48444.95703125	49084.80078125	66291.21875	49231.796875	31780.380859375	60030.48828125	53310.24609375	50570.140625	56897.4140625	43917.1875
P06721	1029221.5625	968151	1095472	1039713.3125	1013985.9375	1118370.5	962374.875	1012076.1875	948235.375	1014565.5	1049015.75	801764.125	1060155.5	958105.5	1185737	1185545.875	1168568.625	1054975.125	1209139	1138257	1232115	1186843.375	1182548.375	1254434.125
P06846	157312.140625	163155.265625	179345.078125	162051.296875	172865.9375	163151.84375	186679.421875	167425.75	149873.140625	167086.0625	180406	141351.296875	157282.859375	185083.484375	137581.421875	153305.59375	143521.140625	154948.46875	172289.90625	138038.234375	150371.46875	151167.171875	160769.375	155704.09375
P06959	20773626	21703226	12037814	10488238	23396198	23759112	23208074	26893464	25176138	26499108	22290034	24827538	24093082	26570886	11761694	10779428	10877206	13703770	10848982	11311451	10660720	11736463	11750765	10864876
P06960	927800.9375	801167.875	1045134.5	991759.1875	1328914.75	1760602.125	840116.5625	928340.375	1068430.625	976038.75	890074.4375	895365.3125	893839.6875	1006065.0625	850575.875	1185226.125	1004737.3125	1327723.625	1338469.625	972880.1875	1013693.5625	1056188	849759	1496457
P06961	394195.9375	365985.96875	353047.40625	359742.90625	339432.75	385419.6875	407142.6875	339089.90625	331222.6875	322868.375	388998.09375	341563.0625	363085.4375	321639.09375	337107.21875	337356.5	348232.65625	318440.78125	351020	343162.0625	349160.46875	342566.6875	350694.03125	358953.53125
P06966	407413.84375	412506.8125	372767.53125	335748.59375	396221.1875	417508.5	357073.125	387098.03125	455649.53125	376614.625	373231.8125	611592.125	339925.09375	339425.34375	322473.40625	319624.3125	318776.40625	327336.15625	316685.09375	291256.5625	332204.375	322935.09375	323393.4375	316940.46875
P06968	838412.8125	673645.4375	787099.875	634264.75	1063215.75	880093.25	950714.0625	887304.0625	1154165.125	881219.125	1071856.125	1986285.75	935329.5625	897901.6875	917291.875	900955.75	688800.1875	1043062	671075.75	662078.0625	754247.625	783707.5	803506.1875	814070.3125
P06971	806149.375	719508	839373.375	785438.5625	832007	792004.6875	987936.5625	1063728.5	1045542.75	1116099	895750.6875	1916256.125	919165.1875	1021510.9375	794508.1875	856555.25	835312.25	1150642	889659.75	971295.4375	801341.9375	753033.4375	948393.8125	842640.3125
P06974	136048.34375	38574.7578125	NA	113992.046875	43283.2109375	59599.84765625	117441.96875	61495.55078125	68278.828125	54870.359375	62276.64453125	144761.828125	56813.3359375	29609.833984375	NA	NA	NA	NA	48604.12109375	195361.8125	81972.6796875	47374.296875	NA	62150.48828125
P06983	919928.9375	809643.5	844494	704328.25	1008185	864521.8125	886912.9375	1020046.375	1251323.5	995829.5	916409.375	1470179.375	876180	979184.75	930624.9375	814126.875	788382.25	927259.8125	695209.375	804533.625	738091.125	755685.1875	954713.4375	726302.875
P06986	1623871.5	1481786.5	2976055	3577650.75	1356007	1713433.125	1549055.625	1229173.625	1292979.75	1222625.75	1487558.5	2122652.75	1398928.625	1206100.375	3250272	3701902.75	3893596.75	2668248.5	4648268	2754566.5	3638493.25	3307226.5	2957116	3821546.5
P06987	1127787.25	1189500.5	2155336.5	2616127.75	910838.125	1043054.9375	1006776.875	883638.8125	801105.25	873569.6875	1005222.25	1168508.125	926372.4375	887344.25	2067316.125	2158827.5	2585428.25	1450380.5	2798625.25	1842242.375	2228251.75	2206720	1892803.5	2327834
P06988	1628850.625	1648686.25	3623329	3643026.25	1962187	2204345.25	1816129.75	1710268.375	2161675	1932196.375	1854883	2730360.75	1616491	1724428.875	3689474.75	4127510.75	4508416	4883449.5	4906189	3860083.25	3748904	3492361.25	4216850.5	4192201.25
P06989	115279.9453125	96736.46875	194607.71875	233368.109375	94979.90625	115546.4140625	87400.84375	92986.203125	76276.03125	93974.7421875	98597.1640625	209827.015625	97690.0390625	77464.796875	184729.640625	240179.078125	206034.5625	214276.46875	318283.28125	193159.484375	235122.96875	199109.34375	200100.5	245356
P06992	187048.453125	174426.765625	204518.75	209769.5	165854.53125	161649.75	201329.96875	187902.4375	168394.078125	190680	188152.5	225316.140625	207375.125	181319.703125	223241.203125	218172.234375	221899.890625	200646.9375	235292.828125	217780.5625	225439.609375	211507.484375	216946.34375	238806.359375
P06993	227487.359375	254074.78125	296615	304269.125	190006.734375	213315.6875	329830.5625	208895.78125	148045.9375	234053.375	246157.96875	154330.265625	237280.453125	225293.9375	265694.4375	224513.734375	258964.5	209286.890625	219977.4375	297972.3125	301844.9375	303424.1875	281949.96875	296589.5
P06996	96170768	92838568	48412236	46235592	86955048	132849608	133910120	103517480	65170848	61547800	151563936	383740800	82560064	84875472	37494820	68288864	38010352	86089752	97634968	78411080	78851088	38622108	38428948	85612704
P06999	745997.125	720530.5625	730760.5625	680481.3125	686371.5	718302.0625	781831.375	718263.75	797866.1875	710694.6875	675916.6875	1216324.875	682755.1875	748128.625	702311.0625	723431.125	672353.4375	826082.125	689936.25	785301.9375	736180.5625	682641.5	764060.9375	718701.75
P07000	124480.0234375	94517.171875	83095.28125	85961.0625	82065.7734375	129949.0546875	124002.8671875	97969.2265625	57022.62890625	57719.19140625	65102.1640625	26719.720703125	106087.15625	91189.4765625	53500.12109375	53469.4609375	62201.03125	45734.953125	59964.9296875	51583.63671875	52817.76953125	56441.09765625	54770.39453125	52668.26171875
P07001	2254895	2348378.25	3242814.25	3728265.25	2129048.5	2546205.25	2316014.25	1983610.125	1704877.375	2080554.75	2725509.5	1804993.125	2622520	2021801.625	3828975.25	3858629	4035849	3387887	4249260.5	3745169.25	4486892	4213483.5	3982215	4524168
P07003	2088009.25	2036397.5	1572768.75	1817738.25	1383300.875	1796944.5	2365653.5	1587134.875	1137627.5	1356437.625	2015679.875	1658546.375	1881603.625	1486544.125	1613524.5	1877747.375	1678244.75	1385975.25	1831144.5	1566248.75	2061668.5	1748295.625	1433693.25	1928659.375
P07004	1595792.25	1527872.375	1507904.625	1436995.25	1823068.25	1526425.875	1480786.375	1579683.75	1798304.75	1681350.5	1499768.375	1333910.125	1431085.875	1571163.625	1543226.875	1474582.5	1434566.125	1475599	1392192.25	1451631	1434768.125	1444125	1474071.625	1354569.375
P07012	2320268.5	2226920.25	2978257	2620658	3067712	2634946.25	2240664.75	2976254	3819398.5	3043000.25	2238777	3106530	2342699.5	2822827.5	2992268.75	2717588.5	2795034.25	3591651.25	2703039.75	2974455	2643943	2724208.75	3357370.25	2705665.25
P07014	4411779.5	4421993.5	722698.625	755840.8125	3512164.25	4117953.75	2925345.25	2954758.25	3202837.5	3535141.75	4216447.5	4823859	3911270.75	3548138.5	584176.8125	626579.125	811367.0625	560087.75	984361.4375	717743.1875	747496.25	573113.375	992804.8125	697887.75
P07017	288375.21875	232539.453125	23180.908203125	46293.1640625	201754.390625	181425.3125	428271.59375	742791.375	297506.9375	312505.9375	515109.90625	296993	408215.75	569585.6875	NA	46810.41015625	30594.76953125	72200.765625	53631.0390625	48930.15234375	34624.70703125	34137.69140625	92455.3359375	27260.794921875
P07018	19521.408203125	13049.56640625	NA	NA	3388.689453125	2540.5859375	18644.986328125	34165.29296875	17990.3984375	17695.42578125	34679.53515625	11937.6298828125	24683.333984375	34774.46875	NA	NA	NA	NA	5921.06591796875	NA	NA	NA	1956.02807617188	NA
P07021	11327.078125	8016.18603515625	20851.037109375	14305.533203125	11569.5419921875	10437.8525390625	11710.3779296875	13081.626953125	14044.474609375	10928.1533203125	12722.2099609375	25881.123046875	10917.390625	12106.3349609375	17683.18359375	20355.076171875	16195.28515625	22370.470703125	14941.40234375	11464.439453125	12837.5283203125	12160.662109375	18043.046875	13916.212890625
P07023	2075774.375	2353574.25	1206360.5	1184284	1582995.25	1893683.75	2534132.75	1668763.75	1198522.625	1760211.125	1921978.25	1575179	1944728.625	1549617.25	1099221.75	1148057.125	1140962.875	964525	1146236.5	861947.875	1052009.375	1209269.5	1074710.625	1137924.125
P07024	848943	796356.9375	657265.5625	604898.375	918429.0625	867093.3125	845232.125	1002191.4375	1141837.5	949697.3125	913389	1421267.125	909182.9375	941097.875	664102	650828	654735	763583.125	625042.3125	715507.6875	663407.6875	647910.125	722977.9375	672686.6875
P07102	123673.875	110354.171875	155439.125	149637.84375	118690.1015625	112494.1875	104072.7109375	117700.8359375	119770.2421875	108589.953125	126177.109375	191072	104310.265625	135146.3125	130118.109375	158948.078125	124308.6015625	148009.671875	96463.5234375	156709.359375	145764.25	163653.90625	130383.0703125	145229.3125
P07109	70147.125	68754.9140625	55683.83203125	67338.6640625	55870.87109375	74271.1953125	62657.6328125	61921.82421875	42649.44140625	56808.61328125	73764.7109375	47247.875	72487.7421875	55365.671875	62682.0546875	61298.54296875	66758.7421875	42815.0625	67804.0234375	56667.46875	59273.57421875	69730.609375	58583.09765625	57498.0859375
P07117	164741.75	182842.40625	125114.640625	148205.75	153410.921875	163024.765625	191873.828125	168405.46875	145183.640625	166740.640625	158974.453125	137331.703125	168379	148216.546875	105027.9921875	111352.7890625	133713.609375	128463.984375	143813.46875	115917.53125	94709.046875	100199.9609375	117780.5	128065.59375
P07118	3258144.5	3244022	3909388.25	3889336.5	3189293.75	3303925	3245281	3076948.25	2963401	3118587.75	3151410.5	2531161.5	3129198.25	3016111.25	3900190	3642844.25	3834519.25	3307151.75	3867305.75	3794129.75	3880440	3903418.5	3960282.5	3760068
P07330	NA	NA	NA	NA	NA	NA	9569.966796875	10857.8330078125	2548.50122070313	5023.3828125	7418.5009765625	NA	3282.59814453125	11902.162109375	NA	NA	NA	NA	NA	NA	NA	NA	NA	NA
P07363	267597.96875	147769.046875	NA	35226.76953125	80138.84375	77324.046875	101573.125	279043.3125	110561.53125	122437.6171875	141962.25	134532.203125	168925.40625	293941.625	58133.2734375	19085.52734375	41312.8203125	55980.69140625	53200.98828125	NA	47971.3984375	73734.0625	20195.634765625	39292.8828125
P07395	2898535.75	2768569.25	3367641.25	3450554.5	2651183.5	2709739	2616182	2493673.75	2481446.5	2572182.75	2742742	2232306	2668731.5	2602470.75	3338421.5	3332958.75	3388349	2976977.25	3448446.25	3226325.25	3381283.5	3429425	3197876.75	3436737.5
P07604	530319.9375	538144.3125	505890.40625	503229.25	464571.09375	472651.59375	530037.3125	465030.6875	433571.0625	455377.78125	504918.75	334413.25	453292.28125	487220.125	516784.625	480393.46875	486736.125	408429.21875	513286.1875	469844.5	508096.0625	515303.9375	489483.75	456290.8125
P07623	973930.875	983736.75	1383929.125	1446597.25	1095652.75	1023290.4375	867509	870564	869592.8125	914365.875	953550	935628.1875	867323.6875	851489.3125	1451449.875	1481304.125	1452944.125	1300583.875	1552216	1487907	1586649.25	1615425.875	1489836.875	1627769.625
P07639	467648.1875	419162.125	480347.1875	423555.21875	558006.75	495070.125	494605.875	553800.6875	570929.625	582667	476943.78125	398678.65625	496096.46875	541862.5	540917.3125	522540.90625	505330.4375	587035.125	464608.65625	533291.625	479362.09375	505699.5	528549.3125	483546.96875
P07648	108169.40625	103878.0546875	110485.1328125	116240.4296875	109723.046875	112054.40625	110008.0625	101468.6484375	94829.53125	102469.0859375	91294.21875	78945.9375	102573.421875	113395.6953125	95700.1875	97602.6953125	107724.0234375	70009.1484375	104467.6015625	96886.5234375	101424.921875	104609.1875	88375.8984375	98452.796875
P07649	48301.81640625	35345.00390625	74026.46875	65218.734375	59629.34765625	47811.59375	32149.736328125	43383.39453125	55269.8125	58818.97265625	41505.625	40602.39453125	46519.96484375	53237.609375	61863.32421875	68901	65037.65625	79582.5234375	60588.8984375	62211.328125	59937.375	59132.40234375	73638.15625	55300.296875
P07650	424208.25	424129.46875	461135.5	430788.375	478790.21875	484472.25	483916.9375	494282.1875	515269.6875	487887.1875	429041.78125	590105.75	436250.75	488691.90625	477927.21875	443327.25	459916.25	517648.875	418055.40625	498289.21875	445580.28125	475687.65625	471962.8125	431509.875
P07762	846224.4375	1040834.5	649466.625	728310.1875	791433.1875	899048.5	750267.75	740492.9375	782429.1875	692893.0625	778734.4375	581200.1875	841124.125	755037.25	514889.46875	523125.25	656895.5625	463696.25	583627.5	608380.3125	718035.3125	686548.125	574161.125	657977.5625
P07813	3263065.75	3166452.5	3741089	3698338.5	3223790.75	3372686.5	3099299.5	2925013	2906505.75	3069076	3036923.5	2488727	3106304.75	3138190.5	3578250.5	3531712.75	3555394.75	3428368.75	3778702.25	3503401	3694220.5	3747039.5	3653600.5	3765154.25
P07821	50365.93359375	63033.91796875	73132.6484375	79912.640625	30630.24609375	40628.671875	62346.015625	57877.80078125	44560.625	56625.796875	48912.65234375	46389.453125	51401.0234375	52365.15234375	63784.546875	50454.8828125	72222.1953125	68757.96875	78154.953125	77068.46875	78026.84375	67425.9765625	61847.0625	72737.4765625
P07862	892847.75	949442.625	1093151.5	992570.5	820310.375	863063.5	875839.5	854623.625	858200.1875	861491.0625	795668	1081644.875	821015.125	825041.5	1033406.125	954284.375	926138	973476.4375	982220.9375	960235.8125	992617.625	998677.8125	965269.75	901775.9375
P07913	473192.0625	475548.125	137304.53125	162655.875	449799.90625	504286.46875	394171.0625	442648	503278.6875	402723.125	495906.59375	332043.3125	356445.21875	399887.5625	130519.71875	162893.328125	163636.1875	111083.9375	165222.53125	163789.890625	164994.125	154477.375	135260.640625	158975.625
P08142	1578127.375	1590724	1596834.75	1487534.75	1785329.25	1476515.375	1532820.25	1606124.75	1599002.875	1784499.5	1382404	988338.3125	1525970.375	1644576.125	1702808.125	1512205.875	1568468.375	1732362.25	1507469.25	1624899.75	1409853.5	1362494.125	1865685	1396207.375
P08178	2131701.25	2446556	2208381.5	2250574	1490212	1838491.875	2261222.75	1686468.125	1370514.5	1672382.875	2077632.375	2349169.75	2026045.375	1856186.375	2127136.75	2198081.5	2181511.5	2045397.875	2108991.75	1943205.125	2230273.25	2223539	2084613.625	2121068
P08179	358070.3125	387269.78125	466419.28125	432690.21875	360472.5625	364734.6875	366748.84375	418888.25	360912.46875	388560.78125	344427.03125	509323.09375	386971.3125	424962.28125	452745.6875	404879.6875	460618.125	469559.46875	413744	457383.21875	389023.28125	434199.0625	528584.875	420237.46875
P08189	363363.71875	358824.71875	209776.953125	206001.15625	461783.875	527914.9375	251974.65625	591270.25	290260.0625	284169.375	509173.09375	1313217.75	312975.71875	313040	139871.78125	386455.03125	167444.890625	221129.546875	341569.78125	234381.09375	259095.203125	124481.28125	240344.21875	263299.5625
P08190	133897.71875	126935.8828125	80292.2734375	76810.2890625	79241.125	121581.09375	74720.3515625	143528.828125	78968.21875	94513.578125	137089.8125	241643.75	103190.8828125	96806.2890625	52383.78125	96147.15625	64298.765625	80862.0390625	89635.3671875	90313.609375	83063.796875	56525.06640625	76154.421875	83869.4375
P08191	160519.828125	178252.25	101202.859375	109677.828125	125079.265625	223218.84375	92181.453125	234600.96875	103392.6328125	90451.0703125	206297.59375	333085.0625	141887.59375	135432.359375	36089.01953125	147789.59375	65257.89453125	97298.375	115166.59375	84638.15625	133240.9375	37516.41796875	83790.6953125	97045.3125
P08192	827736.125	903233.0625	1135509.625	1051633.125	813478.5	922375.1875	910814.5625	709621.8125	607209.6875	756086.625	861605.375	677023.3125	877892.375	759257.9375	1052023.875	1112678.5	1094118.75	877423.75	1119823.75	970169.125	1080661.875	1073736.875	964811.625	1071779.5
P08200	49601852	47956900	29479622	29640916	48288064	54452680	48658112	49638040	47984596	54822716	49848128	44604476	52384088	53221432	27662564	26970756	34056624	28883064	36685808	32609678	31975260	29123910	34575904	32722572
P08201	40495.53515625	33091.57421875	158243.640625	129059.890625	15266.998046875	52685.515625	33658.28125	34382.73828125	28411.224609375	41617.21875	NA	42655.875	45286.90625	39208.359375	135182.21875	88881.9609375	109948.1953125	78365.109375	84012.6796875	127036.25	109627.7265625	120793.234375	93743.4453125	108680.03125
P08202	102294.4453125	93478.1953125	30790.1484375	26069.642578125	88363.3984375	108066.0390625	86997.2734375	70652.09375	60387.42578125	78086.7578125	96025.6171875	83976.515625	83739.96875	79893.578125	24150.2265625	26127.935546875	28091.650390625	26486.24609375	32521.474609375	23277.28515625	29721.82421875	25028.162109375	21637.541015625	30299.1328125
P08204	255771.1875	35865.98828125	NA	18156.548828125	225935.953125	180984.03125	172742.0625	157606.296875	262294.53125	81043.9296875	179747.28125	276431.4375	198747.53125	173037.671875	42669.52734375	238886.96875	185832.953125	200315.09375	57428.25	116602.859375	189811.046875	10705.62890625	61765.0546875	132634.890625
P08244	690712.625	656742.5	640371.125	653366.4375	578983.8125	576887.0625	615714	526166.375	460247.5625	522339.96875	627809.8125	816185.5625	640895.5	522034.78125	648877.25	689545.6875	652984.625	552867.0625	696606.5625	621118.5	706448.6875	694962.25	613907.375	679847.375
P08245	400509.5625	404232.8125	533409.5	384566.1875	550479.8125	359641.6875	393952.125	478198.0625	708480.3125	459424.09375	385085.21875	514622.625	406168.5	472661.6875	480023.65625	557374.625	487860.1875	654866.625	485909.875	531983.75	442798.90625	418970.65625	577203.125	506788.03125
P08312	1729193.75	1802087.625	1974018.75	2114931.5	1891928.125	1799278.25	1674719.25	1710188.5	1818972.25	1765828.25	1738851.375	1722663.625	1712103.5	1706193.5	2134067.75	2016097.375	2074840.375	1894650.875	2095345	1982733.5	2099400.75	2162030.25	2000185.75	2059547.625
P08331	3894048.25	3787596	1967569	1778936.25	4482825	3945760.25	3138552.25	4604209.5	6169952	4528834.5	3861331.75	5431849.5	3986879	4541129.5	1885446.125	1695311.5	1808509.125	2357050.5	1572674.25	2075220.125	1800428.875	1822407.875	2217336.75	1666216.25
P08337	35490.9921875	31777.236328125	32795.48046875	37048.234375	20245.732421875	24220.2109375	31236.384765625	23609.89453125	15481.4580078125	22614.384765625	36024.95703125	83176.953125	29406.98828125	27097.04296875	25451.576171875	41757.90625	32413.123046875	26551.8984375	32588.173828125	30489.333984375	39011.87890625	35034.97265625	23659.400390625	38190.57421875
P08368	79152.6171875	73901.4765625	80134.8046875	77367.765625	51602.01171875	66694.2109375	54767.43359375	51720.89453125	45102.40625	42013.03515625	60286.24609375	55830.06640625	65759.9609375	52569.84765625	72568.0625	60874.796875	62608.6015625	48669.67578125	62439.4140625	64831.49609375	72310.71875	62606.94921875	42503.15234375	70288.5546875
P08373	293780.8125	288166.96875	235833.890625	274372.46875	207665.625	251313.390625	242821.3125	209521.265625	214811.4375	227288.265625	247370.0625	253326.28125	239215.015625	231364.078125	207885.328125	208780.890625	224630.484375	181662.5	192853.875	179074.25	191351.953125	213144.71875	205153.59375	207756.65625
P08390	682144.625	527057.9375	733904.875	654332.75	728526.9375	657130.25	581232.8125	647103.5	637544.9375	620465.25	590106.5625	785634.1875	591339.8125	603907.5625	711330.375	682586.5	675873.875	689747.9375	660687.4375	693508.875	661987.3125	675044.625	691408.6875	715677.1875
P08394	50459.9296875	37929.4765625	33567.5	33750.24609375	37679.5	38488.2734375	33943.26171875	30929.58984375	23106.142578125	32876.45703125	38692.7734375	33410.80859375	40249.515625	36962.8203125	32905.19140625	30443.982421875	31604.431640625	21866.39453125	33448.73828125	24289.978515625	37917.89453125	30733.96875	26505.265625	33027.28125
P08395	164715.15625	165920.484375	210615.421875	202160.78125	194786.015625	179781.21875	198218.75	199083.53125	251937.9375	204885.90625	168918.34375	129603.859375	164540.734375	184291.546875	196446.578125	184466.640625	188005.921875	234630.015625	180294.828125	210065.234375	174467.71875	166420.328125	222610.109375	178481.203125
P08400	20865.26953125	51470.4453125	21507.88671875	32526.470703125	33798.51953125	15713.2900390625	30901.076171875	24105.0234375	30656.48046875	20555.8515625	16863.9453125	17808.166015625	23416.1953125	7359.0458984375	28152.037109375	16903.775390625	21762.349609375	18179.05859375	20661.3515625	23997.203125	14416.14453125	20937.76953125	21021.767578125	18786.830078125
P08401	47104.49609375	46250.40234375	36595.8515625	43593.26171875	46339.8984375	49470.09375	43906.41015625	46040.859375	32856.9921875	39393.43359375	47603.05078125	46948.1953125	49773.984375	41440.7734375	20790.416015625	24614.69140625	39081.34765625	27961.123046875	37978.703125	40211.2265625	43451.921875	42925.94921875	26343.810546875	39139.05859375
P08506	1963644.625	1940923.125	1481355.875	1437522.25	1997685	1917118.875	1997212.5	1892708.875	2238189.75	2038633.75	1880884	1992952.375	1893140.625	1914711.875	1397403	1371615.25	1420303.375	1638468.25	1312821.75	1449625.125	1371894.625	1324052.375	1536883.875	1339267.125
P08622	1580191.125	1512947.875	1896613.875	1658106.125	2092896.75	1580451.5	1655782.875	1934656	2331866.25	1986345.625	1833142.25	3517448	1507252	1941459.25	1932284.5	1811247.5	1838765	2284312	1702864.375	2035490.5	1723564.375	1767173.875	2301301.75	1764097.875
P08660	1768394.125	1526025.25	5408997	4973099	2090451.625	1833184.75	1273446.5	1681353.625	2867953	1414516.25	1517108.75	1436457.875	1325760.375	1559371.5	5232577	4800254.5	5075892.5	4785239.5	4683216	5087710.5	5356116	5636885	4917468.5	5147232.5
P08839	4627280	4834557.5	17008598	17361530	4742100.5	5124615.5	6147960	4815261	4325723	4529399.5	5003435	5151295.5	4924115.5	4683850	18402176	17682184	16962600	18194406	16884148	17912516	18216268	18218054	15407157	20111516
P08956	452180.0625	439470.34375	314608.15625	316734.5	440063.5625	487428.5625	381772.125	405507.4375	399310.9375	426576.6875	429378.53125	258569.828125	429889.6875	420689.78125	291315.875	263298.21875	286321.0625	286363.9375	277885.9375	296558.625	280780.8125	296806.75	323126.3125	274243.75
P08957	318001.71875	304328	495660.71875	478296.53125	305948.8125	306686.84375	293275.03125	325254.46875	335552.21875	342759.75	300632.3125	335828.84375	304484.59375	322571.84375	450743.71875	418213.53125	455232.53125	538256.9375	434313.71875	476060.5	422546.65625	451241.53125	520284.78125	442088.5625
P08997	30206990	29989932	13257580	13459565	33994976	34550448	31071344	31561778	24687458	36786944	30957248	33038956	33261046	31323418	13373078	13489670	16132171	13229565	16960070	16622168	14809537	14189209	16045407	14801548
P09029	1583170	1825048.875	2016897.125	1855586.875	1569412.625	1556053.5	1687836.75	1570213.625	1391146.5	1609974.5	1566549.625	1651918	1643877.5	1555770.25	1859001.375	1625160.25	1854108.5	1493206.5	1747171.375	1733393.625	1768223.75	1879168.625	1862328.375	1735947.875
P09030	488307.78125	487524.15625	589576.8125	563182.5	535741.5625	498042.75	518228.59375	585349.375	631329.9375	570971.1875	491060.9375	862128	548642.0625	591203	618553.0625	587736.25	625541.3125	689760.25	605978.5625	618561.375	544485.9375	548568.625	668751.3125	534820.5625
P09053	593382.125	565008.5	533413.6875	578882.6875	355291.84375	448673.09375	515047.375	358274.8125	407912.0625	395887.96875	473683.0625	499670.40625	475446.84375	350421.3125	479725.34375	515795.4375	524072.375	379413.90625	602062.875	502684.34375	602991.5	567548.6875	492458.375	539210.1875
P09099	62796.5390625	56312.40234375	56186.421875	47126.984375	63909.32421875	65681.625	69358.1953125	79128.234375	95909.390625	75796.8359375	55712.0546875	78348.9765625	56385.4296875	76894.6484375	54237.96484375	55617.9765625	48262.328125	63469.02734375	48197.98046875	58619.10546875	47635.51171875	40357.296875	58546.26953125	44279.484375
P09126	221593.6875	210266.09375	142845.625	148459.53125	199172.84375	237581.390625	228792.171875	198184.125	194577.6875	197554.0625	224618.234375	220169.71875	202193.21875	197638.28125	150173.5	142027.78125	146386.984375	144066.8125	138113.328125	128933.015625	144377	138501.515625	128345.984375	143066.015625
P09127	1847396	1639187.625	1525115.375	1239271.125	2004564	1857384.625	1865646.375	2147118	2901743.75	2102140.75	2008899.625	3661605.5	1948105.75	2141252.25	1552932.75	1581053.5	1437905.125	2033014.25	1413217.625	1577910.625	1418708.875	1435694	1781663.875	1472155.5
P09147	884159.75	949673.125	808978.3125	777909.5	771842.5625	848736.625	1080932.5	920036.8125	870121.4375	931983.5625	931467	1085369	976119.6875	899759.75	709486.1875	671113.5	733106.5	743797	691606.4375	763593.5	717512.5	751460.8125	811421	699711.25
P09148	190893.21875	201042.625	135285.484375	129724.703125	222064.21875	212807.015625	185529.09375	215036.359375	238548.015625	208127.828125	186506.984375	306944.46875	185968.734375	211296.9375	133246.046875	121625.1328125	116890.515625	141597.78125	112082.2578125	141323.609375	106852.609375	111806.25	134766	122547.203125
P09151	5419086	5651579	6612961.5	7000518	5274425	4750349	4741267.5	4471598	4123200	4952504	4902321	3952786.25	4808980.5	4486292	7608625.5	7285945	7197006	6017252	7165280	7202186	7836263.5	7645085.5	6248878.5	7742065
P09152	106257.0703125	109399.203125	361527.09375	287008.8125	116095.4765625	118012.125	163743.5625	112514.265625	156865.46875	96158.53125	115411.609375	68882.6953125	86434.3359375	107345.390625	331106.84375	270084.5625	250816.4375	274821.90625	163107.125	311377.53125	260569.625	381101.875	261851.453125	259755.78125
P09155	92900.9140625	118902.625	92110.7265625	108020.6328125	74075.4375	81495.640625	99476.65625	95953.125	82653.0625	106074.40625	86854.734375	86301.484375	111791.234375	85990.2578125	85696.3359375	96676.0703125	93698.5078125	102477.609375	94516.28125	90479.7734375	92136.3203125	96425.0390625	93442.515625	108404.734375
P09158	886428.25	863159.4375	893823.6875	962759.1875	745279.3125	833108.5625	944181.75	691278	576597.9375	715084.75	843638.1875	1049630.75	815234.8125	688666.3125	848670.3125	946312.0625	854843.8125	764134.75	896187.8125	763721.8125	1013751.625	882321.4375	879273.9375	873057.125
P09169	27098868	22384748	27621386	31714282	16840204	25811224	23053118	15516831	9453893	17064906	34644012	64234636	25042442	17531162	14649267	33945604	16231905	28511464	33086494	25413350	34334648	18171140	18294290	35426984
P09323	538191.5625	507412.40625	247711.078125	307608.125	447692.9375	547934.5	591545.1875	471964.90625	377220.84375	444966.34375	591915.125	451811.5625	562964.125	499536.59375	269208.0625	288464.28125	254658.765625	258112.5625	290362.46875	259681.859375	294908.0625	285415.25	257143.3125	296713.25
P09348	60767.9453125	65951.3515625	15780.037109375	22697.88671875	36961.16796875	58458.8515625	111324.5	67943.421875	14050.9970703125	34911.046875	134855.640625	70018.2421875	84973.0859375	54463.94140625	21205.771484375	34550.1328125	29709.7578125	14123.1650390625	39694.77734375	18350.60546875	33305.24609375	29480.275390625	17781.55859375	30517.458984375
P09372	4584788	4223084.5	4823705.5	3837915.75	5489056	5372074.5	4957694	4933312	6066127.5	4941421.5	5424107.5	9527597	4613820	4603300.5	4955493.5	5323631.5	4807592	5302027	4643591	4872476.5	4939306	4908560.5	5041476.5	4858739.5
P09373	33236024	31894014	47473652	43474076	31048268	34016716	29850890	37466848	34877080	30791544	31346142	23916412	30021264	31672732	46663116	38445304	44128064	42405960	36789412	39949772	40200176	48660576	38572692	47799956
P09391	14411.671875	17553.224609375	21457.171875	14000.59765625	8745.763671875	32010.732421875	24186.09765625	14265.57421875	17476.796875	20325.5703125	28285.734375	5036.119140625	16188.1376953125	15832.8095703125	20839.251953125	24651.935546875	24512.951171875	32510.140625	26450.470703125	16979.71875	16400.326171875	18674.8515625	14381.8583984375	22404.671875
P09394	182489.15625	163411.125	84903.359375	68921.390625	250808.34375	179194.4375	150398.1875	200135.609375	321391.8125	186915.046875	192891.578125	369836.25	180117.328125	206677.609375	81908.546875	83532.40625	74588.0234375	76331.7421875	66489.21875	83219.5	77403.28125	62736.015625	80358.421875	64088.78515625
P09424	568660.4375	568946.9375	570054.625	566018.4375	556141.8125	582976.875	593268.1875	591906	586774.5625	622375.625	514795.65625	637560.3125	547996.625	596681.625	573423.8125	581309.3125	587651.375	550307.9375	515261.6875	613824.25	547106.3125	587062.5625	588455.5	547639.1875
P09546	332703.9375	320960.34375	288538.6875	224293.4375	384294.0625	459334.3125	260532.078125	321798.53125	431033.0625	394906.90625	292962.65625	219830.28125	299925.21875	310985.875	251287	222085.8125	277021.78125	246096.09375	242488.28125	249639.390625	237193.015625	271543.40625	264029.28125	235796.96875
P09549	221042.6875	196367.15625	207805.859375	180749.703125	213365.9375	195868.859375	212694.328125	207369.203125	356524.8125	214422.59375	190813.328125	383373.46875	200135.921875	211308.265625	212024.015625	208226.859375	179674.296875	247610.109375	166291.859375	199802.84375	208071.71875	210128.734375	235767.28125	222140.59375
P09551	6383007	5417966	1599709.125	1750718.25	6987609	5774340	7433376	7362543	7992917.5	7659760	7760170	18962322	7327451	7603430	1664412.75	2005108.375	1851702	2251478.75	2268403.5	2066178.75	1896222.625	1376977.75	2447052.25	2067434.125
P09831	4041553	4153215.75	9280650	9874431	3974188.25	4370046.5	3627484.75	3680985.75	3026804.75	3755434.75	3923491	2696030.75	4049223	3729793.75	9465484	9485867	10113710	7841255.5	10164861	9010048	9630731	10062524	9613116	9484871
P09832	2713435	3253402.25	7571698.5	7243265.5	3133729	2855405.5	2660106.25	3274663.25	3510920	3398683.75	2690875.25	3058225.25	2893788.75	3299613.25	7213212.5	6754240.5	7183345	8540487	6994011.5	7763888	6642415	6684146.5	8698009	6492308.5
P09833	55236.4296875	41159.3359375	26854.951171875	25582.6171875	61326.64453125	28283.81640625	53293.2265625	66594.3046875	48494.4453125	52314.234375	55837.76171875	NA	49543.41015625	54687.84375	25757.75	20404.6796875	24280.388671875	27998.720703125	21879.5625	24769.88671875	19370.15234375	22149.080078125	34035.3203125	21782.962890625
P09980	109670.5703125	115548.5234375	120174.8046875	132950.6875	108505.953125	118941.1171875	96126.84375	88948.7421875	83305.8359375	95704.0546875	103817.0078125	73600.109375	105263.3359375	90416.3828125	112092.265625	112372.953125	113483.109375	88601.125	117706.6796875	110332.8515625	121642.8828125	117527.2890625	98460.9375	112238.4453125
P09996	58539.98828125	54138.453125	54324.84375	34938.20703125	81698.3984375	44573.40234375	56996.91015625	63695.5234375	105480.1796875	62276.1015625	63290.62109375	131763	60380.52734375	50985.30859375	67239.8515625	63571.2421875	39161.08984375	61882.87890625	39425.3046875	54985.05859375	43043.8828125	36701.48828125	46831.84375	47724.4921875
P0A698	1032113.625	971382	831816	884842.6875	943559.9375	979259.75	1226441	1040563.4375	960493.4375	1038885.0625	1048958	877667.625	1013364.1875	1054097.25	850069.25	874614.9375	806503	935066.8125	856680.4375	843669.625	839870.9375	794485.1875	907819.0625	882657.625
P0A6A0	272100.5	263134.625	244318.21875	251600.28125	242194.109375	255186.515625	301606.65625	229915.625	183864.1875	234784.4375	241113.5	214980.09375	246262.921875	218216.25	242746.15625	254863.78125	248622.875	181336.90625	262856.1875	225135.78125	254709.53125	236131.640625	212768.171875	243416.15625
P0A6A3	9913598	9985356	7511155	6604760.5	7432199	5996962.5	7106785	8585391	11115951	7478631	8030504	9049294	6944470	9294932	6940433.5	5777109	5316258	7248528	4435146.5	5889434	5643022	6773974	5823494.5	5837854
P0A6A6	6781089.5	7107397	10242623	9654980	7127235	6273936.5	5247898	6487720	6456327.5	6868592.5	6047416	7866830	6073100	7378168	10201327	10303969	9166878	11382917	9316956	9820549	8864924	9522327	9653582	9353768
P0A6A8	21942684	18943576	23384232	16748342	31896074	24899666	26779450	28075196	41678824	30603068	27644818	64920488	24316684	23958864	28113858	25634062	25568980	31438652	21723242	21680968	22338620	19636626	23444854	21000794
P0A6B4	160224.4375	158420.546875	213555.46875	202597.46875	185609.84375	183384.09375	126308.015625	171316.3125	182079.328125	163007.109375	157521.796875	145859.3125	161821.25	157078.71875	200454.46875	184108.375	204861.5625	207944.671875	187888.8125	195818.25	185934.953125	188910.484375	204000.5	178223.921875
P0A6B7	3711164.75	3990110.5	5091021	4725647	4405729	3264286.25	5183473	4839334.5	5937555.5	4274162	3963140.5	3062906.25	3752004	4549330.5	4830257	4402885	4342631	5414191	4778219	4760687	4117534.5	3886171.5	5636546.5	3967608
P0A6C1	185703.3125	226490.140625	279313.3125	262619.8125	149859.09375	175982.90625	229923.84375	188051.703125	141791.328125	167754.984375	192229.421875	390793.4375	184610.234375	159748.25	238192.71875	252916	227182.703125	259047.859375	239535.484375	265657.90625	274046.5	256500.078125	257799.765625	263734.53125
P0A6C5	614787.9375	609562.6875	681612.25	675097.6875	549497.875	695159.9375	529500.9375	524345.9375	477846.65625	547299.5	596086.5625	402741.96875	554704.875	465720.375	710507.5625	648954.3125	690400.3125	499119.4375	653514.0625	627229.75	683412.5	730439.0625	586594.1875	652324.3125
P0A6C8	5512713	5525366.5	7775400.5	6255612	6547973.5	6278415	4649766	5830429	8219240.5	6549982	4900809	6109235	5569036.5	5626642	7869348	6688960	7324168.5	7808392	6076296.5	7039746	6361406.5	7125936	8086126.5	6464456.5
P0A6D0	163347.25	198828.625	102230.3046875	111744.234375	111885.1015625	165446.046875	147543.671875	112444.1953125	88713.8984375	105340.109375	161191.953125	213395.5625	144521.15625	107182.9375	99526.625	96068.9453125	108723.421875	75577.28125	106159.875	82047.4375	108692.828125	115002.90625	89881.890625	94758.3359375
P0A6D3	1062397.875	1081450.625	1761976	1972050.25	984835.6875	1070284.25	1070031.5	1024628.0625	918529	1028319.75	1206247.875	1063694.75	1022741.5	962692.75	1824611.875	1804317.25	1845142.75	1567774.375	1995641.25	1824458	1967562.375	1897295.125	1873680.125	1943009.875
P0A6D7	1264837.875	1150724	1423654.75	1248895.125	1394188.25	1235984	991998.625	1283805.75	1709039.625	1394218.875	1357175.75	2850350.75	1210107.125	1175816.875	1457364.375	1532557.625	1444562.5	1794724	1404764.875	1350000.875	1480269.875	1416878.625	1698318.5	1456445
P0A6E1	700185	606189.4375	513900.28125	513372.3125	380050.46875	538687.8125	591305.0625	458228.78125	342123.59375	490140.9375	645924.875	893799.4375	549110.875	426562.25	397559.875	463414.90625	415522.4375	356772.8125	526840	397273.46875	532903.6875	517620.90625	421492.625	495635.0625
P0A6E4	9049296	9522536	15371870	14111646	12065443	11815928	7801310	9998344	11830936	10871031	8949935	7278664.5	9765943	9837902	14813928	13819418	15007817	15899495	13836178	13940928	13477813	14734810	14857347	14234998
P0A6E6	565093.0625	583871.0625	466222.125	471909.21875	481088.65625	520073.40625	602475.1875	638710.0625	505351.90625	613086.0625	545157.4375	824083.1875	614452.75	628665.25	469711.9375	508063.65625	473567.09375	524353.1875	495428.21875	550214.5	473006.125	494713.15625	518437.6875	493435.59375
P0A6E9	203079.390625	167907.390625	367165.46875	302096.6875	231313.6875	213594.921875	106454.9453125	218712.265625	266237.8125	205188.0625	173318.125	228702.265625	146252.578125	182121.71875	369484.6875	299924.75	305893.4375	303325.53125	214619.859375	293883.15625	266228.53125	360893.5625	277480.4375	284693.96875
P0A6F1	5132189.5	5414571.5	7194789	6991386	5781675.5	5046258.5	5070561.5	5478130	6271857.5	5999190.5	5044996	4916863.5	5385546	5809217	6607123	6905111	6665459.5	7685508.5	7049552	6798767.5	6478530	6558079.5	7254513	6772147
P0A6F3	621416.0625	638139.4375	164628.140625	184031.84375	622219.875	801872.125	624814.25	561830.5	616966.25	638406.625	662793	469630.625	572219.3125	562477	176370.640625	224232.5625	166325.421875	151839	212651.359375	176901.1875	212633.40625	150676.9375	169024.671875	169319.796875
P0A6F5	19584004	18724916	18225282	16919242	24238532	21026392	22805548	25188782	30377738	24151120	20692706	26728700	21369762	24083724	19188394	19106134	17319476	25185398	17124848	20637228	18176990	18312910	20849848	18468088
P0A6F9	11233202	10094491	10544494	8062079	16639732	13775176	11721407	14782991	17039892	13480059	12664156	23381692	12613071	12401762	12071976	11417999	10595496	13104728	9591496	11761051	10610763	10335156	11532364	9895580
P0A6G3	108020.890625	106686.859375	64864.48046875	71413.8828125	46903.75390625	67426.1640625	117058.078125	49819.38671875	43972.93359375	59760.93359375	101864.5625	266173.40625	63280.0546875	50888.21484375	53968.37109375	88030.828125	59987.31640625	78014.1015625	91782.3046875	65856.109375	85759.9921875	59153.09375	57652.55078125	70630.7265625
P0A6G7	2196558.5	2254188.75	2203438.5	2307335.25	1972440.5	1827709.5	1947431.875	2041383.75	2028259.375	2006070.375	1867047.125	2004031.375	1991691.25	2039542.5	2276349.5	2036773.75	2360962.25	1896048	2039019	2156511.25	1910070	1946403.75	2151786	2072841.125
P0A6H1	3107744	3003565	4237230	3951202	3322828.25	3381230.25	3573614.5	3551452	3255981.75	3493518.25	3324032.5	5173564.5	3299367.75	3573163.5	4281640.5	4270368.5	4016788	5101396.5	4256153.5	4293280	4044047.5	4154049.5	4432418.5	4315531.5
P0A6H5	3305531.25	3135075.75	3281724.25	3584990.25	3003615.75	3346012.25	3230771.75	2959391.5	2653481.75	2997747.5	3361850.5	3897453.25	3077810.5	2940329.5	3227668.5	3469467.25	3223420	3243210.75	3372425.25	3285048.25	3411553.5	3437488.25	3149514.5	3499441.25
P0A6H8	234819.5625	259968.390625	187069.359375	183712.984375	141956.296875	232343.359375	203616.171875	128808.859375	115612.4921875	131139.90625	219300.9375	135473	182193.28125	115347.6640625	166956.609375	179980.59375	196788.4375	94668.5703125	187010.1875	149488.984375	224041.5	217714.671875	152883.5	188810.109375
P0A6I0	1145339.875	1017071.4375	1021857.875	887390.125	1022345.6875	1044829.75	1092554.5	1012994.5625	985045.5	1028111.9375	1238569.125	2013022.125	1066194.625	979863.5625	919792.625	1027867.9375	896691.125	1050250.125	927744.4375	936042.1875	1084588.125	998679.8125	982320.4375	1033531.4375
P0A6I3	278141.75	300105	254426.5	253552.5	235182.84375	254524.09375	275787.71875	232777.734375	237749.734375	250637.828125	258137.703125	230432.9375	259286.609375	237522.234375	228519.546875	217844.828125	229467.265625	189745.234375	218704.515625	226308.921875	229559.734375	235802.953125	240887.90625	219547.734375
P0A6I6	55870.87109375	54955.0703125	68691.921875	82523.9140625	32149.08203125	48981.3984375	40028.6796875	26678.69140625	30324.625	37744.1015625	40583.25390625	52141.7421875	52889.01171875	40491.61328125	67521.0234375	70550.2578125	82734.3359375	43176.6484375	71229	68961.2421875	72374.03125	68292.765625	72071.9375	68232.515625
P0A6I9	159891.625	127881.1875	129155.6171875	115653.7265625	155317.03125	145951.125	118771.203125	152827.03125	191786.53125	152489.890625	140008.515625	290884.875	145913.734375	129702.625	131832.4375	112634.625	122447.140625	144686.375	100706.1640625	127497.421875	109851.28125	95874.1796875	131697.609375	97122.8828125
P0A6J1	463811.03125	443596.71875	495826.1875	585463.25	314471.90625	310302.4375	334513.3125	294886.84375	286605.59375	317969.65625	327186.15625	563674.4375	366327.9375	367553.8125	519388.9375	551366.5	517683.375	502521.375	512992.3125	495772.09375	518891.78125	509819.0625	448838.4375	550966.4375
P0A6J3	205188.21875	211808.25	226617.453125	192184.546875	169336.59375	153443.703125	201724.390625	199932.96875	228816.484375	185108.671875	190624.515625	150883.25	201376.875	156241.421875	198667.78125	158911.140625	162025.609375	148059.25	166479.484375	171959.515625	179702.90625	192139.46875	162932.046875	145676
P0A6J5	1919429.375	1835167.25	393399.84375	463537.09375	2379502.75	2208115.75	1279032.75	1904223.75	2686649.25	1843654.75	2045574.375	1441887.625	1803431.125	1933174.625	401634.71875	490685.09375	436015.375	391602.84375	394255.90625	432308.28125	437012.65625	434454.3125	393640.65625	372066.90625
P0A6J8	742181.9375	634989.75	540409.625	505351.75	662629.6875	734413	502670.0625	605216.3125	609945.5625	565619.125	671696.9375	709677.5625	650827.1875	581845.4375	505839.4375	491895.75	513136.15625	482893.25	470675.90625	448361.28125	527986.125	584492.375	432611.0625	520349.625
P0A6K1	432815.375	535846.8125	402344.3125	493812.78125	332595.59375	443147.34375	408067.5	371147.53125	329874.03125	385340.34375	422217.4375	376556.40625	395886.625	356783.65625	398584.53125	352538.21875	416144.9375	274034.59375	401130.78125	345661.875	455894.15625	449143.125	423214.53125	393762.21875
P0A6K3	498310.65625	452724.78125	581185.125	533659.5	447537.875	380370.875	442928.53125	514887.96875	633643.125	493835.34375	397342.21875	692440.125	434533.5	484066.5625	600030.5	546294.625	533297.6875	710671.5625	530167.5625	545202.0625	499966.46875	516284.25	581188.5625	500301.09375
P0A6K6	2313271.25	2099607.5	1911421.75	1709449.875	2466978.5	2116024.5	2315643.75	2527240.5	2698100	2463506.25	2178248.25	3882475.5	2113660	2427066.25	1975418.75	1881408.125	1880628.5	2194037.5	1650641.125	1975393.5	1763272.75	1909019.875	1984623.5	1721439.875
P0A6L0	414475.71875	419816.375	545311.0625	497087.5	521528.96875	517187.59375	421256.96875	494850.9375	529217.0625	483602.125	478558.53125	786965.875	437424.75	460863.8125	554222.6875	557420.3125	573115.125	634961.0625	512996.28125	611897.375	536950.25	570802.8125	567598.5625	558030.1875
P0A6L2	3894435.5	3867272.25	3970444	3966726.5	3667742	3887843	3640408.75	3482930	3452014.75	3765009	3860841	5513873	3803178.25	3961426	3688840.5	3757293.25	3955836	3915304.75	4007801.5	4227687	3875987.5	3732607.5	3975723.25	3926537.5
P0A6L4	94760.859375	90814.5	37242.12109375	34257.01171875	87576.6953125	91695.015625	158335.265625	92461.921875	60838.1640625	102098.546875	112236.703125	90463.78125	94193.3125	80949.6640625	33804.0390625	30440.060546875	30125.943359375	27075.28515625	35628.625	30380.751953125	33941.16796875	36025.71484375	28990.046875	33420.46875
P0A6L7	747912.875	728950.0625	583852	668411.25	536101	596627.8125	847089.9375	683619.9375	587996.625	564921.0625	632701.6875	969038.875	603154	647443.6875	503827.53125	500697.8125	488402.71875	497499.9375	541875.5	510881.1875	598591.5625	598310.1875	446320.59375	634546.0625
P0A6L9	420832.09375	423157.1875	519128.6875	423292.25	429150.5625	310557	339679.3125	372099.5	670563.25	357699.21875	385174.40625	823298.125	335984.78125	332852.40625	465504.34375	440004.65625	411026.5	479963.3125	397310.28125	441928	434250.5	356029.71875	449916.03125	399264.03125
P0A6M2	191569.453125	91014.8828125	26567.037109375	65879.1171875	NA	56117.3046875	125078.3203125	25703.080078125	32016.125	11040.09375	118477.6640625	205552.53125	73533.4375	15687.330078125	49416.953125	50260.50390625	59298.453125	NA	84815.203125	24788.6796875	114475.0390625	54243.51953125	22476.140625	58824.91015625
P0A6M4	115150.265625	128972.0390625	107033.9375	97532.40625	75437.609375	91844.8125	113686.8515625	87548.7578125	81308.15625	85484.53125	95856.1875	163238.1875	83876.6953125	85651.609375	91641.2265625	91574.046875	99120.3515625	81281.296875	100009.875	107550.71875	102945.7421875	97876.8515625	96821.3828125	93627.09375
P0A6M8	15302998	14187790	16833650	17829094	18090796	16349916	16315841	16851104	17535344	17155994	16401457	14553263	16164733	17554630	17852316	17954948	17462514	21007998	17897560	17445678	16811048	16748107	17940646	17828486
P0A6N4	4080948.25	3941879.75	4234547	3875989.5	3921621	4352036.5	4485750	3332193	3401544	3482211.25	4227321.5	7846813.5	3871951.25	3398568.5	3940087.25	4143241.5	3849287	4127313.25	4165542	3724718.25	3799262.5	3750486.75	3901266.5	4049365
P0A6N8	943890	829430.75	668883.125	739868.0625	761866.3125	957960	942111.25	629776.5	543743.6875	636195.875	1026400.5	1771749	901985.3125	658478.4375	715469.4375	914249.4375	756386.5625	660780.6875	893227.25	653768.9375	851287.9375	799381.4375	635415.25	892112
P0A6P1	8610744	7914703.5	11417678	9867846	8963994	8876939	8361124.5	8722433	10549984	8900176	8589701	14456365	7994886.5	8556208	11847812	12316005	11597631	14275702	11128350	11266297	10683602	10446913	11878400	11358868
P0A6P5	612710.5	640200.125	711480.5625	761434	745367.4375	714566.5625	717289.25	675160.3125	589900.8125	704288.6875	715755.5625	592743.8125	686518.875	687363.5625	716640.75	764445.8125	739173.3125	746345.8125	767662.5	724505.3125	723047.1875	730622.125	697318.375	816082.75
P0A6P7	776979.1875	725929.5625	817406	809995.75	616182.5	621333.3125	724861.875	718598	773638	708610.3125	684559.0625	1054864.5	682496.625	678513.875	765160.375	761286.625	709773.5625	810466.6875	668005.25	739539	716825.3125	695292.875	781109.3125	695503.125
P0A6P9	13087815	12004600	28411358	22648574	15585267	13384352	14507576	16009525	18774018	15909565	13501142	20948580	14345012	15975941	33956716	30127360	25799852	42698660	23272376	29705240	26113746	28462348	30395406	29678984
P0A6Q3	1846183.125	1846194.75	1879799.75	1705206.25	2474077.5	2414991.25	2015818.625	2524689	3162086.5	2652649.75	2052447.75	1758070.5	2096700.875	2388343	2136093	1859095.625	1878826.75	2703444.5	1821566.125	2128705	1774334.125	1877311.25	2183537	1783587.75
P0A6Q6	4360193.5	4075932.5	3138652.5	3787438	2044505.125	3144818.75	3552183.5	2142463.5	1307665.375	2180569.5	3652430.5	6158487	2533483.25	1951248.75	1935064.875	3212791.5	2215947.75	2252813.75	3535075.5	2742225	3881878.25	2116756.5	1969664.875	3382579.5
P0A6R0	2411656	2564481.75	2316704	2458868.25	1964518.25	2208260	2241243.75	1821919.5	1640227.625	1899340.5	2284663	2321712.5	2216125.25	1789385	2427455.75	2345760.75	2460858.25	1613206.75	2571243.75	2140784.25	2578662.75	2602856.25	2056671.375	2473568.5
P0A6R3	70041.46875	76497.8984375	182374.078125	141485.078125	166696.3125	102149.1328125	108591.1171875	110083.3125	177154.296875	122431.21875	115217.0546875	256119.625	109424.3984375	90660.8828125	218889.484375	217770.015625	211218.421875	224397.125	202223.78125	177427.453125	191115.625	176997.890625	187291.390625	182532.265625
P0A6S0	307676.78125	262467.84375	72282.171875	71490.109375	260368.515625	192115.953125	299857.5625	484801.59375	340597.46875	311186.1875	332078.5	665594.0625	340405.59375	448190.21875	50925.015625	53775.71484375	93316.765625	127522.3984375	126748.9140625	64485.828125	52281.30078125	55733.5625	111011.7265625	62165.5703125
P0A6S5	41695.80859375	41728.69921875	38268.00390625	44797.03515625	51479.40234375	34624.14453125	34701.4765625	34588.1328125	32563.986328125	32287.423828125	41216.3046875	83683.625	32640.5	30717.01953125	53118.25390625	51778.21484375	40467.95703125	44783.359375	35707.8046875	43523.58203125	37820.203125	47185.7734375	49071.71484375	36551.6328125
P0A6S7	683233	723580.25	608040	606546.4375	586301.3125	628038.25	751244.5	745725.25	750216.1875	764536.625	642970.25	722039.625	680132.75	668841.25	582818.8125	517637.5625	560141.1875	616584.0625	513587.59375	546604	517441	542825.6875	587307.5	525354.375
P0A6T1	4367181	4551065	8966099	8818064	3900758.25	3941611.5	4869438	4398172.5	3416678.75	4424111.5	4065674.25	3307956.75	4579596	4460096	9141564	8389810	8088793.5	8455640	7346371	8658845	8110846.5	8855692	8129176	8545476
P0A6T3	659081.8125	656351	325601.84375	292641.75	703199.9375	674409.1875	723959.5	651498.3125	655944.125	709499	712362.375	988691.25	677290.8125	717790.1875	295647.25	297428.28125	278401.1875	341408.1875	283705.4375	308822.59375	293375.6875	295858.5	305210	308910.4375
P0A6T5	1461973	1517941.75	2272832.75	2438539.25	1187799.625	1301581.25	1470127.875	1332867.25	1061582.25	1329519.125	1473115.25	1604457.75	1396067.375	1381659.375	1810991.625	2253975.25	1872159	2138386.25	2596250	2237523	2498661	2110009.75	1840012	2504262.75
P0A6T9	595460.125	544003.3125	414192.15625	208488.59375	577537.1875	471216.71875	396587.125	465621.1875	1105511.375	475089.65625	365952.34375	589361.1875	424972.4375	361335.3125	308238.375	229377.484375	196117.875	235919.6875	143510.96875	206745.046875	184718.125	197673.234375	239964.234375	164120.015625
P0A6U3	552752	584529.875	692812.8125	662969.8125	608453	667607.625	544383.125	612861.4375	570231.4375	616609.25	596187.75	420680.15625	592585.125	626570.375	622460.125	640772.625	641841.125	676267.6875	698589	694628.625	660047.625	639559.5625	696077.375	681896.6875
P0A6U5	321102.75	300481.78125	448855.75	373674.09375	363647.78125	305051.5	269057.65625	333714.59375	341164.6875	344032.09375	292762.09375	534558.1875	324081.125	322877.28125	395377.15625	372672.25	436250.71875	429942.5	348759.3125	389585.09375	354549.9375	374158.40625	433896.625	352408.625
P0A6U8	1669015.625	1549132.375	1580089.625	1451849.625	1859098.75	1868231.125	1582448.75	1612189.125	2075456.75	1581255.125	1548719	1022692.375	1449479.875	1611537.75	1487841.875	1365600.625	1385007.125	1456907	1266542	1490158.375	1481074.5	1519543.875	1359719.75	1308674
P0A6V1	2592114.25	2400460.5	1883803.25	1856855.25	2759954.25	3021271.25	1990091.25	2267204.5	2908210.75	2219610.5	2388974	1668328	2271487.75	2293191.5	1834765.25	1973781	1835096.5	1625854.625	1752480.25	1877115.5	2004321.125	1954519.375	1627703.625	1977898.75
P0A6V8	1722189	1838933.25	1642225.25	1859100.875	1349705.375	1546973.5	1576837.375	1256293.25	1327894.125	1286345.75	1544896	1376569.5	1602776.75	1275013.5	1619487.25	1527869.5	1463054.125	1251486.5	1355750.125	1322698.25	1696440.375	1970148.375	1326086.5	1651109.125
P0A6W0	57481.08203125	61047.05859375	83119.5859375	70193.265625	30426.3671875	53047.30078125	52984.08203125	66854.46875	71289.515625	69499.84375	37519.5234375	NA	29800.615234375	34947.1953125	75875.265625	55847.9765625	60763.72265625	59463.24609375	60460.90234375	69871.40625	52471.953125	57695.06640625	62648.30859375	37567.34765625
P0A6W3	19407.833984375	14029.35546875	6286.47021484375	16887.16796875	5274.87744140625	7368.8876953125	17330.634765625	8414.5390625	NA	10211.1728515625	8536.53515625	10792.34765625	11276.099609375	2060.99462890625	7836.71728515625	7059.01025390625	4916.50390625	NA	5770.634765625	7890.369140625	7856.60400390625	6300.53662109375	7175.7666015625	5297.0986328125
P0A6W5	1717778.25	1458963.25	1571711.25	1154646	2522945.5	1942493.875	1634484.25	2045465.375	2898792	2197975.25	1978250.5	4297904	2023853.625	1936384.875	1771350.375	1801350.625	1507160.5	2053316.25	1550025.75	1509468.5	1446745.75	1351779.5	1636885.5	1532350.25
P0A6W9	409969.84375	409854.375	541648	504681.84375	472906.875	467669.71875	446008.78125	471241.625	472207.5	466297.09375	415213.96875	397710.5625	413914.96875	473025.21875	533324.3125	497763.65625	486350.8125	565039.0625	482209.5625	547608.3125	474484.28125	478254.5625	546174.4375	500704.59375
P0A6X1	64033.671875	67818.6875	84167.734375	79013.421875	68029.71875	67063.5	56620.484375	68991.0078125	86045.9140625	78903.2265625	51720.94921875	30860.904296875	52559.37109375	62301.828125	75075.7734375	61429.27734375	71581.375	72300.625	61418.8125	72817.1171875	63187.90234375	70984.390625	76059.578125	59569.1796875
P0A6X3	117443.8046875	82155.09375	53810.9921875	64977.8671875	41523.484375	99437.2890625	122362.3125	59660.109375	45553.22265625	47234.10546875	132302.28125	424151.875	48909.94921875	53446.765625	41733.4296875	144511.59375	68956.296875	159255.140625	61428.9609375	49445.29296875	65649.1796875	37341.265625	33104.796875	78714.15625
P0A6X7	9930560	9196983	7382277.5	5678017	14619943	10740100	9980004	12700210	21942342	11591651	11652178	28408532	10947746	11817915	7710405.5	8990280	7869303	10542756	7265139.5	8179064.5	6919069.5	6653745	7632393	8057660.5
P0A6Y1	1459813.625	1279000.625	940199.5	863479.4375	1245877.75	1176370.25	1220801.75	1332359.625	1699285.5	1233064.625	1259457.25	2838234.25	1240051.25	1169427.125	965290	973892.8125	971958	972084.4375	905224.3125	1009912	949566.5625	946567.0625	968027.5	899089.875
P0A6Y5	1154743.75	1035257.125	972106.75	881324.25	1001470.625	995696.5	1047909.5	935012.125	963241	878059.9375	1125443	2509098.75	1037603.8125	941674.75	895435.375	960853.375	917293.375	1002621.4375	924789.4375	940742.75	976775.25	874918.375	942744.875	1025565.875
P0A6Y8	8631239	8114910.5	10312517	8137987	12372485	9267748	9218738	12211995	15379342	11233275	9786492	21154438	9798274	10909829	11405141	10850028	9769443	13703713	8734355	11387229	9721606	10163102	12186656	9922217
P0A6Z1	351602.15625	336786.15625	429854.46875	401116.90625	420918.09375	379305	376200.625	371005.46875	465409.4375	374391.6875	350346.46875	377620.96875	342434.5	372864.21875	408581.53125	386148.78125	363277.09375	419414.21875	402772.84375	385012.09375	368463.9375	371994.03125	453644.03125	347171
P0A6Z3	3749471	3820585.75	4062028.25	3956225.75	4617790	4171850.75	4187897.25	4424494.5	4872494	4452951	4012487.25	4554795	3906759	4332054.5	3749746	3632357.75	3564874	4330078	3414864.25	4319046.5	3916743.5	3884569	4090370.5	3792992.5
P0A6Z6	170779.296875	140262.140625	156959.5625	165709.515625	121621.515625	113924.421875	134883.890625	139711.5	169759.9375	127153.390625	128976.1796875	195200.328125	133668.890625	110909.6484375	151040.796875	149503.390625	137897.328125	122364.2265625	147747.03125	138570.65625	152979.40625	139299.25	144044.59375	110411.3125
P0A705	6867675.5	7370505	9090685	9319816	7274352	7147756	6567081	7207779.5	7392848	7558858	6730653.5	5172394	6984880.5	7484422	8558216	8449913	8542003	8606842	8624891	8479527	8296804.5	8279580	9220852	8405995
P0A707	3149479.75	3148700.75	3848522	3517636.75	3647545.75	2926392.75	3285971	3783933.5	4949232	3774980.25	3050871.5	5673529.5	3287343.75	3461763	4004427	3964935.75	3987802.5	4947517.5	3752227.75	3879421.25	3620652.75	3632715.25	3992091.5	3625525.5
P0A715	1890537.5	1835300.125	1794617.5	1993747	1783750.75	1765568.125	1737981.375	1694007.75	1967942.5	1803571.5	1719402.5	1643808.125	1825586.25	1858306	1949327	1801319.625	1883727.875	1939751	1708498.25	1786990.125	1774553.875	1830819.625	1970650.75	1706149.875
P0A717	7858793	7543710.5	5872584	5284972	8881885	7132176	7297156.5	8028319	9474004	8399013	6932656	6451827.5	7294705.5	8097263	6135394	5345730	5872542.5	5973457.5	5356757.5	5601405.5	5161709	5808366.5	5732916.5	5066796.5
P0A720	108288.7265625	112983.2578125	137956.109375	126456.0546875	104808.0625	107672.6875	87794.484375	90488.8046875	92864.359375	93767.75	102347.4609375	135708.609375	86423.0234375	87974.671875	114695.6484375	120561.65625	127902.40625	105449.328125	119806.6484375	117136.40625	117779.34375	119713.28125	120375.4375	124032.9375
P0A722	1001115.875	1045170.375	922913.875	819630.625	1239779.75	1045700.6875	1097311	1067572.125	1472363.25	1110492.125	1136589.75	1180428	1016468.25	1029341.125	858319.375	832257	839235.125	1023492.8125	786915.125	848129.5625	767668.1875	777883.5	924161.75	780276.625
P0A725	232686.75	212414.078125	179716.640625	215088.0625	192312.234375	209400.078125	238177.90625	174099.1875	128959.6328125	170680.0625	216431.234375	270741.40625	218380.796875	184388.8125	187472.75	207271.359375	196223.875	146631.796875	225552.609375	186361.859375	222531.140625	185483.15625	158253.84375	225324.046875
P0A729	853804.25	785647.0625	594360.625	646985.125	659518.3125	635178.6875	720336.5625	659490.1875	522373.90625	644425.9375	714557.875	1485505.5	621577.3125	733863.5	592699.5625	545515.5	560553.875	466285.125	553497.1875	578029.4375	577965.875	567766.625	475465.84375	602170.75
P0A731	243060.640625	213707.515625	159942.03125	182303.109375	223888.828125	247013.1875	223965.234375	194075.78125	158801.921875	202225.109375	255133.734375	378923.75	236840.578125	190520.21875	178097.53125	197710.09375	193045.875	165992.296875	171706.28125	164645.5625	179210.796875	187242.765625	141600.15625	189812.515625
P0A734	1449595.375	1247067.875	910526.3125	883823	1073496.25	1052251.25	1136955.875	1124565.5	1144025.375	1069875.75	1274020.625	2719507.5	1254827.625	1068360.5	798118.875	888003.5625	839573.8125	838991.5625	847013.0625	823112.9375	923133.375	861580.75	745272.9375	845548.75
P0A738	201074.40625	187826.390625	174934.0625	169380.609375	187855.53125	201051	220053.5625	170671.390625	122880.640625	156716.125	219456.90625	289431.34375	209409.0625	167552.625	139896.5625	211326.796875	165809.953125	211734.53125	184210.796875	189872.59375	203716	148405.984375	160588.4375	193781.609375
P0A742	2135512.25	2443640.5	1743959.5	2093206	1399866.625	1713141.75	2487626.25	1577097.125	972121.25	1631663.5	1764616.875	1613359.5	1929196.125	1283042.375	1462346.375	1633793	1672112.5	989340.625	1794909.5	1771025.125	2137455.5	1530070.875	1597242.125	1563358.5
P0A744	1236650.25	1341889.125	1103734.25	1089863.5	1251888.75	1325733.875	1445269.5	1436816.625	1640726.875	1548795.875	1342921.5	2036837	1289032.375	1361180.875	1055242.875	1056057.5	1055348.625	1211340.25	963252.25	1163377.25	1045852	1053162.25	1176693.375	1095172.625
P0A746	149539.015625	125411.984375	53407.0078125	46445.21875	155380.015625	110731.9140625	112943.390625	113709.578125	203405.65625	128368.03125	128254.4296875	253574.421875	132621.296875	137085.1875	58740.72265625	55535.25	56339.3125	61061.26171875	56103.2734375	53541.85546875	50101.609375	41375.5625	74317.1328125	49527.83984375
P0A749	511710.34375	486910.875	509237.28125	495491.5	425681.6875	498044.0625	523789.25	466011.3125	467948.25	456871.625	527895.3125	526167.125	475681.125	468701.03125	466493.875	507594.8125	501851.4375	455447.9375	502783.15625	470206.5625	534908.4375	479443.0625	463968.5625	492292.125
P0A752	157860.546875	144892.640625	160179.5	131274.078125	110546.2890625	116866.0703125	138819.5	110792.3984375	132698.59375	128057.046875	138128.109375	326787.90625	134192.890625	115041.4375	123857.6953125	125222.484375	106677.0703125	120555.6328125	119545.9296875	113591.8828125	133964.71875	120208.6015625	126691.625	122891.8125
P0A754	24827.07421875	24729.095703125	16959.248046875	18402.771484375	12219.8984375	15879.90625	21870.38671875	13890.59765625	22477.6875	25827.466796875	16571.9375	28807.576171875	16314.8359375	16830.2265625	11576.78515625	12731.095703125	12608.6484375	15886.525390625	14952.28125	18971.318359375	7074.29833984375	12685.103515625	14353.0634765625	12716.04296875
P0A756	128549.6640625	112653.921875	124187.3828125	126702.7578125	100831.1796875	88286.0859375	91153.984375	119783.0703125	110406.375	114034.5703125	85740.0625	154790.6875	96998.15625	115694.484375	92201.703125	106529.8203125	108910.171875	104960.171875	123095.546875	98805.515625	107864.640625	87462.5625	109993.21875	107819.921875
P0A759	1074540	1369031.625	852643.8125	1008070.5625	915249.5625	976338.75	1369566.75	1085346.875	926274.4375	1067463	1098669.125	961817.8125	951169.1875	1016495.6875	769149.25	796292.5625	864834.125	730133.4375	800670.125	851462.4375	785797.1875	750056	764999.8125	894183.25
P0A761	118736.9375	96922.7890625	37880.765625	46038.625	100990.515625	122714.375	142093.921875	108253.1640625	97128.6796875	94738.6171875	116165.59375	184899.203125	103108.09375	86807.625	45039.93359375	45018.6875	35063.0546875	38809.9375	40162.50390625	45018.1484375	45902.28515625	38612.2421875	42619.01171875	39660.09375
P0A763	2296723.75	2255775.25	966869.75	983262.125	1966388.75	1948450.375	2057954.625	1667845.375	1538358.875	1859246.625	2024882.375	3738667.25	2123552.25	1706078.5	963016.125	1117712.125	1110599.375	1048138.9375	1319816.125	888800.25	1022779.3125	829427.9375	1029408.5	1083203.125
P0A769	101299.59375	11746.1484375	167638.4375	188191.796875	34493.6640625	83901.84375	133954.9375	NA	8229.2978515625	NA	111575.96875	202434.203125	103286.7890625	49679.890625	96390.65625	110826.25	87372.125	80467.9140625	134948.578125	119202.5078125	187305.75	137145.359375	NA	96280.984375
P0A772	374900.875	42382.85546875	26658.5234375	57638.4765625	8686.8017578125	15731.259765625	109617.9921875	43255.45703125	18639.4921875	35270.30859375	17163.3125	110949.421875	32197.03125	28444.8515625	23564.703125	42626.3828125	33373.5703125	19069.3203125	78242.5703125	64116.2578125	69179.75	35799.07421875	NA	88502.9765625
P0A776	67497.7421875	52766.3671875	44256.328125	63726.4609375	40616.6328125	102785.0859375	76775.875	32028.798828125	23874.10546875	37127.46484375	102678.8203125	NA	73816.515625	26318.916015625	52935.9296875	55283.2265625	45215.765625	17520.1796875	81467.9453125	38913.0234375	58594.890625	79201.5390625	39873.80078125	54408.96484375
P0A780	1677493.875	1401057.375	1306651.875	1204797.25	1750255	1858187.125	1496178.875	1378852.625	1646026.375	1530322.5	1914404.125	3677573	1629505.5	1393267.375	1345666.625	1632987.125	1303387.25	1426963.875	1500113.125	1338150.875	1505522.625	1432485.5	1343652.25	1512498.5
P0A784	574037.875	561709.875	662217.4375	605392.75	519487.53125	460325.09375	556466.625	564941.75	593599.125	509518.09375	491330.03125	1002014.4375	524143.34375	559282.125	591717.8125	594928.6875	601271.4375	628464	555666.6875	657123.75	592513	604208.1875	624725	603097.8125
P0A786	7610190.5	7400600.5	5913231.5	5242808.5	8419789	8447685	7029957	7078007.5	6189409	7659872	7541497	5898408	8139504	7418718.5	6170404.5	5920195	6832400	5564935	6576529	5557132.5	6019080	7120643.5	5583158.5	6188584.5
P0A790	99038.859375	73638.3984375	245838.625	229150.84375	83498.671875	86703.5625	121722.53125	66046.171875	53501.0078125	66649.15625	151120.5625	449090.21875	65056.98046875	79339.6484375	185874.765625	301917.9375	183561.546875	282794	296338.78125	228768.390625	232266.9375	210210.984375	158776.21875	264093.65625
P0A794	803688.875	840120.5625	714342.6875	654170.5625	613539.875	596326.0625	591259.1875	731731.8125	837727	698898.375	625660.375	697286.625	674626	721898.8125	668055.75	603409	702285.6875	701401.1875	569140.0625	712137.6875	640922.8125	656596.9375	763594.1875	592276.875
P0A796	3609338.25	3984040	11273034	11537656	3293812.25	3283572.5	3250064	2804443.75	2648789.25	2898342.5	3162187.75	3416439.75	3303307.25	3129323.25	11423085	9899931	10068372	8964941	8620393	10512984	10706192	11728260	8840418	11059609
P0A799	14546214	15140529	25437776	22780096	16056731	14456771	15652519	16766905	16845244	16097654	14938310	22014768	15948384	17358284	27380868	24329250	22288336	31470786	21406416	26048676	23347566	26448604	25306378	24777192
P0A7A2	326571.84375	340758.21875	250131.109375	266749.15625	349492.90625	375541.90625	303682.8125	295600.03125	289501.40625	287823.0625	340979.28125	398795.25	319564.875	293498.40625	240311.734375	236071.921875	261012.75	232273.3125	234577.484375	245276.40625	256965.265625	260061.453125	234175.890625	242882.6875
P0A7A5	138244.65625	117285.6328125	127848.421875	115382.1171875	175767.359375	155493.21875	139098.875	150835.3125	190826.21875	161667.8125	153903.828125	219235.34375	135221.15625	160124.609375	128592.3125	126882.0390625	124727.453125	146589	118328.6328125	141726.90625	125786.4375	130148.9453125	140572.375	126518.21875
P0A7A7	550581.25	616024.375	485933.34375	498455.6875	468324.15625	567523.9375	610928.375	490483.0625	372436.03125	493055.40625	565232	400598.78125	551902.1875	461336.6875	446172.6875	467872.8125	522611.4375	371005.125	509716.8125	460206.15625	505568.53125	492087.9375	423100.8125	500287.0625
P0A7A9	23383530	19704510	23614496	16363384	30872928	24532536	25644662	26575338	41392312	28138996	26070748	58612620	27180460	25183056	26876546	27852784	23333990	32630076	22676848	24082018	21910322	21883772	28228268	23375416
P0A7B1	474047.375	472890.21875	417581.40625	461270.1875	402574.15625	487311.15625	440067.5625	389119.0625	293208.25	382855.1875	470161.59375	348472.96875	481671.125	385069.0625	422985.34375	471745.9375	465222.46875	310094.15625	492965.65625	418420.875	508839.625	522098.96875	378372.625	495356.09375
P0A7B3	65958.53125	66295.7890625	49502.71484375	69839.5703125	62590.625	76310.4453125	62271.0078125	44534.23828125	43733.703125	53112.6640625	72367.15625	66180.1484375	46542.078125	37265.3671875	53795.62109375	67201.515625	53961.23828125	61480.3828125	65807.390625	61111.7890625	68202.421875	57527.93359375	37804.4140625	69549.078125
P0A7B5	1140855.875	1035554.5625	1157297	1080426.5	1295126.875	1137959	954572.875	1126515.75	1393137.5	1154108.125	1015028.625	795092.0625	1014066.875	1045653.375	1123210.375	990926.375	968248.0625	1123474	951323.1875	1077717	1017931.25	1109467	1141222.375	990134
P0A7B8	936871.3125	1053780.25	900665.1875	972616.375	992026.25	893343.25	963719.0625	900087.75	1088077.25	865537.125	908480.6875	1633241.25	890755.1875	891975.0625	940948.6875	855761.4375	815960.25	1031750.8125	659636.3125	797596.1875	920836.8125	794509.8125	954295.9375	853390.5625
P0A7C2	898789.1875	894197.6875	777958.5625	805658.6875	655438.0625	765985.25	800391.0625	724017.125	795642.625	711186.25	884385.4375	1849551.5	772546.125	714013.75	685789.6875	751828.9375	674224.0625	700640.3125	749824.875	673590.125	731461.5625	718461.875	699881.875	727225.25
P0A7C6	460161.09375	417947.03125	663851.4375	531072.375	451639.59375	406625.15625	290870.59375	520671.0625	681424.375	450117.03125	385685.46875	668413.625	365005.25	473371.46875	669598.0625	471550.6875	515585.0625	706677.5625	365186.25	538170.25	486785.625	651864.625	569545.5	512540.53125
P0A7D1	389540.6875	472439.28125	486364.25	468433.125	416306.90625	343427.03125	385651.5625	412525.34375	457655.40625	382495.96875	345150.46875	579235.625	413264.84375	424768.75	458944	385456.875	438587.03125	422835.40625	373087.25	456999.34375	395825.03125	408020.34375	441315.21875	364328.6875
P0A7D4	9530397	9197294	8590170	7863368.5	8427822	10400423	8970663	7642329	7504878.5	8125167.5	9167089	8910581	9168251	8292501	7757542.5	7265538	7517165	8011844.5	7648407.5	7154400	7904798.5	8210446	6921744	8075989
P0A7D7	7426060	8153268	6984030.5	6995707.5	6253711.5	5652718	6334914	6733106	6432466.5	6154978.5	6056382.5	8051384.5	6739733	7888480	5973425.5	5993217.5	5897983	6634437	5744028	6866524.5	5860300	5827973.5	6603692.5	6172621.5
P0A7E1	3116250.75	2841718.75	4587444.5	4089962.25	3438875.75	2986200.25	3458827.25	3748571.25	3706094.25	3479212	3031030.25	2609678	2805531.75	3194304.75	4600062	4142629.75	3843495.25	4489994	3724200.25	4246598	3955190	4557347	4372749	3884923.5
P0A7E3	110194.328125	94085.2578125	101188.1328125	120039.3203125	77789.171875	86051.75	82333.4375	54745.23828125	78843.84375	77334.171875	92001.2734375	107158.578125	84158.2265625	77247.1015625	101484.9375	124126.2734375	112759.7890625	113916.828125	131701.296875	87467.9453125	127007.265625	115974.5234375	85245.9765625	137474.921875
P0A7E5	3125848	3150782.5	3977607.5	3982139	3256535	3245128.75	3238702.25	3012453.25	2820371	3116357.25	3162267.75	2543804.5	3148059.75	3362034	3933414.75	4004719.75	3801214.5	4068276.5	3980699	3677443	3755449.25	3899686.25	3895352	3961513
P0A7E9	1110427.125	1142472.25	968370.5625	1009027.4375	755219.9375	956388.25	935063.875	811782.0625	722715.1875	827452.625	1029441.375	898509.9375	1054037.875	750845.0625	963015.4375	1150250	1128995.125	741611.875	1289604.5	847970.25	1252025.25	1141921.25	928435.5625	1146610.625
P0A7F3	15817828	13054560	10156004	8095076.5	15675494	16275162	17509036	14656482	14317971	14721060	17717238	32502748	15493154	14114613	10961681	13161140	10941274	12937318	13451447	10611895	10532521	11275521	10617956	11219152
P0A7F6	471248.125	511110.8125	456875.59375	523187.46875	331211.96875	385620.59375	482035.25	323061.1875	256648.53125	349992.84375	471149.34375	855811.5	359205.75	317299.59375	310712.6875	464573.15625	386282.59375	387628.75	497076.65625	435046.375	479284.34375	437797.46875	355311.125	494530.5
P0A7F9	92739.09375	104290.6640625	170758.4375	166492.265625	114874.46875	110469.796875	88815.015625	97333.7109375	90265.0859375	103276.15625	112973.2421875	113894.28125	94919.6171875	101157.796875	162143.734375	164167.125	151269.921875	182574.625	157954.296875	153959.96875	153804	156106.359375	161675.8125	160563.296875
P0A7G2	2199509	2264735	2190291	2298073.25	2065805	2124769.25	1966732.375	1896347.75	1807630.75	2043377.5	2243097.5	3752512	2086351.5	1855199.125	2004816.625	2531533	2216782	2325620.25	2427660.5	2244843.75	2355806.5	2245669.5	2117093.75	2327989.75
P0A7G6	4805345	5278666.5	4720898	4996814.5	4129484	4668019	5759916.5	4803309	4396483	4701629.5	4496707	3502764.25	4568698.5	4802526	4372309	4148376	4489453	4015031.75	4228591.5	4553882.5	4191084	4123769	4497679.5	4146315
P0A7H0	41895.890625	45661.2109375	46279.15625	37697.44140625	36590.046875	39816.3125	36497.0234375	32080.404296875	45064.37890625	47455.28125	35495.12109375	28157.296875	33855.37109375	36781.70703125	47342.29296875	43335.48046875	44084.92578125	40287.65625	48224.99609375	43753.4140625	40741.41796875	45288.06640625	43611.0390625	42506.54296875
P0A7H6	47874.640625	46193.578125	54279.68359375	46621.5	48378.0078125	36004.51171875	47645.94921875	48491.203125	74325.140625	49176.546875	47461.23046875	68908.1328125	50462.03515625	45889.32421875	45226.21875	36365.9765625	46827.73828125	52581.22265625	35677.46484375	49027.234375	38855.4921875	42274.5859375	58210.76171875	43240.265625
P0A7I0	172898.171875	160084.734375	232347.171875	218363	181347.859375	194942.765625	152462.671875	157914.703125	189515.796875	167114.671875	163805.296875	302616.90625	147682.75	157297.6875	225438.40625	230472.5	211563.328125	210819.0625	204961.265625	201023.28125	198145.375	208622.734375	203599.453125	208000.515625
P0A7I4	1196904.625	1234635.375	1630197.375	1638533.25	1192897.5	1265612.875	1194811.25	1080331.25	1052371	1207515.5	1236262.5	924611.4375	1264867.25	1128329	1628363	1615167.875	1658448.25	1349784.375	1623698.25	1483611	1611650.875	1616423.875	1630293.5	1620600.375
P0A7I7	117645.140625	112132.3828125	112306.3671875	105590.0546875	88758.640625	109371.09375	111388.1640625	90429.03125	83171.40625	95368.75	102137.109375	178891.328125	93484.2109375	71627.2421875	96344.8984375	98752.1640625	99331.4140625	85109.9453125	100898.6328125	91772.0859375	102822.375	102441.3984375	95401.8515625	98791.4296875
P0A7J0	746644.375	724535.875	724171.625	667333	719485.125	600214.4375	632758.6875	649419.125	792945.25	684766.0625	631064.3125	963761.75	663478	739452.375	680190.25	610802.4375	656692.375	573824.8125	546685.4375	672074.75	658702.5625	720694.0625	684121.5	610420.75
P0A7J3	28939560	27049972	39158764	36476284	31179684	30218388	27940764	30237386	31152346	28665400	30118498	48354588	29652006	28677452	40132008	43888632	38999220	46441972	42296720	38338688	40722492	38263384	38689532	40718248
P0A7J7	12230356	12135126	17956734	17484118	14807105	14406250	13253129	14488394	17856638	13432391	13351775	17798948	13148345	14051204	16992106	17785052	16942992	23817806	18018776	17568834	17230378	17463570	18730904	17836078
P0A7K2	44418796	45874548	59197348	61703452	67477272	55560176	42098128	38483016	53141380	42069840	44546608	120735208	43295244	53334592	49569980	60648892	57151304	83030344	62128372	57543464	58110140	58725252	52857700	66429456
P0A7K6	5737117	5745013.5	6684107	7597022	5518221.5	6581632	4762243	4670804.5	4432067.5	4766758	5852823.5	4529854	5768776	4356735.5	7932614	7741219	9097807	6166528.5	7995968	6050889	8084988	8563551	6965695.5	7530934
P0A7L0	15352246	14615867	24164722	22099528	16722820	14548519	14535244	18247320	23413532	18064312	13445186	18680874	14940773	17694984	24101802	20414726	22663358	28957676	21276518	24351908	20172786	21121980	26443614	20132350
P0A7L3	10553035	9068640	9096953	11964640	7811140	12891088	8587203	6726860.5	4890480.5	7162934.5	11933478	8317161.5	10106434	6280249.5	9941049	14059611	11104586	7718968	13079289	9315890	14610408	13045230	9065541	14645327
P0A7L8	1724824.125	1792033	2473245.75	1998020.125	1730426	1299576	1467187.375	1699282.125	2767245.25	1581948	1136194.375	1998462.75	1372105.75	1737887.625	2728010.75	2215179.5	2479276.5	2437839.25	2094719.75	2276357.5	2082062.125	2122189	2798515.25	1945928
P0A7M2	14352473	16128457	17871296	20391024	12410599	13605134	12165534	10550838	8902266	13408810	13294124	7857018	12256539	9648983	17281942	20743972	23406592	13271895	21407014	16857490	17695884	17621602	16118775	16287939
P0A7M6	3005635	2900448.25	4414552.5	2902983	3926960.5	3053607.25	2577213.75	3239815.5	5238145.5	2972269.25	3011639.75	7178610	2929240.75	2771013	4315385	4326176	3952389	4731113.5	3766549.25	3746205	3656580.25	3400711.75	4205601	3733727.25
P0A7M9	849909.6875	868797	559276.8125	486044.28125	710746.875	365150.3125	412236.4375	492284.09375	1548275	510650.34375	555132	819670.75	499012.375	819565.1875	691498.375	588188.1875	511191.125	1267430.25	674778.1875	403509	329205.375	410599.9375	847029.4375	488566.34375
P0A7N1	634049.6875	513293.4375	4475722	3616810.25	959898.875	1443223.75	113180.3125	541977.3125	544970.0625	857635.5	323568.75	857656.25	592322.625	281489.5625	3988034.5	4168844	4395678.5	643612.25	3261766.5	4773915.5	4703826.5	4573305.5	2110899.5	4130775
P0A7N4	2562703.75	2872840.25	4537340	3212641.25	3653531	2536255.75	2285339.25	3500268	6474006.5	3662765.75	2371731.25	5518083.5	2454905	2758050.25	4222480	3614613.25	3883356.5	4785731	3332475.5	4041097.5	3388135	3301251.75	4747088.5	3414091
P0A7N9	3803814.25	3548070.75	5858611.5	3961945.25	3660382.25	2702751.5	2483415	3922234.5	6599292.5	3799343	2943497.25	5862689.5	3140936	3398144	4802314	4458690	4688745	5375172.5	4221764	4564040.5	3933789.25	3720370.5	5327200.5	3714004.25
P0A7P5	6743526.5	6348479.5	11930544	8525850	6656983.5	6541536.5	5834566.5	6844401.5	11300505	6854753	4958447.5	4377391	5267787	5138619	8115337	7154486	7206893	8440940	6866999	7347276.5	6834147.5	6318424.5	7787447.5	6274505
P0A7Q1	250859.078125	226992.203125	450427.96875	383227.1875	158886.25	99838.4296875	79974.9609375	140531.3125	434011.0625	102053.9609375	70324.0078125	113112.28125	106751.9140625	257836.71875	461432.59375	338932.5625	325964.875	591472.875	295950.03125	358844.4375	229834.875	193174.3125	340180.3125	241523.9375
P0A7Q6	111884.8046875	119782.9609375	103449.4453125	95914.5390625	36642.671875	37115.5	44776.3515625	25936.732421875	72483.65625	25961.904296875	43612.7734375	76733.9765625	49625.4921875	57329.15625	97856.4296875	87032.21875	74126.515625	112766.0078125	80971.703125	59068.13671875	64406.78125	67595.4609375	70078.5703125	82437.78125
P0A7R1	26330280	24603532	38452872	32788904	31919628	27306184	26157016	33653648	40549080	33144006	27188826	49027100	26897856	32211904	38621532	36903912	37614952	51909956	34291636	40594332	33830332	34946784	45212632	34822980
P0A7R5	13196127	13110910	19682524	17386428	16185812	15171048	12628207	16817088	16101697	15376419	14368243	22506920	13817975	14519955	20130724	19599186	18952070	23530466	18372090	20103226	17713326	18258278	21546826	16424868
P0A7R9	8245689.5	7770364	11420761	11010180	10611001	10200646	9006209	10251965	10190083	10248260	9285052	14173313	8813589	9562905	12146604	11414168	12411173	11951834	11360272	10914631	10437898	11185336	12925968	10985114
P0A7S3	5998248.5	6480328.5	10149506	9149454	6263740	4000243	4933884.5	6209345	7194811	6198404.5	3518785	5195702	4596676.5	6672678.5	9145136	8367520	8450041	11494746	8368646.5	9169072	7969595.5	7652568	9709573	8171767.5
P0A7S9	8396337	7540610.5	8134957	9185918	5792325.5	7016954	6882769	5372896.5	5308748.5	5302433.5	7641940.5	11803911	6780220	5209882.5	8688125	10067730	9150832	7522330	9905566	7553363.5	9964791	9069650	7393558.5	9507226
P0A7T3	25431666	24684448	33327230	29402742	29213326	23927954	23959980	29445006	38811072	29128636	26425586	51534168	23525140	27556290	32092476	32823462	33355140	43202828	30909226	34215604	29770638	29185594	38129544	30268232
P0A7T7	4878734	4215815	5738777.5	5430564	4877695	4730037	5333055.5	4443413.5	5213365.5	4485843.5	4561390.5	6473716.5	4798246.5	4389975	5748296	6221145	5743360	5442587	6242434.5	5258108.5	5333234	5281478	5929735.5	6191279
P0A7U3	10348956	9471892	17005698	13458741	12291224	9592513	9264532	13114611	19702454	12745556	9917273	13801241	11101296	12092236	16547902	15498718	16479574	20667158	14031545	15730224	13424725	13913036	18598544	13522133
P0A7U7	6120700.5	5022125.5	9553231	7541464.5	10486308	8602904	6621148.5	8907350	13357321	9668828	8352173.5	16500115	8094580.5	7967703	10835644	11499948	9882722	14870056	10573664	10242880	9098270	9275743	11198020	10356627
P0A7V0	9754219	9725479	13294332	12784066	11031595	9577263	10086513	10788647	11579236	10556876	9878217	14321039	10496546	11232853	14131570	14208540	13732185	16912514	13333824	13018721	13111269	13251154	14200953	13311985
P0A7V3	13713360	13051921	17316776	17172704	14742192	16354786	14876092	13114880	12062993	13813666	15301007	11116729	14245943	12446335	18628366	18734670	19757388	15661191	19849826	17041264	16918044	18273722	17401708	18384286
P0A7V8	34012408	33386884	45087636	44695620	35024596	41446480	34004968	34594392	34574596	34546976	37993636	29466736	31314438	32140022	43481628	44679324	45857436	47157804	45085940	43201952	44319376	43590200	46827904	44493044
P0A7W1	11592151	11578493	17944988	17174524	14424975	12678720	12891588	14535583	16476096	14106068	11861378	9718834	12892977	13869283	19537266	17440814	18254800	23020646	17662972	18223166	17305566	17302818	19762914	17301654
P0A7W7	7343041.5	8031624.5	11554736	10945830	8838549	8202788	8484594	8299625.5	7892227.5	9074385	8654784	11525935	8065230.5	8547033	12002269	11844545	11776914	13397962	11334171	11525397	10970746	11403778	12553631	11419000
P0A7X3	9017689	9958386	23182470	19298488	13846829	8066977.5	9558317	18792128	23454304	16243685	7828407	14281962	10844714	18745386	20432396	17816704	21339000	29934322	15517894	21197774	11707245	14552463	24442078	14881667
P0A7X6	671739.75	640667.3125	804885.8125	715049.1875	751753.9375	686074.5625	749966.0625	775699	780195.5625	751805.0625	801326.4375	1513305.375	739503.5625	711919.0625	853868	905812.9375	816513.5	1090745.5	965169.6875	858948.8125	838100.125	809623.5	807630.75	829779.5
P0A7Y0	691384.4375	744218.1875	738277.8125	822065.1875	723559.8125	684173.9375	660256.25	592411.5	566735.4375	580466.0625	652995.4375	867606.5625	630498.5	615258.1875	720112.8125	731902.0625	751995.0625	680877.5	714022.3125	715598	762870.75	749679.125	664241.9375	768116.5625
P0A7Y4	49642.25	64870.203125	71168.9296875	73653.78125	52279.53125	52757.73046875	61303.9453125	41263.87109375	47951.7890625	50057.0390625	55161.4921875	65807.7734375	50306.77734375	53053.2890625	60350.2734375	55749.94140625	73447.3125	55459.02734375	54475.56640625	57099.05078125	52140.60546875	61008.96484375	58515.421875	47530.04296875
P0A7Y8	337523.5625	308171.125	420389.15625	399535	331067.71875	306096.6875	300420.15625	366495.3125	318477.21875	345355.53125	327005.59375	426130.3125	313100.625	328266.28125	402934.9375	329149.6875	402598.59375	313415.65625	347168.03125	368684.59375	339899.21875	363730.03125	375855.40625	350125.71875
P0A7Z0	2129695.5	1962472.875	1582151.625	1455118.25	2051140.375	1861982.5	2170905.25	2002416.25	2233725.25	1932411.75	2173242	3833753.75	2141329.75	1970644.75	1659048.75	1706969.75	1554628.375	1854725.75	1558351.875	1614146.375	1669818.625	1668299.5	1507518	1569592.75
P0A7Z4	12744335	12402911	14116811	14280715	12084021	11561158	11422032	12472425	11869087	12290608	11378961	16021642	11730344	12509628	13799516	14202505	13552961	14567714	13951926	13904328	13749473	13696196	13841061	14266351
P0A800	1882850.25	1591648.375	2237844	1670836.5	2428745	1929383	1859651.75	2090877.75	3202571.5	2089853.25	2106206.25	5278075.5	1866325.75	1902792.25	2442268.5	2610134.75	2225166	3064209.25	2176922.5	2171964.5	1930463.75	1817425.625	2145445.25	1978800
P0A805	8091567	7363706.5	9255768	7530971	9692232	8526761	9250140	9884720	12296633	9601438	9012115	15522095	8894261	8801398	9684074	10401522	9614563	11373614	9630613	9682015	8815972	8464036	10638625	9055527
P0A809	146940.5625	132305.34375	116596.6640625	106024.3046875	156814.25	151058.21875	167459.09375	157410.3125	189005.328125	151945.8125	149156.359375	201019.828125	144480.71875	154158.5	110643.21875	115509.0625	108305.3984375	142151.734375	116439.90625	110912.625	113487.8046875	89092.5703125	129671.828125	104281.46875
P0A812	309956.34375	304091.625	309977.6875	289581.40625	316985.375	265694.65625	342954.3125	379911.1875	428346.78125	338456.5	302391.28125	392943.03125	299384.65625	369426.375	294528.15625	269620.78125	293921	341188.5	277829.875	306036.65625	264550.875	277194.71875	328013.875	263251.96875
P0A814	83289.9609375	65188.75390625	108513.75	131340.09375	123516.765625	132014.921875	83377.6171875	94672.703125	67357.515625	108792.328125	115866.0390625	67406.6796875	96867.8828125	94083.6015625	130134	144999.890625	128054.515625	120119.5078125	130218.890625	101671.078125	134181.4375	150343.953125	119410.8125	129920.5390625
P0A817	6253341	6465094.5	5678811	5480591.5	4944829.5	5050238.5	5376093	4390836.5	5575994.5	4822567.5	5408169.5	6632830	5113831.5	4834960.5	5577570.5	5467611.5	5210069.5	5757140	5605873	5150812.5	5855203	5681759.5	5263973.5	5650502
P0A821	422710.6875	421813.5625	465662.46875	471098.28125	350965.4375	481333.0625	388916.8125	322231.5625	307463.65625	321767.90625	406248.875	269040.5625	371371.71875	323809.4375	431342.9375	415996.28125	433290.9375	351903.34375	479429.34375	393878.78125	455155.96875	479128.78125	399959.125	467385.6875
P0A823	51530.953125	65466.75390625	53481.94921875	60201.7421875	61724.23828125	81818.375	56900.16015625	42944.98046875	32645.802734375	55711.296875	78985.4140625	74402.6640625	62304.0859375	56585.59765625	52264.03515625	70479.046875	62699.08203125	54188.6328125	60178.89453125	51745.95703125	51329.08984375	59438.63671875	52851.5859375	70718.921875
P0A825	15092342	15122978	17134642	19469756	15542076	14964354	17836100	17126124	15914849	15912669	16263894	17569240	16419783	17619150	17248028	18384430	16249623	22201652	16752929	18569968	19634424	19476046	17750150	20129846
P0A830	367898.5	355477.3125	13023.939453125	18875.328125	160580.34375	342446.90625	282534	116043.921875	96615.2578125	152967.59375	376236.53125	268553.5625	272123.8125	120563.9453125	14021.060546875	9471.564453125	10072.94140625	8387.22265625	13375.923828125	13488.1064453125	26534.8828125	8728.134765625	10768.9130859375	8701.1005859375
P0A832	686526.75	713811.4375	550050.25	599306.8125	551731.0625	804802.9375	560932.0625	423042.15625	357664.46875	468321.78125	757168.5625	617849.3125	634878.5	441774.34375	555662.5	576237.25	528136.1875	366652.3125	642038.25	467855.34375	739732	699007.6875	432809.1875	658889.5
P0A836	25944678	26158568	4653083	5329954.5	26157756	26721606	25005752	23503754	21934354	26713194	23894696	18752890	27373022	25723294	4459535.5	4487798	6122277.5	4727365.5	6485585	5337037.5	5243900	4284516	6472366	5584613
P0A840	210865.84375	190105.328125	153366.234375	152333.96875	240653.75	178688.6875	171446.78125	225227.234375	305470.65625	231027.796875	200970.46875	429478.46875	186096.3125	210914.140625	188320.984375	168970.546875	155377.171875	198476.65625	136262.53125	151711.15625	142589.46875	155911.40625	159550.484375	140412.671875
P0A843	48843.71484375	43134.22265625	157820.796875	109884.8359375	75711.0625	61709.23046875	72250.890625	77100.1796875	97953.546875	75764.9609375	74767.671875	203568.65625	78233.6875	61670.015625	157985.015625	177709.921875	123493.2734375	191438.65625	98102.375	147708.265625	138117.375	156035.375	137197.234375	173045.96875
P0A847	424948.90625	421646.8125	636153.125	629541.8125	362890.53125	288562.34375	418098.09375	403690.875	383946.0625	390370.40625	385433.15625	566902.75	361737.40625	401312.59375	587497.0625	596835.0625	522547.9375	652925.4375	539599	578625.5	496688.125	567751.0625	572396.5	548729.625
P0A850	9351793	8967240	12809933	11169616	10879350	10020163	9509344	11688856	13828037	11393221	10207780	15285547	10206032	11053140	12745593	12143939	12003039	16473875	12006599	13094481	11453132	11368510	14334132	11641951
P0A853	853106.875	856400	172710.859375	207199.375	1036186.375	1072628.875	1038296.4375	1054972.625	1103336.125	1057612.5	869498.875	601182.375	883105.5625	964939.5	141842.984375	159770.484375	125456.40625	124195.9765625	77605.46875	262470.59375	179085.265625	168363.671875	167494.734375	100324.0234375
P0A855	1374465.125	1369278.75	1343355.125	1415068.25	1549760.25	1458011.75	1472013.125	1566852.625	1775368.625	1513506.375	1458434.875	1660337.25	1486824.875	1508387.375	1448371.625	1453696.625	1568261.625	1592859.75	1477439.75	1477895	1437596.25	1355713.375	1600226.75	1433545.625
P0A858	5994971	5882320.5	6987003.5	6875741	4096614	4392586	5541702.5	4681689	4103455.25	4312780.5	5461287	9177212	5161071	4629244	6126134.5	6840717	5901533.5	7212676.5	6275914	6768762	6999329.5	6580647	6082564.5	7166405
P0A862	9844694	8733247	8450427	7818192.5	10904960	9269414	8227787.5	9483629	10721462	9934829	9934775	14695374	10652209	11463124	8488755	8391811	9238357	11504438	10560385	9795817	9119057	8007860	9815166	8455551
P0A867	2034710.375	2283530.25	1884666.625	2298721.75	1490841.5	1823018.375	2471128	1724121.625	1205412.5	1610548.5	1774940.625	2037198.375	1812932.625	1603223	1880430.25	2025149.375	2044629.875	1627130.5	2127461.5	2082821	2265550.25	2022815.625	1715804.625	2172347.5
P0A870	8172614	7896578.5	6279765.5	5863029	9708155	8509492	8030275.5	9168909	11081112	9254902	7988288	9335259	8336494	9654791	5705916	5688831.5	5740014	7004029.5	6021019	6911896	5807862	5790234	7070579	5841488
P0A873	361008.78125	332906.625	376330.875	378998.21875	343787.5	381038.03125	373983.125	337424.6875	304059.875	356096	407788.75	733228.3125	384972.84375	392823.6875	338911.90625	397064.375	368966.5	383685.21875	379224.90625	366323.8125	371700.1875	353356.78125	345637.90625	406610.5
P0A877	1564255.375	1395363	1949800	1391835.25	1938582.75	1657264	1770381.125	1896511.125	1908321.375	1892957.25	1581171.5	2854549.25	1683299.5	1786230.375	2047798.5	1893348.625	1954110.625	2329860.5	1684665.75	1819076	1570535.75	1667078.25	2096502.125	1673303.125
P0A879	2414976.75	2504466.75	3088558.75	2617215	2415695.5	2266674.25	2744534	2586148.5	2614196.5	2542538.5	2200149.5	3260193.75	2304139	2648309	2942456.5	2791127.25	3034167	3399641.5	2744381.25	2833584.25	2484933	2663409.25	3121075.5	2571686.5
P0A881	3834087.5	3488102.75	3147011.75	2053094.25	4124301.5	3568059.5	3701882.5	4396651.5	6091448.5	3820518.25	3745491.5	9360834	3696232.5	4053086.5	2901260.5	2963171.25	2811895.75	3152879.25	2364678.5	2653589.5	2304117.25	2317669.5	2924196.5	2345236.25
P0A884	456584.5	421828.28125	451820.625	456971	369951.78125	431184.03125	451277.5625	388033.8125	343147.5	395812.21875	423961.5625	374931.28125	404394.8125	410853.25	448829.78125	466729.96875	473026.59375	389994.625	499430.8125	442819.25	460549.34375	429655.4375	406705.09375	435564.71875
P0A887	1908118.375	2220797.5	1883143.625	2015318.75	1694608	1750761.375	1608493.75	1562333.5	1747011.375	1666253	1704785	1686946.875	1757743.5	1701438	1639052.375	1601141.75	1665855.375	1578731.25	1723348.75	1637041.625	1712705.25	1664995.5	1735685.75	1638942.875
P0A890	62929.3984375	61545.79296875	56129.8515625	42274.42578125	105979.7109375	73312	59804.890625	67202.9453125	119324.28125	68332.0625	66369.125	169773.53125	60679.02734375	61952.76953125	60811.4453125	63679.34765625	50601.43359375	67697.1640625	50498.21484375	50053.5	47500.546875	49673.40625	56680.00390625	51611.4453125
P0A894	887304.125	1013738.8125	831840.5	1044172.125	840384.9375	864761.875	806220.9375	847236.875	804879.3125	883799.625	814859.75	667906.625	826925.125	901920.875	776443.75	795047.5	903914.5	747859.375	805577.6875	893703.875	821910.625	840693	821523.875	836566.125
P0A898	282863.65625	262119.75	365502.15625	268958.46875	280048.0625	239520.21875	246616.59375	265993.40625	255253.703125	270698.78125	260717.46875	643730.75	252580.46875	229301.234375	282312.84375	260580.4375	279291.28125	237361.921875	261911.75	265520.59375	266488.1875	256207.625	235738.609375	238547.375
P0A8A0	1029516.375	894436.4375	1308201.25	971107.75	1501383.75	1219348.125	929911.3125	1211459	1884212.875	1259387.625	1160706.375	2438332.5	1117096.875	1158665.125	1414764	1338022.25	1206501.25	1534100.5	1101023.125	1211662.75	1163790.75	1142999.75	1360187.25	1215110.75
P0A8A2	626591.8125	574115.125	898087.0625	882049.8125	749388.4375	872163.1875	723797.8125	726370.625	742721.125	784089.8125	795314.25	1299057.75	740727.375	717508.375	1007936.5	997549	942519	1078485	944082.875	967516.875	938313.0625	982543.8125	1016319.25	1009212.25
P0A8A4	658087.6875	579553.4375	206368.078125	187640.984375	591129.875	632787.3125	585725.375	584260.125	489352.15625	576366.5	607399.3125	600449.4375	614892.0625	546461.25	177184.875	199219.15625	198888.46875	157207.921875	198122.453125	178915.359375	187123.625	201214.84375	185608.46875	176704.59375
P0A8A8	394715.78125	375384.84375	287062.90625	425565.28125	411364.0625	413533.15625	440006.25	227260.53125	185141.09375	273691.1875	512420.65625	728998	407378.34375	284623.625	372536.6875	476684.75	340009.34375	287453.71875	411738.84375	305596.0625	430442.375	409016	283277.71875	489987.59375
P0A8B2	36957.12890625	35222.19921875	42263.68359375	34469.7578125	35924.1875	34212.25	29517.943359375	35695.51171875	47624.4140625	37338.203125	30622.18359375	47468.98828125	31295.39453125	33362.3515625	32990.97265625	33798.1015625	33876.5234375	42084.5703125	34113.96484375	33465.51171875	31821.65625	33669.88671875	42966.359375	34319.71875
P0A8B5	2335092.75	2135439.25	2627052.5	1817228.625	3162231.75	2288086.25	2294713.75	2553756.5	4734135.5	2535795	2316982.5	4585575.5	2446555.5	2220005.25	3067446	2503037.25	2324499.25	2994632.75	2142541.75	2253488.25	2070651	2109347.25	2645067.25	2113581.25
P0A8C1	1141105.875	1020650.5625	700862.625	766075.25	926321.3125	1224940.875	1131810	712816.875	622023.6875	636321.25	1307776.75	3313602.25	1181641.25	788934.3125	412917.03125	1080323.75	299135.84375	684235.9375	752907.9375	401309.40625	753083.6875	341863.96875	352963.21875	667683.75
P0A8C4	681551.9375	537729.1875	835118.875	622813.4375	555225.3125	444872.03125	377801.15625	370052.96875	671571.25	505337.4375	340004.4375	1102253.625	535285.8125	460592.15625	665131.25	644867.3125	484798.40625	396487.15625	402806.84375	524958.875	579418.3125	485488.375	469008.3125	553351.1875
P0A8D0	323662.5625	328567.9375	249297.71875	256373.109375	261975.859375	246236.75	296557.125	298086.6875	368645.0625	301604.15625	268390.0625	461355.1875	294845.84375	288056.46875	236594.796875	227409.984375	245520.515625	265634	211313.234375	258161	213790.28125	215203.25	260005.171875	203281.75
P0A8D3	109714.5390625	102556.34375	136384.859375	124482.71875	124214.7421875	109950.4609375	120755.2421875	106472.6640625	125703.828125	118120.171875	100583.875	223804.703125	128023.1171875	117372.1953125	116341.59375	121329.7421875	124085.5546875	117805.046875	131738.140625	114670.625	117258.28125	114441.0234375	113811.03125	132743.0625
P0A8D6	361220.9375	387273.34375	341373.84375	355788.28125	354317.46875	342832.5	383183.3125	374338.71875	358102.15625	371058.5	338911.125	390962.125	361069.6875	367913.65625	368966.875	358111.03125	397531.46875	357081.6875	346577.15625	340912.75	326042.3125	358713.1875	334658.34375	359916.4375
P0A8E1	1602158.25	1888157.125	1679126.625	1650460.125	1551900.75	1478352.625	1550595.625	1590495	1631688.375	1521779.875	1424194.375	2795500.25	1472855.125	1505432.875	1590529.75	1549779.125	1496016.625	1568426.75	1363309.25	1512680.125	1514967.625	1587539.875	1346728.5	1589370
P0A8E5	150568.390625	163292.234375	155018.0625	118721.8671875	129535.609375	119990.109375	137295.46875	126785.8359375	165443.984375	124163.78125	118968.5625	270922.3125	120162.8515625	91928.421875	128514.5390625	129458.046875	139799.046875	125808.65625	129733.5703125	141856.15625	132897.75	108419.75	119301.953125	115921.2265625
P0A8E7	4454020	3871093	4972311.5	4029004.5	4685065.5	4144566.5	3959089.5	4625751.5	5620435	4604566.5	4535637	8638429	4514852	4584454	5205702.5	5044068.5	4812019	5852381.5	4074970.75	4760163.5	4592181.5	4538478	5066828	4556745
P0A8F0	9272183	8611076	10925780	8735895	10479371	9306982	9668339	10618627	12146550	11598745	9657064	11678066	9663511	10431401	10800911	9712799	9841190	12375854	10074200	10158858	9479502	9878814	11501466	9291709
P0A8F4	1011731.75	1052358.75	1180205	1086255	988333.375	899284.1875	944103.75	1082958.25	1062721.875	1057238.875	854499.125	802627.625	919966.375	1002829.5625	1042445.3125	948593.8125	993103.3125	1149833.25	953141.6875	964022.875	896440.75	964029.3125	1071168.25	902039.75
P0A8F8	290653.4375	291957.875	242929.5625	242294.46875	267204.15625	273266.875	295841.28125	281768.6875	281893.09375	275390.625	262128.53125	223931.609375	249886.5	262534.3125	224942.96875	211415.4375	233718.375	209093.09375	214445.578125	230192.03125	222648.203125	235033.375	229129.21875	216891
P0A8G0	282979.21875	263932.3125	322541.96875	301233.5	304147.3125	283117.25	288508.15625	295660.90625	295703.6875	284480.71875	270505.96875	212461.5625	270100.84375	288005.96875	320985.46875	320353.3125	305059.5	315613.6875	313215.90625	301655.625	315384.0625	318764.59375	311537.375	319909.84375
P0A8G3	435368.375	478447.6875	306796.46875	353479.84375	378400.375	402429.375	682445.8125	523104.46875	441225.40625	438862.6875	500637.3125	479350.9375	428225.4375	469218.40625	304448.03125	325598.78125	300460.8125	361898.09375	337314.21875	357338.1875	363834.46875	300342.25	278392	368237.34375
P0A8G6	3346817	3231619.25	3774128.75	3670405.5	4372762.5	4375840.5	4467745.5	4634289.5	4677721	4393973	3851106.5	4982187.5	3889808.75	4065330.5	4707337	4127596	3990442.25	4427684	3241410.5	3972554.25	3711484.75	4219774.5	4041654.5	3796043.75
P0A8G9	480556.71875	390453.09375	471270.84375	348978.1875	768983.8125	532064.625	463926.75	553340.25	871481.6875	543552.5	590535.25	1377934.125	542056.25	452283.125	511918.09375	571433.5	391038.5	610227.125	455060.6875	428239.71875	421277.59375	382855.59375	447499.875	480138.1875
P0A8H6	412606.59375	436946.46875	545356	368703.1875	597362.125	426870.1875	485793.375	577360.75	901355	577802.75	548027.625	981886.5	521009.4375	487297.21875	555500.9375	571217.25	535011.1875	652917.5	482557.625	527996.8125	472028.375	442682.40625	606398.25	478852.03125
P0A8H8	185315.296875	158356.453125	234287.765625	196450.734375	207866.953125	113759.796875	147888.03125	178526.875	262094.46875	188932.765625	187308.71875	336966.28125	168173.546875	167605.515625	181280.28125	181336.5625	182964.109375	269178.34375	184990.59375	153718.203125	142995.765625	110268.3515625	181140.640625	146755.015625
P0A8I1	253777.484375	212065.546875	235362.859375	240112.40625	311384.625	295254	258112.109375	269611.46875	305273.78125	266552.6875	283892.0625	430388.15625	240941.28125	270082.4375	281359.75	290213.25	274818.21875	321898.0625	278984.78125	251282.96875	256895.734375	270129.09375	260312.609375	279296.96875
P0A8I3	891012.875	918102.9375	1128042.5	1106179.625	935470.875	948804.125	975729.3125	1009378.75	929469.6875	1048081.25	884217.875	817726.4375	901362.75	1006605.125	1056125	1040954.5625	1118832	1123597.25	1144065.25	1142860.875	1058110.375	1058590.375	1238966	1128285.875
P0A8I5	345978.15625	388359.1875	421297.96875	393179.0625	359829.3125	317592.9375	365900.53125	441834.40625	426556.03125	400501.03125	342899.25	536287.1875	415799.375	489583.875	427603.875	387828.65625	461444.3125	535906.1875	441282.6875	441925.625	403265.5	386635.84375	447581.59375	422712.375
P0A8I8	164484.1875	186479.203125	203407.40625	190788.375	162563.25	151247.59375	153615.359375	164821.890625	186898.28125	179566.828125	156777.78125	296804.28125	149186.71875	168408.125	160599.859375	164617.359375	174585.09375	177978.390625	161809.5625	175920.6875	171923.046875	148582.796875	193891.921875	159926.796875
P0A8J2	71219.2890625	82843.3515625	65473.484375	72572.609375	71350.3515625	66988.5859375	50449.94921875	65407.98046875	95923.734375	73113.5390625	59897.0390625	86247.6015625	79866.6953125	59170.2109375	86518.6796875	62405.27734375	59447.37109375	80144.6328125	59469.03125	73962.578125	70561.3984375	66501.546875	83515.109375	42386.5625
P0A8J4	804219.6875	639850.3125	828708.5	706924.875	1153032.875	843413.125	833995.5625	1127894.75	1711264.625	1109528	780908.0625	1304367.75	836619.0625	983622.625	972892.9375	744740.125	818025.4375	1206953.125	685849.875	854103.125	682174	742796.9375	931718.5	709485.125
P0A8J8	1908558.625	2055475.25	2267453	2299131.5	1869459.75	2019508.25	1937320.125	1711290.25	1609067.25	1757896.625	1826720.25	1475364.25	1816312.25	1818605.625	1970656.75	1990062.5	1901500.25	1797816.25	1918288.875	1864197.125	1960320.375	1967744.125	1930253.5	2041363.5
P0A8K1	567787.6875	532403.5625	434833	485731.46875	509071.53125	589120.9375	556060.75	417835.28125	351059.3125	449285.75	595245	620272	539952.3125	395258.28125	447305	492225.84375	446758.15625	377646.0625	511324.71875	395561.65625	527479.375	498359.4375	392693.9375	507068.25
P0A8K5	215486	204103.78125	252562.1875	144334.125	217749.40625	182826.65625	164819.734375	215457.90625	277416.5625	179759.84375	185404.3125	340098.8125	192405.28125	169860.015625	236534.9375	181433.75	138477.09375	204966.546875	172061.28125	175108.875	151808.296875	137283.59375	137416.734375	159546.1875
P0A8L1	5973196	5368669.5	4445916.5	4342135.5	5266146	5928323.5	4356749.5	4735214.5	5240021	4617477	5291745	5012282.5	4882044.5	4627597.5	4265335	3926874.5	4523197	3512787	4161408.75	3993892.5	4445049.5	4544009.5	3899353	4272649.5
P0A8L5	163155.671875	140780.703125	221106.6875	147976.65625	144250.96875	140471.015625	112147.1484375	169815.90625	212711.046875	188068.90625	144330.59375	171350.078125	135800.3125	152849.3125	198825.34375	188573.953125	204514.234375	151451.203125	154409.65625	193021.578125	177446.84375	152437.3125	221804.515625	152496.890625
P0A8L7	37468.99609375	34690.9375	37331.0625	30559.611328125	43747.95703125	37830.8515625	42069.63671875	36897.328125	44837.54296875	44719.8984375	44051.54296875	93836.640625	42681.74609375	34654.42578125	35142.08203125	37095.90234375	37129.53515625	30849.720703125	32962.8515625	35626.72265625	36240.34765625	35846.28125	29897.876953125	36383.3984375
P0A8M0	5514367	5643130	6728389	6438561.5	6883664	5706127	5292763	5673780.5	5772431.5	6136728	5121353	4395722	5713370.5	6176244.5	6405055	5998632.5	6748723.5	5786658.5	6534389.5	6332245.5	6149253	6324320.5	6730484	6567183
P0A8M3	3320133	3679022	3249197.75	3474690.75	3350171.5	3497621.75	2807926.5	2755333.75	2872429.25	2934695.5	2999718.75	2516990.25	3029681	2908562.5	2993564.75	2829067.25	3092548.5	2411873	3069589	3039492.5	3276262	3272846.5	2752527.75	3134823
P0A8M6	6385782	5392703.5	11098606	6846011	6834651.5	4714030.5	4337786	5853747	11608766	5760626	5293782	10876461	5953981.5	5755349.5	11749214	9455646	9108378	10520580	7461677	8802107	8347035	8531560	10468372	7446503.5
P0A8N0	4568562.5	4033761.5	4001556.5	3902761.5	4703151	4285244.5	4183562	4547710	5412500	4484866	4615681.5	7268748.5	4305555.5	4823096.5	3639662.25	3805249.75	3619146.5	4119983.25	3830020	4170902.25	3837966.75	3531513.75	3740794.25	3554398.75
P0A8N3	3641575.75	3583984	3338254.75	3507180.5	3293406.75	3760571.75	2979076.75	2709972	2527932	2899839.75	3689113.25	2747467	3355067.25	2772279.5	3374484.25	3426767.25	3767616.5	2637056.25	3985614.5	3057824.5	3928354	4021303.25	3083123.25	3730355.25
P0A8N5	717685.3125	674085.125	557603.75	566296.8125	724493.1875	732596.0625	548987.375	630707.75	648478.1875	599270.4375	636876.6875	472647.09375	650389.1875	608913.625	546224	512214.84375	552543.0625	426567.4375	560009.5	563524.9375	592785.0625	607631.9375	514223.9375	546152
P0A8N7	30214.861328125	31959.638671875	51182.08203125	46954.88671875	26045.353515625	34452.609375	23927.6328125	29061.923828125	36171.55078125	18097.283203125	30019.009765625	21127.458984375	27738.6484375	27719.291015625	53648.73828125	45971.921875	48370.2578125	44957.19140625	43290.72265625	45003.6171875	43555.828125	49534.5234375	41963.125	41942.91015625
P0A8P3	1058879.25	1177397.875	1011673.6875	891233.75	857881	802144.6875	1047409.4375	895365.5625	1041875.75	864159.75	1009340.5625	2078048.625	913729.875	815390.875	880445.1875	955062.5	877880	906284.8125	954433.125	1011907.375	939178.75	803956.8125	902926.6875	877205.6875
P0A8P6	100192.6796875	122045.8515625	120962.1328125	133240.515625	79287.1015625	91937.1484375	102064.4609375	90883.7890625	80453.5625	91745.296875	107713.390625	92570.8671875	95413.328125	98480.6484375	113779.8515625	98537.625	110029.8515625	106331.3125	105312.8359375	94100.671875	122865.7265625	126897	110216.1484375	98228.53125
P0A8P8	31418.7421875	47969.390625	44179.46484375	46421.51171875	26236.373046875	32396.982421875	42630.25	21595.548828125	20639.4375	30137.31640625	33829.43359375	42557.79296875	35021.859375	25763.9296875	48625.62109375	40229.54296875	45171.44140625	31870.873046875	43632.1796875	38982.26953125	51658.05859375	41792.96484375	34792.703125	34990.359375
P0A8Q0	191980.703125	206386	168788.5625	172185.8125	178664.6875	249293.671875	121483.078125	139218.078125	155146.40625	123082.9453125	185426.71875	108576.5078125	164704.109375	120067.6640625	174064.609375	156389.6875	177416.625	124231.0625	135271.375	122636.7734375	188591.234375	210786.5625	126339.8359375	160721.09375
P0A8Q3	42222.35546875	43024.3515625	68520.78125	48444.140625	80260.6171875	68410.6015625	43850.484375	64651.125	111255.796875	61425.59765625	56170.01953125	34170.10546875	46616.76171875	51552.26953125	56343.828125	47158.265625	57104.51171875	60551.8046875	30202.24609375	51910.94140625	45421.94921875	57720.84375	53430.1640625	34734.265625
P0A8Q6	262593.9375	236438.78125	225928.46875	207124.90625	257513.484375	310002.03125	226534.5	128803.65625	199766.71875	121043.9375	212602.078125	250493.90625	158566.546875	362816.5	167966.625	163419.953125	173322.234375	237073.953125	208156.5	48946.46875	143275.421875	121704.21875	147948.1875	169470.125
P0A8R0	3839251	3314114.75	2713510	2755077.5	3471278.5	3366072	2978735	3061402.25	3701082.25	3013415	3871951.25	10085463	3230300.25	3265497.75	2414898.5	2948175.5	2394203.5	3131486.25	2871680.75	2657394	2898331.5	2638100.75	2488863	3105170.75
P0A8R4	172180.390625	147455.984375	156554.328125	127175.7109375	235245.4375	182938.6875	290151.28125	189740.875	184557.625	207942.65625	236765.71875	580882.9375	212633.03125	183253.203125	144614.40625	186347.1875	154251.296875	182868.046875	151940.25	163961.796875	146482.96875	143042.203125	154951.09375	175180.609375
P0A8R7	73622.109375	75116.2890625	80208.375	72688.2421875	64970.65625	60129.34375	74297.40625	67361.375	79604.515625	70089.296875	69995.2265625	74861.75	61162.796875	76592.296875	62365.6875	63795.97265625	64945.28515625	68163.03125	61586.2421875	68106.8984375	56197.265625	70043.4375	64066.48828125	61452.6953125
P0A8R9	138259.921875	139434.9375	110122.5078125	135450.15625	73317.078125	111654.8125	97456.375	85669.8671875	73573.3671875	74419.8125	99835.640625	88036.5234375	103435.953125	75890.2578125	104716.421875	123571.40625	115305.328125	84291	128773.109375	118094.109375	130390.203125	126124.859375	113813.6015625	103908.6015625
P0A8S1	464450.09375	429919.09375	505976.90625	445550.40625	548082.4375	429624.21875	430773.625	499495.46875	611592.3125	556502.0625	417898.40625	582424.6875	405878.125	508857.25	475132.40625	426322.625	492398.5625	524429.5625	457474.34375	492229.65625	397778.8125	439889.375	501917.90625	362866.25
P0A8T1	303858.5625	277546.6875	302630.59375	282215.375	186888.078125	247292.578125	237205.109375	200845.296875	186596.984375	204836.734375	242951.828125	521406.5	252801.015625	183846.140625	271717.25	285305.625	256194.640625	207485.3125	268707.1875	285490.6875	330423.78125	309379.5625	266933.625	286690.8125
P0A8T7	6377005	6495562.5	7995170	8001381	6663374	6419909	6662930	6778418	6825282.5	6801806.5	6172588.5	4133694.5	6442107	6773168.5	7828843.5	7495541	7663419.5	8031475.5	7788885.5	7707459	7477537.5	7629122.5	7936889	7483326.5
P0A8U0	108390.296875	115525.875	88090.2578125	98565.515625	62340.33203125	79163.5	88411.8515625	53266.5546875	54290.66015625	61874.8203125	73077.6796875	164286.84375	72411.15625	60339.15625	67916.4140625	75215.375	94342.1953125	53336.37109375	79388.125	69515.421875	81875.09375	85717.984375	63037.9921875	79349.1953125
P0A8U2	57992.546875	53484.59765625	41890.41015625	52199.04296875	46843.01953125	76325.3671875	49162.42578125	20785.025390625	41348.13671875	42745.97265625	64373.39453125	66611.96875	53965.46484375	33945.9609375	47944.63671875	55658.8671875	53801.625	14523.98828125	54361.45703125	47717.046875	67283.96875	56661	33044	60929.57421875
P0A8U6	1860378.375	1893796.875	1817370.75	1223794.625	2085041.375	1450681.75	1353818.875	1805968.125	3399597.25	1674377	1256527	3241369	1492363.625	1728350.5	1794999	1585440.375	1566207.5	1906843.25	1136850.75	1453832.75	1387083	1393777.375	1786336.375	1288887.75
P0A8V0	186859.828125	158274.65625	232390.390625	185481.484375	238772.625	199788.953125	210822.46875	187153.875	216571.921875	239399.21875	182672.78125	249183.03125	173937.875	206980.609375	241172.71875	195532.703125	206051.015625	229956.78125	178941.9375	232199.703125	182856.21875	208700.328125	205067.671875	178118.625
P0A8V2	5868793.5	5730674.5	7522659.5	7603021	7382846.5	6833255.5	6958501	7195403	7303354.5	7179478	6407746	5158065.5	6294077	7100366.5	7564211	7467399.5	7488778	8576088	7651346	7827414.5	7168148.5	7158218.5	7747399.5	7530366.5
P0A8V6	398424.28125	391509.25	337908.78125	361216.5625	307647.9375	372539.96875	379963.78125	285355	216289.453125	261049.640625	391235.03125	558787.3125	349998.78125	285079.875	341367.4375	398608.375	369061.75	256143.078125	386390.8125	293451.03125	381683.3125	321681.125	285450.90625	354929.8125
P0A8W0	242899.984375	245094.25	231411.84375	225749.703125	230534.984375	249855.421875	222784.78125	232008.9375	215010.03125	210233.765625	241397.25	351966.5625	230807.640625	195052.796875	216658.9375	201583.859375	215062.953125	228711.5	194282.546875	213673.671875	203171.625	204895.859375	221630.71875	205196.359375
P0A8W2	2547160.5	2055970.25	1535787.875	1228038.5	2420773.5	1916142.375	1817818.625	1953001.875	2830716.75	2104791	2053597.5	4280817.5	2148887	1891173.625	1328296.625	1434637.375	1240101.875	1483009.25	1182327.25	1318684.625	1326668.875	1418102.875	1402515.5	1407136.875
P0A8W5	539228.875	447314.3125	495725.5625	492994.53125	467068.5	451959.875	469031.34375	441776.09375	463137.59375	437543	501548.25	845119.3125	447895.90625	428898.28125	486749.03125	476478.34375	481009.8125	422977.46875	516515.21875	489953.875	503860.375	516410.5625	486006.09375	479967.4375
P0A8W8	1250288.25	1436101.25	1876048.875	2030518.125	1051229.375	1328733.5	1336067.5	1066813.625	866093.4375	1154679	1378793.875	1292058.375	1250087.875	1018449.9375	1878676.75	1911424.125	1873156.375	1390360.5	1789888.75	1768697	2077455.375	2083375.5	1495983.125	2058013.5
P0A8X0	435921.40625	382896.75	493422.0625	359133.4375	442031	441947.25	466748.15625	462260.34375	578845.875	457389.25	479862.71875	1115207.5	454355.03125	423806.34375	488172.90625	531412.375	450832.03125	547802.4375	443201.5625	445825.875	452890.71875	386731.15625	497246.75	422351.1875
P0A8X2	801705.4375	844022.9375	459678.28125	500637.1875	636117.125	600642.5625	946130.0625	879095.375	822631.875	816564.625	902673.75	1826188	951092	857329.8125	461265.375	514381.59375	559382.9375	548151.0625	635013.9375	658034.4375	584751.4375	412286.9375	666769.3125	593703.625
P0A8Y1	20500.537109375	13933.8076171875	17050.15234375	22049.685546875	8229.568359375	9244.14453125	16563.201171875	9572.7783203125	16758.61328125	8221.2509765625	5689.189453125	27584.625	15061.87890625	11726.82421875	10226.1875	15966.544921875	14696.6494140625	19491.998046875	14889.8876953125	15984.814453125	18512.701171875	18536.626953125	12972.662109375	20605.3125
P0A8Y3	1210867.625	1457174.125	604134.0625	613661.625	956844.0625	1158215.75	1207736.625	989382.625	987765.0625	1017325.3125	1168303.875	1637069.125	1101435.625	750999.5	545235.625	497984.53125	573028.875	340379.40625	572404.0625	507884.1875	679063.6875	607951	463257.9375	597028.625
P0A8Y5	459247.15625	435362.5625	895179.8125	809389.125	488351.3125	447095.4375	512719.875	546240.5	634998.0625	513076.375	441846.5	644428.375	432635.0625	522391.875	959531.125	820940.9375	825658.875	1099099	786113.25	860960.3125	755724.125	759735	956825.625	789038.5
P0A8Y8	56188.17578125	66659.140625	61736.41015625	80062.4609375	33102.44921875	29052.58984375	87009.6796875	85083.375	46743.265625	57855.23828125	48813.36328125	112465.015625	66591.8125	74479.546875	81939.8125	54266.90625	77758.328125	69266.6484375	79537.140625	98170.1484375	103027.8984375	75691.0546875	21747.5234375	111139.390625
P0A8Z0	98366.5625	99817.1171875	122892.578125	117707.515625	123786.3828125	99540.5	79932.4453125	110998.9375	166955.921875	122090.546875	83465.9765625	63597.0703125	84947.2265625	119025.515625	118316.2734375	117334.9765625	112883.109375	148524.03125	109655.8046875	123897.296875	94791.1875	100220.5	144844.625	94666.3359375
P0A8Z3	83474.71875	77737.6171875	42376.32421875	68563.0859375	46050.80859375	56799.13671875	41056.4453125	37512.49609375	32729.052734375	34339.671875	55452.796875	58198.19140625	49788.234375	42309.1015625	39060.5	33004.06640625	34795.84375	22165.46484375	22392.205078125	38585.80859375	44475.328125	44155.53515625	38553.41015625	29712.6484375
P0A8Z7	63145.34375	76541.78125	61530.25	57796.19921875	54137.140625	38952.48828125	49165.7265625	79047.640625	88464.2265625	60597.20703125	47394.703125	110008.890625	46154.85546875	75941.53125	39530.80078125	34281.1875	45230.28125	11869.333984375	36590.875	42533.66796875	32852.23046875	28664.73046875	42310.046875	39073.7265625
P0A901	314238.4375	338114.78125	199039.875	245464.46875	367200.09375	429288.71875	448863.65625	405916.03125	362252.46875	363479.46875	399954.3125	755448.3125	368663.5	355915.09375	201702.921875	225932.03125	239765.265625	254062.328125	252585.984375	255564.296875	228312.515625	208355.4375	251028.296875	248142.09375
P0A903	1370143.75	1180768.625	1415186.875	1021959.625	2087222.375	1412323.375	1337813.875	1721456.625	3163038.25	1620034.875	1642442.125	3569973	1558153.25	1597779.5	1615807.625	1525085.75	1430420.375	1811606.75	1239973.125	1412084.625	1278317.25	1292364.875	1653612.875	1346455.25
P0A905	7567739	6950509	5115679.5	7067582.5	4624735.5	6235594.5	6419111	6166393.5	3315730	5123588.5	8563679	21066226	7307387	7866781	4537327	7034131.5	4342378.5	8131726.5	6952083.5	5549387	6978270.5	5672507	4714892.5	6910336
P0A908	1369143.375	1427127.625	1308061.875	1546720.75	1394441.625	1244798.25	1169640.375	1210619.75	1287616	1360147.125	1474103.5	2488009.25	1611598.75	1836845	1225911.5	1445419.625	1575286	2026835.5	1760389.5	1674447.375	1429152.5	1385671.75	1471320	1610271.5
P0A910	122122080	96097432	95029216	94242000	129011080	128600032	103989144	117155120	124991952	113406888	126169192	287574976	102241448	137407440	89075304	116342168	87926008	154552784	111505152	99981312	96007672	79427320	94288224	101295520
P0A912	6835268	5676858	6201703	4595466.5	9652465	7057110.5	5420806.5	7933459.5	13778110	8245630.5	7538648.5	14881493	6484995.5	7171313.5	6167192	6926854.5	6234044	8320844	6337233.5	6236976	5445149.5	5313153	7203770	5999006
P0A915	7152070.5	5437854	1979700.625	2444176	3973318.5	9922473	2261296	3558792.5	3408823.25	4754321.5	5445453.5	10342186	3476876.25	4045449.75	829654.75	1655229.875	1246698	1626907.625	2060210.25	1833945.875	1530613.75	715943.6875	1222475.5	1593935
P0A917	6813289.5	5139411	8564011	10408041	3700894.5	4543825.5	8536317	3492965.5	2378920.75	3432536.5	7948581	20470076	3370485.25	2742074	3243915.5	7644692.5	2960253.25	5574661	10140116	6824052	9038544	3569735.25	4410566.5	7654873.5
P0A921	224153.421875	227995.1875	172612.53125	211386.875	200471.953125	215584.453125	208182.875	182348.328125	179087.109375	173603.265625	220030.734375	446096.5625	229005.796875	194261.09375	178048	190507.9375	197982.484375	189939.4375	198554.875	160112.34375	190478.375	179734.703125	152634.890625	178876.296875
P0A924	555367.5	1019630.4375	418484.21875	613863.875	420289.78125	622048.125	511784.1875	605562.75	670304.9375	538972.375	523265.75	543831.1875	361708.5	460448.8125	497210.65625	361402.53125	448385.96875	484988.78125	329971.9375	366814.78125	394418.78125	410851.5625	379557.96875	324056.75
P0A927	1900808.25	2119574.5	1805763.125	2336841	2410644	2139859.5	2121267	2451999.25	2942242.5	2478299.5	2066105.75	4213933.5	2283740.5	3062983.75	1634984.125	1785877.625	2315348.75	2991105.5	2417675.25	2478590.75	1757935.75	1805824.5	1858387.125	2178010.25
P0A932	44051.7734375	47227.3515625	44873.953125	50582.734375	32329.59765625	28133.849609375	28970.869140625	30029.466796875	39681.44140625	34648.28125	27878.80078125	41494.2578125	42397.28125	43505.6796875	40228.55078125	37457.09375	43569.6796875	39896.15625	37830.16796875	39949.25390625	32113.79296875	38210.58203125	47086.0859375	33953.59375
P0A935	361613.96875	347337.15625	341866.8125	346087.0625	340505.28125	305839.0625	330393.09375	321964.9375	400348.96875	326911.53125	364795.875	752443.25	329196.8125	323337.90625	324195	350757.875	327167.0625	419994.25	373097.0625	339214.75	352664.46875	304724.5625	363797.0625	352109.65625
P0A937	2464764	741004.4375	1011022.5	589115.5625	173446.546875	975549.1875	829875.375	1097011.125	1382321.5	853081.5625	1084356.125	2213973.25	1148241.875	878628.375	257700.328125	1024933.5	1084914.75	844893.125	1057985.625	1447959.5	804207.1875	779303.5	874293.5625	1468391.625
P0A940	3280514.75	3100722.25	3038226.5	2936677.75	3846028	3658411.25	3341111.5	3885548.25	4529000	3823477	3925927.25	7138849.5	3557554	3856711	3269050.5	3386017.25	3301488.5	4305303.5	3386894.75	3339750.25	3157040.25	3078901.5	3427446.5	3295037
P0A944	82285.3203125	85335.2890625	54045.10546875	72338.3359375	48218.68359375	74091.4453125	79605.1328125	46660.66796875	64769.86328125	52398.41015625	72202.4375	96561.34375	61396.23828125	40119.44921875	57487.15625	65751.265625	67467.2265625	68679.2265625	75863.7265625	53632.68359375	68827.015625	69920.1953125	57924.1171875	66664.8515625
P0A948	211380.78125	186039.21875	151381.3125	200331.171875	132622.484375	134537.03125	112548.1640625	96565.75	131146.109375	90946.953125	152584.140625	106694.375	152535.421875	102426.9765625	144683.703125	166395.21875	180625.375	117441.0546875	202911.53125	143923.5	217904.953125	183106.25	131152.546875	175885.640625
P0A951	141081.859375	143297.828125	78429.0625	94632.3984375	103119.9296875	125455.5546875	72301.578125	85927.34375	72389.34375	76393.8046875	123673.015625	89635.4140625	111138.8671875	81601.15625	83085.375	94505.3984375	99780.9765625	72112.65625	95508.96875	79229.15625	113645.265625	103353.734375	85328.5703125	103892.234375
P0A953	4351831.5	4207979	3474766	3535253.75	4516635	4153326.25	3786167.75	4646738	5077251	5011184	4206659	4086656.75	4310967.5	4727660	3389367	3322171.75	3305227.5	4107761.75	3207904	3691105.25	3424164.75	3500622.25	3838998	3408164.25
P0A955	3331346.5	3019532.5	3398549.25	3168042.5	3304344.75	3111237.5	3201804.5	3410674.5	3837523.25	3023369.25	3113456	3936158.5	3723735.25	3358534.75	4503758.5	3830074	3791181.75	4331106.5	3628172	3591831.5	3631514.5	3839993.75	3803079	3874005.5
P0A959	134828.203125	169494.578125	113190.484375	142705.71875	84292.8046875	118919.9765625	128744.875	97584.96875	88300.2890625	109662.5546875	112229.421875	89980.375	122652.1171875	113269.7734375	100389.671875	111147.296875	115124.59375	92922.5546875	134292.140625	122216.9296875	123158.4921875	110547.7421875	105767.4140625	123092.828125
P0A962	153808.65625	164035.390625	171507.125	174232.484375	123911.6875	132960.953125	144477.125	145080	140598.34375	141157.96875	158674.109375	159113.734375	148963.703125	152133.09375	153417.625	163249.03125	170331.53125	175050.265625	176637.421875	167301.375	175254.734375	162275.65625	170873.078125	167951.0625
P0A964	238944.125	281280.5625	56761.37890625	21093.634765625	117799.6171875	133048.59375	271954.03125	439091.5	98491.203125	156931.71875	450501.15625	599011.5625	300836.875	376548.9375	15694.837890625	25270.755859375	27776.740234375	41780.15234375	48983.66796875	19587.013671875	22456.318359375	17154.056640625	50861.14453125	23668.955078125
P0A968	2037593.875	1779900.125	657248.125	432233.46875	2362424.5	2121817.5	1552138.375	2284229.75	4852781.5	2505723.25	1964660.125	3227666.75	1918128.75	2180093.25	628551.25	552298.5625	558144.4375	708670.8125	348462.8125	634876.5	505544.8125	521591.4375	796971.6875	463756.6875
P0A972	13089139	12080132	17322766	15563155	17539206	13277850	15079292	16830094	22260922	16143157	16014376	35196956	15027574	14940856	17082292	19113886	18557290	23356804	17234926	14886525	15223544	13544023	18271982	17934520
P0A978	555488	824346.375	622577.8125	636937.5	499400.625	296995.1875	447043.8125	728601	491028.0625	587716.4375	482521.34375	996368.625	616674.125	552273.125	547807.5	569504.75	629768.625	631460.8125	454437.6875	544158.625	572833.5	458348.4375	619720.5625	546170
P0A986	62802.7890625	112213.0703125	146901.6875	104160.609375	106739.515625	75503.265625	115862.1484375	111798.609375	NA	98819.390625	88831.375	195021.203125	73985.234375	NA	NA	121513.1796875	NA	NA	82921.796875	NA	NA	NA	NA	NA
P0A988	438813.875	492704.125	471525.09375	463589.6875	501697.40625	494736.375	417581.625	423770	489549.0625	474289.03125	453075.71875	319027.1875	434294.09375	465968.6875	479299.21875	467666.5	486852.0625	434292.28125	452750.9375	476034.59375	449688.21875	476332.3125	486241	463410.34375
P0A991	9362577	10322223	4442157	4566055.5	8857790	9554781	13011830	10296988	9873551	10068938	10022867	8193609	9674078	9908760	4764936	4616202	4496771.5	5317919	4475844	4826481	4661568	4799756	4532435.5	4529002
P0A993	3028892.75	3024144.25	1479078.625	1513423.625	2651687.25	2624762.5	2402847.5	2983958.25	3250057.75	3113665	2364882	2009578.375	2772013.5	3096248.75	1297753.375	1282575.5	1450589.75	1407885.5	1350730.25	1448198.75	1243505.625	1323661.25	1597430.25	1220979.375
P0A998	2044140.25	2106988	2241011.75	2075973.375	2880999.25	2540141.25	1336059.5	2069509.75	3919373.75	2303301.5	2368244.75	3862124	1648074.625	2388478.5	2633973.5	2458731.75	1500830.375	3135707.5	1439973.375	2328118.25	1957937.25	2699242.5	2449958	1787695.75
P0A9A2	207628.984375	205747.84375	197917.296875	151924.4375	217810.4375	170868.875	196951	229627.484375	262521.34375	199717.6875	238981.9375	327050.96875	204523.171875	229582.90625	160425.1875	157736.78125	150423.71875	186747.921875	146923.484375	147243.8125	138130.515625	139930.921875	170656.578125	140405.546875
P0A9A6	2696436.75	2677038.25	3586992.25	3333235	2852034.5	2948111.25	2813713.5	3238806	3022755	3152399	2927606.5	4411715	3013835.75	2990704.5	3718227.25	3528678	3597556.75	3963319.75	3573486.5	3747674.75	3500338.5	3664878.75	3834712.75	3473742.25
P0A9A9	1597164.375	1580536.125	1165486.125	951732.9375	1659020	1309190.875	1704522.5	1744173.75	2415456.5	1668935.375	1778256.75	3981521.75	1607890.375	1747630.375	1175617.875	1074011.25	1046726.5625	1557030.625	971843.5625	1041657.25	912214.5	839523.0625	1308221.5	956503.6875
P0A9B2	20383722	21906244	44413072	52080120	23345026	21808796	21538502	21895388	20296654	20224782	22148136	21546454	23595618	22419008	52473264	50101728	48047660	52162580	45507308	47447716	52759820	55080612	44687824	58706600
P0A9B6	168873.296875	194578.6875	243218.78125	248097.171875	133781.703125	175323.890625	167344.484375	160996.109375	135802.375	152260.25	163933.296875	87540.640625	181683.3125	150410.125	230327.875	236952.15625	222474.171875	213065.421875	209823.921875	199106.859375	251511.59375	260747.171875	216152.328125	244003.53125
P0A9C0	50461.54296875	33008.90625	64945.83984375	59384.22265625	60076.10546875	36059.72265625	38040.1171875	51038.6640625	30617.646484375	34532.2578125	54457.25390625	NA	47255.34765625	38601.4296875	76871.0703125	95442.453125	52592.97265625	46335.75	73019.8828125	44456.62109375	62554.53125	40702.66796875	39481.62890625	64654.59375
P0A9C3	1147313	1029026.875	794559.1875	727779.25	1479184.625	1208031.75	952357.125	1159347.5	1350952.75	1285437.25	1177196.875	1868149.875	1143812.125	1196251.75	823871.25	762169.8125	757337.75	847753.625	735602.3125	813421.0625	785236	740516.5	833024.3125	793916.5625
P0A9C5	4540164.5	4841300.5	5443993.5	6364168.5	4328339.5	4873397.5	4559100.5	4841983.5	4832820	5035913	4763052.5	4164667	4634030.5	4819773.5	5207055.5	5212243	5515554.5	6612505	5735854.5	5654192.5	5624978.5	4910766	5855929	5828090.5
P0A9C9	293184.375	281290.25	400622.21875	425083.5	292931.5625	315944.0625	331904.6875	288722.09375	263126.9375	276452.90625	314209.65625	304562.3125	282742.46875	263841.0625	398200.6875	418826.9375	395677.90625	350616.28125	412308.59375	380055.1875	431007.46875	471913.28125	359580.875	463664.1875
P0A9D2	3752312.5	4025305.75	1985256	2320705.25	2333105.75	2907060.75	2958635	2765178.75	2680435.5	2669860	3010980.5	3759036.5	2844294	2729309.75	1565309.75	1925759.125	2021169.625	2009663	2225977	2089443.875	2118900.75	1767887.125	1934599.625	2078836.5
P0A9D4	232084.03125	217194.359375	190598.984375	197194.109375	231068.015625	216715.828125	258484.6875	227344	191220.796875	207498.796875	211286.765625	215707.75	228176.109375	225265.75	180194.65625	177202.015625	180772.53125	186418.65625	192699.328125	184169.28125	179150.234375	171961.640625	189087.671875	178369.78125
P0A9D8	3697025.25	3868338.5	6588810.5	6915764	3443407.75	3852845.75	3457768.75	3327098.75	3181606.5	3225188.75	3718856.5	3469397.5	3596492.25	3127737.25	7215049	7190251	7513220.5	6371567.5	7290204.5	6910325	7832262	7457082.5	6901315.5	7313715.5
P0A9E0	44269.8046875	57073.54296875	25340.34375	40291.953125	42092.04296875	45515.62109375	54126.15625	62972.50390625	57864.6953125	41185.77734375	41298.890625	18035.205078125	33645.97265625	50883.41796875	29294.4921875	19388.19140625	24154.560546875	14337.0654296875	22297.880859375	29465.44140625	28665.669921875	21021.404296875	18849.26953125	22660.041015625
P0A9E5	497393.90625	555236.4375	474802.90625	526404.1875	492642.0625	576292.6875	564317.9375	425213.90625	293460.125	452985.96875	525674.6875	683648.6875	543253.5	417881.71875	523238.90625	561724.3125	564843.3125	361389.21875	570060.5625	478854.1875	570710.9375	568801.75	463628.875	612297.6875
P0A9F1	131656.796875	131053.3359375	104983.875	107092.9140625	126250.5859375	106712.375	98374.2265625	121386.2890625	168966.5625	113875.9609375	121258.765625	248325.375	125161.609375	132070.0625	92378.9609375	108843.4765625	117085.1640625	121309.6015625	108112.0625	101553.828125	96907.953125	91551.359375	126411.46875	102089.1953125
P0A9F3	873976.1875	911723.75	949692.1875	989689.375	773170.8125	916009.0625	834879.375	797797.5625	639899.75	807307.125	904328.25	595471.9375	888265.9375	861696.5	919889.6875	933925	968649.4375	878707	1004138.375	943391.6875	932139.625	960224.25	929307.75	934369.625
P0A9F6	170284.609375	151424.265625	122462.84375	129043.25	133118.5	165305.40625	128450.15625	136836.265625	113272.84375	128274.2109375	149379.40625	93923	148098.875	135012.21875	116084.453125	127415.671875	120416.0234375	89540.140625	111609.8203125	111008.1484375	124011.71875	121481.40625	93760.5859375	110065.25
P0A9F9	174398.5625	199797.921875	237745.796875	248604.28125	223989	223336.9375	123174.71875	157082.453125	224362.640625	182395.265625	141412.15625	99392.5859375	157370.546875	145177.46875	233802.484375	229821.640625	235667.609375	205467.078125	192288.515625	228637.640625	211451.625	217503.3125	271771.65625	229702.921875
P0A9G2	56422.01171875	61712.5234375	63476.35546875	53157.9453125	30271.55078125	46781.48828125	38484.04296875	37727.8984375	34832.48046875	32684.07421875	38362.12890625	34313.765625	35814.76953125	35985.8828125	45160.48828125	39321.0859375	54358.796875	31622.22265625	38813.02734375	49789.515625	56495.78515625	51053.72265625	45042.09375	42991.55078125
P0A9G4	38257.8515625	31965.943359375	38218.59765625	28750.09375	27181.96484375	32567.001953125	30362.3828125	37844.41015625	41093.2109375	40879.5859375	33131.16796875	76021.2734375	35509.51171875	36642.1328125	36381.41796875	34134.7890625	35393.26953125	37822.16796875	30663.2421875	32051.87890625	35171.58984375	35385.1484375	38565.703125	33318.890625
P0A9G6	76327352	73936328	20530888	22397050	81023360	76921888	84445656	87135192	65606448	94950640	68949192	62101908	81695216	90294256	18529958	20058812	22452586	24721922	26068870	25561468	21200924	17661034	25975988	21427066
P0A9G8	107750.265625	106751.25	110481	117269.9453125	86317.171875	113855.6328125	92460.9140625	93541.3046875	78653.9765625	89663.578125	104239.1171875	111319.546875	98705.5703125	90696.9609375	100161.2421875	115829.5390625	120239.2578125	95649.1640625	111185.6328125	106899.1953125	111550.359375	111060.875	101781.8046875	106168.0390625
P0A9H1	508941	526062.5	672162	697111.1875	499776.78125	525396.3125	593023.4375	596748.625	437391.15625	540391.75	560797.5625	1251593.375	550651.25	559002.0625	649624	682475	677870.3125	684444.625	680603.1875	717416.1875	668124.6875	632095.4375	658764.25	631706
P0A9H5	109238.9140625	139854.65625	103107.3359375	91727.171875	112633.890625	105376.359375	123334.875	104530.9453125	94930.5390625	95863.3515625	123243.578125	227326.0625	98779.8828125	87634.5859375	95671.59375	101359.65625	95395.875	86552.8671875	107319.5859375	87560.0078125	106345.1953125	90333.1328125	104207.7578125	97215.515625
P0A9H7	270935.65625	297222.78125	378742.625	349122.6875	219883.953125	266616.625	250143.71875	249005.578125	152459.078125	222145.578125	278728.40625	217990.890625	285487.5	243519.140625	320370.65625	287786.21875	390767.46875	213313.984375	283655	340112.40625	337502.25	432973.75	266076.71875	356828.65625
P0A9H9	77032.8359375	80749.3671875	11243.9326171875	12343.99609375	38778.0859375	38591.3125	84544.8359375	156589.890625	51088.3046875	50993.71484375	126552.5546875	148993.71875	106248.859375	134240.984375	10301.6669921875	NA	17257.931640625	20668.748046875	18212.466796875	7188.90771484375	12043.6630859375	14687.1337890625	26692.646484375	8738.962890625
P0A9I3	81222.34375	87587.6015625	64124.140625	81323.0078125	43398.515625	47306.6171875	54883.69140625	47376.09375	38863.52734375	48424.578125	57960.75	57062.36328125	63896.1328125	49228.98046875	47298.51953125	58577.5703125	53791.62109375	32912.0625	57510.96484375	54811.0625	67398.53125	60808.66796875	49475.51171875	59521.6953125
P0A9I5	NA	NA	NA	13392.10546875	4850.05078125	1223.65417480469	NA	7479.1845703125	NA	NA	NA	6778.3505859375	4531.19140625	4157.98974609375	7136.41748046875	9676.4189453125	10092.248046875	NA	5424.8466796875	6311.0908203125	5797.1533203125	7562.74267578125	NA	3318.65112304688
P0A9I8	NA	NA	94689.0703125	65998.3984375	NA	NA	NA	NA	NA	NA	NA	3866.12231445313	NA	NA	97607.09375	77108.0625	69100.9609375	79061.3125	50770.5078125	68510.5390625	63358.69921875	82153.6015625	78196.25	73828.25
P0A9J0	182535.21875	180158.1875	281147.09375	293562.09375	188936.09375	189959.59375	200523.03125	195489.609375	155981.203125	188394.3125	174125.0625	149005.453125	179370.546875	199709.75	283481.78125	272689.3125	293947.125	277756.78125	273703.84375	287543.96875	268341.75	261509.828125	291012.4375	269075.03125
P0A9J4	289540.78125	276779.4375	323909.6875	381442.4375	240796.75	277941.03125	216911.34375	210714.921875	235765	193503.359375	198600.5	240847.0625	276068.875	235539.859375	294317.84375	274256.0625	352028	241414.5	313470.5	313198.40625	317111.25	308391.1875	300951.46875	325848
P0A9J6	303834.09375	210947.078125	112945.9296875	111149.484375	291336.5	296166.875	273578.9375	274237.8125	248479.28125	262738.875	293687.1875	500634.46875	297957.125	250908.34375	103954.4765625	121874.59375	115273.4375	124437.6875	101306.5625	122043.7109375	107135.640625	110806.7890625	133313.03125	111855.453125
P0A9J8	1439068.75	1618029.75	2095446.125	2328004.5	1236327.75	1600490.5	1669074.875	1275352.25	1018173.9375	1197930.125	1572352.75	1214089.5	1377705.375	1240416.625	2087427.375	2225069.75	2118024.5	1798952.625	2211306.75	1975300.375	2437606.5	2464910.5	1976152.125	2372279.25
P0A9K3	2284119	2409938	2542200	2645902.5	2285266.75	2443826	2344895.25	2235585.5	2213637	2266488.75	2318353.5	2009510.75	2139272.5	2152531.5	2573395.5	2566610	2547920	2588937.25	2549063.75	2357936.25	2600666.75	2554810	2455897	2480534.5
P0A9K7	240853.25	286794.09375	145935.84375	166718.90625	173887.078125	239471.296875	256138.921875	174592.796875	145742.5625	177884.5	252856.859375	316679.75	229527.1875	166080.3125	129345.3671875	146902.671875	158605.078125	89285.796875	173684.21875	140248.421875	177743.984375	155104.171875	120193.0234375	166011.0625
P0A9K9	4470792	4099406.25	4781487.5	3840437.25	5447326.5	4527036.5	4953292	5033253	8511156	5694269.5	5546266	9761844	4920744.5	4801844.5	5075645.5	5972002.5	4824600.5	6654976	5234378.5	4935247	4945088.5	4081493.25	5217987.5	5200120.5
P0A9L3	3381164.25	2967699.25	3407148	2756611.75	4005569.25	3594495.5	3913495.75	3897264.5	4442045.5	3734740	4328428.5	8889769	4045749	3855863.75	3906369.25	3751423.5	3535158.75	4089392.25	3487312	3529421.5	3436595.25	3476222	4054272.25	3559772.5
P0A9L5	639865	637121.9375	783117.3125	711922.5625	613414.4375	647531.3125	609590.875	643819.1875	575219.4375	616937.3125	618769.625	988350.9375	539934.1875	610627.625	702814.625	677346.6875	672031.3125	646937.4375	607068.9375	626257.0625	619549	609745.375	680249.5	575548.25
P0A9L8	381101.96875	410434.90625	317931.15625	351788.90625	310677.84375	403828.875	345962.625	281596.5	202974.515625	281172.03125	398597.1875	346882.4375	344295.21875	297403.4375	360423.53125	419705.8125	377044.40625	338330.5	365024.375	304317.25	361867.46875	361928.5625	322117.09375	369718.3125
P0A9M0	2734664.25	2905483.75	3197250	3281484	2754777.5	2664826.25	3017970.75	2873267.5	2651310	2884785	2671471	2055509.75	2750693.75	2828129.25	3022552	2958087.75	3137044	3107308.5	3117117.5	3236843.25	3035338	3036695.75	3166374.25	3004746
P0A9M2	658678.25	622596.375	716657.9375	710054.3125	476401.9375	461243.3125	534081.4375	517741.59375	618632.5	538818.375	495373.75	821946.875	565663.8125	565595.125	679910.75	645571.6875	628951	693466.5	637591.1875	676322.3125	649896.125	628560.8125	664638.8125	613111.625
P0A9M5	1044613.875	1093591	814842.9375	1012737.3125	906108.125	869215.875	729899.6875	797936.375	675740.1875	823814.9375	934150.5	1558825	892731.5625	955125.6875	721765.75	869219.6875	839092.0625	807478.6875	896991.75	835132.625	923822.8125	828106.125	756605.5	879257.375
P0A9M8	8538755	8331385.5	6846232	6335643	9565608	8842242	9143342	10479714	11247072	9967923	9055727	6686153	9020641	10194187	7060557	6036964	5719961.5	7823992.5	4872274	6336697.5	5949196	7262957.5	5950229.5	6500342
P0A9N4	477284.65625	464321.03125	422345.1875	466469	370748.5625	557254.5	338533.875	275336.5	282732.53125	313293.90625	435627.53125	464718.125	399555.59375	292640.40625	417577.40625	448520.78125	440180.9375	325124.9375	407978.125	357058.0625	425065.78125	473911.59375	345926.46875	415468.9375
P0A9N8	14062.2626953125	15082.0380859375	22655.595703125	15361.3193359375	17494.197265625	17790.673828125	12871.953125	16881.859375	18155.91015625	13528.1220703125	18068.89453125	35450.33984375	11892.0478515625	16793.396484375	21405.271484375	22790.751953125	12935.0927734375	25549.921875	10680.0712890625	14401.6591796875	16187.8359375	23829.09375	14619.6796875	20415.759765625
P0A9P0	13805964	14027453	6939973	6632732.5	14186521	14596550	13905913	14314529	12786157	15119766	13641609	9642696	15486752	15171793	6676200	6557812	6983663	6924264	7514010	6246071	6451649	6500911	6828385.5	6501752
P0A9P4	1119395.25	1090942.375	1066133.875	1045854.3125	1176855.75	1127790.75	1151808.5	1065945.125	1086790.5	1139257.5	1263950.875	1684007.125	1209915.375	1246965.125	1074128.5	1095917.75	1126058.25	1227791.625	1266811	1157900.25	1167181.375	1077684.5	1157263.125	1192236.875
P0A9P6	341415.25	337510.21875	1050237.25	1132523.75	377745.15625	413055.90625	374813.78125	327108.34375	335703.875	330692.9375	323554.3125	248892.171875	315528.6875	305175.875	941656.6875	991528.125	954278.6875	957868.75	1080494.375	867228.375	985760.6875	901115.375	934772.125	961049.5
P0A9P9	175711.765625	129608.921875	94696.4453125	142751.234375	178919.46875	165840.171875	117951.359375	178418.5625	208700.28125	165141.125	146112.671875	87174.078125	119559.03125	168685.765625	90361.8359375	75584.3515625	72571.6953125	83637.3359375	58851.3125	71664.9609375	68199.1484375	65824.015625	74300.4765625	72034.3828125
P0A9Q1	1995516.25	2113878.5	1795090.625	1858127.375	2075304.875	1821344.25	2307059	2284336.25	2013868.25	2132124.75	1865319.25	3122960	1943621.625	2334464.75	1743020.25	1847044.75	1999408.875	1941685.25	1704378	1964850.375	1635570.75	1754873.875	1976708.25	1740478.875
P0A9Q5	1928349.875	2051735.875	2405142.75	2309474.25	2202448.25	1965583.5	2441744	2458535.5	2473293.75	2423419.75	1778372.375	1745691.125	1919872	2187004.5	2482070	2254240.5	2243791.5	2499544.5	2152098	2364643.5	2013917	2097614.5	2703769.75	2117517.25
P0A9Q7	5147189	5323758.5	34890988	33651836	5034683.5	5136774	7799443.5	5738685	4149131.25	5367152.5	5556425	4892686	5558183.5	5703060	37178248	30587304	28327054	35792752	22553972	33374688	32038662	35373032	28525298	35001456
P0A9Q9	6686655.5	6456998.5	14534929	13822810	9049989	6513845.5	5557162.5	8833510	10900102	7942333.5	5808335.5	5155987.5	6840163	8523526	14150253	13584883	15106874	15586303	12282895	14487685	12331520	14069462	14361593	13536440
P0A9R4	1088359	888519.0625	1671503	984845.6875	1425766.75	753401.9375	895714.75	1031624.1875	2105173.25	876800.3125	986078.25	2578034.5	970193.3125	1035782.25	1501584.5	1322329.75	1046646.875	1670957.5	1171818.625	1020102.25	1013451.25	951556.625	1370281.375	1082191.25
P0A9R7	313490.65625	319500.1875	308936.5	348668	311401.125	334351.125	341951.375	299346.15625	295103.28125	280065.53125	326444.6875	270927.0625	305623.28125	269436.15625	295417.6875	286905.375	329374.90625	247043.09375	277210.09375	305941.53125	276825.8125	294969.75	305029.65625	278366.5
P0A9S1	371622.03125	383524.15625	55563.45703125	51958.1875	431535.625	435749.09375	179176.265625	321286.875	535756.5625	321683.125	294570.625	290155.15625	293657.28125	307647.9375	52921.0625	51425.71484375	49164.34375	51803.88671875	41427.4296875	59665.6171875	51693.6875	58139.53125	57883.08984375	52770.99609375
P0A9S3	6646091	6310022	2095639.375	1608156.75	7382537.5	8375698.5	4946342	6279809	6860613	6083114.5	7110366.5	4851367	6743003.5	6951925.5	1515793.875	1197368.5	1752225.125	1363339.375	1266516.5	1805819.25	1681326.5	2019483.375	1713250.75	1636609
P0A9S5	620842.4375	556263.875	875423.1875	657426.875	586096.1875	557639.0625	374793.375	638340.8125	769068.875	577607.5625	481350.9375	567403.5625	473964.21875	559457.8125	876959.6875	709563.8125	743135.5625	796355.1875	538755.8125	749895.25	746374	917907.75	712283.25	710107
P0A9S7	512269.84375	546934.625	450760.34375	543833.375	481717.34375	653944.0625	643441.9375	458157.71875	354108.8125	490747.53125	621590.375	468903.90625	632126.875	439210.40625	484648.90625	540342.125	558608.875	416164.96875	647507.5	487303.03125	539041.375	542567	491285.78125	588489.1875
P0A9T0	9365544	9131178	17310038	17657780	11002646	11003112	8232822.5	9356418	10240439	10408066	9620128	6002555	9442928	9668929	18811574	17189332	18679588	19021988	17819892	17773774	17273026	18238392	17908972	17724452
P0A9T4	362435.34375	364144.5	340323.59375	354946.15625	296529.375	364760.90625	381011.34375	300940.8125	299303.1875	305870.78125	356753.0625	351661.9375	310031.125	280043.53125	349111.15625	320274.6875	353861.5625	275526.96875	325885.21875	318101.8125	326366.90625	334645.53125	314896.03125	303657.40625
P0A9T6	31729.1484375	23929.388671875	74106.0078125	67987.9921875	29196.107421875	1601.96057128906	29590.48828125	21674.66796875	17375.80859375	20247.85546875	30537.05859375	72181.5234375	22818.220703125	9870.748046875	54413.0546875	55245.96484375	61093.11328125	52744.1328125	68300.8671875	64291.2734375	60702.1328125	60037.43359375	57078.1484375	59518.07421875
P0A9T8	162440.421875	152075.5	107312.9765625	105415.75	158972.9375	137965	127582.6640625	163957.3125	158902.046875	147913.4375	138976	192608.359375	147038.015625	154054.328125	108995.0390625	100411.9296875	122956.5859375	129377.78125	106379.203125	107488.5078125	106944.28125	108329.1953125	105680.2890625	110028.3515625
P0A9U1	32671.92578125	35084.69921875	32567.94140625	34686.90234375	41161.046875	46971.15234375	40889.73046875	48914.21484375	43398.73828125	37127.01953125	37436.4296875	59044.27734375	38751.140625	42505.671875	35928.77734375	38231.90625	32822.44140625	46876.7890625	37423.54296875	35590.00390625	37498.140625	32492.458984375	26583.841796875	36159.39453125
P0A9U3	835357.1875	785814.75	1027686.125	1110694.5	884152.3125	849142.1875	723367.8125	781243.25	813933	827720.625	834501.5625	786048.6875	789068	818673.625	1001745.3125	982841.9375	993969.125	991794.1875	993123.9375	984699.8125	1038545.25	1021561.75	1055836.375	1058133.5
P0A9U6	48007.1015625	53224.51953125	57456.75	53499.88671875	44117.64453125	56037.0390625	47925.25	40663.16015625	72215.3515625	58860.61328125	54200.6015625	112853.4375	51836.640625	56283.05078125	56233.68359375	41240.23046875	55460.38671875	48732.51953125	31214.224609375	65715.046875	44475.8125	50512.33203125	37417.25390625	40048.8125
P0A9V1	1250961.625	1395425.875	1098426.375	1237762.5	932954.5	1113001.75	1243572.25	996785.5	872903.4375	1047917.25	1147031.125	1480637.5	1177231.5	1016520.625	939805.25	1037003.3125	991226.8125	815607.8125	1061201.875	1034216.9375	1197032.125	1126531.125	939884.0625	1118115.5
P0A9W0	20259.982421875	25301.34375	23811.73828125	24358.96484375	23517.044921875	22889.05078125	23014.435546875	29994.677734375	36106.21484375	27779.9921875	23094.28125	26952.69140625	23086.802734375	25666.900390625	26721.365234375	25196.373046875	22895.623046875	22482.9765625	21905.828125	27864.21875	22028.5859375	26513.865234375	23551.556640625	25225.96484375
P0A9W3	1650844.75	1712236.25	1501695	1497548	1881876.875	1584002.25	1899367.875	1872252.75	2065818.125	1933677.125	1678466	2007575.375	1658479.75	1925041.25	1482896.25	1377287.375	1418729.375	1720734.25	1403904.5	1581357.625	1386541.25	1364794	1698804.375	1377993.625
P0A9W6	687793.4375	558037.25	646225	626905.75	632881.0625	682403.9375	718872	543701.9375	502007.3125	494823.15625	791416.625	1671835.625	627286.125	494813.46875	618851.25	821552.6875	682414	654318.3125	792744.5625	621896.25	765791.5625	701658.0625	633769.1875	753591.3125
P0A9W9	487967.8125	487949.75	665500.3125	654142.875	473264.03125	447364.5625	556887.5625	510451.59375	523486.96875	461977.5	564529.8125	1110330.5	444208.28125	412304.4375	675811.125	679195.8125	655601.9375	699018.1875	664166.125	681406.5	626799.3125	572426.1875	629972.3125	623895.4375
P0A9X1	504063.21875	443741.40625	880247.25	809432.4375	622524.125	704871.125	240806.71875	562991.6875	412968.8125	703013.375	387229.21875	303989.3125	554639.625	436347.78125	843225.4375	758177.875	802445.125	458221.40625	766893.5	806013.75	805837.25	850415.0625	717186.125	758365.125
P0A9X4	3546923.75	3672789.25	3981598	3785795	3520179.5	3233437.75	3470388.25	3752227.75	3962915.75	3830907.75	3462384.5	3052162.25	3514921.75	3834001.75	3849865.75	3562623.25	3767984	3733105.25	3859316.25	3716273.5	3579793.5	3504820.25	3710024.5	3475695.5
P0A9X9	2101129	1784555.375	6146637	5514227	3297281.5	1607392.875	2109742.25	2218256.5	4034665.25	1997180.75	2883269.5	9779075	1949712.625	2239133	5170436.5	9034680	4549858	8667781	6362964	4628550.5	6018312	3889248.5	5224918	6416531
P0A9Y6	21023320	19580732	23153072	19431790	30231016	21230666	22082630	26407236	37219872	26810480	24636902	49928284	23579058	24347568	23985974	26061436	26365546	32164996	24120960	23431572	21986950	22198634	28442854	24648304
P0A9Z1	1454091.25	1086710.5	1396206.75	1370230.5	1479198.875	1087619.125	1254225	1409102.875	1506261.5	1411369	1230654.625	3178097.5	1356040	1445532.25	1427008.75	1463296.75	1386493.5	1582875.5	1438464.125	1512713.75	1375754.625	1427041.625	1549536.875	1411920.75
P0AA04	1353472.25	1034124.9375	2539193	2212200	1376636.125	1329425.5	1460862	1376327	1635337.875	1307758	1652803.25	3370171.75	1406344.875	1118640.875	3393644.5	3331751.25	3006229.25	3016644.5	2821584	2990668.25	3207166	3029048.5	2671860.75	3164358.5
P0AA10	10218285	10319968	15337200	14086360	13099711	11263642	10192317	12898407	16168600	12762469	10531536	23740880	10368748	12487527	14556447	14296022	14244528	17555462	14185016	15548562	13548062	13583468	17151482	14686107
P0AA16	1381732.5	1555245.5	1291254.75	1342605.125	1567690.875	1562067.625	1635985.75	1575873.875	1305064.625	1584347.625	1517925.375	2287388	1569359.25	1542053.625	1303988.5	1257743.5	1289894.125	1270120.375	1169499.25	1292836.5	1192371.875	1236333.375	1273597.25	1230273.125
P0AA25	8503248	7567682	9789272	7619671	7875629.5	7316644	7640915	8127254.5	11447110	8167871.5	7956943.5	16423000	8051242.5	7251403	10161682	9285618	8155226.5	10910868	7743095.5	8492898	7969690	7733063	9763240	7917881.5
P0AA31	409307.75	322599.59375	225265.390625	162378.53125	252306.875	239877.328125	309986.65625	305424.25	510800.40625	343396.09375	270759.78125	469557.15625	329620.65625	340756.78125	236247.15625	196903.765625	173261.890625	213550.25	164234.265625	187244.171875	171117.109375	158491.671875	176853.9375	185193.84375
P0AA37	79588.734375	76117.75	64585.95703125	73483.140625	41465.2890625	80076.6953125	76586.5859375	41894.55078125	26819.14453125	18551.951171875	80155.71875	108514.3359375	68425.203125	8848.8701171875	38513.64453125	34329.06640625	25672.8125	8254.7734375	47126.7421875	45205.109375	53424.63671875	42753.6640625	30016.443359375	46961.6796875
P0AA39	500973.125	518169.375	515869.4375	554297.5	429364.46875	503834.6875	453379.0625	410638.6875	361455.46875	449913.375	497428.09375	438633.28125	454673.5	379070.15625	497411.53125	556658.5625	578861.75	405803.96875	599884.5625	486847.5625	587677.75	543989.1875	495738.5	568350.625
P0AA41	316325.71875	237838.46875	268800.90625	262859.53125	378585.46875	225800.3125	229684.0625	248718.765625	184483.09375	226328.765625	140879.28125	151460.453125	240246.765625	236854.90625	210463.375	251019.046875	225904.734375	244433.703125	210355.375	238700.125	191815.421875	235120.015625	233661.59375	223978.21875
P0AA43	537586.5	485826.3125	558246.875	581409.625	679216.0625	690632.4375	588877.25	599881.5	633943	667826	652916.5625	1037949.8125	593375.25	575984.5	649897.5625	689549.9375	649430.8125	744821.375	660986.4375	637255.875	673239.375	647123.4375	656570.0625	725615.0625
P0AA53	1329626.875	1184254	856742.1875	864283.375	1237523.375	1568065.625	1114280.25	1295399.25	1191251.625	1090007.25	1308587	806216.25	1197409.75	1225840.125	652226.4375	846091.1875	784931.5	851175.5	741354.125	717944	755024.5625	756119.5	776677.5625	767360.6875
P0AA57	808644.3125	757075.875	977419.25	857903.625	787700.4375	604151.0625	570325.1875	662288.9375	1006051.6875	745759.5	658225.1875	927012.9375	724262.5	642485.9375	759259	743161.9375	792373.8125	857257.875	839198.625	796142.75	753618.6875	621954.0625	865107.1875	759439.625
P0AA60	121087.046875	107526.3125	109380.0625	119077.96875	125343.1328125	118229.484375	131821.640625	113064.0703125	102671.203125	94016.8671875	129472.796875	87404.1171875	121124.4140625	101493.5078125	123643.0546875	112617.6875	109832.140625	67858.78125	98998.6328125	81524.3515625	126429.2421875	138032.34375	85318.265625	103646.6875
P0AA73	2520.55444335938	1720.96350097656	1633.82592773438	2454.52099609375	1345.91052246094	NA	2942.4931640625	2279.74682617188	2584.662109375	1576.79296875	2372.67236328125	NA	1361.51232910156	1661.35668945313	3405.87939453125	1433.03662109375	3593.22338867188	1224.90148925781	3538.841796875	3093.24633789063	1872.515625	3867.28100585938	3215.80395507813	2190.46997070313
P0AA82	137298.515625	151145.59375	163655.609375	166398.40625	82836.9375	91973.1328125	181801.4375	88693.1640625	67750.1953125	88341.34375	131261.90625	102187.1640625	125031.3671875	92253.7421875	126819.7734375	140887.984375	148844.515625	99216.03125	187425.40625	124935.46875	186130.765625	150873.0625	116698.015625	149438.75
P0AA84	977377.125	1214645.5	980205.875	1193470.25	754430.8125	1108792.125	1012877.6875	1071187.5	1020943.75	938243.5	802493	896552	971516.25	1002484.5	848480.6875	652298.0625	756940.5	1224699.625	870114.4375	619603.9375	792581.1875	802571.3125	768130.4375	886278.375
P0AA86	32760.890625	56521.58203125	70084.0625	52336.875	55336.46875	52213.1328125	48836.7421875	61156.5625	88336.59375	40059.93359375	48530.4375	128026.0390625	35778.84765625	44348.8984375	61315.40234375	55251.58984375	46832.2890625	63236.09765625	38934.9140625	51990.76171875	45797.84375	64447.796875	59059.3828125	49821.19921875
P0AA89	62764.29296875	79873.453125	33907.64453125	39445.5703125	31501.482421875	44014.28125	70320.2734375	39542.2890625	22565.1796875	27856.9921875	58903.14453125	62665.83984375	45007.8828125	41788.765625	23919.53515625	27959.32421875	38587.59765625	14270.513671875	41812.375	38095.421875	38524.8203125	32262.478515625	25493.91796875	38252.515625
P0AA91	151028.4375	139774.046875	116518.78125	114424.171875	165114.4375	159415.796875	158402.5625	196901.640625	260372.21875	192662.5625	176330.546875	257948.921875	176280.59375	197528.96875	133431.453125	131711.421875	126597.5078125	166830.328125	108606.5390625	123928.2578125	115317.796875	112807.2734375	130412.4765625	113696.3828125
P0AA95	141053.84375	110036.5546875	160305.609375	164407.5625	128735.515625	120283.390625	150388.6875	109446.75	122643.53125	119968.2890625	166375	292320.4375	118352.4921875	100506.015625	146266.65625	177389.125	137627.15625	147369.515625	164850.96875	140628.59375	160324.828125	155109.5625	133959.625	164069.140625
P0AA97	59000.390625	51174.01953125	46224.2734375	65936.5859375	61065.1953125	61071.91015625	42916.03515625	48875.34765625	64471.55078125	48023.3984375	51757.73046875	52971.5390625	40304.59375	43995.890625	44667.99609375	49209.80859375	53280.89453125	42906.58984375	42160.48046875	34899.41015625	37863.265625	44993.21875	41304.0234375	44732.44921875
P0AA99	21562.892578125	4891.40625	34241.25390625	31570.904296875	7305.31640625	15109.9111328125	12806.57421875	8536.896484375	7591.6865234375	NA	NA	NA	NA	NA	15376.7236328125	30678.82421875	6646.99951171875	14146.7138671875	21918.62890625	11389.859375	19435.9609375	10963.5078125	14945.4677734375	12991.3095703125
P0AAA1	385920.0625	402422.84375	543728.5	586267.9375	208539.59375	266210.4375	286199.9375	221503.6875	165760.15625	225920.28125	308749.5	163668.484375	218396.015625	210475.90625	417868.4375	464259.28125	474934.5	322142.25	464889.125	410302.84375	583433.625	505740.8125	408369.6875	457268.625
P0AAA7	1151.06018066406	1899.75598144531	NA	2342.57470703125	NA	NA	NA	NA	NA	NA	NA	NA	NA	NA	2393.41528320313	1180.47668457031	2614.31909179688	NA	1197.42492675781	NA	2386.3984375	1827.2314453125	NA	305.677185058594
P0AAA9	51867.59375	NA	16599.8359375	13726.0458984375	1567.40710449219	NA	6803.4365234375	13906.669921875	368884.0625	8944.880859375	2252.07495117188	NA	NA	NA	18971.53125	8600.458984375	15370.515625	15482.4052734375	NA	14850.1982421875	10586.064453125	12163.3330078125	71687.9140625	1842.96398925781
P0AAB4	696335.4375	793325.3125	506963.03125	501202.25	711476.875	768225.5	741745	718107.8125	822922.25	824081.8125	692704.8125	606137.0625	707461.625	707705.375	467199.90625	436373.40625	497720.84375	441611.4375	460857.1875	495263.71875	514660.5	473025.28125	529445.125	454978.71875
P0AAB6	1151002.125	1195480.5	1332208.25	1210494.875	1119672.5	954550.3125	1116510.25	1211453.5	1258437.75	1228717.5	985668.875	1231148.5	1126477.625	1253142	1222935.75	1165933.5	1208045.75	1437032.875	1224487	1236516.625	1171640.375	1151461.125	1290388.25	1156585
P0AAB8	462542.75	369334.5625	373876.53125	267450.40625	506231.84375	373062.65625	276434.5625	484140.21875	796869.625	443458.15625	329493.9375	637566.6875	395845.46875	393408.0625	402134.1875	327609.09375	367320.875	407553.46875	237460.75	387674.15625	306244.5625	374134.8125	381855.375	270517
P0AAC0	1483485.875	1551348.125	891846.4375	918315.8125	1376104.25	1492957.875	1338124.875	1352975.375	1413472.25	1323871.375	1401977	1364817.375	1391762.75	1361692.875	845071.3125	875789.75	887491.1875	742443.125	737610.1875	858685.3125	839105.75	906432.8125	743874.5625	877214.9375
P0AAC4	584684.8125	684186.4375	481849.625	599862.4375	401743.78125	310454.71875	694001.5625	310425.125	226121.375	285066.0625	443463.5625	453941.40625	454690.6875	191372.265625	217696.0625	484066.40625	260979.84375	371458.90625	365236.65625	356982.03125	404108	196757.265625	213116.203125	361715.5
P0AAC6	69006.0546875	45521.9609375	71433.1953125	90492.6015625	NA	72183.2734375	73499.9609375	34556.45703125	NA	37376.35546875	74791.3203125	66545.921875	45960.92578125	NA	NA	117087.2578125	NA	57666.68359375	84621.4609375	NA	85375.765625	39599.50390625	NA	98264.046875
P0AAC8	230907.71875	204948.890625	443648.21875	319307.75	276578.875	176016.125	269050.65625	252727.34375	398165.125	222930.890625	258443.890625	608035.8125	178666.546875	202733.515625	421824.125	366168.9375	313149.6875	424941	346058.71875	315175.1875	293671.375	286588.46875	376342.0625	298024.125
P0AAD6	35800.70703125	44668.62109375	19029.15234375	20669.658203125	33042.72265625	35253.59765625	34719.53515625	31596.55859375	34152.5625	34402.56640625	33539.21484375	18797.939453125	32895.69140625	25764.990234375	18614.3515625	17337.44921875	17343.791015625	19288.03515625	13772.3115234375	17668.27734375	18458.65234375	17986.74609375	18633.427734375	16990.4609375
P0AAE0	449262.375	553042	239793.390625	244827.359375	561016.0625	491118.34375	618522.0625	595442.0625	640205.4375	626155.75	472262.25	300424.78125	545704.375	615947.1875	254624.546875	246351.875	248342.046875	288978.1875	244983.1875	253376.015625	224605.78125	237078.359375	268234.40625	231642.765625
P0AAE2	3326.44897460938	801.093627929688	3010.39868164063	4190.15576171875	1566.35131835938	955.986206054688	1559.30456542969	990.683532714844	895.695983886719	1438.96618652344	NA	NA	2093.69873046875	2173.31225585938	2888.4111328125	4283.30908203125	3096.6787109375	3296.89038085938	4919.49853515625	3299.30786132813	5106.8076171875	2750.51440429688	2482.86669921875	4390.2666015625
P0AAF6	731703.1875	717934	573823.75	467068.375	585814.3125	568338.5	595061.8125	594708.9375	685281.625	461042.21875	618754.8125	734359.9375	582787.1875	496939.65625	511665.34375	461240	476614.5625	447748.625	456136.03125	461718.25	488009.25	535476.25	511795.6875	476377.6875
P0AAG0	2110920.75	2002487.875	1656211.75	1558120.25	1900557.75	2163867	1704410.75	1536511.25	1632840.125	1749587.5	2051649.25	1463343.5	1811639.125	1806980.5	1530818	1447641	1344140.5	1480983.5	1312048.25	1315639.5	1297673.875	1541370	1433215	1184149.5
P0AAG3	128005.8203125	158910.328125	65153.99609375	92057.8984375	116401.875	160024.28125	176779.8125	97389.9375	77462.921875	124988.9140625	169007.25	138556.125	150326.65625	119206.3125	71896.2421875	82579.734375	90071.9609375	62038.12890625	92294.5390625	66650.25	96453.15625	77769.3359375	63797.9609375	86939.5625
P0AAG5	9486.4404296875	7421.64697265625	14023.4619140625	4918.31640625	4950.1396484375	18026.251953125	16259.9931640625	13800.2666015625	NA	13774.1484375	7560.08642578125	NA	8355.716796875	10214.0888671875	13235.302734375	2795.05590820313	19525.37890625	NA	10398.087890625	3414.36499023438	4392.0947265625	5860.359375	NA	7983.55078125
P0AAG8	718411.5	614166.625	385195.21875	210003.328125	714793.375	721124.1875	904395.5	683096.75	616253.875	711650.875	759448	470284.875	729868.625	686747.9375	180455.4375	133312.96875	125409.390625	110646.8984375	121593.9296875	150986.578125	143434.71875	263279.21875	152429.390625	137664.8125
P0AAH0	345239.59375	357959.34375	347217.625	357278.84375	288394.96875	331594.125	459886.40625	327626.25	246563.25	318471.8125	397404.65625	392944.03125	361598.5625	310260.875	347982.375	374347.53125	351548.75	276676.375	377980.53125	334586.34375	374358.96875	353119.6875	318719.3125	363518.28125
P0AAH4	82966.3984375	77554.28125	70553.578125	70973.828125	65941.84375	74577.75	74522.078125	73049.8984375	68065.6328125	78186.578125	62380.421875	31011.33984375	73571.2734375	69770.484375	69154.9296875	78233.4609375	77069.1875	71046.0625	75481.140625	66113.4921875	66781.1640625	67016.109375	68707.6875	68451.1953125
P0AAH8	424708.03125	455887.40625	404651.6875	463263.1875	388793.6875	363010.9375	430557.96875	395681.15625	326683.59375	381276.34375	391922.84375	349858.0625	463131.9375	349887.34375	388435.34375	391582.875	422136.59375	298356.8125	361980.3125	387795.75	429153.28125	401168	332102.96875	400676.5
P0AAI3	3189381.75	3301903.5	4023056	3879334	3567260.5	3305465	3622488.75	3959786.75	4677392.5	3694860.75	3194993	2690531.5	3124854.5	3763929.25	3756831.5	3492043	3639331.75	4848386	3545790.75	3998510.25	3374863	3441257	4125949.75	3449094.25
P0AAI5	1881231.125	2090888.875	2109073.5	2078232.625	1814990.125	1996643.25	1795983.75	1948914.625	1958508.75	2048154.25	1996603.25	1812511.625	1824792.375	1925107.5	1887139.25	2106812.25	2088968.25	2048148.375	2029123.25	2007157.875	1990652	1885864.25	2202286.25	1971740.875
P0AAI9	3422979.25	3077944	3382613.5	2759615.75	2980014.5	2706568	2446916.5	2699072.5	3457688	2856461.75	2699318.75	4824997	2669883.25	3435269.25	3537951.75	3278630.5	3041732.75	3553159.75	2973422.5	3226597.75	2952859	3125860.75	3032039	3309526.75
P0AAJ1	477893.5625	407961.9375	1062259	673439.75	717032.0625	485361.59375	176321.234375	583918.0625	1336483.5	479975.40625	532695.125	932884.3125	459711.875	544689.75	1395548	974328.5	729801.6875	1208973.125	432803.875	857869.25	726670.4375	1111263.5	971720.9375	743471.625
P0AAJ3	852461.25	892783.0625	468730.65625	670646.25	900796.9375	1176844.25	567540.875	814907	504991.625	856547.4375	1088184.625	1591463.625	944767.8125	NA	516572.21875	405085.375	617733.4375	480204.4375	573737.375	580413.375	364223.46875	635908.6875	526646.875	448639.34375
P0AAJ5	6891.47509765625	7192.708984375	NA	9145.8486328125	NA	NA	9809.0283203125	3392.95288085938	3704.58618164063	9095.201171875	11239.111328125	10775.095703125	NA	NA	NA	5243.08447265625	NA	5760.65185546875	NA	NA	NA	NA	NA	NA
P0AAJ8	54646.59765625	47893.8046875	41709.10546875	33440.70703125	67921.3671875	45108.765625	30761.66796875	45850.2890625	126258.3984375	37443.47265625	44943.61328125	99902.90625	38885.7265625	49015.046875	37948.25390625	25080.41796875	22444.162109375	29181.892578125	16734.42578125	29865.23046875	20447.251953125	32984.34765625	36961.50390625	26535.916015625
P0AAK1	4354.06103515625	NA	22123.47265625	27277.96875	15060.0849609375	NA	NA	9858.6064453125	27351.70703125	NA	NA	NA	NA	5738.80126953125	66240.0703125	30973.875	26815.169921875	29955.876953125	NA	29756.51171875	18407.5625	50181.40234375	32520.712890625	23892.837890625
P0AAN1	54298.06640625	38285.3125	51259.03125	45082.84375	27679.8515625	27539.759765625	10121.8837890625	13021.6689453125	58803.9140625	18106.466796875	29692.837890625	44178.81640625	17305.658203125	27685.591796875	42984.05078125	29477.44140625	7606.20556640625	28042.017578125	16115.447265625	30794.55078125	29451.421875	40409.80859375	29418.9375	24323.544921875
P0AAN3	252102.4375	239847.734375	261698.828125	207002.296875	259416.03125	231298.046875	169800.96875	238094.859375	344854.78125	229264.375	253673.1875	386710.5625	216496.71875	250635.5	217323.453125	192403.125	188961.09375	255357.890625	139040.21875	192541.890625	157825.359375	239205.046875	230754.109375	151093.84375
P0AAN5	331488.625	271363.9375	230474.46875	216235.296875	324179.84375	236489.53125	343160.34375	333210.15625	405332.03125	339099.875	375495.78125	811355.875	348887.8125	320071.71875	299873.65625	289435.1875	219512.140625	316588.875	239398.328125	244794.265625	244427.46875	188509.984375	213864.546875	275810.71875
P0AAN9	948521.375	844194.3125	499546.625	429253.9375	1072799	900723	659461.8125	797700.125	1134434.875	926730.625	965829.875	2492131	848457.1875	970427.0625	432129.625	542977.4375	406158.96875	590289.8125	383838.46875	513774.5625	414404.0625	490106.71875	488634.21875	492931.75
P0AAP3	96416.7421875	93976.515625	91461.6015625	70576.8359375	77193.5703125	65556.859375	74107.7890625	76402.7890625	116743.3203125	70862.3125	82700.328125	194023.625	80596.953125	73044.2578125	99474.96875	90384.2578125	86968.5390625	86054.8203125	77794.390625	83854.21875	78154.9296875	75467.0390625	83720.1796875	75831.53125
P0AAQ2	241102.09375	252778.828125	135862.328125	103440.84375	215156.515625	149931.546875	452586.5	345546.375	334249.5	232319.90625	422684.25	1027119.8125	253643.046875	344713.65625	115349	119549.953125	97270.46875	262533.71875	97019.4453125	101411.3515625	82572.1015625	69707.3828125	168767.015625	97599.3125
P0AAQ6	47966.33203125	13273.0087890625	NA	NA	38668.765625	38272.95703125	41274.34375	31110.583984375	52740.74609375	34430.74609375	31629.580078125	215112.53125	32128.5234375	54080.4765625	NA	6457.5517578125	NA	33922.16015625	NA	28395.212890625	NA	NA	21269.068359375	39632.65234375
P0AAR3	460122.40625	423675.96875	730091.1875	711093.6875	424740.6875	340405.875	369121.34375	507491.3125	554470.5	451454.5625	431954.15625	829967.125	412878.96875	436024	718614.1875	650387.5	729956.625	841277.875	573622.875	759911	651082.75	663738.5625	761986.25	622974.125
P0AAR8	163159.0625	161253.234375	76013.984375	168330.65625	189353.015625	164510.546875	140760.546875	171497.578125	329829.25	182267.734375	157457.21875	193503.484375	144484.65625	152553.78125	48419.6640625	73593.1640625	75248.9140625	77625.625	NA	130247.3125	179262.796875	51097.21484375	178893.265625	81560.625
P0AAS0	192943.796875	163896.625	107708.546875	115074.8984375	171200.90625	187305.75	156080.015625	138178.90625	108683.640625	164063.484375	140512.90625	97797.78125	139324.40625	129390.2734375	82656.3125	88819.640625	111822.703125	61527.45703125	137479.09375	94057.921875	111624.2109375	89734.1484375	80965.7109375	93249.2265625
P0AAS3	265635.6875	249173.40625	197888.96875	183106.4375	346749.375	372267.125	343948.5625	304495.75	325081.84375	322398.78125	295247.375	220069.078125	276345.15625	295666.53125	142423.921875	185601.71875	151062.84375	182180.546875	172558.75	177581.578125	183107.609375	179206.09375	98155.578125	158667.640625
P0AAS7	415547.90625	416120.5625	396382.59375	350206.96875	319170.90625	362753.4375	312373.09375	271744.78125	334009.96875	280205.875	362738.03125	719156.3125	291232.53125	252925.59375	341239.15625	376160.5625	328759.28125	322323.03125	347687.65625	305428.8125	343753.40625	325158.4375	297028.875	355297.96875
P0AAS9	29468.62890625	7949.79736328125	23452.03125	30854.607421875	75141.0546875	81214.1328125	19196.244140625	87137.21875	6730.3095703125	17935.677734375	37728.16796875	76582.1015625	28456.8984375	24990.216796875	NA	NA	NA	NA	NA	NA	NA	NA	NA	NA
P0AAT2	137604.53125	144039.859375	99144.4453125	80341.140625	147946.765625	150306.5	133019.953125	128348.2890625	181245.546875	141231.6875	148496.65625	239096.015625	133406.84375	131872.40625	97926.59375	93030.21875	90202.0390625	90342.1640625	92772.4609375	94128.390625	93289.3984375	97204.390625	92351.828125	94837.765625
P0AAT4	176760.109375	168254.375	192386.828125	219385.21875	168075.375	206799.28125	180901.765625	156846.234375	111822.2421875	149460.890625	184300.421875	111255.265625	158208.5625	109805.3671875	186314.109375	218259.28125	200742.75	126852.953125	224215.234375	194531.09375	230964.046875	238787.84375	173195.46875	233349.71875
P0AAT6	324593.625	286570.5625	447648.84375	391370.96875	292594.53125	281919.875	296648.28125	256476.921875	241997.515625	279755.8125	349010.90625	693805.5	311533.03125	252776.5625	383985.5	462981.84375	414000.96875	444275.3125	455736.75	389052.75	422712.5	386807.375	399122.75	406096.71875
P0AAT9	1872123.25	1618508.25	1161685	900635.625	2241632.5	1688244.5	2106333.25	1920446.25	2946248.25	1895680	2124890.75	4583692	1801738.875	1865814.875	1154346.875	1336049.125	925257.75	1470037.25	1061792	1113746.625	996283.5	983318.75	1116610.5	1125689.875
P0AAU2	15830.0517578125	16403.48046875	13798.677734375	24656.654296875	10348.1728515625	10502.26171875	16537.865234375	10105.337890625	10564.4853515625	10189.30859375	9191.6640625	44113.59375	8780.876953125	9734.5068359375	7302.1533203125	16370.404296875	14817.7431640625	14125.7490234375	16066.4931640625	11700.21875	13238.01171875	10549.958984375	7393.60791015625	14027.5498046875
P0AAU7	76617.4296875	60737.15234375	99778.1484375	62971.1640625	77507.9375	52042.125	57849.5078125	64384.14453125	138825.6875	62940.76171875	54035.86328125	133366.984375	69512.5234375	62183.1171875	107085.578125	89188.1875	84071.0859375	105743.8203125	65067.65625	81290.84375	84325.7109375	86135.9140625	103397.09375	67311.4140625
P0AAV4	312452.9375	373959.28125	181865.328125	216487.125	183112.15625	237931.671875	260916.921875	202636.046875	115231.0703125	182318.234375	322874.3125	280931.5	228334.390625	146284.875	191264.90625	177293.734375	210682.15625	71079.953125	230138.65625	177668.46875	235968.609375	245752.28125	170221	211895.65625
P0AAV6	249502.484375	219278.953125	79266.6953125	93381.9609375	292897.90625	232553.3125	483066	306618.34375	301615.6875	269491.25	319384.25	864486.6875	335329.03125	229023.59375	104354.8984375	127879.4921875	120230.9140625	123250.4609375	114817.3125	128958.2578125	100106	68004.3515625	87528.9375	106006.4140625
P0AAW1	127168.734375	121646.2734375	143107.78125	148981.265625	124865.4609375	134307.78125	172848.515625	143966.546875	145728.75	130310.96875	119362.0078125	80527.5	119817.7734375	135206.75	151909.203125	143349.671875	149900.625	147411.734375	126919.4453125	143072.796875	130831.75	121977.6171875	157843.125	130203.546875
P0AAX3	67875.765625	52226.3671875	131457.96875	95136.765625	88667.6875	65277.66796875	35105.7109375	64048.46875	131355	68554.4296875	52629.05859375	122902.2265625	63871.375	51342.48828125	133437.28125	122208.3828125	113111.171875	111702.3359375	121088.8671875	131798.828125	123151.1328125	104351.109375	121448.3984375	112302.4140625
P0AAX8	1564071.75	1341175.125	1562741.625	1438101	2067702.875	1866610.75	1616880.375	1923717.375	2234806.5	1857160.875	1743526.625	2520208.5	1659889.375	1775899.375	1656049.25	1692427.125	1474898.875	2265394.25	1601869.5	1588935.25	1541618.25	1567529.5	1620364.125	1708415.875
P0AAY6	65285.9375	71874.171875	47641.97265625	71061.0859375	39294.87109375	121463.296875	104243.5	45285.921875	59998.53515625	44442.9453125	76622.90625	159984.828125	83034.59375	26470.1171875	30211.95703125	40473.4140625	32481	42545.1171875	70907.484375	31450.51171875	67430.1640625	40949.84765625	NA	27774.533203125
P0AAZ4	190557.296875	182554.375	220841.703125	215681.171875	208286.828125	204977.421875	185546.671875	191630.609375	186590.171875	190045.1875	191584.25	176883.921875	196588.59375	199993.8125	195762.078125	198261.125	210785.359375	190344.796875	198386.3125	213067.359375	213460.640625	211877.75	195520.375	210447.703125
P0AAZ7	1424076.875	1028633.625	918691.0625	636983.125	1689272.875	1205941	1509929.125	1186640.5	1563329.25	1370963.75	1541533.625	3800719	1481013	1104349.5	892280.8125	1114714.375	630693.3125	1310066	817621.3125	661109.75	713530.3125	577340.75	787899.125	724310.5
P0AB01	84377.484375	82804.90625	76305.3984375	76648.3828125	101888.6484375	89223.5234375	91163.9609375	90006.109375	95572.7734375	90577.4609375	78534.0078125	54687.3515625	81183.8125	89813.0078125	67396.2578125	66608.171875	67355.453125	86656.2421875	66106.265625	71553.6171875	67319	59639.88671875	78808.40625	73253.6875
P0AB03	234253.578125	236994.765625	190488.484375	143999.046875	194317.40625	220399.359375	135333.015625	188405.171875	243474.28125	163976.84375	201222.46875	187191.171875	147172.515625	198730.71875	150170.4375	146090.640625	148029.609375	140961.609375	124458.859375	131963.578125	137267.359375	166364.078125	153454.609375	162390.625
P0AB10	92130.75	82176.9921875	82518.84375	81402.9453125	97945.15625	81888.0234375	83620.484375	98719.875	146978.875	83397.7890625	100077.4453125	178576.796875	88363.3984375	89937.0625	84466.0078125	99320.0625	85167.1796875	124598.21875	86165.515625	95021.5234375	93150.7890625	71862.8671875	98437.2421875	86872.734375
P0AB12	131687.8125	120856.8828125	117145.609375	144750.328125	88876.53125	116629.6640625	105642.859375	63661.4296875	67874.015625	63039.921875	109268.9921875	94140.6640625	95211.609375	51997.10546875	119933.2265625	139545.234375	119342.578125	79451.1015625	137757.90625	87508.34375	163887.140625	147777.921875	85398.21875	128721.7734375
P0AB14	2386695.5	2187647	2513372.5	1843449.375	3035876	2362086.25	2541866.75	2765418.5	4287197	2836439	2509491.25	6355402	2531646.25	2334429.5	2615938.75	2794285.75	2245295.5	3060498	1872549.125	2552100	2158075.25	1926925.625	2282783.5	2447773.25
P0AB18	103635.671875	106395.3203125	123873.3984375	102679.75	141467.59375	131722.171875	108929.7578125	137078.96875	163062.59375	139437.640625	130878.1640625	255692.125	107003.1484375	122125.84375	115976.84375	135873.3125	113045.328125	151669.15625	113090.84375	128683.6953125	115687.546875	110353.5234375	133304.546875	136340.984375
P0AB24	605862.875	536877.5	737585.8125	626511.9375	664676.375	530519.625	722975.625	831140.6875	946290.8125	780723	650215.75	1228979.375	734722.0625	737255.4375	792423.9375	644950.1875	723699.0625	889177	813185.0625	865446.125	842046.75	792936.75	720575.1875	914165.1875
P0AB26	508059.625	447744.34375	462984.40625	313133.78125	598190.875	464616.03125	429076.34375	590905.3125	975202	542468.625	529412.75	1049023.875	464805.75	497633.1875	475094.4375	476775.90625	408021.0625	563671.75	354010.53125	393906.1875	392283.90625	410254.53125	467659.40625	405743.25
P0AB28	2086231.5	1897763	2114836.25	1639013.125	1880930.125	1457286.75	1708424.625	1866877.5	2489517.75	1754378.75	1931724.375	3932353	1947455.75	1682388.375	2235837.75	1981559.375	1928073.125	2216948.25	1828513.375	1897280	1900830	1865403.75	2058721.125	1804378.25
P0AB38	228376.796875	218669.640625	238349.4375	211987.09375	285243.375	213668.234375	246467.671875	289919.34375	442898.8125	281320.59375	258245.921875	536069.375	261597.890625	279497.40625	276361.125	255180.828125	254125.265625	336341.9375	229918.71875	260381.84375	230583.46875	241679.859375	291466.03125	236790.046875
P0AB40	22775.533203125	15261.2177734375	101585.640625	63095.94140625	49177.94921875	27387.443359375	19347.13671875	27551.7578125	37531.0546875	36657.8203125	23646.43359375	56794.36328125	19236.62109375	19732.353515625	112177.109375	88367.71875	77349.5	107846.5859375	89941.46875	93002.03125	80364.8671875	81659.6953125	74346.234375	110412.7734375
P0AB43	177765.0625	162342	254566.453125	217448.9375	180674.65625	165277.265625	171539.75	183830.859375	227423.078125	192921.765625	159192.421875	235884.875	157006.71875	181798.59375	272707.59375	237699.828125	242811.34375	276063.78125	214087.34375	254385.875	226349.3125	231388.8125	268118.78125	211429.828125
P0AB46	516558.03125	365926	594167.75	347511.34375	525371.75	346040.5	351867.1875	424692.09375	761080.625	394431.28125	477263.59375	1030894.375	386989.03125	379298.25	674401.875	495993.0625	344875.0625	444158.21875	252980.28125	397215.6875	361854.03125	431999.125	400568	298849.625
P0AB52	533262	470594.59375	267417.5625	238559.640625	456268.875	587915.8125	379908.3125	373765.25	389286.53125	370202.625	452766.625	914705.5	399217.71875	335981.4375	244419.3125	297977.5	275738.96875	228424.15625	286351.3125	244311.59375	316277.59375	303654.78125	220225.578125	285221.71875
P0AB55	1061985.375	991546.6875	749112.9375	787598.4375	1121836.375	972857.625	831370.125	1046043.5	1219303.875	1074480.125	1015896.0625	2551484.5	1053692.75	1028223.6875	735679.8125	911955.5	853349.1875	959225.9375	861905.125	919377.375	834027.125	703471.625	713816.0625	985861.125
P0AB58	208558.140625	195962.890625	142596.984375	150902.09375	186180.71875	169943.984375	227275.015625	209984.765625	199162.734375	197263.578125	199452.265625	90957.828125	175160.703125	204522.015625	147627.6875	139789.0625	111770.6875	138135.75	143077.171875	146375.25	131845.84375	131506.9375	146345.125	125526.3984375
P0AB61	321364.125	272906.75	240090.140625	198500.53125	361645.9375	299351.125	327493.5625	374172.5625	481616.96875	369289.9375	380786.53125	678436.3125	346092.375	331394.6875	263624.5625	317873.96875	260969.515625	334075.46875	251934.859375	266361.625	244572.5625	219131.0625	257630.21875	275571.28125
P0AB65	87095.8984375	95199.8515625	84867.7890625	67021.859375	98651.5703125	92089.5390625	90078.0390625	106420.0390625	148204.265625	107488.1328125	77920.4375	54424.82421875	82949.59375	93014.0390625	72519.15625	51149.828125	60862.82421875	63238.33984375	58478.3359375	65708.5078125	56228.6484375	63166.5078125	75674.578125	53764.390625
P0AB67	1704666.75	1722910	2630945.75	2974389.75	1398977.125	1798170.625	1647689.5	1402897	1097331	1401427	1718998	894336.0625	1893606.75	1317077.125	3068839.75	2910319.25	3257717.5	2320359.25	3128038.25	2705817.5	3341501.25	3246946	2932112.5	3066312.75
P0AB71	9298967	9088232	15660226	15039035	9292045	8040138.5	9897509	9875943	9195568	9820269	8194184.5	11568327	9560716	10231595	16358056	15128595	14255957	16952224	13326884	16045251	14834973	15479346	14768202	15626154
P0AB74	256314.875	176086.65625	260539.28125	213532.5625	230952.65625	243178.21875	180351.390625	188384.21875	200047.03125	162837.671875	214989.734375	459038.71875	215930.390625	196705.046875	178929.921875	249466.9375	150275.6875	108723.1171875	185218.15625	131808.484375	241299.421875	197996.75	105383.5703125	254629.390625
P0AB77	397655.09375	390652.28125	161824.21875	146257.421875	445454.71875	391248.125	293922.1875	408707.90625	450592.75	375235.3125	398876.90625	451264.09375	325439.9375	391519.8125	116302.2265625	114425.671875	132553.390625	107743.6640625	114278.7578125	131468.015625	117859.828125	123993.9296875	134759.140625	116786.234375
P0AB80	4082747.5	3967006.75	3386214.25	3863474.5	3612223.25	3929397	3079435.25	3182743.75	3132295.75	3212979.75	4203443	4232962	3692108	3248750.75	2906367	3520473	3178882.25	2830896	3466402.25	2936089	3748680	3650317.25	2994626.25	3530386.25
P0AB83	114489.4375	131235.265625	116083.046875	125196.3359375	82700.0390625	103003.84375	115808.984375	92230.78125	67461.859375	88867.875	102137.3515625	129576.515625	110783.9453125	93878.0234375	106618.875	104134.84375	121042.1171875	68380.0390625	119650	100890.2265625	129863.1953125	122504.015625	112397.5703125	119036.3515625
P0AB85	NA	7154.646484375	6878.3583984375	NA	4363.33447265625	4630.06494140625	NA	6502.72705078125	19846.130859375	7141.6201171875	NA	NA	NA	3205.9638671875	NA	NA	NA	3953.73364257813	1946.07165527344	6272.7939453125	NA	3687.35498046875	NA	NA
P0AB87	27981.43359375	18672.59375	NA	NA	40561.578125	24020.02734375	12395.810546875	5411.97607421875	28931.552734375	38239.54296875	35954.82421875	34038.9765625	31593.412109375	29055.138671875	3570.4697265625	NA	NA	NA	NA	NA	NA	NA	2379.40161132813	NA
P0AB89	2981746	3081259.25	3549394.25	3595015.75	3081356	3174214	3247017.75	2847206.5	2654472.75	3054053	3067280	2183785.25	3099000.75	2967972.75	3390530	3460443	3435987.75	3084774.75	3473145.75	3221940	3483321	3601590	3457128.5	3504523.25
P0AB91	1685387.25	1803244.125	3340505.75	3499332.5	1597631.25	1404210	1361911.125	1488944.125	1782643.375	1486618.375	1493034.125	1472444.625	1445495.25	1736788.375	3237848.75	3221957	3135510.75	3769332	3309902.5	3272290.75	3205162.5	3153382	3377965.75	3422424
P0AB96	46221.265625	36611.015625	74009.875	46351.03515625	48509.17578125	52153.90625	42904.30078125	44112.12109375	63964.83984375	40909.7109375	49231.36328125	134385.25	46821.87109375	31745.462890625	57367.19921875	51007.7265625	40156.23046875	49548.67578125	37797.83203125	51579.41015625	44915.80859375	43192.546875	55783.83984375	36749.46484375
P0AB98	328102.09375	314891.4375	227071.0625	229242.34375	242240.484375	290447.8125	285157.15625	253844.21875	266616.40625	257711.046875	265311.25	226018.765625	244273.734375	241146.9375	201403.703125	170562.203125	204225.203125	178326.203125	186816.3125	170095.453125	190606.625	202404.25	205060.84375	165140.625
P0ABA0	9281513	8315630	6285426	5277537	7642920	7887827.5	8548277	8736587	11559589	8578569	9181974	16937290	8759093	9004764	6147400.5	7142686	6231226	8701369	6383521.5	6809495	6830414	6189448.5	7535776	6473544
P0ABA4	2251780.5	2494060.25	1576921.375	1506595.625	1684695.125	2109701.5	2252116	1725745.5	1497733.125	1760586.25	2191846	2899290.5	1988581	1542314.125	1391225.625	1580173.625	1607442	1318499.875	1551366	1504661.125	1561054.875	1504455.375	1426500.875	1454220.625
P0ABA6	4368343.5	4621199.5	3253389	3390110.5	4631936.5	5189284	5107379	4505041.5	3598486	4636904	4992635	4322358	4693311.5	4289295.5	3390864.5	3301666.75	3315319.25	3154766.5	3322884	3312917	3288581.75	3377244.75	3152792.5	3298653.25
P0ABB0	21898170	21302076	13774940	15012145	19758440	23889280	21130374	18325556	15163557	19369112	23093156	18272988	22651354	18456414	15059271	15238849	15453877	13603265	15834159	14105676	15637684	16192840	14248898	16184615
P0ABB4	12170267	12820978	10172620	10400429	13792057	14037612	14105466	14235287	12539101	14680809	13784523	12598678	14584929	15014813	10260232	10401368	10287822	11814848	10159901	10725482	9966392	10693011	11009890	10388138
P0ABB8	385501.28125	439096.90625	455594.5	606567.0625	280330.90625	349972.125	649785.75	447903.71875	352519.5625	363248.3125	406717.1875	343045.3125	388440.25	382906.4375	501362.8125	505689.875	420784.875	471797.46875	402165.375	471908.96875	462615.8125	457444.125	413517.84375	410572.375
P0ABC3	2157372.5	2172822.5	2612932.25	2426034.25	2619080.75	2469872.75	2799402.75	2901079.25	3485398.75	2866985.25	2400177.75	2447506.75	2288159.5	2803406	2513356.25	2636944.5	2494585	3512899	2521975.5	2732923.75	2217827.25	2148485.75	2980681.25	2436444.75
P0ABC7	2878249.5	2790980.75	2855433.75	2919161	2715911.5	3011083.75	3443334.75	2923189	3263568.25	3032402.75	3046251.75	2843824.25	2932961.75	2946764.75	2785585.25	2945985.25	2935099.25	2997241.25	3082014.25	2879999	2919886.25	2746399.75	3064451.25	2919983.25
P0ABC9	234889.796875	210735.6875	213890.34375	239652.15625	203648.09375	221233.765625	231286.5	189340.25	153699.71875	198465.640625	234493.71875	182311	231123.25	155548.203125	207983.265625	213706.875	222578.953125	183225.59375	240130.703125	207169.8125	240648.578125	211396.03125	199524.203125	242916.765625
P0ABD3	2309696	2152858.25	1802320.625	1206350.625	3441372.25	2399133.5	1372643.375	2037407.875	5743314.5	2312853.75	2001600.5	3374020.5	1717112	2009448.125	1732959.125	1572090.375	1355765.125	1843513	818639.375	1523907.125	1025621	1371649.75	2095615.625	929604.5
P0ABD5	1799050.25	1933796.375	2402173.25	2183349.25	2357393.5	1983956	2098832.25	2599711	2791109	2495601.75	1885466.125	2326703.75	1928394.375	2328816	2546978.25	2213132	2396143.5	2858698.5	2103845.75	2509200.25	2031295	2131743.25	2724829.25	2014059.625
P0ABD8	2201782.25	1991758.5	2303515.25	2005337.5	2713182.5	2180260	2517715.5	2853780.25	3302088.75	2704566.25	2617968.25	4443038	2525248.25	2459582	2353120.25	2773304.75	2296980.25	3053583.25	2371805.25	2382651.25	2212765.5	2172702	2507261.5	2502114
P0ABE2	341527.78125	334711.84375	266336.75	314631.125	183174.140625	206220.328125	206472.71875	174109.828125	118935.2578125	188143.5625	233389.96875	482552.28125	245021.15625	190500.84375	253075.53125	305750.9375	277520.40625	227849.71875	277299.03125	256086.109375	294972.15625	277696.84375	253148.171875	281462.09375
P0ABE5	19894.76171875	19154.396484375	NA	16288.6240234375	10454.3232421875	15231.423828125	8668.607421875	NA	NA	NA	12698.1376953125	13720.8037109375	12182.361328125	NA	9879.0205078125	13863.42578125	19726.6875	NA	25613.283203125	11994.810546875	22922.4921875	14733.685546875	NA	20760.259765625
P0ABF1	395599.4375	415334.8125	456055.875	504674.9375	330277.375	361043.65625	351837.34375	308344.78125	248469.96875	318600.96875	379132.28125	289356.65625	384662.0625	322550.125	463229.78125	478328.21875	506190.09375	318807.84375	525771.5625	445298.59375	504003.8125	522447.875	430296.1875	506879.75
P0ABF4	209283.59375	225542.484375	73182.3515625	84897.5703125	216010.390625	245708.15625	198357.984375	195737.90625	209648.09375	193246.015625	236974.046875	303183.5625	224914.578125	198597.59375	67225.625	66935.265625	67777.5	61855.17578125	83805.640625	60389.74609375	82324.8359375	75888.796875	74914.6328125	75883.9921875
P0ABF6	474160.71875	423968.15625	558552.5	442258.09375	592213.5625	511274.09375	471659.9375	566983.6875	812968.5	597351.125	431585.71875	481790.96875	410282.5	530996.375	523982.34375	496468.96875	465208.96875	641241.6875	398999.21875	530817.4375	412082.625	441032.5	533609.4375	410071.34375
P0ABF8	187244.53125	205557.890625	74633.3359375	109461.1328125	132182.890625	165805.3125	204285.359375	109282.328125	52869.640625	107399.6875	192652.796875	157774.578125	176982.015625	96591.671875	61914.40625	73726.1875	92475.84375	NA	104701.1328125	61559.3203125	123294.6015625	122838.6171875	75562.0703125	115561.609375
P0ABG1	48790.91015625	50613.41796875	16362.0478515625	19880.3125	21816.755859375	45583.76171875	35474.38671875	21147.859375	12824.6240234375	20650.7109375	58353.44921875	50612.7578125	27748.490234375	12106.0732421875	18696.90625	13602.267578125	24228.3203125	1842.1318359375	23678.625	8254.4560546875	32194.767578125	29141.619140625	9695.6376953125	19954.5
P0ABG4	99899.296875	89956.890625	55672.57421875	75457.359375	66364.921875	87615.046875	79104.0625	65258.1640625	60111.69921875	49951.61328125	71399.1640625	81755.8671875	85537.4375	63475.47265625	66088.28125	75221.9453125	63827.48828125	56506.4140625	81478.609375	54013.02734375	95851.453125	96671.890625	48119.9453125	63688.8984375
P0ABG7	101623.0859375	91934.7734375	70002.2109375	89706.171875	88581.0859375	108880.828125	92599.5078125	77563.296875	49095.140625	63655.66796875	104500.9296875	52539.40625	87901.421875	64221.49609375	76218.8828125	89732.578125	89739.4765625	57263.5546875	99147.03125	72303.921875	88795.8515625	82682.203125	62488.93359375	83833.9921875
P0ABH0	748304.625	792654.375	802171.75	810840.6875	693642	845548.3125	785895.5625	660415.25	570203.9375	663256.25	867362.625	826078.625	720405.875	688705.25	794871.5625	814735.875	825197.9375	606926.75	858310.3125	786257.5625	843186.125	855422.125	762816.375	834184.75
P0ABH7	28163518	31186824	6889185.5	8189024	21139958	21938476	23614180	18665560	15664031	19815388	22008854	17157180	25606942	27292324	6216558	6686960	7359736.5	6607721	8458416	7665850.5	7419972.5	6531167	6832763	8172144
P0ABH9	2545641.75	2610665	2727192.25	2758064	2668739.5	3031374.75	2124640	2548678.5	2379097.75	2577497.75	2485072.25	1794950	2331300.75	2446825	2593817.25	2691778.25	2665554.75	2455625.25	2774349.5	2486967.25	2706751.25	2688021	2567424.25	2672845.5
P0ABI4	656985.3125	670384.125	574138.875	624187.8125	696634.375	624377.6875	742985.6875	619977.8125	535027.3125	715677.9375	689196.5625	529592.125	588328.1875	622534.5	480490.84375	500253.3125	476621.3125	496835.65625	494429.34375	523199.71875	530796.0625	547098.9375	531440.1875	545455.625
P0ABI8	4502581	5644336.5	2633132.25	2744040.25	3246441.25	3911931	5194835	3523071	3490944.5	4149583	4201723	2527937.25	4328328.5	3459994.25	2047447.75	1937107.625	2488952.25	1466818	2367026.75	2243959.75	2584735.25	2080721.25	2497004	2405332
P0ABJ1	2803335.75	3462966	1761162.625	2210904	2809674.25	2337107.5	3054617.5	2939791.5	4533484.5	3281825.75	2518759	1168834.625	3242943.75	3342238.75	1404829.375	1483561.625	1907738.25	2578608	2049571	2011762.75	1667279.125	1359794.75	2167509.25	1628390.125
P0ABJ3	3403.44921875	3478.01538085938	313.307220458984	238.547393798828	NA	762.939208984375	3290.3681640625	2746.10473632813	2348.63500976563	1027.5654296875	NA	NA	2748.24560546875	NA	2993.47534179688	3159.3466796875	1320.14001464844	2313.82641601563	NA	NA	2225.60400390625	1930.63659667969	1267.11853027344	NA
P0ABJ9	9534679	9268552	6834219	6807978	11057136	14767711	9617012	11031433	13289609	11842578	10126850	5916064.5	8873684	10101124	5973804.5	6530029	6831439	6766233	6052813	5865786.5	5553751.5	5862783.5	6644661.5	5137975
P0ABK2	294017.1875	280062.3125	191620.796875	174986.90625	298345.71875	392458.4375	236715.109375	233783.375	309751.09375	276098.65625	276542.90625	225072.5625	269620.46875	194483.796875	198946.703125	173517.09375	212900.46875	160286.46875	150194.859375	132288.453125	156259.59375	184502.0625	158273.375	145483.4375
P0ABK5	28827022	27886288	28458716	26764390	36520672	32152406	27169686	36171392	39476940	36620940	28279206	35312500	31066102	34606460	31464326	29650544	29731370	38179416	28495420	32201046	28429056	29987184	33222330	30034662
P0ABK9	57137.9765625	58239.01953125	57857.39453125	49623.68359375	79298.640625	65338.68359375	49220.2421875	69997.6171875	194856.75	44094.75	55906.5546875	61782.32421875	44164.2421875	79097.2734375	45917.1484375	42998.40625	34027.140625	61494.96484375	37580.53515625	48036.69140625	41125.09375	56145.625	50531.5390625	34687.125
P0ABL1	9077.2080078125	26519.609375	NA	NA	129.433151245117	37011.9296875	7446.6875	10172.4189453125	63866.57421875	3447.4677734375	8921.5625	11044.625	7907.4384765625	10679.0673828125	16944.65625	NA	17322.58984375	5759.4228515625	NA	NA	NA	9543.0283203125	NA	NA
P0ABL3	57379.21875	63290.84765625	65770.765625	36166.15625	97875.96875	77045.28125	58995.16015625	95447.921875	160302.125	98798.75	57485.4765625	133005.34375	72824.1953125	88355.8203125	64732.015625	63498.32421875	56376.703125	69479.9921875	NA	66731.1328125	44396.4296875	54781.609375	66796.96875	25190.529296875
P0ABL5	79951.7109375	97604.5859375	85214.59375	82829.1796875	156586.25	139769.984375	124015.6875	106845.4375	148732.421875	106803.0078125	112971.875	84686.09375	85581.3125	91357.1328125	83168.8203125	88030.03125	77918.2109375	65377.45703125	88279.390625	90791.375	88817.71875	99109.09375	75402.765625	85181.4140625
P0ABM1	9524.2880859375	8475.681640625	NA	6905.93798828125	NA	6697.0615234375	5265.501953125	NA	NA	NA	10863.02734375	NA	3354.10620117188	NA	NA	3422.84448242188	5548.123046875	NA	3378.94873046875	NA	5412.0673828125	4098.1298828125	NA	5024.216796875
P0ABM9	80012.203125	76585.09375	95876.4453125	102729.3359375	64449.58984375	57135.62890625	83510.0234375	87147.734375	90927.203125	60591.6484375	70786.453125	50619.6484375	61751.7109375	72053.4921875	91646.3515625	78626.703125	82943.9296875	79134.9140625	71898.140625	83481.9140625	81547.8671875	93128.8984375	82979.625	88625.6328125
P0ABN1	60916.4296875	58979.54296875	36475.87109375	53128.671875	35060.10546875	63536.93359375	81285.4453125	30383.4140625	13425.228515625	36364.1953125	60890.734375	64066.55078125	51419.89453125	21520.904296875	33023.921875	47746.046875	38015.1875	22366.974609375	63376.578125	37496.328125	59200.5703125	43968.75390625	24263.658203125	56632.88671875
P0ABN5	292552.375	265312	149007.421875	140517.828125	265377.375	325454.28125	203391.71875	190188.796875	253521.390625	195114.453125	276058.21875	189774.109375	238865.4375	209152.09375	137380.71875	113334.25	142754.859375	79849.8046875	131168.171875	113698.6796875	151355.03125	136513.53125	124705	128639.4296875
P0ABN9	NA	17218.84375	615810.6875	23997.802734375	NA	NA	25101.158203125	39019.15625	96519.640625	53878.125	52782.21484375	NA	NA	NA	271691.9375	148890.15625	208423.9375	129789.9375	151322.34375	237292.8125	245759.640625	288958.90625	261725.734375	211199.515625
P0ABP8	3131431	2955702	2534558.25	2635194.25	2746551	2662158	2894556	2967106.25	2682513.25	2955892.5	2747920.5	2663617.75	2941085.75	3077521	2570429.5	2655437.25	2701743.5	2896457.75	2837251.25	2734132.75	2657105.75	2720309.25	2632301.25	2949467.75
P0ABQ0	249168.671875	279534.9375	232111.28125	240724.578125	254817.8125	263546.15625	259925.640625	329767.84375	282963.59375	299489.96875	241047.703125	187625.234375	245384.484375	274748.09375	198482.90625	177109.796875	229655.40625	218741.671875	214984.578125	228917.59375	209107.171875	208544.921875	221326.96875	187877.109375
P0ABQ2	95243.46875	97441.0703125	59222.15234375	53702.5546875	134734.46875	137293.828125	76275.8984375	98571.6875	305583.6875	95839.8671875	92153.453125	124527.515625	80867.484375	89892.6015625	56442.09375	60593.65234375	58367.04296875	55218.03125	47112	63369.8984375	58763.98828125	59059.58203125	54541.171875	63167.90625
P0ABQ4	209975.46875	207253.59375	162365.375	170214.375	179858.046875	237770.1875	242091.28125	186163.09375	199776.96875	216122.953125	217492.484375	567483.6875	206500.203125	213103.4375	177370.421875	171035.546875	170873.21875	198069.078125	178141.328125	170244.828125	173341.40625	154024.796875	186668.671875	164679.375
P0ABR1	30878.93359375	21844.833984375	47554.05859375	31055.80859375	28333.3828125	23953.220703125	34158.34375	31431.1796875	37349.6171875	31761.4453125	25080.470703125	49244.18359375	22115.732421875	18335.640625	45639.015625	37636.80078125	41117.47265625	45430.19921875	35553.19921875	35156.81640625	32489.615234375	28755.234375	44682.90234375	23994.4296875
P0ABR7	7211.2431640625	10908.078125	16991.65234375	5005.87158203125	775.612915039063	6302.65087890625	3168.99291992188	2517.32202148438	4994.42041015625	2850.953125	2459.79956054688	27487.419921875	5396.748046875	NA	4465.78076171875	8281.8154296875	11519.513671875	4327.65576171875	4819.521484375	6690.4921875	6573.97607421875	3125.64770507813	6397.96728515625	4157.10400390625
P0ABS1	1904537.125	1705697.875	1684573.375	1383513.25	1937654.875	1749176.625	1641462.5	1992031.25	2467901.75	1935597.625	2009830.75	4414731	2118509.75	1764958.5	1765410.125	1585097.5	1613203.125	1694849.25	1608493.375	1647673.625	1534618.25	1444053.875	1806547.875	1682873
P0ABS5	240596.109375	228427.578125	215116.859375	210521.078125	266980.09375	253410.109375	278754.09375	294763.15625	279863.53125	280660.09375	257937.8125	207521.90625	237379.78125	266013.375	229374.484375	197491.921875	187291.765625	240895.140625	203014.40625	224474.203125	192495.609375	212298	238235.640625	200677.375
P0ABS8	188860.09375	123780	156870.765625	115251.65625	185696.75	139434.046875	170590.875	147778.46875	177819.90625	120580.9375	176570.828125	396273.6875	167537.96875	108340.03125	152987.734375	179596.703125	156553.484375	173626.03125	140551.953125	128247.2578125	151094.46875	145970.703125	154351.40625	160505.5625
P0ABT2	7335712	7161659	4990953.5	5933081.5	6711477	8368230	6294613.5	6994961	6000764.5	5611984	6724875.5	14058988	5862198	6268651	4923635	7009936.5	6011953	6426869	4230740	6082818.5	5207420	4420139.5	8059518	4166288.25
P0ABT5	145907.109375	165388.328125	145464.3125	146728.203125	115228.4375	111432.65625	139140.421875	134759.734375	152285.015625	114241.6953125	142073.8125	321508.875	155444.34375	168579.984375	113675.953125	94451.265625	104726.2734375	122773.0390625	95944.1796875	128816.015625	165153.40625	122247.71875	124247.5	122797.2265625
P0ABU0	658090.1875	708649.5625	871756.25	899934.375	697508.6875	786834.5	818374.8125	671826.75	516159.46875	636255.75	734062.9375	618883.875	686372.125	657427.5625	870644.5625	876398.9375	868134.9375	729467.4375	881839.375	849999.6875	853665.4375	879438.875	772616.9375	911914.25
P0ABU2	1677179.625	1655428.125	2017203.125	1853041.625	1401613.875	1441290.875	1474535.125	1337998.25	1465674.125	1377234.875	1415362.625	1614420.125	1467891	1571852.625	1793990.125	1810823	1649201	1963782.75	1844944.25	1882955.5	1734098.75	1691697.125	1917620.125	1773912
P0ABU5	2219409	1929837.375	1618685.875	1326537.625	1922773.25	1980944.625	1643262.375	1960283.625	2258510	1871581	1993569.875	3512355.5	1850696.75	2027525.75	1657397.875	1693889.5	1428274.375	1485363.625	1344349.125	1436811.375	1461536.75	1537171.25	1345134.375	1381036
P0ABU7	627894.375	569149.6875	886686.5625	1070630.875	495999.34375	673157.375	928979.9375	715298.75	401898.375	752010.75	552928.0625	413090.84375	734422.3125	568643.8125	955394.3125	973642.5	1060605.625	881808	1324778.25	1028975.0625	1226072.375	1073966.25	753102.375	1350529.375
P0ABU9	411837.75	421983.75	425590.75	464927.5625	322913.6875	341084.21875	422454.25	337544.96875	314227.53125	345697	309769.78125	225838.5625	344277.5	361429.9375	345438.96875	421199.34375	376697.84375	350819.84375	425402.65625	412552.625	434727.53125	365354.1875	371843.96875	415892.9375
P0ABV2	417496.5	390375.78125	533983.375	527504.125	316817.28125	443750.875	591438.625	546753.6875	316518.6875	532859.1875	430754.125	1123748.375	498158.84375	395714.21875	557917.0625	663869.375	626039.375	672819.75	784791.3125	651867.5625	736694.6875	635316.625	447919.15625	845052
P0ABV6	369618.9375	332947.84375	418349.375	346540.5	380747.40625	312499.40625	331194.40625	379037.46875	448079.25	385896.40625	338115.09375	744992.5	313437.75	374454	356283.4375	376541.625	336491.4375	401713.5625	335702.03125	352265.125	345439.875	337611.25	396035.125	340408.84375
P0ABX5	3434.36059570313	5207.39404296875	NA	NA	2218.41577148438	NA	5955.173828125	13950.8671875	3936.87353515625	4117.603515625	5906.98779296875	7280.91162109375	2373.68408203125	5652.72314453125	NA	NA	NA	NA	NA	NA	NA	NA	NA	NA
P0ABX8	117570.5390625	112536.9140625	NA	NA	55387.9453125	72449.8125	142067.890625	159513.359375	29496.02734375	85488.4140625	185874.046875	188611.203125	131385.953125	148920.953125	12931.8671875	23341.681640625	29032.224609375	27948.701171875	29036.4453125	18536.671875	24178.548828125	NA	30783.861328125	22225.88671875
P0ABY4	149965.203125	126276.34375	147003.046875	109043.84375	101474.5390625	90573.296875	96450.34375	104214.6484375	94921.7265625	106745.765625	127178.078125	250583.671875	125058.0625	102189.3046875	126819.6328125	147624.0625	124675.59375	125304.234375	121257.7109375	104708.5234375	126377.15625	111666.6875	120954.546875	110208.3828125
P0ABZ1	423188.4375	438717.40625	186354.046875	180716.21875	248499.5625	242217.03125	423160.78125	458356.96875	268542.875	321491.46875	478123.71875	441748.21875	418413.59375	402389.84375	156840.09375	102167.5390625	87053.609375	153105.125	129742.828125	106032.9921875	115638.3359375	110162.390625	159875.78125	103818.15625
P0ABZ4	468819.90625	397866.6875	563721.8125	483035.46875	450967.25	359796.625	362003.375	443125.40625	667452.8125	403949.25	367331.625	666737.625	392993.15625	442606.34375	566011.6875	490459.3125	449683.28125	634252.4375	403638.375	520059.46875	422332.375	491598	574011	421898.6875
P0ABZ6	1739905.125	1617834.625	1715423.75	1620344.375	1914970.25	1703672.375	1853444	2016308.25	2503549.25	1946506.125	1841179.375	2783203	1705009.375	1937338.25	1627602.5	1809191.625	1648757	2188913	1651702.5	1817389.25	1608474.875	1530602.125	1888987.75	1674039.75
P0AC00	22321.69140625	15802.580078125	14316.583984375	14603.9541015625	30508.62109375	23114.568359375	17089.3828125	17691.7421875	25723.732421875	4984.4150390625	29751.978515625	40626.52734375	13206.0712890625	15874.6865234375	12736.7255859375	14918.814453125	11756.537109375	31816.939453125	22488.04296875	NA	18505.349609375	21039.375	15915.6181640625	26508.23046875
P0AC02	2669215.5	2523009.25	2670580.25	2403773	3177914	2624885.5	2789776.25	3567275.25	4229928	3431292	3045746.25	5958404.5	2861477.5	3280899.25	2794395.25	2587342	2636692.25	3527936.5	2421963.25	2854021.75	2297746	2391918.5	3143197.25	2501917.75
P0AC13	835858.1875	786272.3125	873440.6875	921015.1875	805847.875	781256.1875	748963.75	736649.8125	581975.9375	716223.125	841405.9375	888962.9375	791913.375	772263.4375	872198.8125	905007.25	895400.5625	778555.625	1002017.6875	804709.0625	864349.5625	914918	774156.625	866632.375
P0AC19	842396.75	738796.5	489797.84375	721274.1875	651405.5	888210.9375	835117.375	546958.8125	343592.75	583903.75	851632.3125	856135.1875	861973.5625	519155.5	610919.25	728506.25	725586.25	553970.625	947682.8125	610275.5	947532.4375	732108.4375	591783.25	865665
P0AC23	280670.59375	219822.140625	331417.71875	191932.921875	318416.375	233014.828125	216348.40625	363275.375	626895.6875	268821	204605.671875	116408.1640625	210407.984375	251180.875	349580.25	210068.125	213647.546875	257700.109375	135887.640625	208233.296875	172101.5625	261170.5625	219749.125	169723.984375
P0AC28	35199.40234375	37287.234375	38555.09375	24958.6171875	43263.3359375	41941.54296875	35626.046875	41547.3515625	48856.8359375	42611.1328125	36411.54296875	46789.9375	36471.875	42027.97265625	37284.37890625	28890.2734375	30432.228515625	31296.458984375	27059.974609375	32451.724609375	28318.2109375	31969.96875	31409.9296875	27529.49609375
P0AC30	323547.15625	291394.6875	286303.59375	293431.09375	322709.4375	360973.4375	351408.0625	315288.40625	266102.84375	318776.5	361467.84375	302121.5	310629.90625	293087.375	274740.3125	289111.3125	299605.625	273300.59375	317088.5625	266461.90625	303128.3125	312365.34375	288186.125	298854.96875
P0AC33	5581169.5	5482675	1783086.75	1829927.5	6735969.5	5811935	4031238	5269593.5	6284087.5	6324195.5	5240216.5	3728026.5	5420761.5	6310632	1556687.625	1656991.875	1931153.5	1997497.75	1789053.75	1877421.5	1427225.625	1352797.25	2635312.75	1393580.25
P0AC38	3515498	3334622.5	1648540.875	1227900.5	3821077	3708181	2903693.75	3558164.75	4258725.5	3384521.25	3094123.75	2212956.5	3002576.5	3424368.5	1310626	1020716.125	1234488	1218373.25	1012523.625	1179070.5	1090222.5	1246524.25	1274887.75	1137260.25
P0AC41	26942234	30067040	4717150.5	5509568.5	25020546	22503042	19065992	19648022	23045874	22775220	19707620	11319535	21525344	25915980	4155537.5	4488206.5	6126980	4483285	6324452	5249409	4520886.5	3404474.25	6735332	4252898.5
P0AC44	561156	606866.1875	67446.484375	90639.75	705445.625	767085.875	497862.90625	469482.6875	491544.78125	561122.625	605150.1875	379900.5625	574625.375	469280.53125	59001.25	80323.3515625	112812.8828125	69155.4296875	119229.6640625	75651.140625	85297.2578125	65847.21875	121865.0859375	75415.5859375
P0AC47	1002999.4375	962178.1875	1125388.5	892810	1177660.5	1176998.5	682089.3125	950439.875	1308730.25	989775.8125	1116166	1800116.5	953363.6875	1027452.25	1043223.5625	916803.5625	916080.1875	950697.8125	750403.375	870623.5	852242.5625	1049291.625	901399.1875	879031.3125
P0AC51	183267.875	163787.28125	110001.859375	106189.8671875	131689.578125	103359.5859375	170410.734375	122668.09375	151754.625	133436.09375	153555.109375	253870.609375	146745.765625	110774.53125	112153	106598.75	94837.59375	108614.515625	81446.6796875	101304.9140625	91968.9453125	81087.859375	118202.546875	119155.6796875
P0AC53	2710701.25	2736784	2698205.75	2905767.5	2735475.5	3027388.25	2957163.75	2339563.25	2206626.5	2321901.25	2903704.75	2523582.75	2643497.75	2386673.75	2746639.25	2927693.25	2923846.25	2435811.5	3111672.75	2717651	3205586.75	3082122.25	2575505.25	3127076
P0AC55	53379.28515625	26902.71875	51422.42578125	164298.890625	NA	NA	NA	NA	37553.2578125	NA	NA	NA	47898.10546875	NA	56711.84765625	99781.390625	82081.21875	80878.265625	69791.5625	74952.796875	63296.76171875	35681.8359375	92040.6953125	83992.4765625
P0AC59	9073374	8417425	7661795	6695682	10688851	8433970	10496279	13548417	16164260	12374315	8917614	18304308	9417004	11952262	8957585	7902915	8226011	10864998	6129793	9187954	6903292.5	7492696	9274400	6940441.5
P0AC62	2663255	2642616.5	2754461.25	1947769.75	3253529	2572244	2843027.75	2942292.25	4186670.5	2951380.75	3287543.25	7241009	2924546.75	2557210	2580243.25	2836529	2115789.5	3106002	2223853	2287212	2326568.25	2031960.25	2334049.25	2441325.25
P0AC69	2323564.5	2029701.875	2845333.25	2482850.75	2511298.75	2210187.5	2377714.25	2442709.25	2417650.75	2117175.25	2342215.75	4559242	2491226.25	2287777.5	3334404.5	3254967	2888635.75	3567941.5	3172035.75	2906629.5	2530150.75	2644826.25	3241714.25	2709499.25
P0AC75	235676.390625	218239.359375	224240.328125	261917.640625	178136.015625	194723.3125	189098.5	135839.296875	127500.28125	168522.375	199654.953125	154010.109375	185224.5	148786.75	231212.828125	207881.78125	244999.5	144202.796875	262585.4375	183906.75	286842.1875	246731.71875	196805.0625	197964.25
P0AC78	89989.3515625	104506.921875	58134.44140625	71683.5703125	57079.12890625	109121.1875	75269.9375	75688.890625	23873.873046875	48898.328125	97711.625	121503.0390625	65912.4375	44945.203125	37766.89453125	48700.9296875	55294.80078125	44883.76953125	58368.0703125	29043.501953125	77349.0703125	66446.453125	25214.515625	55406.73046875
P0AC81	1351735.625	1164048.375	1197512.25	1183608.5	1073664.5	983797.4375	1121630.5	1028819.3125	1042194.75	1044230.5625	1175704.875	2450762.25	1296357.5	1152203.375	1109696	1110429	1032438.3125	1117759	1001713.1875	1198666.125	1185997.875	1121391.5	1166652.875	1163160.625
P0AC84	362700.65625	340514.40625	405763.90625	469296.0625	378001.625	437406.875	413953.09375	377746.03125	275989.46875	350079.46875	418843	729160.1875	369578.1875	366048.125	393567.09375	469780.75	388713.9375	392261.09375	412354.5	399958.5	422351.1875	423687.84375	388424.5625	482620.34375
P0AC86	691898.0625	767666.5625	556924.1875	629335.625	576286.4375	687360.4375	621190.25	537703.375	515906.3125	484241.96875	640850.375	461879.625	574680.25	532100.125	502412.96875	523546.46875	576149.125	337827.34375	526083.1875	507067.78125	604503.5625	612493.25	407635.34375	561098.9375
P0AC88	0.0177543740719557	NA	0.976603806018829	6.29001188278198	0.0012178560718894	0.00116009882185608	NA	NA	2.87669110298157	NA	9.70431254245341e-4	0.00156902009621263	1.12733590602875	NA	NA	2.33167958259583	NA	NA	3.59826254844666	1.12668037414551	1.60682713985443	2.36839914321899	NA	3.29947543144226
P0AC92	123883.4921875	120538.015625	228018.265625	183243.796875	104845.2421875	93277.703125	78374.671875	78956.515625	142794.859375	105599.359375	125228.1640625	204731.875	100017.265625	94688.3046875	226392.6875	197359.34375	155869.625	188331.171875	164773.859375	200118.984375	180895.140625	196179.40625	239467.125	159488.953125
P0ACA1	844734.75	873206.4375	485426	549730.6875	616464.625	752836.75	1011192.1875	709731.1875	547253.75	649516.5	783040.9375	1184381.875	747371.6875	611748.9375	461043.1875	528787.75	532119.1875	430858.34375	660784.75	540986.8125	575046.5	454261.34375	526464.875	493160.5
P0ACA3	3502790	3275066.5	2364566.25	2657589.5	2375662.25	2766640.75	2792968	2304971.75	1940418.125	2261489	3003109.25	4540327	3056897.25	2271049.25	2328457.75	2561154.75	2558999.25	2050460.375	2747149	2248697.75	2826717.75	2406582.5	2221426.75	2616989
P0ACA7	451654.8125	505220.28125	355636.375	351223.875	417539.03125	491453.46875	459204.25	456569.75	363717.9375	450225.96875	467583.6875	554232.1875	417677.46875	425173.6875	330155.6875	324401	409776.875	293906.1875	398578.34375	357666.6875	356327.59375	341896.15625	298257.71875	324764.1875
P0ACB0	411923.9375	419466.15625	453084.09375	453146.3125	493783.15625	462182.375	439210.71875	477890.78125	574923.25	487110.1875	450717.21875	494729.75	452138.375	477666.03125	468960	438913.875	447233.46875	537132.0625	448750.0625	474033.09375	428521.6875	419741	494778.78125	424258.6875
P0ACB2	1478553.375	1562978.125	1438476.125	1498148.375	1667717.625	1607383.75	1448354.5	1488242.625	1481782.875	1654224.75	1612083.5	1765299.5	1444672.625	1594833.75	1393645.375	1344947.625	1378958.5	1357431.375	1474476.625	1412671.375	1427198	1340455.625	1368457.25	1410458.875
P0ACB4	411419.1875	452973.28125	407437.53125	434106.15625	462664.71875	469051.125	384145.5625	418718.8125	335013.15625	417701.84375	449304.40625	356340.59375	417362.625	359330.78125	363248.59375	384814.84375	428895.8125	363458.0625	407173.03125	397233.53125	425955.25	418844.625	354575.09375	438531.875
P0ACB7	1083664.125	1116807.75	977409.8125	906610.375	1277862.875	1185324.375	1337578	1332416.125	1549861.125	1307652.5	1084894	905729.875	1098830.625	1269553.375	956281.8125	850235.6875	869582.6875	1192921.625	858225.1875	979201.1875	826606.5625	859020.6875	1085000.75	888766.25
P0ACC1	33964.6796875	38908.4765625	36851.90234375	45220.671875	27485.26953125	39207.80859375	22791.353515625	23181.8046875	20087.662109375	24253.166015625	39157.59765625	54960.0859375	28051.5625	25770.365234375	33516.13671875	36778.9453125	34620.37109375	21019.966796875	32230.40234375	32307.36328125	40414.8125	25310.880859375	28851.28515625	38986.7421875
P0ACC3	1122388.5	946188.1875	1497214.375	1011546.6875	1690198.625	1210016.5	1393269.875	1266997.25	1893425.875	1333536.625	1536579.375	3498163.5	1347507.875	1325612.25	1532198	1610996.5	1253858.875	1889645.625	1411800.375	1279349.25	1245533.875	1030552.1875	1546914.75	1275623.875
P0ACC7	527397.6875	534299	654469.3125	638199.6875	523602.9375	526539.125	560648.4375	588231.5625	621420.4375	587998.0625	554894.3125	563035.125	567798.25	579007.0625	648096.8125	633654	643935.0625	722134.375	605918.9375	647062.125	625777.125	645115.9375	721029.625	610654.5625
P0ACD4	2592649.5	2304948.75	3205754.75	2128263.25	2743208	1508983.375	2665082.5	2637126	4773032	2070632.875	2500475.75	4290759	2413302	2629270	3434941.25	3100950.25	2349671	3818818	2760707	2462879.75	2435094	2209024.25	3140039.25	2589044
P0ACD8	46732.4609375	41727.3515625	61828.109375	55005.76171875	40127.12109375	47802.11328125	11761.0263671875	41911.52734375	71802.9921875	18874.873046875	32839.25390625	28812.021484375	27143.05078125	34107.85546875	57134.84375	53574.3828125	41089.734375	44893.734375	18062.978515625	48515.94140625	44304.18359375	85465.5859375	49238.57421875	47285.6640625
P0ACE0	328436.4375	311503.59375	335483.3125	316251.0625	369529	350677.84375	167348.375	275627.03125	348936.75	260205.84375	296442.5	276652.96875	224795.421875	282122.40625	300952.46875	293149.84375	239300.8125	281353.6875	178855.59375	254609.046875	280264.125	360877.4375	282133.75	301771.9375
P0ACE3	51790.5234375	47676.96875	85138.78125	66560.9765625	40871.21484375	42069.53125	41575.53125	37611.4296875	48409.41796875	34466.84375	34973.60546875	98119.8203125	37121.5234375	31495.57421875	66749.046875	65975.7734375	67385.6484375	67164.5625	63968.2734375	67366.8671875	70277.7109375	70053.1640625	76626.6015625	70849.5859375
P0ACE7	839590.4375	768374.5	928907.4375	710486.3125	1083932.125	915950.875	918387.75	1012800.1875	1229230.375	984591.9375	988673.6875	2097494.25	955775.5	850311.125	1014914.1875	1033999.0625	921948.8125	1156792.875	899590.0625	962373.1875	875640.0625	810937.6875	960946.3125	905595.875
P0ACF0	35234996	29992356	32377674	24516770	46889816	36142756	38808344	46132536	70184424	41947116	40790700	100105608	38410228	40444384	39327960	35027320	32965766	49800080	30189888	33315488	29925808	31146436	40177592	30937516
P0ACF4	25409388	23558164	20581882	14974181	30090318	22981028	22370808	27024810	52707784	26224852	24473308	55027828	23779976	25549964	22681686	18530362	18726256	24054024	15552190	20549574	17271770	18031424	25258848	16950326
P0ACF8	20282592	16327115	14552898	11266270	21982306	15639800	16711313	21183632	34341180	18285274	16211469	39567720	17786768	20237582	17760176	17192508	14377797	20892670	13423591	13323950	12424657	12617617	15832002	13790068
P0ACG1	4345585.5	3520624.25	7917944	6033204	5760566.5	4320374.5	4533478	5669342.5	7355576.5	5215602.5	5538099.5	11616384	5421170	5584393	9343364	9421916	8159896.5	12524951	7925933.5	9144378	8287623.5	8378902.5	10075221	8490183
P0ACG8	76077.375	133482.84375	50672.4765625	68863.6875	56839.8828125	100003.9453125	64476.82421875	52657.27734375	39574.80859375	48079.6953125	87080.203125	183356.78125	73917.4140625	53912.62109375	48662.9140625	23262.408203125	50228.8046875	10512.7978515625	61816.6328125	46619.875	56945.640625	54385.390625	49194.68359375	58739.4921875
P0ACH8	37500.015625	13012.767578125	13609.697265625	19524.67578125	58255.8203125	45932.11328125	43003.625	43476.72265625	42186.88671875	41108.71875	37773.375	NA	37360.3125	42523.59765625	14121.3388671875	13108.5107421875	14617.0322265625	5308.263671875	16340.19921875	23005.818359375	18113.765625	13070.60546875	14711.4453125	9368.203125
P0ACI0	273767	283593.84375	252656.0625	276628.46875	246095.6875	288410.25	263766.5625	261716.8125	200000.46875	216522.484375	252297.875	190521.546875	240286.578125	207709.6875	221118.78125	254439.4375	239907.484375	196909.546875	244067.75	229826.765625	266072.9375	242062.0625	220427.046875	248386.65625
P0ACI3	45199.80859375	52471.3046875	49452.38671875	40949.9296875	41504.30078125	38460.4140625	42426.19921875	44007.359375	24741.32421875	35005.0546875	66759.125	96703.453125	52495.2734375	41946.51953125	40721.34765625	35848.42578125	43135	36813.96484375	53558.921875	43382.9453125	47822.26953125	46654.50390625	46193.2265625	40877.15234375
P0ACI6	25959.646484375	29827.6953125	20493.904296875	24525.044921875	12983.716796875	19921.458984375	23691.01171875	21902.83203125	18562.48046875	16901.759765625	13338.904296875	18647.5859375	21264.751953125	11927.396484375	27561.70703125	22847.63671875	25292.2109375	13758.2353515625	21466.162109375	24085.447265625	26763.236328125	25743.197265625	24363.34375	24081.775390625
P0ACJ0	4885978	4898034.5	5027488.5	4825387	4535370	5133241.5	4374541.5	4603289.5	4013325	4410239	4681959.5	5468483.5	4464457.5	4164744.5	5289024	4957235.5	5042075.5	4159915.75	5107460.5	5005318.5	5164490	5203215	4567627.5	4773360
P0ACJ8	8432441	8604765	3707885.5	3803983.25	7639661	8698080	8127389	6363149	5417083	6661328	8142971	7469139.5	8017911	6551660.5	3810395	4039483.25	4148679.25	2796760	4126099.25	3493137.75	3907747.75	4253308	3431430.75	3966461.75
P0ACK2	124872.1328125	142816.828125	100927.3125	102279.8828125	112363.8671875	133485.125	98079.15625	112721.9765625	117659.734375	95761.6484375	121888.1328125	147296.96875	112357.1796875	102825.515625	98393.5	103079.6171875	95110.96875	94223.5234375	114816.53125	90214.953125	105522.03125	103628.2109375	90348.921875	104438.3671875
P0ACK5	124605.140625	128483.2578125	107613.234375	106331.8203125	121699.625	127251.515625	103586.640625	106298.125	133208.71875	121842.859375	114775.9609375	125111.140625	121056.390625	122833.859375	101453.4453125	104836.53125	93533.453125	104494.8515625	92522.96875	101336.0546875	87879.984375	99040.203125	113641.34375	103559.8515625
P0ACK8	127771.953125	135374.453125	49054.078125	60727.20703125	80815.7421875	83434.5859375	105764.3671875	92900.4296875	87440.203125	94911.0625	92565.296875	93968.5546875	95960.609375	93596.90625	42283.75390625	38486.2265625	48802.95703125	32316.244140625	33315.90234375	43018.06640625	47655.63671875	35395.7890625	55439.09765625	36067.609375
P0ACL0	261749.859375	221348.828125	282686.1875	268589.375	221116.234375	237838.171875	211449.328125	233282.078125	269497.375	265085.21875	240351.515625	170714.125	231263.328125	261149.03125	252026.078125	275173.625	262027.765625	312310.6875	266207.34375	263826.09375	257275.5	236199.109375	270813.4375	216957.890625
P0ACL2	83571.2890625	84978.984375	73304.1953125	74172.453125	75812.953125	84763.3359375	86160.15625	80937.625	77488.71875	81937.1171875	91821.8828125	77527.8125	76087.703125	74600.8125	66073.0703125	76736.0625	76025.703125	75520.859375	80044.390625	77153.953125	72236.046875	75828.21875	73703.328125	67734.96875
P0ACL5	195885.546875	189218.625	40498.765625	35840.94140625	231414.203125	246826.328125	192579.34375	207976.3125	186178.578125	242851.859375	225448.046875	112985.25	199416.171875	203558.265625	35305.4296875	45151.2734375	41085.46484375	29974.49609375	44330.31640625	34637.90625	38638.8046875	31682.705078125	49061.62890625	38242.25390625
P0ACL9	558790.75	610087.5625	207956.296875	221031.796875	438044.09375	503779.5625	524212	524731.3125	360145.0625	558423.4375	507168.09375	698460.25	549264.125	565116.375	163164.703125	175498.9375	168562.53125	130931.1875	156642.65625	196356.96875	188466	183203.75	181393.890625	177413.890625
P0ACM2	73295.9296875	65370.203125	91632.3828125	87653.609375	76185.0703125	59866.6796875	59082.58203125	77898.125	103264.984375	84603.796875	59798.3203125	97841.5859375	69743.921875	81170.125	86770.25	90179.1171875	77564.6953125	96770.9765625	69454.3203125	90063.6328125	67195.4453125	80549.1953125	94770.15625	78057.7734375
P0ACM5	57450.91015625	66185.4609375	58723.12109375	51669.16796875	61912.42578125	70792.1484375	59980.31640625	57529.47265625	49942.10546875	58282.34375	70036.609375	70231.5859375	61402.890625	55260.91015625	54458.72265625	56291.1015625	60034.84375	51877.49609375	54217.93359375	48393.55859375	57305.6796875	46182.984375	51633.06640625	52047.3984375
P0ACM9	60020.2421875	92062.078125	71683.5546875	61052.375	35152.52734375	37262.94921875	51327.30078125	60108.30859375	51510.75390625	68892.46875	30372.931640625	28171.4609375	47497.0859375	53959.84765625	33447.92578125	33718.26953125	38191.62890625	25681.70703125	33346.05078125	43349.08203125	21765.5546875	25824.82421875	52678.44921875	19209.314453125
P0ACN4	512124.6875	506650.8125	580933.3125	562072.0625	476274.40625	424142.25	396767.625	447070.78125	511025.1875	481840.125	424742.40625	306154	442730.71875	407144.4375	553431.375	527387.625	580681.375	536101.3125	596766.125	554250.25	574982.3125	636815.9375	570810.1875	505979.375
P0ACN7	74436.921875	83885.9921875	54819.68359375	61020.91796875	75412.1484375	74889.234375	76946.40625	73388.765625	60189.8359375	63756.5859375	77908.6640625	59940.36328125	68533.40625	65170.765625	48983.859375	53466.85546875	48162.83203125	54862.75390625	41610.33203125	51145.546875	52633.7421875	41809.22265625	41836.28515625	51812.984375
P0ACP1	913930.1875	1033634.125	635719.625	676264.5625	877005.6875	838074.6875	785593.375	774121.5625	803150.0625	829375.9375	784870.9375	617059.25	818281.75	795137.625	604076.25	602465.125	633314.5	521501.03125	573756	612288.625	541391.125	589227.625	637833.375	584875.5625
P0ACP5	15417754	16138242	10054816	10081688	11779013	14515555	14174613	12578407	10101409	11839563	12314105	12720043	14243317	10919955	9079753	10574357	10331729	10768234	9032012	9106744	9532762	11371105	9534327	9791865
P0ACP7	2192458	2452365.5	2167584.5	2092301.75	2446053.25	2339729.75	2101939.25	2300783	2589533	2294762.75	2086319	1574300.75	2230368	2140504.25	2120146	1944201.75	2159142.25	1848728.25	2043604.875	2069096	2064601.75	2054421.75	2267048.5	2022587.875
P0ACQ0	314840	261004.734375	218101.046875	258843.59375	213130.875	244246.828125	333221.125	311272.65625	312006.40625	284845.75	333713.71875	433804.3125	250137.1875	330666.875	185178.265625	266689.59375	227690.515625	304242.90625	217231.59375	218074.328125	215849.0625	217445.640625	269921.25	190800.390625
P0ACQ4	163961.9375	199435.734375	164017.203125	190808.171875	131440.015625	123751.4765625	165626.171875	135486.296875	117342.3359375	137701.921875	124923.2265625	100536.6796875	139133.84375	134890.421875	155120.625	143599.671875	157613.984375	113598.3984375	151981.1875	145538.1875	162619.09375	148532.25	134610.265625	145673.578125
P0ACR2	NA	NA	45242.38671875	32318.568359375	27103.65625	20077.23046875	17999.45703125	19135.75	33786.99609375	23944.19140625	16395.103515625	NA	30971.7734375	28068.189453125	34111.73046875	16350.4296875	22069.927734375	37544.91015625	23837.033203125	30761.763671875	24955.21484375	22869.181640625	30879.072265625	24627.328125
P0ACR4	72956.8828125	61387.90234375	86477.875	86634.5859375	58272.94140625	51639.3984375	74092.3515625	61378.765625	56710.59765625	60783	50684.0546875	45562.546875	57836.140625	62972.11328125	82105.3046875	68883.8046875	76812.046875	59002.21875	84477.7578125	72532.875	66627.640625	63148.25390625	69382.5625	57858.6953125
P0ACR9	1859799.875	1582310.125	1973856.25	1602328.75	1939112.875	1230605.625	1184479.75	1845899.75	2395150.75	1678828.75	1376774.75	1709326	1710894.125	2019508.25	2233727.75	1740934	1875635	2220759.5	1546562.75	2080081.875	1649347	1913563.25	2319220.5	1703452.875
P0ACS5	35841.77734375	22046.765625	26931.1875	30866.736328125	21878.810546875	26426.0390625	39348.1328125	21925.138671875	18323.390625	17030.556640625	27881.890625	89470.4609375	24888.767578125	15718.6748046875	21471.845703125	23221.24609375	19936.08203125	28808.994140625	35538.6640625	20302.828125	25073.603515625	25431.37890625	22685.5390625	27402.52734375
P0ACS7	203315.5	206861.25	131033.4453125	136871.578125	152605.859375	212280.5	208852.671875	180516.953125	146248.5625	188029.9375	206597.140625	137791.796875	195057.4375	170014.046875	120445.9609375	127280.09375	141057.796875	113447.953125	129395.859375	116473.7265625	125734.25	122696.8515625	115846.6171875	121936.59375
P0ACS9	64896.78125	60376.6953125	65835.8359375	55630.89453125	11875.1015625	25600.611328125	70226.9140625	43868.9609375	26663.501953125	13694.951171875	24548.564453125	12652.150390625	31952.001953125	21801.111328125	30804.216796875	47481.1796875	40243.859375	24440.2109375	19911.541015625	37293.01953125	36948.5234375	28032.326171875	45390.171875	14553.8291015625
P0ACT6	92095.2265625	119999.640625	86042.3203125	77633.875	105305.7421875	101496.7265625	103298.140625	122176.5859375	115651.21875	105546.828125	90886.3046875	132478.984375	106412.5859375	98914.4609375	59277.9921875	71068.234375	65772.3984375	66418.84375	57971.0390625	65573.734375	63310.56640625	55862.33984375	71979.7890625	53327.97265625
P0ACU0	136355.234375	159566.265625	113776.6640625	116037.21875	95489.2421875	124221.6640625	139423.0625	93612.421875	88543.1953125	115439.5625	99173.4453125	107568.515625	114340.8125	59870.33984375	108257.0703125	126899.5703125	112532.125	77465.7890625	131205.078125	142093.609375	122941.03125	91889.609375	41025.5	137587.640625
P0ACU2	105430.5	82662.6953125	52827.3125	95683.2421875	58796.52734375	83120.171875	64927.21875	73456.515625	45050.78515625	21464.666015625	105562.90625	147277.21875	84202.6640625	54585.21875	63684.921875	81953.3515625	65647.578125	77222.890625	92658.6796875	63823.62890625	94235.5546875	80825.0078125	44731.23828125	83521.0703125
P0ACU5	257536.40625	234733.640625	199348.828125	236578.53125	170923.6875	202226.671875	162478.140625	170076.625	141586.546875	187508.109375	192708.53125	132815.703125	204534.65625	156351.421875	110414.9609375	188058.421875	183990.84375	136746.421875	193363.671875	161879.90625	218216.453125	177690.203125	178889.828125	207455.125
P0ACU7	1144421.875	991948.9375	757974.4375	664237.9375	1043660.375	1046228.1875	1211031	975008.25	1046823.4375	971957.125	1217075.5	2525303.75	1017206.4375	912178.3125	718537.0625	887575.25	725978.125	716748.625	772403.0625	760344.4375	831144.5	794907.5625	744799.4375	839620.5
P0ACV0	44589.6875	64712.4375	42958.71875	51256.171875	36053.63671875	35498.9296875	56752.06640625	53398.6484375	41034.94921875	42257.6328125	34992.96484375	36717.796875	38143.02734375	39822.37109375	35496.64453125	33052.23046875	40351.703125	26533.177734375	32052.603515625	39051.37890625	38339.640625	36562.03125	39774.5078125	41490.08203125
P0ACV4	184147.359375	184314.015625	152556.40625	162973.578125	183129.53125	141543.890625	168864.453125	201235.109375	182039.046875	192052.015625	115423.65625	133127.421875	179969.828125	197664.109375	154190.484375	131784.984375	125596.5	166646.71875	121693.203125	145361.53125	116418.34375	123078.984375	154951.078125	90295.2421875
P0ACV6	69566.3125	79571.5625	59901.40234375	65709.015625	91236.859375	53063.17578125	98225.7421875	81312.3984375	120819.3359375	90148.5078125	79486.6953125	142716.65625	69266.40625	73302.4140625	81309.9609375	61507.00390625	68098.6875	77803.4765625	61928.01953125	62879.48046875	82506.4296875	65415.08984375	67471.890625	66031.0703125
P0ACV8	17047.662109375	13291.23046875	18912.369140625	12720.73828125	13732.8720703125	11978.931640625	11583.0576171875	12505.0009765625	24813	13925.8232421875	9877.1220703125	28634.24609375	11113.37109375	9184.1435546875	14550.4140625	12194.4814453125	13825.341796875	11859.4013671875	12912.7451171875	12041.658203125	9846.8564453125	10673.2255859375	9894.390625	8757.2763671875
P0ACW4	41984.01953125	35030.6640625	34823.68359375	15030.267578125	NA	NA	NA	NA	60210.078125	NA	NA	NA	39210.046875	50200.8515625	44326.1796875	33098.58984375	26995.419921875	48297.52734375	NA	33744.25	33863.2109375	29080.50390625	NA	36881.41015625
P0ACW6	540613.125	467784	84553.875	53576.1015625	787240.1875	614547.6875	269739.5625	587877.75	1822384.5	593535.875	499921.03125	725489.0625	450902.9375	481347.59375	87805.40625	67326.53125	58371.7734375	62009.0625	33722.4765625	74830.6015625	58392.36328125	61133.44921875	85550.0390625	56916.03125
P0ACX3	2502784.75	2229142.75	1615835.625	1519585.375	1607807	1923622.875	1666244.5	1562446.375	1810710.625	1728798.375	2303685.5	4440128	2140363.25	1632771.25	1368607.625	1694178.5	1360458.25	1502076.75	1514612.75	1477805.875	1939866.25	1601643	1383573.25	1769711.875
P0ACX5	295418.46875	242913.609375	214846.046875	191052.65625	305736.9375	288565.1875	190975.359375	212001.234375	272885.125	231821.15625	311189.96875	715078.4375	250365.765625	257006.71875	173701.671875	219198.8125	221428	241806.21875	218934.46875	192484.203125	181351.25	177431.65625	261637	209955.21875
P0ACX9	22695.849609375	18421.775390625	41866.3203125	28921.814453125	6173.56787109375	10658.0478515625	19804.330078125	30191.052734375	22685.818359375	28132.60546875	14847.7275390625	49436.8515625	30649.81640625	18369.109375	36558.3046875	26591.451171875	32363.54296875	29015.400390625	40836.890625	42106.18359375	49463.1015625	35097.44140625	15369.609375	58309.55859375
P0ACY1	2455518	2403600.5	1655085.375	1718436.625	2463897.75	2326562.5	2041350.875	2881017.25	3287985	2685981.25	2145493.5	2853079.5	2584949.5	2959183.25	1567377.375	1452865.75	1745095.25	2001416	1669424.75	1739760.625	1591337.75	1488211.125	1837552.75	1479714.75
P0ACY3	395497.03125	422224.75	281659.5	332563.78125	358035.4375	382856.4375	601794.1875	411501.3125	344934	411265.5	358649.75	328165.8125	366710.625	402486.1875	296417.28125	321998.84375	305950.90625	288874.34375	310261.125	342217.875	308734.78125	268143.96875	299039.71875	295437.53125
P0ACY9	93192.2265625	65245.96875	135114.5	93677.3515625	119734.4765625	90334.796875	74828.5390625	103485.6015625	157434.40625	94650.0859375	103646.8203125	203326.578125	76497.4453125	90982.640625	164196.734375	135234.234375	104455.1484375	155065	129315.6015625	120508.5703125	146725.375	137294.09375	144009.515625	109445.484375
P0ACZ4	416671	400490.5625	499435.65625	525083.9375	330369.3125	430071.96875	279471.71875	332565.71875	257784.359375	328610.15625	353318.875	323976.09375	439822	314526.625	527984.6875	494810.78125	534722.8125	360110.625	539525.1875	461826.15625	549839.4375	566943.5625	406619.5	582287
P0ACZ8	91593.625	78709.15625	61186.23046875	78925.5625	44624.83984375	61019.1796875	65546.7421875	57732.52734375	88467.1796875	55881.2890625	73490.1875	74471.2734375	61419.1484375	55233.5546875	58683.515625	53151.0859375	76230.46875	55135.9140625	72079.5	57304.2265625	69631.1796875	64344.51171875	98527.7890625	65590.390625
P0AD01	177848.484375	171590.40625	82382.203125	90032.9375	120713.859375	173738.25	159163.28125	159319.8125	166594.046875	158323.640625	162220.65625	133499.15625	170773.234375	174505.9375	80139.8984375	75565.0703125	81465.359375	68620.65625	79135.796875	92842.5390625	85374.84375	89403.2265625	72229.1875	81860.5390625
P0AD05	473288.46875	428463.03125	282965.84375	249801.90625	378533.28125	352084.40625	376599.5625	378062.53125	437469.6875	384685.59375	421970.75	756929.75	401684.71875	352779.6875	248242.84375	266418.25	252792.9375	255811	268459.375	244127.578125	263355.65625	243530.90625	236693.625	248621.078125
P0AD07	222357.515625	213245.421875	263681.96875	191485.609375	87579.734375	189203.5625	144698.234375	76825.6171875	99937.53125	106130.8984375	120472.3984375	369134.03125	55133.1484375	132367.453125	59007.25390625	110707.515625	89062.9375	89169.140625	127096.84375	123059.0703125	122231.015625	104171.0390625	121481.703125	100330.3359375
P0AD10	155884	142124.125	200382.796875	134952.375	120848.9140625	115190.5390625	124624.8046875	122181.578125	167218.984375	121790.4375	133903.125	329557.3125	120199.921875	104790.0390625	159943.296875	162184.5625	155840.390625	183500.375	149212.828125	159687.765625	139932.953125	132548.328125	188250.5625	135253.765625
P0AD12	1620261.125	1446562.25	1707300	1567726.75	2321905.25	1910094.75	1650106.625	2070894.5	2718296.5	2308283.25	1724695	2705800.5	1754551.875	1972391.25	1790705.25	1813523.5	1788348.125	2215571.5	1618225.5	1900967	1689225.375	1685134.875	2010764.5	1762270.75
P0AD14	88755.1796875	91396.8359375	39985.828125	27670.5390625	101982.7890625	83902.296875	79094.328125	71380.421875	70238.828125	70211.34375	97119.8359375	29832.306640625	81540.5859375	87784.4921875	14719.994140625	19285.490234375	22126.30859375	NA	13916.1279296875	20597.064453125	20873.89453125	26093.55078125	21629.728515625	22332.87890625
P0AD21	37282.5078125	25787.869140625	52240.26171875	43672.08984375	38003.34375	23321.509765625	35909.57421875	37513.38671875	45862.0859375	30289.7578125	34757.26953125	79928.359375	35400.21484375	31352.384765625	46014.46875	48487.9921875	40019.60546875	44425.46484375	52233.32421875	38033.7890625	42383.22265625	30795.99609375	39384.1640625	37052.640625
P0AD24	337679.46875	393926.03125	625134.6875	363530.9375	251272.40625	352886.0625	250749.203125	248751.359375	446943.75	326755.9375	395256.15625	319918.75	254946.140625	235384.796875	309876.34375	330359.5625	345226.40625	408831.65625	386792.1875	395512.71875	426373.65625	274490.65625	345364	196323.53125
P0AD27	174464.75	167451.0625	153275.453125	151945.890625	183107.234375	170695.5	186535.984375	208893.5	228456.296875	196369.984375	159381.9375	97809.578125	157965.734375	195902.265625	136830.796875	125444.40625	134419.921875	152965.125	128093.703125	148782.484375	129658.28125	116189.015625	155153.078125	127881.6484375
P0AD33	1045298.1875	834480.3125	1117423.375	749585	1020421.375	1246966.375	861968.375	943305.6875	1015213.3125	942744.8125	1154724.75	2366894.25	917087.25	998833.625	928266.4375	947266.4375	819933.0625	1228889	801136.1875	817268.3125	776955.6875	873606.6875	933422.875	936022.625
P0AD37	198449.203125	172723.28125	83158.7578125	65788.3125	292079.3125	277268.375	209559.65625	236351.3125	291785.28125	235152.484375	273322.5	512277.78125	239692.4375	238319.34375	93109.484375	101146.7734375	86555.2890625	93613.328125	72325.5859375	90433.2890625	83877.7890625	85414.03125	89975.3984375	85048.2578125
P0AD40	45046.41015625	41957.875	45632.46484375	50220.984375	35489.0390625	37040.140625	33909.98828125	35207.0703125	45095.16015625	37099.953125	36754.44140625	74586.28125	30054.484375	38379.38671875	30986.841796875	37332.01953125	37147.18359375	41417.44921875	32164.98046875	34702.7578125	38285.5234375	35786.19140625	44674.109375	35382.08984375
P0AD42	134087.84375	128395.78125	70000.4609375	89661.03125	98227.5625	196793.90625	127621.4375	80721.1796875	44018.515625	68976.5625	193157.40625	90781.734375	119191.921875	73157.9921875	71941.453125	87932.3515625	105628.6953125	35118.8203125	115809.6015625	61194.0078125	126671.234375	109364.8515625	57725.55078125	108542.65625
P0AD44	110312.3203125	85401.34375	100294.6953125	81116.5703125	113777.2890625	90661.5390625	74060.234375	103259.84375	192294.625	105566.0859375	98794.96875	199506.453125	105790.2578125	97024.296875	108896.3515625	101743.1015625	98778.7734375	126384.1640625	97616.984375	101046.3671875	99853.4296875	102761.6953125	119387.1015625	92163.609375
P0AD49	5923438.5	5297384.5	4904014.5	2978501	9240513	6948855	5665315.5	7882569.5	14431446	8639401	6979436.5	12419552	6494216	6684075.5	5090136.5	5626265	4754551.5	6140858	4001372.25	4673153.5	4053129	3480414.25	5250670.5	4180189
P0AD53	29324.9140625	36543.015625	30507.666015625	32005.658203125	35589.5078125	24128.5625	60812.6328125	27483.267578125	12181.3544921875	26864.029296875	24967.244140625	63898.76953125	34882.6328125	26231.92578125	28062.404296875	33420.38671875	25794.962890625	28619.818359375	23582.92578125	22755.1796875	20525.6484375	30462.275390625	24851.107421875	36034.2109375
P0AD57	218329.046875	212905.1875	210581.796875	214128.625	186626.53125	210842.015625	206076.8125	196414.015625	195274.671875	197571.96875	221637.640625	257892.484375	245278.84375	193444.09375	207487.765625	206965.859375	225867.296875	205513.734375	231261.09375	196045.625	227543.125	224575.90625	201504.65625	212497.640625
P0AD59	2122524.25	1981631.125	1371178.25	1008690.4375	2376630.25	1683066.5	2754021.75	2423835.25	3008494.25	2423867.75	2324051	4593835	2519767	2227003.25	1285494.125	1329224.125	1165816.75	1426411.875	948896.0625	1232269.125	1156362.125	1163542.375	1189982.5	1051807.375
P0AD61	2776147.25	2739888	5704763	5883173	2923828.5	3315995.5	3568997.25	3020181.75	2566212.5	2810921.75	3048752.5	2699744.25	2867675.75	2826258.25	6467705	6448716.5	5953717	6565166	5904684	5799875.5	6088150.5	6370509	5931709	6345640
P0AD65	81257.5	89200.8125	110289.75	102182.7265625	97895.9375	87901.59375	95155.4921875	102863.734375	119689.7578125	107403.734375	86628.6953125	63944.55859375	84991.1015625	102574.984375	102339.8984375	92614.6796875	96246.546875	117416.765625	92713.6796875	103687.015625	86640.984375	94150.9296875	111732.96875	93104.78125
P0AD68	199497.78125	190602.34375	266555.4375	241279.9375	178347.65625	171385.21875	222356.765625	205171.8125	187426.375	190819.625	177977.21875	149446.046875	193061.796875	193946.921875	239704.703125	232057.515625	226068.921875	209061.0625	235917.53125	258095.78125	245985.359375	218750	225711.203125	219710.421875
P0AD70	NA	NA	58489.41015625	44624.078125	24184.654296875	NA	48391.7890625	45921.3125	56393.14453125	67727.90625	NA	NA	NA	80504.6328125	36951.73828125	30052.751953125	41572.78515625	52242.203125	67387.75	56904.96484375	35891.24609375	NA	67855.2265625	60375.87109375
P0AD96	15540638	14366621	15376041	13486267	17953140	17115564	18851032	20598996	22165274	21886436	19074390	38065724	20459342	20982840	17480488	17682592	17587162	24415698	18518034	18485974	16552521	14717128	21418452	17624492
P0AD99	106913.6953125	68963.875	50335.109375	83501.1875	44835.51953125	75361.1171875	46304.6796875	19338.68359375	32254.95703125	20168.775390625	69816.390625	62438.265625	45972.55859375	13664.6630859375	33248.71875	56326.59765625	53237.4453125	20056.412109375	56396.96875	21889.20703125	63489.3203125	47502.61328125	NA	44461.3359375
P0ADA1	328444.59375	289409.25	331687.03125	289812.8125	460734.3125	342036.125	299519.65625	430869.40625	667068.1875	403362.5	334095.125	744352.125	352043.125	389661.125	355781.75	315372.28125	328799.90625	419757.46875	290489	344894.84375	298315.25	324818.5	385659.9375	293244.78125
P0ADA3	673502.8125	662976.375	447007	556551.9375	714346.6875	785106.4375	744531.1875	692381.1875	774162.6875	648418.1875	840395.8125	1510071.25	739870.5	674992.8125	613348.5	702517.8125	667365.5	835023.5	658431.0625	576812.875	667809.5625	612769.875	563536.25	716393.375
P0ADA5	2214977	1992527.125	1535858.875	1557271.875	2373521.75	2099345	2030866.125	2327668	2673438.5	2120305.75	2569080.25	5091908.5	2289562.25	2460758.25	1900342.75	1989883.625	1910646.5	2793799.25	1896350.875	1877728.5	1845196.125	1673531.625	1999367.875	1923140
P0ADA7	262729.625	319191.34375	166988	142758.6875	254355.171875	249762.9375	240232.578125	287805.4375	356972.625	251293.1875	353761	517704.21875	268314.34375	273129.78125	160644.828125	267502.53125	168326.5625	275324.375	180399.4375	194983.109375	222104.203125	179112.0625	196128.796875	183670.21875
P0ADB1	10981905	10331449	9561631	7389451.5	13375243	11726080	13474644	14755866	19786736	13871433	11079596	33804780	11117518	12757772	11278043	12040011	10523334	13788370	9673431	11065901	9416374	8434311	11701769	10319933
P0ADB7	10529034	7362116.5	5304930.5	4664916.5	14367813	10193748	12950163	12555231	18914962	12357060	11924653	35584004	12365318	11748575	6865499.5	7357993.5	7184003.5	10147859	7027978	8145009	6766815.5	5408888.5	8939760	7353466
P0ADC1	369437.09375	323541.34375	336115.0625	281316.3125	521424.5625	409004.09375	352260.09375	450199.9375	697025.0625	439194.71875	390447.125	1019866.5	391135.6875	430279.3125	364916.65625	341454.6875	328038	444195.96875	297446.5625	351019.40625	302602.9375	336402.90625	384302.71875	328367.03125
P0ADC3	197689.390625	203379.609375	268271.71875	240979.984375	253898.734375	264209.46875	259902.03125	244521.90625	219035.21875	235652.625	247826.53125	183747.4375	199822.40625	229482.828125	242560.484375	280211.3125	259649.640625	227887.953125	274723	240585.046875	259193	229880.640625	247242.171875	262181.65625
P0ADC6	301366.03125	302234.46875	329212.28125	310014.25	372679	321134.9375	361334.28125	348761.21875	382506.3125	358018.71875	320791	249110.59375	305757.09375	354661.21875	306875.25	279667.28125	278540.25	327301.59375	305091.90625	317735.8125	279293.21875	291434.0625	360047.84375	294987.1875
P0ADC8	33135.703125	11064.1611328125	NA	NA	12831.07421875	16164.173828125	8589.3271484375	9398.4755859375	27003.111328125	12047.5791015625	12818.0859375	29949.86328125	14382.494140625	20363.1875	NA	NA	NA	NA	NA	NA	NA	NA	NA	NA
P0ADE4	314295	300851.46875	297827.8125	330443.65625	354998.90625	315342.1875	260059.171875	318914.96875	414225.90625	328857.75	326182.78125	564323.875	330923.875	353824.1875	315823.78125	305931.9375	338979.375	382639.9375	308829.59375	328728.53125	305815.15625	287163.71875	317334.71875	295822.1875
P0ADE6	4943693	4772245	3013793.5	3299928.75	4970165	5024923	7940041	6026988	6811914.5	4975878	5006745	4806712	4944918	4974904	2880178.5	3511498.75	2557296.25	3748257	2725430.5	3001438.25	2947104	2707673.25	3001749.5	2919480.5
P0ADE8	3412447	3344801	2805566.25	2845195.5	3638363.25	3582203.5	3345063.75	3202867.5	2889003.25	3393188.5	3421548.25	3826088.25	3651025.75	3521524	3040810.5	3030345.25	3060895.5	2727574	3037369.25	2940709	3004048.75	3076776.5	2926035	3004986.75
P0ADF6	21439.951171875	23312.955078125	139392.828125	115691.0546875	20810.66015625	26790.837890625	23345.267578125	31667.345703125	32310.544921875	25956.625	19662.412109375	NA	19201.67578125	22851.724609375	128837.765625	111036.9609375	114513.328125	111180.6171875	97041.7578125	109210.1171875	101525.84375	108238.9609375	115755.2265625	105242.375
P0ADF8	474626.84375	483538	336019.3125	377737.625	337868.3125	368984.9375	373898.8125	359492.40625	352370.71875	394601.21875	399495.03125	718892.8125	388948.5625	350044.15625	293761.65625	344729.5625	318664.0625	342701.15625	334376.09375	350236.28125	377200.9375	315580.65625	370074	355970.5625
P0ADG4	827593.75	859766.3125	1230898.75	1294494.25	996881.25	884220.125	847293.25	904112.0625	1044976.5625	905250.375	941561.6875	870507.5	910933.75	915545.6875	1317365.875	1357836.625	1270505.625	1499186.75	1355572.625	1232469.5	1233586.625	1203109.875	1253640.375	1300495.125
P0ADG7	3682563.75	3714423	6781544.5	6312489	4196661	3909737.75	3581680.75	4265507	5325946	4282561.5	3479812.75	3237315.5	3682432.75	4079119.5	6781612.5	6394523.5	6489584	8162797.5	6359790.5	6439757.5	6167771.5	6318273	7150034	6229876.5
P0ADH5	13416.8154296875	NA	7145.919921875	5361.3828125	NA	13308.580078125	10344.7080078125	8238.177734375	NA	5418.02490234375	NA	6935.31494140625	4487.83203125	NA	12178.099609375	NA	10417.568359375	8863.763671875	17521.056640625	16707.068359375	9303.5625	22953.0234375	10241.318359375	9518.8828125
P0ADI4	2037908.125	2171097.75	1864818.75	2422020.5	1218823	1753978.5	3538925.75	2741234.5	1322877.75	2465120	1906933	2948812	2608123.25	2027535	2287610.75	2095488.75	2416332	1488830.25	3238564.5	2868921.75	3760184.75	2886077.5	857059.625	4146714
P0ADI7	638542.3125	644556.875	650027.3125	644267.375	648029.9375	687496.25	657260.5	688512.3125	682613.75	685019.875	647170.1875	1080260.625	618771.25	617474.875	614303.1875	531216.75	614476.875	659871.25	564879.4375	589399.5625	566563.8125	600317.875	616921.8125	567948.9375
P0ADK0	917789.375	771144.875	978495.9375	721811.3125	1115324	769472.375	726074.25	1084264.875	1838652.875	1076286.125	852087.5	1760318.5	862688.0625	1016019.1875	986311.125	873289.125	895654.9375	1084352.5	727812.625	897646	736908.9375	833950.25	1089827	791458
P0ADK6	36078.07421875	25295.294921875	13101.1845703125	12932.2998046875	26069.185546875	30359.125	24492.76171875	19677.37890625	19559.3125	19975.9765625	19981.9453125	12105.154296875	22589.1640625	17305.212890625	13939.2275390625	12896.9150390625	13524.1650390625	12589.9345703125	12411.3134765625	13176.4853515625	13127.8837890625	13605.1220703125	14601.9208984375	7884.0205078125
P0ADK8	288200.46875	245297.453125	411111.5625	282373.5625	363861.9375	246616.6875	307708.71875	349326.15625	564003.875	346425.5	303097.40625	641660	320731.5625	313089.65625	422554.1875	430883.5625	405774.84375	499227.1875	379181.40625	388802.6875	349942.09375	316848.09375	467345.875	365620.71875
P0ADL3	18082.814453125	16751.9609375	22204.35546875	18656.931640625	33015.77734375	18777.3046875	30802.943359375	25210.689453125	23543.185546875	21715.19140625	24242.806640625	18266.30859375	21710.66015625	19533.734375	15194.9697265625	25601.671875	19098.884765625	19637.07421875	12500.80078125	16282.04296875	13046.2705078125	18722.76171875	16689.44140625	20844.306640625
P0ADM4	103545.8515625	97560.8046875	53477.69140625	43951.9375	137750.328125	88525.515625	106735.609375	103745.6015625	191201.171875	123493.2734375	118544.6640625	246712.234375	123692.15625	103393.2265625	53346.07421875	59080.50390625	54460.17578125	64000.359375	49597.83203125	59231.81640625	54557.77734375	46937.7421875	61575.05078125	50933.46484375
P0ADM8	63047.33984375	65651.90625	56934.80859375	50405.1875	45884.3828125	67577.546875	61885.38671875	49286.08984375	31562.70703125	48569.5859375	66508.203125	48518.078125	72201.0859375	46419.84375	47506.55859375	47601.48828125	55834.37890625	28712.927734375	51537.13671875	33525.703125	49721.30859375	42982.9296875	39812.21484375	48572.28125
P0ADN0	19611.14453125	18150.49609375	25223.271484375	18565.724609375	13861.5234375	11397.921875	19042.548828125	18916.064453125	22436.39453125	18136.35546875	11240.58984375	NA	14531.939453125	14803.546875	22058.111328125	18512.88671875	21003.9296875	31658.970703125	19220.33984375	19705.404296875	14092.013671875	19515.333984375	18809.68359375	17099.06640625
P0ADN2	2105357	1676195.5	2859059.5	1996309.5	2914334.5	2059818	2112944.5	2443410.75	3560777.75	2637170	2602986	5394844.5	2353489.75	2260148.5	3126229	3166159	2761512.25	3373839.5	2421234.25	2758545.75	2528815.25	2551092.5	2767817.5	2713905.75
P0ADN6	1460853.25	1163275.125	1415468.125	1171784.375	2118984.75	1747770.625	1331975.75	1656127.125	2891490.5	1596546.5	1789298.875	2399129	1584308	1452015	1518569.375	1643604.625	1379760	1862560	1274272.5	1281902.5	1385919.875	1261096.875	1456365.625	1255008.375
P0ADP0	255711.609375	251326.265625	293467.875	251907.75	222014.21875	197067.734375	231581.1875	277485.40625	330274.875	260368.84375	225923.015625	325829.21875	244834.359375	262113.5	278901.0625	249575.59375	262529.15625	298095.28125	240163.1875	278840.15625	246497.609375	254754.625	309044.65625	243055.96875
P0ADP2	3346534	3595163.25	1932390.25	2281456.5	3198669.5	3685393.75	3361528.5	2351753.25	2052401.25	2877711.5	3758433.25	3318682.75	3552599.75	2829436.25	1938568	2026785.625	2359382.25	1615277.25	2655239	2119888.5	2870985	2084976.5	1984764.25	2422819.5
P0ADP7	379409.4375	309384.96875	269816.03125	306206.34375	334361.1875	385443.34375	342845.09375	352491.28125	341233.71875	338323.40625	386540.6875	501920.71875	409125.59375	332876.5	266617.25	352171.375	288575.375	306062.59375	349286.15625	300251.03125	342276.40625	299794.46875	323000.6875	333805.53125
P0ADP9	1343810.875	1119437.625	1596270.375	1021182.3125	1492651	1210335.25	830171.9375	1295709.25	3122568.25	1279994.75	1080429.75	2142767.5	1128743.125	1105420.25	1545522.875	1324860.75	1423743.375	1542307.875	1021993.25	1229360.125	1050181	1202252.75	1293163.875	995446.25
P0ADQ2	446071.90625	377394.84375	296291.78125	295665.6875	337933.8125	399264.15625	394639.34375	309895.21875	251814.765625	322865.59375	414941.28125	433431.65625	398362.375	304828.9375	304706.96875	298161.5	321182.15625	222772.0625	291069.4375	283797.90625	342970.1875	344972.5625	268313.03125	320019.78125
P0ADQ7	750469.0625	275205.125	482581.25	180143.28125	1209727.75	656102.5	1256161.375	1126694.5	1862333.75	1409440.125	408189.375	1251426.5	889105.5625	1175108.875	913503.875	1099788.25	619522.125	1415850	703860.3125	678170	595348.625	545346.75	886403.5	774266.875
P0ADR6	403274.28125	337513.34375	313456	356254.96875	249755.15625	406983.5625	355343.53125	255911.453125	213709.265625	253579.578125	355976.34375	385583.53125	326667.03125	218201.96875	330706.8125	320555.40625	364177.46875	228100.25	376981.1875	292686.5	405601.46875	382257.9375	269152.84375	347845.125
P0ADR8	377247.625	426900.15625	499165.46875	514097.15625	346313.21875	402480.84375	440684.6875	414888.53125	400530.40625	427503.6875	380044.25	272439.5625	414381.78125	399844.59375	490568.875	480110.25	509753.46875	526636.5	513548.53125	530350.125	504131.1875	472913.96875	518837.5	491411.1875
P0ADS2	455191.4375	401404.3125	462602.5625	413375.4375	517074.0625	458250.03125	406739.875	431693.65625	481995.6875	439233.53125	450910.75	945873.8125	446933.34375	462628.71875	473887.25	448595.59375	455120.28125	517718.8125	452337.03125	470621.03125	449599	454114.34375	456498.65625	442533.0625
P0ADS6	2666242.5	2507113.5	2468384	2215734.75	3166877.25	2261218.25	3006634.75	3136739	3787584.5	2782578	2785999.75	6679325.5	2744740	2841174	2673274.25	2632719	2577142	3322360.75	2360815.25	2687788.5	2431249.75	2358521.75	2722617.5	2356095
P0ADS9	346396.25	314724.875	311107.09375	227935.34375	449770.59375	346228.46875	356558.4375	392101.40625	606007.8125	375917.375	364658.75	947922.6875	350478.28125	346790.5	325441.9375	309430.375	287542.5	338264.90625	269674.0625	282183.28125	257174.453125	240485.484375	311390.625	263731.84375
P0ADT2	139945.484375	133031.140625	123973.484375	93991.8359375	188953.3125	127520.375	111285.21875	188488.96875	303268.8125	175303.59375	118005.421875	173298.703125	139381.75	161325.28125	129529.6484375	117664.6875	114537.8984375	145686.078125	87876.90625	115695.5	103610.0078125	119067.09375	129429.875	108793.1171875
P0ADT5	496379.59375	510209.125	417330.125	393491.625	603892	565324.375	604153.8125	618002.375	566218.25	640658.5	573002.375	764831.3125	577697.9375	663295.8125	414144.875	415452	447849.53125	455176.84375	461930.625	465288.875	393356.0625	394790.4375	472002.96875	414351.4375
P0ADT8	1400423.25	1438118.25	1439280.25	1139886.125	1515924.875	1479094.25	1817902.25	1889300.5	2333709.25	1782176.625	1684994	3321109.5	1612300.25	1807424.375	1502043.75	1404366.875	1343998.875	1798691.375	1216661.375	1475960.5	1301936.75	1408628.75	1612743	1393546
P0ADU2	2289030.5	1857768.375	1869985.875	1633491.875	2290019.25	2519991	2054215.5	2031178.875	1894466.125	2205726.5	2358416.25	4648059.5	2120389.75	2014254.375	1836523.125	1932171	1917114.75	1968271.5	1760344.125	1976720	1904244.375	2005535.25	1815628.25	1973551.75
P0ADU5	1918664.875	1641569.25	1207743.375	1025234.375	2388489.75	1930232	1868333.5	1840062.25	2769948.5	2029899.875	1854327.875	4402421	1899648.25	1678956.125	1217770.25	1452824.75	1319592.25	1262946.75	1185505.375	1411550.5	1202014.125	990369.625	1139370.5	1265724
P0ADV1	210822.25	189937.171875	168782.890625	155544.078125	230987.796875	221431.71875	196380.84375	229574.09375	291068.28125	202926.03125	256267.25	540400.625	227320.296875	176778.421875	183022.1875	191550.15625	162772.46875	193007.125	179685.34375	153042.28125	183462.5625	160095.421875	168045.46875	164833.953125
P0ADV5	175149.96875	182033.296875	159026	182033.984375	133129.109375	146173.59375	216465.5	151394.625	126953.2734375	154957.359375	155679.046875	188820.953125	154812.96875	121504.0625	164529.6875	138609.953125	173183.84375	148351.234375	183811	173853.515625	180583.921875	143901.53125	168859.0625	176231.0625
P0ADV7	3977515.5	3234925.75	3293345.25	3341430.5	4002188	4457820.5	4971589.5	3858547.25	4443301	3971460.75	5046584.5	10306427	4060258.25	3570951.25	3596474	4076388.25	3510152.25	4620116	3555659.5	3772305	3649449.5	3788199.5	3656131.5	3779238
P0ADV9	138984.765625	165529.09375	141507.6875	163219.515625	130288.609375	148670.75	174650.296875	140202.25	130424.1328125	119478.046875	149269.25	125259.3359375	142908.640625	129850.96875	158234.203125	176967.78125	136674.21875	135568.296875	160599.6875	128576.2109375	152860.125	173925.75	148198.25	140576.75
P0ADW3	3154537.25	2942609.25	3250984.75	2554046.75	4580751	3287875.75	3439593	4873506	6027805.5	4768292.5	3415487	7383354.5	3598262.5	4513621.5	3758845.75	3440178	3447072.25	4528949	2953949.75	3733424.75	2860738.5	3366511.75	4319717	2943804.5
P0ADW8	51439.08203125	41772.0546875	57023.32421875	39822.828125	79406.140625	46237.3359375	48827.14453125	54579.53515625	86876.375	64378.08203125	54176.328125	153315.078125	61906.5625	63130.34375	43611.32421875	56560.6328125	36123.05859375	69512.921875	47733.703125	42618.69921875	36261.4140625	29990.1796875	40976.73046875	48120.69921875
P0ADX1	423471.96875	399852.9375	305216.59375	420658.9375	290135.75	338237.34375	327883.4375	241652.9375	195054.5625	242603.203125	421121.65625	693274.9375	356248.3125	321944	312700.0625	451623.84375	344319.34375	344804.34375	461071.75	357815.84375	445715.1875	395195.21875	298218.96875	451161.1875
P0ADX5	177655.15625	112906.15625	103617.5	79537.4921875	137779.6875	119270.109375	86071.2109375	120710.2578125	217116.21875	120311.0390625	98570.6484375	270989.6875	105639.625	97956.1328125	91727.953125	100392.6953125	74068.7421875	99692.234375	66183.0234375	74758.5	62743.99609375	53875.19921875	82741.2578125	60268
P0ADX7	155747.859375	157414.9375	90614.0078125	88075.3359375	193796.921875	118003.546875	188380.9375	200262.171875	243661.078125	159926.484375	157615.96875	495364.0625	174630.8125	129891.9921875	99313.2421875	131171.59375	88227.953125	118060.6796875	78433.3046875	104574.3125	103274.8203125	80636.03125	118074.421875	72246.5859375
P0ADX9	52568.23046875	52636.76953125	69469.671875	63860.02734375	62120.890625	63104.4375	58672.58203125	55541.02734375	57942.6875	51096.05859375	57349.8046875	136092.640625	64018.0703125	48136.4296875	70528.671875	73756.3359375	63724.09765625	56014.27734375	67327.9375	76140.0390625	65460.3828125	61977.87890625	66593.671875	58403.8671875
P0ADY1	1699196.75	1554238.625	1680302.5	1537038.5	2457398.5	2091609.75	1793319.25	2206861	3276518	2259127.5	1937470.125	2212563.5	1773267.25	2226925.25	1694981	1651600.875	1572135.5	2385737	1528626.25	1772802.625	1523942.5	1556405	1988061.25	1568094.75
P0ADY3	6563271	6370477	9023716	8645066	6990301	6471363	6448142	6895759.5	6240258	6556074	5739445.5	6346130.5	6483888.5	6106778.5	10066997	8394793	10656014	8045679.5	9210216	8721697	8670261	9292382	8965661	7743802
P0ADY7	9914114	9977546	14602016	13467117	11957041	10030126	9754164	11690696	12248469	11621946	9767579	10187566	10424033	12097231	14127981	12928437	13779048	16165315	13835042	14805859	13571735	13085266	15248052	14079417
P0ADZ0	826971.5625	718919.8125	924939.4375	989339.625	970927.9375	1071878.75	820505	834771	849781.5	809693.0625	770691.6875	1497755.75	813458.125	725734.875	1031501.875	1127242.5	1015520	1287064.25	998236.0625	908345.875	1098396.125	1099656.25	1003894.125	1110633.5
P0ADZ4	9036407	8521950	11623290	10153596	11094221	8358446.5	8912110	10943779	14944549	11331669	7881304.5	11672619	9526904	9820215	11957812	12020528	11777061	14332665	10272565	11495833	10688413	11182632	14470567	12021300
P0ADZ7	5080108.5	4996426	3856908.25	3675819.25	4930270.5	5617941.5	5340186.5	4444338	4431268	4750428	5387001.5	5489825.5	4908282	4540053.5	3866917.5	4225691	3651603.75	4389132	3951015.75	3769706	3898563.75	3900674.75	4058267.5	4107347.5
P0AE01	307715.40625	343025.875	422484.40625	401239.96875	312797.84375	329943.46875	312907.3125	294178.3125	248985.78125	310244.28125	279434.875	254627.890625	316996.375	298893.84375	410489.96875	395913.59375	416786.96875	387582.65625	437323.1875	397661.34375	391195.09375	366728.59375	398800.71875	368413.4375
P0AE06	2195616.75	2046945	2160680.25	2015317.875	2959103	2609776.25	2542949	2880994.75	3825221.5	2902532.5	2562977.5	3234523.25	2457753.25	2808374.5	2409234.75	2341052.25	2243366.5	3034108	2205321	2264081	2117586	2138225.5	2586407.5	2214447.5
P0AE08	25794242	25151372	23187890	20140966	22113568	21984622	24128020	23035168	26693312	24955520	23799782	35572348	23785120	24096150	21639962	20691076	21000784	21378648	20222414	23253926	22562024	20690862	22069380	19493330
P0AE12	1038037.0625	1020237.6875	918053	1006583.1875	997741.5	1172080	1138543.75	1081334.25	984734.4375	1146419.875	1148793.875	898832.1875	1085111	1089586.625	945643.875	960491.875	1052106.875	887562.5625	1128932.25	1045917.1875	1096968	1032434.875	968372.5625	1099854.25
P0AE14	158041.46875	147205.703125	53537.8515625	64756.75390625	92194.9765625	148736.078125	107887.84375	44416.1328125	75579.2265625	79625.578125	127522.3984375	92298.6328125	109327.8671875	77229.09375	48821.49609375	49846.7265625	53379.4296875	39461.18359375	65221.3984375	21937.09765625	74057.3515625	54683.5625	39093.7421875	64946.015625
P0AE18	670287.9375	639674.0625	660232.375	665039.4375	454522.40625	582659.9375	595022.625	428931.8125	359057.8125	414322.0625	605315.875	951590.8125	565333.0625	431405.875	579643.8125	596569.3125	569138	455712.65625	681314.0625	577764.8125	728292	681984.1875	528502.75	707147.0625
P0AE22	673331.5625	631422.1875	207815.15625	163923.609375	764039.5625	551890.625	599527	759505.6875	1146035	671474.5625	703813.4375	1553242	569195.1875	651938.5625	170606.65625	160390.5	148756.421875	192352.890625	144431.046875	165218.046875	155375.828125	163849.671875	181833.078125	131677.40625
P0AE28	188961.328125	163902.84375	124685.1484375	112910.2109375	157054.265625	155178.890625	261335.453125	207829.046875	201824.71875	202283.859375	194168.015625	285373.625	165661.9375	206542.90625	116444.6796875	110245.7734375	100151.0703125	115817.625	92990.96875	114667.125	97296.640625	99233.1015625	133454.984375	85011.03125
P0AE30	66066.203125	57178.4375	26508.712890625	40788.60546875	26228.7265625	58041.75	45747.94140625	22431.671875	13742.48828125	18676.517578125	53064.6953125	15951.4375	35933.375	16148.958984375	28419.615234375	26647.666015625	29254.474609375	4768.40087890625	32835.97265625	18023.79296875	40040.69921875	35773.11328125	8828.36328125	28315.568359375
P0AE34	125201.640625	112826.078125	93061.890625	120827.8515625	55077.34375	85350.4765625	88598.1015625	80984.875	88022.046875	60723.53125	66843.796875	53124.6875	66297.40625	47170.70703125	62195.26953125	69781.734375	65224.36328125	37250.65625	48842.40625	52223.015625	40051.70703125	47483.19921875	59814.859375	42048.76953125
P0AE37	133246.59375	242254.640625	NA	98134.2890625	147174.4375	298102.09375	161919.046875	40150.5546875	60801.109375	129549.328125	199712.453125	274378	184681.84375	37945.86328125	74125.59375	79277.5625	122836.21875	NA	97414	NA	76441.6640625	113489.671875	19366.826171875	NA
P0AE39	178362.109375	179095	144115.046875	132080.609375	149442.515625	186784.75	143993.265625	147690.453125	151414.53125	124603.796875	155940.53125	152538.65625	137257.234375	139612.515625	158327.03125	139501.140625	136806.6875	71378.71875	162488.4375	133377.078125	131728.015625	140834.40625	116941.734375	157773.921875
P0AE45	61106.29296875	53842.83984375	33162.3203125	42199	51159.19140625	63081.6171875	50390.66796875	44517.9609375	29562.623046875	36190.00390625	53155.203125	61168.3359375	42399.97265625	38298.57421875	31339.671875	37016.01171875	32167.08984375	27281.802734375	46417.82421875	31705.498046875	37784.03515625	36803.75	36210.03125	39806.5625
P0AE48	472906.53125	416681.03125	502583.5	442745.125	535545.3125	440971.34375	398518.25	472557.5625	571362.125	493660.59375	456590.03125	846277.5625	447046.3125	457178.1875	449765.1875	436935.375	436002.40625	440319.25	421952.875	454331.40625	413707.9375	437262.8125	453446.59375	408957.40625
P0AE52	3497520.5	3234792	3505831	2849991.5	4011286.5	3264196.75	3651175.75	3703903.25	4786093	3764465	3748453	9180418	3720207.75	3493119.75	3575685	3617007.5	3281160.5	4109179.5	3220541.75	3371992.75	3305543.5	3064274.75	3637195.25	3530559
P0AE60	146714.28125	132692.109375	113060.5703125	146846.40625	161126	146488.28125	135660.484375	148908.703125	133548.40625	120113.828125	143725.609375	241933.984375	121964.96875	127980.6015625	77712.2265625	76745.8515625	98901.3125	154443.5	124548.5234375	138079.421875	115070.4921875	103822.7578125	119046.8515625	138832.546875
P0AE63	252128.421875	193727.421875	210886.578125	155730.765625	350571.90625	277067.15625	298620.75	278151	370998.3125	299109.6875	293081.34375	786845.5625	273773.90625	221697.125	232618.859375	262104.203125	191605.625	261814.609375	192091.25	199425.78125	203195.25	162482.421875	183455.96875	218570.09375
P0AE67	273357.875	337339.1875	51624.453125	80111.203125	162319.84375	126763.96875	220537.40625	364835.875	247379.96875	175058.09375	349662.84375	525861.5	278527	298258.03125	50525.41796875	50667.0078125	62925.9921875	96669.6875	89882.3515625	53172.59375	58731.77734375	42919.61328125	93365.421875	33561.88671875
P0AE70	89935.296875	77705.96875	90490.8125	91260.328125	83070.7265625	91471.2109375	67674.2265625	84672.390625	83185.78125	84851.3359375	90336.9140625	138812.71875	76139.03125	83214.2734375	81380.6640625	83634.4921875	81086.265625	77098.2109375	69217.46875	74737.609375	79846.5390625	84921.3984375	73217.546875	79297.734375
P0AE76	29890.07421875	62545.8359375	36375.16015625	32608.513671875	9536.61328125	13810.5146484375	6992.06103515625	10289.544921875	17436.275390625	1935.33422851563	NA	35402	31577.189453125	NA	25475.595703125	29673.943359375	45884.640625	25501.181640625	20506.00390625	41796.96875	NA	31097.12109375	52287.83203125	NA
P0AE78	381568.21875	373082.4375	310698.96875	320662.375	390409.6875	409929.625	394691.5	349248	428382.96875	382868.75	355072.5625	428126.5	362654.90625	380762.03125	300364.96875	295019.15625	295880.65625	276249.90625	304662.78125	303233.25	322703.25	304209.0625	296694.28125	306383.53125
P0AE82	344404.09375	362145.65625	321194.5	312378.34375	368997.40625	355301.96875	386437.78125	364035.5	344288.375	358300.03125	347404.1875	293558.9375	335803.71875	344087.625	285154.375	283303.125	282743.34375	274432.5625	274519.53125	295645.1875	291403.46875	290728.21875	306483	275606.0625
P0AE85	188347.75	172156.5625	77289.125	62427.3671875	181345.359375	115934.8359375	222309.984375	196381.140625	243908.671875	182556.265625	189391.921875	550451.75	188439.875	162261.875	78664.2421875	88824.5703125	67079.1328125	88752.609375	66369.265625	76608.578125	74841.7734375	50951.52734375	85479.234375	70843.984375
P0AE88	714846.3125	710386	636478.125	546196.6875	863589.125	755177	729377.125	891469.875	1017506.4375	864335.4375	698413.5625	1548376.25	742984.8125	795426.1875	664776.25	583190.875	654643.9375	671931.75	531098.0625	657943.1875	558676.75	589231.9375	688958.375	560900.75
P0AE91	359018.125	354767.40625	354675.1875	374549.65625	326527.25	299141.9375	275556.46875	269118.53125	333873.15625	296976.21875	314524.0625	385398.90625	323637.65625	366658.75	367763.28125	368484.1875	370689.53125	456223.125	379376.09375	367287.0625	347220.8125	341984.5625	332291.3125	364430.65625
P0AEA8	227024.34375	232612.1875	239112.96875	234103.75	295681.9375	274035.5625	259591.890625	240134.234375	258069.15625	256539.6875	251179.140625	231133.140625	253687.90625	232215.203125	219956.109375	232265.625	231019.28125	228374.5	235800.953125	230543.515625	229327.328125	231800.875	224162.96875	232670.03125
P0AEB2	1224183.625	1245678.625	1629461	1568150.625	1385425.25	1237339.125	1233251.625	1350457.5	1388349.75	1379808.125	1326034.5	1406215.625	1299401.875	1373729.5	1592295	1562062	1591380.75	1699501.5	1649037.875	1611398.375	1572359	1524730.25	1649038.625	1545558.25
P0AEB5	2290333.5	2363090.75	1447984.875	1427747	1798510.25	2262343.5	2181683.5	1854096	1591292.5	1832215.625	2627123.75	1594274.875	2347474	1410940.75	1440243.875	1372675	1435893.375	1067486	1497882.375	968948.875	1687807.5	1813045.5	974554.5	1602041.375
P0AEB7	739481.0625	815822.1875	678507.5	658206.8125	656760.25	514731.9375	606110.125	617057.1875	554978.8125	616361.5625	644091.625	1180029	711275.375	667949.25	666653.1875	643774.6875	669616.0625	642602.625	660527.4375	705527.8125	687687.9375	654753.9375	687241.9375	665564.6875
P0AEC0	210894.9375	228759.53125	120807.921875	142165.359375	146056.484375	217812.671875	203498.40625	122057.921875	143756.078125	137378.078125	199055.109375	153304.15625	192798.453125	141807.078125	128238.2890625	123118.6640625	138745.78125	76748.25	143945.03125	123820.375	155582.375	140306.296875	81980.2890625	142302.484375
P0AEC3	383235.59375	378778.5625	345341.28125	370334.8125	374528.875	423630.46875	468992.3125	413493.9375	418242.21875	393996.28125	440316.71875	443517.5	416968.03125	418398.15625	310837.25	337038.3125	323792.09375	330941.03125	316198.84375	331912.09375	345625.28125	323213.875	319774.28125	343588.53125
P0AEC5	392487.1875	358471.03125	293634.4375	336625.78125	272528.875	317446.03125	411924.59375	304327.625	236996.296875	290200.28125	347867.625	319027.5	363003.53125	283789.09375	298365.4375	312678.0625	309747.09375	257326.25	302648.875	255723.515625	294084.5	321284.4375	250457.84375	321766.46875
P0AEC8	40508.58203125	18834.490234375	15761.294921875	37724.9375	19196.845703125	22927.8046875	19970.15625	24538.3125	16663.2421875	15199.80859375	25443.345703125	11368.474609375	23186.416015625	10809.9853515625	11064.0732421875	11013.67578125	11995.7802734375	NA	20403.4609375	20326.69140625	18653.982421875	12674.8896484375	9962.091796875	10906.6455078125
P0AED0	10161753	12214188	6226417.5	6787729	9804003	8811833	8027531	11042228	11340571	11357318	8825773	17749718	10027961	12163670	5500577	5950815	6006401	8058379.5	5276827	6756484.5	6398766.5	6506479	6957680.5	6919630
P0AED5	215947.515625	210769.890625	271624.25	318964.96875	177032.03125	202871.53125	202356.28125	206947.125	165961.140625	177046.890625	226464.140625	199100.59375	224913.71875	208342.921875	283943.125	296812.375	267568.46875	265824.59375	300799.3125	279255.84375	292032.5	283532.125	254365.15625	309608.21875
P0AED7	182056.875	160721.640625	199186.4375	215463.125	132743.78125	170449.578125	112329.984375	112340.1796875	123551.7109375	122756.4375	155643.0625	199590.84375	136998.265625	119290.5625	207122.296875	198419.4375	222563.734375	154197.265625	216394.546875	188968.625	209816.78125	205030.90625	181200.5625	196454.15625
P0AED9	78443.2421875	79711.9140625	88172.265625	96566.0546875	71549.953125	69708.9921875	79292.9453125	68032.828125	59962.3515625	64464.953125	69519.7578125	57613.73046875	77912.9921875	69977.8046875	93491.4921875	85961.8046875	99345.25	76060.109375	90706.2421875	84251.5625	87940.40625	94992.734375	84892.9921875	86476.7578125
P0AEE1	541892.5	487069.65625	577144.125	459886.6875	708320.0625	574515.1875	544550.6875	730338.75	1065860.125	711692.25	601672.6875	1070001.375	597732.5	648038.5	618746.9375	596782.6875	598246.125	791057.6875	556514.0625	585303.1875	545652.6875	516115.46875	699226.5	555111.625
P0AEE3	187050.109375	212481.0625	195727.640625	174171.5625	239769.828125	229005.046875	233963.390625	233022.234375	256264.921875	245887.390625	201661.40625	176792.5	216879.515625	218808.515625	197546.453125	173675.03125	217594.484375	191568.828125	154163.140625	192450.3125	175411.796875	187996.90625	212004.34375	168669.359375
P0AEE5	2204544.75	1975817.75	61877.24609375	90499.109375	2780736.5	2162219.25	2870567.25	2568140	3498614.5	2744367.5	2727081	6313002	2649303.25	2579252	77536.4921875	122012.109375	77586.1640625	99243.1875	96957.0625	117605.484375	100083.9375	48447.37109375	127267.734375	86954.03125
P0AEE8	109329.59375	88909.84375	78362.234375	108167.4296875	64730.734375	106109.5703125	68024.5625	65998.953125	66321.578125	40854.06640625	111308.015625	84189.7734375	74102.21875	42595.66015625	80336.8359375	95383.9609375	93426.0546875	24478.09765625	99005.4375	50909.828125	126389.953125	109972.796875	54315.43359375	100066.1953125
P0AEF0	141476.109375	168592.453125	169011.765625	152718.984375	180158.25	141212.875	143075.1875	210320.40625	228725.46875	153311.765625	166010.453125	127274.21875	149124.859375	170352.71875	119044.75	139302.234375	139679.65625	211765.28125	85922.46875	123566.84375	134897.09375	133662.734375	115967.3984375	137595.5
P0AEF4	24327.607421875	22657.140625	26021.44140625	24937.12890625	21587.966796875	16801.89453125	20786.94921875	25747.640625	26419.013671875	25729.546875	14049.125	8529.28125	18786.322265625	22633.5234375	20695.45703125	18667.734375	21879.896484375	19945.837890625	21238.02734375	23338.3046875	20328.681640625	20370.8125	23563.8671875	15592.75
P0AEF8	386286.84375	332245.9375	173348.78125	189084.453125	175348	318963.40625	242530.890625	130346.8359375	126074.7265625	96951.515625	362445.09375	357248.65625	231520.40625	105822.828125	132575.8125	176052.5625	149959.703125	78906.5859375	182113.0625	92594.7421875	223182.28125	217258.890625	105013.8515625	160682.625
P0AEG1	98558.640625	98201.671875	56849.64453125	69942.296875	56990.81640625	81249.8671875	74631.640625	48127.04296875	54670.68359375	50762.64453125	87236.375	81499.1953125	80536.53125	51523.76171875	46949.171875	58696.09765625	53957.7109375	46564.45703125	64055.3984375	48226.77734375	67212.5234375	66226.6953125	46522.1171875	50511.4921875
P0AEG4	2551754.5	1968068.875	2637299	2220671.5	2956652.25	2722311.75	2565964.75	2733787.5	3339044.25	2837092	3026808	5465802	2790905.25	2644822	2938153.25	3259853.5	2648258.5	3507411.5	2675592.75	2728256.75	2739079.25	2755334.5	2909710	2984574
P0AEG6	225461.984375	215548.203125	287313.375	251520.03125	255787.5625	220043.78125	192352.890625	229309.6875	310203.3125	242975.828125	222885.609375	424329	202048.265625	215438.5625	290180.34375	306692.65625	294951.9375	359670.53125	274718.125	300747.03125	284715.96875	275947.21875	323557.90625	276705.09375
P0AEH1	475382.125	413287.125	320893.375	392144.28125	356666.09375	440146.03125	459644.5625	348264.78125	373329.4375	313374.71875	419998.4375	313555.84375	417898.9375	307713.21875	306736.34375	319654.9375	336065.1875	293227	329264.71875	291421.96875	392147.03125	339137.21875	308382.4375	348954.71875
P0AEH3	168108.59375	165406.171875	182182.671875	192995.703125	157417.375	156597.984375	161891.109375	160395.4375	144974.609375	151815.234375	168678.453125	326694.46875	177433.5	170268.65625	200993.765625	221158.3125	194890.8125	240807.109375	199029.3125	183992.953125	199944.953125	206008.046875	182401.734375	230538.515625
P0AEH5	314410.6875	250466.9375	197651.859375	186768.40625	418671.71875	355376.1875	393772.6875	418238.4375	507467	333725.65625	330117.25	991647.875	320075.9375	422046.28125	237200.28125	264783.53125	284816	314613.78125	223768.515625	269535.78125	202345.484375	239364.234375	239664.65625	253066.171875
P0AEI1	807559.625	818260.75	1079043.25	1054687.125	735135.6875	896962.0625	681370.75	618573.125	536175.125	667166.5625	822259.6875	669335.9375	746072.75	656177.4375	1034600.5	982342.875	1017612.875	817193	1014624.3125	883240.125	976001.5625	1133771	961164.125	989665
P0AEI4	395887.875	422307.8125	531167.875	482523.25	375304.78125	368255.59375	285076.46875	355574.75	423636.59375	380371.375	352010	279773.75	349011.125	389984.28125	484344.28125	465031.96875	485550.90625	521752.625	491360.15625	486139.21875	441646.65625	477626.6875	503151.4375	486492.1875
P0AEI6	179161.5625	219314.59375	212662.515625	205808.484375	131115.328125	162718.5	156946.75	119249.828125	130401.6953125	141751.8125	159096.890625	222848.859375	131538.09375	146290.015625	177742.40625	158792.75	200745.46875	107677.5546875	186094.109375	193860.53125	184569.453125	179174.609375	151470.75	175800.71875
P0AEJ2	1144520.25	1240653.125	1538735.875	1762527.5	612747.3125	932172.875	1931451.625	1920569.75	912123.0625	1797269.75	987655.6875	1277814.25	1678785.125	1454919.125	1765997	1258977.625	1609394.375	1606499.375	2182983.25	2287369.75	2578447	2061692.25	698305.4375	2910849
P0AEJ4	96123.9921875	102575.078125	74880.6953125	90235.1796875	110510.1328125	109519.1796875	128529.3125	109541.1953125	99831.578125	109314.1328125	110397.078125	73036.1171875	115436.015625	111149.6328125	76097.7734375	70938.84375	85038.6484375	61709.23046875	81502.484375	66979.8125	74430.59375	85956.84375	74331.9921875	63794.7109375
P0AEJ6	328894.09375	313590.21875	186349.5625	203435.734375	299258.40625	291067.71875	271938.15625	315558.1875	358030.84375	295161.3125	283920.625	375861.09375	285926.40625	321599.9375	173875.59375	191931.390625	166789.75	231657.15625	185615	215611.109375	204421.359375	180249.59375	184917.828125	192157
P0AEK0	52553.25390625	55839.53515625	52203.05078125	58203.78515625	42178.9765625	36780.4296875	48712.7890625	54459.28515625	47848.15234375	50806.7265625	43065.48828125	72277.171875	40853.41796875	37526.96484375	55097.2890625	39215.12109375	53224.8203125	39790.98828125	39020.22265625	49181.75	38075.68359375	38422.62109375	51902.7890625	32106.220703125
P0AEK2	5118980.5	5146175.5	6139421.5	6048224	7239647.5	7182045.5	5884437	6442080	6633264	7029484.5	6515125.5	6519786	6303750	6865518.5	6677747.5	7095742.5	6582125.5	8068468	6776878.5	6315973.5	6509908.5	6541401.5	6918996	7295209.5
P0AEK4	6538876.5	6483784.5	5794822.5	6638497.5	6689051	7071002.5	6248872	5505595.5	4395552	5786857.5	6895599	5346091.5	6693260	5684193	6411391.5	6798593.5	7107307	5235751.5	7394266	5747787.5	6931018	6827970	5839281	6792958.5
P0AEL3	360095.21875	281767.46875	366509.4375	406984.53125	301964.375	411437.125	227615.3125	558975.25	318002.375	350688.6875	388914.84375	488825.71875	299884.125	320720.78125	446013	505508.09375	556497.5625	495867.4375	450000.625	378053.875	422439.4375	483555.90625	274495.28125	554592.5625
P0AEL6	634121.5625	610537.875	559222.625	649719.6875	521243.40625	531661.3125	797639.75	875025.1875	698391.0625	741939.3125	642262.3125	1265820.25	672324.125	710512.625	591819.1875	584939.8125	648999.8125	637438.875	699513.5625	673210.6875	733268.1875	663204.0625	417630.1875	812502.5
P0AEM0	152826.28125	132171.03125	136069.1875	111753.703125	165139.359375	143184.5	138395	140960.578125	211458.34375	175374.6875	153816.515625	304814.25	142863.546875	133451.671875	136663.703125	133930.296875	123215.625	143291.234375	123740.7421875	116517.3046875	118312.9609375	101204.6875	142876.203125	107239.328125
P0AEM4	127592.7578125	115966.046875	39864.15234375	36299.046875	135728.171875	99072.390625	117278.921875	158886.375	145717.078125	123370.4296875	181812.453125	353226.3125	145518.015625	153688.84375	45974.15234375	44292.48828125	42748.5234375	64599.90625	40627.48046875	45212.97265625	40461.875	33131.26171875	57502.73828125	45302.99609375
P0AEM6	225625.65625	254062.765625	23092.98828125	41985.515625	149715.359375	142928.9375	243960.234375	273405	127954.8046875	197067.90625	305918.96875	350968.90625	204194.203125	271056.75	24677.0078125	27540.83203125	41483.90234375	52160.2421875	56773.59765625	32915.359375	30680.126953125	22604.68359375	81871.546875	35730.3828125
P0AEM9	9506736	8116262.5	10916753	8391048	11403113	9792664	9486535	10841476	14826634	10744024	11023061	24579110	9939943	10235332	11709255	12103406	9839644	13351717	9687674	10365182	10070392	10370167	10753639	10754912
P0AEN1	902909.8125	1071186.25	514198.75	656617.25	549430.9375	759738.875	679806.9375	438997.3125	354121.28125	469011	915951.5	926839.875	733249.1875	404272.375	489863.3125	507231.375	577406.4375	295829.8125	731852.6875	465639.96875	787370.4375	640049.375	389372.6875	635959.8125
P0AEN4	244063.75	233292.171875	377932.375	284820.0625	227231.71875	196687.40625	240293.453125	233535.15625	250368.328125	283153.90625	264394.1875	375371.34375	228297.75	256463.328125	309601.46875	305970.75	311894.96875	286851.25	310673.875	336059.96875	286524.03125	290152.1875	314045.9375	319030.125
P0AEN8	1011897.1875	1023607.6875	601103.125	583775.25	847521.1875	967090.0625	911343.3125	811459.9375	859059.9375	832776.375	1206282.375	894016	902412.4375	951932.8125	525884.625	626262.0625	562897.625	628572.6875	617049.8125	586790.6875	652985.3125	552746.0625	526797.5	696485.125
P0AEP1	36588.765625	37547.25	31630.62890625	37930.27734375	23143.318359375	39518.71484375	56078.8671875	32235.837890625	16641.0546875	25479.705078125	40938.22265625	25033.9765625	34428.453125	27464.05078125	27831.171875	27636.2421875	38100.5859375	17330.25390625	42265.94921875	29009.970703125	45251.484375	37451.3984375	27113.443359375	41069.5390625
P0AEP3	5228952	5789153.5	6380459	6709332.5	5197713.5	5080692	5246905.5	5111310	5531037	4940204.5	4821244	6195484	4991795.5	5269686.5	5878651	5821479	5877734	6659533	5831969.5	6474647	5599392.5	5572285.5	6075855	6029057
P0AEP7	1224.36535644531	2228.63745117188	538.605041503906	520.389038085938	513.992858886719	NA	2020.72924804688	1440.21520996094	1668.65393066406	1939.45373535156	NA	NA	1002.13562011719	1450.03430175781	247.500152587891	1596.64721679688	NA	917.787841796875	911.973693847656	NA	784.035278320313	708.866088867188	1191.40002441406	768.590942382813
P0AEQ1	82305.09375	72168.953125	36044.0390625	36806.85546875	102184.7578125	108227.9375	79342.875	99506.09375	162965.390625	117489.3046875	90629.5546875	167299.90625	79389.0234375	94232.546875	40422.41015625	48877.4453125	36541.4375	52398.48046875	42899.80078125	46713.5234375	37025.38671875	34172.9375	46495.9296875	36157.30078125
P0AEQ3	3677508	3377360.75	2297093.25	1895945.125	4163798.5	3692419	3767206	4285131.5	6084281	4538357.5	3926858.25	7631640	4126612.75	4422250.5	2424475.25	2085455.625	2127458.75	2716159	1797003	2196373.25	1863713.5	2062662.625	2549239.25	1912754.25
P0AEQ6	349592.0625	319792.4375	111263.3828125	165455.859375	86667.2421875	293395.125	292203.15625	78150.9765625	47564.04296875	88442.6875	322676.28125	365078.25	178216.703125	52890.5390625	98786.859375	159509.078125	126031.25	54976.0390625	164624.71875	71711.296875	258049.671875	162473.5625	60893.36328125	179154.3125
P0AER3	348068.46875	379218.46875	274057.96875	400563.90625	287905.46875	434664.0625	463350.15625	363423.125	261748.375	284599.125	483430.125	259736.90625	353791.46875	247771.296875	193343.3125	234371.640625	282988.09375	263390	302653.6875	217446.984375	359182.875	307968.28125	268913.8125	328390.28125
P0AER5	30168.71875	30500.474609375	NA	NA	NA	28151.546875	17337.701171875	NA	NA	NA	34342.91015625	27495.130859375	22935.880859375	NA	NA	11646.4619140625	NA	NA	NA	NA	18322.76171875	NA	NA	NA
P0AER8	116397.2890625	10045.068359375	41927.34375	102149.40625	35924.5546875	61231.64453125	53525.4921875	10814.111328125	50227.16796875	NA	63463.453125	72215	66525.328125	31906.197265625	49235.46484375	36549.453125	NA	NA	64439.8359375	51053.03125	58692.96484375	59368.28515625	14124.8720703125	68547.890625
P0AES0	252064.21875	269418.4375	438910	418885.625	246282.734375	219548.40625	197255.015625	217884.8125	215477.3125	214374.359375	213037.4375	167757.8125	220831.765625	215373.46875	363921.0625	359609.15625	413521.90625	324683.8125	380038.34375	386702.125	387369.46875	397771.75	354697.25	365358.75
P0AES2	53675.82421875	56048.6953125	45372.25	40512.73828125	52183.734375	51049.17578125	48754.6015625	54588.9765625	87249.9609375	52548.21875	47388.78515625	34280.65625	44952.23046875	51983.58984375	42362.609375	34843.703125	37034.40625	37465.3125	35461.0234375	41899.16015625	40335.60546875	41404.3046875	35443.55078125	31707.609375
P0AES4	1186020.25	1181336.625	1470676	1624127	1295444.75	1332136.75	1173608.875	1160560.625	1075750.5	1192645.875	1197574.375	1011756.875	1286300.25	1183909.75	1599120.875	1622255.25	1659715.75	1451583	1637123.375	1502403.375	1622405	1661790.25	1495911.125	1661614.5
P0AES6	1804555.75	1824359	2406870	2343288.75	1984768.125	2006572.625	1987649.125	2056468.5	2227896	2043793.375	1816089.5	1614926.375	1767951	2016906.75	2256171.5	2175725	2189073.25	2585455	2225969.25	2334448.25	2101397	2083759.875	2473087.75	2215760
P0AES9	326564.40625	279487.78125	220891.515625	196085.671875	284723.125	128943.796875	199266.171875	263887.90625	392329.96875	205706.390625	157380.703125	395381.65625	163520.40625	356229.75	239285.953125	278044.8125	211655.84375	401839.625	176945.671875	229386.171875	174722.453125	198827.109375	133608.328125	183646.28125
P0AET2	2820912.75	2504788.5	2223521.25	1594309.625	2094263	1448573.75	2969136.25	2668101.75	3125516	2168824.25	2174408.75	7358633.5	2374639.25	2362367.25	2346809	2422434.75	1876482.75	2351603.5	1099842.5	1967523.875	1836978	2039378.375	1175455.25	1844121.375
P0AET5	247872.515625	190075.421875	91009.84375	161921.9375	67073.5859375	228719.859375	227156.96875	51100.13671875	22556.93359375	48440.328125	254904.859375	289763.5625	109626.1640625	37538.71484375	91019.953125	265134.25	120433.6171875	76993.7578125	109211.9453125	58927.5390625	185029.046875	212235.609375	34344.96875	207321.203125
P0AET8	2480940	2379647.75	1562469.25	1960096.625	2164512.75	2958771.5	2540634.5	2087124.375	1416862.375	2065920	2930710.75	2863656.25	2623420.25	1864538.75	1846603.375	2004047.25	1848959	1670239.625	1960523.625	1774801.75	2114722	2064500.125	1488531.875	2047389.875
P0AEU0	4438334.5	4014268	4029423.5	3171886.75	5710490.5	4372446.5	3535849	4731704	7135160.5	5212950.5	4933077.5	8492083	5089358.5	4679456.5	4164436.5	4134518	3860330.75	4802231.5	3579539.25	3887030	3502877.25	3485527.25	4520191.5	3654413.25
P0AEU7	9476306	7676625	9648059	6739412.5	12621801	8411940	7921508.5	10212321	20688342	10483654	9328019	19053400	9213414	8791136	10533063	10027351	9584470	11683580	8057219	9208497	8286425.5	8491502	10441483	8293938
P0AEV1	178138.6875	106734.46875	122912.3828125	135410.578125	114358.2578125	149005.609375	189558.609375	132961	103655.5625	136569.84375	166584.84375	183789.96875	137339.859375	124586.8046875	116647.6796875	156058.3125	134200.359375	126059.3515625	147211.328125	109728.984375	143705.25	170787.59375	101567.4765625	138206.046875
P0AEV9	39713.7421875	41108.390625	60325.640625	52630.3125	67504.5234375	56850.82421875	46686.4453125	46990.94921875	96694.0390625	52001.96875	62127.48046875	157162.140625	54809.9921875	46667.9609375	50184.01953125	48751.9140625	44808.5625	40519.953125	43645.00390625	57242.9609375	44302.07421875	46135.6953125	46029.08203125	48425.88671875
P0AEW4	194770.875	182314.28125	111094.3046875	113650.2734375	106935.6953125	134491.484375	140936.265625	132762.15625	133865.96875	127636.9140625	129087.921875	284912.03125	140392.171875	119291.7109375	102210.5078125	117944.5	92850.296875	118762.0390625	124071.3515625	109083.3671875	119638.6640625	108063.40625	91883.859375	94475.8828125
P0AEW6	150365.265625	161489.890625	226094.5	211746	149125.546875	140157.203125	140865.578125	152061.328125	150682.96875	154589.609375	142981.609375	118633.375	142964.28125	159900.421875	191283.1875	175940.4375	216686.9375	202060.203125	210284.265625	199118.5625	177590.171875	182583.296875	212897.46875	193992.109375
P0AEW9	66712.6640625	71213.109375	155823.734375	191246.765625	47894.66796875	43252.63671875	78619.4765625	40450.10546875	50036.7109375	37132.62890625	65588.9296875	56925.44921875	51472.6875	54356.04296875	172162.75	159434.5	157176.15625	103720.46875	161641.46875	166324.75	229838.140625	217070.359375	131898.3125	192126.703125
P0AEX3	273297.53125	267878.25	65559.90625	119224.28125	133202	281145.40625	278155.71875	105638.6875	75434.171875	120841.4765625	328283.84375	322276.21875	215842.28125	86559.9921875	86797.421875	109893.484375	118129.5859375	46584.0546875	162562.625	69810.8984375	165439.78125	103838.5390625	39784.52734375	128085.296875
P0AEX5	249279.71875	319467.875	221225.671875	242443.96875	221675.5625	208335.609375	246305.484375	271355.5	207706.078125	256721.140625	237012.078125	254787.578125	239563.859375	254653.390625	185512.578125	175342.390625	223088.40625	163217.203125	176907.921875	212028.359375	170859.71875	186786.78125	198240.765625	167950.234375
P0AEX9	2664098.75	2617570.5	3175096.5	2670434.25	2832979.5	2656717	3976672	3221029	3452312.75	3170948	3348635.25	6134245.5	2983437.25	3254655.75	3376801	2521124.5	2410337	3747846	1863799.875	3609939.5	2844289	3098675.75	3649178.75	2732845.75
P0AEY3	264618.59375	260841.484375	302516.9375	353621.71875	326690.09375	240741.125	322301.375	310809.6875	290378.3125	274353.71875	270924.5625	433785.0625	279225.15625	285353.6875	200735.9375	302185.4375	227775.578125	289309.375	259306.625	307852.09375	293925.8125	250467.15625	264071.0625	279090.15625
P0AEY5	586001.3125	562422	520745.4375	462181.34375	645996.625	583665.125	545904.5625	666062.3125	889701.75	665454.375	572617.6875	1001320.1875	577178.5625	636906.375	504003.65625	471553.59375	507145.59375	564681.125	452517.1875	560882.9375	475832.71875	491863.625	520134	517485.53125
P0AEZ1	1574074.25	1593670.125	2724921.5	2642939.25	1799573.625	1798476.75	1146231.75	1286040.125	1342218.875	1390205.125	1534385.25	1800273.75	1346772.75	1379486.875	2581634.25	2751410	2744792	2032051.5	2726965.75	2329511	2427695	2705163.5	2313021.75	2460399.75
P0AEZ3	4860154	4813613	3670548	3473107.75	5491691.5	5426850	4857792.5	5480773.5	5167373	5388184	4917098	5312657	5176421.5	5491487.5	3720933.25	3523096.25	3715545.25	3750404.75	3592351.75	3684787.5	3577016.75	3648509.75	3675029.25	3686885.25
P0AEZ9	1852050	1872398.5	1635475.875	1476570.125	1954124.75	1907310.25	2175667	2148711.75	2080943.25	1965132.25	2010690.125	2526205.5	1934336	1993356.875	1622895.5	1534297.75	1579141.5	1649838	1436776.625	1808863.125	1624125.5	1659106.125	1724657.875	1509277.5
P0AF03	576278.5	665360.875	488580.625	485141.90625	602590.875	714352.8125	732591.875	540955.625	567572	627685.8125	731709	1071080.25	624932.3125	530027.5625	431288.75	472073.3125	455244.5625	400885	438675.8125	435914.0625	452614.40625	452175.3125	387961.375	411908.65625
P0AF08	1092516.75	1136299.125	1356963.25	1213772	1246161.25	1031496	1010129.75	1141774	1243540.625	1205366.25	1016467.75	828130.5	1093291.5	1095307.125	1245644.25	1124724.875	1234231.5	1080873.75	977838.75	1099883.75	1013001.1875	1206523.5	1266328.25	1002613.875
P0AF12	1526048.75	1579290.5	1475367.625	1519715.375	1135090.875	1303410.375	1315738.875	1198110.125	1143772.75	1198226.375	1220146.375	1812869.875	1257189.125	1209770.75	1242945.5	1526676.875	1380579.625	1427583.375	1566030.625	1441962.375	1539268.875	1426558.5	1448807.625	1584944
P0AF18	453428.46875	546383.25	447081.875	459082.8125	429634.09375	414208.875	486427.6875	485699.59375	537752.6875	480372.9375	379354.9375	411704.71875	441372.09375	512320.90625	392191.0625	379638.78125	403174.21875	414848.09375	359658.4375	469305	411287.3125	377439.5625	430113.625	384131.90625
P0AF20	623167.3125	615068.9375	535501.1875	582827.75	684041.375	709901.3125	569060.625	567239.3125	617830.4375	579901.1875	686471.3125	413082.84375	620570.375	567117.6875	546005	559679.5625	563872.0625	467502	556501.125	509673.09375	562037.3125	588528.3125	519324.15625	577380.5
P0AF24	399636.03125	427011.09375	389761.6875	436423.28125	295659.875	314731.84375	360798.3125	318811.90625	284237.75	287248.3125	359395.84375	344916.15625	386310.34375	287067.8125	407749.09375	417253.03125	439228.6875	285767.65625	393915.375	363965.25	411553.21875	415111.125	346486.25	451326.5
P0AF26	4606.46630859375	5570.2685546875	19270.181640625	8890.73828125	3902.44116210938	3732.345703125	8895.6806640625	2776.01586914063	3108.69677734375	7127.78271484375	4788.380859375	NA	2610.98681640625	1835.6591796875	10944.271484375	9472.7470703125	13289.025390625	7758.904296875	3613.6455078125	9889.5810546875	9849.005859375	13843.1083984375	8457.0048828125	9630.908203125
P0AF28	450955.53125	482118.40625	691140.1875	569745.5625	549618.6875	507190.09375	469211.34375	587707.8125	582104.75	583598	460688.96875	486518.03125	495349.71875	532377.6875	692700.9375	612916.0625	654754.625	703046.0625	572407.3125	698188.75	570225.9375	593222.875	703599.875	573136.8125
P0AF36	2883543	2410369.25	3195128	2084971.25	3852372.75	2646225	2477707.25	3285958.75	5335835.5	3332198.5	2857565.25	4541381	3157307	2993912	3669004.75	3467118.75	3345716.75	3209166.5	2652737.25	2912212.75	2522280.25	2588840.5	3552709.25	2759806.25
P0AF43	59413.5625	60281.28125	49720.4296875	54491.20703125	48012.265625	48896.375	63295.20703125	56481.2890625	47581.2109375	52757.24609375	51477.09375	25935.490234375	55085.13671875	45448.48828125	40969.8203125	46790.9609375	45751.078125	47034.42578125	49360.32421875	48326.875	43470.3671875	43270.69921875	56792.5546875	41926.18359375
P0AF48	51311.5078125	51008.765625	45402.2890625	41275.01171875	43996.78125	41787.75	49698.5390625	56072.01171875	62839.203125	47364.7265625	36661.984375	91720.6796875	42904.1875	48083.97265625	38954.5234375	40496.21875	38570.6796875	37199.19921875	31610.2578125	33853.18359375	36466.75	37853.73046875	35481.7890625	34039.37890625
P0AF50	2795323.5	2540630.75	1721869.5	1456825.375	2128179.25	2306663.5	2589981	2330600.25	2638014	2065769.875	2560308.75	5312185	2280831.75	2023079.625	1476325.375	1811629.375	1461624.75	1581345.5	1459580.375	1598623.5	1698890	1535863.375	1357997	1641768.5
P0AF52	242208.203125	196974.90625	311847.3125	359727.71875	204822.6875	286213.46875	249567.96875	199539.15625	185664.359375	180971.078125	203306.5	162601.109375	214903.21875	169960.625	324799.0625	357680.875	331454.71875	257642.8125	395174.78125	311638.625	389830.9375	389688.6875	315632.0625	376404.15625
P0AF54	115918.7265625	246650.515625	108250.5703125	62062.29296875	102686.671875	66064.15625	165038.375	127438.4296875	109121.4609375	118261.328125	76700.6875	117874.4765625	99567.609375	133700.21875	NA	26055.109375	65489.48046875	88076.015625	43813.61328125	53400.95703125	45552.26953125	22841.64453125	73145.765625	32346.5546875
P0AF56	91511.09375	109676	36257.22265625	36515.82421875	78010.5078125	82826.6015625	66292.46875	70563.15625	88439.453125	77960.890625	98256.8046875	114497.359375	60475.19921875	76996.203125	38964.1953125	40030.0859375	46073.22265625	55255.94921875	53625.49609375	52738.05078125	49667.484375	62260.7734375	36485.05859375	40083.71875
P0AF59	62723.125	65639.4296875	52604.2890625	42684.078125	63933.6171875	56227.171875	65555.703125	48123.21875	49409.546875	53460.30859375	73189.1796875	147715.578125	52718.234375	58260.36328125	44876.53125	48291.28515625	36796.80078125	45771.50390625	43441.99609375	42442.48828125	58799.92578125	34471.921875	38027.97265625	49458.13671875
P0AF63	152079.9375	134520.765625	129350.8203125	133334.34375	139177.359375	140582.65625	125469.0234375	138988.59375	134071.984375	147777.59375	137796.0625	210481.75	140692.203125	135439.765625	131530.953125	155948.578125	144812.5625	132238.796875	156049.015625	151759.3125	145842.0625	143980.46875	130253.890625	153133.8125
P0AF67	300821.1875	271874.5	256718.875	211117.625	246662.40625	243332.375	233332.234375	279940.0625	326142.625	225508.203125	269983.15625	544187.8125	255634.65625	224239.875	236089.40625	254387.265625	231471.390625	270850.65625	244494.546875	239356.5	251520.734375	239560.046875	233203.09375	229837.953125
P0AF70	425862.34375	460729.5	407543.09375	266912.5625	336543.0625	232352.21875	315213.1875	457625.15625	836832.3125	379846.5625	251138.6875	473009.46875	344979.96875	426764.5625	387639	316684.875	365524.78125	381129.53125	282614.375	376579.375	289632.71875	284262.34375	431422.6875	275434.53125
P0AF90	782975	749112.1875	810990.25	579592	857514.3125	762406.875	685448.9375	732742.125	1010010.4375	755025.4375	804929.1875	1389984.375	713001.875	670187.625	670926.625	724547.625	648432.625	786693.0625	633141.875	631358.75	635633.5	579502.4375	671412.625	620594.625
P0AF93	22494182	17778640	14187631	9482516	26495666	20492630	18587654	23440280	35683156	24348790	21666658	43596856	21725130	22285650	14664325	14593892	12553820	18315482	12277800	13023048	12218468	12913642	14262764	13387633
P0AF96	985217.0625	786924.9375	1151072.5	1050653.125	924043.8125	1014833.75	780360.125	812221.625	743168.0625	897870.9375	884226.25	1517624.625	858946.25	823361.1875	1053276.875	1058594.75	942895.1875	1233241	1097898.75	1198072	1208419.75	1155446	985747.875	1307050.125
P0AF98	421718.03125	423182.28125	336014.4375	351540.09375	374921.53125	463195.5625	459138.21875	326130.5	253848.609375	345535.15625	462103.15625	347987.625	402810.6875	320445.21875	298869.28125	333188.5	307808.8125	205809.046875	342176.46875	278975.59375	357459.40625	319612.15625	265149.5625	327168.21875
P0AFA2	32003.408203125	40344.52734375	42351.984375	50622.09765625	40596.453125	42785.54296875	39503.66015625	42094.60546875	37712.3046875	32922.40234375	35772.33203125	37818.359375	42930.171875	40318.89453125	43036.46875	42233.80859375	40277.55859375	42662.734375	41828.4609375	47731.5234375	44005.203125	42261.44921875	43304.22265625	47522.22265625
P0AFA7	231218.328125	310662.96875	206129.015625	257861.8125	171400.671875	225720.1875	252338.96875	155786.625	117663.2265625	137662.6875	173720.90625	154022.5	229171.03125	186010.296875	159358.46875	207672.4375	251895.40625	85549.5703125	253665.40625	205246.4375	248310.4375	218409.78125	195590.15625	211317.359375
P0AFA9	212620.125	141680.15625	121773.8359375	215814.5625	106838.4765625	189320.390625	77225.5625	62190.4296875	NA	NA	170195.484375	NA	175790.296875	NA	111635.671875	219337.734375	148938.4375	NA	150562.96875	72705.875	95941.1171875	147511.90625	NA	167843.984375
P0AFB1	500074	455601.15625	374224.625	342374.375	504407.4375	506414.65625	441504	519920.21875	545189.25	450263.9375	533078.1875	1183918.5	459622.8125	457881.90625	345911.40625	443039.3125	402529.3125	525391.8125	402492.40625	387938.6875	383032.75	342895.375	405838.75	383132.0625
P0AFB5	78244.6875	79552.2734375	119703.4140625	129476.9609375	70371.3515625	83862.390625	83683.03125	86209.5	83409.1640625	86407.4453125	73309.9453125	57082.671875	84514.890625	87487.109375	103064.046875	97687.234375	102214.875	112835.484375	95175.2421875	106258.4609375	110045.5703125	99978.015625	110846.1171875	101993.8515625
P0AFB8	266511.03125	263061.4375	384880.90625	384895.46875	254879.703125	304568.40625	291177.125	292439.75	250198.859375	303738.5	259283.828125	203543.859375	265245.75	276917.8125	383564.09375	363015.5	376503.84375	350871.375	354525.71875	359512.59375	355684.34375	343681.90625	390328.71875	343251.28125
P0AFC0	58124.578125	72507.6328125	44209.7421875	65470.30078125	49763.25	58418.37890625	47050.8515625	46649.91015625	30933.9453125	46521.953125	53308.0546875	38556.1015625	57328.390625	43099.1171875	46041.40625	46085.11328125	57110.515625	31635.740234375	42722.72265625	40307.21875	53576.4921875	53243.88671875	39695.97265625	55181.75
P0AFC3	490178.5	562103.875	344826.03125	386361.96875	614189.3125	679987.4375	609162.3125	515376.84375	587581.375	460369.25	617231.75	407847.40625	624559.6875	555353.75	349733.0625	361995.59375	397710.75	470353.8125	408195.28125	345133.125	389326.34375	364132	409052.5	369040.125
P0AFC7	1219729.5	1293514.25	946166.6875	895893.8125	1321854.5	1451962.375	1295307.625	1358765.25	1494398.5	1459178.375	1270412.125	1290308.375	1280842.125	1426907.375	934415.6875	837786.4375	887144.5	1009111.4375	802615	851871.25	762714.125	833069.5	1090653.5	767424.5625
P0AFD1	780662.5	719668.375	589016.875	438914.0625	889430.6875	820039.375	781147.0625	787169.6875	1125621.625	837275.0625	841327.75	1589553.125	789644.875	692873.25	555673.6875	544349.375	556525.1875	536232	490537.40625	464226.0625	467702.4375	459176.90625	635293.25	484968.96875
P0AFD4	87593.578125	91915.3125	17753.091796875	30135.208984375	30570.134765625	65794.40625	46932.0546875	14300.1337890625	11481.291015625	15587.5771484375	73691.328125	33080.40625	52952.63671875	8027.75439453125	21118.556640625	27191.33203125	30836.51171875	10229.107421875	32024.58984375	12338.3466796875	47944.15625	34238.33984375	13288.3798828125	19059.43359375
P0AFD6	2078454.5	2616131.25	1752242.375	1578383.75	2450238.25	2241071.25	2616908.25	2408950.75	2595486.5	2614646.5	2090945.75	2270315	2312152.5	2346418.25	1492690.5	1265561.125	1794527.5	1610629.875	1642994.5	1617496.125	1228249.25	1319906	1907327.25	1333254.5
P0AFE0	150933.015625	118268.5625	112658.1875	80837.578125	120349.09375	151574.421875	157590.65625	90821.375	99875.1328125	105599.140625	128250.46875	190166.984375	124220.984375	81163.046875	82728.9296875	87155.8046875	84649.6171875	61400.796875	83914.7265625	69706.296875	91399.921875	84973.5625	83455.0078125	74676.78125
P0AFE4	161093.625	177236.328125	92844.390625	101550.6328125	88077.46875	108545.6484375	153258.96875	82760.90625	68091.046875	93755.1484375	111604.6328125	79878.3125	115509.2421875	99028.5703125	61245.40625	77509.5859375	71324.2109375	68385.390625	80126.359375	65624.171875	67754.5	65534.87109375	70394.65625	55266.5625
P0AFF0	207327.5625	24132.09765625	129199.4296875	130982.3359375	78602.6484375	93459.328125	145457.375	93578.390625	45066.25	108190.1640625	177577.125	355912.90625	132394	NA	84723.1796875	78145.90625	71930.71875	NA	130479.171875	69694.0859375	141646.859375	122757.6015625	67467.484375	96585.953125
P0AFF2	52166.6171875	58393.15625	25360.05078125	36393.0078125	24402.58984375	36651.1796875	26992.8828125	17930.169921875	19501.416015625	31470.984375	38851.796875	36534.44921875	36175.43359375	11708.150390625	24156.8203125	34689.91796875	28808.11328125	28941.421875	34368.78515625	16681.171875	39218.11328125	30959.09375	25940.359375	37938.6328125
P0AFF4	28015.701171875	39187.25390625	11453.322265625	8536.271484375	32427.73828125	35240.18359375	36746.24609375	25005.21875	23857.005859375	24899.568359375	45141.05859375	29818.96875	27442.6796875	22301.74609375	15803.3447265625	17625.203125	9496.1064453125	NA	13836.36328125	7246.65771484375	12173.1279296875	15582.9052734375	11714.0615234375	6965.40234375
P0AFF6	3195550.75	3102529.25	3937694.5	3655872.25	3316615.25	3142872.5	3056789	3311954	3465178	3324420	3148731.25	4963606.5	3204697.5	3445798.25	3717452.75	3846827	3703055.25	4035558.25	3813317.75	3852115.25	3634553.75	3623273	3900642.75	3780404.75
P0AFG0	2142102.5	2079446.75	1903334.125	2104667.25	2295428.75	2365878.5	2293031.25	2149645.5	1762489.125	2132860.5	2228996	2696352.25	2167980.25	2067051	1973751.25	2153723.75	2213932.75	1915222.5	2274993.5	2002003.5	2203566.75	2204657.75	1940987.125	2143583
P0AFG3	10543466	11021798	2852406.75	3222639.5	10562029	10895993	9429659	10092893	9775153	11070340	9475689	5640130.5	10598184	10190296	2636367.5	2580108.25	3563769.75	2438153.25	3769769	3193826.75	3128091.75	2507518.5	3635861.75	2951372.25
P0AFG6	8018907	8591128	2549124.5	2767352	9278853	8765597	7519519	9385307	9430460	10369904	7905440.5	6347651	9169614	9734670	2219983.25	2381017.75	3074353.5	2702867.5	3101189.75	2755756.75	2692343.5	2251352.75	3335390.25	2769533.75
P0AFG8	35141056	36084100	17957478	16793648	37181796	38865628	39302976	39058512	32086650	39683664	37288996	27587440	37232888	39193884	16824436	16618569	16357601	17343876	16784132	15952472	16233406	18025620	15977345	16950574
P0AFH0	43360.2109375	38591.39453125	32929.53125	41448.796875	47428.49609375	56552	43648.109375	28854.634765625	28252.232421875	33679.18359375	59072.234375	52531.19921875	51963.04296875	36547.640625	34115.98046875	44385.53125	34380.4140625	25480.330078125	40914.62890625	31447.603515625	43659.33203125	40783.984375	27426.974609375	44279.515625
P0AFH2	400438.90625	378322.3125	509288	492419.625	309407.15625	397192	255331.0625	315878.09375	343655.15625	227130.78125	384679.46875	285722.5	280854.625	233944.515625	488004.21875	476958.875	434604.96875	322289.5625	395975.6875	350781.34375	489413.15625	618620.625	326015.46875	466853.9375
P0AFH6	733253.8125	633622.125	1177456.25	903232.5625	759407.25	754272.75	577669.625	769647.5	952417.875	598002	647826.75	415564.65625	513629.25	650532	935957.0625	837595.875	764772.8125	763454	606261	700988.625	793876.3125	1015796.75	732682.8125	699822.0625
P0AFH8	23591180	18665382	14225368	11801786	28561352	23343612	31593762	26524510	34173188	27132348	29929546	82794720	26708202	24085938	15964736	19835136	16360050	20588804	18973956	17249468	17068304	12144914	17235372	18018130
P0AFI0	201542.328125	220643.140625	74964.3515625	86784.984375	166028.53125	232886.84375	245637.4375	275403.40625	100858.1640625	229812.390625	231609.421875	156292	275705.4375	255520.796875	99297.5078125	92698.2109375	95821.2578125	106861.34375	110956.8359375	86005.1640625	83727.9140625	56378.39453125	61722.66015625	110340.03125
P0AFI2	588356.75	574752.0625	805881.5625	747844.375	593880.8125	551793.8125	593784.25	645485.25	679714.9375	614527.1875	578072.625	373858.84375	556302.125	616153.625	770271.5	734344.4375	755485.6875	805091.1875	715719.4375	775032.4375	716133.375	709572.1875	817069.0625	686699
P0AFI5	12921.0107421875	14968.1025390625	30049.26953125	34918.71875	11509.23046875	6254.353515625	16131.8095703125	13746.884765625	15439.6123046875	12332.900390625	11528.431640625	16325.6396484375	10264.5302734375	11332.7216796875	21860.869140625	18860.7421875	23129.07421875	15621.9228515625	22715.26171875	20878.408203125	22674.099609375	21023.94140625	18329.15234375	20342.9921875
P0AFI7	283261.34375	260010.09375	235388.703125	241042.375	193993.59375	264874.78125	194635.828125	169704.78125	177990.734375	184649.890625	267474.5	157520.5625	237847.375	177559.796875	241084.40625	235692.09375	279415.96875	193200.9375	265993.59375	211089.546875	272074.40625	260023.734375	205722.15625	257254.6875
P0AFI9	168147.21875	157107.078125	72891.296875	69730.515625	101537.28125	151311.5	166289.078125	156924.09375	113408.203125	133164.703125	156742.15625	161345.09375	144333.453125	114552.390625	48619.09765625	69647.9140625	51457.921875	51407.6640625	57733.390625	43157.12890625	70863.5234375	39594.7578125	62621.93359375	21962.2421875
P0AFJ1	492108.34375	483883	541003.5	372020.09375	531737.625	395908	292733.1875	369216.96875	738029.25	403972.53125	351687.5625	832975.125	414593.78125	308050.84375	521431.1875	487378.78125	422488.25	510723.15625	300531.78125	373801.40625	370502.90625	350808.28125	399343.78125	324651.625
P0AFJ5	91931.078125	103736.6875	95507.71875	103725.578125	119464.1953125	98985	145744.640625	141330.84375	132732.21875	106560.3359375	117034.0390625	204957.75	121192.359375	132668.375	110399.3515625	116526.71875	99918.2890625	128815.96875	115672.4765625	104766.28125	109433.15625	91873.84375	101098.8515625	106055.0859375
P0AFJ7	195332.734375	180655.734375	251571.765625	257847.890625	221767.875	197050.203125	200017.171875	201924.484375	243057.921875	186737.53125	187216.46875	131553.453125	177049.265625	207042.46875	260765.09375	228096.34375	201761.09375	259514.734375	194921.546875	235024.375	218517.03125	253154.1875	243407.625	212385.328125
P0AFK0	1392201	1359774.5	1465829.625	1444105.125	1420563.875	1388440.875	1558697.25	1524827.5	1543148.75	1538400.875	1431039.625	1765014.75	1354472.375	1578183.25	1393749.5	1445294.5	1409346.25	1758546.375	1482803.5	1528202.875	1367064.625	1344240.125	1566351.375	1425271.25
P0AFK2	28274.16015625	39512.359375	22141.203125	24288.681640625	29542.59765625	30786.283203125	43702.734375	24300.8984375	23277.703125	22794.423828125	42666.95703125	29439.232421875	36227.7421875	22598.921875	22587.51953125	23601.37109375	21533.087890625	10240.787109375	22781.6171875	9111.0087890625	29452.146484375	23510.740234375	10604.6572265625	27371.216796875
P0AFK4	16053.8935546875	28881.52734375	NA	33844.08203125	NA	9309.6806640625	NA	NA	NA	NA	NA	NA	NA	NA	17878.439453125	28382.04296875	32179.529296875	NA	22133.443359375	21129.591796875	42658.296875	19046.83984375	22296.0234375	12886.88671875
P0AFK6	184922.578125	105924.375	80893.625	120812.1171875	NA	115485.1484375	101550.6640625	35275.921875	32604.103515625	32616.25	131708.25	100753.1015625	163691	50813.44140625	102453.8671875	117094.7890625	113412.1328125	34858.796875	177143.28125	68653.59375	210529.046875	164703.40625	78870.328125	150175.4375
P0AFK9	4550949.5	4266833.5	4789162.5	4281084	5488425	4971696.5	4677079.5	6275764	8008500	5954739	4982046.5	10009396	5383523.5	6214203.5	5596106.5	4971262.5	4777886	6802866.5	4342856.5	5434272.5	4532013.5	5233002	6048414	4685305.5
P0AFL3	1203626.625	1112316.75	1120582.5	908229.625	1657641.5	1280083	1075544.25	1393743	2090047.5	1488801.75	1418292	2829673.25	1374378.125	1329102.625	1107486.875	1155756.375	1132997.125	1361669.5	1113057.25	1189658.875	1039132.9375	960519.5	1306973	1095170.125
P0AFL6	236347.578125	252467.28125	245922.34375	260748.59375	202681.171875	235231.109375	227922.75	206372.78125	164805.609375	191285.859375	232205.859375	181328.125	230295.46875	187929.546875	241577.203125	245063.140625	266699.3125	163941.046875	262199.90625	234668.90625	271063.6875	252054.28125	209718.59375	252044.15625
P0AFM2	3003326.75	3192873.5	2606065.5	2197860.75	3021714.5	2891831.25	4186017	4210141	4762264.5	3415975.25	3577517.75	6494344.5	3665376	3931103.75	3215663.75	2647316	2473600	3661122.25	2414623.25	2570834.5	2169377.75	1990024.375	3225667.5	2362402.25
P0AFM4	85194.1484375	84227.859375	62355.55078125	51763.36328125	58493.26953125	55595.77734375	24361.078125	28576.01171875	46410.21484375	23505.88671875	61229.80859375	110128.2734375	52530.70703125	52999.12890625	46816.71484375	57124.578125	39328.671875	46091.7421875	38698.8203125	46602.93359375	39665.71875	30687.208984375	36710.87109375	43725.4296875
P0AFM6	1155217.625	1133516.625	1059829.875	846679.5	1372734.875	1166797.25	1145160.75	1356038.125	2071967.75	1373057.5	1136660.75	2188879.75	1144600	1204862.125	1075835.125	1086512	1018119	1339164.125	932147.375	1103815.125	952478	927947.125	1247427.125	928653.75
P0AFM9	151083.625	147877.203125	133723.671875	112556.1875	142649.359375	127665.4453125	110591.6875	151171.234375	217254.640625	143447.546875	117097.8125	262255.84375	130409.65625	135876.390625	139401.046875	132462.8125	142105.78125	155975.859375	120555.0078125	134011.90625	123083.625	125153.9765625	143291.671875	120246.0078125
P0AFN2	220517.65625	169226.234375	167462.359375	245899.984375	125832.328125	70760.2890625	96915.78125	158568.984375	134697.609375	133194.671875	142940.859375	221535.59375	124459.8125	149319.0625	123613.984375	117903.875	93763.7578125	133795.78125	122287.828125	113529.515625	127528.0703125	135718.390625	106595.484375	166043.109375
P0AFP2	17857.81640625	15344.091796875	18354.728515625	13713.525390625	19368.115234375	9817.73046875	9606.234375	14332.20703125	15195.39453125	12697.7333984375	12498.0439453125	14950.19140625	7840.703125	9571.2197265625	14419.73828125	5070.9169921875	12114.4091796875	12332.5126953125	9673.06640625	14521.4697265625	12452.693359375	13144.2265625	10916.849609375	10301.658203125
P0AFP4	288814.71875	295132.625	283480.21875	315412.6875	329565.375	313380.1875	330282.1875	375770.46875	332915.6875	348954.25	372505.75	278157.46875	343368.0625	328963.53125	379721.15625	406970.03125	390546.8125	317968.78125	356192.84375	338609.5625	383496.4375	407351.03125	292375.4375	376392.5
P0AFP6	1357878.375	1552684	1510197.75	1474764.5	996773.9375	902977.3125	1207621	1279369.875	1252473.625	1117416.375	1050108.625	2405814	1154389.625	1193921.625	1477673.625	1413468.25	1433613.125	1369695.625	1272160.125	1502402.75	1373556.875	1350298.625	1450255.875	1368070.5
P0AFP9	29120.2578125	38869.14453125	32541.3828125	25014.095703125	37991.50390625	38109.74609375	35265.6328125	34778.80078125	48126.1640625	48433.56640625	29004.83203125	117290.90625	31557.017578125	33736.26953125	34731.8671875	25362.6953125	28813.21484375	21565.025390625	35019.0234375	28431.123046875	22097.65625	27593.2578125	19412.201171875	27640.130859375
P0AFQ7	141649.90625	132829.5	181886.359375	179120.0625	126120.421875	110977.6484375	104216.40625	122379.3671875	116812.8125	104984.0625	123950.6015625	135780.796875	113295.8359375	123426.6484375	163509.546875	171888.078125	187518.09375	182052.78125	181577.640625	191497.609375	155587.296875	171178.5	208234.390625	168961
P0AFR0	99535.3984375	98102.09375	74690.1796875	96063.0234375	75629.4921875	96360.9765625	93424.671875	88704.4453125	102362.328125	78306.46875	72013.1953125	88531.1875	86952.171875	70264.9453125	79986.09375	80648.3515625	63865.5859375	67646.3515625	74111.5234375	64189.3984375	82042.8046875	80721.625	73787.8984375	71515.3984375
P0AFR2	73176.265625	65423.7578125	31097.830078125	33430.40234375	82212.8515625	94782.0234375	32536.201171875	35669.0546875	54505.1015625	26977.88671875	59321.83984375	33452.37109375	48899.33203125	34360.12890625	35672.8046875	23687.37890625	27699.390625	19742.0234375	28084.849609375	16983.345703125	29234.318359375	32162.73046875	22158.98828125	21563.064453125
P0AFR4	1119846.625	1121605.875	985777.1875	1046508.9375	893476.5625	910986.4375	877499.4375	896522	924401.0625	830180.3125	965652.75	2120472.75	893389.0625	915260.1875	940962.875	985407.25	890650.3125	805337.4375	850881.3125	949891.9375	966309.8125	901356.6875	876361.625	970910
P0AFS3	91438.140625	95573.5546875	58842.4453125	68858.453125	74215.09375	100815	98085.6484375	83493.203125	62891.31640625	76175.9296875	79881.65625	101823.3125	84032.5703125	70303.15625	51462.4609375	59913.52734375	65274.40234375	43535.515625	58991.26171875	53454.3828125	65496.92578125	58014.80859375	58623.69921875	57772.3125
P0AFS5	9316.9794921875	919.879821777344	8540.2021484375	10799.6591796875	8035.61181640625	11065.1279296875	9798.5712890625	9382.69140625	9999.3828125	5787.4521484375	6686.39501953125	NA	6120.41015625	7007.22265625	11186.306640625	9297.6025390625	9216.0966796875	14552.228515625	9673.1103515625	10446.5419921875	7248.171875	9272.81640625	8299.296875	NA
P0AFT2	164504.75	165777.46875	212138.765625	195583.90625	121407.375	137934.953125	162566.140625	121904.59375	99936.9140625	114864.78125	140588.0625	86575.1796875	134404.515625	108445.25	189964.46875	171610.890625	153218.703125	149404.359375	163064.328125	151623.15625	186095.796875	172000.859375	156713.875	158964.171875
P0AFT5	514575.03125	518019.65625	135727.21875	173711.5	416623.8125	457995.53125	400598.21875	354434.71875	319255.59375	350388.90625	477062.46875	428500.71875	467997.90625	394959.25	132079.78125	131465.25	131943.453125	102708.234375	136511.046875	126590.0390625	149010.015625	165125.484375	119094.3515625	131658.0625
P0AFU0	30633.1796875	33530.01171875	35058.2421875	34196.6640625	29692.98046875	36456.1484375	42216.875	34274.91796875	28324.013671875	33499.82421875	34881.546875	28983.06640625	31914.4140625	34554.703125	27857.9375	31274.716796875	33299.27734375	25331.896484375	37850.7890625	28347.83984375	26445.83984375	32135.970703125	25824.255859375	32046.484375
P0AFU4	112039.203125	92235.84375	93873.0078125	94835.59375	102258.515625	116599.7734375	124685.6171875	80726.8046875	74520.734375	97671.6875	118651.859375	105221.2109375	111948.4375	91947.890625	98405.0234375	108214	107083.1171875	68506.3984375	113058.796875	93998.8984375	104112.140625	101667.1171875	74332.7734375	99880.3125
P0AFU8	1491717.5	1495109.875	1724956.375	1627420.125	1315825.625	1508642.625	1237669.25	1299207.625	1324044.625	1183789.875	1222596	2341900	1300353.625	1176371.5	1615938.625	1756490.5	1589906.125	1641251.5	1650600.875	1611237.625	1822220.25	1745928.75	1546603.875	1768740.375
P0AFV4	NA	293271.625	419531.4375	347275.875	351566.90625	391669.46875	400293.90625	262114.21875	517203.15625	243338.8125	165898.53125	592354.5625	235926.1875	324263.96875	290010.59375	305662.96875	258930.296875	461772.40625	338949.9375	244312.109375	258786.171875	283840.34375	346174.5625	306536.75
P0AFW0	86595.6796875	74018.7890625	59420.84765625	65601.8359375	47227.08203125	68482.1796875	73359.3828125	70971.4609375	68409.8125	67313.9765625	81355.2734375	142081.40625	73788.25	79594.2421875	50428.0625	63716.78515625	58170.6171875	66808.84375	73098.5078125	60744.62890625	69902.734375	60464.73828125	58905.7890625	58155.1796875
P0AFW2	911677.625	838557.75	236940.28125	178502.375	1191349.75	858100.3125	576165.75	1103814.125	1610146.375	1097058	778795.75	934149.5	795920	1112634.25	161907.546875	172867.6875	267950.4375	172815.5625	131080.671875	261441.9375	185596.75	200725.671875	169748.140625	146621.890625
P0AFW4	284283.90625	215025.78125	140480.796875	98946.9609375	361551.46875	317793.6875	233725.75	302069.78125	416886.84375	336706.875	280240.34375	495843.625	278406.28125	258529.046875	148892.21875	154051.234375	129205.828125	171073.9375	140252.453125	115855.015625	118984.0703125	115776.6796875	143791.75	137486.46875
P0AFW8	503117.71875	435362	395017.4375	333146	424438.1875	352832.65625	361297.53125	412682.875	548871.8125	419376.3125	468861.71875	1298790.75	427674.125	423808.125	337780.90625	350596.1875	316183.65625	379169.3125	309710.6875	368578.875	366551.96875	310566.25	319934.3125	317364.5
P0AFX0	1684019.375	1693710.25	1040821.1875	1093352.75	982464	1465483.125	1482213.625	1098073.125	929585.9375	1124592.875	1709743.375	2488128.75	1334640.375	919128.0625	848297.25	1287598.875	899906.6875	1077923.375	1175923.25	957661.375	1306591.875	921038.1875	758587.625	1188758.25
P0AFX4	566686.5625	620840.9375	234341.4375	311104.46875	479077.46875	483808.875	529964.75	462416.34375	390708.3125	551543.5	527838.4375	812630.0625	594758.3125	606393.9375	231573.8125	276419.3125	294680.4375	250450.21875	318476.625	283686.25	266665.65625	249046.703125	267395.875	295034.6875
P0AFX7	122487.1796875	139775.609375	169263.578125	148458.140625	149993.96875	118415.765625	159962.96875	172214.640625	215860.09375	158047.140625	137901.6875	226917.765625	138688.234375	151434.046875	137301.34375	133660.171875	134795.90625	189749.609375	122149.546875	147545.09375	116898.015625	113945.3046875	160624.203125	129986.3046875
P0AFX9	388029.8125	381408.28125	321641.125	352628.25	368843.21875	393638.34375	393506.53125	444989.40625	398081.375	431299	429621.40625	393301.5625	379510.53125	413010.71875	329498.0625	381479.6875	361178.1875	437172.03125	359634.6875	365584.15625	342668	369081.40625	344764.4375	348025.03125
P0AFY2	6002.2958984375	13395.5986328125	8056.1787109375	10418.3076171875	2727.48583984375	13068.375	15714.8330078125	28767.517578125	25146.408203125	29527.443359375	9796.0205078125	349.287780761719	4367.65771484375	928.590576171875	33385.94140625	8935.7275390625	9528.77734375	3573.75146484375	3020.80249023438	3894.96484375	5062.74951171875	4860.2109375	3550.39794921875	5040.84765625
P0AFY6	699078.5	694397.375	1373813.625	1393037.375	639979.4375	821309	908193.3125	890511.125	722090.3125	901608.0625	744683.9375	765663.0625	NA	821305.5	1337365.25	1368498.625	1319283.5	1456502.375	1417706	1347242.75	1205404.125	1227311.75	1388779.25	1398824.75
P0AFY8	924904.8125	863749.4375	968814.875	819296.5	1160620.25	1004551.1875	826486	998306.625	1501620.625	1036937.6875	1051911.625	2042130.875	882118.375	980805.375	909576.8125	890310.4375	917849.6875	1045090.4375	861836.4375	994943.6875	893710.5	877942.625	1025076	878880.75
P0AFZ1	113087.6953125	120484.671875	147273	119109.96875	144001.703125	98130.3515625	98536.46875	123588.3828125	186588.3125	117571.21875	118847.9375	254786.328125	109913.1484375	129823.3828125	114853.0234375	114857.7734375	114243.7109375	131431.03125	115950.8828125	115372.3515625	114801.640625	118593.203125	147383.5	120422.3359375
P0AFZ3	838801.875	709246.3125	913253.875	645024.75	1069536.625	799842	745428.75	881053.8125	1370592.875	860459.5625	865964.625	1945372.5	844180.25	881182.875	936614.8125	843826.6875	819609.5	960210	671399.4375	755383.75	698558.0625	729555.9375	941945.6875	707768.3125
P0AG00	579107.875	588649.375	683118.4375	662731.5	580628.625	556618.125	720388.5625	723155.0625	719544.5625	663631.4375	581207.6875	385880.59375	621010.8125	684109.25	624850.1875	610547.4375	657590	783578.4375	575413.125	661449.125	571270.5625	591932.8125	728277.1875	576953.25
P0AG03	76240.6484375	86266.109375	70246.4140625	80219.4453125	58675.67578125	70723.9375	74106.96875	56010.9921875	47467.81640625	53721.88671875	74293.609375	52346.78125	72187.1640625	57352.04296875	67771.375	65274.1796875	72335.0546875	52898.63671875	78318.21875	68599.15625	77617.6328125	69352.40625	63518.0234375	72974.328125
P0AG07	1457353.375	1261361.125	1375643.25	1170666.75	1264417	1159532.5	1153900.375	1345255.625	1857875.375	1350305.25	1307836.25	2572116.5	1327970.125	1387431.5	1405712.375	1241770.375	1274265.625	1545824.125	1228289.375	1345949.375	1300134.25	1326604.875	1510495.375	1262296
P0AG14	289331.90625	283850.84375	306493.28125	311343.09375	238275.109375	235078.3125	267626.4375	271017.8125	261728.078125	270987.53125	232582.765625	176523.625	260179.265625	257505.984375	279434.03125	267580.15625	289088.375	268649.90625	274603.625	281923.25	283368.5	291332	312814.90625	277476.3125
P0AG16	1609243.875	1608582.5	2578446	2564003.75	1718698.375	1714833	1916678.625	1832574.5	1549763.75	1787806.125	1810378.5	1424673.75	1932116.125	1909119.625	2788151	2574215.75	2597483	2687457.5	2612406.75	2599683.75	2505944.25	2579428.75	2739631.25	2529824.25
P0AG18	1582512.375	1703057.625	1666738.5	2016041.75	1473540.375	1545805.75	1791181.625	1690071.75	1509893.125	1504444	1767421.625	2340884	1776612.625	1761726.875	1855909.125	1969497.625	1882031.375	2267770	1805199.375	1874583	2000128	2014530	1815621.5	1976422.25
P0AG20	630387	646694.9375	449640.75	485299.375	494897.125	580351.1875	507620.875	419655.84375	399217.5625	469501.15625	538030.5	401482.40625	541315.1875	439542.71875	448057.59375	431050.15625	454401.4375	322772.96875	457462.40625	441350.46875	505837.5625	466729.46875	398057.21875	443344.625
P0AG24	364795.03125	373185.59375	382551.46875	403423.8125	336181.0625	385420.40625	405515.34375	339218.46875	278055.4375	319794.96875	348093.3125	325161.78125	349781.25	332928.90625	361203.6875	341434.46875	354811.40625	290871.03125	393656.78125	367833.8125	364979.59375	364650.9375	344876.875	373548.5
P0AG27	1908134.625	1731116.375	1992716.5	1802501.75	1980895.5	1487608.875	1608817.375	2226152	3334920.5	2126654.5	1554700.375	2690867.5	1779750.5	2236146.75	2203571	2015420.5	1936586.375	2813714.25	1713323.25	2092807.5	1731106.875	1862828.5	2384286	1845010.25
P0AG30	5643233.5	5646296.5	6545453.5	6547993.5	6461561	6665481.5	5763264.5	6304251.5	6120772.5	6547045.5	5863013	4692084.5	6084739	6347491.5	6247593	6258799	6542011.5	7247393	6426948	6464806.5	6359568.5	6461536.5	6638551.5	6493139
P0AG40	264700.96875	254723.125	213278.21875	233766.25	216247.046875	242268.1875	232479	180928.671875	170580.984375	181375.890625	265648.125	214101.453125	232951.65625	187468.90625	222496.78125	216898.28125	225702	150458.15625	228484.359375	179035.3125	246305.203125	247598.84375	198864.609375	248142.25
P0AG44	16831712	12976018	24070702	20711034	24190922	22021390	17642108	22019424	29432828	21939782	19974872	28899710	19505474	20433920	28233688	27600020	26072134	32807248	25905816	25561056	23970614	24791882	28263806	24868482
P0AG48	6097314	5800320.5	6840104.5	7221852.5	6148518.5	7495701	6118096	5799368	5976271	6245252.5	7044805	6418261	6024483.5	5358252.5	7848832	8304859	7781627.5	8443309	8924755	7502617.5	8262596	7886799	8431835	8804659
P0AG51	5809374.5	5727336	7421922.5	7749044.5	5972603.5	5598067	5305124	5600069.5	4867210.5	5159086.5	6143445	9757265	6137345	5534221.5	7592611.5	8469513	8309412.5	7853757.5	8511146	7053990.5	7797466.5	7702136	7205680.5	7240166
P0AG55	15699889	15092734	19973780	20835904	20447970	19189712	16704296	18022572	22004852	18098044	17712116	20562460	16425580	18067324	21400366	21731534	20829408	28887908	21823344	21193910	20092888	20811756	23279714	22171158
P0AG59	1114193.125	1133814.375	2975680.5	2222254.25	2192975.75	1455351.625	1310817.25	2775029.5	4516206.5	2632511	1243581.375	2474548.75	1107237	2138922.25	2717009.75	2423958.5	2971383.25	4511665	2289597.25	3069596.75	1267797.125	1373006.25	3688720.25	1715818.875
P0AG63	8091459.5	8362243.5	6360830.5	8655165	2376663	2262751.25	3369561.75	2110265.5	2173974	2075240.75	2999354.25	7881581.5	3355551.25	3030708	5396418	5475785.5	5535036	4401824	5851631.5	4938831	6145605.5	5188709	3895632.5	5579139.5
P0AG67	12918394	12421308	17429106	17709508	15607231	15173996	13656091	14980096	15891333	14791837	14533431	15225059	13864761	14893682	18949856	18065568	18952452	22615692	18258890	17734290	17253526	17991540	19255150	18304332
P0AG71	165111.890625	154467.15625	108712.1953125	111012.125	164445.625	138519.8125	194405.125	175558.859375	205270.3125	181707.171875	153937.625	145310.1875	144577.625	182548.609375	93563.8203125	115097.578125	99437.7265625	123787.6953125	94477.125	117446.9765625	112604.921875	100951.359375	122713.4765625	94700.6171875
P0AG76	39587.9765625	38087.703125	27280.791015625	24126.12109375	25532.490234375	34432.14453125	30817.0703125	22071.083984375	27065.25390625	21621.97265625	31984.609375	30399.623046875	31034.232421875	28352.025390625	25244.259765625	26198.8515625	26796.603515625	19590.0234375	22482.025390625	24390.939453125	27270.767578125	22834.845703125	23834.375	25923.8828125
P0AG78	736289.1875	699740.375	1923444.375	1379511.875	958667	770462.1875	698634.0625	944002.625	1278677.625	803660.375	811200.375	2501683.75	674263.8125	845606.9375	1786540.375	1724325.125	1360040.875	1996847.5	1139981.125	1505587.75	1383161.5	1700322.125	1509667.125	1379090.375
P0AG80	235644.46875	233114.921875	79221.046875	90300.34375	276228.71875	218015.375	347977.59375	300412.21875	346918.375	296896.5625	252947.03125	492287.375	256978.65625	297731.125	82154.8359375	96622.3828125	89899.4921875	117030.6328125	110587.0546875	116468.3984375	93601.5390625	67334.75	124719.8203125	95712.9765625
P0AG82	560790.6875	557115.6875	406961.1875	401221.25	584945.4375	541665.5	760319.4375	642373.875	725591.625	571299.4375	685510.125	1502729.875	629502.5625	662499.1875	430339.34375	433896.9375	412266.59375	498539.28125	450878.78125	449620.46875	411278.375	408574.59375	449618.90625	430282.28125
P0AG84	1084654.5	1146889.75	706692.8125	775239.5	1005437.75	942471.875	1704049	1221726.25	1035846.4375	1060941.75	1135511.5	1541440.625	1052490.375	1147652.75	772235	791003.25	634079.0625	844614.8125	637737.25	842455.375	757175.125	675907.6875	763321.8125	692725.125
P0AG86	2794374.5	2643506.5	3310530.75	2713164.25	3014495	2964949	2680180.25	2929455.75	3352844	3239881	3212402.5	5041095	2602963	3137254.25	2797531.25	2752847.25	2752082.5	3219257	2803329.75	3037607.75	2608884.5	2662483.5	2729694.5	2397238.5
P0AG90	892045.125	875271.125	931101.5	942257.375	1026755.6875	947832.5	951876.625	1020995.1875	1054564.625	1002004.1875	935892.875	674634.5625	923676.625	1005565.25	882503.0625	877434	873106.875	1034294	891614.4375	908992.375	854708.6875	872530.625	971331.125	875802.5
P0AG93	177797.78125	187015.484375	186677.5	181947.296875	164770.265625	171326.65625	191039.5625	190091.875	222186.296875	186430.859375	178305.390625	128731.578125	174895.953125	185631.84375	172477.765625	157258.546875	165400.765625	212113.5625	161855.703125	183097.265625	176207.796875	163885.203125	174385.4375	177127.546875
P0AG96	42435.34765625	42205.6796875	18675.541015625	28171.294921875	38371.328125	34428.609375	30379.0234375	25133.90625	15270.1669921875	16696.025390625	31454.5390625	31597.416015625	40205.0390625	23677.677734375	28999.001953125	32334.537109375	31187.49609375	26546.865234375	29984.48828125	17588.361328125	34587.89453125	35452.078125	18919.537109375	25771.1015625
P0AG99	1511400.75	1493299.125	1778865.875	1357027.5	1604225.25	1387600.5	1331001.25	1698622.75	2098395.75	1710819.625	1570344.625	3309749.5	1653044.75	1528089.125	1672857	1590552.75	1653679.875	2061421.25	1544572.25	1589432.375	1505522.875	1649217.625	1892197	1614997.875
P0AGA2	484168.09375	485027.125	436049.625	479025.0625	433151.125	593165.3125	507870.375	422725.59375	379546.09375	413473.875	567904.4375	468471.9375	496337.34375	399618.15625	498073.71875	535973.6875	506117.0625	376696.34375	538061.75	415443	544885.75	554532.5625	437718.9375	495577.28125
P0AGA6	191208.515625	213798.421875	144898.859375	148760.953125	229616.484375	208923.96875	195031.234375	215283.59375	184057.09375	232485.140625	231408.65625	364681	209968.875	218507.328125	150149.546875	165122.578125	166211.296875	155122	161418.53125	196273.53125	162224.46875	152029.0625	192823.921875	175657.28125
P0AGB0	251983.15625	214429.234375	257141.34375	298382.53125	204964.609375	265831.4375	250638.0625	205871.09375	179459.8125	196323.84375	240854.84375	230712.421875	223797.03125	180690.28125	279649.21875	297943.15625	295369.375	225796.171875	338996.90625	248509.359375	310039.78125	291683.3125	270840.25	301764.75
P0AGB6	424214.59375	377595.625	407640.53125	392854.875	430165.03125	377482.53125	409395.8125	369376.1875	341098.96875	357098.8125	409423.625	598891.6875	397199.15625	375915.21875	392220.0625	383897.59375	394717.4375	384492.125	371130.0625	376883.5	396961.46875	387654.25	378941.40625	389170.21875
P0AGC3	352215.75	354587.3125	299912.84375	282480.4375	412762.71875	361366.125	442111.03125	441789.78125	498392.34375	438726.875	369533.625	418630.6875	351299.34375	420870.5	265316.8125	271377.25	273659.6875	343937.5	263673.34375	311085.96875	258430.375	253734.953125	304863.71875	266769.34375
P0AGC7	44304.18359375	48822.71484375	46833.6953125	29729.447265625	41291.2890625	40199.92578125	35858.4453125	43402.703125	67690.8671875	35051.3203125	31707.158203125	65818.6015625	36829.2734375	45192.93359375	29104.544921875	32757.984375	31645.076171875	39056.296875	25594.845703125	30819.2890625	32222.611328125	31335.0703125	33731.5546875	28098.822265625
P0AGD1	1409323.125	1339572.75	789807.625	625360.1875	1359526.25	1023100.125	1612544	1394298.5	2143395.75	1258794.25	1324961.5	3382081.25	1280418.625	1174739.25	877338.5625	986369.125	690180.1875	921150.0625	662545.5625	729782	758665.25	623661.9375	718434.9375	730976
P0AGD3	9595079	8618508	7239169.5	7230751	10234430	10387748	4338318	6520611.5	9934768	7949956	8116466	7625642.5	8014138	8355075	6817188.5	8091377.5	7732217	8913060	6099823.5	6710447.5	5179220.5	6398118	10038885	4740792
P0AGD7	673285.6875	694466.3125	898896	866220.5625	763189.1875	702459.6875	740257.8125	782745.1875	805569.5625	839127.3125	683987.875	664187.125	712957.9375	783336	848877.125	799532.125	828703.3125	914048.0625	806826.875	893447.875	776603.5	814570.875	910419.5	835716
P0AGE0	3531666.5	3202889.25	2348649.5	2404092.5	3298441.25	3835967.5	3435813.25	3070406.5	2735334.75	3119263.25	4113540	9683489	3053220	2436275.5	2118662.25	2576123.75	2208981.75	2119425.75	2602935.25	2284686.5	2530232.25	2135916.25	2051593.625	2572445.75
P0AGE4	280703.71875	275067.84375	132376.5	151843.375	147386.28125	227351.3125	175020.234375	123854.6953125	110674.3046875	115047.75	265119.84375	117965.3359375	174667.671875	108929.1875	167418.796875	165835.625	153736.53125	131221.734375	145060.390625	101693.2109375	179078.640625	181460.90625	99016.234375	150664.546875
P0AGE6	207808.40625	202910.53125	114810.6328125	123771.25	146700.390625	171372.84375	202628.140625	163952.375	149166.0625	159367.15625	213421.625	314002.40625	195211.28125	159990.109375	107746.4296875	122208.6015625	114331.4609375	103202.4921875	128087.75	119198.8984375	133753.015625	120618.7421875	101837.3125	116184.046875
P0AGE9	26437080	26252472	5040251.5	5742566.5	21257910	24146416	24157166	22702704	20384934	23828300	22773706	23009124	27466852	25255680	4856998.5	4950016	6432754.5	5041273	7290828.5	6025336.5	5949269	4693813.5	6911785.5	5583637.5
P0AGF2	189260.328125	179571.21875	202651.125	168271.4375	224864.375	182191.921875	164711.09375	198236.140625	203276.515625	192614.1875	166610.3125	418417.03125	155996.671875	168514.1875	213596.546875	239546.140625	181899.765625	242105.078125	181769.875	194879.390625	191498.890625	201327.515625	196250.671875	186903.03125
P0AGF6	39357.140625	NA	14709.9384765625	NA	73283.921875	63822.8671875	98902.234375	121124.8125	134732.65625	54928.8359375	74699.6875	135173.375	95020.7421875	83731.71875	10757.4755859375	104435.359375	NA	116391.1171875	55774.12109375	37723.73046875	NA	NA	61215.5	71514.515625
P0AGG0	177680.296875	177997.15625	223943.21875	159202.84375	209534.40625	197886.640625	185736.59375	195231.546875	222771.09375	215526.515625	190812.75	270398.375	180092.890625	192023.875	191469.890625	167181.5	186042.34375	177402.578125	164158.75	191259.625	168936.40625	173398.3125	203794.765625	148834.0625
P0AGG2	689110.9375	685387.9375	532563.5	485344.8125	908006.9375	743565.4375	764855.5	723034.125	786000.625	743748.625	785379.25	1308326	674304.0625	794399.875	463269.71875	521149.53125	510366.8125	485058.75	481229.40625	510548.15625	501754.375	514331.125	512951.1875	502428.84375
P0AGG4	180163.703125	135317	144102.703125	121095.3515625	197712.71875	174321.34375	186967.0625	203406.34375	299641.59375	187214.984375	190657.921875	387974.875	202866.953125	188199.515625	153185.21875	157555.203125	147139.703125	203538.65625	166021.40625	130238.890625	136323.46875	123415.3046875	178536.46875	141749.046875
P0AGG8	497174.5	512783.5	689199.3125	635392.125	562889.3125	544514.4375	522004	570273.6875	603649.6875	538047.3125	521279.4375	716840.4375	484944.25	543635.625	603540.5625	627765.5625	636592.6875	695761.0625	579204.9375	653597	582805.25	606244.625	661514.3125	602010.1875
P0AGH1	143369.296875	118826.3984375	77825.453125	67579.5703125	117087.125	160862.171875	75015.4609375	74679.3046875	55314.4609375	75009.546875	144714.40625	110134.71875	93505.6875	79478.2421875	44214.5859375	54527.79296875	75726.34375	44236.99609375	56237.44921875	42998.4921875	55327.09375	68973.8515625	69865.4296875	65575.078125
P0AGH5	12807.6142578125	NA	32227.30078125	36088.46484375	35532.5078125	29261.169921875	NA	18326.177734375	34310.43359375	NA	35699.9140625	16412.927734375	NA	36987	30958.22265625	32163.986328125	22762.134765625	37851.1796875	34933.42578125	38740.34765625	31568.6953125	26621.837890625	30373.125	31274.939453125
P0AGH8	19272.14453125	11413.6396484375	6973.349609375	10873.392578125	NA	14160.3154296875	17695.3984375	NA	NA	NA	20049.54296875	27183.12890625	4757.01806640625	NA	3233.46069335938	7865.8564453125	4182.955078125	4760.388671875	8820.94140625	NA	14087.544921875	8103.27294921875	NA	9096.9677734375
P0AGI1	142636.625	125525.765625	NA	NA	98114.2265625	135410	126297.8828125	81056.3046875	64677.79296875	83998.9453125	175714.109375	143937.796875	133551.546875	89190.3671875	36417.51171875	41438.78125	48624.50390625	NA	45863.1015625	NA	52461.05078125	45394.71875	NA	NA
P0AGI8	87820.1796875	86687.890625	71503.4140625	78326.9453125	73954.84375	104998.796875	94565.4765625	89397.59375	62044.94921875	81645.828125	91392.390625	71567.3203125	89521.734375	78004.1640625	73117.46875	74346.65625	69990.9453125	57962.078125	76039.125	70507.5078125	80561.640625	77885.3515625	62908.4453125	76878.3046875
P0AGJ2	248937.578125	254006.5625	327434.53125	316970.125	194903.859375	210311.90625	213447.78125	209358.8125	237138.9375	221632.53125	195868.578125	227970.515625	227330.109375	218614.84375	327765.6875	319949.75	305762.6875	286724.71875	311963.3125	323042.375	309961.5	313520.3125	305336.59375	285993.71875
P0AGJ5	1014626.4375	1013897.5625	1143730.5	1075347.625	1081063.375	1042571.9375	962289.1875	1102554.75	1260113	1112333	1020989.375	1535209.125	954961.125	1067100.375	1091950.25	1080726.875	1117002.5	1237553.875	1079017.75	1227129.25	1086145.875	1040339.9375	1164957	1087291.125
P0AGJ7	154324.9375	150128.65625	162236.84375	157087.140625	161184.828125	159250.9375	162332.34375	160212.578125	171333.90625	161688	145893.171875	268522.40625	164202.640625	149563	165247.1875	168036.9375	173471.796875	185280.59375	156957.015625	172362.421875	163696.75	151571.03125	169478.40625	153166.921875
P0AGJ9	1155711.5	1090548.25	1387886.625	1451354.875	1284179.5	1145612.25	1047682.25	1137316.5	1283298.5	1222756.625	1133599.875	977765.75	1125443.375	1197923.875	1440344.75	1306506.375	1419717.875	1406980.625	1404993.875	1460897.375	1408027.5	1426295.5	1381764.5	1389883.125
P0AGK4	499603.25	527137.3125	427101.6875	580227.8125	385832.5	471353.78125	358508.84375	410037.125	483802.28125	379258.625	414764.03125	504489.1875	498400.375	342616.125	442753.53125	458113.34375	541691.125	437222.5625	401974.59375	285920.96875	543043.375	574847.5625	437103.75	465625.3125
P0AGK8	83202.9765625	70565.375	98791.0078125	96415.3046875	80421.578125	36872.84375	210751.984375	115175.515625	111888.421875	66369.25	135932.75	314812.84375	108794.5625	97576.25	139205.921875	155331.8125	111158.1484375	163894.09375	176340.46875	157701.515625	142960.75	101745.71875	153778.203125	141368.1875
P0AGL2	8919.21875	9712.853515625	NA	4283.07373046875	7684.9697265625	10066.2939453125	9211.828125	5867.40380859375	4610.12890625	6035.115234375	8136.0654296875	17590.95703125	9064.759765625	NA	NA	NA	NA	NA	NA	NA	NA	NA	NA	3947.71801757813
P0AGL5	18883.310546875	21716.91015625	15932.83203125	24480.080078125	12222.4033203125	18073.466796875	22727.13671875	12889.8759765625	24375.8046875	10941.7607421875	11754.609375	27720.583984375	11387.8681640625	10123.0263671875	13592.7578125	20166.265625	19117.6875	14349.509765625	22795.021484375	13764.8408203125	26525.072265625	12588.4755859375	18267.6796875	18487.353515625
P0AGL7	63282.046875	60248.89453125	65708.96875	64899.9453125	46460.73828125	59850.3671875	51999.7421875	47548.3515625	42774.765625	57416.37109375	61057.9453125	64750.546875	64720.703125	49784.8046875	78403.5390625	84199.203125	73777.828125	73313.9765625	84445.84375	67882.390625	79340.078125	83601.0234375	71289.3828125	75193.84375
P0AGM5	NA	NA	21963.166015625	21246.6796875	10003.00390625	NA	16112.0341796875	NA	19907.982421875	NA	NA	16922.244140625	NA	NA	30243.2109375	34121.921875	27205.5703125	36720.36328125	27897.962890625	16480.3671875	22324.77734375	27208.1328125	28347.474609375	18261.0859375
P0AGM7	80393.984375	84253.4140625	105998.15625	91788.1484375	65833.59375	61984	76719.2265625	59540.44140625	27944.541015625	61638.05078125	50933.94140625	33929.6015625	65855.9140625	64348.75	105888.1640625	91905.40625	104412.5234375	67793.4140625	79503.3984375	62959.625	75326.5	91467.3359375	79327.4375	76100.8671875
P0AGM9	20070.0625	18499.447265625	48093.39453125	61927.5546875	76909.2578125	42568.01171875	62309.24609375	52846.6015625	23685.099609375	40490.6796875	46077.80078125	30168.5859375	41003.40625	39956.8671875	67651.7734375	55829.078125	49705.92578125	69185.7890625	45791.80859375	75062.8515625	48801.46484375	63447.59765625	56764.421875	52003.94921875
P0C018	7641337.5	6764155	10694733	9858664	10474336	8418100	7031466	9672657	13085907	9648843	8415076	13372297	8354968.5	8768430	11645703	10959598	11891000	14232987	10243255	11308192	10296160	10476380	12870764	10994708
P0C037	593928.3125	526347.875	664737.875	521931.09375	686760.1875	766720.0625	772372.625	779136	787537.5	761056.125	831371.125	2132519.5	705380.0625	639831.125	712020.25	833321.5	715085.0625	764832.125	729383.8125	640502.375	673422.125	582065.25	651549.6875	676206.5
P0C054	708826.6875	584822.5	496473.53125	544362.625	702873.5	787451.125	628522.125	561845.6875	464490.59375	621205.1875	736854.625	1294987.5	646143	514765.59375	466311.9375	595182.9375	503712.53125	470486.78125	553217.1875	537334.3125	593367.5625	556918.3125	492831.8125	655284.875
P0C066	100954.7578125	116388.3671875	142764.46875	129688.25	125571.7109375	109645.9140625	119170.9453125	127239.875	149132.03125	128923.6796875	118102.5625	178804.203125	119957.8046875	124850.4140625	135196.015625	133927.40625	123556.5625	160282.546875	128872.5703125	138596.734375	122499.2578125	124858.0390625	149025.15625	126657.328125
P0C077	256748.8125	230970.09375	176999.03125	199997.4375	290898.53125	218851.765625	215387.890625	218786.390625	169352.640625	220660.203125	276450.4375	269517.15625	219658.453125	221011.703125	135539.40625	185666.546875	160490.4375	150448.78125	188751.765625	162894.859375	167983.109375	174881.515625	138239.703125	191767.90625
P0C079	226184.578125	200446.5	189620.921875	154865.953125	274859.46875	236817.875	189954.9375	213298.359375	377449.71875	202571.75	224316.5625	503539.625	204880.171875	178766.84375	171179.25	174198.140625	157720.78125	196930.96875	168395.859375	182226.875	169248.328125	142258.234375	176777.25	171112.921875
P0C093	235498.453125	251716.5	156417.546875	186318.765625	148466.015625	218184.40625	194752.796875	141533.578125	109186.921875	145317.3125	230757.375	355717.8125	202991.765625	160035.09375	127625.6015625	150088.28125	181256.28125	110541.875	189501.171875	167606.15625	200554.578125	180013.8125	115958.578125	194395.828125
P0C0K3	102161.7890625	113210.7265625	104899.421875	103971.1796875	79710.28125	99242.9921875	106704.6484375	80667.6953125	69088.78125	85717.5546875	102935.5	117041.515625	96033.046875	82977.671875	88351.109375	90572.0625	97701.6015625	79254.2421875	89699.671875	92483.6796875	104769.421875	102721.1640625	87602.7109375	89669.9296875
P0C0L2	5414299	4692296	2991008.75	3069637.25	5139158.5	5438245.5	7833841.5	6081835	5358735	5009246.5	5768835	18484860	5305990.5	5476155	3629241.75	4026426	2965965.25	4472862	3113647.25	3642571.75	3506206	3219423	3138220.25	3611678.25
P0C0L7	276205.5625	311396.5625	881765.9375	976361.375	156670.21875	261124.5	278560.03125	193538.3125	186895.125	191302.828125	257730.015625	213569.171875	246314.75	200229	803182.5	801450.6875	830680.9375	578053.375	1053221.125	782241.875	1039963.625	869710.0625	789733.25	852776.1875
P0C0L9	120013.53125	131828.84375	188836.375	287550.09375	175101.734375	130195.9140625	158340.625	136918.234375	276316.0625	189662.890625	165476.546875	182732.6875	151524.4375	150736.390625	114614.1015625	119347.9765625	144142.296875	136129.59375	126471.6875	190351.21875	171049.140625	135588.5625	196621.578125	123208.3359375
P0C0R7	203033.328125	213860.828125	187009.203125	201064.609375	209181.0625	229492.109375	189472.90625	171108.125	230481.59375	177733.453125	197283.03125	386598.5	171382.359375	176849.109375	188521.921875	188511.421875	184816.796875	177658.03125	201829.421875	183789.921875	205668.578125	196752.71875	170717.046875	226195.984375
P0C0S1	3171465.25	2900109	1957925	2706082.5	2253068	2957612.5	3167148.25	1616099.125	1459282.375	1858991.375	3764170	3511696.25	2459615.5	1725110	2040081.75	2791409.25	2612195	1628546.75	3457956	2296969.5	3495463.5	3232673.5	1757855.375	3372011.5
P0C0U4	10024.064453125	11580.6376953125	9593.302734375	8666.126953125	5850.06689453125	11608.87890625	13795.3701171875	13716.4775390625	10090.759765625	9000.3544921875	9777.4052734375	7542.20361328125	11977.1259765625	8545.0048828125	5707.67041015625	8468.52734375	8383.9541015625	5953.7265625	9048.140625	15094.3359375	11708.0048828125	11883.8017578125	8043.53076171875	13496.9248046875
P0C0V0	1361125.625	1343808.125	1628564.5	1458175.25	1586428.375	1500390.75	1758487.875	1948190.875	1909457	1787790.875	1673799	3234652.75	1806514.5	1817776.5	1809100.25	1759758.5	1671385.125	2203117.5	1559495.375	1841098	1676102	1711632.625	1857591.125	1755802.25
P0C8J6	25949396	24583756	7613307	5748701	25167550	24166060	19594330	23474356	28698046	24121470	21333152	26924618	21733128	23010356	6179164	4807209.5	5307767.5	5255825.5	3957886.75	5679236.5	5077540.5	6437182	5963373.5	4602195.5
P0C8J8	12281368	13059461	2462802	2478762.5	9254358	11949309	7082011.5	7916544	7941286.5	7819368	9204674	6043669.5	10880771	8252624	2041597.125	1785997.75	2371688.5	1446120.5	2214532.25	1758920.75	2125581.25	2548481.5	1987327.625	2236333.25
P0C8K0	22579.26953125	18136.796875	45773.6953125	12214.0498046875	14825.818359375	17214.2890625	13674.4501953125	13307.8125	NA	9747.7880859375	14493.5439453125	16628.0859375	19455.3984375	NA	5045.40869140625	8297.8115234375	NA	9013.7724609375	10511.896484375	NA	8078.50927734375	NA	38831.4296875	15940.7099609375
P0C960	142524.171875	121119.0625	164361.3125	135681.703125	182061.71875	147829.15625	129545.1640625	160622.90625	271775.28125	169236.609375	147762.171875	274431.40625	140050.203125	151960.0625	153156.234375	150300.3125	159058.140625	188477.5	135460.734375	169412.75	142447.546875	146023.203125	177836.421875	142012.71875
P0CB39	171685.65625	184473.484375	232472.46875	254755.140625	184042.796875	174174.359375	180320.484375	209254.25	198961.40625	189835.140625	173362.65625	102245.0390625	188747.21875	208999.875	215111.34375	197033.140625	241837.40625	213579.875	230446.03125	238332.0625	217513	209168.3125	244284.46875	209715.03125
P0CE47	101152600	99911800	119415936	115492520	117868880	93884088	100314520	127936440	120316440	126417936	100131696	122807312	110384456	136403520	122156640	121178696	116542784	166523840	120608648	130601928	113794408	115482304	135700976	124759648
P0CF40;P0CF41;P0CF42;P0CF43;P0CF44;P0CF45	NA	NA	123066.484375	154426.171875	105510.671875	110114.5078125	229652.921875	98218.7890625	97535.140625	93875.59375	94944.234375	148070.9375	67039.7734375	102581.375	116511.0859375	101132.359375	102814.0390625	140776.375	98048.875	115612.1796875	121195.84375	102534.984375	141959.25	90300.5390625
P0CF66;P0CF67;P0CF68;P0CF69;P0CF70	13664.2236328125	5461.9951171875	10861.1162109375	6145.45458984375	11740.244140625	6769.4619140625	6382.8173828125	11292.2802734375	13956.52734375	12948.626953125	6937.1416015625	10133.8798828125	14727.765625	7583.890625	9312.521484375	13857.7353515625	9155.0009765625	15655.85546875	10126.3115234375	8739.9208984375	3026.20092773438	2582.33251953125	10294.1298828125	4590.37255859375
P0CF91;P0CF92;P0CF93	59394.6171875	77969.625	70617.78125	87473.53125	61901.96875	59164.9765625	79994.7890625	80001.1953125	74894.671875	53387.96484375	53678.2421875	38586.71484375	51359.58984375	60484.828125	76205.7578125	65145.58984375	65848.375	71546.03125	58478.38671875	58650.6328125	75636.140625	82717	68513.6015625	65973.1875
P0CG19	91014.75	68888.203125	88753.4765625	147211.453125	60359.171875	79405.984375	87957.6796875	88783.546875	137214.078125	98884.109375	50781.1015625	129611.4375	63074.03515625	117356.625	83933.5859375	89627.9609375	106135.0859375	140557.078125	115741.109375	109799.5234375	97308.7109375	93149.109375	122182.0625	102226.6875
P0CK95	82091.0234375	73975.9375	126279.9921875	118329.390625	84029.0234375	68799.4453125	58395.30078125	77122.7421875	84696.6328125	82319.5625	64730	48459.5703125	77666.5625	77387.15625	108519.703125	108625.421875	107379.0859375	130718.5	106569	124488.0625	112580.0859375	109247.0390625	134612.375	115001.6171875
P0DM85	20886.5625	32420.107421875	20581.765625	16155.533203125	9787.947265625	37024.6328125	13113.337890625	27128.517578125	22381.466796875	16943.912109375	18988.09765625	25327.080078125	21322.31640625	30034.447265625	12821.005859375	15496.3720703125	12240.197265625	18539.0625	10197.2041015625	16847.451171875	9665.48046875	9358.2431640625	15929.6748046875	10621.3798828125
P0DMC5	133235.15625	161813.78125	162232.671875	175373.859375	125506.1640625	129702.796875	145029.15625	114754.4921875	105649.03125	117858.9453125	128287.6640625	95136.109375	127083.8984375	109676.9609375	140215.875	146522.921875	156962.640625	113700.390625	160880.140625	147358.359375	162901.015625	155307.625	133938.46875	148592.640625
P0DMC7	777948.375	764915.3125	733714.4375	778864.3125	522710.03125	666052.125	585276.1875	565568.4375	453226.90625	536300.9375	633696.25	745413.75	636696.375	536723.5	707822.5625	693822.6875	773479.875	633355.6875	748425.6875	671422.5	779044.75	777798.6875	712340.9375	716859.8125
P0DP89	210010.6875	246527.453125	207080.28125	191255.515625	115608.3125	137362.109375	289192.21875	182846.578125	126267.3984375	176924.40625	215846.953125	201551.1875	223364	174492.734375	106196.1328125	99771.4296875	121994.5703125	108136.484375	81500.8828125	145036.59375	129730.09375	157487.3125	119238.8828125	108215.9296875
P0DPO3	32045.453125	19555.654296875	31240.052734375	17837.484375	16577.14453125	30888.791015625	34006.83984375	22723.484375	16205.146484375	24402.22265625	25049.23828125	110822.296875	39944.73828125	16317.8388671875	16144.5537109375	16481.59375	13147.8486328125	40060.48828125	20225.201171875	24423.859375	32588.41015625	25977.447265625	21077.515625	15300.1171875
P0DTT0	2124206.75	1969290.625	2642240.75	3365453	1842626.75	2168531	1757984.75	1502338.75	1273319.125	1517302.5	2148186.25	2058290.375	2133243.25	1584707.375	2990030.25	3237661.75	3289930.75	2262469	3641826.75	2456952	3526127.75	3512543	2595238	3580919.5
P10100	243238.75	198552.015625	270603.1875	197109.53125	343688.125	272776.46875	225328.875	308542.4375	457081.34375	286741.9375	287374.34375	630318.5625	269734.46875	287460.5	288427.625	274530.875	262381.28125	326063.875	232745.421875	281798.9375	240116.921875	245658.9375	293745.03125	257049.46875
P10121	1255607.375	1163648.75	1146334.625	1180020.875	1189596.25	1235680.75	1135603.625	1056919.625	1102549.75	1115068	1242127.125	1733436.375	1195785.125	1157495.5	1113266.625	1206880	1152534.25	1099025	1150915.75	1115404	1145447.875	1147052.875	1132949.25	1095865.25
P10346	516815.4375	659700.8125	519048.09375	581566.25	573325.6875	559942.1875	638681.4375	565139	526659.8125	589885.8125	567989.1875	418734.75	529467	589965.5625	452182.75	449985.4375	434365.15625	486025	424298.34375	524652.625	460176.5625	446308.21875	521706.5625	463374.71875
P10371	345501.125	336526.3125	766003.375	762297.375	341046.90625	363514.40625	373563.1875	319611.0625	406119.21875	318072.625	352163.5	511150.125	318789.40625	288914.34375	804481.1875	790741.8125	893651.9375	843271.6875	992752	687178	729221.25	705111.5625	771451.875	748554.3125
P10378	701882.5	765524.375	556169.875	754076.5625	306120.0625	469889.21875	950202.125	604246.875	326198.96875	579221.875	531363	587761.6875	679539.75	494628.625	696617.6875	523444.125	657627.875	385816.6875	907606.625	805379.8125	1101798.875	842308.4375	222193.265625	1190817.125
P10384	724809.375	615758.75	120570.984375	172127.34375	353079.125	466896.375	988867.25	382024.15625	289628.53125	423691.21875	834768.6875	1897665.875	409438.75	404928.75	80766.828125	173554.765625	64434.71875	132595.421875	199325.859375	122306.0234375	158816.90625	58088.21484375	98345.7421875	134501.25
P10408	1039417	1105700.125	1122664.5	1213217.5	986814	1130176.75	1067641.25	970228.5	847701.4375	1001559.4375	1007240.5625	700305.5	1084060.875	969794.6875	1093752.625	1093056.5	1177712.125	996052.125	1108658	1109509.5	1156842.75	1163579	1089777.25	1143426.875
P10423	818.787048339844	1951.15991210938	7414.4677734375	5015.2978515625	NA	961.445373535156	3818.5517578125	2421.9599609375	6250.42236328125	3660.71069335938	NA	NA	1110.74499511719	2831.59741210938	5161.09521484375	5555.58935546875	1571.40270996094	6453.0908203125	3753.31201171875	7031.8720703125	4849.50830078125	3651.33666992188	5714.8369140625	3078.54711914063
P10441	81016.3515625	84087.25	83152.03125	90109.4140625	77521.4140625	75598.1171875	83499.1171875	78155.984375	81836.90625	79865.4921875	62480.6328125	61184.71875	76686.9140625	83043.1640625	78101.15625	71466.9921875	72522.484375	76385.2890625	68741.859375	77563.3828125	70602	72244.1171875	78218.15625	68905.2890625
P10442	64272.85546875	67802.2734375	48983.50390625	63823.99609375	14628.5517578125	42369.6328125	54207.171875	43599.22265625	47191.99609375	32558.380859375	38163.375	68044.359375	30684.900390625	35837.375	39104.734375	43034.3984375	36022.27734375	29532.90234375	34009.57421875	38565.3671875	50498.13671875	54685.89453125	40842.12890625	36855.625
P10443	134339.84375	144064.828125	146589.546875	146989.234375	137955.546875	138374.1875	131322.171875	121985.734375	124440.828125	118874.7734375	113431.328125	99319.734375	125015.1640625	121117.265625	127848.96875	135357.96875	131547.09375	119566.0703125	144850.203125	135403.90625	138068.859375	133013.3125	136793.46875	140064.234375
P10902	311929.84375	334137.5625	349142.75	327328.34375	259545.59375	272283.46875	267606.84375	266236.6875	235726.375	210291.6875	318353.46875	289317.96875	308541.03125	236240.203125	329964.5625	299566.90625	301957.6875	274319.09375	292765.6875	281709.25	359665.0625	388185.71875	293836.09375	348636.59375
P10903	73272.28125	99989.3515625	185296.15625	160150.953125	53548.9609375	58309.07421875	127566.984375	109738.6953125	101281.3125	49503.80859375	74148.3046875	NA	36657.703125	46476.140625	151473.53125	90409.546875	152965.875	104705.7109375	71476.0234375	131315.84375	113582.25	180567.03125	126034.2734375	128297
P10907	212455.515625	186385.390625	84424.78125	98470.5546875	184515.796875	172838.6875	257070.515625	188064.859375	149678.265625	192138.140625	191348.953125	138108.03125	185535.625	171547.03125	95027.4140625	86870.15625	103175.671875	71715.7109375	122203.203125	68386.640625	98822.5625	87150.78125	91932.2109375	80791.9765625
P10908	159008.84375	180586.5625	121106.359375	117380.6953125	159341.46875	130695.859375	180899.921875	160177.625	149905.625	153456.765625	136388.875	193599.0625	157675.875	175730.03125	115390.890625	98512.65625	113091.828125	106463.734375	109287.9921875	120996.9140625	113827.3046875	108996.90625	122507.140625	110094.0625
P11071	121793.8203125	164882.578125	66429.859375	76825.6796875	111358.9453125	148529.109375	173861.28125	126985.71875	96874.5703125	125181.578125	133058.828125	112746.390625	115925.4609375	109154.2109375	54000.01953125	61815.24609375	70912.375	47868.64453125	82773.3125	63468.95703125	78424.796875	68137.6640625	51970.35546875	67411.984375
P11072	39586.01171875	35767.28125	26848.4609375	32824.69921875	33457.4765625	32167.615234375	15602.8056640625	19624.40625	32877.87890625	18174.734375	25464.740234375	NA	19143.447265625	17467.267578125	27200.421875	18273.482421875	23865.26953125	15571.4560546875	18921.998046875	25493.755859375	26435.65234375	25333.376953125	36421.59375	16450.478515625
P11289	9813.1025390625	8288.1298828125	8304.8798828125	8793.2529296875	17467.166015625	10420.486328125	14098.7841796875	15289.017578125	16423.84765625	11346.86328125	14342.923828125	16601.66796875	15993.1796875	13534.75390625	10000.4560546875	9543.5	5727.4404296875	11861.5	8248.5595703125	6913.26904296875	9501.3623046875	9042.462890625	5726.20361328125	9894.791015625
P11349	165844.484375	166316.5625	452965.875	365032.6875	148687.09375	171327.4375	204670.34375	165994.78125	229026.09375	137742.171875	143120.671875	113727.1953125	111834.3984375	157837.765625	389529.15625	334539.21875	313972.4375	387224.3125	224095.015625	379788.3125	333968.96875	435224.90625	320604.4375	312785.125
P11350	31589.267578125	51891.42578125	55497.96875	75662.265625	201779.125	19422.78125	60811.6796875	67896.9375	261001.625	NA	31031.76171875	46001.99609375	40033.53515625	NA	44318.69921875	46123.69140625	38071.71875	65158.46875	44882.2109375	51307.76953125	59826.92578125	46871.90234375	32843.68359375	50031.75390625
P11446	935827.3125	962363.1875	1039431.0625	1013654.0625	679271.375	756393.8125	506048.53125	574396.125	557935.8125	586013.8125	675747.3125	624477.3125	711025.25	660102.25	1019727.3125	937256.8125	891189.9375	745067.1875	910833.75	858600.8125	958115.1875	1058985.625	804317.3125	968481.125
P11447	3405611.5	3210846.25	5447943.5	4663413	3735425.5	3783413.5	2719181.5	3230671.5	3671732.25	3555028.75	2933949.25	2619838	3286199.75	3409979.5	4989253	4637371	4733762	5173197.5	4522088.5	4645823	4497853	4703445	5033157	4752288
P11454	1035653.0625	1083882.25	1191531.25	1554959.75	576612.3125	771529.125	1597179.375	1496525.75	690001.0625	1150416.75	969776.5625	972309.625	1174533.75	1043944.625	1389792.25	1255629.25	1574393.5	1149093.5	1939268.125	1900979.125	2302722.25	1693057.125	545682.75	2520851.25
P11458	770349.625	790389.125	838395.5625	666311	762934.25	713779.3125	770959.6875	944465.1875	673185.375	784052.9375	808887.875	872294.875	776590.125	846824.625	849496.375	750084.4375	728461.625	826308.8125	610491	810460.5625	690535.875	847505.5	833078.3125	709194.625
P11557	566619.25	518322.3125	641634.375	605144	724864.8125	560516.5625	524866.75	731550.4375	1064275.75	727590.75	618890.8125	1023366.4375	633701.9375	709255.6875	708012.625	688457.1875	718065.1875	900314.125	593709.25	752013	626882.1875	669311.9375	807247.875	678246.8125
P11875	895245.6875	929262.4375	978612.5	1012002.5625	810743.6875	919015.875	812754.5625	773523.5625	739189.125	817903.6875	867392.1875	761062.5625	873235.375	792273.375	1000846.5625	954960.8125	974093	854837	989606.4375	938501.5625	996759	986927.5625	939451.125	968708.25
P11880	104999.4375	112759.5234375	102832.328125	112860.375	74202.9375	82462.3515625	75379.1796875	70920.546875	49390.1796875	69909.359375	89993.65625	90996.234375	88577.3125	75104.59375	101076.96875	100732.5234375	108235.1875	69434.484375	107255.2734375	88402.3046875	113322.3515625	110579.53125	94759.2265625	99423.140625
P12008	584099.8125	561771.875	493223.34375	528970.1875	449550.6875	523043.84375	512047.4375	451749.3125	421896.71875	461148.875	492946.90625	672093.75	473892.75	511292.53125	472894.65625	514641.90625	492717.3125	488029.8125	537547.625	514504.15625	529307.3125	488126.5	498764.53125	514442.15625
P12281	533698.125	506697.375	711282.0625	600932.625	696170.4375	717886.5625	545309.125	607860.375	794348.9375	670493.3125	709679.9375	578015.125	565179	575365.6875	639063.4375	628713.4375	597115	670858.25	648147.25	688316.75	631609.25	595040.25	660061.3125	612740.75
P12282	79622.953125	71527.0546875	63679.51953125	56799.76171875	89851.046875	87764.0546875	64175.61328125	65820.1171875	92421.6328125	68128.1796875	91622.078125	108150.5390625	75389.390625	74597.5546875	62807.4140625	66943.9375	62566.99609375	74957.9921875	69264.265625	61976.953125	51984.3359375	65835.7421875	67226.09375	67048.0859375
P12295	247399.546875	257240.9375	248183.546875	268204.40625	246972.203125	254133.796875	226951.578125	240597.484375	191803.8125	252466.0625	232826.6875	255411.375	228893.078125	225166.46875	264114.65625	263607.15625	262362.21875	209692.078125	262503.46875	237720.703125	269181.875	299238.875	257281.34375	252277.109375
P12758	3081257.75	3323644	3013864	2965798.75	2772668.75	3569437.5	3284971	2702774	2393803	2894554	3242996.25	2802376	3037876.75	2474959.75	3196105	3018661.75	3250720.75	2367250.25	2594398.75	2785339	2998477	3380590.25	2594621.75	3020719
P12994	529898.5	535808.375	352657.03125	414075.0625	486561.25	431638.625	639663.875	485465.9375	435934.90625	400348.15625	451821.1875	1001628	449609.28125	435015.625	351444.3125	354895.53125	374323.59375	298901	342052.25	368799.84375	404669.71875	314365.96875	334989.59375	339362.25
P12995	186019.640625	196227.90625	178937.390625	182871.375	202534.484375	155309.09375	212897.125	169262.65625	141690.359375	158853.625	178381.9375	165877.453125	190891.296875	177906.9375	166260.421875	187990.6875	170784.546875	158595.734375	174893.515625	174749.859375	195480.359375	160361.765625	152645.28125	187522.59375
P12996	152980.171875	126527.3046875	191620.078125	214382.734375	161442.78125	115386.390625	146123.375	109122.8984375	140335.359375	113193.734375	116295.765625	185141.234375	116997.109375	115588.0625	199146.15625	213097.40625	167971.5625	211610.0625	203417.515625	209093.421875	180959.046875	168475.234375	214619.140625	166601.46875
P12998	47921.86328125	41585.51953125	37883.76953125	45745.0859375	31505.3828125	27585.3046875	50158.90625	34689.56640625	27248.771484375	35873.6796875	33173.5390625	43872.84375	38006.56640625	29549.751953125	36222.484375	34246.16796875	34474.2578125	28803.380859375	41235.984375	40110.76171875	45559.78125	39520.30859375	36449.0859375	38826.94140625
P13000	186491.28125	198014.328125	241655.0625	254146.125	229681.8125	159693.21875	233389.578125	275842.25	271978	229552.171875	164105.21875	160282.40625	188367.671875	254033.96875	229673.8125	218639.109375	214761.453125	313148.34375	222594	262778.15625	206939.234375	190476.6875	272658.46875	208201.65625
P13001	203265.546875	182012.6875	210476.25	202191.453125	178557.28125	189892.953125	196213.734375	182099.328125	165335.84375	187858.609375	199473.296875	170572.171875	177125.984375	169029.875	192931.40625	204661.84375	203577.453125	169807.546875	191927.359375	223528.5625	197080.421875	203296.140625	221678.734375	196253.796875
P13009	953454.5	965513.0625	1314419.875	1350830	981564.3125	980952.625	920862.8125	866056.375	795757.9375	939556.375	953619.8125	693193	935065.5	925115.625	1267389.875	1251818.625	1267023.125	1180587.75	1340186	1223817.75	1213949.5	1219025.5	1388563.625	1254510.875
P13016	256094.375	242402.484375	229132.296875	220966.359375	211810.046875	217449.421875	220784.0625	229926.09375	218642.828125	219644.375	233424.40625	418419.21875	209003.8125	218005.578125	183652.75	199354.078125	196779.09375	156387.1875	187381.453125	182197.75	186152.828125	188465.21875	175733.09375	183573.953125
P13024	337747.78125	329219.125	270982.1875	236091.078125	384382.84375	316861.71875	376957.4375	432550.5625	452913.75	420521.25	365999.59375	491814.90625	371709.09375	392073.15625	281868.125	259989.96875	272236.71875	357102.4375	243448.359375	258285.71875	229911.796875	244789.640625	307658.53125	230140.8125
P13029	3520594	3421495.5	4428202	3820851.5	3666414.5	3720127	3586588.25	3653219	3464904.25	3551928.5	3694903	2993035.75	3390429	3685594.25	4696056.5	3631683.75	3967935	4394287	3257029.5	4048239	3627042.25	4667630	4598513	3762431.75
P13035	111751.3359375	117678.2578125	159279.5	143239.15625	114363.59375	135149.625	166987.921875	126016.3046875	94693.6328125	154901.21875	126231.3515625	107415.5703125	140706.296875	127177.671875	118701.921875	148882.6875	111307.3984375	117595.8984375	119693.3046875	144508.28125	128014.3046875	80452.0078125	127641.359375	119706.640625
P13036	44988.03515625	41501.93359375	70699.34375	69043.90625	37558.04296875	38636.25390625	49802.546875	48270.91796875	56630.3671875	42189.9609375	34541.32421875	45428.53125	41303.5390625	47193.31640625	71977.46875	69684.0078125	69786.6953125	74081.0625	66925.8984375	76758.4296875	74580.078125	73065.3515625	56765.58984375	80570.0859375
P13039	66111.0703125	68348.4765625	94352.5625	116467.9921875	38260.16796875	61266.70703125	133310.15625	110835.09375	46436.15625	85179.09375	71920.6953125	81659.375	74899.3125	78729.6796875	95402.2734375	94361.46875	109443.1328125	73991.359375	144663.84375	129332.546875	162173.046875	114908.09375	40656.4609375	182245.546875
P13445	317833.03125	275581.65625	389997	346452.15625	346552.28125	370042.625	373273.375	331463.875	260639.171875	331909.71875	362554.875	560668.5625	330150.84375	291651.8125	309993.5	434405.53125	311493.09375	371089.03125	393118.03125	275476.59375	325690.65625	248518.6875	278969.8125	359444.0625
P13458	75771.203125	73542.203125	71401.2890625	75690.4375	70879.25	71700.546875	76376.1875	82082.3203125	74594.625	73290.40625	67022.7421875	57635.75	77104.0234375	76499.484375	66654.4921875	69051.1015625	67200.1484375	66111.1484375	70946.1171875	69052.9921875	64112.62109375	66230.7890625	69441.90625	67628.8828125
P13482	665070.875	684418.5	369576.25	347070.28125	726307.8125	654765.375	976258.5	846354.5	996408	800176.875	637720.125	1206334.125	665909.0625	781404.0625	409488.46875	373164.53125	373594.0625	487563.375	332421.375	421321.3125	343749.375	324373.75	427469.875	338012.21875
P13518	134102.875	129593.7265625	76402.75	81698.9921875	135953.828125	152190.546875	126417.2421875	113108.28125	103291.7421875	106136.2265625	131670.359375	90718.0390625	115117.453125	107422.3984375	67884.8515625	71096.359375	66738.921875	66490.125	76520.8125	86135.4609375	88288.609375	78159.28125	65861.921875	75628.28125
P13656	31902.3984375	28034.333984375	44536.69140625	37509.9296875	31989.66796875	22438.28125	21339.53515625	26161.1796875	44860.08984375	31138.61328125	25078.984375	12873.3955078125	24850.263671875	29616	40499.0625	32494.65625	37404.5625	47663.203125	29654.90234375	37188.2421875	27177.12109375	35062.6015625	43995.0546875	27108.279296875
P13669	45081.0078125	37607.8515625	37302.28515625	40942.8984375	52430.9375	56495.66015625	45546.94140625	30481.771484375	24489.9921875	42692.73046875	48573.6171875	61781.93359375	42984.55078125	42279.49609375	38004.8984375	50152.47265625	33446.48828125	31556.94921875	29137.17578125	30564.478515625	36411.77734375	37609.34765625	37861.50390625	40518.2421875
P13857	80495.765625	81831.078125	36371.0078125	39559.47265625	69390.984375	66221.96875	48928.83203125	46526.19921875	48332.96875	34643.21484375	57190.62109375	104773.4765625	57067.015625	65393.6796875	40213.9453125	39553.03125	39649.56640625	31047.38671875	38697.76953125	28447.30859375	33920.08984375	35140.890625	15694.39453125	40524.41796875
P14081	305503.875	321445.84375	368722.875	366871.4375	247445.25	263136.875	302926.03125	299154.90625	266432.9375	292143.40625	272984.34375	214866.078125	309453.5	288981.9375	339139.1875	306731.34375	354938.875	326288.78125	344721.3125	368576.5625	348324.3125	355003.15625	366186.375	345198.3125
P14175	3561871.5	4275331	5025670	5796694.5	2732832	3549556.75	5476822.5	4253602	2450584.5	3377903.75	4032196.75	3664973	4082740.25	4041136.25	5442247.5	5413685.5	5090138	5690491	5836517.5	5111617.5	5288573	4727791.5	5459987	5410231.5
P14176	43963.37109375	38943.68359375	25145.6953125	32288.14453125	17747.568359375	43633.54296875	58273.6796875	26296.302734375	17630.21484375	16117.9033203125	56806.67578125	79410.59375	31789.541015625	17519.435546875	30682.099609375	39964.02734375	29059.986328125	26515.90234375	43283.94921875	20690.3203125	51486.2421875	33444.87890625	17443.275390625	37051.953125
P14294	133660.0625	132296.765625	125220.3515625	133734.109375	129297.734375	153394.484375	139027.765625	121928.90625	104336.8046875	120471.125	138570.609375	90708.046875	137419.984375	123364.4296875	130977.1328125	125713	123147.3046875	96158.6171875	133582.625	107837.1953125	122765.8515625	121178.4453125	127896.90625	120867.6953125
P14375	63004.609375	61467.34765625	61419.7265625	52042.0703125	52956.0078125	51378.09375	62152.28515625	42535.8046875	45069.59765625	41443.875	67175.625	39147.53515625	46526.79296875	33990.76171875	48901.8984375	44729.0625	48892.3203125	42775.01171875	43961.5234375	44884.765625	43830.31640625	44377.98828125	40945.51171875	28155.4296875
P14407	109715.5390625	91683.375	243211.921875	234427.90625	123080.6171875	111931.84375	61761.375	101869.8125	194158.390625	100611.15625	74242.09375	117418.1015625	74230.6953125	102691.2109375	240441.09375	199473.984375	197895	220856.953125	144505.59375	236383.484375	203903.25	248286.421875	249703.15625	185160.484375
P14900	415479.5625	395676.5625	426929.625	378402	453637.46875	424859.21875	404368.71875	431553.90625	444713.9375	454407.4375	434401.8125	357150.78125	427960.5	431107.03125	425297.65625	385107.28125	411865.1875	442765.875	384539.40625	416608.46875	384486.71875	384818.59375	398497.625	375898.4375
P15005	46527.73046875	68053.6328125	91394.03125	83602.5859375	38520.84765625	58180.23828125	46951.69921875	44870.046875	37468.01171875	46205.71875	47900.0546875	47087.5	48002.49609375	49382.81640625	67729.609375	65266.8984375	69894.0859375	56539.69140625	71905.796875	69008.046875	71702.9296875	71668.65625	71248.6171875	69251.6171875
P15028	43541.671875	35022.05859375	25742.05078125	31730.017578125	22959.33203125	24879.150390625	22001.986328125	36563.8515625	15527.005859375	27056.984375	28248.884765625	41636.75	25610.529296875	30179.27734375	27845.548828125	28885.326171875	30261.564453125	28377.2109375	27190.46875	25914.21484375	32205.27734375	31083.595703125	NA	34253.7421875
P15034	2062465.75	2147035	1772983.5	1672960.5	2071637.25	1970683.75	1826594.875	2346823	2323285.25	2222848.75	1880212.875	1691560.5	1987624	2253296.5	1566623.75	1610361.75	1718473	1920116.875	1580795.875	1684674.75	1555961.875	1622789	1828211.625	1528444.375
P15038	176195.96875	176507.015625	152005.234375	160669.3125	138881.171875	180605.546875	153227.015625	134877.796875	100863.3046875	137436.390625	169871.46875	119949.3203125	161032.765625	131953.03125	156156.53125	156788.640625	161035.65625	111385.5078125	151650.984375	151960.734375	172550.84375	171491.453125	151017.125	165039.859375
P15042	665356.5	666277.375	714281	716480.75	711160.875	690396.9375	693975.3125	664204.125	653772.1875	678145.4375	678892.125	574455.9375	653711.9375	647434.875	664772.375	673184	667827.3125	687864	679819.4375	699480.75	661720.8125	672877.25	711486.1875	678267.875
P15043	25049.658203125	NA	10490.08203125	21791.1640625	NA	NA	14185.1416015625	NA	NA	NA	NA	NA	NA	NA	9937.1376953125	10605.2060546875	13928.052734375	NA	NA	11789.1162109375	NA	3563.57885742188	10619.970703125	4979.63232421875
P15047	553256.125	547533.6875	437247.8125	623082.25	299311.09375	409434.9375	735909.125	682325.6875	418850.53125	575323.375	478195.375	827084.625	582041.125	547796.5	511584.25	489295.375	567279	449470.25	739830.75	736032.3125	856059.5625	692569.75	204917.265625	1003269.1875
P15067	310321.90625	366329.875	276496.46875	261508.515625	252600.921875	252490.4375	266381.4375	264159.71875	273981.09375	215811.921875	257559.109375	201481	252188.8125	231313.609375	258921.59375	202462.84375	265958.4375	169985.03125	187032.453125	254498.8125	239552	246674.671875	224014.75	206822.3125
P15070	79631.21875	93245.3203125	NA	NA	49029.73828125	37644.62109375	49031.84375	55255.05078125	NA	NA	128749	157841.1875	83989.1640625	89733.578125	NA	NA	NA	NA	NA	NA	NA	NA	NA	NA
P15078	1257719.25	1258432.875	51595.19140625	78745.890625	944217.8125	1304529	1131614.375	737570.3125	759527.375	808180.6875	1173469.5	959626.6875	1046246.6875	826630.3125	77246.59375	92602.1171875	86744.4453125	63788.05859375	81274.4921875	65682.3203125	90400.015625	71892.7421875	91260.859375	74591.2109375
P15082	64438.65625	52880.64453125	NA	44592.42578125	NA	40079.12109375	53051.15234375	31457.681640625	NA	NA	59654.2578125	45424.09765625	58038.8125	56421.89453125	NA	NA	45701.1640625	NA	46405.39453125	58947.7734375	46397.34375	30922.23828125	NA	48746.53125
P15254	3275509.75	3578250.5	3571311.25	3586159.75	2818799.75	2980011.75	3786981.5	3338768.25	2751726.75	3301220.75	3330089.75	2287655.5	3351510	3418403.25	3459985	3282149	3354790.25	2969616.75	3381450	3397274.5	3384107	3460006.25	3501070	3304066
P15286	96413.8828125	83773.203125	108267.8515625	100388.3125	79988.296875	64467.14453125	100593.2421875	100235.59375	97462.1015625	95275.8984375	86129.765625	162302.5	82828.203125	99962.0859375	122134.7109375	113022.8203125	116520.7109375	102717.484375	102613.59375	96972.0703125	89822.546875	94568.9609375	116699.5703125	91822.3984375
P15288	3977703.75	4000379	3586456.5	3601083	3400208.75	3890128.5	4204680	3942189.75	3179767.25	3785236.75	3565535.5	3264492.25	4081661	3901610.75	3536396	3546667	3666689.75	3243291.5	3362130.25	3473480.25	3555689.75	3600408	3564481.5	3446184.75
P15373	169430.328125	114685.21875	144098.484375	107612.8828125	150550.28125	133311.984375	108128.5859375	154285.125	237787.671875	136420.625	145346.953125	306740.96875	127075.3671875	142724.640625	148550.78125	133901.5	121269.140625	168670.84375	97305.9609375	119776.2265625	111989.3828125	123859.765625	132658.515625	132649.71875
P15639	3111188.25	3328221.25	3537740.75	3924723	2939102.25	3522479	3465107.75	2965932.25	2430979.25	2878854.5	3662495.75	2416991.75	3675789.5	3134927.75	3827310.5	3986730.25	3939237.5	4274039	4343194.5	3590475	4120398.75	4320913.5	3630916.75	4177702.5
P15640	1465808.5	1533209.625	1844790.625	1788096.25	1404347.5	1420484	1568277.375	1572233.25	1473854	1579253.625	1506511.625	1812781.125	1569092.375	1637451.875	1861970	1640824.75	1735594.625	1813222.25	1650004.75	1751916.5	1625047.375	1705409.75	1910331.375	1625035.75
P15723	132862.109375	131136.921875	107849.28125	128739.8984375	77490.5	105987.390625	119628.1171875	103983.59375	80682.4375	85784.390625	104315.65625	78438.203125	92779.78125	93099.1015625	80647.6875	99831.703125	97837.7578125	88012.3671875	91114.1484375	102744.71875	105174.1171875	98984.3203125	92673.265625	87692.1484375
P15770	187638.65625	192942.734375	264089.3125	244589.734375	243088.484375	190368.125	189211.78125	225561.125	254138.25	240781.59375	166153.0625	244326.375	181937.59375	228857.890625	254829.3125	221890.5625	247528.890625	290543.75	216344.53125	250742.703125	212696.234375	218838.609375	282615.4375	213624.75
P15877	522401	540209.625	944625.1875	934743.375	422911.53125	458536.84375	749575.1875	553532.25	558270.3125	530728.9375	482683.8125	394767.6875	473743.96875	544378	841150.1875	823337.5	850957.6875	971244.0625	991294.5	900776	856720.4375	823796	877820.0625	842819.9375
P15977	368392.875	376986.71875	468085.78125	523760.25	270806.5625	331115.0625	391345.78125	364225.28125	301378.6875	310076.1875	274835.84375	237401.828125	326886.875	308633.71875	481644.53125	478549.84375	481370.9375	429405.1875	460525.15625	516110.84375	481854.1875	509656.375	483667.90625	485916
P15993	116041.1015625	117775.109375	101801.5390625	93362.828125	110048.59375	146829.875	150698.796875	96827.53125	94027.71875	123225.5703125	132169.234375	78002.4609375	121092.71875	103493.0859375	111624.1796875	128065.9296875	125752.6484375	100691.9765625	120814.859375	104758.65625	125009.4453125	131110.75	108202.890625	99714.84375
P16095	640718.9375	599681.5625	498096.96875	500320.8125	664648	698856.6875	444340.4375	616616.25	952523	665504	539159.5	415340.53125	511077.375	554277.1875	450033.5	451507.5625	458164.96875	570658.1875	445311.71875	526839.125	425001.84375	443819.3125	446209.75	404403.6875
P16384	232963.3125	216006.71875	242582.75	244030.40625	222733.4375	238563.046875	247870.796875	231211.109375	210652.3125	248557.796875	230614.5625	200224.890625	212412.3125	222815.984375	236373.453125	237195.25	235964.265625	240579.96875	257709.15625	256765.15625	247742.171875	234167.703125	246262.875	257740.875
P16431	32262.009765625	38184.9765625	98241.171875	70608.34375	30490.00390625	28103.76953125	26097.43359375	28749.078125	45926.3515625	29257.642578125	31396.85546875	25862.552734375	19412.931640625	28411.443359375	89026.9375	46687.453125	37319.60546875	36994.08984375	19760.73828125	53209.69921875	42984.9765625	82164.4140625	47865.15625	50516.13671875
P16433	NA	96664.5703125	9165.470703125	16197.1337890625	NA	201272.84375	308069.4375	NA	35459.32421875	NA	NA	NA	NA	NA	63662.83984375	36965.62890625	48949.8359375	40708.55859375	39857.41015625	52600.2109375	NA	60266.9296875	43054.51171875	59590.15234375
P16456	2870390.25	2939931.75	2246814.25	2081280.25	2468718.75	2431475.25	2270619	2519715.75	2945870.75	2586084	2559600.25	3975773.75	2642711.75	2742768.5	2156833.5	1904899.625	2061407.75	2127031.25	1923361.875	2061299.75	2052619.25	2062364.375	2203073	1907046.875
P16525	91970.4765625	90338.7890625	98519.8203125	105568.1484375	75213.6796875	86265.21875	106962.375	76315.140625	82185.6875	90650.65625	88501.5703125	76401.0859375	89583.5	80962.3359375	97652.921875	98819.8046875	95158.625	95965.5625	94682.6953125	95010.3046875	96888.8671875	86683.484375	93092.8671875	100754.59375
P16528	107105.1171875	113731.8984375	132953.859375	133348.15625	109731.15625	95189.9140625	98854.15625	93645.296875	83998.5703125	85780.796875	111719.9765625	109885.6015625	97318.9140625	89804.7734375	117434.046875	104714.8125	126908.453125	87766.59375	115306.2265625	97687.7265625	104709.03125	131998.890625	83353.0859375	107666.6875
P16659	2524089.25	2571108.25	2630165.25	2692445	2466399.25	2597092.25	2435893	2213648.75	2128759	2312216.25	2366544.75	1841475.375	2426678.5	2217328	2485628	2499164.75	2596444	2106615.75	2640593.25	2413007	2651819.25	2680490.75	2508220.75	2663953.5
P16676	448587.75	434671.625	525593.9375	581109.4375	424019.28125	434405.6875	501556	407736.625	379639.09375	418095.5	409308.9375	292006.3125	443597.3125	372951.0625	522960.1875	535608.375	576522.0625	416231.4375	627471.5	527250.125	606482.1875	634471.6875	536767.1875	646310.5
P16681	212605.6875	229192.34375	87125.6015625	84320.1875	140899.296875	161756.90625	292146.5	189141.84375	179189.484375	159894.9375	217874.734375	494995.96875	167128.015625	168739.140625	68176.015625	95078.21875	68062.328125	91135.5078125	82032.1484375	88841.0546875	92963.796875	75793.0390625	77371.7109375	79456.1640625
P16691	160178.4375	171765.203125	128369.515625	136392.875	114736.5625	130180.9375	195060.640625	128859.953125	104556.9140625	127557.125	144922.109375	260982.546875	126991.8046875	138592.78125	92275.359375	122555.515625	105054.921875	90002.84375	129891.75	121988.0078125	134741.578125	122923.125	89592.671875	139499.40625
P16700	7413709	6920028	8375074	7403810.5	10166766	8793465	7940867.5	9648016	12082951	9538137	8439249	14270672	8069889.5	9361698	8972319	8805180	8350130	10797516	7502449	9037168	7480387	8365244.5	9859680	8116641.5
P16701	125237.6875	106705.0546875	106080.8671875	115945.375	49915.57421875	118365.7109375	118360.546875	43267.84765625	17528.46484375	53201.9296875	98905.8671875	120308.0703125	66368.578125	26294.494140625	51740.5546875	74647.421875	56329.3359375	48253.7265625	81439.203125	49019.63671875	70450.265625	53972.2890625	19857.705078125	51357.75
P16703	457291.34375	432053.90625	549317.3125	540417.875	588072.125	533631.9375	446304.25	515900.96875	527545.375	548433.5625	536292.375	784744.75	493117.46875	554279.125	592294.5625	599691	546533.125	616010.4375	550549.5625	589622.4375	529944.1875	574910.6875	609086.1875	561124.5625
P16869	108568.15625	107656.7578125	145616.8125	180340.90625	70403.8515625	74758.9296875	157120.640625	174588.8125	128876.953125	137427.234375	105736.578125	294283.375	118962.921875	126616.8828125	177021.578125	154021.484375	182727.859375	207049.046875	236679.390625	211717.484375	241373.046875	183867.265625	71423.8125	266610.34375
P16926	355440.375	384663.1875	350367.875	403730.9375	274648.53125	345856.21875	367880.65625	278757.1875	247270.90625	279397.6875	342718.96875	275477.65625	319806.75	281766.65625	341983.5	357325.1875	331985.8125	293015.84375	361481.5625	326732.59375	364324.90625	358463.25	308025.1875	381655.25
P17109	175930.25	140901.03125	169248.515625	173098.046875	113905.2734375	136986.765625	146724.90625	145299.3125	149614.25	158472.046875	119014.7578125	66266.8984375	135653.75	157919.84375	133934.03125	123846.671875	131751.375	160913.65625	144932.734375	129274.125	131617.3125	138219.09375	157450.703125	122588.5546875
P17115	279037.375	307850.125	224104.03125	233428.5625	285570.6875	325809.28125	247642.296875	272058	260986.125	254268.390625	327958.125	242061.578125	284468.75	249703.09375	235304.625	233951.578125	238363.6875	202045.328125	212289.78125	223968.84375	226686.5	259718	238930.171875	233734.875
P17117	529200.625	548943.8125	493257.84375	529891.125	320748.625	376617.5625	505407.9375	414446.0625	365771.96875	406607.5625	406495.78125	394140.15625	448158.90625	434567.75	488522.65625	478147.1875	523818.1875	389070.84375	520028.40625	496414.875	502879.25	505506.4375	453950.65625	515460.34375
P17169	1385925.25	1486517.75	1713927.625	1840092.875	1183443.75	1346870.25	1433899.75	1291180.625	1135086.625	1282270.75	1467604.375	1193116.75	1417803.875	1339206	1703147.75	1622478.25	1729296.875	1567119.5	1705618.375	1596236.375	1693680.75	1847987	1609053.375	1634362.375
P17315	3057640.75	3476449.75	2906010	3655160.75	2205710.5	2311785.25	4949745	5600493.5	3797629.25	4892726	3251816.75	9402219	5303107	4585942	3718199.5	2509561	3497643.25	3732173.25	5617979.5	5376197	6234329.5	4670749	1327456.25	8075045
P17411	13531.0751953125	1120.48168945313	300.797546386719	1632.22253417969	NA	11270.4462890625	10694.30859375	9708.3271484375	4717.2001953125	NA	10172.638671875	NA	7341.49462890625	NA	4127.20556640625	4928.935546875	4487.7314453125	NA	4292.431640625	NA	6326.57275390625	NA	5106.435546875	2871.1298828125
P17443	358780.15625	360840.09375	350806.625	329058.25	387500.75	387830.46875	369936.125	395893.15625	393672.5625	397328.84375	361138.4375	267583.5625	379921.75	395406.4375	348314.46875	330263.5625	340650.1875	381586.15625	341772.78125	354008.03125	352302.46875	350821.875	358394.1875	349946.03125
P17445	212004.140625	241378	206150.375	213797.65625	233787.375	263748.9375	283743.3125	239262.84375	189281.296875	244600.4375	251150.390625	224377.75	243912.875	244068.75	205426.984375	207195.703125	210841.390625	208498.703125	249976.96875	219685.90625	210548.390625	199736.109375	210897.203125	208233.40625
P17802	50760.45703125	37875.84765625	46074.76953125	43953.7578125	28851.611328125	21350.4296875	29249.625	30164.673828125	38015.296875	34678.87109375	29518.455078125	17068.921875	29828.71484375	26036.703125	33772.39453125	37768.15625	38445.06640625	31343.216796875	45186.4140625	33233.484375	24513.431640625	33307.08203125	32194.302734375	33377.14453125
P17846	2037520.125	2144280.25	2726162.75	2483570	2214294.75	2145070.5	2002624.375	1971200.75	1881674.125	2076585.25	2025683.375	1589867.875	1918572.875	1941805.625	2639996.5	2507026.25	2492012	2198831	2384836.25	2338902.5	2268302.25	2520301.25	2711094.5	2355760.75
P17854	1864495	1957236.875	2703133.5	2504460.75	1984581.5	2096040.75	2311214.75	2089456.125	1883878.125	2111283.5	2082862.875	3338048	1964418.5	1997234.75	2776817.25	2652786.25	2525164.25	2704633	2517265	2494691.25	2554082.75	2697419.25	2654707.75	2587672.25
P17888	92987.75	91596.3359375	98837.15625	92615.421875	124931.09375	106741.5546875	106632.0234375	110895.3828125	109703.0546875	122724.53125	113831.65625	52842.23828125	95650.7734375	125462.4140625	100086.6875	90399.90625	93463.1640625	100510.8984375	93024.6171875	97180.4921875	89060.046875	87378.078125	91321.2109375	88004.3125
P17952	254989.734375	258667.171875	398780.40625	374365.8125	322842.59375	265541.125	286367.875	354441.625	412414.21875	327493.8125	237669.59375	256325.65625	269936.71875	325164.25	388944.78125	332119.03125	370405.5	453871.59375	349270.46875	392658.8125	341630.9375	339447.625	394618.21875	337436.125
P17993	670129.9375	680996.0625	791371	740634.9375	696604.5625	590026.3125	547871.0625	706182.3125	818300.8125	677642.125	611355.6875	1049833.625	639688	754437.3125	769083.125	693988.8125	760388.875	846980.3125	709125.5625	797718.125	694116.8125	766218.375	833549.9375	725558.1875
P18133	1138903.25	1209217.75	1047803.5625	1078010.625	919522.25	1070912.5	1013073.125	847077.75	747400.3125	844425.1875	1021685.8125	1012890.625	1020821.4375	847966.0625	1096998	987539.625	1083679.875	648012.6875	1052863.75	898965.6875	1062764	1162507	893160.9375	1016375.0625
P18196	281020.625	286836.4375	302909.71875	298218.25	298447.71875	304256.40625	279808.5	329388.28125	365882.875	339338.8125	256412.25	252976.453125	272868.625	322461.5	302602.4375	274288.875	295609.4375	353174.84375	270687.96875	320116.53125	277429.09375	277225	323453.78125	281256.34375
P18335	2536752.75	2498642	3463819.75	3254782.25	2618048.5	2764311.75	2035377.875	2430981.25	2334059	2782358.5	2340073.75	1809061	2629217.5	2450780.5	3489740	3346321	3288343.5	3127489	3081365	3364022.5	3226580	3583333.5	3484459.75	3342391
P18390	125727.4765625	89823.7734375	134721.90625	84680.4921875	120599.453125	97647.015625	116781.1953125	120877.21875	188009.578125	113274.2890625	111947.8671875	227229.765625	109598.9140625	98491.171875	141847.390625	125881.0546875	100541.0546875	139568.78125	98868.4375	101675.7265625	102715.2421875	95351.640625	119930.9921875	94097.4296875
P18392	89193.8828125	91460.1875	82506.2734375	86397.796875	72781.15625	83786.3671875	98971.578125	83440.875	91522.8671875	79307.1953125	83423.390625	53370.4765625	85838.109375	68372.03125	77616.609375	68593.390625	79960.8671875	48293.58984375	70628.0546875	74147.0859375	82040.6171875	82153.234375	76594.9296875	68970.4453125
P18393	64717.82421875	49841.875	60841.5546875	67574	50506.76953125	51590.08203125	91433.3515625	131850.828125	76031.4453125	77809.671875	63049.35546875	233446.609375	80519.3984375	77530.6875	90829.6640625	86472.8671875	98953.6796875	90887.2890625	125778.875	118854.6796875	121313.7265625	93983.7109375	32888.5859375	161232.171875
P18775	472034.59375	397170.4375	961060.125	748913.375	616303.4375	538837.125	227318.515625	468090.75	942702.875	461243.78125	411553.3125	292001.1875	336358.5625	511459.25	969153.375	730446.5	644413.3125	965401.625	375700.4375	822897.3125	634181.625	950651.25	917487.1875	595053.5
P18776	484358.4375	381278.5625	965976.0625	586690	702688.75	511451.9375	185198.984375	488763.53125	1228656.125	443394.125	503733.28125	976286.125	378555.59375	533752.5	1074311.5	761366.5	574638.9375	984676.3125	317164.34375	721411	585080.9375	951354.4375	877726.375	600336.75
P18811	51112.12109375	51998.8828125	52820.171875	54886.27734375	63549.68359375	65872.03125	66927.2890625	61083.25390625	67706.015625	59799.37109375	56400.1875	28551.87109375	59624.4140625	61426.62109375	46532.7109375	51791.0234375	39190.7890625	53419.00390625	49402.6171875	36146.87109375	42271.265625	44799.109375	48547.59765625	29904.126953125
P18843	2796600	2711392.75	4684907.5	4509028	2695427	2590628.75	2955944.75	2849759.5	2582483.75	2667056.25	2721169.5	4658718.5	2680275.75	2834937.75	4651536	4954765	4420289.5	4936097.5	4728653.5	4764990	4881765.5	4716518	4636124	4920841.5
P18956	383660.75	386575.8125	330010.40625	306663.40625	450449.46875	373911.40625	662540.1875	515906.1875	702173.25	472609.75	449632.75	1086698.875	420694.375	496027.0625	393756.28125	382691.71875	357236.96875	511097.71875	364398.5625	362131.875	331261.78125	306135.28125	421178.09375	357447
P19318	38792.34765625	37145.78515625	26161.755859375	26185.48828125	36577.06640625	41956.375	44137.4609375	36434.15625	39316.6875	38250.5859375	43182.97265625	44159.44140625	36087.32421875	32668.654296875	30851.224609375	29789.458984375	23821.2265625	28656.736328125	22701.53515625	24190.748046875	23057.595703125	21754.7109375	26260.490234375	26655.8984375
P19319	54201.44921875	57572.86328125	48195.31640625	46588.94921875	35147.203125	42100.90625	55077.34765625	40234.89453125	49562.6484375	40770.1484375	31021.115234375	29497.97265625	40870.8828125	42258	36659.2109375	35371.7578125	34646.61328125	34262.9765625	23050.330078125	37721.6484375	28732.7578125	36461.2109375	41595.08203125	31392.279296875
P19323	17534.775390625	20340.765625	22813.740234375	19999.228515625	13645.318359375	7878.77294921875	19012.916015625	16511.654296875	14933.6962890625	14138.5068359375	9623.5966796875	10507.3564453125	12550.5673828125	9928.384765625	14201.287109375	14200.8056640625	16117.45703125	13362.193359375	13473.2783203125	11994.453125	17266.8359375	14331.4326171875	16596.189453125	14005.787109375
P19624	291933.46875	272872.34375	237386.9375	232177.1875	224434.90625	239245.5625	284947.84375	216379.359375	179918.640625	227097.15625	267089.0625	238206.59375	247752.40625	221437.703125	233528.25	219744.765625	236101.375	170917.625	231332.234375	212774.8125	232471.171875	235240.234375	223229.6875	229957.421875
P19636	84611.6796875	92797.7265625	70471.3359375	58429.40234375	78782.1328125	75122.3671875	78669.9140625	76566.96875	89706.6171875	89192.796875	77614.7734375	69386.5078125	88285.578125	89701.3125	58028.109375	54422.5390625	57565.64453125	67057.3515625	50657	64152.46484375	59296.921875	59600.6875	61053.20703125	50396.1875
P19926	2663024.5	2825768.25	635630.6875	764230.0625	2092074.25	2664827.75	2142145.25	1975403.125	2393684.75	1964378.75	2403693	2907479	2101976.5	1960628.125	570468.125	676198.1875	506338.9375	682182.3125	527510.1875	657706.875	676493.5	606961.125	622995.25	635660.375
P19934	38329.42578125	35019.015625	40032.6875	34523.578125	46807.0234375	32851.234375	37307.828125	46379.1015625	74748.0703125	46489.390625	34886.59375	60559.41796875	37603.4453125	48548.0703125	44050.1015625	41123.94140625	40267.04296875	56828.27734375	37850.16015625	43716.30078125	35071.87890625	37487.5546875	52115.734375	36356.390625
P20083	160774.984375	156485.90625	173985.765625	184986.6875	153123.84375	155427.0625	147881.390625	147126.53125	149930.265625	139269.40625	156982.859375	139378.1875	148478.328125	141893.21875	170084.015625	174253.0625	163838.640625	167319.984375	178218.34375	161672.890625	174383.171875	168141.5625	170375.078125	172144.125
P20099	348285.40625	343572.40625	359979.65625	397703.46875	356401.75	346131.5	373985.375	328566.6875	298159.375	347266.0625	335331.21875	302164.96875	331914.75	362549.9375	363595	376392.09375	398042.9375	327868.90625	417501.375	395295.40625	386009.96875	365916.84375	387947.71875	393302.65625
P20605	278827.125	288397.1875	195058.609375	193912.84375	237822.6875	285398.71875	284322.09375	227428.71875	185190.59375	221133.8125	226502.671875	285647.3125	224592.453125	217150.34375	166141.59375	206419.453125	196512.890625	176016.71875	196455.921875	199246.15625	201720.984375	175377.453125	171937.765625	210198.34375
P20966	390755.25	413251.6875	1020729.5625	1076078	478592.3125	442284.4375	643695.75	527536.4375	457492.125	460829.6875	437478.6875	381861.21875	405746.6875	479633.34375	1074899.125	931207.9375	930268.9375	1143856.625	846007.1875	1219658.625	1043303.8125	991999.75	1113693.125	1145311.5
P21151	1059216.5	1145358.25	119524.9921875	221594.078125	1049831.375	863642.3125	1546139.375	1210949.75	1315310.125	1373952.25	1040868.75	1063965.5	1148618.375	1364070.625	97696.7578125	177444.34375	149638.75	168740.21875	221347.78125	195031.296875	158356.078125	104261.359375	222985.296875	135263.46875
P21156	2231923.25	2410808	3103805	3181072.5	1870988.625	2209994	2319014	1748852.875	1381201.625	1874933.375	2108053.5	2091485.5	2097694.5	1834584.5	3099995.25	3033984.25	3270616	2335591.5	3438891.5	2724468.75	2949611.25	2982182.25	2655011.75	3227777
P21165	1530875.25	1678013.625	1191394.625	1411609	1487335.5	1635488.125	1452063.5	1391313.375	1157949	1388226.25	1541030.625	1422164.625	1509409.125	1459251.75	1066166.875	1149229.25	1248717.5	1053557.25	1228021.125	1161172.75	1244676.75	1239023.5	1156767.375	1343145.875
P21169	324934.46875	300360.28125	358087	416849.65625	276170.21875	347074.34375	379264.5	313600.375	213697.484375	301847	333465.09375	281583.25	323175.53125	296368.15625	372713.46875	395998.8125	402900.40625	283741.0625	435468.0625	342138.5625	436788.5625	391063.8125	345250	399337.625
P21170	819627.8125	933323.75	847652.75	1054777.75	642888	805988.6875	885862.1875	760281.3125	623262.1875	702578.25	836377.5625	666870.9375	856990.3125	825979.8125	875450.3125	941571.6875	972189.375	791374.0625	1085500.75	930122.1875	1020210.1875	955670.4375	819716.9375	994473
P21177	518815.65625	504761.1875	44199.375	81575.9375	529914.0625	430198.53125	710857.4375	571067.3125	644365.3125	615002.125	502956.9375	415794.53125	504161.65625	623890.8125	37525.65625	67765.5625	46654.62890625	66168.8828125	83524.515625	65694.9140625	67575.5703125	33686.26171875	92225.90625	55472.04296875
P21179	6279097.5	6681854.5	4648047.5	4714462.5	6215269	6174267	11354550	8571133	7451762.5	8095055	6806920	7294269.5	6822634.5	8170305.5	4689369.5	4823990	4457226.5	6269482.5	4665879.5	5159756.5	4401411.5	4189151.75	5222137.5	4585603.5
P21189	25162.14453125	25430.751953125	28329.50390625	23471.728515625	24303.896484375	24210.00390625	25767.83984375	30112.263671875	31060.369140625	27157.28515625	20400.615234375	14191.0966796875	25062.755859375	24426.3671875	30684.646484375	24286.681640625	26437.52734375	25891.47265625	21456.9453125	24589.744140625	21202.4921875	25485.544921875	26118.783203125	20804.26953125
P21338	120254.875	118068.4453125	207699.515625	173652.390625	142651.09375	110907.7890625	100815.640625	131255.09375	193437.515625	143072.65625	104471.609375	172005.78125	112977.578125	134047.265625	192227.8125	167549.25	187587.375	216224.140625	167775.3125	175200.75	160645.78125	176556.65625	197403.078125	161186.96875
P21361	294719.15625	213459.578125	103544.4375	107931.3828125	199347.015625	126906.7578125	126903.7734375	230855.359375	192626.796875	130925.09375	149236.625	604170.25	114156.9453125	127726.4296875	94473.109375	133339.21875	98346.546875	123563.15625	74837.5390625	117833.9921875	109441.5859375	63760.2578125	132039.9375	76144.1640625
P21362	489787.65625	501489.3125	141588.25	185960.765625	180983.03125	235515.015625	598438.25	349380.625	163910.953125	201128.9375	404079.78125	1634273.875	260393.75	260632.8125	104213.1796875	212533.4375	113397.9609375	193921.03125	190721.03125	227014.140625	190977.953125	111994.9375	170555.359375	200695.5
P21363	855937.6875	804736.625	306201.53125	428216.75	617414.8125	671702.75	1362397.25	976074.875	673081	741163.875	863188.625	2672221.5	677032.0625	701565.875	292722.875	446904.84375	316443.625	443981.65625	394668.96875	543801.5	443484.1875	248096.21875	422224.5625	370468.96875
P21365	139145.84375	167631.015625	115164.1015625	131505.296875	130281.5859375	199186.125	154332.046875	116538.40625	81191.5	140108.828125	192804.859375	95415.078125	151342.65625	98062.453125	109710.546875	134512.328125	121385.046875	73808.40625	160750.53125	118427.5234375	141793.53125	109220.9296875	88205.71875	145997.21875
P21367	2278350.25	2363058	700319.375	726124.9375	1900826.5	2246892.25	3930124.5	2677696.25	1569681.875	2111395.75	2804408.5	3129792	2167461.75	2298314.75	702133.9375	926880.5	751166.8125	848583.4375	892637.9375	830413.4375	893956.6875	805912.4375	674963	898518.9375
P21369	197890.75	189021.5	199791.484375	169155.78125	148382.84375	183850.53125	148657.234375	129979.3828125	152210.515625	149295.921875	207911.40625	363102.90625	137738.03125	177047.59375	188526.1875	204852.625	171485.234375	174426.1875	165083.21875	185541.953125	179337.6875	164140.453125	175074.84375	173132.8125
P21420	66718.265625	55950.3046875	22048.568359375	23014.208984375	78934.7109375	53138.3359375	54710.1796875	64337.203125	88604.859375	71880.53125	54013.2265625	99617.984375	52212.140625	60820.3046875	21031.890625	14429.3935546875	16811.466796875	20896.84765625	9097.544921875	22939.21875	12661.126953125	15660.552734375	26286.19140625	15876.388671875
P21499	954769.6875	972406.375	847153.8125	841136.5	904377.6875	1067641.375	860420.6875	841910.375	866548.3125	898181.0625	924834.125	679235.375	879607	854506.6875	785351.5625	808611.9375	831316.375	690253.125	815474.6875	800152.4375	826916.125	816377.125	784003.375	853645.75
P21507	579538.9375	595271.125	557817.8125	558613.875	546655.875	527613.5625	518814.09375	572688.1875	572508.25	565682.5625	516097.5625	402386.1875	527108.75	535098.625	541903.75	524881.1875	546949.8125	480882.90625	503978.15625	544721.625	526107.375	524166.90625	536387.3125	500648.875
P21513	1322000.5	1283389	1608881	1567338	1587407.375	1481477.375	1307635.625	1609795.875	1746537.75	1584495	1318095.375	1118939.875	1388817.25	1577881.25	1603082.625	1519587.75	1575736.75	1760677.375	1496867.25	1637155.5	1447869.5	1478589.875	1649672.375	1498132.625
P21514	166628.546875	155806.78125	36055.45703125	37453.65234375	122669.34375	149728.375	112668.15625	121275.8671875	118719.8671875	155420.890625	132074.953125	151487.25	127192.78125	141813	21894.17578125	30635.021484375	22554.572265625	36801.734375	40628.28515625	30711.58203125	34182.484375	30481.54296875	23480.826171875	27116.99609375
P21515	59426.68359375	49948.25390625	41241.98828125	22385.7421875	31436.166015625	22259.0078125	44791.4609375	34541.1328125	21842.921875	NA	27428.0859375	49363.56640625	31948.265625	34280.33984375	26462.25390625	34986.19921875	27722.5625	37416.59375	16928.486328125	14439.2724609375	15200.8720703125	18450.095703125	16902.490234375	22612.896484375
P21517	36800.4921875	43386.29296875	56351.87109375	50249.7578125	25265.15625	36498.703125	41870.37890625	42267.87890625	33352.26953125	42705.05078125	37406.56640625	15306.9052734375	29807.66796875	42788.34375	45470.23828125	43242.9140625	50237.79296875	45190.32421875	41165.7421875	56264.046875	42597.98046875	42240.51171875	62729.56640625	38908.98828125
P21599	6896949	6397860.5	6331619	6092293.5	6630817.5	6991073	4567963.5	5823177	6586157.5	5371113.5	6901552.5	4670375	5917842.5	5464721.5	6906415	6196328	6119811	5504786.5	5186773	5177306.5	6712229	7912080.5	5213285	6470387.5
P21645	628393.75	555771.5625	601702.1875	649559.625	721403.375	745552.5625	805283.0625	671665.5	619985.3125	692063	709446.25	616729.8125	620684.875	698992.625	608460.125	672199.375	570100.625	810760.0625	647212.3125	667259.6875	638259.625	647384.25	631245.75	640736.125
P21693	15185.76953125	12945.0908203125	20168.25390625	22247.87890625	10558.8466796875	10602.2841796875	18357.791015625	14344.8037109375	76745.5546875	17136.771484375	16975.943359375	NA	13200.712890625	19782.033203125	16300.244140625	20829.947265625	16361.7314453125	21173.41015625	18594.498046875	13044.7470703125	12035.9755859375	13684.5546875	21475.9296875	14198.0947265625
P21829	192083.375	199578.6875	191844.71875	179781.921875	166800.375	162014.609375	149131.078125	161562.09375	155835.578125	153600.625	161024.96875	193581.015625	179338.390625	162646.734375	179257.03125	167869.421875	181328.140625	171392.578125	163072.578125	159863.453125	174872.984375	164100.828125	182809.796875	159630.515625
P21865	139627.8125	144543.96875	104491.625	102831.8125	126960.4765625	148440.90625	146520.359375	137682.1875	126862.734375	121712.203125	129177.578125	84188.8203125	118731.1328125	105816.9140625	93851.375	98569.8671875	98528.546875	70572.3671875	88283.703125	100532.0859375	101305.078125	99045.8671875	93367.375	93595.609375
P21866	34477.31640625	36791.7109375	27450.470703125	27930.443359375	41686.5859375	31753.119140625	33808.82421875	37761.46875	35150.015625	29534.458984375	27703.751953125	44357.33984375	38110.08984375	32258.51171875	24431.59765625	28439.228515625	26197.87109375	32456.361328125	23232.298828125	28039.671875	29883.712890625	23642.55859375	25976.6953125	33657.44921875
P21888	960654.875	1000872	1284312.625	1225728.125	1089843.25	1066448.75	1048399.625	1106296.125	1202591.875	1103640.75	951295.9375	982696.1875	1001896.6875	1092796.125	1238815.875	1197974.125	1234228.5	1257161.5	1204576	1281774.5	1202583	1187087.5	1341927.25	1137611
P21889	3076054	3135786	2993828.75	3092153.5	3036825.25	3219767.5	2354501.5	2504880.5	2990702	2685432.5	2817320.5	2084326.125	2712257.25	2581766	2771993	2650035	2983975.5	2513305	2838328.75	2750176	2985257.25	3087381.75	2808636	2813141.5
P21893	143810.796875	155662.921875	150275.09375	158052.484375	129358.578125	140683.46875	140702.484375	129301.6484375	148410.25	130266.265625	136747.765625	91568.921875	131568.984375	136844.328125	145233.203125	134121.09375	137600.703125	120551.40625	147935.140625	134319.140625	144260.375	150480.203125	143751.109375	137622.546875
P22106	872075.4375	939371.875	1323443.75	1331864	935658.3125	857795.0625	822233.8125	845219.875	980241.75	900429.5625	826536.0625	694062.5625	836453.5625	922552.8125	1267510.125	1199739.125	1296659.25	1196828.125	1207422.875	1170425.75	1185897.125	1220093.5	1263900.375	1285574.625
P22186	206493.203125	197163.265625	181281.25	132499.46875	254479.34375	227585.625	207994.03125	191331.46875	223278.65625	245102.203125	238196.90625	403373.15625	199989.1875	192144.59375	168205.359375	139188.765625	132077.5	137972.65625	115182.9140625	156298.765625	170962.796875	156088.703125	152506.203125	160002.6875
P22188	359559.65625	375303.15625	360307.5625	367829.59375	325641.4375	307773.375	319476.40625	315281.78125	283889.90625	309611.5	303223.8125	305481.53125	338175.90625	327061.03125	386951.375	332145.625	382035.03125	310483.59375	360527.34375	358316.40625	354630.65625	353287.5	329699.9375	342076.125
P22255	1383917.75	1326922.25	1170733.5	1109482.875	1284072.25	1408191.25	1425001.5	1221198	1671136.125	1403294.75	1501903.375	2797442	1351414.25	1438043.25	1194933.5	1228636.125	1043396.25	1494664.625	1098630.125	1176148.625	1188782.375	1074325	1215865.125	1203592
P22256	2003611.25	2125290.5	532310.875	699651.3125	1348487.5	1598928.125	2559280.75	1529268.25	1063606.125	1638637.25	1771142	1656555.125	1828047.5	1647383.75	570351	720910	626520.8125	559502.1875	766382.5625	643211.4375	683582.5	517580.78125	562935	671088.25
P22259	14921781	15783812	2204988.25	2021691.25	12816606	14747705	13172824	12130605	10561140	13798251	13462324	9894803	15508649	13770120	2104831.5	1830869.625	1893181	1857698.5	1562493.125	2192911.5	1843871.25	2116339.5	2074991.125	1823502.25
P22333	137406.625	134708.625	209022.171875	205466.359375	137448.578125	140422.515625	127746.1171875	153562.71875	202791.765625	137566.046875	129112.0703125	193206.53125	120696.1875	146145.65625	209185.75	213175.078125	212064.890625	239064.71875	196399.921875	192755.28125	195331.84375	174726.34375	193387.5625	173341.40625
P22523	652402.0625	667260.875	726671.375	752902.25	681690.625	713886.75	718198.625	677567	644958.4375	700436.0625	688099.75	472474.6875	675212.875	697464.0625	703373.1875	696490.0625	726912.1875	666466.5625	753083.5	749590.8125	726192.625	704783.1875	734857.8125	717102.4375
P22524	403205.4375	398938.34375	441816.4375	374858.84375	385154.46875	407459.21875	406157.40625	347544.65625	397771.40625	378396.625	340071.25	404152.6875	368352	304657.0625	361623.125	379916.3125	393991.375	380798.40625	405162.5625	359518.78125	358610.875	391759.75	391247	355122.875
P22525	208733.953125	218206.125	253186.71875	237708.421875	210439.875	225608.375	194072.234375	238587.09375	247780.890625	226282.71875	198622.203125	164832.640625	192835.90625	228112.828125	224217.65625	237820.0625	255800.71875	273255.03125	241642.765625	268114.21875	228698.4375	221191.75	257803.515625	235786.421875
P22564	144793.265625	148693.4375	30875.125	34881.9140625	105814.3125	174031.328125	132499.78125	107089.6015625	80937.6796875	115981.0390625	172542.171875	92983.28125	163113.359375	86900.6640625	26585.232421875	25050.31640625	39924.6953125	36872.703125	30007.849609375	34819.84765625	38837.18359375	40092.77734375	31728.2734375	35564.1796875
P22634	248886.625	230259.5625	205717.40625	224413.015625	232882.046875	237027.296875	206495.046875	206468.421875	238128.734375	228249.140625	225597.671875	219232.8125	199314.734375	172221	198245.328125	201894.84375	196995.6875	221898.265625	211191.296875	187347.46875	200391.796875	212829.09375	236289.65625	199963.671875
P22729	114326.0859375	136086.25	50551.484375	97682.8046875	34696.60546875	75676.203125	79972.3046875	33727.078125	42147.91796875	27243.228515625	101550.3515625	150292.828125	56624.83203125	37027.73046875	61491.9140625	48816.13671875	67411.2890625	41116.6171875	81832.015625	53470.87890625	87338.4453125	58910.8359375	38215.55078125	51219.8828125
P22731	717669.4375	747043.0625	794766.6875	795033.9375	658921.375	751815	824195.125	743159.8125	704140.625	696383.8125	798533.1875	682091.1875	802992.9375	790151.8125	695402.75	698051.5	750105.5	859723.6875	756717.8125	762205.25	713403.625	642399.75	844971.625	764081.6875
P22939	458371.0625	406575.59375	411829	333620.75	526877.3125	471255.9375	421973.53125	549232.25	625469.8125	500843.65625	477750.5625	780464.8125	415023.75	511371.15625	414758.5625	383337.6875	340725.6875	487179.0625	313749.5	302605.75	324714.03125	323018.46875	409268.6875	330179.5625
P23003	92942.875	93838.4921875	96356.1328125	92221.4140625	83918.8984375	100393.2734375	95512.5	67398.421875	65165.7265625	73199.0546875	95293.2578125	90008.21875	84849.3671875	72567.6484375	86113.65625	86668.6640625	95846.59375	72417.109375	98480.5859375	89236.015625	98733.8671875	93290.0625	84840.7421875	94725.828125
P23200	504568.40625	104589.25	NA	NA	65132.25	177697.328125	170562.5625	39014.2578125	10914.3388671875	48125.48046875	277184.3125	398088.21875	318172.9375	121269.65625	NA	NA	NA	NA	NA	NA	NA	NA	NA	NA
P23256	228068.890625	195532.34375	128298.28125	131355.9375	278273.65625	279513.0625	220444.1875	261926.578125	292848.71875	279348.6875	221903.796875	176776.078125	236325.203125	270728.875	114231.3046875	115282.0859375	110227.59375	123189.1328125	114947.09375	132523.671875	124143.8828125	124567.875	138003.375	104936.5703125
P23305	167328.953125	187306.296875	208452.71875	211222.96875	211558.125	183286.671875	174475.4375	197450.375	155672.984375	196966.984375	190613.84375	159192.375	198219.28125	195388.5625	215812.09375	175774.734375	205758.125	215305	199582.328125	190166.78125	203400.03125	206106.8125	204415.859375	220026.9375
P23331	228092.71875	171109.703125	112507.328125	149368.265625	170650.421875	212309.53125	145900.828125	146069.71875	183146.75	162237.390625	256367.734375	330061.3125	186236.1875	176380.09375	149418.765625	188273.328125	191284.40625	225674.765625	234171.40625	126934.921875	197188.1875	152984.796875	143885.84375	211109.21875
P23367	103399.4921875	101873.8046875	99562.3359375	92644.5	95776.1875	114391.4140625	110105.8984375	91270.03125	89661.2421875	101074	107359.828125	71902.640625	110356.78125	90980.9921875	94660.0546875	91723.1875	87351.6484375	86235.3515625	91975.2890625	88271.1328125	97243.6796875	104482.7578125	83945.4609375	97012.328125
P23485	20443.732421875	11955.1005859375	28909.49609375	45360.37890625	12808.455078125	10699.013671875	19893.828125	21875.90234375	NA	22740.431640625	14603.0078125	39074.51171875	17137.703125	14809.1396484375	27744.75	37564.58984375	31019.5078125	27676.384765625	42830.8671875	38570.0703125	47851.70703125	25623.958984375	21112.82421875	51630.66015625
P23522	107435.6796875	83613.2109375	51742.53125	36462.12109375	114369.6328125	145055.59375	99652.8125	95006.9453125	210639.703125	71476.5703125	93204.96875	163969.25	82313.9921875	49772.05078125	51822.8359375	21009.859375	19900.05859375	NA	20144.51171875	16846.8984375	39225.9453125	23844.81640625	22440.302734375	27985.734375
P23538	7222122.5	7350906.5	1079620.75	982582.1875	8167220.5	7856137	8039809.5	8090344.5	8427806	8038964.5	7577498	5891548.5	7316464.5	7809209	925415.125	814797.3125	1036827.5625	865652.375	974993.0625	1050129.625	943812.4375	1137513	1107561	923508.8125
P23721	6238245	6274885	11798547	11688124	7177849	6556514.5	6451147	7374933.5	8004034	7379649	6146087	6795224	6795352	7601581	12089183	11479280	12004658	14504623	12364843	13677237	11484795	11277982	13535848	11808773
P23827	205586.515625	165755.984375	110143.984375	89319.8984375	216395.203125	171536.828125	101092.03125	206340.859375	303210.875	193742.234375	161359.953125	342962.09375	168387.171875	194827.71875	97169.8828125	104621	101507.515625	120098.78125	91748.5234375	96639.7265625	87505.5546875	98509.8359375	103908.4609375	97025.9140625
P23830	769182.875	817665.5625	506757.5	600142.875	643017.5625	844823.875	805733.5625	564585.1875	506061.75	592945.0625	812012.5	664972.5625	687741.75	565820.875	505349.28125	517798.09375	552465	337259.1875	573465.6875	500177.6875	611849.25	591046	469407.3125	580051.125
P23836	2389231.25	2307117.75	2428944.75	2408692	2307010	2495540	2069893	2189094	2037176	2211073	2425505.75	3565273.5	2296198.5	2148149.25	2275581.75	2221145.75	2503475.75	2065161.875	2404072.25	2306981	2418438	2383416.5	2279809.75	2301090.75
P23837	167772.9375	175813	163955.453125	163401.640625	217794.65625	203858.765625	228242.25	198307.796875	186589.609375	214262.609375	197679.25	125077.34375	187728.140625	186484.34375	170831.78125	173225.46875	158334.515625	154422.984375	164283.6875	162399.015625	171705.65625	148471.453125	173041.3125	162192.78125
P23839	1608742.875	1578023.375	1334067.375	1660267.5	1410951.625	1802036.75	1692621.125	1269491	994702.125	1223313.875	1711566.875	1655235.75	1643460.625	1227316.375	1526108.5	1736998.5	1740258.625	1224939.375	1718228.375	1304926.875	1658606	1745134.625	1356911.375	1749982.375
P23840	69727.9609375	36610.08203125	25327.63671875	25243.01171875	35008.4609375	29989.7109375	44498.69921875	35930.17578125	38916.421875	40167.7109375	45806.35546875	109305.6015625	42936.921875	42906.25390625	10465.041015625	34459.42578125	24876.037109375	32744.59765625	21633.3671875	45260.4140625	22510.716796875	26890.734375	22942.966796875	34492.78515625
P23842	65077.06640625	82684.421875	65501.6640625	64686.984375	69133.96875	59550.50390625	74469.0078125	54579.08203125	47117.88671875	53630.390625	72877.5625	20555.27734375	69481.0234375	58569.69140625	67297.7421875	58086.9140625	67921.453125	45259.8671875	53517.25390625	61197.16796875	66425.40625	59211.0390625	60831.73046875	47888.7265625
P23843	18638404	16442938	23770498	17144552	27504400	22674956	13948869	29500416	47354708	23696612	18988384	29519586	16081406	24173044	22981898	21091696	18375264	31087220	15148358	20348796	16298044	21890246	19956966	18582904
P23845	2641976.75	2673340.75	2866508.75	3295535	2129487.5	2514376	2324987	1827427.25	1525772.5	1967311	2561644.5	2267013.75	2457970.75	1886087.625	3160913.75	3215833.25	3298889.5	2235458.5	3571131.5	2630389.75	3383248.75	3519833.5	2604099	3593631.5
P23847	15336438	15967348	9216910	8844879	17028802	16821984	16194610	17652048	21602832	17964044	16777802	24120428	15758540	20000986	8480591	8759415	8380721	11967926	8194579	9353843	8044473.5	8858078	9425465	8480842
P23857	1054870.5	857035.75	321458.5	207204.796875	1470136	1094282.25	799498.3125	1317072	2563195.5	1203379.125	1217898.375	2413928.75	1102750.25	990055.1875	323151.125	280737.65625	259575.546875	318078.4375	202829.640625	270991.125	212631.625	221804.734375	297063.34375	243114.453125
P23862	82520.9375	69533.9375	41254.38671875	47134.15234375	33024.85546875	72910.953125	73764.1015625	43255.94140625	36241.23828125	48506.28125	74455.1484375	134942.40625	48890.0859375	40954.296875	39506.5	42823.37890625	41494.14453125	25962.7890625	50098.9765625	31913.46484375	52851.05078125	33272.234375	36827.640625	44227.13671875
P23865	1148806.5	1090443	1207853.375	1243334.625	1066989.5	1184631.625	1247044.125	1075228.5	1029216.0625	1080436.625	1244290.75	1102807	1120341.625	1065697	1163558.625	1284875.75	1172665.75	1248051.375	1286173.25	1152536.375	1220620.875	1147340.875	1211864	1293804
P23869	2783320.25	2895742.5	3272504.75	2855830.5	3191521	2437842.5	2550028	3385382	4274143.5	3083412.75	2569045.25	4686707.5	2848431.5	3013573.5	3423243.75	3062360.25	3196492.75	3813870.75	2960978.5	3448892	2856302.75	2982737	3643940	2799178.75
P23871	108808.3515625	120650.265625	155387.21875	163738.125	102276.2890625	96180.484375	148717.453125	123690.8203125	90768.9921875	118194.9765625	99033.609375	136299.328125	116918.5234375	121138.515625	141501.671875	129305.7109375	147057.53125	137604.328125	139255.09375	152537.640625	135318.21875	131762.25	151500.296875	136451.96875
P23872	40227.68359375	38926.03515625	26095.283203125	23501.3828125	31420.283203125	35523.5546875	30889.998046875	35200.98828125	50316.76953125	21782.5625	28275.568359375	36288.5546875	21517.619140625	23813.744140625	16937.51953125	15714.2412109375	18862.9140625	11203.7099609375	18488.201171875	18686.927734375	33204.59375	15484.04296875	19527.8125	7072.0595703125
P23873	32971.9296875	37652.7265625	20484.634765625	21239.412109375	44554.19921875	27760.90234375	28455.9921875	43239.734375	53126.61328125	45337.13671875	26850.193359375	36418.6171875	28011.521484375	27902.44921875	29727.498046875	21641.845703125	29444.095703125	30344.296875	26630.8828125	34239.1796875	29358.509765625	26610.80859375	41670.16015625	19842
P23878	73015.7421875	86399.6640625	86891.5625	102827.515625	30380.994140625	47378.1328125	73984.5	35218.20703125	45641.66796875	24779.697265625	61534.13671875	89874.859375	83893.453125	50877.4140625	71584.8046875	72855.484375	84300.2109375	54137.703125	100198.1328125	79226.3046875	107015.84375	76993.8515625	40383.453125	124881.765625
P23882	937075.5	957901.1875	947201.6875	924370.4375	1075552.375	985728.8125	981868.5625	1062098.375	1158304	1112354.125	884292.25	908503.5	870716.875	1061665	955457.75	885554.75	892084	1158162.25	895183.125	982925.375	873119.5	859083.3125	979532.125	817337.5
P23883	60052.08203125	46950.46484375	94727.65625	56488.42578125	64111.76171875	35122.05078125	52617.0078125	63795.3125	76198.9765625	59837.78125	67338.5078125	42422.86328125	49595.30078125	67067.3828125	59248.51171875	64869.703125	70353.09375	73343.3828125	65015.4296875	48572.96875	52190.46875	62797.55078125	101723.546875	64424.1640625
P23886	291453.125	271146.96875	200357.453125	242903.15625	234599.953125	304049.5625	332670.875	192802.171875	186953.953125	216499.515625	303243.40625	204476.78125	269048.375	197674.453125	216370.34375	225967.765625	228539.421875	154417.671875	240970.78125	203326.78125	256948.34375	226397.359375	193545.8125	230045.953125
P23893	2351740.25	2426881.25	2861084	2767111.5	2532672.75	2361660.75	2688030.75	2830012.5	3170308.5	2841376.25	2271152.25	1821746	2484821.25	2806161.5	2894320.75	2720558	2916420.75	3580322.75	2802931	2919539.25	2657619.75	2669288.25	3156871.25	2576265.25
P23894	847696.625	766687.875	804042.0625	677833.1875	1196959.875	1086974.125	759261.75	1071657.125	1138966.875	1089555.375	956312.5625	776993.8125	1041638.375	1114278.125	880751.6875	809047.5625	938829.8125	978384.375	768030.75	781575.625	740879	848838.625	887932.4375	749028.0625
P23898	50069.24609375	41357.24609375	59072.13671875	50891.9765625	63828.7734375	55950.51953125	55335.64453125	60385.16796875	68735.1640625	53558.1015625	55756.5859375	109896.3515625	56398.16015625	61874.0078125	51192.43359375	52695.62109375	55591.21484375	62532.34375	50757.41796875	58986.9140625	45806.86328125	47795.08984375	54027.18359375	47438.546875
P23908	1592379.25	1503039.5	1505000.625	1466989.875	1437189.25	1337887.375	1532547	1365612.75	1266065.25	1458547	1458909.25	2512767.25	1451715.875	1508481.75	1492436	1545431	1560616.375	1494429.375	1599846.375	1534561.625	1518771.875	1471862.125	1753300.625	1610177.125
P23909	152890.546875	151833.375	175492.296875	168862.28125	179488.296875	173729.484375	161234.359375	186763.546875	194620.203125	177556.90625	161015.609375	96725.4921875	150650.90625	187187.328125	156425.9375	148242.109375	158499.125	177771.171875	156964.59375	164696	148350	160178.1875	166872.015625	158051.3125
P23917	295351.625	308220.59375	237169.015625	231916.125	255274.625	261660.40625	343722.875	307366.25	424174.34375	305522.84375	262268.5625	253100.328125	274545.65625	256349.984375	254201.484375	228117.6875	228906.734375	288675.46875	240573.8125	254451.546875	195909.359375	200169.46875	292543.53125	205252.671875
P23930	211689.390625	232748.1875	215470.6875	212826.59375	208020.390625	221409.921875	257818.21875	270990.5	273588.34375	245032.078125	187355	130094.6171875	201960.75	231436.25	188304.59375	184294.265625	180365.46875	220703.265625	203899	193356.078125	187918.84375	184306.03125	202066.234375	188429.578125
P24077	7010.322265625	7344.47802734375	6541.02880859375	9409.0732421875	NA	1168.18237304688	9966.9384765625	2695.06103515625	NA	1705.91223144531	5101.29296875	729.240173339844	5628.69677734375	2155.43408203125	5043.45654296875	5198.13818359375	9156.017578125	2152.37817382813	14024.1083984375	8998.072265625	12544.8857421875	6252.25439453125	3102.27978515625	12011.9326171875
P24171	682650.75	724534.4375	778379.0625	768960.6875	761302.1875	734998.375	747249.75	746363.5	730475.8125	745370.125	710966.0625	558722	712637.5625	767860.0625	799946.5	746388.4375	824805.5	779955.25	793952.875	830499.25	773826.5625	759205.3125	837091.5625	777939
P24173	124553.875	157319.796875	128706.03125	156431.28125	92460.4375	126636.953125	140518.0625	94089.9453125	57601.88671875	100669.7578125	125824.046875	121400.5859375	130417.015625	89597.7109375	98319.5078125	117876.8671875	107902.1796875	54654.59765625	135179.84375	109095.84375	134866.21875	127682.578125	91056.609375	128333.59375
P24177	116031.6640625	113621.359375	93743.4921875	79926.671875	73574.8046875	70590.578125	88755.5859375	82418.0703125	138780.265625	85190.109375	64936.640625	128441.9375	69663.921875	63723.16796875	66766.2421875	68764.4765625	68338.828125	81628.9609375	62918.28125	67602.109375	65455.25390625	60305.0703125	79636.21875	61637.48046875
P24178	284456.25	266831.96875	265678.0625	230404.25	273890.5	241894.015625	227327.875	276861.4375	395023.15625	276199.5625	251342.28125	625929.6875	254849.53125	265533.0625	269707.71875	262450.65625	266009.03125	324863.34375	236525.859375	258600.15625	222621.703125	236133.28125	296867.0625	221161.203125
P24181	55471.2265625	59483.7890625	64726.98046875	83834.625	96391.4765625	123239.3984375	124069.9765625	97693.8203125	56344.4140625	104291.5703125	100312.203125	NA	91371.5078125	NA	59714.53125	97203.6171875	75975.296875	48948.62109375	106150.9921875	88134.7734375	95834.0703125	78707.703125	16638.783203125	101345.671875
P24182	1656842.125	1663222.75	1997734.125	1997002.125	1563484.875	1655914.875	1796416.875	1671937.625	1447493.5	1611468.375	1521269.25	1135125.75	1763168.125	1661793.625	2063452.625	2011473.25	2051663.25	2030561.25	2055609.75	1992107.5	1989591.25	2014654.5	2044211.625	1957135.875
P24186	2259753.75	1896565.875	1810659.125	2061985.25	1566006.5	2114428.25	1732396.375	1472706.25	1393208.75	1613776.75	1939339.625	2345732.5	1695910.5	1586888.75	1601281.625	1888572.625	1757650.125	1700489.125	1927584.125	1580396.75	2163479.25	1980088.875	1541928.625	2080921.375
P24188	45082.078125	46460.76953125	36011.82421875	36707.859375	27918.439453125	24887.7734375	88663.2734375	51071.671875	30855.341796875	31923.90625	57851.4921875	96188.734375	43868.10546875	49618.1875	33465.91796875	54252.67578125	30358.509765625	37164.48828125	63087.28125	33521.9140625	39444.31640625	28610.810546875	42961.23828125	44313.59375
P24192	259205.703125	198681.953125	326506.625	317056.59375	172907.671875	225162.625	219783.34375	185051.640625	183871.65625	171403.234375	223393.6875	103423.5078125	171654.90625	139853.8125	293562	249304.9375	302577.40625	246034.65625	169638.9375	254379.8125	302496.15625	321734.53125	267147.125	272192.46875
P24193	209728.84375	215204.703125	224056.453125	199248.125	181938.109375	246668.578125	160481.453125	148926.421875	174671.90625	154304.28125	225262.125	239239.25	160787.09375	136640.796875	245108.421875	220636.71875	218038.25	190741.796875	176618.1875	176134.921875	243295.8125	272020.9375	175906.65625	235438.671875
P24197	23680.642578125	23190.505859375	30313.6484375	31225.18359375	31379.578125	30995.748046875	20714.70703125	30121.306640625	37390.2109375	19621.529296875	19060.146484375	26033.248046875	21257.521484375	27025.986328125	28856.19921875	14678.7314453125	23812.025390625	47332.64453125	27249.12109375	25159.962890625	16546	27605.3515625	22600.09765625	21592.044921875
P24202	350736.9375	342549.90625	285055.59375	282902.15625	395789.5	406827.78125	324181.28125	405853.3125	400193.40625	395723.53125	386178.53125	331775.4375	357492.0625	398321.96875	303625.28125	237322.21875	289639.125	322020.65625	258429.578125	303216.9375	273875.78125	277663.34375	338426.96875	264353.6875
P24203	1111228.75	1177188.875	279813.4375	309492.125	1065733.875	1203211.75	946308.375	959454.6875	839998.5	1027767.5	972540.3125	1121788.75	1074332.625	993149.25	271333.71875	265528.0625	255379.015625	216353.828125	259882.796875	279300.75	285438.71875	306538.875	257399.40625	283208.40625
P24205	186326.140625	182086.296875	209285.984375	225187.640625	168850.5625	170140.59375	167450.734375	173821.734375	152381.390625	169372.265625	162468.96875	148260.796875	166146.046875	172461.078125	190481.40625	172454.640625	202758.484375	154029.515625	203086.21875	200066.015625	177377.546875	188468.234375	175273.328125	184942.90625
P24207	27829.634765625	32621.2578125	24176.40625	33228.95703125	30121.642578125	38966.2421875	25820.58203125	33152.71875	18625.78515625	25376.2109375	33372.68359375	32000.849609375	36243.28125	29129.69140625	34697.68359375	42964.4765625	40479.625	32001.33203125	32951.41015625	24428.68359375	33454.140625	41949.09765625	23393.39453125	41718.140625
P24215	746634.25	780494	436930.8125	461057.875	798298.4375	739439.625	1129687.375	873885.3125	866400.25	861786.75	834394.4375	1125260.875	810042.1875	872171.4375	445014.5	470130	446783.03125	549938.125	501005.25	495014.46875	480117.34375	412952.34375	530558.875	515857.5625
P24224	99772.640625	92501.1796875	80875.921875	98898.078125	100536.140625	133651.921875	88423.421875	81658.9765625	86043.25	86294.2265625	109851.796875	127905.625	96828.2421875	75345.984375	89200.5234375	96374.78125	94910.8359375	72480.171875	99165.84375	75671.9140625	102277.5859375	103230.6484375	84134.1953125	100327.609375
P24228	88157.765625	106929.8515625	119980.609375	126374.625	78609	83239.25	103785.703125	89709.375	85968.5234375	92401.1015625	88726.296875	63153.16796875	81114.546875	92570.234375	112829.828125	111824.1953125	99570.3828125	108252.9765625	111279.4140625	114578.796875	108763.765625	101950.796875	126625.1640625	99013.421875
P24230	9456648	8876791	9317356	9761307	10667600	11308320	11449148	8462149	7619296	9333427	11141938	7456071	9977904	8948077	10384032	9001588	9776852	8281999	8944597	9132810	9360205	10553060	8801517	10082391
P24232	1411853.25	1405406.25	753177.4375	692065	1513546.875	1341469.875	1262754.875	1669091	1959776.5	1680700.5	1413553.125	2470252.25	1563000.625	1578176.625	688894.625	648107.25	704470.875	923620.75	675966.9375	891564.3125	645487.625	691841.6875	928926.625	707648.25
P24242	26444.88671875	31022.888671875	22121.32421875	23792.55859375	24867.3671875	26594.37109375	26392.466796875	30054	39819.140625	29659.52734375	26558.49609375	16734.6953125	26129.302734375	28661.060546875	21846.033203125	18949.744140625	19195.140625	22479.345703125	16205.83203125	21510.80859375	19307.03125	17103.578125	23228.12109375	18103.103515625
P24251	1781261.5	1596581.5	1768588.5	1802969.5	1708431.875	1680659.625	1709184.875	1497534.875	1010736.75	1769418.25	1659693.875	2166890.75	1890938.375	1552376.75	1450397.125	1515903.625	1819773.5	929162.375	2126566.25	1567110	1496199.125	1462543.875	1683385.875	1703974.125
P24252	117922.6953125	168246.609375	83849.5234375	154107.09375	68313.859375	90428.625	234235.09375	93447.359375	25679.212890625	101863.609375	130693.203125	164022.96875	97105.109375	80893.5703125	68771.8984375	97413.5859375	126483.703125	52372.20703125	160662.3125	93599.453125	119637.640625	101248.2421875	61977.59375	126965.625
P24255	412915.71875	450705.75	439211.25	468083.125	323342.15625	393311.59375	417899.125	358677.96875	330680.5	339754.125	411994.4375	418155.71875	362433.3125	353502.21875	387794.5625	414561.9375	405780.75	310563.75	390157.03125	393490.15625	439841.1875	434111.3125	373563.09375	389433.28125
P24554	197235.953125	204612.96875	234249.890625	234563.09375	190630.84375	196570.109375	200039.40625	178725.171875	202257.46875	187653.25	192638.671875	120097.8203125	189045.71875	181812	238605.28125	241982.046875	231497.6875	175027.5625	260711.890625	232673.09375	262632.09375	240152.09375	224190.875	245200.625
P24555	108825.8359375	112172.0390625	99816.40625	111992.234375	106880.5859375	118757.1328125	133251.390625	128830.4296875	102473.015625	126501.1796875	119605.34375	108119.375	117973.6640625	108198.390625	93490.296875	109163.2265625	98894.609375	95976.9921875	107098.203125	112101.8984375	96673.2578125	95388.0703125	87842.5859375	100311.0078125
P25397	362782.59375	357842.84375	390897.78125	398006.375	391290.15625	383511.21875	366500.1875	369314.0625	345453.625	394213.59375	349589.15625	514572.75	344909.90625	382428.71875	387640.5625	363337.65625	400150.75	390373.46875	400256.875	409841.625	388056.6875	413633.28125	392800.875	398407.8125
P25437	565690.6875	555592.5625	387370.9375	426574.59375	479032	536102.6875	523324.53125	437447.28125	407832.96875	494858.09375	556556.625	533028.5	525147.4375	487092.09375	431211.4375	409916.3125	384140.6875	378582.65625	399721.15625	365027.75	440126.6875	435636.59375	364561.78125	464488.53125
P25516	2670601.25	2714926.5	964056.125	1084314.5	2820194	3124374.5	3090068	3036830	2912972.5	3262208	2610057	1952359	2867178	3023252.5	897732.0625	957131.8125	1090133.75	1182035.25	1142440.75	1124012.375	960480.1875	804392.25	1446636.875	950038.8125
P25519	403650.125	372051.3125	384775.65625	397911.3125	346808.96875	379425.59375	379330.1875	344787.90625	284793.53125	342538	345059.9375	263224.78125	361752.5	328889.4375	406511.40625	383176.0625	407621.6875	303137.25	385655.125	366278.3125	373065.25	399668.71875	358672.09375	400545.90625
P25522	852751.125	838685.375	731779.4375	693068.6875	904130.8125	915938.625	954634.3125	857730.125	885414.9375	881197.6875	936891.5	1151453.125	866768.8125	892692.1875	734799.5	780575.4375	708684.5625	700800.875	783457.1875	762005.4375	720645.5625	751293.75	736576.3125	749258.4375
P25524	1937165.625	2022318.875	2178742.75	2067649.375	1647056.125	1742630.25	1851316.625	1592250	1545902	1615793.375	1838578	1392026.75	1751108.625	1512820.375	2133341.25	2038659.875	2240412.25	1794329.25	2182746.5	1833917.75	1930202.625	2150547.25	1825544.875	1901557.125
P25526	2521027.75	2606074.5	886930.75	1078081.875	2298152	2310227.5	3883003.25	2822792.75	2134849.75	3049277.5	2491759.25	2228443.25	2641391.75	2732848.75	914947.1875	1048820.25	1024753.8125	1039811.6875	1165604.625	1178232.625	1112351.375	842930.1875	1025744.1875	1068514.625
P25534	81275.5546875	83867.3515625	74110.8984375	77690.1953125	58608.66015625	78645.6953125	68079.8515625	66661.8984375	59471.453125	51258.1015625	63909.5234375	27742.1015625	64178.91796875	49055.984375	70870.859375	58512.1953125	74290.3359375	52835.43359375	64047.3984375	69938.953125	68883.5546875	68593.8828125	69332.4453125	61915.58984375
P25535	249148.78125	248806.15625	283237.625	285485.25	215397.203125	271083.78125	231834.84375	235563.125	207704.734375	235692.640625	231855.578125	175787.078125	236060.53125	223850.9375	264829.15625	261313.765625	258560.875	244115.890625	256661.75	228759.78125	271214.125	294185.1875	248351.625	256881.90625
P25536	129031.9765625	143904.125	213132.140625	191759.03125	127538.8046875	142563.765625	132837.390625	130272.6875	78004.625	137478.34375	155209.8125	197514.96875	118180.5390625	125500.7421875	182126.96875	165793.5	167657.53125	137240.921875	190103.921875	174817.421875	182293.421875	173446	155821.796875	184344.859375
P25539	379023.8125	389966.8125	337222.71875	333154.75	403056	346871.8125	349207.53125	394354.5625	460971.96875	412254.71875	338985.34375	296687.59375	350581.03125	384203.53125	301474.21875	279505.59375	305035	333255	295764.125	308689.25	279727.0625	286291.03125	318385.75	271547.53125
P25552	164945.84375	160170.390625	135615.640625	151974.265625	117164.46875	169132.390625	146592.71875	119644.28125	70731.5234375	125211.0390625	169973.78125	97972.5390625	161273.0625	118216.09375	130545.53125	135493.484375	143447.140625	86242.9765625	163345.53125	129122.3984375	166969.53125	156515.453125	118875.453125	159414.0625
P25553	31734934	35956852	1374287.375	2773254.75	24287056	30207520	44981224	27593408	18253582	29311516	35113408	27558592	36448180	29159376	1570245.5	2215480	2307044	1561960.75	3015998.75	2516973	2716407.75	1443691.625	2882732	2510181.25
P25665	22957914	25940986	34756628	36178936	24683706	24586444	27787718	24393584	20072074	25344328	21732242	19181088	25003474	25766890	31772026	29277250	36983572	30527980	39659700	36860520	35699132	33812620	31494560	34811436
P25714	577091.8125	592955.625	610790.875	651510.3125	708044.5	672186.375	696956.375	708286.875	746084.3125	745868.25	649862.5625	393459.625	625823.1875	712251.375	602308.25	630764.25	614110.9375	712912.625	660944.5	622548.5	634119.625	618871.75	686882.75	652620.0625
P25737	178304.203125	164539.875	174328.640625	232971.3125	95403.53125	165369.890625	99858.109375	65635.859375	67035.8125	81901.328125	115549	141193.15625	109994.4609375	79892.3828125	214286.171875	210457.21875	216282.328125	115163.5859375	228540.234375	156805.546875	257677.171875	230574.71875	160200.546875	207599.78125
P25738	1004740.25	805894.1875	844561.875	587901.8125	956752.1875	776863.9375	1204442.25	869730.0625	1144669	969442.0625	1010954.875	3122469.25	819760.1875	739592.625	733346.4375	743512.875	617475.625	762926.5625	692610.75	786772.25	804434.8125	577667.25	604844.125	746051.5
P25740	123363.078125	112650.2109375	103687.53125	105706.609375	120658.6640625	115029.453125	136367.921875	115108.859375	122821.8984375	127253.1796875	120926.984375	81779.2578125	119560.1328125	126873.453125	95042.5546875	90108.78125	102966.8828125	85944.8984375	91232.828125	100049.3203125	86661.9375	91048.6640625	104337.8984375	99193.5390625
P25741	183281.3125	151502.34375	129690.9453125	123550.90625	167111.25	159921.296875	139350.4375	140248.828125	153755.65625	137976.34375	139302.09375	115066.9140625	123687.59375	145365.71875	126416.5703125	101667.7421875	125959.9453125	121872.6640625	116621	120158.484375	97421.9765625	95171.1953125	128080.46875	119210.140625
P25742	140798.1875	143543.765625	125946.515625	143101.890625	156576.03125	165920.625	138653.734375	135084.828125	116075.1640625	150542.1875	141172.046875	114390.859375	146673.703125	145924.265625	124497.40625	125843.5390625	120826.7421875	114501.15625	120897.25	129796.3125	125483.9375	111741.5703125	142001.703125	129400.875
P25745	531961.5625	536731.125	719786.4375	651162.4375	462413.78125	407512.78125	427250.375	503923.90625	526959.9375	519459.21875	410202.375	458209.875	476205.375	534456	668402.6875	603383.25	618995.0625	660747.0625	588429.125	662031.9375	599461.8125	617927.75	708068	591710.75
P25746	247437.5625	228745.515625	163187.875	161367.84375	203182.96875	284383.1875	192751.953125	130981.8203125	103273.71875	148122.9375	236959.921875	167880.921875	213240.3125	116744.3203125	193778.4375	189752.578125	192185.15625	91712.6015625	194779.234375	137590.5625	210890.734375	206047.484375	123759.9375	177135.859375
P25748	29483.21484375	19749.40625	NA	NA	28858.4921875	32811.38671875	21884.9453125	28412.94921875	13669.75	23145.98828125	31580.943359375	21338.337890625	29296.662109375	19872.4296875	NA	NA	NA	NA	NA	NA	NA	NA	NA	NA
P25798	47141.1328125	18039.822265625	32822.6875	20152.48046875	30741.671875	28350.259765625	55225.4921875	80204.7265625	39670.6640625	45831.359375	53950.70703125	47250.7578125	48726.375	72762.828125	12268.86328125	12718.98828125	15589.4931640625	20852.720703125	20071.26953125	24752.9296875	NA	11865.9599609375	17964.658203125	NA
P25888	2294899.5	2335156.75	6259851	7465159.5	2138611.25	2235710.5	2236974.75	1966606.75	2026027.75	1541656.25	2072566.625	2498991.75	1874504.625	1729674.625	5716495.5	6912822.5	5919808.5	5723897	7233754.5	5392120.5	6786773.5	5289856	5669121.5	6373113
P25889	128944.2421875	125018.7734375	47170.65625	37854.89453125	262176.15625	162830.5	51250.5078125	130720.109375	420958.53125	139784.921875	128633.5234375	89115.421875	100422.5546875	165236.8125	40003.01171875	27195.48828125	28004.876953125	43209.5703125	33826.34765625	49711.5546875	22667.51171875	33045.66015625	45304.6015625	16683.142578125
P25894	481518.3125	512763.34375	315475.34375	297246.46875	605049.1875	506822.15625	642475.4375	583959.25	768963.625	618603.4375	521302.3125	1096170.125	524268.53125	542687.6875	325275.96875	345329.09375	308228.03125	417411.6875	334496.03125	339758.40625	296461.0625	259200.53125	381712.96875	300975.3125
P25906	939806.0625	897609.0625	456935.96875	433559.125	932198	896411.3125	942940.0625	940619.1875	1035384.75	944587.25	871992.5625	1411628	810873.8125	876303.625	445144.5	444285.53125	449585.5	430405.8125	446502.15625	480920.125	424164.46875	424614.84375	449900.59375	452788.875
P26281	115309.7578125	99764.3046875	135025.84375	118324.859375	148063.171875	126412.515625	95868.390625	145727.546875	171823.125	131347.21875	127391.9921875	242920.265625	139515.015625	142925.171875	149440.5	129808.34375	134105.390625	184290.375	120825.671875	151611.28125	126733.5390625	128797.484375	173198.125	133914.734375
P26365	54023.0625	27006.279296875	58583.94921875	51421	31646.609375	33308.11328125	27549.24609375	29695.25390625	23705.896484375	35409.2109375	38617.2578125	35929.5703125	38533.80078125	36076.0078125	47438.234375	39042.79296875	38317.3359375	54962.83984375	40929.76171875	50744.0859375	38878.2421875	41159.8125	46768.609375	36897.42578125
P26459	29448.197265625	22818.736328125	65692.84375	58165.9140625	15859.5166015625	15888.4208984375	16488.171875	23720.37890625	12417.1025390625	NA	20448.138671875	14959.451171875	9052.0263671875	NA	46556.19921875	63118.21484375	36850.984375	29721.7890625	23090.265625	45008.2109375	55964.9921875	70320.8125	36603.2578125	32544.701171875
P26602	112133.1953125	104179.546875	95763.2734375	92595.921875	147280.109375	132789.53125	122514.578125	144302.765625	116432.71875	157024.203125	129547.5390625	185197.71875	146753.09375	124306.84375	99925.390625	94168.6484375	110486.6953125	96839.6953125	104186.7890625	122504.6015625	102444.0625	85437.6171875	77707.296875	95949.6171875
P26612	938596.9375	971238.25	577549.5625	831815.1875	725656.1875	795972.375	1200136.5	850605	714099.4375	845305	951553.375	1543141.125	937411	908732.1875	577785.375	759066.75	692524.1875	840330.3125	837331.1875	732969.25	737558	724978.625	681976.4375	760087.9375
P26616	850868.8125	896627.625	520832.6875	522722.34375	956504.125	1040407.1875	868218.0625	757522.5625	648921.125	845126.1875	866612.8125	630243.375	925549.625	767754.9375	472894.21875	512700.125	542731.3125	377390.09375	587008.75	527521.125	532003.5	523652.9375	518654.53125	535097.375
P26646	748598.875	767687.8125	748939.1875	684116.375	671152.625	735300.1875	821698.0625	792974.6875	822819.8125	757702.25	698735	760464.875	714755.6875	742342.4375	703386.875	619082.25	637258.375	680562.8125	560912.0625	661131.125	616615.8125	699390.3125	702322.25	627039
P26647	177742.875	197056.71875	178559.84375	251615.640625	143589.453125	145959.078125	163206.015625	119472.1484375	84144.5546875	136766.78125	166542.703125	78354.375	177757.5	124752.1640625	144889.453125	163219.953125	155454.59375	104584.390625	179019.484375	143334.734375	189686.9375	178084.828125	135227.375	177887.328125
P26648	83725.7421875	83297.140625	92110.2578125	89417.71875	104284.6328125	97320.5546875	102284.8828125	101640.3359375	119230.6171875	112883.75	85985.8125	98700.0859375	85765.5859375	97202.4453125	104696.109375	103420.234375	109853.4375	99187.6484375	97559.578125	101628.171875	84835.765625	94598.578125	119061.796875	77818.015625
P26649	100271.5703125	81576.7265625	53587.0234375	37036.1953125	74083.1328125	82163.421875	35140.03125	86711.4765625	142011.90625	82819.7265625	72652.9296875	99530.453125	84423.203125	78815.5625	58505.6015625	53715.32421875	61463.109375	51691.80859375	38670.359375	51318.86328125	48049.4921875	51334.32421875	53781.5625	42330.78125
P27111	28337.908203125	43914.1171875	60019.4375	55778.0703125	27261.6171875	40438.64453125	31950.060546875	40627.19921875	32404.484375	24206.791015625	59757.6875	18962.587890625	42140.83203125	32120.86328125	49402.578125	38760.55859375	51630.54296875	33788.8515625	52200.046875	52986.609375	55002.68359375	48427.30078125	50339.5546875	31993.26953125
P27126	40879.1484375	36084.3828125	31000.876953125	33792.17578125	26697.4453125	34404.40625	32277.33984375	25923.61328125	29107.150390625	21073.19140625	32295.330078125	35307.35546875	27524.787109375	18273.22265625	26823.361328125	30184.8203125	25265.0703125	17226.169921875	33805.50390625	29448.75	29946.736328125	31100.71484375	31140.00390625	28076.126953125
P27127	80635.8125	13406.564453125	34071.2890625	51252.0234375	81465.0859375	115976.9609375	71686.3125	48625.00390625	85430.71875	54139.6953125	101286	89452.5078125	64394.69140625	47770.23046875	33579.65234375	60798.890625	36068.8125	NA	53589.4609375	29460.55078125	53728.51171875	58262.1796875	NA	58265.3828125
P27128	60949.3203125	45808.2421875	24996.396484375	35912.67578125	66451.5703125	98366.5546875	64398.12109375	44955.08203125	26211.169921875	48075.80859375	97732.7578125	67205.40625	65674.59375	41300.5390625	32010.77734375	58100.2734375	39229.2109375	29434.5078125	59191.35546875	24466.806640625	55242.33984375	58219.89453125	26829.69140625	75682.8046875
P27129	25755.5703125	20134.419921875	32536.3515625	27309.7734375	27732.435546875	39345.38671875	29150.79296875	19374.158203125	9278.09765625	22445.298828125	27386.41015625	8785.2236328125	28013.548828125	15380.0419921875	26544.95703125	31221.39453125	29545.69921875	17913.7890625	36277.65625	19589.185546875	30836.66015625	22349.404296875	20591.642578125	29531.759765625
P27238	25877.859375	19735.6875	17005.384765625	13008.388671875	46550.51171875	38221.83203125	21886.083984375	38300.359375	70358.9453125	43255.703125	29435.7734375	39577.59765625	29217.869140625	39094.08203125	14706.2109375	11904.5166015625	9097.205078125	12828.6005859375	11245.0078125	17291.47265625	8169.85107421875	12750.078125	21492.974609375	9186.17578125
P27240	54419.2734375	59355.26171875	73373.4609375	77267.5703125	41423.0625	52736.47265625	45599.44921875	38494.4921875	27823.1953125	30087.28515625	54509.05859375	63930.546875	52418.12109375	31807.134765625	69235.6796875	66191.9453125	69785.8359375	42712.8984375	62162.06640625	54414.59765625	67316.9765625	73862.7421875	51262.5078125	68801.890625
P27241	74625.2578125	65085.3125	80928.734375	89970.7421875	111134.6796875	111662.5390625	91340.203125	114277.546875	146417.3125	108629.921875	108614.015625	NA	89415.609375	109635.390625	84105.7265625	89901.0078125	81544.3515625	114473.2421875	76782.765625	100397.640625	76821.4765625	84047.484375	73579	79831.4609375
P27242	101042.4375	111185.875	83953.984375	106797.1875	85083.9375	120862.3984375	93887.921875	76764.9921875	48929.84375	82344.6953125	104942.1171875	76069	87963.671875	75099.8515625	91337.0546875	105989.9453125	100028.3125	49774.703125	119166.7109375	78970.984375	120256.015625	114306.4375	62614.796875	106604.28125
P27243	27142.453125	39299.5859375	37579.578125	26526.75390625	23656.392578125	24664.060546875	40781.828125	19964.623046875	24902.408203125	25339.796875	29733.521484375	16269.3564453125	26486.240234375	17161.2734375	39654.30078125	29658.3984375	36530.59375	22590.96875	29298.82421875	30640.185546875	33307.98046875	29220.72265625	34998.45703125	34073.76953125
P27245	11295.375	6076.30126953125	10667.7138671875	4863.55908203125	NA	NA	6642.76708984375	10238.6396484375	NA	NA	10996.181640625	NA	7593.203125	NA	13582.451171875	14420.1787109375	9302.7685546875	NA	7629.01904296875	12790.91015625	8460.1884765625	8927.40625	15228.51171875	8459.861328125
P27247	162371.09375	159425.6875	133249.09375	129314.9296875	147193.140625	162563.921875	135977.03125	149620.203125	167196.53125	153363.203125	156582.375	133965.828125	148711.703125	141901.640625	114614.59375	128244.3828125	119287.234375	125367.2734375	119534.7734375	107699.625	123579.859375	124384.9453125	118461.2578125	118045.6328125
P27248	755967.3125	738588.8125	397016.59375	482420.15625	565656	660189.125	685452.9375	616350.5625	583183.5	620911.5	575646.0625	659354.875	602837.0625	580961.625	342043.90625	375776.6875	387398.34375	404846.34375	393401.125	453534.65625	444893.6875	416952.71875	443739.375	379756.9375
P27249	163309.5	166669.96875	115568.8203125	122950.6640625	124514.2734375	158642.0625	150723.78125	123520.328125	95269.3984375	122808.734375	149746.09375	108345.078125	136291.96875	121302.2578125	105511.125	110592	123820.703125	77557.9921875	127214.390625	110803.1796875	130036.2265625	133464.84375	94316.7421875	115077.8984375
P27250	221455.578125	219127.03125	175362.125	175623.640625	249114.53125	216381.40625	320063.3125	249325.34375	267673.75	272229.90625	253868.28125	324589.53125	224436.609375	268654.6875	171361.859375	206721.40625	180430.78125	273485.5	215950.421875	183715.453125	153132.46875	147620.265625	208178.390625	191502.078125
P27278	425635.53125	430549	311932.84375	376702.90625	326691.96875	408926.6875	402692.75	285179.96875	191844.546875	302611.71875	448769.875	284511.5625	381108.34375	256178.046875	334421.71875	372251.46875	369650.21875	204031.953125	424944.53125	317767.96875	441560.21875	410094.21875	298658.0625	373753.96875
P27296	94461.921875	180303.53125	103133.6796875	64968.34765625	73860.1640625	63128.5	65713.1953125	75279.9453125	108502.5703125	75852.3984375	77520.9375	57085.8359375	74158.265625	124631.484375	91905.0234375	64986.84375	81672.875	33577.375	55841.55859375	63745.78515625	67422.859375	81394.1875	78336.078125	56944.390625
P27298	825373.125	803507.8125	903006.75	873930.4375	784000.6875	775085	1016037.75	892942.5	827757.375	842669.125	803834.8125	735960.5	815778.1875	826982	873940.8125	859849.125	879651.5625	958580.5	915093.625	933800.875	913907.75	835847.75	920142.5	866441.1875
P27300	50480.17578125	65357.1953125	79264.6953125	74866.9375	56829.9296875	58701.2109375	66215.9296875	67851.0703125	69067.21875	51701.72265625	60539.68359375	54404.6484375	61070.9140625	61196.23046875	69825.6171875	74645.34375	69217.28125	77053	68914.5625	72932.796875	69374.796875	69477.7421875	76022.796875	65539.6796875
P27302	8384509	8859080	8109437.5	7865071	9197865	9765017	8898868	9631556	10990654	10313365	8711702	6575138	8770508	10119803	7185486	6942582.5	7619395	8986114	7455290	7978529.5	7166744	7095867.5	8706230	7093898
P27303	198235.8125	196318.640625	293333.21875	258900.34375	245861.1875	215700.796875	203219.28125	232366.21875	312669.53125	220668.625	232582.3125	170153.265625	198208.578125	249955.46875	283607.78125	260051.71875	269179.03125	372933.84375	261478.328125	297071.0625	251560.75	270956.65625	324401.59375	265277.4375
P27305	36532.0703125	34577.8671875	36887.609375	43659.53515625	34537.67578125	27171.6796875	38748.953125	31463.701171875	19779.1484375	31382.216796875	35467.46875	25818.517578125	35973.84375	33691.35546875	34365.42578125	27982.31640625	36700.12109375	24088.275390625	34000.3671875	35659.29296875	28732.888671875	29036.330078125	28448.26953125	31208.462890625
P27306	1571053.625	1645562.5	320303.09375	391533.3125	1381035.875	1604085.125	1323759.875	1172816.875	1129920.625	1369439.625	1400728.25	920184.125	1495413.375	1455203.375	336462.375	356108.5	386186.0625	367709.6875	419797.5	341729.46875	349241.125	319337.78125	339309.15625	361596.96875
P27431	507908.375	491964.40625	423784.625	447549.25	547030.375	466566.46875	471665.59375	515375.4375	522228.8125	514153.75	492517	880784.875	514671.5	531196.6875	415707.1875	427041.4375	452283.875	417634.25	464632.5	468342.78125	425094.03125	423685.46875	441483.5625	436858.84375
P27434	1344711.125	1264380.625	1147892.25	1094822.375	1476904.375	1371035.5	1342848.25	1455205	1815142.125	1470489.75	1257336.875	1418191.375	1239327	1415874.875	1134577.375	1082645.5	1138011.625	1399024.625	1039314.4375	1121287.25	1016386.9375	1019523.5	1222501.125	1020021.6875
P27550	6006519.5	6349481	291198.75	650195.125	5999742.5	5554397.5	8332295	6529763	5236904	7421158	5858746.5	5192960	6159405.5	6979416	287375.46875	549353.875	460154.46875	450492.875	665611.125	624590.4375	514534.875	240889.546875	848319.9375	533766.625
P27828	363249.9375	402310.40625	631433.125	637456.75	367249.3125	358405.59375	428660.6875	378787.46875	309954.8125	378780.375	382772.3125	326183.71875	381387.09375	381124.21875	565939.375	556856.625	595011	536315.8125	575318.125	582938.1875	598344.5625	553934.625	562388.625	557880.9375
P27829	223592.75	249792.359375	299192.03125	305144.84375	162544.609375	168055.3125	213072.40625	169471.3125	153033.1875	193822.53125	205262.21875	196687.953125	220791.71875	198118.5	280153.96875	257214.421875	259322.59375	254235.546875	285178	266981.28125	280913.3125	310511.09375	268731.125	284224.03125
P27830	75120.0546875	85507.5625	100877.71875	98530.8046875	56923.3203125	68370.546875	73301.6953125	59860.5625	47070.04296875	55369.80078125	66163.3359375	78111.9609375	67184.015625	56145.28515625	82395.7734375	79338.53125	92420.40625	63783.984375	89401.15625	77740.4296875	84591.5078125	85783.3671875	77244.21875	90802.734375
P27832	37621.19140625	21275.806640625	33959.91015625	29532.416015625	22848.90625	32445.767578125	37323.6328125	33398.5703125	28361.654296875	32094.97265625	25458.78515625	35025.85546875	27678.537109375	30352.462890625	41898.1875	39490.66015625	28714.826171875	56189.4453125	34842.23046875	36727.79296875	31196.9609375	34260.50390625	41007.4140625	21792.96484375
P27833	70478	69381.0390625	73036.8046875	87257.296875	62908.1015625	68019.1171875	69958.203125	55845.71484375	49700.47265625	57229.19140625	74237.453125	54042.26171875	60844.1328125	52444.46875	86094.15625	93389.3984375	86766.3984375	54099.46484375	100401.2109375	76045.8359375	88237.109375	84935.9453125	69901.703125	86235.8671875
P27836	16679.3125	21706.986328125	18678.52734375	22006.427734375	11048.0537109375	18367.60546875	21746.20703125	17441.3671875	14351.482421875	16534.80078125	18027.00390625	11025.955078125	17405.0390625	14734.318359375	17573.427734375	20602.609375	22329.689453125	11856.9423828125	25733.408203125	18782.314453125	20371.59375	18299.724609375	19256.337890625	20038.69921875
P27837	9062.6103515625	6318.5361328125	6798.25439453125	7850.18701171875	5205.01953125	5191.6796875	9824.017578125	6819.474609375	10265.12109375	9325.275390625	7917.8623046875	NA	5271.1376953125	5122.26123046875	10558.5205078125	5379.80712890625	9871.6025390625	8302.20703125	9318.1728515625	6193.37109375	11296.001953125	9138.8486328125	9524.5576171875	5363.10498046875
P27838	205286.390625	185676.25	203537.484375	144964.3125	162508.265625	113436.7890625	174386.53125	152899.984375	209385.96875	151192.78125	153549.03125	453041	155034.875	151563.125	172191.03125	158627.078125	154555.96875	153015.515625	149848.78125	176991.46875	145459.828125	133106.65625	171707.375	177785.953125
P27848	184636.25	194946.90625	177813.046875	169505.21875	161966.15625	165789.921875	166217.53125	154956	172422.59375	161063.203125	178576.96875	296890.1875	161646.734375	160715.1875	158093.4375	162058.8125	170143.953125	159693.90625	157521.484375	158904.921875	164076.421875	156434.5625	149188.03125	171267.28125
P27859	58350.51171875	65612.1171875	71968.7734375	75257.15625	65597.4140625	61171.7734375	60162.9765625	67226.3125	70883.8046875	73650.7265625	64913.96875	98291.0078125	67904.0390625	65727.0078125	79661.484375	78657.984375	75753.609375	85793.3046875	73648.3671875	80255.453125	72452.203125	61385.1796875	75044.546875	73346.6640625
P27862	26362.609375	24655.404296875	29583.16015625	42352.62109375	26310.841796875	16363.6669921875	24796.890625	32259.958984375	24264.63671875	23959.095703125	29603.76171875	29125.6640625	29118.373046875	19252.578125	22897.1796875	23990.533203125	24964.51171875	22724.95703125	27655.029296875	22337.943359375	22354.77734375	26483.056640625	23657.33984375	23920.591796875
P27896	113274	93107.1875	72802.5234375	87646.328125	80567.921875	113015.875	79440.4296875	93894.4375	82116.4453125	84836.53125	114150.3046875	81970.4921875	85845.6171875	103760.515625	64808.4375	84349.828125	60244.55859375	69876.1953125	60953.92578125	67071.1015625	85862.25	103018.1015625	64314.1796875	84660.96875
P28224	21384.203125	28309.42578125	9033.83984375	11162.66796875	6281.53955078125	11673.0244140625	12357.87890625	11659.236328125	23158.693359375	6767.44921875	22145.587890625	24490.228515625	12002.4072265625	16355.294921875	8470.138671875	5535.31640625	11454.4375	8907.7294921875	6545.44140625	9934.845703125	8058.3544921875	7856.8759765625	NA	8096.1220703125
P28248	1005647.875	904099.375	748093.1875	716872.3125	648221.375	698950.875	581388.4375	560330.375	627940.375	606835.1875	659346.3125	1055920.625	712201.625	584757	648943.8125	588999.125	669624.9375	424797.25	627329.3125	618089.4375	644784.1875	636256.1875	630313.25	542048.625
P28249	286476.09375	275130.03125	226725.078125	232770.609375	315672.65625	295327.78125	288006.21875	309198.78125	366158.53125	291453.28125	300739.875	253353.921875	263498.65625	316310.46875	228360.703125	216490.3125	211130.09375	262641.0625	219526.453125	231596.453125	213943.796875	218532.546875	238456.671875	221426.296875
P28304	1183112.875	1308510.125	1007297.875	958370.5625	1032412.125	1280224.25	1172997	1165646.25	1095829.5	1144961.5	1131417.375	1355293.25	1058043.75	1079251.25	1022105.125	915330.125	906906.625	1125821.375	824284.5625	1026492.8125	953703	979187.125	902383.875	938660.375
P28305	99860.8984375	91146.5	80929.578125	85753.953125	119876.2109375	102339.5390625	96370.6796875	95189.953125	78311.203125	83513.3671875	83406.609375	111205.3125	99535.5703125	91904.3203125	84250.15625	80429.0390625	74956.34375	68508.03125	77215.0546875	74833.671875	77086.015625	67373.9609375	79869.671875	73676.734375
P28306	89852.8046875	81644.5234375	89585.421875	92420.859375	98898.546875	95745.9140625	92525.7265625	100183.9140625	109049.671875	94269.6015625	75877.609375	82652.5390625	83552	103144.8046875	87186.84375	91806.5078125	90941.984375	84040.015625	92796.5703125	94081.5234375	87419.5390625	90682.75	87852.078125	96370.4296875
P28630	92498.1171875	94227	71654.3984375	81436.765625	61071.15625	76522.9921875	62052.07421875	75006.34375	109513.96875	76066.46875	69649.1875	46914.85546875	83379.65625	75156.640625	61676.84375	77511.90625	78534.28125	59092.79296875	73441.8984375	71903.0859375	78201.7890625	75610.640625	63560.01953125	70113.921875
P28631	71628.609375	75374.0703125	34364.61328125	40476.51171875	44522.51953125	62000.3203125	47431.2734375	27724.380859375	39947.18359375	31364.904296875	65095.28515625	80609.421875	53898.7890625	25210.853515625	39737.734375	37052.34765625	39729.1484375	27457.3828125	44172.66796875	36662.2421875	42487	46112.5	25280.0078125	39273.4140625
P28632	76076.078125	66931.21875	76853.0859375	50017.29296875	104170.4921875	86735.78125	68796.4140625	94609.1640625	140715.34375	98845.2890625	82952.0703125	148390.453125	81846.1015625	73865.046875	89539.9921875	67095.7109375	42799.8671875	127072.1875	56568.96484375	71201.5625	52441.3359375	41072.0234375	82598.59375	59502.76953125
P28634	79937.1796875	54112.09765625	46697.4296875	68200.2890625	64425.859375	80798.40625	57862.39453125	51391.8515625	56553.91796875	54796.67578125	86483.8046875	67303.1484375	73013.7734375	64641.984375	32535.013671875	48118.875	61210.51171875	25771.7421875	65114.13671875	43882.8359375	60575.24609375	45724.0390625	20953.73046875	46517.3828125
P28635	10132657	9020100	12155652	9747796	15614692	12552570	9091086	14913972	21495216	14374712	11577830	17164566	13061257	15200362	15040734	13019953	13060993	18499386	11259718	13418398	11309960	13865354	16068557	12518111
P28861	262758.875	235376.171875	256780.046875	254119.984375	254506.046875	323409.78125	319211.25	256742.671875	249707.5	245157.96875	278371.625	386384.6875	249804.453125	196813.546875	296589.40625	286018.65625	278735.59375	266777.96875	280298.3125	272305.9375	268361.6875	266030.625	248865.640625	269856.25
P28903	411017.59375	424044.75	578863.375	530435.3125	411705	480505.40625	418131.59375	384983.71875	395497.59375	403541.375	366763.9375	327656.375	363734.25	377885.84375	585092.5625	532648.4375	450794.15625	528690.625	387564.84375	501727.9375	495309.96875	570094.0625	453935.5625	533318.25
P28904	71095.3984375	91360.484375	390473.71875	295965.46875	50725.98828125	86681.171875	93730.46875	88411.546875	93867.984375	82737.2265625	80123.2578125	47934.2734375	81144.3828125	95812.1875	322137.9375	217686.625	256765.109375	203195.546875	162542.09375	311369.84375	241428.15625	284599.09375	335099.84375	231964.140625
P28905	180834.890625	171708.59375	131006.734375	145231.375	154467.09375	215038.421875	167724.859375	117216.859375	91770.296875	123858.1953125	214608.09375	297926.46875	168941.3125	116161.75	125291.5625	134081.625	120051.796875	94504.640625	145795.65625	111834.09375	146527.328125	151078.78125	108569.03125	152214.671875
P29012	1072699.25	952993.375	149146.328125	169674.03125	1161243.375	1136199.5	716899.4375	801204.9375	1046402.625	994093.375	815816.5	922924.125	803563.4375	843663.25	153042.71875	166027.9375	136647.515625	141667.703125	165031.90625	149781.53125	147475.546875	136388.359375	148056.484375	133955.515625
P29013	70044.359375	58749.21875	33525.44921875	52589.671875	37802.8671875	62153.05859375	70918.125	44176.74609375	28323.2578125	35657.140625	54227.1484375	93629.046875	48223.46875	59583.83984375	27642.775390625	35044.5390625	38929.640625	34703.6171875	45453.6484375	34888.8828125	45001.09765625	36822.07421875	31185.7578125	40522.71484375
P29018	221759.5625	206913.3125	165772.171875	201368.734375	247766.1875	251218.953125	264991.8125	214198.34375	205569.359375	227075.9375	246237.359375	242343.734375	237704.65625	216646	174562.625	197281.75	201853.296875	186047.546875	225764.484375	186493.703125	210532.5	197111.203125	179510.046875	201300.4375
P29131	247782.59375	235567.234375	291024.15625	249994.328125	358256.9375	285051.5625	257596	327747	435650.5625	336897.5	266106.34375	381545.40625	266881.90625	295077.28125	290767.84375	285234.21875	270670.34375	361338.375	260586.375	302312.5625	268242.9375	281849.15625	336400.1875	286971.71875
P29208	102301.0078125	96945.1015625	103907.2578125	108089.3046875	77475.859375	87395.8671875	69879.359375	77031.4453125	78260.15625	75684.4453125	74648.9765625	88801.2265625	90294.6953125	83984.3828125	100752.296875	116293.5625	104722.625	114962.6953125	89154.828125	100887.453125	106731.6953125	109731.6015625	104736.4140625	118776.9765625
P29217	764049.25	698384.9375	659193.1875	655946.4375	775048.0625	750071.875	602522.9375	728159.375	863223	707447.625	699887.0625	1250303.5	706609.1875	734387.5	629042.5	671188.6875	678143.5	778515	660871.8125	725701.125	649147.125	655463	647665.9375	678857.8125
P29680	2219936.25	2152693.75	2056377.5	2408967.25	1851901.125	2182001.25	2241472.75	1648272.25	1621118	1534172	2177293.75	1382374.375	1931181.375	1899768.5	2063378.875	2098753	1936789.375	1553241.375	2318727.25	1878297.625	2214728.25	2097777	1819675.625	1979766.75
P29745	931315.8125	841917.4375	1103872	1046053.5	874244.75	934196.5625	654385.25	777122.6875	776651	656262.4375	818430.25	1023548.875	710830.875	746611.875	1170784.5	1069435.75	1087761.625	961776.5625	832803.1875	938659.5625	1021962.1875	1249363.75	896497.375	1051104
P30011	183569.203125	157489.640625	160269.828125	162530.109375	177399.859375	166913.078125	171126.421875	172348.875	171109.671875	173802.40625	180236.140625	215737.296875	156752.375	161483.71875	164127.90625	176346.28125	181144.03125	179462.046875	166247.765625	158383.46875	168529.453125	172123.953125	183740.03125	153893.421875
P30014	53387.55859375	51073.125	54403.39453125	55618.87890625	34686.3046875	28438.416015625	33665.75390625	36329.15234375	33684.45703125	29408.8125	33438.703125	52239.55859375	41727.9375	41547.29296875	49438.70703125	49842.3671875	47359.12109375	49331.29296875	51376.36328125	48707.56640625	58876.46484375	50265.73828125	48567.48828125	53564.19921875
P30015	10825.8095703125	5531.48046875	4044.40087890625	5554.2255859375	11289.408203125	8191.01318359375	10897.3095703125	8515.8330078125	7220.94189453125	8135.5068359375	10992.6015625	19681.912109375	8238.34765625	7786.35302734375	3778.87353515625	6841.85546875	6092.16162109375	4326.56494140625	7021.59033203125	4947.95458984375	6043.22705078125	4005.39624023438	4248.04833984375	3848.62744140625
P30125	3481589.25	2992667.25	4154655	3788885.5	2938087.75	2572167.25	2597576.75	2547472.75	2321437.25	2854905.75	2702558.5	3866364.5	2707538.25	2686821	4307407.5	4446202	4139043.75	3784690	4373734.5	4204679.5	4541963.5	4327090	3831851.25	4563898.5
P30126	4055266.25	3591329.5	6829333	5199924	4792339	3580521.75	2889168	4274244	5561645.5	4335014	3784684.5	8913678	3272960	3940121	7490131.5	6504907	5922953	7547719	5339832	6100013.5	5044300	5643030.5	6508417.5	5185258.5
P30128	125272.6875	112169.046875	106313.1484375	108095.84375	124123.90625	143896.921875	104591.5234375	105870.0546875	95888.2578125	119747.03125	141868.15625	313039.96875	123778.34375	120630.46875	93073.5703125	123392.390625	92105.734375	89014.078125	110311.4140625	98147.453125	99263.6875	113469.0703125	103252.6015625	113354.4609375
P30130	173854.25	192433	93746.3515625	115140.84375	176550.171875	259742.671875	96578.4609375	260685.03125	113306.40625	113160.328125	253480.015625	480762.71875	193072.34375	147742.890625	66269.8828125	168558.328125	97275.5234375	136709.125	138205.21875	118670.21875	150356.34375	76404.1171875	118420.84375	136453.453125
P30131	26499.90234375	23230.173828125	38302.67578125	29718.51953125	22872.38671875	19042.7421875	16542.6640625	31498.216796875	39453.22265625	23034.837890625	21014.28125	17536.458984375	18590.134765625	31400.439453125	19895.439453125	22082.740234375	24328.28515625	36762.07421875	19932.326171875	27501.21875	21419.947265625	27902.55078125	22096.599609375	20900.220703125
P30136	1725972.375	1882864.625	1490709.875	1439428.875	1502264.375	1820082	2645567	2046623.25	1159905.5	1907849.25	1877796.125	1383534.375	1937706.75	1808788.75	1466502	1246665.5	1525587.5	1425009	1639534.875	1569142	1429110.25	1458426.125	1640394.125	1388304
P30137	1048542.125	1221761.5	730838.625	756263.1875	768070.5	956093.75	1492941.5	1022787.3125	575714.5625	923927.4375	1112417.125	1204302.875	1091912.625	881608	737787.4375	687492.625	801990.8125	620313.125	826821.625	720540.1875	758300.9375	801134.3125	719750.5625	736508.375
P30138	1415698.625	1382747.25	986947.0625	866607.375	1080586.25	1125426.625	1884689.625	1583146.625	1246123.625	1384132.375	1395817	2352204.25	1395488.25	1606210.375	967068.8125	836378.8125	857766	1209214.875	993378.8125	962168.3125	811011.9375	782589.9375	1130960.5	830887.4375
P30139	2462323.25	2413560.5	1930140.375	1955625.5	1844279.125	2450840.5	3233216.25	2375723.75	1218872.75	2315376.25	2635420	3073245.75	2665819.25	2202953.75	2048836.125	1925779.25	2183809.25	1841068	2268223	2063320.125	2141594	1955834.125	2076776.125	2141448.75
P30140	409139.21875	481737.75	294450.8125	299618.5	343757	488905.6875	675390.5	466513.71875	205878.75	484867.71875	534453	401742.59375	535739.9375	445271.28125	289062.5625	284614.4375	332443.125	193227.703125	415261.75	340825.78125	336881	307925.125	326591.1875	351089.5625
P30176	51326.90625	67916.75	38031.89453125	43467.5625	50225.36328125	50490.7734375	27087.7734375	35216.82421875	58941.734375	36317.28515625	57257.3671875	42355.375	59844.23046875	29311.095703125	10765.52734375	36755.1875	33298.37109375	16760.173828125	41602.18359375	21796.890625	35097.2421875	32319.1328125	29881.818359375	34019.53125
P30177	1957375.125	1869694.5	1695959.125	1596083.375	1667550.875	1757787.5	1615961.5	1536902.625	1515492.25	1559694.625	1689208.875	1973765.75	1714962.125	1718383.625	1539012.375	1479920.375	1559079.375	1480692.5	1464209.5	1491139.75	1517873.625	1627408.5	1592665	1486592
P30178	800885.4375	885550.1875	922671.4375	929693.75	608110.5625	582188.6875	529621.25	700313.3125	799465.375	693734.0625	602577.1875	485353.25	703794.75	662750.25	859964.3125	746255.375	924199.0625	796431.75	793787.4375	798631.125	845370.5	771375.5	963058.5	756595.875
P30744	53012.984375	41972.671875	45463.17578125	37687.3046875	75967.7109375	62019.0546875	31350.83984375	49887.57421875	73248.21875	63668.01171875	40551.640625	34298.8125	38838.33203125	49193.91015625	37346.6171875	31117.244140625	33715.55859375	43910.15234375	24775.263671875	44162.23046875	30155.966796875	36154.265625	44047.1640625	33081.59375
P30745	12568.048828125	14320.80859375	12474.5458984375	13488.353515625	5559.8779296875	6440.91357421875	18184.521484375	8320.16015625	12870.43359375	8305.5869140625	6811.892578125	NA	8436.9658203125	8034.9736328125	15158.44140625	12107.251953125	14082.5146484375	2819.07299804688	14531.212890625	10236.19921875	15876.966796875	12495.7158203125	15522.5322265625	10931.89453125
P30748	275193.4375	243851.75	205574.828125	167817.9375	272093.0625	247966.90625	292240.15625	208393.90625	177936.90625	209630.65625	343240.96875	737497.4375	253510.234375	197521.28125	174500.9375	262942.3125	196133	221618.15625	241061.03125	197539.515625	253280.671875	204982.796875	186490.875	220509.421875
P30749	393404.40625	386942.78125	385967.40625	313772.75	403399.40625	314808.1875	374300.34375	408125.65625	587287.9375	380832.96875	335754.9375	693871.8125	357296.34375	404855.84375	399278.03125	332497.5	340425.78125	403438.6875	268566.0625	378580.09375	308783.0625	330556.71875	441496.71875	327045.21875
P30750	665659.3125	607420.6875	553300.375	590832.9375	484589.75	555054.625	450816.71875	399287.65625	394435.21875	419833.4375	528270.3125	463738.3125	506401.53125	433912	596023.5625	575243.125	548696.0625	405798.40625	576278.5625	484485.65625	617656.0625	623581	467859.15625	577361
P30843	85098.7734375	108628.75	53246.13671875	47320.33203125	32437.76953125	52260.65625	65961.0703125	40767.3046875	29292.451171875	39539.921875	63809.0703125	86132.75	56004.83203125	36405.4921875	43874.3984375	43090.78515625	44271.69921875	18638.66015625	46619.80078125	39270.84375	57235.53515625	49781.890625	34109.98046875	44174.19921875
P30844	45322.5703125	42052.66015625	23031	33881.9375	33521.59765625	44463.16015625	69873.7890625	33342.3515625	40668.7109375	33488.3125	33046.14453125	33247.08984375	35225.609375	30211.595703125	33268.6875	29080.28515625	37916.23046875	NA	37941.4765625	30207.982421875	35793.87890625	32792.15234375	26882.994140625	32172.943359375
P30847	67142.578125	58361.18359375	57494.34375	64652.5546875	51679.63671875	46643.19140625	57795.796875	71407.9765625	70426.78125	55772.90625	51362.4296875	42340.8203125	51384.91796875	67255.1953125	49094.671875	61350.734375	60991.3359375	63467.87109375	62165.4140625	67470.265625	52705.78515625	52718.171875	60387.32421875	59993.31640625
P30850	2452294.25	2475044	3470108.75	3400239	2579725.25	2513788	2602355.5	2615932	2708396.75	2529846.75	2516823.75	1790709.25	2537838.75	2732361.5	3440746	3315841.25	3436744.75	3547572.75	3478668.5	3528110	3351628	3402734	3645143.5	3345012
P30852	NA	NA	12238.0712890625	8427.455078125	8511.392578125	NA	NA	14444.0380859375	23474.697265625	14462.5830078125	9488.421875	NA	7688.185546875	13552.8564453125	12238.720703125	12629.2353515625	8995.1064453125	34120.59765625	3370.98120117188	14249.337890625	10606.810546875	7741.314453125	16494.607421875	6981.2724609375
P30855	296390.3125	301570.59375	390922.15625	398860.375	260901.96875	309987.8125	264028.25	285348.5	237854	284818.375	247822.78125	254282.0625	312323.125	263095.0625	322050.125	348989.15625	344442.5	331985.9375	371096.625	304415.15625	365812.375	364122	308771.25	415103.9375
P30859	1346355.625	1108302.75	1272660.75	886022.9375	1534287.625	1170046.125	954713.8125	1457708.5	2559846.75	1444660.5	1334448	2948267.25	1324152.875	1451296.125	1291213.25	1201159.25	1002520	1405956.875	880715.5625	1070105.125	895937.1875	1007387.25	1087529.75	1036393.1875
P30860	2851228.75	2373454.75	4017496.5	2714561.5	3784302	2975445.75	2032166.625	3105097.5	5518126.5	3171920.75	2733613	4960327.5	2955731	2861244.25	4304925	3466263.75	3443191.25	4039753.5	2730563	3551076.75	2827640.5	3502831	4008119	3038753.5
P30863	938600.1875	946058.375	499224.5	522541.375	863784.5	920063.25	991537.3125	922803.3125	915937.625	960062.875	852176.75	1033208.75	867947.8125	860350.6875	474705.3125	451571.1875	523435.6875	509646.15625	503713.8125	491305	548569.25	470397.0625	536985.875	462952.59375
P30864	165868.703125	180828.3125	133658.578125	142612.203125	141789.609375	186067.28125	183967.25	137889.609375	93104.203125	129222.140625	173596.671875	140692.375	177092.140625	109556.234375	156338.203125	150567.953125	148792.640625	107382.453125	139369.984375	133567.859375	164121.703125	176888.875	115329.203125	162789.3125
P30870	302188.4375	287085.78125	211747.671875	220966.4375	265902.3125	294682.1875	288459.75	234322.125	207118.875	242362.203125	309948.9375	219165.421875	280290.40625	260453.265625	202007.3125	205579.328125	212200.5625	180382.28125	217825.46875	212410.6875	236734.15625	231498.796875	179771.46875	228850.3125
P30871	657727.0625	618996.3125	692807.8125	722708.5	561811.3125	621454.4375	693931.125	652201.5625	483970.5	626906	601522.5	581405.9375	629747.375	600726.375	657288.875	685157.875	734485.1875	521680.90625	716922.75	704328.8125	635611.25	673880.5625	691768.3125	624277
P30958	805982	835793.1875	862746.1875	837218	820380.375	791685.6875	820601.625	830827.75	791924.8125	814566.625	777612.125	579874.375	787655.1875	839522.5	781524.375	718969.75	833027.9375	732868.5	754454.625	799240.4375	787353.625	797532.8125	876728.625	752510.0625
P31057	4500972.5	4320905.5	3857380.25	4283184	3688255.75	3498421.5	4043194.75	4202751.5	3732746	4372034.5	4009725.5	3575016.5	4645610	4510661.5	3758104.5	3909056	3520930.25	4057942	3733357.5	3845334.25	4303473	4094685.75	4440983	4199669.5
P31060	336115.8125	382152.5625	440083.875	510302.4375	285260.09375	337896.6875	482429.34375	338259.1875	241820.59375	311410.625	404429.125	326787.28125	386960.40625	307707.0625	416123.125	444432.5625	519882.90625	295906.03125	605023.75	502419.71875	558281	453732.5	477417.875	568113.25
P31063	592087.3125	554445.375	730956.75	525552.3125	751864.5625	503961.9375	515292.1875	671695.75	1354865.125	642845.6875	576874.6875	1302216.5	625854.6875	641744.4375	755219	668356.9375	692484.4375	818690.25	623962.875	730072.9375	599539.5625	595566.3125	849522.3125	584880.5625
P31064	174128.28125	170809.171875	45436.234375	53833.44921875	93867.953125	174989.1875	138678.796875	85359.0390625	55416.2890625	77892.71875	168180.8125	103662.9609375	159525.8125	55143.796875	73935.140625	48692.08984375	81171.734375	17239.291015625	57566.75	32150.462890625	69010.4921875	78985.90625	32849.49609375	46850.73828125
P31068	NA	5033.6396484375	5730.26513671875	9592.64453125	7342.51708984375	NA	7104.8935546875	9862.890625	13708.474609375	13115.21484375	1551.15942382813	15640.208984375	NA	9377.154296875	5592.8994140625	4944.34375	7847.7158203125	NA	8884.1044921875	8241.291015625	NA	1611.52380371094	9108.7509765625	NA
P31069	190247.40625	190123.421875	252393.96875	229809.515625	176253.640625	176662.453125	229145.859375	223175.5625	218085.859375	183811.78125	208185.96875	367905.78125	198979.90625	188741.546875	271620.71875	265796.6875	233739.84375	304060.375	227291.515625	253514.828125	238286.5625	248148.265625	251652.84375	273329.65625
P31119	4810572	5022425.5	4006271.75	4364706.5	4042827	5415514	4240037.5	3784667	3159433.5	4087174.25	4453982	2897275.25	4442187	3306435.5	3910751.25	3911885.75	4271249	2968699.5	4476297.5	3886702.25	4481537.5	4149002.5	3585547.5	4488997.5
P31120	1104919.875	1086709.375	970763.375	911355.875	954777.875	995814.0625	980081.3125	958132.4375	1027752	942994.875	992653.75	774279.125	939752.875	924956.4375	924016.125	859343.875	892999.3125	935217.125	896360.4375	890244.9375	878109.375	932720.75	945775.875	865774.5625
P31122	9558.22265625	8312.7802734375	20914.03125	24583.1875	NA	NA	6975.60205078125	NA	NA	NA	NA	NA	9630.0546875	NA	25140.767578125	26545.9765625	26073.685546875	14387.7978515625	34245.60546875	15756.904296875	39421.1484375	33167.30859375	17630.474609375	30084.234375
P31130	260725.0625	213102.96875	125485.9765625	94099.796875	257125	204986.5625	288409	255176.53125	368682.84375	254202.4375	246194.125	608758	218391.5	199240.921875	123653.953125	140948.9375	107001.9921875	130492.1171875	95858.53125	113309.75	98764.546875	91816.8828125	107071.8125	103762.6875
P31131	89728.8515625	87794.2890625	26565.396484375	38188.859375	76495.171875	82801.9296875	102450.2109375	83394.515625	64799.87890625	70489.03125	95654.9140625	162824.484375	74037.0234375	67081.328125	38501.73046875	47926.25390625	36276.2734375	41129.2734375	39464.9609375	39562.125	34883.4375	37045.0078125	27441.3046875	40841.3203125
P31133	1367745.5	1383172.625	984297.6875	970284.875	1647574.125	1417134.125	1681325.875	1957490.5	2557801.5	1717720.625	1445125.875	2984715.25	1600458.125	2010344.5	1272396.625	1072716	1241354.75	1511277.25	916721.625	1255484.375	929026.9375	1066553.75	1479134.875	972492.3125
P31134	162705.28125	184921.90625	155370.953125	169343.625	130896.625	177190.59375	245981.390625	169426.078125	123622.2734375	171095.171875	194243.828125	122177.5546875	186321.78125	180869.265625	136786.421875	155718.828125	159177.953125	139808.765625	172727.59375	156273.515625	153579.6875	143522.453125	157316.609375	170347.484375
P31142	1711006.625	1830143.75	872774	889224.5625	1796683.625	1648885.625	1901240.625	1990585.5	2192987	1914375.875	1652350.625	2220488.75	1725446.625	1866200.5	848848.6875	830178.0625	878771.125	958376.5	834497.5	954964.625	829521.5625	875033.8125	948418.625	797027.75
P31224	566113.5625	594631.375	636004.625	675147.4375	594454.9375	628342.75	685038.75	654585.4375	667103.125	654307.5625	608529.625	383976.3125	586384.75	637860.0625	663062.9375	653487.5	642631.5625	723037.1875	656374.6875	654926.875	662175.1875	638354.875	686246.875	647757.5
P31433	444435.5	416002.53125	378355.71875	366557.21875	552219.4375	489155	470202.28125	573507.875	649314.625	552473.8125	473530.28125	410577.84375	457937.46875	527172.375	353926.4375	383690.25	363274.84375	430066.75	388880.28125	392410.0625	370550.21875	350827	416531.28125	370842.25
P31441	49590.8046875	51895.0546875	40147.5390625	37052.68359375	49665.2421875	62047.05859375	45882.015625	42469.7265625	53677.7265625	46005.38671875	40720.7734375	34083.00390625	47813.91796875	44743.05859375	31125.7734375	43333.10546875	31934.2109375	40378.15625	26660.466796875	29426.546875	28206.658203125	35172.31640625	39933.796875	35968.94921875
P31455	194851.921875	198288.4375	222963.71875	216078.453125	224936.28125	191448.421875	192670.8125	196645.765625	232551.453125	200723.84375	180742.15625	245421.40625	182325.546875	215407.4375	197776.078125	173753.640625	201969.859375	196030.71875	177834.140625	194785.484375	176487.125	190739.046875	208900.890625	176659.859375
P31459	16976.087890625	12382.5703125	25507.328125	NA	15812.3056640625	11951.23046875	14653.3759765625	13299.5498046875	19703.85546875	10724.4755859375	11199.2255859375	10863.7880859375	12094.072265625	16089.1728515625	NA	9064.21484375	11370.31640625	3447.80590820313	6329.638671875	7632.86865234375	5986.365234375	12136.6787109375	5306.84130859375	NA
P31460	353001.1875	385886.625	254882.140625	253170.953125	421005.21875	396176.78125	416667.25	422658.8125	407280.03125	474181.875	407765.28125	639371.75	373157.78125	387405.53125	236553.375	238740.546875	232534.21875	204797.1875	220705.984375	257977.671875	244633.734375	220372.203125	270678.78125	226664.0625
P31466	34581.9609375	38504.01171875	49370.18359375	43809.4921875	29218.34765625	26009.384765625	25546.037109375	36697.33203125	42631.421875	34752.25390625	23858.1484375	5369.130859375	28369.6015625	28600.0859375	43228.36328125	34159.91015625	45870.05859375	35564.74609375	36144.8125	37450.8984375	34489.30859375	34488.7109375	43324.0390625	29017.119140625
P31467	32970.5234375	32839.69921875	38145.57421875	36083.48046875	31100.4140625	32742.052734375	40803.125	48165.3359375	48561.78125	38072.546875	33041.1328125	42783.32421875	45501.63671875	41348.80078125	39979.46484375	39898.1328125	43505.51953125	46027.84765625	33824.34375	40577.19140625	31827.599609375	34787.55859375	44867.71484375	22733.826171875
P31473	128839.4765625	120499.3359375	117357.6796875	113838.8125	111276.046875	132803.796875	116797.6171875	94499.765625	80526.9609375	78952.4609375	122934.7890625	93005.578125	99321.421875	81207.8125	120581.3125	111432.421875	120816.296875	72654.9765625	110774.6171875	101167.7421875	127887.6875	146989.796875	88755.40625	124442.875
P31475	207205.46875	212113.296875	314579.25	278697.90625	286826.03125	266039.625	188704.46875	243994.359375	218600.859375	261406.203125	221028.28125	215655.921875	211890.8125	241595.328125	290468.625	321947.8125	296967.15625	394624.5	275754.375	306514.28125	330505.75	319469.96875	296399.90625	318467.21875
P31545	68881.0625	60845.92578125	98248.4375	86424.8984375	56928.82421875	59523.84375	71283.8984375	84029.40625	70318.5	78533.7109375	63464.50390625	65446.08203125	77232.40625	73119.171875	89896.65625	64467.1875	80130.8828125	81486.6796875	97928.4296875	91799.65625	105784.71875	96625.921875	80290.046875	110276.125
P31547	122241.1171875	133312	157427.9375	146624.09375	146528.390625	178345.921875	168629.53125	138392.046875	140838.421875	132973.65625	130848.2265625	46233.41796875	111262.3203125	91878.7734375	151986.875	149428.484375	141389.359375	102529.859375	127606.7734375	131880.375	147230.46875	140293.6875	133550.3125	141801.21875
P31548	7271.8056640625	7909.82275390625	4876.10302734375	7329.7939453125	2703.77197265625	20869.625	6456.80908203125	2197.3935546875	3553.30932617188	1954.7666015625	3461.8427734375	NA	3571.8212890625	1393.59191894531	2742.70849609375	2586.70434570313	3507.56176757813	6939.51806640625	3324.99438476563	2528.041015625	3081.60180664063	3790.31176757813	2134.89990234375	3865.34716796875
P31550	821809.125	756070.8125	788509.4375	777678.125	893527.875	820354.9375	883658.6875	925466.1875	1022328.8125	921849.4375	906198.6875	1747125	922389.9375	960854.6875	785856.9375	779880.3125	826773.75	986624.75	841422.75	846600.0625	772014.75	787592.625	915982.3125	803137.1875
P31551	52421.5078125	33405.51953125	24539.673828125	22390.669921875	62323.73828125	54798.484375	42363.0078125	55539.63671875	56140.7265625	49969.640625	43089.00390625	59746.5234375	47693.88671875	45084.57421875	23995.46875	17293.140625	22887.38671875	13890.6630859375	16649.55859375	21713.791015625	19306.99609375	17630.318359375	15514.9326171875	12506.517578125
P31554	608605.75	544278.5	556843	575234.8125	719502.5	669243.9375	585782.0625	651555.5	789169.6875	659197.75	660690.9375	1370983.125	632577.9375	659389.3125	590937.9375	602939.5	584010.9375	686028.75	601674	580058.4375	556256.25	549294.625	601240.1875	574263.5625
P31600	220990.671875	199577.734375	188241.234375	179451.25	234770.328125	203398	184925.21875	206416	280681.71875	217386.328125	194655	248536.59375	193970.6875	228703.3125	170638.84375	174806.15625	160432.421875	190926.46875	141100.90625	174800.453125	172461.390625	168450.25	178788.3125	179986.6875
P31658	5024800	5634479	2436268.75	2673675	4803146	4946885	6200590	5259897	4293638	4917956	5068244	7659945.5	4505765	4865019.5	2052279.625	2622086.25	2411497	2237711.5	2284211.25	2968984.75	2790563.5	2383941.75	2734758.25	2607269.75
P31660	119940.8671875	119651.3828125	40653.50390625	47980.53515625	26576.119140625	49741.2734375	162438.90625	63496.1015625	21374.46875	32161.142578125	93347.1640625	178039.796875	37669.203125	57456.8203125	30251.5859375	55008.39453125	25658.6171875	41631.1796875	57556.59375	38808.29296875	64248.421875	39978.546875	34209.75	54293.5625
P31663	2502570.5	2531971.5	1981062.875	2094042.125	2326427	2324255.25	2324022.5	2202809	2169816.5	2257709	2185053	1609598	2531102.25	2401507.25	2138058.25	1933319.375	2080345	1742423.5	1819255.5	1976204.625	1943693.875	2183206.25	2013222.625	1883068.375
P31666	44452.30859375	31080.10546875	53909.53515625	36305.984375	44153.1015625	15576.6044921875	37322.58203125	39634.390625	47572.046875	43846.62109375	39551.55859375	36846.03125	30472.501953125	39759.83203125	NA	34868.40625	24224.958984375	40683.859375	8020.89111328125	35658.984375	26383.5703125	14665.6591796875	26228.9765625	31273.53515625
P31677	974861.9375	1068141.625	876167.125	1083451	871212.125	985607.8125	1486221.75	1045729.875	593840.25	1014264.625	1026725.1875	946139.5625	1063811.875	943478.875	904333.625	1050606.25	951679.1875	827363.875	1036479.9375	1027830.1875	1071217.75	1018946.25	860290.25	1080811.125
P31678	465671.15625	453732.125	363062.53125	398431.0625	454069.6875	453540.03125	669578.875	485139.53125	418617	464435.03125	487428.90625	851238.5625	495098.15625	487406.0625	408247.75	425008.4375	389798.65625	421603.8125	393748.375	420663.53125	414351.53125	384584.34375	372536.8125	415225.5
P31680	357368	313343.4375	328204.8125	360609.59375	269822.75	316717.3125	268577.71875	241419.953125	246609.328125	260944.4375	268463.5	251421.109375	291389.40625	265888.46875	315817.25	324302.9375	287405.15625	299415.15625	313948.625	308059.09375	302909.09375	301164.65625	291117.5625	327235.78125
P31697	563608.375	643050.8125	376454.84375	426632.15625	544019.5625	879134.0625	300119.8125	858348.0625	394148.1875	418695.53125	768579.25	1366867.5	633850.125	484371.03125	231451.515625	564481.375	328665.125	396186.28125	450596.75	375839.21875	483931.96875	197839.671875	399790.3125	458659.25
P31801	524026.28125	463345.4375	479714.6875	490735.78125	542935.6875	584468.875	593243.25	407313.90625	NA	NA	620412.875	1425460.25	549731.375	441491.375	391948.28125	531421.125	445217.75	234590.59375	523440.5	438743.71875	553022.9375	417581.25	NA	506963.4375
P31802	293665	265254.84375	275386.0625	250828.4375	254223.171875	297678.90625	174036.828125	196690.328125	239170.234375	209887.234375	230041.3125	263696.96875	211074.125	176298.984375	251205.0625	222291.46875	234013.390625	167998.078125	205436.046875	220894.28125	226540.296875	268959.375	217912.96875	201619.3125
P31806	1744676	1871868.5	1271907.5	1350708.75	1621996	1671403.375	1962692.875	1839285.875	1851830.625	1910112	1632994	1382142.625	1779280.625	1787351.75	1210117.75	1177032.25	1198183.125	1329788.375	1182664.375	1316999.875	1205739.375	1159598	1259803	1184333.125
P31808	709568	671597.9375	739815.25	794815.375	724400.375	818108.125	625715.625	627201.9375	622149.3125	724627.5625	753380.9375	1052974.375	705782.25	705118.5	709339.8125	808623.625	744474.375	636048.9375	775828.0625	724564.5625	783356.375	771058.125	666558.5	817413.3125
P31825	78879.125	70794.015625	89680.0859375	83331.5	56134.765625	80414.5078125	69755.03125	70227.7421875	56161.98828125	67359.953125	62483.96484375	78900.765625	59686.53125	NA	89654.4140625	81743.4296875	105954.5078125	82134.6796875	96096.1015625	78193.328125	73119.6015625	86677.2578125	70855.8125	97923.8359375
P31827	148338.5	144890.65625	109798.875	146990.40625	119059	90193.015625	152551.203125	170721.921875	139290.1875	165184.4375	142682.53125	333714.125	160688.359375	153391.0625	133879.234375	140535.0625	128372.2890625	153619.296875	152053.5	148737.3125	164491.3125	136288.640625	92870.2890625	180965.28125
P31828	91752.96875	96908.171875	91233.4296875	120952.6015625	107580.6796875	79505	130325.4140625	139783.625	120947.6328125	142322.9375	107591.046875	112488.8984375	115886.3359375	111607.96875	109498.8984375	117381.3671875	101775.3203125	129747.9375	103631.9453125	119958.0546875	129054.7734375	105136.703125	76175.984375	140375.09375
P31979	2366446.5	2610837	1727002	1706823.25	2315947.25	2344135	2436514.5	2137190.5	2110649.75	2345409.75	2127667.5	1329788.875	2370478.25	2418292.75	1537884	1475712.625	1694713.75	1407460.625	1563826.25	1594157.625	1505446.875	1504514.625	1741850	1368229.625
P31992	384516.59375	289911.15625	336121.96875	246609.328125	353241.4375	342274.875	433437.03125	432303.8125	477977.53125	476706.78125	441298.15625	946800.6875	568009.3125	429528.59375	401025.3125	383656.59375	340558.9375	437606.65625	399540.84375	384918.59375	377688.5	289325.03125	386325.5625	394354.28125
P32053	85519.8828125	76146.2578125	82548.7421875	84254.2421875	74898.421875	76456.875	79688.3046875	72169.6484375	72668.96875	66763.109375	70744.265625	117959.3125	67138.953125	76103.2734375	79410.0546875	72279.59375	72298.65625	69657.796875	74852.7265625	82630.59375	96128.3203125	89795.8828125	83675.4453125	83880.65625
P32099	647236.9375	638940.5	557192.5625	489441.625	699318.5625	807938.1875	588170.5	658707.125	674626.5625	659119.625	617881.625	710971.8125	697247.625	652902.625	504699.1875	530591.75	526414.0625	509422.59375	501834.28125	474554.6875	509454.09375	515771.71875	449729.28125	478021.1875
P32125	86509.9921875	66922.4609375	49858.1640625	52913.69140625	86733.0625	71829.921875	92085.1171875	43324.34375	56529.14453125	71003.9765625	69080.3046875	237368.875	72734.140625	42689.91015625	28631.109375	38853.0625	48602.70703125	38224.578125	32747.533203125	38504.4921875	45000.82421875	53691.13671875	41287.84375	39289.71484375
P32131	138087.9375	149793.03125	174136.4375	169228.4375	129474.1953125	128927.9375	121511.8671875	129221.3203125	152103.03125	143671.859375	110312.234375	96322.828125	122032.34375	128920.5078125	154255.171875	137654.484375	155139.78125	133498.8125	140365.0625	154473.28125	145050.546875	162593.140625	166438.875	134143.0625
P32134	17632.685546875	12526.2978515625	18650.5703125	11776.021484375	9082.7802734375	10065.240234375	20085.267578125	11984.1640625	NA	17328.904296875	18927.4921875	28736.44140625	19063.900390625	15790.0263671875	6236.58251953125	18794.296875	NA	6606.55224609375	11539.5224609375	6503.34423828125	11309.9599609375	8668.2177734375	3994.50732421875	10222.3837890625
P32135	50.7038345336914	2.65550184249878	NA	NA	26.1480045318604	NA	52.5898590087891	136.162551879883	NA	NA	NA	NA	72.6652908325195	13.8241395950317	14.9863214492798	35.0191993713379	108.725959777832	NA	NA	NA	0.0320193655788899	100.022972106934	0.734116911888123	NA
P32138	15342.474609375	20594.767578125	14420.8720703125	14119.1484375	NA	12412.890625	14395.044921875	15456.3671875	NA	NA	NA	NA	17386.185546875	10072.6416015625	NA	8490.748046875	17813.115234375	11763.82421875	19407.771484375	14690.1650390625	NA	12698.17578125	NA	10728.85546875
P32140	21982.45703125	17566.619140625	8303.591796875	NA	NA	9385.3017578125	12836.4970703125	21029.96875	16003.8779296875	18620.1875	NA	NA	NA	NA	9101.8154296875	NA	NA	NA	NA	5468.3310546875	NA	NA	9025.6162109375	NA
P32141	40264.98828125	35499.046875	34299.31640625	24945.48828125	37584.265625	31579.611328125	30095.08984375	34415.46484375	30538.2265625	39260.97265625	37118.01171875	47720.9296875	36457.5625	33791.21484375	26680.12109375	20274.298828125	23944.125	24803.28515625	10922.7998046875	26737.75390625	7386.30908203125	22000.69921875	22285.91015625	21021.39453125
P32144	1341644.125	1226093.25	807572.0625	823679.9375	1246001.875	1278780.5	1177518.25	1053625.125	1001713.5625	1071505	1397481	1350475.625	1290812.875	1125483.625	875245.25	928829.9375	845002.5625	756054.25	926142.125	821663.4375	942001.1875	968834.4375	795558.875	987738.5625
P32157	237525.640625	232992.53125	221880.359375	214187.625	226371.109375	233715.359375	246343.171875	253326.09375	270015.5625	230494.109375	231738.34375	392081.78125	252597.765625	246581.9375	216792.625	218768.703125	213217.921875	235625.546875	208911.46875	224869.90625	201714.875	219316.65625	218445.375	211909.234375
P32160	122003.5	112791.640625	142926.34375	141306.90625	93385.9609375	86442.6953125	134579.796875	109010.265625	121195.0546875	84321.046875	151281.25	322717.5625	99090.0078125	99376.28125	127231.3671875	135425.90625	124490.984375	149431.03125	134454.90625	131943.34375	139177.96875	105294.1484375	132692.421875	141236.203125
P32162	76927.109375	64260.12109375	87788.9609375	80668.90625	79711.4375	58187.6015625	59197.07421875	106312.453125	115081.03125	98110.5078125	88088.828125	82691.5546875	55209.03125	112367.484375	68358.078125	70756.40625	70534.8671875	89632.3125	52837.890625	97057.8203125	69514.2109375	60235.90234375	121264.3046875	48550.51171875
P32166	20139.5078125	19617.09375	16151.96484375	18518.78515625	28246.009765625	31192.392578125	28267.92578125	17514.474609375	4509.189453125	21075.42578125	29863.638671875	10962.7744140625	28402.296875	22292.708984375	18779.43359375	25789.3984375	26711.400390625	19352.064453125	30308.97265625	11434.0791015625	28005.73828125	24081.955078125	14250.005859375	25338.380859375
P32173	190237.890625	200273.578125	160431.375	160608.578125	143807.453125	148183.015625	188021.46875	144600.375	152166.703125	137234.140625	144417.265625	154345.140625	143370.875	145226.296875	133340.078125	152716.28125	155586.140625	116473.4140625	135226.328125	152976.890625	151574.953125	132732.515625	112144.90625	147148.578125
P32176	50948.37109375	54305.484375	32927.58203125	34987.46875	43711.03125	44420.8046875	63598.7734375	43171.609375	40416.83203125	44060.55859375	51068.0234375	74569.8515625	42666.7265625	53100.42578125	30201.69140625	54737.578125	30331.20703125	40680.4453125	35357.95703125	23583.408203125	35288.8984375	28863.951171875	28862.5859375	35507.6796875
P32177	48368.984375	48019.93359375	45378.3359375	49163.71875	38620.40625	37449.40625	35129.0078125	34383.86328125	55689.328125	33332.515625	32358.677734375	28056.712890625	36548.73046875	33739.48046875	44922.296875	40311.09765625	41800.0078125	48624.3828125	46866.12890625	51968.421875	40431.90625	45672.1640625	50241.80859375	38487.51171875
P32662	374171.5	352570.03125	522477.5	393592.90625	401113.28125	313680.59375	314048.96875	409911.1875	533958.75	398826.875	397784.75	686248.1875	363633.75	405601.21875	528352.9375	475303.65625	482441.84375	521177	429876.75	486892.09375	443883.4375	434338.5	540667.375	418983.15625
P32664	314021.6875	312847.96875	265415.9375	329975.125	236360.640625	266383.625	368995.78125	283030.6875	199841.59375	258436.296875	299297.875	362847.15625	284977.90625	283494.0625	235581.140625	285898.53125	288243	267281.53125	311339.25	260981.109375	291329.6875	287039.4375	282587.15625	304575.6875
P32669	81396.8359375	69599.65625	50289.828125	44699.45703125	79821.21875	69931.7890625	65021.375	64006.8984375	117009.6171875	69726.6796875	62049.83203125	85322.5859375	64157.28515625	71600.359375	46647.40625	45169.359375	59603.6171875	59907.41015625	47569.8671875	47587.23046875	49518.7109375	45916.45703125	57372.09375	39365.25390625
P32670	4222.39111328125	7820.22509765625	3240.595703125	3136.46435546875	3023.12573242188	3708.4658203125	3384.34497070313	5720.7802734375	9142.9609375	9060.5029296875	828.902404785156	NA	5327.74072265625	5769.2998046875	3293.68872070313	2889.44946289063	3949.92919921875	3205.28662109375	98.1468200683594	3925.97387695313	3936.15454101563	4920.50048828125	3046.71850585938	10206.267578125
P32680	106861.1796875	105599.640625	88002.4375	114782.671875	70657.171875	90231.8046875	101826.5390625	64778.15625	57463.3515625	68473.4140625	95802.7734375	155916.09375	87842.9375	69794.90625	84987.296875	106639.2109375	93276.2109375	83053.03125	110185.234375	86308.6328125	106090.2109375	100293.0234375	73809.96875	109845.7734375
P32681	34788.4453125	35813.59375	28715.62109375	21013.6796875	29675.57421875	28554.5	33626.56640625	29132.01171875	34162.40234375	25942.142578125	34664.2109375	59515.15625	29360.162109375	31725.447265625	25540.4296875	23785.69140625	23469.525390625	30639.28125	21568.31640625	25999.2109375	21317.126953125	20013.056640625	30342.607421875	25505.921875
P32684	184352.03125	184010.921875	212536.484375	220989.6875	158864	157181.59375	196939.265625	168402.234375	198362.671875	182791.640625	164861.640625	223977.4375	164761.40625	173412.5625	197244.9375	192876.484375	188165.15625	205118.484375	219208.46875	205562.265625	201572.53125	185231.859375	215400.28125	196894.546875
P32685	88604.46875	83505.453125	78500.6640625	122515.5078125	109512.8046875	97826.828125	76025.3671875	87306.4375	144255.125	93933.6875	95861.1015625	229571.28125	74812.140625	81038.8671875	88856.6640625	92927.0078125	91961.171875	110043.15625	84278.3671875	86793.6328125	90730.1796875	75497.5078125	74811.140625	83153.328125
P32687	161965.71875	188300.078125	83221.328125	62015.33203125	281346.875	203904.984375	182966.5625	299485.46875	279763.0625	289807.875	239972.96875	329593.46875	177367.390625	241059.5	115449.8515625	114421.0078125	138108.15625	94001.7265625	99008.9609375	115287.6015625	102898.34375	137810.5	174221.859375	106312.9375
P32694	300531.09375	352749.0625	NA	NA	136549.125	139288.8125	191527.34375	292579.125	426549.90625	257317.59375	145571.1875	136544.5	272622.03125	279736.84375	411923.03125	251430.203125	443968.28125	339653.90625	289360.59375	392651.375	288711.1875	312152.53125	NA	216853.8125
P32695	246215.8125	251987.28125	254919.65625	248812.515625	248424.140625	222275.78125	242494.484375	258364.546875	240140.15625	263602.375	246739.0625	259928.28125	240490.09375	249824	244470.25	246264.578125	230054.09375	234981.84375	236266.453125	236470.15625	233825.71875	233500.6875	254038.4375	235405.625
P32703	29971.021484375	27536.396484375	20084.79296875	28168.091796875	27996.677734375	32881.08203125	22548.7265625	24630.203125	21929.45703125	24579.30859375	31524.78125	16853.171875	27861.072265625	18295.474609375	24843.982421875	31718.587890625	22379.91796875	16922.47265625	26847.736328125	28736.48046875	30533.287109375	30336.025390625	22521.904296875	25248.751953125
P32705	8377522	9173071	303668.59375	256241.5	6119000	7212169	11757411	4354086.5	4854857	6912680.5	6085851.5	8276446	6744520.5	4688863	93567.0390625	314041.09375	227155.6875	411259.5	362591.75	357628.8125	NA	183917.109375	424432.5	298854.28125
P32721	27625.193359375	10757.2001953125	10992.9404296875	13132.640625	35891.7421875	18792.875	17581.025390625	15128.623046875	23280.1875	25765.8984375	26622.2890625	19975.5390625	19044.32421875	15222.55859375	11295.1591796875	17269.30078125	17217.625	15219.3037109375	15394.537109375	10161.251953125	13193.607421875	10837.0751953125	16374.5341796875	9787.755859375
P33011	27880.4765625	31592.83984375	20486.32421875	19998.92578125	1855.20727539063	19541.384765625	29779.025390625	46553.37890625	NA	21831.76171875	28425.654296875	16665.345703125	19831.125	15613.3271484375	13738.2197265625	16222.8173828125	13796.62109375	14417.91796875	15409.951171875	11988.0654296875	7565.92431640625	9261.16796875	25130.06640625	5730.3935546875
P33012	140878.984375	127553.703125	102209.453125	82149.8671875	102153.1171875	94138.2578125	119283.0859375	115457.0546875	134208.4375	101802.0859375	107296.5234375	137002.953125	112711.78125	108897.140625	73500.5390625	88837.734375	90003.0078125	82778.234375	64745.29296875	79480.625	77920.921875	63228.671875	84415.921875	78417.3828125
P33014	385040.9375	435583	269382.1875	222899.84375	192342.703125	NA	388449.03125	93685.9453125	30979.298828125	NA	NA	279763.53125	NA	252043.796875	355751.625	383919.03125	266639.0625	241803.46875	407229.21875	220270.0625	357377.59375	282422.1875	218953.234375	360072.09375
P33018	499687.46875	563716.6875	313796.9375	314140.34375	366763.96875	540988	459349.875	379085.65625	302273.34375	324197.15625	462358.09375	468450.59375	461827.84375	466830.1875	247347.125	293965.90625	266144.53125	226481.984375	324095.03125	302438.25	310552.90625	268300.625	267483.9375	278282.03125
P33025	85424.421875	82936.3515625	NA	7548.71240234375	74216.640625	94291.3984375	84070.6875	76785.484375	83165.9921875	78710.2109375	81645.21875	76778.9453125	84099.3046875	82657.6171875	9263.2705078125	4657.68603515625	7685.3291015625	4369.73681640625	14675.1923828125	9941.8095703125	8196.3408203125	9051.716796875	8249.4228515625	8061.640625
P33026	17782.74609375	20463.466796875	21896.48046875	35381.796875	10499.4072265625	17664.990234375	13660.2734375	17606.521484375	NA	8000.94873046875	17372.515625	5065.71435546875	12259.7138671875	13315.4404296875	19738.728515625	30804.076171875	28907.900390625	9093.7900390625	25477.517578125	16681.0546875	34239.5703125	33727.421875	18791.623046875	32574.197265625
P33029	23862.466796875	7191.61279296875	20173.072265625	14061.9150390625	18213.4921875	NA	25782.8125	24241.90625	18296.9453125	24644.736328125	12704.43359375	12177.21484375	10819.8369140625	12350.0263671875	11766.9677734375	16167.6611328125	10149.1923828125	NA	12358.30859375	10086.767578125	17097.765625	16494.29296875	18180.216796875	10715.0205078125
P33030	162699.703125	146415.375	215727.5	204892.796875	192622.15625	167204.625	174382.796875	197246.125	177335.1875	201015	148878.8125	229813.4375	173758	190996.859375	221512.359375	206392.65625	206742.53125	222546.328125	205654.96875	231081.0625	210882.203125	201666.484375	238568.625	203163.078125
P33136	1320999.625	1365365.25	1548332	1541336.125	1286844.75	1229091	1315882.125	1454115.5	1462856.25	1455067	1201290.875	1179565.25	1263753.375	1431844	1361733.375	1314068	1472051.25	1456644.5	1360569.25	1581979	1391127.625	1367960.875	1557711.125	1377288.875
P33195	567665	617370.4375	385374.21875	401517.03125	498596.03125	568273.125	532410	472274.5	514190.625	491634.21875	499637.84375	345466.1875	502555.09375	478260	341400.6875	326210.71875	363915.78125	274425.5625	322214.1875	329980.4375	364696.03125	364818.21875	330886.0625	319450.125
P33218	249200.5625	241138.140625	217396.0625	187244.25	292785.34375	250128.796875	269070.53125	294075.09375	419074.125	291250.78125	259710	383838.125	231857.171875	279737.59375	221584.84375	231146.59375	196363.671875	247346.96875	198200.125	198347.890625	177161.140625	178205.09375	222465	195663.75
P33219	1374122.75	1489333.5	1018765.5	793607.1875	1536537.125	1091558.125	1716159.125	1391056.125	2097766.25	1452358.125	1187789.25	2868430.75	1374678	1259033.375	881789.3125	1007287.1875	945374.0625	1104341.125	999560.25	978545.5	760321.4375	560408	1023377.875	738964.75
P33221	3108554	3204930	3056708.75	3101347.25	2709038.75	3148357.5	3897029.25	3230192.25	2541143.5	2978341.5	3687871.25	2895445.75	3453182.75	3230506.25	3211459.5	3178517.25	2872661	3066772.5	3079981.5	2930213.5	3141559.5	3256521.75	2862027	3090417
P33224	705260.25	652918.5	386231.1875	457274.625	693716.3125	678896.375	941231.5	705182.75	585149.4375	664769	710268.25	679928.9375	623487.875	647520	382498.125	462144.5	403160.375	426083.46875	377731.75	523114.46875	458551.5	458947.5625	354414.3125	411033.78125
P33232	5036299.5	5758850	3367980	3631604.5	5206584	5506271	6180075.5	5590726	5042497	6259765.5	5121825	4850689	5575834	5757640.5	3050566.75	2901456.75	3521778.5	3267837	4028764	3922124	3516227.25	3091179	3583113.25	3486469.75
P33235	58632.2421875	89917.640625	15685.177734375	29233.966796875	35149.953125	30805.478515625	50947.12890625	64034.984375	30352.484375	43448.359375	56811.33203125	77708.46875	60059.27734375	61586.2109375	13733.0205078125	18199.017578125	21184.58984375	22253.443359375	NA	23769.548828125	23500.865234375	12721.1884765625	20480.83984375	19034.40625
P33341	18402.359375	17226.294921875	25633.798828125	36335.99609375	24142.08984375	16678.53125	23460.82421875	17515.7421875	23604.177734375	12503.701171875	11524.41796875	16915.29296875	23596.412109375	11038.3818359375	28412.927734375	25000.765625	25009.0859375	30123.326171875	23141.4609375	15554.470703125	38295.3203125	34300.6484375	22297.26171875	37539.4765625
P33343	22270.158203125	33615.7109375	54768.09375	39741.65625	28383.71484375	27128.71875	15005.705078125	23935.998046875	58240.78515625	22626.244140625	15424.140625	43032.2109375	15460.19921875	19483.14453125	53189.90625	41885.2734375	39304.2578125	52579.63671875	36060.80078125	36976.890625	34065.90234375	39828.703125	40278.33203125	34958.73828125
P33353	6283.939453125	1183.58227539063	NA	1715.7724609375	80.6182022094727	8352.3759765625	2757.36083984375	1763.04321289063	5049.8203125	3122.73193359375	2298.22216796875	1.81873774528503	977.584350585938	1258.42053222656	1393.97900390625	737.13525390625	2591.4404296875	1687.77807617188	239.241653442383	2239.88842773438	4546.6083984375	899.391967773438	598.028564453125	473.778137207031
P33355	49608.125	48643.71484375	26016.61328125	38128.53515625	39092.5390625	48666.1328125	47326.5703125	31959.912109375	22214.107421875	32210.75390625	53564.26953125	87849.4140625	45297.01171875	33075.48828125	29254.66015625	41460.47265625	34001.3203125	29174.166015625	39151.6015625	31153.775390625	44743.04296875	36798.0546875	24260.453125	42427.91015625
P33360	911730.4375	1102425.625	1032523.6875	1297365.5	999204.125	1033355.0625	1695536	1160498.75	913963.875	1037094.625	1134654.5	1145187	973697.125	937293.6875	1210077.125	1156444.625	999049.75	1038627	1117752.75	899169	1180021.25	1062148.125	910935.125	971890
P33362	889138	763449.125	695534.9375	540600.3125	1210162.875	918004.9375	1165498.25	1152161.75	1456917.25	1031607.0625	1058000.375	2911046.5	967779.6875	1010472.5625	826215.125	861939.125	736435.75	1024249.625	694687.5625	754768.25	610604.75	662269.1875	768169.0625	782540.3125
P33363	501494.78125	501879.59375	500787.40625	475720.75	625969.875	518633.75	481153	655169.5625	869116.5625	628404.6875	542830.0625	565366.9375	541776.9375	641596.4375	484001.65625	465067	471761.6875	638540.3125	460508.90625	505018.90625	440091.125	448695.1875	582280	463462.75
P33368	139223.796875	152475.421875	99640.0859375	119903.375	79447.953125	116015.140625	167250.671875	123135.171875	71888.8203125	96474.5	123581.2421875	187883.390625	110290.1015625	88940.859375	74753.484375	101704.1484375	94687.2734375	91911.0859375	86991.3125	108839.5234375	96429.1796875	79177.1484375	87288.5625	99925.84375
P33371	23255.96484375	14287.18359375	21134.576171875	16618.47265625	16081.919921875	20078.62890625	16292.669921875	14330.736328125	13561.1875	15418.568359375	15668.6982421875	18408.5703125	14637.5576171875	14179.5576171875	18847.162109375	15722.9931640625	15529.34375	12908.396484375	13915.404296875	15936.7626953125	14780.83984375	12330.23046875	16001.037109375	13972.5
P33570	1492746.25	1634190.25	1342646.875	1471082.125	1431142.5	1663292.25	2438258.5	1795432.5	1466652.5	1642170	1763987.75	1605420	1556333.5	1609255.25	1412941.25	1478953.5	1425395	1719270.125	1500310.5	1579835.25	1489072.875	1371309.25	1408300.875	1516928.75
P33590	1416643.625	1236052.875	1859458.5	1388518.125	1898092.125	1495266.625	700669.75	1986282.375	3253272.5	1533973.75	1106792	1517869.25	985704.625	1510046.25	1839357.125	1255797	1330107.375	1746726.125	801180.875	1483284	1215498	1738680.5	1581413.75	1287151.375
P33593	91930.21875	76790.4609375	124991.828125	100460.140625	117037.296875	92167.984375	37183.76953125	90130.6875	111415.2109375	76442.171875	84531.421875	105227.578125	66272.3984375	65059.4921875	123507.984375	83478.46875	82161.6953125	114257.265625	56553.73046875	86941.734375	81720.609375	111220.84375	77072.71875	85513.09375
P33594	155622	125469.6484375	197504.375	153862.109375	160327.484375	146796.484375	84843.7421875	140010.59375	186910.8125	106290.1484375	141826.96875	98195.078125	127466.109375	134105.46875	198948.15625	153212.921875	143783.59375	161989.203125	105066.3515625	145023.203125	139623.28125	193143.578125	150763.359375	149265.265625
P33595	33193.03515625	35610.15234375	18876.033203125	21526.69921875	33355.84375	35896.921875	36574.9296875	32293.1640625	9635.0498046875	18355.482421875	47829.015625	NA	32632.205078125	24563.47265625	22711.619140625	25790.6171875	25805.982421875	25351.96484375	32339.580078125	24546.1171875	34516.828125	6802.7900390625	25297.517578125	17085.255859375
P33599	4143375.25	4564522	2930340.75	2977724.75	4123904.75	4240916.5	4141291.75	4000740	3998382.25	4255996	4088014.75	2832555.25	4221290	4577335	2439578.75	2442034.5	2896664.25	2653058	2667397.5	2656145.25	2556663.25	2507828	3142606.75	2583759.75
P33602	2387648.25	2518980	1689114.75	1711698.875	2414645.25	2639905.25	2446047.75	2301294.75	2290511	2549802.75	2571894.25	1680739.75	2497616.75	2482610	1555253	1565832.25	1762297.5	1514965.75	1729401.125	1585144.5	1546044.625	1606129	1935645.625	1569622.125
P33607	199093.671875	195705.96875	75582.640625	102232.71875	95059.6640625	176647.296875	144069.3125	72064.7265625	90651.9375	69877.3671875	193531.25	82081.5546875	161169.265625	68339.5234375	104342.96875	84420.2890625	132656.65625	58152.765625	120278.15625	61225.14453125	127808.1328125	132828.40625	71953.21875	66932.6640625
P33643	502436.875	517874.25	536067.8125	634209	561457.375	581647.625	600668.25	510734.9375	563032.9375	509814	503077.46875	410454.375	523557.5625	550760.3125	561850.3125	560042	533581.5625	571278.375	598079.875	560365.5	581319.625	561485.4375	562784.875	581930.5
P33644	482421.03125	480390.40625	377306.65625	441008.90625	380052.875	425881.6875	488872.875	309199.5625	286476.625	336995.84375	458405	912728.1875	388210.65625	345839.34375	322829.375	401152.5	336944.6875	287616.6875	400363.8125	356036.40625	417877.84375	367199.84375	338449.25	393416.25
P33650	1054602.25	927619.5	839942.625	1173257.875	514904.71875	909908.125	542220.75	1043347.5625	432174.09375	564770.125	970353.0625	836437.375	775603.9375	599266.4375	884726.4375	1228823.125	1242610.375	860399.0625	1147505.625	818522.5625	1381818	1309550.375	508844.1875	1484139.25
P33667	36705.3515625	27206.341796875	40075.3203125	49932.26953125	37622.82421875	34335.56640625	28343.935546875	39470.7109375	36435.203125	35082.02734375	33475.87109375	36705.12890625	35881.23046875	42806.14453125	35001.0078125	46981.90234375	30989.4921875	52784.5625	41360.34375	42552.04296875	46016.4765625	41299.8203125	38744.59375	36629.55859375
P33913	125633.6484375	133945.125	99537.375	102605.203125	124794.359375	129484.4375	141273.796875	145380.828125	162607.0625	135913.515625	113309.03125	104991.125	110934.6015625	129858.359375	107136.0859375	92218.609375	105014.296875	109780.9296875	100431.6796875	113304.859375	99143.59375	90614.9453125	113867.359375	105347.7265625
P33916	58032.66796875	66683.9765625	57402.7890625	64095.6484375	44358.01171875	35481.8671875	59680.59765625	48033.0234375	39835.56640625	45978.5703125	57556.23828125	36735.71875	49615.00390625	46143.203125	39853.34375	47150.59765625	62683.33203125	44803.30078125	53626.89453125	54080.26171875	41652.7421875	52939.1796875	48519.17578125	45436.49609375
P33919	42622.7421875	40234.33984375	33144.1484375	33840.609375	30275.548828125	43696.80859375	44887.33203125	31615.328125	25107.6484375	40874.22265625	44986.03515625	39105.08203125	37332.2265625	34323.49609375	37564.5625	38608.359375	37530.953125	38226.12109375	39924.06640625	29631.33203125	35963.02734375	40871.69140625	34658.27734375	37719.80859375
P33920	491889.59375	492221.125	490412.90625	507304.375	462714.3125	507932.15625	457527.21875	448514.125	473856.8125	455204.4375	461590.90625	359553.4375	462275.09375	455721.0625	467640.25	441388.625	460347.71875	449912.25	471614.78125	423979.125	461038.71875	455928.34375	482867.84375	445499.09375
P33937	104596.0859375	100501.8828125	87160.4921875	80780.7734375	117582.25	98481.0078125	113937.9140625	109651.3828125	172481.8125	93614.1875	84011.84375	88500.0625	76872.015625	114557.8203125	80890.1015625	67570.984375	72233.578125	86293.3984375	47423.16015625	78556.5859375	58485.0703125	76822.3203125	81315.1015625	55975.18359375
P33940	313676.15625	335187.28125	207467.796875	187148.265625	280153.53125	247512.515625	325800.625	307763.5625	305303.8125	279817.21875	299875	234304.90625	300086.5	310363.8125	182236.921875	138859.890625	153772.203125	143753.53125	164608.125	160522.25	172473.9375	208930.84375	148240.890625	185882.390625
P33941	115210.515625	141338.828125	100443.828125	112935.7578125	72886.78125	99725.96875	157111.078125	110614.6171875	58505.41796875	111359.78125	136118.5	105552.4609375	86655.5078125	111975.0546875	104335.4375	92872.9765625	97793.2265625	101618.921875	106605.0390625	114454.921875	131637.8125	101342.109375	103529.046875	114769.8828125
P34209	744241.5625	895535.875	471854.78125	544755.25	507529.75	533613.1875	702372.6875	624674.875	528779.75	575984.625	584463.875	615690.125	718034.3125	622754	357212.03125	426305.90625	405198.28125	334645	386571.46875	410798.28125	526190.8125	461411.3125	406134.75	451453.375
P35340	1462201.125	1501369.625	1778893	1705312	1681096.875	1733662.25	1324706.5	1479929	1444626.75	1634077.625	1558040.5	1339837	1555559.875	1535494.375	1731711.25	1654001.625	1661099	1771329.75	1623087.625	1693078.375	1725434.5	1835286.125	1669757.125	1751123.125
P36548	101612.2109375	95702.8671875	119281.3828125	107901.6171875	87870.2578125	82249.2265625	84609.1640625	90436.2890625	85919.1171875	86371.8125	106186.1875	159823.578125	86091.0859375	89252.234375	119270.8359375	115232.2578125	109381.3515625	114068.21875	111363.109375	106089.078125	100091.90625	101458.9296875	117759.9765625	122495.984375
P36553	103560.1484375	103499.578125	116477.4921875	115450.5390625	97201.7109375	102435.8046875	92598.5625	115144.375	121164.7734375	92877.921875	78912.1171875	98540.2578125	104238.078125	95346.515625	124052.640625	123063.9453125	130545.015625	95377.703125	117501.6328125	121837.140625	116059.3671875	127100.0078125	121823.5234375	107612.4375
P36561	50083.24609375	79118.2578125	36994.42578125	54322.9140625	22071.7578125	39900.8359375	41388.71875	24966.162109375	22849.748046875	26605.275390625	30939.595703125	38610.59765625	26904.919921875	21102.40625	13789.5205078125	24581.5546875	36798.94140625	13961.439453125	38995.55859375	42717.9140625	36803.03515625	31857.447265625	25625.4609375	36191.21484375
P36562	22851.474609375	22442.572265625	21671.697265625	20031	16919.20703125	21604.154296875	22804.775390625	25120.11328125	29018.330078125	23514.744140625	22393.041015625	22654.87890625	21467.130859375	21732.203125	18288.58203125	18785.171875	20002.251953125	19453.802734375	19961.533203125	22374.439453125	19751.392578125	19024.748046875	22362.642578125	19158.365234375
P36566	330455.78125	311138.46875	371762.71875	275529.84375	244834.578125	251184	255002.96875	254943.5	305585.8125	250806.71875	236850.53125	199520.46875	280219.46875	282474.9375	286753.09375	246391.625	314396.625	323626.03125	283209.25	293405.1875	289504.6875	253323.515625	335802.28125	250782.90625
P36649	111337.1640625	104123.9765625	106511.796875	93060.390625	111103.3359375	100451.1171875	122305.5390625	113467.6015625	152147.15625	116444.1796875	102908.1015625	128260.2109375	104338.984375	118421.1953125	108398.3984375	93499.453125	120527.8203125	116876.953125	108774.171875	104623.921875	91170.8125	90051.6875	233440.6875	110805.71875
P36655	181310.828125	180726.265625	172212.859375	188003.140625	148787.015625	150084.21875	182003.53125	141384.984375	176595.609375	161115.28125	159777.625	118315.796875	155015.375	141935.140625	137502.375	143758.921875	151426.296875	167789.640625	150771.4375	168503.171875	161010.53125	144682.484375	169964.171875	166311.015625
P36659	673486.375	812916.8125	642882.9375	683975.8125	743427.75	776918.3125	719563.3125	808120.875	831572.5	834142.625	584322.375	727323.875	603855.75	768837.9375	561989.625	596115.1875	624010.8125	554457.8125	415363.53125	655806.75	521555.75	657029.375	616032.125	539033.375
P36667	NA	NA	4894.9775390625	6522.62841796875	NA	NA	NA	6602.5166015625	NA	NA	NA	NA	NA	NA	4759.73486328125	4103.07177734375	8496.685546875	NA	7243.6669921875	3635.05786132813	7356.59130859375	9863.5830078125	6924.7177734375	5377.751953125
P36672	9896.2197265625	17961.939453125	49403.01171875	36758.15234375	2694.951171875	10602.5517578125	13258.7568359375	6047.7900390625	3644.85083007813	3012.77807617188	6149.22900390625	1202.95983886719	7048.49169921875	2467.17822265625	29668.76171875	37004.76171875	13851.57421875	11788.2880859375	22646.763671875	29808.65234375	32546.865234375	31447.48046875	24116.583984375	29234.57421875
P36673	143904.28125	136775.59375	112881.9375	122590.3828125	113936.375	132347.609375	138351.34375	122740.6640625	129676.3671875	105330.484375	117377.9296875	146710.4375	140901.546875	136174	112794.390625	108859.65625	109714.5078125	130646.671875	97124.125	102477.5390625	114511.7421875	102939.3046875	108703.4921875	108462.125
P36677	2029.70251464844	1848.24426269531	3257.021484375	813.315368652344	2007.28381347656	NA	2412.71142578125	1667.48583984375	10181.1474609375	3799.521484375	1734.81396484375	1987.53771972656	2577.619140625	1742.33728027344	4373.35107421875	2489.15014648438	2507.67895507813	3515.06518554688	2773.984375	1531.80444335938	1468.60266113281	1492.2763671875	3023.59252929688	831.863403320313
P36680	323317.28125	300618.90625	278626.15625	305615.5	194382.3125	287577.53125	240038.65625	185362.0625	174315.734375	195218.171875	273281.625	370152.40625	256160.203125	165957	256613.09375	282921.53125	296282.875	153898.09375	282497.03125	234027.53125	316379.46875	334688.03125	219046.40625	275071.46875
P36683	17862922	18911266	7135805.5	6565326	18323942	19304988	16164641	16926362	16445190	19523544	16772916	11062293	18357568	19001542	6139688.5	5765004	7275677.5	6954827.5	7432012.5	6435278.5	5833873.5	5808481.5	8195767.5	5802738
P36767	1259668.875	1036265.1875	1034603.375	1109991.625	1046067.5	1297729.875	1106257.5	1011065	962996.875	927595.4375	1177569.75	1189222.75	1006061.8125	1018840.3125	1114239	1098902.625	1124364.875	1159199.375	1143090.125	931274.25	1145562.625	1130220	1001873.625	1153660.375
P36771	292968.96875	248264.171875	175647.875	171329.03125	228777.265625	293937.875	146249.578125	175380	196255.546875	177579.609375	250095.953125	168742.6875	208638.3125	153934.109375	184948.6875	154572.75	154412.46875	88433.078125	131395.390625	128565.8359375	166719.65625	183086.78125	121380.1640625	135081.921875
P36879	253420.875	242515	181165.796875	196911.6875	211490.46875	264663.5625	213850.5625	197691.03125	203155.203125	198666.28125	258846.578125	161340.34375	225749.109375	208877.3125	168429.265625	192634.84375	204525.5625	174744.828125	207147.09375	184149.421875	204096.296875	200933.859375	191724.921875	210277.359375
P36881	211499.203125	140145.453125	86357.4765625	77603.578125	243629.578125	144971.53125	125803.7109375	170405.1875	247920.09375	154768.015625	159044.203125	195661.96875	119642.59375	121564.9609375	42410.98828125	69524.828125	28489.599609375	69712.421875	33100.765625	68438.0703125	71209.4296875	55948.47265625	67642.296875	31538.1015625
P36928	84507.7421875	90486.703125	173027.703125	171360.359375	79903.359375	96665.46875	78011.09375	89801.2421875	88279.0234375	98402.828125	66865.453125	76361.359375	73300.2109375	80955.65625	168010.046875	154411.140625	167042.078125	126508.15625	159958.859375	182465.890625	159693.46875	153882.28125	146963.5	140425.1875
P36929	318497.875	338724.09375	361358.1875	363924.625	283883.90625	303814.8125	308158.5	315661.6875	328650.34375	320246.25	262894.15625	257793.4375	245656.359375	309010.71875	333535.84375	294652.625	319239.34375	317689.59375	290742.625	320595.78125	288521.96875	283781.6875	325817.84375	291984.96875
P36930	6985.49853515625	5472.58349609375	2004.03051757813	2190.6396484375	3033.58081054688	2917.6611328125	3555.36987304688	4632.32763671875	6585.8349609375	5262.294921875	4017.49145507813	3468.79125976563	4064.05249023438	4087.42797851563	1965.1298828125	1659.50183105469	1772.76354980469	1239.92138671875	1299.05615234375	2549.11962890625	1754.14855957031	2536.748046875	3343.23803710938	2108.52758789063
P36938	3282293.75	3317478	2696197.75	2575507	3520497.75	3539978.5	3159955.75	3544848.75	3883036.25	3593118	3152160.25	3800803	3319744	3636812.5	2464094.5	2426981.75	2548551.25	2848847.75	2506222.75	2657931.5	2492559.5	2469346.5	2804508.25	2461230.25
P36979	490252.8125	528448.375	562013	581348.8125	477989.09375	530696	486642.09375	399869.5625	372479.65625	434346.1875	522308.125	405220.4375	497760.375	408666.59375	512593.25	560299	573055.9375	444325.53125	573033.5	501235.625	581034.875	578764.5625	552867.875	604654.25
P36995	922008.8125	821712.4375	1544333.625	1275508.625	629040.0625	545488.25	1109087.375	571814.75	836659.3125	450961.25	970755.6875	2151849.75	672275	653386.5625	780300.875	1479247.125	788397.1875	1251393.25	1259499.375	901732.375	1193048.125	703496.875	1108816.5	1090605.5
P36999	51409.46875	53542.1015625	67338.484375	64114.06640625	36331.51171875	47079.453125	50036.67578125	45914.7734375	58371.35546875	43755.546875	54323.98828125	57962.421875	42974.53515625	44327.08984375	53293.19921875	55961.98828125	57387.31640625	60457.5703125	59168.3046875	49648.10546875	56825.6640625	52232.80859375	54548.11328125	53840.58984375
P37005	821374	751865.6875	955653.5625	1056859.5	658634.875	641828.5625	678742.8125	712311.75	752444.875	679958.25	624707	735374.4375	674134.25	661063.5	890825.75	851190.3125	978054.6875	895527.6875	1033345.125	1005202.625	970651.75	858678.5625	905771.1875	924417.9375
P37008	17110.427734375	27310.291015625	30026.470703125	24250.224609375	32334.388671875	37064.66796875	32538.65625	23747.2890625	32384.59375	28502.009765625	17354.93359375	34326.98828125	25936.71875	30280.029296875	23051.591796875	30247.4453125	23517.46484375	8593.703125	23696.04296875	29552.05859375	22172.078125	3787.52075195313	26769.83984375	11640.7890625
P37019	623684.5625	599764.3125	344454.03125	298538.09375	418871	746573.4375	597903.5625	564643.8125	404713.1875	485803.5	580904.25	456973.65625	509070.5	364391.90625	377215.625	260948.296875	383278.03125	218452.65625	222681.75	377116	400866.6875	419341.84375	318026.625	373286.625
P37024	25126.599609375	32127.880859375	28688.251953125	25369.6875	28870.26953125	25742.072265625	25565.984375	29210.9921875	27942.8671875	28163.88671875	26171.7109375	21702.34375	21992.333984375	26810.517578125	25857.017578125	23356.453125	24722.875	25542.306640625	21580.86328125	22280	23127.494140625	22521.103515625	27390.01953125	20340.541015625
P37025	21888.5546875	33131.546875	NA	12809.478515625	NA	12043.2197265625	14915.8974609375	NA	11065.0703125	7398.82080078125	16979.134765625	22133.544921875	14301.05078125	NA	NA	NA	NA	NA	10810.3408203125	NA	18777.62109375	6794.39697265625	NA	7564.765625
P37028	47722.9140625	48563.7890625	59575.484375	52049.4140625	49867.765625	44681.421875	46857.203125	45040.5390625	58149.0546875	42071.4453125	40933.8515625	57539.75	35602.8671875	46555.41015625	64103.92578125	45793.6640625	48690.51171875	60647.85546875	46415.609375	57802.5546875	48911.31640625	52124.875	44457.98828125	40065.37890625
P37047	148834.78125	176582.875	131592.625	145089.625	122149.2265625	177082.84375	151008.265625	93026.28125	86411.9609375	90663.28125	180019.375	198159.59375	120240.2890625	81089.8203125	127517.8046875	127647.515625	125483.71875	67113.3125	145022.671875	117239.5546875	169349.734375	170830.859375	102705.234375	155110.890625
P37051	2614882	2978617.5	3695862	4003010	2339302.25	2662222.25	2001772.125	2059411	1894982.75	2179873	2442505.25	1635885.125	2525467.75	2194551	3632956	3792434.75	3981087.25	3259497	4046813	3207364.5	3860801.25	4031265.25	3384123.75	3929692.25
P37052	40818.7265625	55351.296875	53314.546875	51885.8046875	56313.53515625	49355.08203125	60064.671875	47722.91796875	38013.54296875	39686.87890625	56202.64453125	83279.9453125	46108.09375	44744.69921875	40349.08203125	52898.11328125	56917.1171875	45611.65234375	55282.8515625	48723.94921875	41452.28515625	41070.1953125	43417.96875	44519.6640625
P37095	3297846.5	3368972.25	2913035.75	2854784.75	3786631.5	3501291.75	3636030.75	3705934.5	3819260.75	3592901	3447074.75	2857332	3304669.25	3762341	2827490	2742968.25	2660582	2825481	3006724	2709145	2649973	2638306	2953243.25	2703399.75
P37128	402844.40625	315025.1875	370134.5625	445426.875	291848.25	320713.09375	365832.75	322739	321267.8125	329662.59375	346000.4375	501863.28125	323099.09375	343190.875	321172.34375	357681.1875	381419.75	432604.96875	424179.71875	423731.09375	351987.5	308781.40625	357722.59375	407392.4375
P37146	139449.59375	128893.46875	128361.4296875	171588.5625	88728.046875	107254.9765625	254370.078125	123473.1640625	50031.5625	112888.1640625	135097.890625	140934.34375	158998.25	118619.4609375	144211.640625	117920.234375	118308.8125	94371.234375	196980	168425.796875	232281.828125	165402.640625	43955.6640625	232815.328125
P37147	55949.8984375	47080.9921875	24281.58203125	39045.6484375	39023.57421875	58276.703125	68704.390625	63174.56640625	37851.19140625	59060.4609375	57325.37109375	54816.03515625	46003.82421875	55940.16796875	34784.5703125	46238.80078125	33725.984375	41574.4296875	34142.41015625	42619.35546875	35519.640625	38159.203125	32306.75	31412.51171875
P37177	396624.9375	398384.4375	354105.09375	376040.9375	343365.46875	356598.34375	375275.875	370936.15625	369395.46875	364599.21875	360431.34375	243801.546875	355917.9375	357410.65625	322366.65625	316970.78125	356107.71875	288394.34375	324598.90625	352929.3125	330416.40625	340268.90625	368614.5	321164.46875
P37182	52767.4140625	39007.3203125	67257.4140625	53095.33203125	72091.1171875	41899.36328125	27117.02734375	62081.5625	98161.4453125	52152.76171875	44498.5390625	78854.5859375	27870.201171875	51651.7734375	69878.4296875	48200.71484375	47384.8359375	59248.09765625	29007.3203125	53645.58203125	47776.74609375	65258.95703125	56975.65234375	39109.23046875
P37188	9508730	8613694	2820228.25	1860707.25	7066962	6402155.5	4945974.5	8050454	8299889	7639448.5	5456343	8021782	7409508.5	7496900	1988395.5	1950828.625	1916566.375	2313314.5	1592732.375	1892920.125	1719043.5	2071779.375	2195150	1709707.75
P37194	8323859.5	6439635	2852050.25	3549805.75	4178390.25	6744136	6306155.5	4419998.5	2683166	4221267.5	8176653.5	18698406	6756408	4615825.5	2443032	3980388.25	3083380.75	3664654.75	3168639.5	2946101	4250156.5	3383293.75	2277564.75	3799116.25
P37197	58483.98828125	56022.22265625	70603.8828125	55424.890625	76583.8359375	71705.4140625	21542.3984375	75311.21875	146009.171875	65214.00390625	46028.6015625	42060.3359375	48704.1796875	67088.9765625	63326.0625	49094.03515625	44505.1953125	68555.6640625	31543.916015625	56758.2734375	44487.01171875	67151.4765625	59529.88671875	54993.42578125
P37309	12948.703125	12710.1328125	13001.8271484375	9683.9609375	6991.67919921875	7269.0595703125	8838.6201171875	5767.7197265625	6938.80517578125	3958.56201171875	7165.669921875	12283.8603515625	6756.94140625	5236.44384765625	14928.2861328125	8224.310546875	12158.9853515625	NA	9148.703125	5429.71533203125	8124.64990234375	6478.939453125	8353.9951171875	5866.84619140625
P37313	1146713.125	1115938.5	1153610.5	970100.8125	1568684.375	1423822.625	1324373.25	1435632.25	1647508.625	1463869.625	1182417.625	812346.1875	1159577.375	1426308	1019147.0625	984258.3125	886133.5625	1258847.125	864568	932938.0625	797704.125	972561.9375	1103322.625	802053.4375
P37325	17375.82421875	14753.6796875	18407.28125	17939.8359375	20070.27734375	18997.498046875	21271.494140625	24875.181640625	28723.5	25227.638671875	14746.4599609375	15971.7919921875	17467.7890625	20669.81640625	20104.423828125	19998.12109375	15871.9453125	21580.681640625	17723.84375	17759.0703125	17881.46484375	14695.3740234375	23579.07421875	14267.197265625
P37326	88809.53125	85470.1015625	114644.9140625	114685.484375	99429.078125	80827.8203125	97772.71875	73007.6796875	48584.984375	70922.234375	87148.5	98910.0078125	82327.4921875	68602.890625	85934.96875	112652.046875	101361.4296875	100079.3125	95795.65625	105109.546875	98698.0859375	73051.25	98846.0859375	100826.578125
P37327	1788406.25	1559583.75	1248756.5	1370528	1392295	1714663.375	1785607.625	1632235.5	1708379.125	1599284	1600985.125	1574118.875	1402174.625	1598509.125	1430791	1260626.625	1313398.5	1509094.875	1421057.5	1396105.5	1242799	1412745.125	1471072.75	1086620
P37329	814122.125	720553.125	509510.59375	413450.5	962341.6875	730747.8125	783206.75	916305.625	1304236.375	913759.8125	992697.0625	2125845.5	854768.5625	893222.375	491954.5625	499722.59375	445831.78125	535309.1875	412056.15625	472863.6875	451626.03125	466853.65625	528710.0625	441077.53125
P37330	1244412.875	1322358.125	630004.3125	738841	1155175.625	1469598.5	1268432.125	1208145.875	1090293	1296454.25	1226443.625	1023575.375	1225450.875	1163721	612527.625	692364.8125	661365.375	569030.125	749732.4375	662219.4375	711668.6875	629559.8125	676867	686406.0625
P37339	67904.484375	66355.0078125	21602.935546875	22283.25	44131.1875	46364.56640625	91877.8671875	66452.0390625	48190.0390625	60962.29296875	55755.34375	48608.57421875	62203.15625	66418.1875	13138.7412109375	18568.54296875	11765.228515625	19653.94921875	18065.16796875	20052.44140625	19153.95703125	9187.158203125	15515.8720703125	17078.439453125
P37340	148857.9375	130216.296875	52903.1484375	64571.671875	100624.0078125	135383.4375	109069.1484375	63206.2265625	55790.125	56698.95703125	128925.390625	118620.203125	114627.78125	65177.53125	37131.625	80515.890625	59899.99609375	NA	75336.6171875	45685.81640625	90319.6328125	61488.78125	30900.32421875	50439.5390625
P37342	259048.78125	257005.515625	500017.53125	443261.59375	270805.8125	310787.9375	229433.109375	314133	302104.5	219199.890625	253576.515625	228023.390625	234117.75	268335.59375	521416.40625	413188.46875	455886.96875	414462.8125	342984.71875	429605.34375	430790.03125	557385.9375	433266.4375	476583.9375
P37344	175196.875	190955.78125	144204.5625	166713.5	117018.6015625	142792.6875	148891.75	129079.53125	157083.265625	123939.3671875	172387.296875	167781.9375	152505.796875	143176.234375	132148.15625	112674.8203125	169120.765625	118974.171875	132783.296875	155578.203125	149462.40625	146083.65625	141521.046875	131603.515625
P37348	37841.53125	42193.68359375	50657.7265625	48210.09375	43352.15625	39383.54296875	46470.4765625	43938.73046875	30177.19921875	37634.9453125	33099.91796875	42964.08203125	46085.921875	46825.703125	43181.703125	51199.3828125	47756.5390625	31280.693359375	55767.15625	39443.15625	47121.4765625	46583.3359375	42646.13671875	48162.8203125
P37349	286213.40625	266162.5625	973026.125	897025.125	248573.34375	275143.5	258298.34375	228946.84375	281236.5625	225037.390625	260937.953125	305681.1875	226990.203125	261811.265625	766638	713326.875	848109.9375	690584.5625	788433.6875	850238.625	774002.6875	793025.0625	789838.4375	804681.0625
P37351	258836.390625	232474.421875	104555.9296875	114296.9375	239822.109375	319698.53125	233703.3125	199941.421875	168132.6875	238100	280138.75	380989.125	255485.21875	206391.109375	119088.8828125	118604.09375	103381.3359375	72346.4140625	106292.0234375	96224.5078125	118184.03125	107463.703125	93699.9765625	118426.34375
P37353	43724.359375	38414.88671875	34997.39453125	57282.8359375	20033.3046875	34573.2578125	34930.609375	37397.390625	44062.234375	37559.7890625	17335.236328125	8099.95263671875	29708.375	29228.58984375	35468.52734375	29911.962890625	36505.88671875	37254.62109375	33612.8359375	31688.32421875	17466.025390625	28463.9375	25349.0390625	25880.845703125
P37387	47012.765625	37745.91015625	NA	NA	66668.0859375	69410.078125	59202.140625	54444.44140625	75779.671875	57136.17578125	61368.26953125	123194.765625	60479.734375	59351.51171875	20579.984375	19252.462890625	22943.376953125	20352.66015625	2090.69702148438	13650.578125	9556.349609375	NA	3725.10546875	11887.96484375
P37440	883394	967485.3125	235038.21875	220968.375	971335.75	907285.75	695752.875	938426.125	1001239.625	827725.1875	880013.5	1072659.25	857781.375	949903.9375	182789.234375	175793.28125	172651.921875	226877.296875	167738.15625	204917.109375	179519.9375	182855.796875	221618.328125	184179.640625
P37590	163341.265625	165409.28125	95007.890625	89428.1171875	141784.9375	150577.265625	116269.5546875	112967.140625	121057.671875	109768.484375	149367.421875	231503.34375	137782.421875	114075.6875	91629.4140625	97050.8203125	86556.046875	97753.6484375	84045.953125	79288.53125	103378.0546875	87883.6015625	73755.9765625	82940.671875
P37595	613488.3125	580911.0625	448840.5625	416992.71875	585703.5625	552656.125	435755.375	531242.6875	703196.875	539802.6875	600999.875	1161033	523105.9375	550247.9375	462248.09375	471705.625	422697.40625	474359.40625	469504.96875	484579.8125	480070.9375	465367.40625	467358.8125	447355.6875
P37610	5380.03564453125	2481.943359375	NA	2439.59252929688	4033.84765625	9292.6083984375	10947.1865234375	6159.81396484375	9220.2216796875	7000.240234375	18165.58984375	16781.853515625	3849.21484375	NA	2819.439453125	NA	892.390258789063	22.664701461792	NA	2673.77270507813	2208.39086914063	2290.3740234375	NA	651.98828125
P37613	83793.8203125	83198.0625	77400.1328125	83895.28125	62415.2265625	69714.4453125	68358.421875	56163.359375	60863.42578125	54004.51953125	81011.9765625	118516.3984375	65663.71875	49872.80078125	85397.2265625	76532.96875	91501.078125	50624.796875	83488.6640625	69627.09375	83902.8828125	85225.359375	62912.03515625	78336.5625
P37615	80331.328125	81743.1015625	65814.109375	67945.6875	79254.3203125	96152.3046875	129524.25	88116.28125	68399.328125	96054.125	85510.96875	205561.8125	87336.4609375	79293.6796875	68971.6328125	64821.9453125	64153.03125	48987.99609375	70287.4375	80716.4296875	74217.2734375	72680.1875	73928.9375	84516.5546875
P37617	32237.20703125	33043.83203125	26991.81640625	31966.484375	29589.234375	25477.890625	49227.91015625	30702.734375	53763.0390625	31115.59375	33245.44921875	46917.40234375	28047.734375	39682	27807.205078125	24174.501953125	25506.71484375	44176.57421875	24463.8046875	28770.078125	29248.54296875	23051.029296875	34394.49609375	29271.64453125
P37623	100982.8515625	91962.3046875	50231.35546875	79800.78125	93168.375	123344.484375	98559.1875	76061.8671875	34307.23046875	75254.9296875	110807.6796875	147490.21875	84332.734375	65467.33203125	68328.5390625	75329.3671875	51223.03515625	51748.796875	83193.4609375	56514.47265625	77131.84375	71701.5390625	23744.318359375	68290.546875
P37624	269715.53125	276072.46875	172390.15625	163765.046875	241710.96875	291549.375	191618.859375	239462.828125	216615.421875	240132.625	244729.140625	145088.40625	265611	229940.8125	156777.359375	140774.859375	199776.671875	123343.8125	157876.203125	156213.5625	159061.625	163598.546875	166554.9375	156389.84375
P37626	1001400.875	923254.9375	618764.5	559545.125	1130264.875	1255750.125	714121.25	1140438.125	1458269.625	1140964.375	1088199.5	966809.125	1105714.625	1153772.375	602354.5625	577694.6875	662696.9375	771088.625	594381.25	649753.5	596619.6875	592256.625	744170.5	609269.6875
P37631	58322.86328125	63101.23828125	98264.6484375	93165.6640625	64328.87890625	55950.2109375	73272.3515625	77019.140625	75558.140625	70868.15625	55438.21484375	36495.16015625	66167.0625	70012.796875	98758.03125	81908.796875	91726.3203125	86819.2734375	86564.0703125	95211.53125	79825.2421875	79283.46875	96178.9375	86102.578125
P37634	429780.625	461901.71875	580164.3125	607295.0625	425037.59375	440387.4375	500449.96875	504855.59375	431535.625	477289.25	430672.71875	469090.75	424694.5	445120.125	542781.75	534910.125	568822.0625	514160.375	532424.125	538298.8125	517165.0625	514792.59375	579921.75	512544.46875
P37636	434797.875	421660.65625	477267.375	416493.90625	347714.25	333785.0625	600962.5	557359.875	455101.75	403731.15625	429548.3125	815827.875	386524.375	432439.4375	495773.65625	526688.6875	408429.4375	503618.1875	254779.390625	534822.0625	447278.46875	564378.0625	337048.71875	420764.28125
P37637	607812.4375	591525.25	559344.25	606216.9375	471141.03125	537787.9375	893618	685467.4375	480720.96875	547284.125	616838.4375	584328.5625	546466.9375	550531.1875	597657.375	706911.75	545554.8125	626718.875	408978.84375	665033.0625	623660.9375	727301.9375	416080.75	586913.0625
P37641	50804.2109375	64199.85546875	43860.47265625	59929.9453125	53743.53515625	48006.54296875	50470.9375	46115.22265625	23319.53125	55056.1484375	43743.2109375	26637.76171875	64375.0078125	48111.0546875	39366.8671875	55795.8828125	42230.66796875	47962.359375	49757.48828125	63014.83203125	47775.30078125	37533.5546875	47642.25	36454.296875
P37642	41469.3671875	42693.08984375	43496.359375	41999.671875	34844.921875	33871.96875	52693.93359375	49496.734375	41668.6328125	42023.875	45396.2578125	36243.7109375	38231.63671875	40265.85546875	37930.97265625	38799.953125	36089.76171875	41379.859375	37138.43359375	38015.48828125	38830.05859375	36396.09375	40187.9140625	35116.71484375
P37643	81004.4609375	101242.34375	237159.625	345290.78125	66617.1015625	71648.7890625	132794.578125	78253.9140625	57406.4140625	58789.078125	115557.9140625	89442.078125	116996.5546875	95828.796875	256664.6875	306212.5	334403.6875	274942.375	409907.1875	234782.09375	368450.6875	305648.0625	256617.015625	320233.5
P37645	471424.28125	499093.59375	326810.625	338297.78125	524415.375	473500.78125	915244.4375	695116.5625	605010.5	576966.4375	518193	471781	517971.90625	613603.75	302367.625	318824	307227.96875	387932.21875	308341.96875	380671.8125	286446.4375	269365.40625	328385.65625	303830.4375
P37647	214563.4375	210159.921875	177975.046875	198938.703125	231474.46875	231497.640625	199730.15625	232968.421875	211680.28125	248982.015625	240783.9375	302456.53125	227548.328125	228375.21875	189894.8125	188869.53125	176353.0625	201972.3125	178972.296875	194106.640625	194246.4375	218058.328125	151831.5625	180307.5625
P37648	451867.4375	439927.46875	460901.96875	436860.46875	492855.8125	510925.25	497591.65625	521658.3125	560764.5625	514854.25	515521.03125	526680.375	468391.75	548197.875	439612.8125	467217.9375	452080.28125	504685.21875	434775.375	464926	448654	431424.90625	455303.03125	448986.15625
P37649	109198.296875	98081.953125	88463.3125	99144.5625	98139.8515625	87483.0234375	109679.2734375	95749.4921875	96168.078125	93192.1328125	87337.1015625	65563.765625	93669.2421875	90617.90625	93599.0234375	76409.140625	80090.359375	84317.2578125	85380.8046875	87750.6484375	91342.6953125	98631.5234375	88989.9296875	88703.2890625
P37650	27487.431640625	22401.859375	8968.7451171875	23103.283203125	27349.623046875	28650.349609375	33990.03125	23936.513671875	NA	20643.126953125	19812.228515625	15238.9580078125	NA	17843.734375	NA	24621.3828125	9043.80078125	NA	6941.88232421875	20572.400390625	30145.490234375	13410.7001953125	NA	8488.1845703125
P37652	22317.552734375	16989.3828125	20940.857421875	23728.626953125	14622.1083984375	15011.462890625	19895.923828125	18181.6484375	17727.4375	17663.935546875	17937.009765625	8042.42919921875	19490.546875	19813.703125	22093.0078125	23603.130859375	21729.833984375	25925.578125	27719.205078125	20604.662109375	20410.994140625	22295.9375	21210.220703125	21570.146484375
P37657	NA	36258.12109375	30132.33984375	28654.462890625	24552.587890625	31768.658203125	31977.12890625	NA	NA	NA	34197.32421875	NA	33017.23046875	46325.9296875	24180.482421875	33601.28515625	36300.1640625	30040	36755.1328125	17540.966796875	46639.76171875	32937.51953125	38592.5703125	40245.4921875
P37659	69344.953125	72295.4453125	96453.453125	102118.375	56273.12109375	49837.78125	98617.0546875	87520.234375	90239.90625	68867.5	64264.52734375	37806.6640625	63464.08203125	82634.71875	82307.40625	86686.296875	92639	116220.765625	90662.390625	101915.6640625	78506.09375	72004.234375	109771.265625	73846.546875
P37661	133841.140625	146153.1875	43858.7265625	58481.2734375	105084.3984375	131013.6015625	135090.96875	128431.4375	118027.8984375	119495.4375	128925.0859375	173822.390625	114198.234375	107895.7421875	56532.41796875	43907.91796875	45580.12890625	56036.6875	49340.5859375	46918.8828125	46204.41015625	46134.90625	36951.5859375	50706.58984375
P37662	20020.787109375	11373.576171875	NA	NA	28592.28515625	12522.2412109375	22377.07421875	31859.140625	26206.650390625	13897.0185546875	14405.2548828125	57708.296875	24351.4140625	31651.048828125	NA	NA	NA	NA	NA	NA	NA	NA	NA	NA
P37665	187690.078125	187437.671875	234798.453125	242641.3125	167921.6875	148321.9375	160333.171875	192071.875	203156.75	181714.3125	173243.140625	276751.46875	196157.0625	189304.828125	224962.75	233273.953125	221322.65625	266876.90625	237047.078125	248578.484375	233426.25	238515.84375	264916.78125	230691
P37666	1264427.5	1342110.5	1399504.125	1618164.125	1156946.75	1129491	1451091.125	1186880.375	824457.125	1029535.5625	1325230.125	1381906	1360445.625	1209956.75	1503103.375	1532894.625	1585334.375	1279802.875	1653608.75	1480848.5	1635130.875	1542870.875	1413265.625	1614979.375
P37671	40476.484375	52684.65625	44275.46875	39701.00390625	31851.609375	40714.70703125	48707.6015625	40028.98046875	41430.30078125	36610.80078125	40310.609375	23488.505859375	32841.23046875	43780.69140625	36898.0390625	28479.4453125	39566.515625	30403.544921875	29278.326171875	38023.4921875	33212.69921875	36833.91796875	33071.13671875	29069.080078125
P37676	58575.296875	33751.22265625	NA	NA	24240.8828125	25485	62746.7734375	50271.44921875	125753.0078125	58917.06640625	19302.09375	20825.646484375	43587.29296875	66917.53125	NA	NA	NA	NA	NA	NA	NA	NA	NA	NA
P37682	14398.4169921875	1021.01483154297	4688.625	3446.2646484375	35655.9921875	42110.125	10880.07421875	4563.68017578125	NA	5284.42578125	48647.93359375	NA	10430.5537109375	46769.71484375	2858.6298828125	1144.39794921875	5692.0419921875	NA	3510.12622070313	1167.96301269531	3813.30639648438	45819.7109375	5441.50341796875	27195.67578125
P37685	988672.25	1008953	187038.15625	238207.5625	824066.6875	1041053	1680768.25	1009895	833722.9375	927485.6875	997112.9375	958679.75	901867.0625	919961.5	172171.28125	226055.375	145880.0625	207835.421875	184523.671875	218223.359375	210935.40625	167562.203125	236922.640625	200450.6875
P37689	632789.3125	640618.875	4796673.5	4335110	756373.375	753524.3125	717327.125	726827.8125	704993.75	649859.1875	714988	787870.9375	790457	658911.625	5299539	4681843	4251041	4389680.5	3947918.25	4066371.75	4642590	5328814	4198990.5	4969761.5
P37690	260542.046875	255535.890625	261719.640625	251421.09375	253060.90625	237683.171875	263907.09375	261885.109375	342499.75	245079.328125	243076.5	171855.34375	240750.03125	277498.75	252118.6875	253115.203125	243539.953125	296959.46875	240702.4375	269160.03125	220731.90625	260563.3125	275353	233941.96875
P37691	52740.11328125	58139.0390625	80407.859375	74137.421875	55552.9140625	31947.958984375	60048.0546875	47082.07421875	54192.7421875	44982.69140625	54598.73828125	55922.40234375	58576.75	51740.87890625	80178.7109375	80910.6796875	63623.26171875	86153.25	81084.4140625	73484.3671875	74215.1640625	65008.96875	79853.03125	75495.5078125
P37692	285846.4375	284527.34375	324067.0625	304738.625	257243.515625	269786.5	277132.53125	306184.9375	306442.4375	303426.78125	245204.359375	211781.1875	265748.5625	305249.34375	277966.84375	291771.40625	299435.875	298062.53125	287272.3125	296982.125	258586.109375	275452.5	296577.5	249456.984375
P37744	1110508.875	1073983	1185632.625	1281089.125	1064907.5	1170719.875	1011392.0625	1038072.0625	872880.375	1058709.625	1191580	1202828.375	1165179.375	1128278.125	1200405.625	1190561.75	1210534.75	1172012.125	1346534.75	1173630.5	1254961.125	1201394.875	1206012.25	1262573.375
P37745	641369.5625	669278.25	601176	713239.125	475771.71875	671412.8125	518877	511715.46875	428797.46875	455848.09375	538799.625	885237	565453.8125	441349.875	574304.1875	615786.9375	614974.9375	407394.5	631963.6875	565086.1875	636772.375	588667.0625	497911.21875	570781.5625
P37747	1437526.125	1650617.625	1479584.375	1752860.375	1201868.375	1766559	1174134.625	1135446.875	850466.5625	1051195.5	1417890.5	1105628.875	1417033.75	1083276	1509658.25	1517686.625	1804902.875	1041239.5	1652480.75	1337335.375	1719961.375	1672205.75	1328542.5	1678600.25
P37749	1003882.9375	1023232.1875	1019092.8125	1171337.5	701542.6875	941221.75	810341.125	721900.3125	594713.9375	701217.8125	926333.6875	812989.6875	918171.4375	733799.6875	963346.8125	1027441.5	1035083.6875	783858.5625	1089572.375	925032.25	1074329.375	1028248.9375	867280.6875	991503.25
P37750	72586.2734375	71399.3203125	76019.4609375	85221.9375	66897.265625	61550.23046875	58418.52734375	74146.5	51630.37890625	53549.78515625	67654.21875	36600.91796875	71423.109375	62458.45703125	75246.484375	77599.3671875	81837.40625	64661.05078125	81491.5390625	79665.7578125	75689.0390625	88255.625	75616.9296875	80836.7109375
P37751	678108.6875	681049.8125	665590.875	755689.5625	616430.1875	762170.9375	665822	589022	476178.25	590283.0625	734631.375	456585.03125	683356	578063.3125	646762.9375	681548.625	676612.375	590854.9375	772726.625	643699.375	744881.0625	685505.625	647958.375	692544.6875
P37757	162641.953125	173808.109375	169746.40625	156678.90625	148379.0625	144212.421875	152166.265625	145704.671875	165507.21875	155888.015625	147543.484375	150423.171875	139148.0625	154791.078125	147544.4375	128074.921875	137381.90625	140784.5625	133217.578125	141200.90625	124729.6640625	126632.203125	143676.265625	124319.0078125
P37759	874884.0625	912016.375	1068560.875	1142325.75	770466.5625	842012.8125	772202.5	778511.5625	692069.6875	808512.6875	792767.375	930360.1875	799034.75	805272.625	973874.1875	916508	1052092.5	852667.625	1058960.125	955902.9375	1005904.125	978219.8125	1011847.6875	954312.875
P37760	1546542.125	1552032.25	1801419.25	1773648.75	1482276.75	1558986.875	1328826	1504495.625	1476614	1420174	1485693.125	1278376.25	1524672.25	1607618.5	1625104.125	1649893.5	1735405.125	1747347.875	1715717.25	1612406.625	1603113.875	1606374.125	1778547	1646209.125
P37765	761852.25	842602.875	844878	844975.125	671327	774979.1875	532082.3125	650652.0625	533604.25	596035	636468.0625	474414.6875	671646.125	552286.8125	838382.3125	852965.4375	900163.4375	785626.375	876371.5625	731703.4375	882973.75	887213	739556.4375	826986.8125
P37767	51848.95703125	44669.34765625	52382.015625	48964.37890625	56293.578125	52116.6875	50869.2265625	49745.56640625	46452.24609375	51454.05078125	48535.90625	25074.8984375	51593.98046875	51022.2265625	40654.81640625	47215.9140625	43452.9453125	54322.37890625	47979.875	42683.16796875	45335.65234375	52546.5078125	48036.2109375	44952.26953125
P37769	65857.7578125	46332.109375	42104.390625	42957.63671875	63640.41796875	55591.0703125	61688.97265625	50841.8203125	48819.109375	60851.21875	61199.69140625	48360.69921875	61357.734375	50099.15234375	37256.09765625	38017.6796875	46092.88671875	39809.9765625	34864.7421875	36148.0234375	45168.3125	31859.060546875	49321.32421875	53983.5625
P37773	730182.25	743016.375	831272.3125	816820.75	648277.375	677768.8125	639162.75	693870	712028.625	683944.4375	653463.9375	528470.375	718131.5625	708217.8125	908618.4375	765443.3125	888809.1875	787906.375	782202.4375	772429.875	781398	836669	866823.625	776011.625
P37774	581443.125	636582.75	712942.5	754502.25	682159.375	654084.5	713013.5	721334.875	687315.5	769960.375	673171.3125	847739.625	686167.6875	662965.5	781252.0625	731629	662293.25	794896.0625	679248.375	721025.125	696567.25	746278.3125	735125.625	659704.4375
P37794	195961.59375	225669.8125	155396.703125	170450.84375	179959.59375	198029.453125	174964.0625	209191.4375	229221.5625	222310.546875	163422.6875	230986.09375	176502.609375	196370.203125	130574.2734375	123134.4296875	140505.28125	179577.421875	114017.7734375	139392.546875	141054.40625	153222.25	172210.359375	118990.1328125
P37902	2198883.5	2072218.625	1266537.5	1038086.875	2631486.75	2107426.25	2242680.5	2691805.25	3798367.25	2689599.25	2397085.5	5266021	2623719.75	2617746.25	1407190.5	1220586.25	1360090.375	1578297.75	1276165	1452192.375	1190392.5	1125151.875	1618503.75	1171744.625
P37903	3871754.25	4046904.25	1123260.875	1024588.875	3841008.25	3934631.75	3016091	3575535.25	4269196.5	3532310.5	3259964.5	5957752	3442245.25	3403807.5	1109981.375	1061415.125	994302	1041391.625	822814.9375	1021933.6875	965383.6875	1033031.1875	1087392.5	944686.0625
P37908	54939.890625	66835.953125	75491.1640625	71083.8125	37827.265625	47083.5625	53543.16796875	55336.46875	78321.3203125	44836.79296875	51447.40625	29105.80859375	44613.79296875	52809.90234375	70024.3203125	55027.4453125	64617.31640625	59840.8359375	49626.81640625	76609.2421875	53587.19921875	49324.1328125	64375.3203125	52217.7890625
P38035	10976.533203125	10503.4609375	16714.2421875	11954.4208984375	3663.86279296875	4176.34375	5566.8369140625	7922.76025390625	7118.529296875	6689.51123046875	3316.6064453125	NA	7549.3662109375	7281.03515625	14180.8408203125	8493.5341796875	12318.0029296875	5702.4228515625	9138.70703125	10527.3486328125	10140.876953125	12484.5107421875	14537.6806640625	7779.70751953125
P38038	2534436	2490011.25	3778263.25	3380100	2925092.25	2779711.5	2466374	2612793.75	2491390.5	2706992.5	2457834	2174703.25	2339174.25	2665816	3583641.75	3498837.5	3569185.5	3713829.25	3305319.25	3212709.75	3039553.75	3479761	3690212.5	3197307.75
P38051	113469.1328125	113202.0703125	108542.7421875	99268.046875	108143.046875	118343.5078125	108019.9140625	105151.2421875	99163.546875	113997.3671875	96593.671875	82353.921875	106839.265625	97602.65625	90355.5703125	88871.1953125	104477.84375	61433.3515625	93364.5390625	82060.078125	87117.0234375	91274.1484375	90180.75	81960.109375
P38054	NA	32274.8828125	4196.62060546875	8187.50048828125	NA	14821.8203125	19472.48046875	29478.908203125	21931.126953125	NA	NA	NA	NA	NA	29942.95703125	26361.31640625	22181.87890625	29011.46484375	23068.451171875	23886.603515625	48407.92578125	NA	16284.1982421875	14256.8017578125
P38104	80828.59375	99289.921875	41572.23046875	29723.505859375	71300.9609375	67156.921875	146735.84375	121120.6015625	113109.75	90350.0078125	87202.7265625	99466.6640625	82378.78125	110240.3046875	29442.6015625	15990.4013671875	22862.794921875	42006.5703125	23903.671875	36480.328125	29186.8984375	20607.234375	32571.7421875	22069.744140625
P38105	114333.0859375	156140.1875	57982.109375	65733.515625	101081.421875	67829.140625	196059.0625	130000.9375	75541.7578125	101167.4921875	130141.921875	185970.078125	104804.6328125	144313.984375	66472.140625	57497.64453125	57492.0625	71358.15625	70053.28125	63421.33984375	66541.65625	49460.390625	61089.4921875	84433.4375
P38489	1383029	1354669.25	1692792.25	1609672.25	1381509	1478751.125	1372801.75	1423868.125	1433184.5	1389944.25	1517870	1982096.375	1351420.375	1349946	1598937.25	1659561.5	1640246.375	1818072.75	1661311.125	1657027.875	1657250.75	1670353.5	1677432.875	1678022.375
P38506	135875.671875	151454.96875	103808.984375	116940.109375	76310.796875	99603.2734375	94605.9375	99157.8671875	93585.109375	83567.3984375	100177.1796875	157767.4375	107646.3046875	92166.234375	86008.6953125	80564.671875	91161.7421875	62482.51953125	88117.5625	80374.5234375	89144.796875	90996.171875	91122.15625	65983.75
P38521	1870161.25	1778414.625	1518442.125	1287595.25	1470261.875	1327669.25	1331789.125	1360421.25	1947306.5	1278491.375	1294725.25	3537960.5	1380941.75	1673575.5	1280895.875	1307537.25	1212054.25	1365932.75	1168492.125	1172907.5	1236784.375	1067008.5	1165483.875	1233124
P38684	29540.08203125	36636.80859375	19293.75390625	22649.896484375	17184.61328125	6038.05419921875	6828.3232421875	8656.1064453125	11526.9453125	8143.638671875	14638.5068359375	41911.36328125	12251.525390625	10333.2041015625	11649.9287109375	7199.2080078125	13935.9873046875	5716.93994140625	10449.7470703125	13192.896484375	8030.35791015625	12614.82421875	12377.2802734375	6438.83349609375
P39099	1310359.5	1242153.25	1204500.75	1122072.25	1656101	1552002	1796418.125	1855390.625	2004371	1723772.875	1678704.375	2337543.75	1533769.5	1725348.375	1272662.75	1306385.625	1221508.375	1725678	1187873	1307808.625	1183265.875	1156062.125	1469717.75	1246069.75
P39160	311210.53125	329384.875	218398.796875	221177.5	324126.75	336231.34375	452917.03125	334679.4375	242002.796875	318430.96875	409196	518320.96875	345401.28125	331643.28125	204926.046875	223882.046875	211331.640625	182401.921875	261364.53125	221057.28125	263433.9375	209716.90625	203230.84375	268965.25
P39161	44437.76171875	47216.35546875	44441.77734375	44923.23828125	46655.125	48590.6875	42645.9296875	39635.87109375	47055.32421875	39694.62890625	46829.87109375	60390.15234375	40690.55078125	31278.322265625	48039.83203125	36326.85546875	41625.640625	22429.119140625	41637.046875	37877.1015625	33401.7421875	34666.609375	46646.109375	33630.71875
P39165	40575.5390625	38700.4765625	32447.44921875	29159.640625	35505.671875	25531.185546875	29940.794921875	31076.759765625	47439.37890625	33888.55078125	41859.03515625	56066.484375	34234.68359375	40429.9453125	25086.978515625	30637.673828125	23206.26953125	35323.73828125	24857.06640625	28364.68359375	25637.021484375	23544.21875	26625.626953125	27474.48828125
P39172	11012054	10038781	21637796	21130638	13107710	13279228	5458898.5	12270973	11215008	14971985	9366104	18054690	12039976	10907877	21109586	22893312	21801716	13231968	21487536	23310150	22926852	21174928	19503592	23440766
P39173	802349.0625	882472	1322413.75	1529910.875	632210.8125	667594.3125	733873.375	784584.625	590528.5625	751828.0625	777185	1135176.25	816488.125	763795.8125	1308775.75	1330945	1252201.375	1336639.25	1175766.75	1430507.875	1419119.125	1301757.625	1336152.625	1475635.5
P39176	580485.75	572101	506813.125	491073.84375	754594.5	674088.4375	663004.25	735855.0625	851766.375	718214.4375	652626.9375	778628.9375	600507.375	697163.5625	503877.75	500944.65625	502548.4375	607056.75	454513.09375	558778.5625	484862.65625	464145.90625	563088.4375	494984.84375
P39177	3814754.25	3708999.5	1974409.625	1482557.5	3947255.75	3946498.75	2258108.75	4251900	6756019.5	4208563	3325142.5	5718442.5	3548864	3519546	1787169.875	1772815.25	1707499.75	2033436.75	1284087.375	1690634.875	1637087.625	1668971.5	1939100.75	1569299.375
P39180	4350727	5508780	46628.0625	2991850	2541303.75	6458564	7341414.5	7340066.5	97972.5390625	2396536.75	7426404	13593862	6789884	6826756	40514.05078125	4202732.5	4065606.25	2593572.5	3787115.5	3511128.5	3761041	40947.8125	3711534	3631800.5
P39187	107876.6484375	103398.015625	9772.96484375	5281.40576171875	109837.3125	91422.4453125	144802.40625	86504.2578125	98923.7421875	92631.375	116558.1484375	273330.59375	95231.46875	80547.296875	3368.1328125	7056.8076171875	6629.2724609375	6160.25634765625	2280.2978515625	6729.3701171875	5893.48388671875	3739.263671875	12876.9140625	2839.92602539063
P39199	825919.8125	776387.5625	744681.5	747259.8125	656312.1875	937759.5	807058.875	597125.875	481745	606969.1875	877781.125	1155390.5	712890.1875	568295.4375	721744.1875	823187.9375	760859.25	573722.4375	839769.875	578811.3125	808435.5	819684.875	618783.4375	817053.625
P39220	36254.46484375	109128.578125	NA	36528.515625	NA	29094.0234375	33661.8125	70085.0390625	123685.265625	85639.4453125	39880.9453125	NA	41827.65625	77111.3359375	NA	NA	28089.857421875	NA	NA	40876.1484375	NA	NA	NA	NA
P39263	22229.41015625	20811.826171875	30152.767578125	17915.703125	20482.181640625	7211.03662109375	3655.357421875	24682.513671875	32398.81640625	16228.63671875	10786.609375	NA	9039.6123046875	15515.955078125	7732.2890625	6250.30126953125	13679.7958984375	11295.3076171875	5501.26171875	14906.3642578125	5084.75634765625	19584.046875	16143.1181640625	6766.5771484375
P39264	23814.25390625	48403.70703125	86150.828125	74022.765625	20568.53515625	35736.6953125	28961.66015625	28422.16796875	25869.00390625	23817.34375	43117.2109375	29356.30078125	38772	25023.748046875	NA	55757.25	82479.9296875	NA	70516.375	73810.375	82909.828125	NA	85273.203125	67446.9609375
P39265	299078.53125	256783.015625	135404.46875	127361.171875	389609.34375	307075	292440.28125	337505.125	510741.78125	346648.9375	323949.1875	653084.5625	289525.625	304463.9375	153477.875	132146.3125	106712.140625	167184.515625	118986.0234375	128741.9609375	123045.8984375	130678.515625	147728.65625	122935.2734375
P39267	35319.78515625	34013.33203125	NA	NA	23560.037109375	16171.16796875	19827.9921875	20276.3359375	11454.01953125	20763.94921875	29468.8203125	NA	29818.904296875	15828.1826171875	NA	NA	NA	NA	NA	NA	NA	NA	NA	NA
P39274	100967.171875	94595.734375	95060.125	78581.859375	82438.140625	71891.1640625	66538.5859375	92930.109375	125668.234375	65028.91015625	73076.7890625	217468.859375	80784.6328125	69736.03125	79383.125	87861.796875	86336.8515625	82559.1484375	39281.53125	75762.7890625	55038.71484375	59382.4375	67929.28125	68200.578125
P39280	136428.828125	159166.8125	210368.828125	225116.421875	151531.078125	171548.015625	151186	153335.671875	100555.84375	111896.765625	131024.0390625	144656.34375	144263.375	143123.53125	171186.28125	195822.65625	189353.046875	182535.84375	212572.484375	163099.59375	195043.421875	196711.8125	174667.4375	213106.125
P39285	85167.65625	83715.6796875	98016.6015625	92436.8203125	74406.8203125	79771.4921875	104723.234375	86620.875	102517.203125	80961.46875	87399.8671875	54477.12109375	79967.2421875	90609.8671875	89939.3984375	81201.2890625	79676.9375	97679.3984375	69678.546875	94805.7421875	86516.7265625	85751.3828125	100101.859375	82000.0078125
P39286	480525.09375	497778.4375	566393.375	570402.125	465778.3125	434713.625	483451.65625	467520.25	493606.8125	467792.8125	431750.625	648704.125	431240.84375	453421.0625	536515.375	508521.1875	530364.125	481784	490214.78125	474816.65625	482246.125	499518.75	530405.5625	471343.75
P39297	110092.7734375	75809.59375	73721.15625	86689.265625	113767.0546875	93456.4453125	100284.5390625	128963.2578125	159438.53125	104830.8046875	97400.9140625	220772.34375	74948.7578125	115072.3203125	50269.1875	73427.9453125	53598.796875	86173.328125	73309.0234375	70128.2578125	56610.2578125	70746.0625	76427.9765625	58919.68359375
P39298	46971.76953125	44963.8984375	45270.765625	45315.50390625	45367.95703125	43952.1015625	50023.08984375	44807.109375	39551.74609375	45065.15625	42115.79296875	35141.1875	43339.44921875	35835.14453125	40654.77734375	41666.2109375	46543.9765625	34897.3984375	41066.2890625	45481.57421875	43704.66796875	44751.32421875	47326.27734375	38759.796875
P39300	13632.08203125	NA	21889.185546875	NA	20079.484375	25782.90625	25725.435546875	10338.43359375	10770.1640625	24048.576171875	22360.08984375	33341.62890625	17398.251953125	20674.83984375	13067.8212890625	14822.0625	6059.63134765625	11152.203125	10673.466796875	13111.767578125	7515.87060546875	13173.576171875	9445.4443359375	14199.3876953125
P39304	8665.1005859375	10159.4755859375	4949.55126953125	6343.724609375	9295.6318359375	13991.5615234375	5990.67431640625	6746.59326171875	7413.6982421875	6420.53369140625	8711.5205078125	10289.15625	10215.5087890625	8654.435546875	3185.0625	4270.24853515625	7018.66162109375	4796.51318359375	4622.830078125	5412.25439453125	2562.90258789063	4799.6416015625	4905.24072265625	NA
P39310	187509.09375	203561.21875	129604.84375	146726.171875	194623.828125	212899.671875	200216.34375	177642.609375	200306.390625	177065.859375	199263.1875	319661.59375	179462.484375	166735.8125	132930.109375	137429.21875	134937.640625	115498.21875	122979.25	130944.78125	141069.875	138940.234375	138977.53125	121405.203125
P39315	172679.09375	171458.109375	193185.578125	160181.375	172756.5	165903.65625	146022.28125	187223.640625	229863.359375	187610.828125	159290.125	250765.46875	173493.0625	180477.421875	197396.109375	173096.140625	185546.25	219897.3125	174081.90625	195163.3125	171165	174545.890625	199095.171875	172412.9375
P39321	316972.75	272605.5	299127.59375	318591	363970.71875	375378.90625	336078.0625	353110.0625	394431.625	334099.4375	364982.28125	275497.9375	332744.25	336119.46875	333844.9375	334569.71875	335628.46875	340227.875	342595.40625	330526.6875	331986.4375	341110	349453.5	336462.28125
P39325	940551.8125	812208.875	78751.0703125	166262.8125	983883.25	816254.625	1261186.625	1008219.6875	1463526.375	986494.875	961171.875	2222287.75	932649.6875	952409.875	99617.484375	217459.140625	83639.9296875	216649.890625	120068.921875	170114.8125	167095.015625	58713.01953125	202677.015625	111918.6171875
P39332	14475.021484375	15307.056640625	3298.59252929688	5555.08837890625	NA	13431.369140625	15499.58984375	5166.80859375	NA	NA	19568.052734375	43688.63671875	12280.99609375	NA	NA	NA	NA	NA	5095.99267578125	NA	NA	NA	NA	2277.63989257813
P39334	60268.30859375	70806.890625	58305.1640625	70739.1484375	45357.84765625	42967.80078125	51524.28125	48695.04296875	50691.4453125	47060.7890625	60207.90234375	147560.46875	60981.078125	64445.625	49332.19140625	68625.578125	56095.60546875	65502.2265625	67057.4375	60171.80859375	57466.828125	48150.64453125	54712.38671875	54006.58203125
P39337	161476.5625	147776.46875	147749.515625	140400.015625	189756.125	175580.640625	164275.71875	178113.8125	185681	185852.65625	180552.421875	256378.765625	166339.4375	165078.015625	149113.453125	159710.921875	152676.296875	168329.390625	162511.921875	158311.984375	149271.21875	144398.171875	156289.265625	143561.25
P39342	752864.875	758322.8125	540348.6875	565544	901456.4375	815330.8125	1084260.125	986704.0625	1011358.9375	955366.875	874961.25	1020259	811027.625	966508.3125	616403.0625	611976.9375	587006.5	740817.9375	606672.75	655051.1875	588002.9375	580961	633227.25	598321.3125
P39353	38511.44921875	48027.8359375	22398.69921875	28073.224609375	26698.783203125	38291.453125	54698.9609375	36899.07421875	22730.251953125	31904.279296875	46860.44140625	45324.734375	41553.85546875	29102.490234375	22365.806640625	19391.529296875	20084.271484375	17078.10546875	21471.931640625	18547.5703125	25636.43359375	23442.43359375	19284.162109375	22112.923828125
P39356	136363.28125	132034.90625	112145.578125	126768.625	124727.84375	171261.984375	105956.5390625	103534.4765625	96201.4296875	115100.28125	159980.984375	102337.390625	142804.984375	97069.1875	125510.796875	122375.4921875	135121.03125	88157.1796875	132546.125	106375.546875	141440.546875	155621.21875	105052.046875	150315.984375
P39358	54475	63923.98046875	125056.40625	74623.3359375	61358.59765625	73669.546875	53467.07421875	73178.5078125	114378.078125	66158.7734375	46125.8671875	168716.3125	44463.54296875	76014.2578125	85876.3203125	68857.96875	65919.7421875	77741.84375	66816.15625	77566.140625	65269.94921875	83021.1953125	75930.8828125	59302.22265625
P39359	68303.125	64935.0625	44720.47265625	40842.71484375	55582.69921875	77316.3125	62151.63671875	53963.1796875	60824.6796875	62283.3359375	82263.1484375	110468.9375	68023.1015625	58805.03515625	38346.76953125	33838.984375	30064.658203125	34463.53515625	35044.49609375	40461.24609375	25818.015625	39429.15625	22565.0390625	43807.49609375
P39366	55899.84765625	67365.15625	NA	NA	39049.0078125	29663.677734375	68792.6484375	14286.9208984375	110939.109375	61836.53515625	31851.140625	25690.544921875	32660.505859375	40574.95703125	NA	NA	NA	NA	NA	7444.87890625	NA	NA	4005.05004882813	15590.39453125
P39371	58130.5703125	52621.640625	43527.953125	42770.04296875	68453.9296875	60059.8671875	61614.484375	65715.296875	94061.9921875	68519.25	58980.72265625	102155.8125	63388.1640625	64167.703125	40654.140625	42169.1953125	37333.47265625	48657.2578125	39881.34375	43659.78515625	40573.890625	41951.046875	45865.35546875	46656.46875
P39377	270305.28125	270264.1875	307217.15625	287872.875	355690.46875	267839.65625	169834.984375	309772.75	453866	258625.125	247262.015625	362188.21875	240069.390625	288071.09375	305535.84375	263318.21875	282932.46875	344802.90625	221194.328125	311480.3125	262069.234375	294154.1875	338705.03125	237187.671875
P39383	418538.84375	421557.71875	539639.25	384598.75	664127.5625	490655.96875	220334.59375	466338.09375	851106.375	309896.71875	351625.90625	355219.625	258653.40625	414337.5625	500099.0625	378445.1875	293042.65625	488394.71875	178862.796875	419603.3125	385987.5625	536733.5	394344.625	470939.21875
P39384	142803.921875	139339.328125	235474.671875	159291.421875	183864.546875	172006	61151.06640625	164980.328125	332794	119158.6171875	113738.46875	135884.09375	95960.640625	138979.625	194823.359375	134560.625	142984	185819.796875	85759.8125	169303.09375	123534.5859375	177949.390625	188211.96875	145310.71875
P39385	95922.796875	98576.7265625	86536.203125	97059.3203125	83706.8046875	96477	120077.3515625	102554.015625	99227.6875	91449.5390625	86418.2578125	102605.0234375	96868.3828125	99794.1171875	84593.9140625	85432.9609375	85878.7734375	98011.4921875	81989.578125	91661.078125	96734.0859375	84126.7421875	83299.359375	90729.421875
P39386	19280.337890625	20963.0546875	5812.62744140625	4370.158203125	13864.927734375	11595.9873046875	13980.880859375	8179.4013671875	7355.5703125	11043.7705078125	18272.591796875	8482.8447265625	12287.90234375	5398.9296875	4245.3583984375	6263.453125	4988.19140625	NA	NA	2541.75561523438	8762.8076171875	6118.51708984375	6668.1875	7457.3564453125
P39389	35035.51171875	31388.732421875	2747.12744140625	16460.31640625	16668.73828125	17329.3203125	15376.1572265625	10822.193359375	NA	11068.244140625	23807.7109375	32138.60546875	17663.66015625	NA	10291.40625	10724.2001953125	15319.572265625	NA	14180.5888671875	NA	9648.990234375	8787.9384765625	NA	17449.265625
P39396	9409961	8318952.5	450001.03125	309620.59375	6437705	8215270	4822727.5	5267054	5547074	5708878	8233428.5	5799072.5	7569678	5318898	502680.03125	254024.609375	215056.4375	308911.1875	140355.609375	282440.46875	412679.34375	642144.6875	221170.484375	336386.3125
P39401	114839.9765625	142083.46875	165111.515625	184006.71875	110410.6484375	121125.1875	192472.1875	160120.65625	89453.625	150496.734375	134000.453125	128364.9765625	153004.109375	145194.3125	143511.90625	142611.859375	169447.75	138295.546875	162713.21875	182718.234375	170958.484375	155945.09375	190028.78125	156061.546875
P39404	38810.47265625	38722.5703125	38328.96875	37644.01953125	26219.216796875	30094.53125	36199.69921875	23963.57421875	23633.7890625	25376.97265625	34765.30078125	32205.271484375	34397.40234375	18443.51953125	39082.5703125	33487.4921875	35864.89453125	22238.037109375	35715.59765625	28110.869140625	42143.828125	40182.046875	31418.61328125	34470.796875
P39405	6197.88671875	NA	NA	26857.841796875	NA	NA	NA	NA	NA	NA	NA	NA	NA	NA	NA	NA	31878.27734375	NA	43098.3046875	25972.037109375	38731.94140625	23341.8359375	NA	34262.6171875
P39406	522362.9375	501210.6875	679110	614327.625	581201.125	496366.53125	557956.75	564984.4375	665376.625	611334.875	458564.53125	473808.75	490292.75	596395.375	642909.1875	558008.75	613522.375	712330	569641.6875	618791.8125	521630.21875	517742.46875	668895.0625	537475.625
P39407	53256.31640625	57962.80859375	73636.078125	74601.140625	43526.28515625	61899.109375	79625.5234375	55358.95703125	32127.701171875	44266.63671875	47722.7734375	35999.2578125	45705.7890625	47033.05859375	72462.71875	77329.109375	81878.6015625	39083.890625	67746.8359375	78290.859375	78912.1796875	77860.90625	59645.3359375	73371.1484375
P39408	136485.1875	132860.828125	162069.640625	150322.96875	138220.8125	113780.9921875	162426.609375	188088.125	200044.671875	158081.984375	128616.1171875	180207.046875	126967.6171875	157706.078125	167404.34375	170128	157635.28125	189627.3125	131523.25	165220.984375	147360.78125	163873.03125	170126.125	139890.109375
P39410	21708.939453125	19820.388671875	26620.306640625	19431.01953125	25187.98828125	17953.8828125	24658.994140625	29825.7890625	34797.65234375	25023.603515625	21805.07421875	10752.169921875	18532.50390625	26524.916015625	24309.638671875	19769.79296875	25077.537109375	31666.890625	19142.75	28702.7734375	19832.662109375	20823.228515625	32714.4140625	13331.0771484375
P39411	114939.8984375	108042.125	117746.40625	114989.875	100015.0703125	94156.4453125	82382.765625	98520.5234375	101924.4921875	89630.6953125	91242.59375	129265.6953125	83159.890625	94240.8828125	137041.609375	110806.1953125	110742.609375	115480.7109375	110854.9765625	113946.140625	115958.8671875	115901.046875	115635.6953125	114992.3828125
P39451	47396.828125	60463.69140625	16497.765625	22611.365234375	18160.83203125	33634.9375	138137.828125	30198.1171875	22829.650390625	30006.544921875	43889.2578125	61861.91015625	14626.2255859375	15491.6474609375	7288.67626953125	22155.123046875	25034.53515625	11775.982421875	31975.22265625	8592.37109375	18097.0546875	8621.48828125	12640.8798828125	16133.953125
P39452	29703.234375	35968.67578125	30500.642578125	41179.4375	19550.49609375	23474.30078125	54877.48046875	44935.31640625	20105.587890625	40325.7265625	31197.04296875	26551.83203125	37018.61328125	38540.63671875	32704.044921875	28124.849609375	37296.203125	31839.185546875	44832.77734375	48844.375	53092.0703125	38744.78515625	19611.984375	57191.43359375
P39453	19099.552734375	32904.78125	41034.32421875	44383.67578125	28811.08984375	36156.08984375	20509.984375	29524.41015625	50731.859375	29365.896484375	27619.169921875	10500.3369140625	26299.599609375	42527.5546875	32080.66015625	30957.203125	23899.80078125	32144.78125	7092.35107421875	24278.00390625	15528.7529296875	29360.3671875	32828.05859375	23964.056640625
P39829	145923	143422.875	60565.04296875	60494.81640625	187921.96875	148779.171875	101510.5625	148616.15625	334459.03125	138096.671875	143807.6875	96590.796875	123678.96875	155298.46875	67727.4609375	49135.53125	43740.30859375	64864.03125	43105.09765625	62294.1640625	47283.98046875	55327.51953125	63964.03125	43862.91015625
P39830	265179.875	298975.21875	240666.5625	288544.1875	220085.0625	248742.1875	281878.125	254131.109375	217664.890625	253081.8125	238780.3125	171948.671875	236694.21875	263878.9375	220104.1875	240191.78125	239554.40625	285437.34375	244666.484375	271104.21875	224746.4375	213995.078125	246555.046875	236919.734375
P39831	2023757.5	2083005.75	2135441.25	2152773	2217114.25	2335653.75	2284593.5	2264485	2331970.75	2154574.75	2204730.5	2103736.75	2235387	2331213.25	2271175.5	2193331.5	2252518.5	2394238.25	2025739.75	2213309.75	2001607	2134083	2340566	2104757.75
P39836	4722.09228515625	2033.97338867188	3690.6416015625	4376.2470703125	2084.955078125	3324.33276367188	3719.08984375	1755.044921875	1590.56567382813	1868.53076171875	4309.5615234375	1842.42236328125	2587.21801757813	2119.43994140625	2528.10424804688	3171.33935546875	912.783020019531	1783.51086425781	1214.48767089844	2175.20751953125	3772.080078125	2727.15356445313	1896.53869628906	2203.26123046875
P39838	420482.25	428931.34375	417201.40625	417700.90625	347216.3125	378739.8125	408171.5625	366352.25	333767.6875	351426.84375	396812.03125	265035.46875	394560.28125	392898.6875	389267.5625	367922.90625	383472.59375	323610.21875	407185.0625	405826.3125	410220.59375	403705.53125	394108.1875	393059.5625
P40120	372542.25	386406.90625	304727.84375	347205.40625	371126	392416.1875	391159.90625	408016.78125	434801.3125	391252.5	384322.03125	365085.71875	368666.65625	431902.40625	295371.125	292350.09375	318813.0625	337536	319356.71875	336087.15625	294864.09375	281638.1875	349207.03125	315900.21875
P40191	305969.28125	297673.03125	250125.484375	256183.046875	184579.015625	253181	201842.59375	152083.546875	126875	160295.234375	264447.4375	308204.65625	216728.265625	151004.703125	217844.59375	241686.15625	247507.84375	160685.84375	251436.640625	214756.25	291238.21875	275423.15625	186877.3125	246794.78125
P40710	158865.703125	120627.296875	137210.59375	86736.046875	185830.484375	162173.421875	148639.625	164015.828125	287181.875	163565.015625	169873.8125	423744.90625	152520.59375	149250.28125	140125.671875	137092.625	119350	149367.703125	111031.7890625	132377.734375	113302.8125	116533.8515625	124538.8828125	134885.625
P40719	26007.150390625	34555.6796875	33335.11328125	35053.5859375	36510	32512.748046875	36121.98828125	33008.28515625	17900.314453125	28955.55859375	32643.47265625	24265.6171875	34367.24609375	28052.296875	29724.19140625	32352.451171875	32260.736328125	23303.26171875	32731.755859375	33811.55859375	33143.16015625	29216.75	29112.875	32490.037109375
P40874	863562.25	797405.25	966808.375	957820.875	900869.4375	941124.0625	986207.875	872266	852059.1875	877385.25	978651.1875	1165947.375	841649.3125	839141.75	1004192.5625	976029.3125	989950.4375	1001703.4375	1060691.875	953650.6875	961287.4375	955802.375	1035407.25	932162.6875
P41036	75230.9296875	26834.833984375	NA	NA	NA	13139.7685546875	70989.4140625	8852.494140625	NA	18403.791015625	25540.62109375	NA	21832.197265625	NA	NA	NA	NA	NA	NA	NA	NA	NA	NA	NA
P41052	135421.71875	124211.40625	106352.1015625	121830.5	97826.8515625	119313.5078125	129561.609375	125244.9453125	136999.71875	132773.9375	140203.625	254387.078125	124630.5703125	138368.4375	112611.9921875	125269.9296875	133133.453125	138743.953125	127135.3984375	130746.78125	121249.1640625	105800.546875	120702.6015625	115563.8828125
P41407	1008590.3125	890013.625	794161.0625	769260.4375	1055165	1009648	696234.5625	853280.4375	868619	855869.6875	1068128.25	1411993.5	929689.1875	853685.8125	823331.375	843587.875	924215.625	792719.125	892575.1875	830772.75	875225.1875	878711.8125	800888.625	964048.125
P41409	793950	741092.125	222090.625	243750.125	858263.1875	914086.4375	782959.75	706193.9375	603345.75	759639.3125	847046.4375	1004279.4375	766110.3125	681603	224675.015625	187552.0625	225617.0625	160159.984375	220145.171875	211263.875	233992.9375	254871.640625	233336.359375	206765.53125
P42588	82763.4140625	81484.6015625	36098.68359375	44680.11328125	72686.703125	105163.875	130759.0546875	74768.1328125	52520.05078125	81934.5390625	82486.453125	81737.2421875	90763.8828125	80553.1328125	34173.34375	47058.38671875	48926.984375	NA	59967.4921875	54008.44921875	47712.19921875	38506.25	44673.078125	43511.96484375
P42593	159285.203125	150132.1875	12736.2109375	23797.912109375	149733.25	169897.703125	218314.171875	142082.03125	109431.40625	161364.8125	179487	146055.21875	164326.21875	146233.21875	19401.720703125	29346.2109375	15030.6083984375	13709.642578125	23610.919921875	15850.826171875	24278.40234375	10503.3095703125	27096.99609375	21207.685546875
P42596	36020.4296875	36979.56640625	44483.05078125	47974	42892.890625	44385.83984375	46008.28125	40543.15625	36858.8203125	44512.58203125	41462.43359375	27152.248046875	36791.421875	41070.73828125	43001.51953125	46552.63671875	41977.24609375	46506.8203125	49877.4140625	41194.625	45568.94921875	37469.484375	40495.765625	42225.5390625
P42599	49701.828125	57763.828125	15368.3466796875	30055.75390625	35370.015625	45815.1015625	34674.84765625	26927.068359375	21652.59765625	21713.03515625	49118.21875	32795.015625	36518.390625	23480.6328125	16278.57421875	22195.412109375	22781.294921875	10726.2890625	21330.587890625	18827.96875	24425.533203125	20202.380859375	11927.5595703125	20651.6015625
P42604	87534.734375	97236.7734375	71231.8828125	90618.90625	85354.2890625	66404.2734375	132910.953125	123845.234375	97370.625	109792.703125	104567.6171875	142529.65625	88498.15625	102018.1171875	65687.1171875	62633.7890625	60046.57421875	78495.640625	74146.25	77863.6015625	73681.71875	62749.5703125	74294.796875	77204.3203125
P42616	246137.3125	174258.09375	198369.03125	127606.0546875	230713.46875	168275.1875	169464.953125	158101.09375	239955.84375	196428.453125	193367	498185	179940.359375	148552.484375	194417.953125	225303.84375	150725.09375	219363.625	179679.921875	174745.828125	174231.046875	133680.75	150329.6875	159565.078125
P42620	523431.875	524823.375	365909.59375	404029.84375	404000.8125	533342.3125	588524.9375	451394	409870.0625	443469.78125	488334.6875	868328.4375	435191	427506.0625	331636.90625	362567.59375	329224.09375	330096.75	364084.5	382173.78125	395729.625	376425.03125	341630	402472.96875
P42624	55501.09765625	81698.5	90269.9375	89070.390625	96501.34375	44125.2578125	59366.7890625	60379.41015625	114185.6171875	76705.671875	45107.6328125	38073.0234375	48522.1796875	65580.5	56462.8828125	46458.94921875	75573.09375	82633.3671875	40719.67578125	66941.2265625	59587	45284.1640625	63342.84375	49159.00390625
P42632	5472.64013671875	6832.310546875	NA	NA	3833.42749023438	4065.25927734375	10071.7314453125	6253.29248046875	2188.86987304688	5352.140625	10411.7705078125	9546.1103515625	7878.38427734375	6471.56103515625	NA	NA	NA	NA	NA	NA	NA	NA	NA	NA
P42641	412660.90625	442028.21875	570295.25	606370.6875	477254.21875	488585.21875	461246.4375	456034.3125	537025.5	490253.21875	379899.125	455738.65625	419873.90625	427580.375	543263.875	555230	525205.9375	630284.3125	521680.8125	565158.3125	527535	492428.875	539308.1875	533454.5625
P42904	181738.34375	183750.03125	38064.79296875	64402.6640625	155463.40625	173808.09375	201295.90625	140974.984375	84194.9140625	120756.1796875	124974.109375	145900.515625	133305.796875	137680.671875	43521.29296875	52962.8828125	39367.68359375	13149.9208984375	45851.83203125	38343.20703125	45350.45703125	39339.70703125	18513.76171875	38244.78125
P43329	350092.96875	378846.75	473914.6875	485420.28125	347336.46875	344570.71875	402335.1875	351941	318190.25	348876.09375	322212.5	238667.078125	337895.625	326663.4375	430860.90625	429051.53125	446800.0625	407469.8125	429040.5625	439233.4375	429791.46875	442699.6875	439618.625	435311.28125
P43337	223995.03125	236006.75	226062.03125	215207.84375	266860.28125	258771.421875	235251.390625	254820	214510.5	233896.5625	235302.953125	184463.546875	202506.734375	209536.046875	225427.765625	199855.40625	214877.625	152037.546875	198768.078125	190193.28125	209905.4375	210896.890625	206868.890625	183540.890625
P43340	55897.78125	62071.21484375	64896.80859375	57097.09375	46760.87109375	42548.96484375	39447.53515625	44271.47265625	53187.3203125	53998.1953125	49122.671875	93957.9609375	57715.99609375	54517.60546875	56963.7421875	53625.03515625	55140.453125	58047.04296875	45578.9609375	62996.04296875	56200.73828125	60503.99609375	56262.890625	58123.33984375
P43531	54829.6640625	56162.4375	19173.66015625	22263.560546875	34792.109375	34786.3046875	44896.73828125	43500.25	26550.599609375	52017.91015625	43143.34765625	27064.474609375	49547.890625	41626.64453125	12350.3212890625	10557.4462890625	12211.4248046875	12239.333984375	16488.904296875	12174.72265625	15571.771484375	11452.7705078125	7898.27001953125	23993.880859375
P43533	12799.083984375	13120.205078125	5930.29150390625	9782.0830078125	11473.7685546875	11607.3369140625	12850.4208984375	22853.94140625	14891.2744140625	15892.361328125	10054.0517578125	46383.1015625	18897.09765625	23170.953125	10999.3125	7109.6328125	4694.421875	10017.5146484375	6371.1875	9086.2353515625	2191.71508789063	3205.60571289063	9232.4638671875	7397.72412109375
P43671	187322.9375	185261.125	212016.453125	218523.953125	203023.890625	208147.0625	206127.015625	216932.109375	260173.453125	221978.921875	178357.9375	180050.25	183804.265625	222119.890625	198089.578125	215393.453125	190671.015625	236972.03125	201464.515625	211973.625	202117.171875	194974.40625	226203.078125	209566.84375
P43672	199191.46875	193610.375	221638.0625	239389.859375	185018.140625	200006.28125	173390.015625	161628.03125	160965.5625	166449.71875	192079.78125	169515.21875	175881.75	164179.1875	206934.53125	227182.796875	214198.125	184834.21875	239056.75	208175.125	236976.96875	223763.640625	215343.828125	232552.140625
P45395	334316.8125	324108.34375	320252.6875	301718.53125	268788.34375	283487.25	322000.625	293936.375	245854.9375	284448.625	305464.28125	160764	322155.03125	272686.625	299752.09375	271599.5625	292508.21875	231112.140625	255624.8125	284325.3125	291572.03125	314865.4375	293077.59375	265177.3125
P45424	222269.890625	173114.765625	236887.109375	164766.53125	246766.71875	235715.640625	333949.625	320966.1875	488556.53125	320213	224648.890625	566532	288836.59375	305555.8125	218929.578125	238640.625	211375	406620.03125	148345.3125	203284.46875	183319.109375	186359.296875	156410.8125	157954.78125
P45425	431443.28125	390373.53125	215374	226010.71875	382455.6875	319384	417022.8125	344570.0625	297393.21875	352470.75	422737.96875	364302.125	354832.90625	319895.9375	173367.3125	176968.1875	197951.765625	218551.984375	174616.203125	167610.0625	161081.75	190567.34375	206358.625	185860.609375
P45464	858848.375	798257.9375	739014.9375	618017.1875	1087221.5	913384.875	849013.0625	1083096.625	1466148.375	1063687.125	921121.0625	1810067.875	878266.5625	1100853.5	753465.625	731444.9375	713111.4375	957754.625	664537.1875	768417.3125	657166.75	695799.5625	914059.75	672771.9375
P45468	20862.814453125	22091.189453125	13022.2802734375	15677.19140625	19974.595703125	14071.64453125	21085.626953125	25680.248046875	15091.4208984375	16853.318359375	17273.404296875	NA	18644.626953125	12065.0732421875	19889.501953125	17770.34375	19481.55859375	6768.0302734375	14829.453125	8104.18505859375	23565.255859375	17540.525390625	14986.853515625	4912.01611328125
P45469	86705.9765625	82628.8515625	64175.9921875	59902.66796875	87761.734375	103180.0859375	98890.859375	111164.4453125	105890.5859375	94186.703125	72761.453125	109452.1796875	95873.40625	93952.546875	68741.21875	68709.6484375	64163.5234375	73881.2734375	64421.4375	67417	64806.77734375	64941.578125	66426.7265625	55288.23828125
P45470	856425.3125	894711.5625	413281.40625	391604.65625	764018.25	651743.4375	1285647.625	896132.4375	901749.6875	755343.5625	912349.6875	2331725.75	858846.0625	805369.625	430899.40625	521379.53125	396988.375	508315.15625	445398.40625	505306.71875	494430.96875	406388.5	475654.5	464291.09375
P45475	33559.11328125	22268.25	27724.546875	23351.396484375	18392.2109375	NA	27657.890625	17914.685546875	41939.05078125	19312.5625	29257.138671875	9948.7177734375	25574.708984375	26877.892578125	34118.50390625	27810.228515625	33239.2421875	32657.115234375	22126.8046875	27649.681640625	24250.453125	38772.03515625	24531.2265625	29207.228515625
P45523	4301169.5	3483544	4660802	3323658.75	5679500	4523801	4653536.5	5555690	9631940	5488941.5	5059662.5	11010701	4900225	4971777.5	5288019.5	5492461.5	4475056	6374686.5	4455039	4493110	4232684.5	3858607.5	5065650	4436044.5
P45524	40233.02734375	34417.98046875	53967.0234375	54782.01953125	32878.6328125	45392.84375	43392.97265625	34071.4609375	20228.65234375	35796.2734375	40591.734375	26056.083984375	40524.4453125	34887.38671875	47208.4921875	47817.8046875	50046.4765625	28268.3984375	47062.53515625	39153.69921875	47117.25390625	48069.796875	40635.48828125	48342.7265625
P45527	69925.8984375	59824.609375	94924.5546875	99047.28125	66936.0703125	60433.3125	59956.6953125	57870.64453125	55508.15625	62951.69140625	49595.296875	81257.734375	46074.53125	46031.92578125	94774.5546875	79559.4765625	69091.421875	80152.7265625	68568.640625	84073.2734375	73786.6328125	84318.5625	72632.609375	76978.3984375
P45530	68436.71875	56726.671875	76499.5703125	73594.0703125	74881.5859375	68061.9453125	77378.5859375	78043.671875	76905.640625	75367.8359375	69822.390625	151928.71875	73721.375	93366.3828125	73880.828125	67428.6484375	74853.453125	87825.2578125	72370.0859375	81884.3515625	61352.75	60241.37890625	73681.578125	73007.125
P45531	39916.47265625	47388.984375	50626.05859375	46925.82421875	33726.00390625	27757.23828125	31106.875	40147.6875	51766.45703125	35448.078125	47454.29296875	59849.0234375	33932.76171875	38802.65625	34489.75390625	24004.1953125	46047.3828125	40902.90625	36656.390625	45489.015625	43211.37109375	29676.826171875	43825.07421875	32286.65625
P45537	230524.046875	225117.84375	111787.0390625	141701.6875	187722.84375	283194.46875	280721.3125	199191.6875	140027.6875	190382.890625	267646.6875	174566.703125	227969.3125	157571.765625	116735.4609375	130084.484375	136086.875	80777.5	145289.53125	117814.1015625	144044.6875	133229.0625	105448.3203125	138582.453125
P45544	90077.453125	84949.2265625	58721.25	49904.6484375	53550.59765625	77159.2421875	69004.546875	53973.57421875	47190.7265625	46250.16015625	78392.6640625	74510.8671875	66528.1640625	55437.93359375	43920.62890625	54937.41015625	57572.76953125	29872.33984375	58383.66796875	42521.74609375	61892.3984375	56328.9375	45644.27734375	46689.9921875
P45552	65400.4453125	51127.69921875	42792.71484375	65011.67578125	48767.33984375	32588.87109375	58567.82421875	31310.052734375	27072.841796875	44615.65234375	36306.71875	19669.33203125	28411.458984375	32920.25390625	17229.021484375	14773.5	14042.8076171875	7366.0263671875	19516.505859375	31209.01953125	20041.587890625	16390.80078125	22359.912109375	15662.1962890625
P45568	37465.390625	39171.13671875	50497.7421875	45336.453125	44059.515625	35034.015625	42144.32421875	42790.8515625	36571.62109375	56780.48046875	41074.03125	24921.68359375	36179.47265625	42263.5703125	48957.22265625	44711.5234375	46586.46875	47168.5	47158.41015625	46809.8359375	43241.5546875	45093.6015625	53931.75390625	47748.4375
P45577	2590150.75	2760970	2686963.5	3305437.25	1833492.125	2524023.25	2194022.5	1562233.5	1371136.25	1533287.625	1979893.75	3535595.75	1939093.75	1616438.625	2980421.5	3469861.75	3014178.5	2147024.75	3509493.25	2356800.25	3433685	3042721	2227441	3226200
P45578	3458822	3216752.25	5368246	3925187.5	3564936.5	2679511	3593939.75	3904186.75	4909077	3393928.25	3336247.25	6205923	3606864	3502624	5377586.5	5097652	4936430.5	5674246.5	4131715.5	5063339	4571042.5	4675820	5238781	4546161.5
P45579	532118.6875	516943.5	372115.40625	329030.15625	568233.3125	554894	364858.3125	449681.75	556879.6875	504572.28125	459099.71875	463239.9375	467996.09375	459175.09375	322412.53125	339054.65625	335937.59375	307158.875	318518.15625	304793.90625	330056.03125	340717.5625	343689.21875	318680.40625
P45748	324830.40625	285702.90625	348324.84375	321269.90625	397429.375	334413.875	283658.5	312255.03125	439020.4375	346171.9375	320351.59375	680989.625	307902.1875	304656.3125	383870.8125	369204.09375	368976.03125	372431.125	363657.875	335211.625	345984.03125	333842.1875	335826.75	319775.78125
P45753	14837.40234375	13133.3427734375	NA	4460.521484375	7452.82568359375	9535.3701171875	9071.087890625	12196.2197265625	10784.8369140625	8601.5234375	7863.79638671875	NA	12599.138671875	6921.24951171875	NA	NA	8741.541015625	NA	NA	NA	3418.07495117188	NA	NA	NA
P45771	297457.3125	201751.53125	165534.28125	134645.8125	580263.4375	348240.0625	294588.125	356749.9375	633825.4375	400940.125	421554.75	861655.6875	388351.34375	407248.34375	205369.03125	223982.3125	173902.984375	290342.25	184903.75	169243.296875	151421.4375	156221.09375	240987.359375	153296.78125
P45795	72470.4375	184434.578125	114574.765625	64926.78515625	92510.1171875	61160.375	52315.734375	27417.26171875	128009.8359375	32265.607421875	71405.1875	99897.21875	67426.3359375	39150.04296875	29924.6328125	60973.27734375	22356.384765625	37069.2734375	54999.48828125	18427.802734375	51450.1875	51981.9765625	35412.55859375	40800.4140625
P45799	269274.21875	270302.78125	219855.234375	208171.15625	267888.25	273209.78125	245604.96875	242891.171875	229816.953125	269459.78125	256806.5	407142.65625	265370.4375	250219.3125	186380.265625	196985.078125	242095.125	208641.078125	234700.078125	208300.4375	217932.984375	200332.65625	224738.953125	201105.46875
P45800	141398.640625	159268.8125	120570.59375	123698.890625	144583.1875	154550.84375	172497.1875	158456.8125	184229.0625	172654.921875	162757.4375	113427.0546875	152471.171875	148151.4375	113222.7265625	108880.2265625	105569.3359375	128110.5390625	114684.3828125	127943.421875	110977.5625	108368.1875	118848.0859375	110180.8203125
P45804	4559.50244140625	3845.19580078125	NA	NA	10802.029296875	15267.0361328125	11014.7158203125	9579.4775390625	NA	NA	9814.166015625	NA	7755.96337890625	NA	4194.07177734375	NA	NA	NA	5886.400390625	NA	NA	NA	NA	NA
P45955	370901.9375	281031.3125	365429.875	313074.34375	495883.875	345355.28125	295268.5	419009.4375	705583.375	435451.0625	370499.25	724125.125	367494.53125	398898.59375	408986.15625	425250.625	373830.9375	489360.375	357179.0625	397796.4375	364192.09375	340984.65625	403749.28125	397473.6875
P46022	33858.03515625	35043.1875	32708.6484375	28430.53515625	29479.751953125	33169.55859375	43362.36328125	28782.68359375	27511.107421875	29444.7265625	27095.11328125	13864.8662109375	25292.33984375	19273.169921875	27341.966796875	21971.009765625	26892.99609375	10589.7626953125	21167.7265625	22278.224609375	23329.826171875	18339.8671875	17121.408203125	15753.0361328125
P46118	277329.53125	297146.15625	127611.9140625	118653.3046875	290437.03125	286337.84375	254920.921875	293792.0625	309543.15625	317359.5	240530.046875	252753.15625	274468.40625	296341.25	107011.0078125	91184.4765625	113619.46875	96079.578125	85570.4375	123264.90625	97779.046875	98806.1484375	125761.3203125	83747.53125
P46122	27217.95703125	21347.44921875	20284.103515625	15978.5380859375	36555.43359375	28104.541015625	28900.44921875	35133.7734375	54483.5703125	35397.40234375	35963.0078125	80961.9296875	28468.390625	32817.23828125	19372.544921875	20642.34765625	18555.14453125	22627.447265625	16393.87890625	15621.53125	17386.59765625	14536.5791015625	13220.03515625	18726.142578125
P46125	153326.9375	129313.03125	136770.90625	139537.140625	171617.75	187531.796875	154936.21875	104115.8203125	120834.109375	113313.296875	155163.609375	102053.796875	128352.4375	103026.9609375	141582.53125	141076.0625	126188.5234375	111716.609375	123723.375	112686.9765625	148264.671875	132931.515625	125557.578125	147853.1875
P46130	1630135.625	1532075.25	1526623.75	1434346.375	2038991.375	1678564.875	1419294	1860209.5	2355017.5	1822489.625	1820908.375	3063077.5	1776710.375	1919949.125	1614932.875	1569502.375	1573453.875	1711084.375	1559050.875	1745583.375	1492354.75	1541013.25	1867894.375	1523927.5
P46144	25316.150390625	23890.587890625	34494.46875	33586.66796875	23760.447265625	23139.873046875	22176.328125	22681.875	20622.609375	17115.119140625	23048.22265625	28319.974609375	17095.560546875	17931.373046875	29069.080078125	33474.80859375	33826.26953125	31563.185546875	37086.51171875	26761.5390625	33367.06640625	33343.4296875	28668.091796875	27927.337890625
P46474	154313.171875	163606.9375	192489.765625	170598.4375	146603.53125	143522.953125	159093.578125	203829.671875	215150.640625	179849.4375	140883.359375	102765.875	151175.921875	182742.78125	174046.78125	161043.09375	173311.203125	220339.578125	158220.453125	194090.78125	156497	158675.375	198432.234375	154497.640625
P46837	770569.8125	818798.9375	1261262.125	1219559.875	685569.25	689447.5625	896585.3125	820987.9375	657908.8125	801838.25	762562.75	654753.375	830342.3125	829181.25	1236714.625	1148071.25	1227224.875	1237179	1206200.125	1243645.5	1194668.875	1166159.25	1361562.625	1145344.75
P46852	247891.578125	250617.5	207426.609375	209268.078125	249327.734375	271446.90625	256326.5625	271567.15625	256675.078125	261444.734375	263926.5	417919.375	243521.015625	247445.03125	189387.96875	201886.34375	180911.109375	213610.09375	182331.921875	201720.3125	187080.421875	181105.921875	201026.0625	194573.390625
P46853	470532.5	505131.90625	546662.875	559535.4375	513271.125	551471.0625	559144.5	532753.8125	467161.21875	491599.40625	546803.5625	542345.0625	506280.8125	507921.9375	524832.6875	526311.9375	535801.4375	628867.75	533256	483959.6875	528957.1875	507481.6875	517800.8125	538876.4375
P46857	NA	NA	19990.958984375	6528.97412109375	1.31659698486328	NA	NA	2854.880859375	10364.97265625	296.460754394531	NA	NA	NA	9061.5595703125	6982.80517578125	NA	NA	NA	6717.79345703125	4257.333984375	NA	4714.52978515625	14097.6025390625	1600.89050292969
P46887	23911.69140625	17305.552734375	57525.86328125	43161.921875	34650.9765625	32487.90234375	13954.41796875	26532.578125	32411.224609375	20362.953125	20824.017578125	95848.2421875	20620.58984375	13248.59765625	57743.8515625	55759.359375	37888.125	60904.3203125	25913.966796875	38867.19140625	39813.51171875	49449.3515625	32386.05859375	38515.32421875
P46888	37377.921875	26088.75390625	14516.591796875	21630.30859375	29936.716796875	32784.34765625	24572.794921875	20239.94140625	17423.904296875	24566.658203125	31379.19140625	27576.078125	24362.10546875	21496.15234375	15613.2626953125	17351.66796875	15617.142578125	15990.4833984375	11054.62890625	14014.69921875	18351.21484375	17147.8125	21400.234375	16229.36328125
P46889	411503.90625	397082.59375	594215.5625	564513.9375	411874.09375	418082.40625	451903.09375	436634.5625	452980.03125	427988.21875	441773.96875	353834.71875	438614.84375	439484.625	564442.3125	570168.875	589690	580154.375	561657.1875	604988.5	555987.6875	579055.4375	579149.25	579918.625
P46890	114492.515625	33232.35546875	NA	108139.3984375	71978.625	51122.421875	73734.34375	74277.234375	90014.84375	75171.9609375	52806.125	78975.1640625	95866.453125	64149.59375	59655.07421875	53053.6171875	NA	NA	45989.21484375	NA	65219.7578125	29633.88671875	NA	82270.484375
P50456	186446.40625	185263.1875	202872.53125	194690.390625	174639.609375	197420.828125	187777.578125	191636.203125	195066.28125	180604.546875	173304.234375	158790.859375	172364.515625	174943.734375	202587.703125	163024.265625	182873.265625	169960.359375	163845.140625	176784.578125	186805.09375	184293.125	207519.65625	190903.375
P50465	25326.826171875	19803.689453125	33455.1953125	31663.736328125	25017.3515625	27905.951171875	18620.794921875	24392.54296875	37012.8984375	18466.193359375	20040.05859375	6078.5703125	22367.05078125	16386.58203125	36347.16796875	30431.568359375	32519.72265625	32094.154296875	31016.12890625	32747.708984375	32159.96484375	30769.43359375	33274.07421875	28569.3125
P50466	28377.134765625	143779.78125	NA	NA	55177.51171875	2.51009011268616	112997.546875	62504.3671875	35565.30859375	36719.99609375	33341.6875	59403.203125	25984.416015625	13996.900390625	NA	NA	NA	NA	26565.931640625	NA	NA	NA	NA	NA
P51024	202901.28125	181352.34375	210625.15625	194609.84375	304620.46875	329036	254701.96875	240801.90625	261474.40625	260053.1875	310190.3125	565675.25	259754.875	211289.65625	221044.8125	274455.84375	218891.609375	255049.796875	208295.359375	204576.078125	223392.171875	225445.59375	203002.484375	239147.171875
P51025	40821.86328125	41203.203125	31701.662109375	33525.71875	35675.390625	40833.3125	49099.0078125	46201.984375	38389.1328125	40335.5859375	37183.109375	26705.20703125	41856.23828125	35647.35546875	36986.6640625	33957.58203125	42417.09375	25544.650390625	33996.3203125	39954.0390625	36853.60546875	31024.244140625	40982.26171875	33339.72265625
P51981	113716.7421875	115302.953125	51695.98046875	63561.7265625	65272.96875	90215.3671875	65051.27734375	69805.8671875	72106.78125	61144.890625	72862.1796875	101095.9609375	81356.9609375	73813.109375	56479.8203125	53056.484375	66646.0703125	45540.53515625	60126.16796875	49493.78125	58798.64453125	53105.22265625	45094.5625	58140.53125
P52006	143414.421875	203676.828125	80454.765625	84169.3046875	103505.765625	141514.171875	115468.7109375	134501.75	NA	95315.9140625	165842.53125	159969.921875	141461.265625	148087.265625	66560.1171875	81970.8671875	84823.8984375	54803.07421875	119406.4140625	98656.3046875	102777.421875	91004.40625	66548.71875	95533.046875
P52007	169771.75	155389.4375	186366.921875	151270.4375	192142.109375	150446.0625	149869.65625	182671.125	240522.78125	164405.5	160173.625	377595.125	161736.796875	151237.390625	202524.703125	173134.578125	162549.453125	182539.703125	145278.6875	163473.65625	161355.625	160836.78125	184078.5	160454.546875
P52060	72103.5	59146.65234375	66332.078125	63860.2578125	57698.25	59327.82421875	58691.9921875	64303.30078125	77333.765625	60698.15625	54746.7578125	81427.3515625	28412.962890625	58085.78125	63601.1484375	52326.6015625	67061.5703125	69295.6328125	58342.4921875	57942.5390625	52402.3125	50703.92578125	69328.6796875	49789.97265625
P52061	241263.8125	231651.03125	256825.5625	190054.65625	301788.75	270999.5	231587.546875	297209.03125	372697.4375	268334.09375	255408.890625	492876.1875	232680.359375	264688.03125	268201.875	258727.140625	223312.296875	330607.03125	223216.96875	232358.8125	219658.03125	212309.46875	278406.1875	230560.78125
P52062	46640.52734375	45620.7734375	44877.69140625	45518.91015625	48358.68359375	44452.19921875	52406.9453125	49640.72265625	46606.62890625	51163.4609375	46719.109375	56186.0546875	42451.16796875	51222.328125	46564.6796875	42447.234375	42992.13671875	45391.97265625	47545.203125	41547.4453125	35033.79296875	40716.7421875	51075.33984375	45660.37109375
P52073	10490.140625	6147.1279296875	NA	NA	13211.5771484375	8961.7333984375	9640.2470703125	13520.369140625	10557.3173828125	19781.486328125	7031.32666015625	NA	4451.97509765625	8799.759765625	NA	NA	NA	NA	NA	NA	NA	NA	1514.95727539063	NA
P52076	243045.4375	235854.25	203986.84375	227034.53125	215584.828125	226115.75	212828.5625	215399.109375	213894.609375	236140.734375	228090.65625	223562.890625	220144.640625	250477.796875	198561.96875	191603.078125	222278.984375	172368.359375	207205.65625	275012.28125	209053.65625	183454.546875	217768.890625	215303.515625
P52086	17284.71875	15497.5556640625	24099.16796875	19102.8125	8458.943359375	7540.68310546875	10093.388671875	20823.0390625	9900.763671875	3521.22265625	8966.568359375	NA	16434.341796875	20879.34375	22287.5859375	14180.6572265625	22917.71875	23090.12109375	18239.1640625	21196.515625	12357.62109375	12547.8212890625	20494.681640625	16877.078125
P52094	48251.58203125	44417.765625	28970.779296875	39000.87890625	20918.150390625	28681.646484375	36951.48046875	18344.18359375	13542.6640625	16756.1953125	32712.88671875	22764.1015625	22556.779296875	19740.259765625	18811.5703125	20409.486328125	19932.044921875	17573.697265625	28200.970703125	19347.966796875	29870.5	19360.564453125	16515.96875	17802.189453125
P52095	134906.265625	136108.171875	134031.828125	135606.46875	107954.90625	147457.40625	148043.359375	135572.390625	117644.4375	134221.890625	130656.5859375	91635.6953125	135944.234375	142586.984375	122930.625	123712.96875	117327.5	121335.75	106130.1328125	133777.28125	120250.0703125	106693.203125	122042.140625	123273.3203125
P52096	53112.59765625	71277.28125	40142.21484375	47693.27734375	22591.345703125	21415.42578125	40358.2109375	31161.80078125	25486.068359375	25327.92578125	32410.755859375	48218.91796875	29883.30078125	33151.70703125	28155.126953125	27982.0390625	23545.48046875	33721.640625	23914.072265625	28811.869140625	30465.794921875	21845.138671875	21188.5703125	29389.578125
P52097	109927.4609375	122966.359375	132002.890625	124429.578125	101063.75	120762.8828125	125847.3671875	114110.2421875	80269.4140625	98955.15625	113151.3203125	73989.4921875	118601.7421875	116949.4375	102705.6875	105673.4609375	136650.578125	109829.0625	125877.2734375	121873.25	113957.125	106044.9375	98418.890625	104882.390625
P52101	25550.90625	26722.376953125	33229.640625	36608.1015625	24819.388671875	18877.92578125	24369.857421875	34331.34375	26055.92578125	26571.25	24873.35546875	9580.001953125	29235.833984375	34843.8046875	31593.96484375	26607.59765625	33155.1953125	33632.77734375	28043.54296875	38670.21875	30642.845703125	33078.91796875	33183.9140625	33583.59765625
P52102	47401.69140625	37269.94921875	82743.171875	39374.8984375	42660.4375	23918.623046875	15271.56640625	31240.447265625	83929.9453125	27479.771484375	11473.7265625	58507.984375	29216.431640625	28995.6796875	57647	50606.9375	39658.8203125	50463.68359375	40510.34375	34817.03515625	36326.33203125	37903.625	44945.96484375	31937.021484375
P52108	264726.5625	244634.25	247513.078125	264934.15625	289780.15625	314326.375	293098.78125	246610.609375	226904.03125	232395.890625	274330.8125	415432	256053.5	230922.109375	260126.875	279427.34375	253388.53125	219859.78125	273235.65625	247779.734375	274796.40625	271026	244282.328125	291245
P52119	311021.96875	220120.21875	323027.875	218379.578125	245136.59375	187187.140625	206296.0625	217796.90625	328923.28125	252250.6875	204861.65625	465064.6875	253789.984375	231339.375	290759	263402.78125	277801.03125	303615.03125	215025.625	274162.96875	247267.265625	228305.640625	292436.53125	247132.640625
P52129	268976.125	225838.296875	390920.375	326970.9375	292755.21875	276080.96875	211398.390625	298390.5625	222707.078125	291200.5625	242085.265625	271282.46875	221467.34375	299433.5625	360857	395640.09375	334033.15625	343721.9375	297687.75	329052.625	320474.71875	347139.15625	335208.0625	365430.78125
P52598	95762.0703125	95053.75	64316.7734375	73233.90625	121316.8515625	120325.1015625	95364.1640625	89239.4375	95019.578125	100808.7890625	116640.1171875	50981.98828125	105784.53125	87298.15625	69226.8828125	64197.171875	68425.265625	64305.26953125	67882.84375	63324.3984375	72639.3984375	75371.3046875	67283.6171875	71732.2421875
P52643	2543897	2568146.5	1152210.25	1083788.25	2849190.5	2936092	2048607.125	2262838.25	2604617.25	2477943.75	2398841.25	1616482.625	2409821.5	2241188	1215328.375	1105167.25	1148031	937596.75	1004008.5	1029825.375	1127961.5	1238585	1066872.25	1026714.375
P52644	112475.7109375	86902.3359375	56701.22265625	44629.1328125	168760.875	104116.7734375	122831.078125	164541.578125	319126.90625	159019.9375	128382.25	321189.625	117894.171875	131669.65625	74397.1796875	64545.125	59205.2578125	87662.015625	42922.63671875	64345.046875	45510.66796875	54408.12109375	67923.125	51988.41015625
P52645	101250.6484375	92931.328125	85842.0546875	89274.2890625	96312.3984375	86677.6796875	106913.5390625	114719.7890625	120855.9296875	106870.7265625	83884.3359375	72185.5625	90698.25	104807.78125	86255.5703125	80482.0859375	87550.0859375	106497.2578125	86980.7265625	94828.6796875	83111.0703125	80075.96875	99200.875	83131.1640625
P52647	347323.71875	350670.9375	517291.375	470862.4375	310339.84375	342089.21875	412732.5	333784.8125	310591.1875	354541.125	339156.5625	234743.09375	324067.84375	334566.5	471997.96875	460636.375	454163.46875	406829.625	470679.40625	449515.875	430207.625	454503.75	486938.90625	427855.125
P52697	3496674.25	3348487.25	2961952.5	3147500	2564193.25	2537642.25	3812407.75	3115326.75	2768978.5	2898360.25	2885952.75	5505382	3004307	3353137.25	2961772.75	3318673.25	2957626.5	2827233.5	2970665.75	3057868	3095422.75	2971790.5	2744197.5	3277153
P54901	56492.23828125	47824.55859375	24903.96875	22020.544921875	59848.48828125	61629.3125	53495.34375	42859.51171875	44410.6015625	53326.52734375	51065.52734375	39616.0078125	56348.93359375	46903.87109375	22976.29296875	26153.65234375	16126.3994140625	12616.8095703125	18105.828125	18467.724609375	21129.26953125	17129.251953125	14661.064453125	23544.181640625
P55135	160539.109375	159618.546875	149919.140625	153399.65625	143818.84375	151369.859375	148333.796875	139527.078125	137829.515625	135211.1875	130181.1953125	127610.65625	141606.921875	133555.21875	130839.890625	121855.453125	143293.03125	141022.859375	153580.546875	154901.625	141717.796875	143824.109375	150796.359375	137710.140625
P55734	118588.3515625	127321.15625	151895.6875	117830.8828125	147117.390625	135605.78125	135689.71875	183388.484375	191261.578125	173731	106995.9453125	54032.34375	118755.0546875	156446.3125	133449.84375	125043.515625	121733.3125	172517.453125	118972.5703125	138058.25	106709.0390625	113031.1953125	145294.84375	121318.96875
P56258	62252.68359375	59583.89453125	81335.7265625	78878.0625	48351.01171875	57974.12890625	64002.6796875	55384.3515625	45913.10546875	47156.47265625	58131.10546875	45291.3046875	47310.453125	51766.76953125	70026.78125	65854.125	73453.6015625	47552.16015625	65599.96875	67273.9765625	65391.07421875	75918.03125	75535.796875	68752.1796875
P56262	886988.8125	1093400.625	433399.1875	539886.1875	739645.125	966201	1250615.625	823893.625	699562.3125	988941.125	950645.1875	1319394.125	911950.1875	723164.4375	366842.9375	414780.4375	406289.3125	381296.28125	568006.6875	482339.65625	506102.625	378767.375	495629.0625	473817.96875
P56614	63539.8515625	41709.640625	NA	9899.359375	68431.8828125	14139.703125	9248.9873046875	56890.828125	24919.412109375	11134.861328125	44347.88671875	402745.25	28926.251953125	21672.0859375	5607.2939453125	18150.17578125	4350.8671875	12417.1279296875	2024.35620117188	13283.5888671875	26573.189453125	2142.16479492188	19260.439453125	3216.23413085938
P58035	14393.166015625	NA	NA	NA	33115.43359375	25664.599609375	16625.44140625	24477.005859375	38436.3203125	24305.923828125	11671.1630859375	30873.978515625	20556.275390625	25281.328125	NA	8733.6396484375	6473.48583984375	NA	12546.3623046875	5085.71826171875	5099.84619140625	NA	NA	NA
P60240	758723.0625	784714.3125	841658.4375	910978.75	681245.875	809034.625	742085.4375	670789.125	597995.625	700224.875	703881.6875	566145.25	707565	617847.125	836970.375	824834.25	883649.1875	782823.6875	885235.0625	822815.4375	878361.0625	890142.5625	849616.5	833729.125
P60293	596153.1875	632071.5625	548275.25	583958.8125	634628.5625	690496.25	625686.8125	582993.875	522591.59375	644163.6875	657511.1875	498995.625	620317.5625	621400.5	521302	538724.375	545590.25	480275.9375	596611.1875	578312.4375	560813.8125	548178.9375	562409.0625	607863.4375
P60340	549620.5	477374.96875	617274	614510.75	569188.875	604538.875	581389	557239.125	658921.9375	579743.9375	569053.5625	630609.125	565150.625	563649.375	557578.75	592338.25	538025.875	577723	588516.125	588058.4375	580717	581927	676181.375	594012.3125
P60390	1276228	1229984.125	1157655.75	1126062.75	1400911.125	1253104.5	1258050.875	1329045.625	1417995.5	1363100.5	1352367.125	1468139	1253020.75	1315239.375	1084428.875	1118825.875	1121727.5	1365246.625	1050589.625	1151650.75	1145481.125	1096009.125	1175538.25	1062212.875
P60422	8179205	8978187	13850364	13204980	9049543	8101017	8669886	10149956	10626552	9748937	7544480	6508943.5	8364459	9160107	13985475	12086579	13423537	14301175	13036480	13059054	12342640	12503460	13998983	11615344
P60438	11076013	9195894	17080836	16379238	15193864	14990204	12823138	15064938	15935822	15873540	13304291	14553700	12700659	14710875	19633368	18732230	18477588	23118092	18001084	18791462	17015620	18451886	20306160	18129640
P60472	170303.9375	160569.375	198088.9375	230258.96875	198045	191699.859375	195563.765625	184912.0625	151087.53125	176397.015625	199612.671875	186264.90625	223465.90625	209791.078125	185123.96875	179041.703125	190253.15625	214189.984375	191719.34375	171310.1875	148632.359375	167098.96875	189226.609375	185581.65625
P60546	532383.1875	580498.9375	769586.375	807967.6875	590317.9375	506163.09375	562801.375	649729.25	659906.75	644082.1875	588181.625	911166.375	559082.125	630617.5625	768236.4375	772099.125	786635.4375	792742.6875	788505.375	797940.4375	740872.5	759430.875	857589.5625	822921.1875
P60560	499528.4375	542922	355395.75	391686.46875	468449.875	415551.59375	598105.6875	514945.125	434671.8125	525292.625	518085.875	396042.3125	543430.0625	572264.0625	348359	368324.96875	394930.8125	375058.3125	424129.125	405469.1875	381548.71875	345352.875	403241.9375	389248.28125
P60595	677947.125	589345.125	1442853.625	1413262.875	655618.875	594138.9375	567559.9375	653585.6875	704938.3125	634761.875	605999.5	1195001.5	570685.9375	691534.375	1444975.25	1409880.75	1708974.625	1568260.5	1704520.75	1332833.875	1274510.875	1260132.625	1528808	1341340.125
P60624	14879515	12870967	21546328	18133054	21202100	16156039	14438815	21265214	32418838	20293302	16344469	37821936	16493350	18464414	25444582	23907722	23719354	32460256	20631452	24084066	20500352	19838562	26019668	21777694
P60651	700656.375	724732.3125	804765.25	804550.0625	552604.5	602160.8125	803789.875	652698.625	495046.84375	612264.375	564728.3125	698586.625	640857.375	614306.6875	820646.625	706093.3125	798887.375	621124.5	752528.375	770722.5625	730731.375	736428.5	725777.375	693792.625
P60664	915923.5625	887463	1495424.875	1702591.25	846542.3125	898219.3125	887804.625	727524.375	794653.4375	834707.0625	867695.3125	1333818.625	754515.375	771220.6875	1513883.25	1644954.75	1793242.25	1481261.875	1931375.625	1510980.25	1592957.25	1489492.875	1507158.875	1663171
P60716	2961860	2805236.75	1543600.25	1202136.5	3535482	3194372	2184845.75	2872048.75	4140810	3145166.25	2746867.75	2918106.25	2444825.75	2974223.25	1287463.375	1203446.375	1186943.75	1376381	1118668.875	1145964.375	1045347.3125	1288734.625	1268481.625	1039550.6875
P60720	55512.44140625	59199.65625	83388.7109375	77443.40625	61532.140625	45933.296875	63070.37890625	83965.140625	87020.1015625	78203.765625	44651.32421875	42249.3515625	59722.57421875	61473.44921875	91891.6640625	73559.9609375	87188.7890625	77630.1796875	65609.4765625	92006.171875	68345.3125	64494.46875	91911.03125	62001.734375
P60723	8502415	8534877	12183578	12557933	10270957	10450158	9892474	9814172	10606273	9487429	10171996	11359459	9626997	9611374	12813527	12560127	12596784	15207352	13335724	12718841	12517518	12222410	12745940	12071580
P60752	415567.09375	438660.78125	441234.09375	459930.03125	421646	508116.09375	468730.125	419226.78125	365181.09375	396299.9375	453871.625	393277.0625	417481.9375	370355.15625	422839.875	472400.0625	431675.03125	376757.8125	480450.96875	423950.8125	472144.75	454365.78125	419355.28125	462568.625
P60757	816798.6875	836674.1875	1665709.625	2160460.75	790969.0625	962989.375	749105.125	656931.375	781659.25	691785.5	815639.5	795486.3125	843942.6875	737989.4375	1826405.375	2017138.75	2436606.25	1803052.125	2677427.75	1631006.25	1959042.25	1906926.875	1929165.875	2097989.75
P60782	61331.421875	55980.9296875	24803.169921875	31038.3203125	47779.26953125	75626.234375	51938.1953125	37050.21484375	19549.947265625	34388.34375	44028.734375	38650.98046875	46950.26171875	28957.486328125	24799.458984375	29383.666015625	28283.923828125	14614.2744140625	24734.46875	15821.171875	31506.30078125	25114.693359375	9447.6005859375	24851.033203125
P60785	2468728	2441752	2178807	2410080.25	2137292.5	2620309.75	2278883.75	1795174.75	1470055	2008822.125	2633209.75	2138926.25	2317024.5	1908539.875	2079774	2193636	2146609	1413300.375	2480485.75	1987675.625	2520450	2395446.5	1904465	2439800.25
P60869	163353.265625	149331.3125	186194.84375	196626.09375	145983.4375	138567.8125	121578.1875	144433.53125	171998.53125	140206	125132.8203125	109046.1484375	139790.640625	147083.3125	187643.15625	171148.453125	176609.78125	163948.3125	160475.359375	198887.515625	177895.3125	169703.546875	172804.515625	142245.90625
P60872	30034.421875	32134.283203125	38638.39453125	25916.466796875	31903.955078125	48498.60546875	42638.9453125	36377.74609375	38010.12109375	38246.7578125	43941.078125	25792.298828125	38966.74609375	40493.68359375	26191.638671875	31470.70703125	29961.720703125	21787.474609375	27251.333984375	29674.943359375	28035.95703125	32532.61328125	25950.009765625	32380.134765625
P60906	1162428.625	1201508	1259192.75	1372449.5	1011932.4375	1119450.5	1110289.375	986255.125	799254.875	988500.1875	1058823.875	795001	1127983	993688.6875	1305482.25	1282860.75	1333265.25	940119.5	1393018.25	1235082.5	1394948.25	1401065.25	1170437.375	1321598.875
P60955	159851.703125	143916.953125	116092.875	142965.671875	58948.625	146906.921875	170073.46875	65521.71875	45423.03515625	61037.875	151413.703125	81855	117979.53125	44786.40234375	155374.234375	113894.5859375	132443.625	43646.6171875	146763.875	79595.171875	155702.859375	130263.1953125	63637.81640625	117069.9296875
P61175	9532888	11804748	18684814	17272998	13566332	11666568	10382173	15131529	15761417	13992943	11325395	22702856	12148266	13618893	18136802	18528394	19349318	20470832	16987318	18521256	14316507	15078086	19387566	14296985
P61316	593863.9375	489931.625	653882.125	462008.53125	781288.625	582808.4375	599334.9375	671301.9375	1142620	705151.625	702767.5625	1480811.5	646147.0625	604022.4375	757730.6875	713034.8125	592390.5	812845.6875	618010.75	608088.1875	584614.125	522009.15625	647638	599378.375
P61320	1149181.25	1084421.75	1313710.75	1120199.125	1577892.75	1320318.375	1117834.125	1523657.625	2186480	1469124.25	1249428.5	2578386.25	1299625.875	1416696.875	1357263.875	1267638	1334017	1750638.125	1214633.125	1300871.625	1199259.875	1174745.875	1509255.125	1181359.125
P61517	3418539	3463903.75	2949507.25	3712307.5	2095365.25	2216307.25	3414497.5	2335563.75	2044859.5	2406822.5	2720657	2738591	2845142.5	2719622.25	2732225	3041549	3348970.25	2705951	4004691	3407461	4038661.25	2897848	3119926	3634464.75
P61714	1113127.125	964735.25	1273824.25	1090476.25	1272311.375	1162996.375	1112492.5	1287072.125	1594118.625	1383592.25	1155226.5	1859417.75	1193994.625	1292343.75	1419295.25	1235266.75	1306813.375	1599187	1187251.5	1322445.125	1149468.75	1158093.25	1577988.625	1131097.875
P61887	129272.140625	152097.046875	135486.578125	158589.9375	112185.09375	116153.453125	137863.875	109912.09375	89230.390625	110614.9765625	139916.203125	97889	132291.140625	125236.8046875	127154.2890625	117093.8203125	126928.3125	95049.0390625	150273.4375	130582.3203125	147114.25	135046.65625	118621.03125	143422.65625
P61889	18276094	18955584	8732653	7928565	23659922	21731272	21676134	25270366	25409956	26462698	19933500	25306908	23985142	26524700	9660254	8516024	10277538	12019485	9950496	10512489	9192227	7891264.5	12818303	9226408
P61949	1437312.25	1336595	1748878.5	1266502.75	1620028.5	1228586.875	1273962.5	1521826.5	2293593	1558571.375	1430566.5	3096128.5	1393598	1500941.5	1717985	1548220.25	1459531.625	1993873.875	1291285.625	1555408.5	1295425.125	1298051.125	1841470.875	1325040.5
P62399	10159671	10095013	16196759	14498527	11969653	10021037	10122148	13816276	15959796	13433743	9314425	11450171	10061610	12624070	16366305	13762182	15784730	19786948	14804012	17036796	13667961	13306471	18368154	13522281
P62517	374659.75	372698.21875	387491.625	404730.25	353605.46875	387783.6875	407044.75	373601.78125	323440.375	380414.6875	358092.84375	228730.234375	366581.0625	342724.25	367422.53125	361243.5	383426.65625	353993	373049.59375	382145	391286.59375	395292.09375	392803.65625	377974.5625
P62601	82798.0703125	75309.1484375	61521.46484375	70126.375	55324.7421875	66463.2109375	127126.9609375	68519.5234375	46028.60546875	66697.7734375	84599.796875	113095.6640625	76131.171875	73683.7578125	56743.87890625	76705.421875	65603.234375	55038.06640625	82201.8359375	66435.1875	78746.171875	68934.9921875	65476.93359375	68956.796875
P62615	271396.5625	264305.6875	234702.71875	238726.296875	275290.84375	267923.21875	213407.0625	272181.375	287857.78125	275817.125	247826.59375	379544.03125	256506.1875	266727.625	237411.875	236330.1875	241620.796875	234684.546875	225340.5625	272356.4375	219206.515625	235895.015625	250962.828125	212073.8125
P62617	647203.1875	706272.4375	568263	537777.0625	630184.4375	487706.40625	524341.4375	670353.0625	774804.5625	603524.9375	574637.875	1144651.875	587631.375	614322.375	563072.125	468858.71875	480165.21875	581739.4375	436755.53125	518344.375	453123.65625	441707.5625	600925.9375	484848.28125
P62620	551650.25	567568.1875	676517.125	642828	583940.25	599751.875	540503.9375	582760.125	735057.25	577882.75	531282.1875	565972.4375	540206.5625	569750.1875	726500.625	660018.0625	651708.5625	768161.4375	626363.9375	650695.875	619957.375	678592.625	700223	617528.4375
P62623	181811.140625	190921.8125	175436.9375	163817.796875	167614.9375	164202.40625	174184.3125	174275.859375	192461.34375	166745.046875	164561.65625	179710.265625	160580.515625	175890.171875	157986.640625	162893.921875	158972.921875	168853.625	161897.640625	162093.4375	157162.25	161690.40625	165951.96875	162111.671875
P62672	92299.6875	109145.515625	93737.2109375	81351.203125	133648.25	137254.703125	144299.078125	162345.828125	225666.46875	139530.859375	110591.0625	121415.75	98576.21875	131083.421875	94752.1171875	92537.015625	83779.6015625	134029.4375	88127.2421875	88477.84375	89052.0546875	82705.265625	91667.140625	80387.2578125
P62707	13029005	12465803	10600998	12267631	15553560	14528693	15249789	17773392	15675471	16640578	14361479	21676504	15361878	17796082	11204838	13140502	13999379	15357554	13698038	14713450	13346948	11528266	12678960	13932676
P62768	3616962.75	3116968.75	2710560	2241591.5	4476945	3814608	3634261.25	4167003.25	5928420.5	3998228.75	3675067.75	8223294	3558515.25	4052070.5	3137369	2977508.5	2600057	3564004.75	2303307.25	2983537.25	2435481.25	2485828.75	3050027	2468428
P63020	2299279.25	1947966.875	2136663.5	1807491.625	2733062	2121241.5	2476944.5	2487606	2893103.25	2259952.25	2555538	6899603	2528602.25	2292260.75	2201493	2113074.75	1941586.75	2327014	2210983.75	2011462.875	2104891.75	1857747.625	2239289.75	2140839.25
P63177	117690.9453125	121819.421875	130047.03125	147179.671875	108392.6171875	115590.671875	115970.9921875	109451.046875	109783.234375	115275.875	120548.5234375	142349.203125	114301.703125	109964.7421875	115911.6171875	130707.53125	136295.75	129839.890625	138579.359375	135770.59375	136949.21875	128194.625	126706.1640625	138177.109375
P63183	70953.875	76123.4296875	69308.421875	86164.6875	34494.578125	74840.671875	82686.0390625	45975.04296875	25030.42578125	35196.53515625	78331.9140625	30269.642578125	62684.67578125	39220.78125	72652.15625	81739.5390625	76838.6875	40551.30078125	78967.7734375	60171.92578125	82116.109375	88769.453125	47373.19140625	84976.75
P63204	76713.7265625	86240.59375	57305.1796875	46820.54296875	95881.671875	84137.65625	109265.9296875	112278.828125	78236.5546875	102189.7734375	95945.6015625	60593.01953125	94459.1640625	102737.6171875	48432.234375	65809.5625	58244.1796875	54109.6640625	54424.265625	52921.87890625	48511.39453125	57894.53125	40751.70703125	62806.0625
P63224	4080206	4275534	2719829.75	2635054.75	3148613	3979623.5	4044938.25	3071673	2748391.25	2920997.5	3943128.75	6430248	3399352.25	2827933.75	2464212	2543355	2575894.75	2099925	2510767.5	2313200.75	2867166.75	2685704	2394906	2497111.5
P63228	486933.09375	318072.40625	349258	291736.09375	357249.9375	417303.3125	413933	333173.65625	321486.5	279537.09375	460283.59375	1486419	419572.25	281817.59375	284096.3125	327230.90625	228531.34375	338454.375	167388.609375	227433.859375	241809.5625	268014.3125	237656.671875	361720.65625
P63235	1254990.625	1313589	597272.875	831391.4375	864470	1221567.625	2020318.5	1432264.75	858401.25	919928.25	1319601	1261589.625	1194772.5	992571.9375	628599.5	992526.8125	681178	621947.8125	457545.125	750940.75	921291.8125	898599.4375	442759.375	714150.9375
P63284	4802035.5	4997526.5	5089240	4888872.5	5246307	5263590.5	4646465	5354488.5	5760076.5	5192000.5	4556049.5	4463949.5	4474548.5	4800385	4613921.5	4615448	4229407.5	4726904.5	3692048.75	4953629.5	4622724.5	4965891	4424672	4312016
P63386	165395.5625	195931.09375	236512.703125	233190.359375	196988.5625	195119.5625	180985.28125	178815.46875	163857.8125	192242.375	196085.328125	112373.5234375	174110.421875	177244.515625	217501.578125	200259.671875	218537.90625	205228.984375	195841.5	206552.40625	204192.890625	209988.484375	214465.3125	171552.3125
P63389	246833.875	255117.546875	296405.59375	295643.21875	225253.8125	246396.21875	232571.984375	216907.84375	187168.09375	220546.734375	228834.078125	192828.21875	227244.9375	213764.859375	287041.4375	277222.375	283005.625	214215.625	289009.46875	270739.125	292031.46875	298653.8125	283115.0625	292159.3125
P63417	471672.96875	432314.875	525236.5	412559.78125	534278.5	436716.5625	379900.28125	532664.5	694582.5	471388.21875	465974.9375	925175.3125	396344.40625	444715.40625	465018.09375	386148.0625	416751.5	492148.78125	328143.53125	395275.5625	363895.6875	393046.09375	429001.0625	366723.0625
P63883	186315.953125	169240.28125	136431.203125	116310.2734375	151614.625	162739.1875	146281.421875	155027.1875	194720.5	147945.171875	177143.515625	118237.90625	152872.265625	158649.9375	128685.3359375	125689.578125	122851.03125	143477.8125	107226.609375	111910.6875	117360.265625	130361.1484375	119086.9140625	118415.84375
P64423	94276.5703125	89394.71875	65376.94921875	87517.328125	93356.75	107205.90625	101975.84375	95934.4453125	75210.8046875	81774.609375	110559.5625	89495.5078125	82858.59375	92723.1953125	74512.625	90954.3828125	67401.109375	63763.82421875	79869.9375	79738.015625	79104.3359375	92624.296875	84420.2421875	94843.265625
P64426	35125.78515625	32686.109375	35884.984375	31571.099609375	35233.87890625	33545.9296875	32831.41796875	47589.15625	49392.484375	42552.4296875	34865.00390625	59244.66796875	38984.87890625	40808.265625	31658.240234375	29118.841796875	29145.408203125	39009.796875	24406.427734375	33040.33203125	27130.03125	29434.09765625	40407.3125	26224.615234375
P64429	551332	622129.1875	679008.8125	661214.8125	363328.59375	429444.5	552372.1875	596588.75	556252.875	508681.59375	519639.40625	633851.125	484032.9375	570196.5	516106.59375	580219.1875	546414.125	625873.375	478293.71875	594772.4375	566468.375	498953.96875	601199.25	556146.5
P64451	867459.5625	745332	710026.9375	647127.6875	991993.9375	788716.6875	1183527.5	1090635	1547552.375	934864.4375	1065233	2520752.5	917659.375	969706.1875	786978.3125	937330.875	799202.4375	1141629.625	725443	839545.4375	732840.5625	647301.25	910361.9375	784315.625
P64455	461580.84375	379330.75	553418.875	437576	426033.75	332163.53125	353883.40625	332271.21875	423762.4375	414415.0625	396832.8125	746365.8125	400423.9375	340290.34375	400899.6875	488285.875	392322.03125	461398.5	485315.5	463150.25	484988.5	441502.78125	392969.5625	502895.65625
P64461	191369.171875	74491.359375	66670.109375	52734.1171875	79044.8203125	88786.078125	149865.1875	149617.828125	123961.6171875	115168.046875	102768.265625	295310.375	124439.9609375	74409.9296875	23397.44921875	65236.94921875	NA	NA	NA	52502.33984375	47295.66015625	10701.625	47551.6640625	23314.908203125
P64463	3450633.25	2176374.5	9161154	6231874.5	3864782.25	2200790.25	1105614.75	4646923.5	7051918	2168230.75	3393335	7783302.5	1861898.875	2387014.5	12507486	11686698	8829351	12146319	4794568	9408295	8536991	10466994	7490244	8579548
P64467	146060.5625	144070.765625	156739.390625	119246.1328125	172288.625	155793.671875	151703.484375	157407.03125	216932.34375	158091.53125	182895.640625	378581.71875	139029.375	137104.765625	152725.328125	181100.265625	133222.328125	183714.640625	112535.1015625	153226.9375	135106.25	142512.25	144720.96875	159907.609375
P64476	411164.46875	349427	433376.90625	299656.28125	457763.8125	573913.3125	398149.625	488740.90625	579108.6875	475301.96875	439330.09375	796459.5	459665.625	439025.1875	384703.0625	339351.21875	364451.5	409248.125	332812.3125	336498.5625	290189.0625	371931.84375	392798.875	322442.53125
P64479	237397.890625	242319.5	109627.0078125	136760.828125	176636.65625	246024.859375	206471.578125	204360.0625	202172.140625	220564.75	290565.75	777610.1875	210951.53125	254966.1875	83143.65625	114122.953125	90522.09375	107337.09375	106172.7421875	148918.859375	157362.953125	118321.5078125	73811.8125	163632.203125
P64483	1629986.75	1515744.75	1158055.625	1061404.25	1643148.25	1872686.75	1273916	1457876.75	1629071.625	1459753	1741531	2700307.5	1535642.625	1400595.75	1120101.125	1204586	1136432.125	1016923.125	1170578.5	1085367.375	1245632.25	1307903.5	1125602	1211386
P64490	226904.9375	197644.046875	246697.296875	185992.484375	223410.28125	230868.46875	226699.140625	245580.734375	296322.1875	244733.84375	211227.09375	457060.6875	249849.484375	205663.09375	235261.3125	264750.6875	209831.46875	292756.53125	215619.03125	199934.078125	196204.0625	190438.46875	222721.421875	224922.921875
P64493	68035.9609375	62713.359375	76435.1875	68291.2109375	39037.35546875	47101.34765625	40058.12890625	53779.640625	99176.09375	43914.1484375	48720.66796875	107172.0078125	46946.64453125	89836.0859375	77633.0078125	58424.4921875	77249.4453125	79788.9375	58281.7890625	79015	50601.796875	62545.6640625	71940.484375	55640.34375
P64499	29063.248046875	9689.7353515625	113572.1171875	76001.609375	26498.126953125	13915.2060546875	27734.638671875	11220.6884765625	24955.791015625	22042.40234375	17298.23046875	58160.93359375	18613.353515625	17375.162109375	85533.921875	80239.65625	73209	99591.7265625	69837.546875	83671.6875	59903.13671875	63622.30859375	78640.46875	74937.8671875
P64503	1116388.75	1206197	588736.4375	508429.875	912655.625	967957.375	1096899.875	1118990.375	1400782	1063969.875	1025437.625	1977265.25	1135428.25	1002726.75	465552.21875	557888.4375	596855.6875	562241.0625	598049.25	553606.875	494786.25	448923.3125	497919.375	519424.71875
P64506	349983.9375	307940.40625	542842.9375	480050.9375	666241.625	498864.84375	425308.9375	549001.6875	803227.25	547303.75	454841.21875	1023758.5625	434448.21875	473811.71875	555231.8125	557311.6875	579910.375	784174.9375	575008.375	541237.0625	497401.5	497368.28125	603756.5625	491722.625
P64515	62854.75	34589.1640625	NA	36950.93359375	30014.20703125	73017.875	31480.64453125	17577.46875	NA	NA	44216.1328125	41120.5546875	49938.1796875	NA	25298.35546875	29947.833984375	36583.35546875	22635.830078125	39691.875	32229.9609375	40348.86328125	41794.7109375	14385.18359375	34583.48828125
P64517	1596873.5	1422677.875	1189758.75	780133.3125	1143080.75	1140320.625	1476844.125	1371130.875	1438789	1340028.125	1235612.125	1802422.875	1311565.875	985046.1875	629787	931929	638815.6875	762189	661774.75	477280.53125	587500.8125	445840.125	514120.625	647530.3125
P64519	41847.9921875	34495.953125	25410.986328125	23796.212890625	32793.28125	22279.41015625	29094.47265625	33025.6171875	38238.859375	28652.763671875	27553.400390625	88354.953125	27780.62109375	24086.236328125	20774.8203125	29850.91796875	16179.54296875	26505.318359375	16102.8017578125	20073.76171875	23633.673828125	16601.744140625	23057.837890625	17843.45703125
P64530	64263.40234375	48380.20703125	89097.0078125	72389.3359375	82994.6328125	51349.44921875	61849.38671875	76754.90625	97275.03125	71169.9453125	72694.5390625	272233.125	69574.140625	70143.8046875	91121.59375	86837.9375	68082.046875	91978.6796875	74175.3828125	84718.9765625	83275.65625	74145.6953125	83938.2421875	80631.3828125
P64534	278020.25	315629.0625	241992.609375	210634.796875	246251.875	202824.4375	349167.75	292526.09375	388784.15625	277279.15625	304304.4375	675801.3125	296955.78125	266202.84375	257404.21875	235518.703125	239816.5625	212410.640625	202618.375	252836.21875	213923.0625	207078.921875	225082.3125	221607.3125
P64536	60906.8515625	54911.99609375	109226.890625	60060.7109375	25588.181640625	24991.943359375	47302.3359375	22143.201171875	20948.521484375	27345.087890625	13155.5400390625	8042.9033203125	16990.013671875	46243.95703125	58807.109375	60920.34765625	46017.96484375	NA	25885.03125	62527.8359375	72018.765625	67531.234375	55069.93359375	62206.4609375
P64540	142640	131963.453125	164399.65625	126850.1328125	146516.4375	135556.828125	121732.4453125	144401.8125	171107.40625	152869.015625	162195.21875	342034.75	158106.234375	135863.765625	157743.59375	193515.5625	166918.671875	197505.21875	188117.453125	149399.390625	158106.734375	135481.015625	149863.578125	166910.40625
P64545	141881.828125	96823.03125	73112.40625	34865.84375	85776.4375	59880.57421875	88146.828125	85761.4609375	118395.3828125	79553.8671875	103852.1953125	140614.859375	81031.6875	94024.3359375	69359.6796875	78897.3984375	40492.5234375	93606.0078125	67294.5859375	67510.6484375	75252.203125	62297.828125	61127.6875	78572.078125
P64554	225962.84375	217480.796875	285970.375	284127.15625	196968.734375	197966.703125	197301.90625	195366.15625	164224.890625	192772.828125	185735.09375	214836.921875	200985.515625	215338.390625	244518.1875	276893.6875	264298.21875	251979.015625	285833.15625	260856.9375	249353.359375	234880.625	264603.09375	241374.453125
P64559	36522.1640625	31129.587890625	27804.1015625	21925.544921875	33019.35546875	27945.625	26258.099609375	22225.587890625	29956.1640625	23685.625	38006.984375	84013.34375	32588.189453125	27190.251953125	25430.93359375	28131.888671875	20781.849609375	20485.091796875	28653.28125	25343.244140625	24416.642578125	22559.04296875	18032.03515625	32224.9453125
P64564	234730	378150.09375	99316.75	125424.6875	155674.78125	237185.25	275457.8125	87450.3203125	73717.375	103626.2265625	334298.90625	244899.484375	258168.875	61107.44921875	177981.4375	119514.6015625	98888.1796875	46336.05859375	101956.8671875	77562.078125	204377.484375	132855.03125	73494.578125	135033.171875
P64581	3859116.5	3503114.5	4307925	2683770.75	6705740.5	4896364.5	5176830.5	7309889	15070508	6974963.5	4285899	9522271	4477559.5	5797933.5	5181901	4322267	3814697.25	7024247.5	3120585	4132368.5	3211709.75	3458231.75	5152324	3318911.75
P64585	482735.25	385525.15625	272017.9375	292230.875	331668.59375	645435.375	510444.75	383154.1875	371493.21875	467023.65625	606539.375	923737.375	402915.75	271659.25	263866.40625	367660.28125	243534.390625	364213.6875	340375.21875	291498.1875	337075.5625	306090.96875	235287	322204.75
P64588	601102.125	495296.875	913641.125	797063.6875	465137.875	515191.71875	439981.75	410988.59375	510442.5	428155.0625	514532.5	1202727.125	443084.25	400994.46875	889750.625	842939.1875	528335.5625	631262.625	582952.8125	758166.5	862499.875	956269	554613.3125	885082.9375
P64594	28886.7109375	12186.7197265625	17552.06640625	24115.076171875	11781.0947265625	7648.087890625	12024.0595703125	30529.880859375	25984.810546875	23053.11328125	9148.7744140625	23362.470703125	9288.962890625	16226.96875	14916.416015625	15286.1201171875	22445.322265625	19319.8359375	17281.62109375	16141.400390625	11604.662109375	20299.244140625	18165.513671875	14492.3037109375
P64596	1995032.75	1733127.625	1336214.625	1465069.625	2155723	2264721.75	2102963.75	2095201.375	3120708.25	2053395.75	2355036.25	4622128	1992423.375	2077091.75	1473716.375	1767509.375	1610024.625	2280272.75	1657232.5	1638976.625	1630424.5	1458518.25	1570463.875	1641234.625
P64599	111645.1640625	111398.0859375	90875.5390625	143069.296875	60733.8046875	44570.5390625	63644.26953125	87873.265625	59606.9296875	44249.20703125	105201.8125	111394.5859375	82365.3125	72855.578125	102898.75	109439.8984375	97513.15625	71765.28125	74654.546875	96637.21875	111674.640625	109662.5703125	103230.5703125	111896.046875
P64602	556054.5	470904.3125	706633.6875	573744.4375	571385.125	435247.59375	493940.40625	402781.3125	880877.0625	508074.90625	499923.0625	1098757.625	557847.4375	548565.625	762035.25	787014.0625	530752.5625	703939.3125	650334.4375	639308	658031.8125	554546.25	688031.375	661690
P64604	1192184.125	956051.875	1375883.75	1217158.625	1339504.875	1267544.125	1169285	1254376.125	1484081.375	1293883.5	1359798	2378939.25	1169413.5	1189832.5	1267412.375	1466998.75	1304639.25	1818847.875	1431610.75	1540610.375	1448053.875	1313586.5	1408863.875	1479502.5
P64606	74167.0078125	66446.9765625	62370.8203125	71903.59375	62128.77734375	67797.25	61725.46875	60469.9296875	61389.52734375	48539.5546875	73093.8984375	32406.322265625	67137.2734375	58995.68359375	56703.01171875	56788.859375	64377.26171875	32989.203125	60863.80859375	45871.09765625	61569.6640625	52188.78125	58439.28515625	54777.21875
P64610	51916.53125	52234.3125	75772.328125	74028.5	68783.828125	69530.1640625	71692.9921875	68714.203125	51311.4140625	73990.8515625	66926.3671875	82357.828125	70209.7734375	72519.1171875	53631.53515625	69650.453125	58756.359375	74361.7890625	57572.5703125	70500.5390625	41587.66796875	61093.984375	70465.6796875	72972.640625
P64612	223445.3125	227036.515625	173356.484375	226645.375	177185.34375	220079.96875	212737.46875	166445.515625	116689.859375	176417.96875	225562.296875	166986.0625	206916.546875	173986	167779.078125	189495.5625	204281.46875	154814.890625	227503.3125	180130.265625	218125.40625	196871.625	171341.6875	211937.25
P64614	611575.25	1821130.125	2740088.25	2283166	1655528.625	1199023.75	1372695.625	599513	1321226.5	1090215.25	753026	1406182.75	1379466.875	1112882.625	2088022.375	2409572.5	1996184.625	1619725.875	2285121.25	1862428.875	1891543.25	1723714.625	1629447.125	2135090.5
P64624	671746.625	745441.4375	664599.125	769950.6875	477289.875	565587.875	690468.375	602155.875	521955.4375	565968.9375	603061.75	428810.03125	640189.125	506436.4375	655383.25	606047.625	666010.875	523778.9375	521860.03125	649505.75	606237	655569.6875	608304.75	609669.5
P64636	100455.8671875	85707.5234375	98770.9609375	145723.90625	23014.20703125	40850.8515625	82097.1953125	51884.15234375	76246.1015625	59084.375	44972.4921875	106159.8515625	80848.3125	77506.671875	74761.7265625	92221.515625	77083.3671875	85227.09375	109947.0859375	122444.8046875	109560.7265625	78192.1640625	79800.2734375	91790.2109375
P64638	98490.75	66917	69921.1328125	70222.2421875	66562.4609375	74101.3828125	56740.1796875	88577.4296875	29691.939453125	44606.58203125	66226.09375	102954.6484375	49064.19140625	34048.671875	70873.1875	120462.0703125	99149.703125	97434.203125	74041.984375	74377.9140625	40598.13671875	63860.29296875	37554.78515625	114447.6171875
P65292	205775.96875	258334.71875	109502.59375	114040.34375	239027.6875	186637.90625	469127.46875	381656.9375	321229.53125	270317.5	302560.71875	849649.375	292248.65625	276888.875	107867.2109375	155698.015625	123397.7421875	174131.953125	135454	139852.8125	124077.640625	87352.4140625	156531.8125	119635.6171875
P65294	352112.71875	397660.46875	209097.671875	135830.140625	497203.875	393208.71875	417689.125	461098.1875	766628.1875	455659.5625	475609	833792.875	371585.75	429688.6875	186280.765625	246315.953125	196207.671875	228630.390625	173559.75	221705.96875	190524.34375	138824.171875	218578.359375	208657.75
P65367	789001.125	761742	721123.875	650116.875	766509.0625	755037.8125	703786.9375	786108.5625	1042901.125	795829.125	762149.625	1326109	721628.9375	676240.25	767684.375	810265.75	693947.5625	860039.875	703262.125	719714.75	722841.4375	699244.9375	797926.375	692377.5
P65556	135413.71875	134140	160004.453125	145646.328125	137766.046875	111822.109375	137482.390625	140342.90625	137522.578125	138931.6875	147156.171875	322742.0625	142501.59375	154055.390625	143927.078125	169833.8125	154091.328125	175721.859375	159770.125	155181	151343.703125	143852.90625	155249.203125	165594.203125
P65807	190032.875	163766.84375	73397.0390625	64475.21484375	144882.765625	188547.140625	121645.0078125	153950.25	181161.625	164318.609375	147247.1875	132756.84375	177362.640625	149236.171875	64846.375	65039.0703125	60802.45703125	64966.734375	58775.8515625	68151.078125	63282.08984375	89781.6484375	71014.7890625	75563.328125
P65870	157569.09375	139601.53125	152290.4375	168534.046875	70599.6796875	89024.6640625	144578.03125	96817.3046875	86931.9453125	87009.296875	154850.125	327671.71875	112819.875	102281.3828125	118313.6875	172990.578125	114883.140625	134271.015625	177742.203125	129868.2890625	158562.484375	123093.3203125	115007.2734375	146509.5
P66817	83217.4140625	66950.6796875	68648.5546875	67849.5546875	38042.59375	43853.29296875	57177.51953125	61713.7109375	64254.296875	62244.0625	69590.109375	89811.5390625	65014.953125	52327.02734375	60179.99609375	51658.6953125	62542.5	55789.328125	56047.3359375	62473.0703125	70462.640625	72549.828125	54736.83203125	69305.7578125
P66948	287951.1875	281176.40625	280773.5625	247177.40625	332848.59375	278768.90625	320860.28125	361686.8125	461944.65625	341091.875	297334.96875	310226.34375	281314.5	338209.21875	283149.25	252060.609375	278551.875	308212	246696.84375	289471.4375	250142.5625	249786.140625	292163.5	246377.578125
P67080	458666.21875	423968.8125	490512.8125	431927.90625	403749.625	445859.4375	399586.71875	430262.125	461918.5	459742.3125	430849.6875	710284.0625	452142.625	447356.25	471698.5625	458542.75	461117.6875	482853.8125	451586.0625	461561.625	456989.84375	451545.90625	526519	448425.4375
P67087	337473.5625	377264.65625	338758.6875	338763.5625	364244.5625	358063.90625	316339.28125	304004.625	364186.84375	315321.96875	359094.09375	404748.15625	344049.40625	349189.59375	292296.28125	307643.625	316333	309527.9375	321131.71875	312714.21875	321168.5	307515.65625	329123.5	320349.6875
P67095	362511.0625	346051.25	359752.75	306808.59375	299495.3125	235227.625	297851.78125	389121.4375	418952.65625	322256.3125	289764.625	510699.59375	320935.15625	326887.34375	343264.875	297206.3125	324678.90625	321033.5625	249108.484375	312873.0625	283625.0625	317947.15625	331763.375	275204.84375
P67244	83941.859375	86925.0078125	38786.5078125	60045.1171875	60752.34765625	91268.3984375	89749.53125	39329.15625	20850.38671875	38820.66015625	97002.859375	47855.9765625	97240.421875	33142.15625	31681.17578125	34934.06640625	60191.2109375	42750.58203125	63535.71484375	34999.1640625	64759.02734375	60399.09765625	37703.87890625	59114.8828125
P67338	33201.0234375	32341.169921875	39509.0859375	33899.6484375	46311.25	23190.783203125	26114.9296875	31526.408203125	65345.8125	38560.83984375	30766.037109375	84331.2890625	37497.5234375	19669.189453125	38974.1953125	32239.103515625	36950.796875	26659.34375	35935.54296875	47351.21484375	35962.19921875	27662.29296875	33943.6171875	30913.755859375
P67553	69813.09375	66050.1640625	76311.609375	72006.515625	68144.03125	69123.421875	52554.91796875	77301.7109375	107290.2265625	66165.75	60397.39453125	149777.859375	69921.65625	81328.578125	80028.3203125	66769.3203125	74994.6875	96970.3828125	82625.890625	87033.421875	65432.49609375	73466.9375	91469.2421875	54682.77734375
P67601	33306.1640625	20968.794921875	20361.603515625	26250.509765625	9993.0498046875	24089.892578125	32404.51953125	13512.5107421875	11352.5029296875	12865.5078125	24704.84375	12866.056640625	29916.892578125	5387.92529296875	30318.251953125	23554.71484375	35314.625	11687.0322265625	36612.00390625	18346.71484375	45514.7578125	34540.21875	17071.5078125	25008.41796875
P67603	360054.03125	329509.46875	385853.21875	338049.71875	432281.09375	342563.125	317695.53125	410107.375	451537.78125	458244.6875	391880.75	839492.9375	391645.3125	418604.25	416671.25	406283.46875	423096.34375	476692.25	371373.84375	401799.21875	357660.0625	411614.875	450035.90625	381187.53125
P67624	17104.6484375	18660.2265625	13298.0029296875	16707.203125	18693.783203125	15447.861328125	15149.2607421875	13233.4375	22354.669921875	12337.43359375	14377.337890625	38777	15237.3046875	18039.337890625	18789.28515625	15499.0166015625	20490.87109375	15429.3203125	14523.5693359375	14543.4267578125	8039.43603515625	13657.9208984375	13337.412109375	15757.4267578125
P67660	273659.09375	255842.8125	245488.4375	262375.375	302400.5	342782.875	292356.875	265938.5625	196770.765625	270859.4375	313145.15625	332094.4375	309182.125	271649.59375	265774.03125	281082.8125	266812.03125	247681.59375	281059.875	248499.21875	286111.8125	309526.84375	224157.3125	280941.9375
P67662	95907.4296875	70579.921875	89727.0390625	94957.1328125	64350.26953125	87517.625	71782.984375	78512.0625	74880.2890625	67278.8828125	85041.078125	94735.84375	64989.9453125	70729.7109375	88311.359375	77805.546875	85049.4296875	81460.46875	81231.3984375	83817.8828125	75462.515625	87221.84375	86701.2578125	93608.3125
P67697	18894.07421875	10466.5185546875	15152.3115234375	10860.4482421875	17906.087890625	17757.326171875	7536.208984375	14329.74609375	6501.19921875	13515.9423828125	20387.349609375	34034.76953125	17841.662109375	12113.2685546875	9045.640625	17532.732421875	11129.6455078125	13638.044921875	15975.7099609375	15681.3642578125	16624.009765625	12185.9501953125	12157.9033203125	17218.947265625
P67699	32028.96875	26757.259765625	39348.11328125	26945.54296875	31851.318359375	23557.02734375	50233.03125	45474.01953125	48631.71875	41996.828125	44316.88671875	112834.703125	37865.58203125	33583.0703125	33724.22265625	38369.22265625	25970.572265625	41987.97265625	18305.4765625	25877.173828125	24528.181640625	28106.548828125	32764.04296875	29250.568359375
P67701	158860.40625	150688.28125	129046.8359375	106741.1328125	94138.546875	63885.1015625	92688.4296875	129428.1328125	105373.96875	102760.015625	66854.7890625	22295.75390625	76641.609375	109202.5	77369.3203125	86527.1953125	95284.2421875	95793.703125	91353.5234375	110149.2890625	72433.25	89997.09375	116139.484375	85133.578125
P67762	48226.91796875	41188.3515625	37544.7578125	43893.29296875	37458.0859375	62308.66015625	41278.96484375	42121.921875	54579.859375	52284.4375	57459.546875	39327.51953125	47142.40625	44080.39453125	36622.30078125	43300.640625	36540.83203125	41218.390625	47396.35546875	40858.828125	41809.5546875	41366.8984375	38599.6015625	46234.80078125
P67826	207097.71875	192365.546875	191296.59375	183260.25	229922.4375	196291.390625	188636.015625	223018.890625	288704.5	209974.625	196602.375	422712	191105.34375	215120.03125	207879.609375	180088.53125	199722.5625	219364.25	188383.140625	190177.15625	187304.484375	206098.203125	209681.40625	184598.265625
P67910	3614923.5	3487235.25	3883159	3748381.5	3769227	3593777.5	3549755.75	3858207.75	3704354.25	3914696	3449710.75	5590591	3655828	3828285	3741352.25	3606011.75	3650887.25	4055746.5	3564392.25	3921596.5	3532441.25	3640065	4042988.25	3431660.75
P68066	12389651	9298641	12297790	9419900	17211388	29487022	5761491.5	9869154	14916211	20175352	8654509	19087838	10867479	8772816	12078541	12889318	13187769	14756126	11425467	10627884	9545820	10557933	11385158	10902505
P68187	342882.6875	385670.5625	577206	574011.875	267432.65625	364746.4375	606393.875	304159.15625	190768.96875	328438.75	371604.15625	291094.78125	362173.84375	321867.59375	602689.125	427015.5625	423574.15625	398819.75	305150.6875	598863.25	547129.25	641205.0625	559910.8125	523405.03125
P68191	3451151	3209098.25	3832947	2296298.25	4488653.5	3751852.25	3776241.75	4404113	6695624	4871946	3185613.75	8215448.5	3356458	2882003.75	3282545	3103259.5	3088498.5	3655852	2478919	3037714.5	2772315	2550502.25	2935322.25	2756594.5
P68206	3341050	3489869.75	478552.15625	480827.1875	4069590.25	2500537.5	4684569.5	4088399	5427674.5	3260861.5	3174404.25	11049979	2785166.75	2601001	441894.875	1038760.1875	496775.46875	934258.6875	685923.5625	745446.375	719174.625	356644.9375	741629.3125	519664.78125
P68398	20678.34375	13297.36328125	5203.84716796875	10119.9892578125	10069.9970703125	9706.109375	19585.447265625	9220.4912109375	8177.4990234375	6413.2314453125	12932.716796875	8201.0439453125	14176.35546875	6766.48291015625	4603.53662109375	8943.8935546875	8630.35546875	12441.52734375	10552.84765625	9529.8583984375	11367.2236328125	8861.0732421875	6143.32958984375	8785.27734375
P68567	50722.59765625	39879.4609375	41065.8671875	41735.48828125	42719.32421875	44897.0546875	57310.3203125	33335.734375	33356.98046875	28229.318359375	42317.0625	65004.2421875	46114.4921875	36187.1015625	37610.4140625	42540.18359375	39178.19921875	32378.8671875	38089.453125	38256.0625	33614.73046875	44932.859375	37224.265625	36113.4609375
P68679	10632292	9202668	16749101	11875799	15908965	13267761	11384991	15826440	21410552	16343724	10615832	25953600	11359816	11171402	16133306	17144856	15994408	19259334	16328318	15010259	13500945	11023933	15275985	13717833
P68688	144258.578125	140125.84375	208712.71875	130034.7890625	176290.34375	118948.3984375	150583.1875	166452.890625	203316.390625	174889.609375	163960.65625	299537.4375	169830.875	138601.609375	174226.140625	182676.5	160454.390625	175206.5	123262.5546875	177213.28125	146732	127429.5390625	156967.90625	174110.796875
P68699	55675716	52960328	15649994	24494708	36081332	52608984	51050892	25227462	10708033	27237878	53589336	89314032	52436104	41459284	13364625	30863530	26395704	28388080	30745826	15957810	29814482	24115748	22337122	26911334
P68739	350749.59375	336521.78125	250796.734375	290713.8125	237574.59375	295826.625	342419.4375	268907.75	176959.296875	252443.75	322052.5625	312429.3125	293777.84375	269892.46875	249520.15625	248152.234375	278278.84375	180792.71875	286337.5625	265805.875	280913.09375	250842	204225.421875	268415.65625
P68767	2915789.75	2889586	2628203	2671015.5	2605213.25	2803171	2989216	2686138	2157257.25	2771566.5	2974797.5	2741025	2744037.25	2827616.75	2541619.5	2699355.25	2660326	2534963.5	2735660.75	2672099.5	2623165.5	2632582	2582196.5	2698212.5
P68919	17409062	18163186	24756698	23795482	20349582	18180512	19108078	20761324	21109520	20898620	18095850	29223266	17587878	18470120	26379734	24852212	25921634	27118124	24269332	25430088	24441176	24217060	27002246	23986174
P69054	67489.796875	38274.625	NA	4591.439453125	28908.345703125	71604.1484375	35859.18359375	19803.46875	17073.826171875	19365.791015625	62032.6328125	52492.18359375	49313.765625	14084.26171875	NA	2978.37841796875	6196.44287109375	NA	6406.783203125	NA	5457.9091796875	981.125244140625	NA	NA
P69222	1211930	1111136	1185723.5	1342273.875	890542.625	1149815.875	1067432.75	829496.4375	789901.4375	827760	1321120.625	2399608	1048818.375	827120.5	1264034.375	1735526.625	1366447.375	1375483.5	1713944.875	1108240.25	1584328.125	1350371.5	1036209.25	1602267.125
P69228	519059.09375	478043.96875	632921.0625	621396.375	540993.125	477486.40625	527105.6875	521079.75	538172.3125	489464.53125	488601.03125	690579.5625	497574.75	520310.71875	672737.25	625826	627583.375	566207.6875	642455.4375	673835.75	645129.4375	642250.6875	664212.5625	619637.75
P69346	100940.0625	69516.796875	107477.1484375	70194.5390625	109636.6328125	96268.703125	83915.75	81882.8515625	112496.0859375	88841.4765625	81381.828125	269103.5625	86611.7265625	60909.30859375	95134.8515625	91954.953125	87394.46875	90972.3203125	83476.0234375	78569.171875	88013.359375	79592.21875	74321.9453125	87630.3046875
P69380	38222.484375	45265.03125	33848.81640625	65225.26953125	27558.619140625	38583.98046875	48958.31640625	38544.953125	29322.79296875	36714.3203125	42071.2890625	33751.68359375	38864.82421875	37950.01953125	28120.068359375	48501.8984375	32649.46875	32108.748046875	38072.7578125	15794.6513671875	46798.28515625	40573.109375	31335.251953125	23210.8828125
P69411	419156.46875	334886.3125	383858.34375	275192.03125	530558.9375	360825.09375	456221	536187.625	937351.5	488887.09375	376228.1875	918370	459135.75	452588.28125	404963.4375	372477.09375	376977.40625	421445.9375	260902	394543.65625	301726.09375	264412.25	409404.5	330423.28125
P69423	7633.81201171875	7265.0478515625	10767.6982421875	13025.9091796875	2097.86157226563	10590.140625	7763.16455078125	4447.17041015625	3489.96337890625	3249.59741210938	7285.560546875	3753.19140625	7235.16552734375	5305.23486328125	9862.8427734375	8705.28125	5125.6337890625	4564.6630859375	6040.919921875	6371.80810546875	12675.9248046875	10709.7783203125	6973.19677734375	8407.7744140625
P69425	766551.125	692605.6875	932400.75	741677.25	802713.5	788817.25	790540.6875	895198	1291115.375	873287.4375	877431.75	1840024.5	857141.1875	919381.625	886341.75	965130.625	806295.375	1181780.125	809398.1875	862696.0625	830348.8125	825852.0625	913464.5625	893837.3125
P69428	1504157	1551740.125	3020926.5	1880026.5	3590857.5	2715995	2208252.25	3785335	6095127.5	3449832	1683476.875	3213640.5	1918953.75	2489752	3587301.75	3529129	3516319.5	5223622.5	2249146.75	3652601.25	1970751.625	1547813.25	3594330.75	2037008
P69434	23664.173828125	8532.7236328125	3395.45385742188	NA	15689.1689453125	16584.478515625	8681.1611328125	25010.681640625	45337.48046875	19977.126953125	16460.087890625	18884.21875	16732.421875	26384.72265625	4872.67236328125	4651.52392578125	4853.38623046875	8851.38671875	NA	NA	4724.6904296875	4155.048828125	2385.76342773438	NA
P69441	18427376	17003736	16293389	11761681	28268220	21013050	15384051	24693918	39106896	24387898	21301304	41579504	21048772	23989938	17596248	17135542	16240330	21869734	14806722	16248237	13734874	14688283	18205890	13658703
P69451	733487.6875	827226.8125	253060.625	371147.75	617499.9375	594973.1875	700392	547568.3125	533954.875	598911	669353.25	585298.875	655598.6875	610087.5	211177.265625	317383.53125	221604.828125	176538.328125	295282.875	257707.859375	341038.03125	220941.703125	295908.53125	233794.546875
P69488	242291.765625	265198.9375	187289.203125	176875.515625	197251.109375	205696.71875	252651.859375	295838.09375	212874.875	245595.8125	262496.03125	520242.96875	319058.71875	332200	148339.578125	195923.953125	144717.1875	233469	177790.421875	203142.734375	237042.671875	199103.78125	264709.59375	198614.109375
P69490	44050.33984375	44707.1171875	44146.55859375	42156.5625	51290.296875	49535.1171875	41156.7421875	53221.15234375	72975.2890625	46774.16015625	54138.55078125	80343.1796875	40331.53125	48315.30078125	53408.1875	45277.3203125	45896.14453125	48267.671875	36857.6328125	47038.13671875	41257.76171875	42451.98046875	44664.7578125	47510.9453125
P69503	1383883.875	1189990.25	1569096.5	1660929.25	1510225.125	1284359.25	1478971.5	1319761.5	1784262.375	1490228.625	1567060.375	2475799.25	1572195.75	1306932.625	1890531.75	1844198.375	1569888.25	2291654	1811461	1901956.125	2054073.375	1813058.375	2075747	2187546
P69506	2601.0859375	3338.77783203125	4291.03515625	1886.23754882813	655.156494140625	NA	424.037292480469	3479.23388671875	5760.701171875	2722.85693359375	924.622436523438	NA	1561.44445800781	2093.09008789063	4367.80712890625	1217.13073730469	3013.91625976563	2974.11791992188	NA	3424.65405273438	1703.10656738281	1207.3447265625	3024.01123046875	1297.70837402344
P69739	1207.52587890625	622.474731445313	3314.64599609375	1814.52746582031	379.771728515625	999.953125	NA	827.436340332031	2826.74780273438	550.289611816406	NA	NA	519.914489746094	638.611633300781	2036.67260742188	675.304992675781	880.383056640625	853.681518554688	94.2065353393555	1417.27648925781	789.769287109375	2066.0859375	1172.58825683594	295.643157958984
P69741	36543.72265625	34760.34375	49318.77734375	35573.48046875	27591.775390625	26947.12890625	24725.466796875	42876.80078125	81742.390625	35480.6015625	26809.8359375	7009.3505859375	27555.759765625	35464.8125	32033.01171875	24052.025390625	31110.40234375	29305.5234375	13351.8212890625	36190.33984375	26238.029296875	32597.2578125	32014.08203125	26774.634765625
P69776	13133984	8696409	10139860	10458849	15219678	17480948	12279326	14538813	20803688	16162244	20254416	27652562	13336959	19841222	10198765	15605895	10691424	21685402	11493734	11613054	10929796	10162613	9905079	13712388
P69783	9203261	6601427	11566253	9122875	11544255	10062069	9462909	11132253	15583197	11418961	10567257	23793130	9755644	10399804	14409490	13630220	11057612	16564388	10390695	12392065	11920291	11795239	12582665	13365487
P69786	523156.46875	496830.5	1530329.625	1711231	464245.4375	551295.75	561854.8125	409273.28125	376474.59375	360753.5625	560299.9375	436659.25	487789	373408.5	1701265.875	1626847.75	1655960.875	1451315.25	1594762	1332849.5	1822661.375	1980464	1467107	1746600
P69791	30806.345703125	17926.380859375	25446.771484375	41199.02734375	13145.4736328125	12616.869140625	20227.68359375	23904.287109375	21105.65234375	15005.8935546875	13039.12890625	24266.095703125	20292.306640625	16231.2119140625	9401.2412109375	399.916778564453	20750.51171875	17050.236328125	16328.8486328125	2142.31616210938	9050.05859375	24738.537109375	1515.89428710938	11562.876953125
P69795	106291.5703125	101238.71875	70843.84375	64411.3671875	149889.265625	131487.53125	129009.2421875	137403.1875	165762.671875	153216.953125	114483.1875	150686.359375	105511.9296875	130739.1640625	84660.4296875	87264.359375	70083.9296875	86039.671875	66981.4453125	67250.921875	68340.921875	65621.0625	77293.8984375	71356.3046875
P69797	2132537	2334336.5	5850530.5	5087292	2397927.25	2397479.25	2114194.25	2418320	2521849	2392006.5	2201589	1868671.5	2476158.25	2370681.5	6082406	4563508	5459335.5	5372293.5	4044438	5561150.5	4995471	6026280	6066286.5	5105329
P69801	2592.33349609375	134442.34375	84775.171875	124378.96875	23860.939453125	82909.828125	27414.822265625	57529.7109375	20569.27734375	19266.201171875	15352.3203125	1245.59899902344	19009.994140625	18059.22265625	30319.654296875	50073.72265625	53039.5390625	36827.6875	45439.46484375	49596.08984375	55841.03515625	38876.35546875	859.345642089844	32820.82421875
P69805	767189.6875	826687.8125	1513767.875	1501692.875	644920.75	666634.3125	642208.375	588466.9375	614062.4375	544778.9375	622061.6875	584642.0625	654734.875	525390.4375	1405030.875	1204729	1473492	890355.875	1240553	1242765.375	1536107	1638131.125	1164086.75	1232353.375
P69811	161675.625	161310.96875	671369.375	648506.6875	187455.71875	164052.8125	243332.546875	191258.140625	193610	168686.109375	191192.5625	453146.65625	154764.546875	181629.703125	638082.5625	605024.9375	582683	693841.6875	521699.15625	729228.75	640899.25	632847.4375	727075.875	732324.125
P69820	13838.541015625	1468.19458007813	NA	22019.17578125	8529.474609375	12696.3857421875	13295.0087890625	14149.82421875	16745.314453125	9027.076171875	12369.1455078125	7622.5185546875	9191.814453125	9010.923828125	33964.80859375	27205.037109375	NA	37749.95703125	NA	NA	24493.72265625	7476.65771484375	NA	NA
P69822	88461.96875	88961.8671875	58633.86328125	66551.171875	93525.140625	111887.3984375	62563.65625	56190.64453125	64396.4921875	59184.4296875	70502.375	166949.8125	69989.1171875	55709.6796875	57456.48828125	56566.32421875	56445.33984375	37023.0703125	60814.25	48680.48828125	83992.0859375	79525.8046875	54075.07421875	66841.0625
P69826	718487.25	712873.4375	181619.171875	194866.984375	125786.484375	316263.71875	616757.4375	345852.1875	442834.875	626549.75	278208.6875	146133.71875	265477.34375	471730.21875	115177.6640625	127047.5390625	155958.0625	NA	109534.0078125	225582.296875	132537.515625	112891.640625	248967.546875	87134.4296875
P69828	5648309.5	5492037	2383596.75	1677141.125	4770529	4842867.5	3940608.75	5534200	5520981	5003280.5	4762093	6645664	4985988	5252131.5	1779991.5	1385681.25	1719572.25	1769948	1399448.25	1517403.5	1449852.125	1654570	1936221	1338584.75
P69829	441823.21875	400008.25	464673.34375	357974.15625	536906.9375	416000.40625	402269.25	490712.5625	575735.0625	454295.78125	457359.71875	875011.625	450458.625	468620.78125	454040.90625	440175.875	470324.03125	477550.9375	391639.5625	389614.21875	400601.34375	414158.5625	447296.875	376643.59375
P69831	6443704.5	6896941	1017010.75	1048121.4375	6487794	9091012	5089057.5	5239589	4430813	5047460	8041578	4280917	9110553	4492064.5	1285999	1105509.75	1337539.875	672820.9375	997900.5625	763689.75	1408143.375	1764767.125	914740.625	1188313.25
P69853	127807.9375	110351.578125	149203.359375	142061.84375	48275.1015625	72784.40625	46458.19921875	56935.82421875	48869.18359375	34906.50390625	92708.6328125	163241.3125	55235.5234375	44649.48046875	117851.3671875	127730.9765625	110769.265625	82674.546875	107241.5078125	102946.3359375	144044.734375	134490.65625	86418.671875	122720.890625
P69874	456737.21875	464107.34375	693279.125	707320.125	440942.40625	486324.8125	384338.59375	386781.96875	362237.8125	408238.5	416657.5625	393810.90625	421201.53125	366269.40625	646250.6875	657757.25	666126.125	598456.3125	672072.25	610937.3125	653308.5	677190.0625	617839.5	676245.375
P69902	125907.59375	126058.9453125	65577.6484375	61471.37890625	92807.765625	147898.78125	129261.359375	153021.609375	80307.6640625	147349.40625	135519.9375	125907.8125	161089.390625	126259.5703125	49442.453125	63111.015625	69031.4375	60191.58203125	84551.15625	60170.57421875	72819.71875	60798.4609375	56629.6640625	64597.9140625
P69908	6911253.5	7233198.5	3969705.5	6011654	4545674	6322175	9116620	5949289.5	3214724	4389490.5	6526658.5	7794311	5550796.5	4910544.5	3994753	6356261.5	4487102	4106496.75	3468158.75	4991525.5	5776977.5	6405227.5	2616192	4979936
P69910	1001722.5	904960	1280755.5	1217006.875	1044490.9375	623324.125	1371895.5	2312158.75	2190328.5	1538487.5	433835.28125	715688.3125	664260.9375	1296774.5	1015926.875	1206102	798998.625	2097321.5	442016.46875	1331071.25	403985.15625	572207.9375	936349.8125	650216.875
P69913	622616.125	582466.25	424874.4375	544797.625	372626.03125	447363.125	391155.4375	468811.0625	376809.78125	469792.84375	496506.75	777900.8125	529158.6875	486977.375	366835.9375	434359.40625	454873.375	461991.21875	470287.4375	484759	502967.0625	419459.46875	455573.75	516844.34375
P69922	502133.5625	422817.1875	219024.6875	214187.28125	531935.4375	501666.59375	496879.3125	506057.0625	525890.75	625406.5625	419843.6875	269477.71875	468374.03125	434401.4375	226829.71875	160006.484375	170666.3125	209488.953125	139951.109375	190174.203125	177688.71875	203593.546875	172736.96875	207675.6875
P69924	1113104	1124456.875	874366.25	861073.9375	906709.125	1000788.1875	1099628.875	899798.375	766854.25	907363.6875	978617.125	859681.8125	950963.5625	867186.625	796912.5625	836240.375	881765.9375	674091.3125	932194.6875	822681.0625	882984.8125	836587.6875	782788.125	840275.9375
P69931	102359.3046875	86254.5546875	112106.09375	94519.046875	131190.40625	106610.5859375	104254.8515625	107902.1328125	116515.078125	104654.3359375	104900.0703125	152360.609375	110539.6875	116234.734375	115144.625	108130.3671875	99617.9375	112996.6875	108974.4453125	91175.9140625	98657.28125	93307.6953125	94320.890625	93467.875
P71298	80149.515625	61714.38671875	59823.76953125	66098.5546875	51715.14453125	46008.453125	54547.41015625	51935.87109375	57539.94921875	51697.9609375	49740.6796875	25782.830078125	53521.6328125	48013.69140625	56077.59375	52941.15234375	56898.9609375	52975.26953125	56772.0546875	48483.99609375	64079.35546875	64244.859375	58937.73828125	56447.078125
P75682	50521.32421875	44841.4765625	20950.0625	19095.111328125	37958.38671875	24219.052734375	37673.3203125	32579.267578125	32878.37109375	39454.18359375	43626.16015625	59037.12109375	36574.5390625	39907.5703125	12933.55859375	14367.806640625	11542.4091796875	40944.859375	18585.71484375	9387.9560546875	23943.419921875	12551.7822265625	12822.154296875	20679.298828125
P75683	8867	10985.470703125	NA	NA	7154.919921875	5290.02685546875	12859.810546875	6623.17724609375	7382.42822265625	11892.884765625	7441.10791015625	NA	9503.2021484375	10843.2001953125	NA	NA	4531.4228515625	5327.47412109375	NA	4108.82421875	3658.56396484375	4326.48046875	6880.23583984375	5078.86669921875
P75687	14471.162109375	9808.2841796875	5559.4794921875	7300.76416015625	12179.75	13588.7490234375	17493.419921875	10114.048828125	19221.0859375	15178.09765625	15100.212890625	44009.66015625	12619.86328125	14195.7998046875	9258.6064453125	7805.5693359375	8384.419921875	7687.6025390625	8252.748046875	11405.673828125	10657.6904296875	10228.8388671875	8780.0498046875	9168.048828125
P75691	2687868	2802524.25	2091002.5	2214373.25	2249896.75	2343910.25	3575368	2841388	2316763.25	2646797.25	2692364	4087537.5	2733659.5	2752607.75	2212915.75	2448402.5	2186408.25	2822359.75	2287782.5	2413820.75	2316374.5	2124375.25	2210334	2462393
P75694	1310230	1024384.3125	797591.3125	605178.4375	1672715.25	1422095.875	1630740.5	1432545.75	1960876	1488302.25	1711784	4660901.5	1458496.875	1119109.75	879460.375	1112463.5	746739.8125	1104586.125	843309.625	791529.3125	799249.5625	636361	684778.6875	871871.375
P75713	147218.9375	171614.8125	111518.5625	115569.875	153583.9375	141770.875	143271.359375	162322.75	168231.859375	163464.3125	130532.640625	117892.0546875	145883.25	171164.046875	80401.078125	79219.296875	91777.6875	105222.90625	91843.40625	103720.0625	94677.46875	95765.625	103978.15625	85335.984375
P75728	333868.71875	318446.6875	326401.875	342535.25	311342.375	343542.09375	356386.65625	324798.46875	251305.265625	320838.6875	325167.5	212151.203125	321459.46875	255687.21875	337044.40625	327223.53125	336437.9375	239185.625	327727.09375	306964.3125	343105.53125	372896.15625	287944.375	311330.9375
P75736	443359.875	435763.46875	368946.1875	367812.5	443473.3125	396835.8125	366615.03125	458424.25	485188.375	464773.3125	400476.6875	723511.6875	410765.15625	436556.875	332219.03125	354104.5625	372511.4375	384210.53125	340972.40625	380186.125	360202.84375	351552.375	396772.90625	353931.65625
P75745	1410750.875	1397317.375	1270758	1266810.875	1643248.625	1600911.5	1704628	1595256.625	1452917.875	1770351.625	1486319.375	1528115.125	1485743.625	1688687.125	1169622.125	1198797.125	1271244.25	1169536.375	1226450.75	1389808.125	1148857.75	1149149	1313640.625	1169282.75
P75746	283325.53125	266381.09375	241851.21875	235464.0625	274627	318842.84375	278252.15625	275865.3125	334997.65625	289073.15625	286278.46875	528705.875	288348.9375	301909.90625	266565.96875	281051.90625	274071.5	225266.09375	230148.296875	265971.75	237996.578125	211345.046875	259804.28125	256589.765625
P75757	1393.96850585938	2010.1181640625	401.256744384766	1248.73376464844	NA	742.168701171875	340.079956054688	1369.10583496094	479.439453125	326.387664794922	NA	NA	932.442932128906	409.406219482422	342.282440185547	127.470008850098	446.841949462891	1.31608355045319	216.289489746094	64.9855194091797	842.398986816406	563.153564453125	281.650146484375	139.704177856445
P75767	123457.5	121497.234375	91114.7421875	88807.0703125	102513.5859375	96349.1328125	113691.1875	129232.1875	106944.765625	113629.6875	98117.71875	117284.9765625	116199.8359375	106442.5078125	75695.296875	73043.78125	90173.4765625	86856.671875	68976.1640625	86489.1640625	72998.6953125	67120.6953125	95117.1015625	78750.4921875
P75777	769677.1875	743745.375	618953.375	595014.875	678507.9375	772112.4375	719506.375	763752.25	811443.8125	745792.1875	698964.25	631354.875	689554.375	739922.625	560940.875	570355.0625	558881.0625	610964.1875	548210.75	613021.875	592883.75	569648.875	563109.5625	603505.75
P75779	73459.2109375	90700.3203125	135400.53125	145543.6875	64630.9296875	56682.84765625	99006.3359375	141672.75	86691.34375	110554.71875	57389.7421875	95996.6796875	83982.1875	95890.15625	137385.390625	86377.9140625	113341.8203125	102874.453125	164833.796875	168503.09375	171659.609375	145539.609375	73821.59375	198374.453125
P75780	156794.328125	149522.046875	353941.5625	362086.0625	121429.0390625	125784.7734375	235197.359375	273162.125	203700.8125	253864.625	164471.625	458568.8125	217294.65625	212060.875	419394.40625	247664.328125	335183.625	365099.3125	566929.8125	530713.1875	623733.8125	507877	158954.421875	760475.3125
P75782	93331.8671875	80023.5859375	86637.953125	89136.9140625	77801.0078125	101778.796875	50938.265625	60544.29296875	68493.9453125	65828.0234375	79442.890625	62059.53125	63861.6015625	58963.375	79056.1015625	86896.3046875	77870.015625	60798.7109375	79169.21875	60994.484375	77876.765625	85337.1328125	66598.1796875	81614.6953125
P75783	67746.875	78870.4140625	65564.2109375	70453.546875	56641.42578125	36496.4609375	63886.23046875	76158.3046875	75495.1953125	56905.06640625	77383.078125	73617.203125	53940.81640625	63939.03125	55203.99609375	61389.35546875	62873.4921875	87164.0859375	53594.02734375	68731.859375	50887.3046875	64248.359375	66823.9609375	46025.0078125
P75791	123297.2265625	130060.5234375	155449.921875	142094.6875	101956.8046875	114794.4765625	200569.953125	129860.484375	126176.765625	120583.2421875	133284.609375	211113.234375	129255.46875	149264.109375	154672.28125	131215.046875	164350.375	155586.6875	179556.9375	164764.34375	155591.375	133871.5	184547.859375	161866.890625
P75792	114378.40625	113089.625	134600.078125	135512.03125	113509.609375	120153.9609375	131255.921875	111735.1953125	100808.5	108032.15625	119266.5	136621.3125	114098.0234375	123310.9375	131132.8125	140915	135129.1875	148984.953125	150665.3125	138969.6875	142592.625	126381.546875	137790.421875	142484.703125
P75796	477434.375	453176.90625	460822.9375	434843.03125	498259.375	504175.25	431066.125	489960.9375	464670.84375	497933.125	458566.21875	317672.375	440528.59375	459061.1875	458464.4375	420440.3125	419248.46875	323033.5	425383.4375	444352.75	451242.375	442292.53125	440686.375	418044.625
P75797	543580.625	502283.9375	529264.4375	478084.5625	651658.375	622376.125	597035.25	764220.0625	915092.5625	704305.1875	563371	726585.0625	562532.125	681116.9375	572657	528785.875	525157	739368.9375	485625.96875	580882.1875	467601.5	500636.75	583559.1875	498611.09375
P75798	50887.72265625	50992.73046875	32233.189453125	45539.37890625	37028.97265625	43896.3515625	36103.91796875	33487.3203125	27305.365234375	27910.912109375	53059.84375	41104.62890625	44340.9921875	27367.50390625	31470.93359375	37210.484375	36584.04296875	13574.75390625	36911.86328125	31688.337890625	47207.953125	40648.8046875	24267.880859375	42103.96484375
P75799	597648.5625	920900.6875	134937.5	293650.9375	521218.09375	719276.875	619787.9375	434495	NA	447812.625	635448.125	541829.5	623196.1875	365954	191335.515625	174819.328125	192151.46875	NA	202861.375	NA	207744.25	185705.890625	NA	181977.1875
P75800	75913.1015625	70470.2578125	76813.4140625	93067.03125	34470.96875	54713.1328125	47894.66015625	34469.90625	39165.4375	28761.8984375	56032.77734375	37976.91015625	52816.1171875	33444.24609375	63226.37890625	68348.90625	63102.15234375	46928.90234375	73170.609375	51220.74609375	74594.4453125	92639.265625	57271.34765625	72497.9765625
P75801	22704.84765625	18998.193359375	23013.837890625	25808.04296875	12329.34375	10529.03515625	13653.701171875	14250.0625	17650.984375	12064.7900390625	14565.451171875	52009.8828125	14412.248046875	9796.7666015625	23210.423828125	24155.892578125	23273.15234375	20230.419921875	25122.48828125	21341.005859375	29827.369140625	29834.333984375	30379.12890625	25094.8984375
P75804	109007.5703125	159557.984375	76797.015625	89538.1640625	99612.3046875	85416.140625	142615.75	113958.4765625	110265.984375	108553.4609375	93381.703125	179769.796875	97103.7890625	118193.203125	76196.796875	78537.671875	96716.7421875	97743.9765625	88575.75	99307.84375	94166.625	81367.796875	79656.9453125	97190.265625
P75809	186971.65625	191405.5625	215952.6875	243369.4375	160040.53125	214673.953125	215277.453125	172732.234375	143921.328125	162526.296875	242430.390625	284495.09375	221914.8125	170489.5	222751.65625	233076.328125	210635.0625	217482.109375	223978.75	218653.3125	212888.953125	214480.875	205878.078125	249763.796875
P75811	38181.43359375	34433.58203125	17978.703125	25569.759765625	10949.7353515625	22257.9765625	29634.591796875	19905.87890625	13767.0234375	23225	22962.685546875	15066.6044921875	28991.201171875	25057.716796875	11802.853515625	11915.7314453125	12037.1044921875	6730.44677734375	16606.33203125	14874.6044921875	15210.1611328125	16191.982421875	12135.9638671875	11125.4287109375
P75817	34147.18359375	26550.09375	5731.69775390625	8046.48486328125	17242	26308.44921875	22593.185546875	11182.625	8814.3583984375	9208.1171875	23787.263671875	13400.7001953125	16990.111328125	10931.2451171875	11991.6396484375	3835.7470703125	8761.611328125	6333.19775390625	5361.33544921875	2839.16625976563	3973.22631835938	11577.583984375	1876.07702636719	5012.53857421875
P75818	3557935	3009173.25	2918793.25	2183045.5	4795107	3243835.25	3627232.25	4864568	6904194	4392832	4122558.25	11631416	3672168.25	4384292.5	3281376.75	3506263.5	3002352.75	4229720	2697436.25	3348040.75	2730548	2521449.75	3511146	2956604.75
P75820	101779.125	85022.2890625	80878.65625	78679.59375	111376.1640625	85025.3359375	103439.890625	112183.8359375	129404.78125	98078.4375	84935.421875	187509.96875	89212.546875	111639.75	99207.859375	98242.390625	86162.109375	96438.0625	72799.078125	83815.640625	75087.171875	83829.5078125	103717.7265625	79591.7890625
P75821	125133.375	114146.734375	102454.234375	102609.6015625	125419.8359375	98750.0078125	127059.9453125	119002.8046875	130130.4609375	118076.234375	109434.015625	79346.7265625	98325.7734375	128558.59375	95732.703125	88422.28125	95938.8046875	116880.84375	91780.046875	97691.3515625	87114.875	83916.984375	91859.265625	85102.6953125
P75822	599106.5	566194.0625	462481.25	461240.625	580308.0625	595323.3125	660136.3125	576780	536428.25	540034.625	531784.875	472218.34375	568470.5	573868.5	383198.96875	348948.40625	385584.5	407236.125	412340.9375	455477.78125	399008.0625	383966	419232.90625	445357.75
P75823	370808.4375	379372.84375	329575.40625	356221.53125	320457	411694.75	332847	370881.53125	353216.75	385421.96875	342374.5625	298440.75	364138.8125	358426.84375	334241.8125	321683.90625	360545.03125	302028.5	336066.65625	321721.125	334910.5	357962.375	373623.0625	317785.1875
P75824	27150.046875	28357.880859375	41035.21484375	30180.953125	26127.677734375	18716.578125	NA	28822.265625	34702.69921875	13837.53125	18125.26171875	19814.455078125	15423.947265625	29638.390625	38434.5390625	27438.30859375	36088.36328125	19400.869140625	11357.57421875	31267.771484375	29621.916015625	36952.87890625	31382.048828125	21257.4921875
P75826	2506252.25	2600061.5	23364772	20786664	2670697.75	3176494.75	4254826.5	3698156.75	NA	2235212.75	2640703.75	NA	2581405.5	3133733.5	30921294	19176066	17009318	19239136	12336819	19997210	21177288	28290804	17549734	21588912
P75828	184263.609375	206639	155196.78125	146114.5625	135049.953125	178451.640625	172655.15625	131195.109375	143962.234375	126530.234375	194027.71875	112493.7421875	167935.125	147318.25	142196.109375	119713.765625	156614.296875	93275.4453125	145265.59375	129007.6484375	157124.359375	153649.125	141237	131467
P75829	392536.875	287350.28125	752969.5625	780097	303814.75	536752.25	195935.15625	268514.90625	269213	260204.96875	390458.40625	225130.03125	393207.78125	212517.421875	637962	639985.25	784685.4375	382239.21875	710150.5625	666239.6875	911591.25	1060380.5	607854.8125	872359.6875
P75830	96798.5859375	90490.1953125	79433.7890625	84172	90392.265625	104970.6015625	92498.1015625	94921.703125	127248.5390625	91458.015625	92082.3203125	88517.8359375	95025.5625	89940.4140625	83177.0703125	82236.6171875	84781.125	103254.9609375	81128.8671875	80998.5859375	91858.4140625	86042.9375	81183.7734375	80148.2890625
P75831	98176.3046875	86779.6640625	87715.78125	85640.625	102822.90625	86023.390625	90279.5625	93663.640625	109066.2421875	103729.5859375	82988.96875	47795.81640625	86931.5078125	80984.9296875	84398.5	76028.234375	77982.203125	92313.59375	84356.046875	82942.796875	80815.8984375	84924.5	81925.2265625	72564.9140625
P75838	425219.53125	443624.96875	818772.3125	835837.3125	422517.25	494398.46875	499545.5625	469492.5	375940.84375	439703.625	449880.8125	371179	472113.125	416635.1875	832836.875	883160.1875	788596.5	739893.75	932986.375	743983.0625	809800.9375	736370.9375	755975.25	881899.0625
P75849	806970	710279.625	783419.4375	731833.6875	793125.8125	694453.625	683023.75	779748.1875	961388.75	791328.8125	744381.0625	1609811.625	760350.5	752562	853926.375	813856.4375	761358.1875	884884.0625	694119.3125	726756.1875	772371.6875	786724.625	821596.25	805686.875
P75863	354147.71875	376585	432076.84375	420600.9375	374407.15625	365184.8125	409490.375	407466.78125	402120.3125	390667.625	332209.125	327949.9375	335871.53125	397156.9375	416629.8125	398924.09375	424154.46875	414202.5	410860.875	417305.625	354694.3125	365172.5625	417430.5625	373502.375
P75864	571263.9375	628401.875	605572.625	647415.5625	506534.71875	578570.6875	499946.65625	463268.1875	478510.34375	503791.875	562016.1875	457567.90625	504261.125	471039.40625	587264.75	589924.375	605814.8125	482330.53125	601916.3125	595775.25	619362.625	583812.8125	563325.1875	577962.5625
P75867	183120.515625	182948.015625	195446.890625	218974.640625	165408.15625	207255.0625	206546.765625	181315.21875	157359.859375	171990.421875	192620.828125	134283.3125	184618.953125	182666.1875	213668.390625	212027.328125	209066.015625	223229.65625	218852.171875	194147.75	211280.0625	210447.40625	195853.234375	215331.40625
P75869	NA	35753.47265625	34684.9921875	9240.7626953125	60062.18359375	28833.46875	48130.2890625	56630.09375	32034.673828125	40325.61328125	47486.30078125	31327.34765625	50735.046875	34676.95703125	11119.138671875	35305.46875	64930.99609375	41937.25390625	65716.15625	35982.4609375	43719.50390625	59728.94921875	40357.99609375	70337.65625
P75870	45394.51171875	45623.328125	62791.9609375	76722.2734375	21937.3671875	44646.52734375	40412.19140625	30506.71875	40312.4765625	40924.5625	43597.3203125	17663.296875	33946.9140625	25083.9921875	51166.19140625	62563.12109375	53602.3046875	36107.95703125	66716.3203125	59731.68359375	62640.5546875	68500.6484375	49088.984375	68796.625
P75874	1394063	1325554.625	1406835.875	1513593.625	1045809.1875	1200307.625	1257561	1079064.875	884402.4375	1113536.625	1270673.25	2247651.75	1268620.75	1143530.125	1329897.875	1569236.5	1372700.5	1432716.125	1479889.625	1436515.375	1522569.25	1381360.875	1348637.25	1563465
P75876	300973.9375	277971.1875	389007.90625	388168.8125	334908.46875	338324.625	276932.75	282213.53125	321255.84375	306264.625	325206.21875	238151.453125	271589.75	300136.90625	380218.1875	382282.5	378309.8125	370107.9375	374830.1875	373042.59375	335703.4375	356570.4375	400342.46875	383311.1875
P75913	810148.6875	917484.5625	768205.125	897525	734135.25	773451	691524.0625	690690.875	636806.0625	775994.125	735108.8125	691224.8125	836057.25	801538.25	728716.5625	753506.875	893123.9375	695940.0625	885501.1875	816663.3125	846620.25	768743.6875	848503.8125	813541.875
P75914	724988.25	717480.75	722443.8125	742885.625	618254.8125	622846.5	624995.5	775589.0625	1009811.4375	728037.625	624976.5	1377526.125	665961.6875	740220.8125	641495.5	611339.4375	582440.625	719452.3125	519351.03125	634239.5625	574087.8125	660037.0625	786627.0625	580974.4375
P75915	718076.1875	573154.375	718938.75	578944.375	791960.6875	701913.3125	614078.875	729833.25	857247.75	731064.6875	743034.8125	1668596	690238.375	638501	759014.6875	813984.5	741649.125	839880.8125	789111.5	688240.1875	782767.8125	712704.8125	748348.8125	714808.25
P75919	66479.921875	63207.87890625	22743.75	32602.001953125	41104.765625	48929.21484375	78689.25	44008.23046875	37619.56640625	28931.537109375	47448.0234375	46794.9765625	45791.58203125	47933.66796875	35440.79296875	22119.775390625	35632.57421875	18382.15234375	40315.33203125	23011.451171875	43466.359375	25924.6328125	26795.35546875	26485.716796875
P75931	265527	247518.9375	201929.96875	230200.578125	214394.234375	223004.734375	223925.140625	175251.140625	175726.265625	133225.71875	192885.703125	170572.671875	183942.21875	201532.125	163726.078125	202745.28125	164573.40625	150504.96875	195954	168017.453125	177361.75	164084.578125	164507.296875	170610.453125
P75937	186212.59375	50650.18359375	77194.515625	46099.37890625	115957.8203125	47566.78125	75309.0234375	146189.203125	72923.21875	92418.6796875	201241.75	299423.40625	169123.484375	114806.3515625	34203.11328125	212571.09375	NA	27393.71875	111828.28125	29534.2578125	304291.15625	71336.9765625	NA	28891.857421875
P75946	54579.50390625	46102.18359375	27120.138671875	31622.294921875	44459.1953125	49688.6015625	45885.66796875	37046.734375	35783.58203125	44033.76953125	37900.29296875	72911.6640625	29923.763671875	29296.134765625	33706.4765625	33054.296875	40699.88671875	37152.53515625	43890.46484375	38460.2734375	29768.693359375	33651.68359375	42839.64453125	29742.17578125
P75949	456065.59375	428166.09375	495290.15625	457716	410475.5	386074.34375	399350.5625	400912.21875	405865.15625	399037.03125	391328.15625	677626.3125	391886.25	367403.34375	434655.125	460707.25	449682.84375	425293.59375	441484.375	470510.8125	454593.71875	459171.09375	483115.875	439887.28125
P75952	58169.8125	62052.01171875	73912.0859375	48853.6484375	69357.8828125	58061.27734375	77791.6953125	70678.40625	70327.5546875	65643.109375	70920.28125	110100.1015625	67089.2890625	71767.1171875	79848.5546875	74319.6875	73918.1328125	67551.171875	74524.34375	59153.03515625	59098.6953125	54323.54296875	78353.0703125	53461.859375
P75957	438549.4375	490427.9375	585282.625	621133.6875	437773.25	439852.40625	515487.5	418427.90625	461123.625	436843.03125	561223.0625	650510.125	442285.8125	496677.4375	567868.6875	597182.625	526243.8125	650374.5625	592609.8125	454032.625	553076.25	538605.875	507105.84375	542185.75
P75958	286329.5625	255967.203125	338517.4375	345621.375	309650.53125	307750.09375	339076.78125	353334.625	322834.125	328110.46875	317911	192256.015625	307452.8125	316734.96875	346664.03125	358982.71875	335629.53125	398080.96875	349668.71875	351636.84375	345998.90625	343084.90625	375240.34375	338870.34375
P75959	266276.15625	253454.265625	230976.46875	231719.40625	261931.734375	275153.53125	281424	288957.78125	336336.6875	296690.625	242104.140625	236516.3125	274406.46875	310063.5	225522.078125	204008.796875	235176.59375	232701.109375	178608.1875	216656.53125	182932.28125	191170.046875	215569.3125	177966.203125
P75960	492283.125	618562	482006.375	475332.8125	483282.59375	459925.25	434991.96875	535066.0625	604873.625	523764.0625	420125.03125	587112.8125	479053.09375	489800.375	425221.34375	378873.96875	452604.21875	460968.1875	349187.75	450643.3125	383108.96875	418819.96875	482025.375	394226.0625
P75966	213056.1875	210984.609375	209902.734375	208950.53125	249447.171875	222373.4375	210294.640625	226630.421875	229748.375	249693.1875	205166.890625	228132.65625	202498.125	225846.875	211782.640625	201540.828125	215200.859375	185787.21875	224497.765625	216671.09375	206848.296875	191347.90625	221623.34375	208835.203125
P75967	26601.171875	NA	20835.166015625	27431.44921875	29090.556640625	15669.1064453125	12586.7119140625	8096.26171875	NA	NA	25957.3359375	15171.5166015625	11516.4990234375	9103.0810546875	34284.42578125	27627.6484375	40896.19921875	35961.390625	42546.94140625	8362.412109375	15941.5458984375	20493.96484375	17687.734375	10903.974609375
P75968	33403.94140625	15135.63671875	NA	13363.078125	35323.40625	18603.77734375	21971.740234375	26683.203125	37056.60546875	35403.12890625	11334.685546875	NA	20511.646484375	13872.16015625	NA	6576.87744140625	7016.982421875	NA	NA	7633.720703125	9607.28125	8354.1328125	9004.4111328125	7762.46484375
P75974	117424.5625	105073.7421875	93385.9765625	105279.4453125	121564.5625	104731.3515625	112758.53125	118017.5234375	144928.265625	113868.328125	126610.71875	200435.5625	110703.1796875	128166.7109375	98316.9921875	118150.6171875	80987.5078125	120211.75	93373.6171875	115198.71875	99558.0234375	105228.0234375	122535.9921875	94397.5625
P75989	79914.8203125	74034.9453125	51061.43359375	68238.0078125	68305.90625	72660.6171875	84438.765625	71715.2578125	51330.65625	76779.8671875	82701.9453125	49085.56640625	71327.3359375	73322.265625	70623.6015625	63633.85546875	72178.2734375	53898.5703125	79929.2578125	69077.96875	66441.5390625	61839.0703125	68836.125	62119.546875
P76001	129705.3984375	131170.953125	119878.8515625	76638.484375	123645.234375	84044.5	110333.390625	98834.1953125	173032.96875	101596.5	103005.796875	208352.625	105910.390625	80127.375	91927.125	74022.5625	64155.8984375	55123.05859375	67972.90625	72386.5546875	58752.33203125	64552.69921875	69051.6796875	60338.765625
P76002	7823165.5	6207029	11810458	9603330	8711120	7716227.5	4140683.75	9144740	10183229	10290270	5911383.5	12696944	7979272	6567762	11198781	11234320	11191487	6761735.5	9295552	13347208	10786729	10033700	9283107	10599849
P76004	416389.71875	409974.9375	283005.625	300560.0625	336919.8125	369777.9375	362732.96875	340193.84375	375429.65625	365112.25	359261	606789.8125	316913.625	372162.40625	268936	291975.5	252888.3125	237905.796875	269875.90625	283790.21875	313555.4375	288218.28125	268896.78125	311885.5
P76007	69018.28125	64902.21875	79182.390625	95382.8203125	58016.84765625	52904.40234375	57984.17578125	58089.8046875	43149.13671875	50491.81640625	62521.6640625	48317.6875	59733.8046875	63185.82421875	86280.40625	89503.8984375	82114.7265625	64786.3125	87137.296875	76353.140625	81099.03125	79398.3984375	70448.5390625	78007.1328125
P76008	157587.421875	143079.125	166491.75	163186.953125	148704.359375	158344.4375	126849.359375	154497.53125	153030.546875	152487.40625	127732.3515625	96659.5703125	132709.6875	133419.015625	175464.953125	139476.25	177481.140625	134750.75	151632.84375	158503.9375	150520.46875	161625.0625	153531.109375	130231.015625
P76010	93132.90625	98431.96875	10627.615234375	9086.0302734375	43533.40625	46177.2109375	96208.203125	164554.703125	24782.90234375	57813.0390625	144525.4375	82924.2265625	104293.9375	127962.171875	6899.54248046875	43664.32421875	12190.140625	20224.689453125	19483.212890625	12014.8896484375	6387.4423828125	6131.20458984375	26471.373046875	10343.271484375
P76014	204885.90625	192830.046875	469071.28125	384422.8125	168338.4375	159428.84375	183436.765625	154789.234375	175058.1875	143889.28125	153385.0625	273783.375	142134.078125	141372.703125	386607.21875	323034.8125	401450.96875	339863.5625	355359.125	388358.34375	355306.5	369439.25	391003.59375	340106.9375
P76015	277306.53125	288175.53125	389065.8125	388836.25	259288.984375	283655.65625	291881.125	296716.1875	312272.78125	289519.625	274922.78125	333063.21875	257970.546875	283095.53125	326925	301652.9375	312385.96875	366311.03125	300043.90625	363077.65625	341217.8125	348343.90625	367107.9375	352765.9375
P76016	26496.65234375	24753.533203125	35785.91015625	49081.67578125	26384.669921875	10545.0107421875	37192.1484375	31763.767578125	25679.365234375	23203.140625	27470.51171875	NA	29679.20703125	29722.158203125	45794.4765625	44971.67578125	44076.5625	52505.85546875	45060.453125	55898.78515625	42410.203125	44204.21484375	46991.28515625	45822.6796875
P76027	938011.125	947234.0625	1463890.625	1270290.875	1097217.875	1005091.1875	699399.125	1086215.375	1424159	816821.8125	947190.9375	588104.6875	686290.875	956475	1257021.875	1144826.625	1067417.25	1077349.875	875001.25	1060045.875	1015205.8125	1337039.375	949336.25	1056225.875
P76034	321570.71875	324214.625	298766.09375	302044.5625	335134.71875	365751.0625	219415.53125	306877.25	322892.1875	297784.96875	317108.75	293732.71875	279657.15625	281224.53125	278299.625	276430.9375	295489.40625	250795.8125	288756.03125	284396.40625	297978.53125	312512.90625	271002.90625	261177.828125
P76035	147161.65625	158719.375	137432.25	152511.953125	127027.3359375	147621.5625	180964.65625	164333.0625	141553.1875	146968.84375	128857.6015625	86594.5078125	136780.1875	135388.78125	158392.78125	136665.125	150228.78125	147962.625	130000.015625	165994.8125	142352.75	140011.921875	146064.1875	157591.046875
P76046	179283.84375	167095.265625	141697.875	154510.546875	166688.125	171558.65625	177289.234375	144786.453125	120034.6484375	157418.453125	163129.40625	140205.140625	165064.453125	157363.125	140163.65625	143397.25	134852.015625	96178.546875	137145.46875	128269.4609375	141103.0625	143280.796875	125567.9609375	150505.03125
P76049	49104.12109375	37420.015625	28003.201171875	31621.728515625	36724.50390625	39621.23046875	44871.84375	44211.78125	29877.4296875	40315.41796875	31563.001953125	62190.23046875	35975.09375	41660.28515625	23442.46875	29501.11328125	22856.177734375	23879.396484375	19708.060546875	31812.201171875	27742.283203125	23209.833984375	18654.150390625	29382.0859375
P76053	41122.02734375	46653.16796875	64879.76171875	62110.13671875	39561.22265625	24458.90234375	32034.7890625	41638.375	62276.1015625	49735.6328125	33841.2265625	34712.65234375	34613.5859375	47734.95703125	61165.87109375	45181.92578125	55040.87890625	66265.359375	48388.34765625	68373.171875	50263.76953125	58749.40625	64180.13671875	51569.375
P76055	151035.40625	159930.703125	232146.890625	225493.8125	127826.8203125	141989.796875	149421.265625	136185.515625	155291.703125	141634.109375	155809.203125	217312.96875	142229.703125	134905.90625	212267.34375	231122.0625	225238.125	224440.296875	227014.734375	235427.15625	222977.203125	199157.71875	235430.71875	206528.9375
P76062	134480.15625	136512.296875	129866.9140625	119058.921875	135840.09375	130715.15625	140467.609375	141595.171875	171452.3125	116829.9140625	140468.484375	270530.78125	129139.1875	116314.3828125	122388.3046875	135615.75	116739.53125	150770.875	132634.734375	131466.828125	128704.984375	114134.2734375	131730.84375	128953.9453125
P76073;P76154	33837.1171875	22107.91796875	58595.61328125	52955.2890625	36136.703125	26833.154296875	30348.154296875	29510.91796875	69465.140625	32509.451171875	35313.21484375	65902.2421875	32089.01953125	31357.572265625	30366.5625	56557.3203125	29134.33984375	57504.5390625	38209.42578125	26398.9765625	35807.6171875	24689.857421875	41917.5234375	32932.10546875
P76076	50817.25390625	61746.2578125	73752.9140625	54731.36328125	54029.32421875	55374.1484375	43948.07421875	61888.26171875	61423.04296875	72885.6796875	51975.93359375	142566.9375	43627.11328125	60127.83203125	58397.37890625	44696.1796875	63675.48046875	54064.3984375	46841.390625	54185.1875	38361.88671875	42955.5390625	54509.09765625	50278.64453125
P76086	130614.5078125	153893.40625	117376.5703125	129738.71875	118761.5703125	150028.40625	131060.28125	114050.3515625	92409.625	130025.8046875	138042.9375	111921.7109375	115696.3046875	111832.6484375	115347.125	112847.390625	115860.21875	84646.09375	119172.6796875	113330.421875	112957.109375	115683.2265625	122416.34375	103892.828125
P76097	191064.875	188439.6875	58756.19140625	76492.140625	103675.1640625	174116.21875	281807.09375	172679.3125	189391.828125	154454.53125	132309.359375	300429.65625	131677.21875	153834.4375	41641.23046875	67294.3515625	42505.68359375	46611.5625	57683.05859375	78534.1484375	60861.44921875	19277.765625	63679.39453125	48081.046875
P76104	237865.234375	216664.125	389641.03125	336389.59375	258233.40625	271081.21875	168892.53125	234630.1875	272889	269049.96875	216305.921875	167313.78125	199877.84375	234320.59375	364918.09375	327870.03125	349353.625	358456.46875	308065.3125	340225.96875	280720.25	339113.53125	363990.65625	295646.1875
P76108	396405.25	418214.5	86432.9921875	113562.59375	329843.59375	355010.625	605849.125	476119.09375	523053.59375	434065.25	349747.78125	685350.8125	348284.34375	463810.375	75523.5546875	102348.515625	87185.9609375	123361.7421875	87933.6484375	112712.3203125	91432.5703125	66947.8203125	125782.203125	77415.9453125
P76112	158349.546875	164129.4375	197157.078125	167752.453125	158380.546875	181576.1875	158761.703125	155161.234375	134215.453125	133468.1875	194636.6875	282598.625	159821.546875	151040.75	172987.15625	171801.515625	146666.328125	110393.2578125	176167.59375	152163.390625	158297.578125	174723.546875	169158.390625	198721.09375
P76113	679439.6875	664577.625	571697.125	631871.25	672160	634648.0625	903200.4375	752320.3125	732228.8125	682873.9375	698108.625	767695.5625	656805.875	702504.375	558563.625	638285.875	577859.1875	678856.0625	561618.5	623371.6875	614758.5625	584714.1875	549419.9375	645495.5
P76115	79802.6171875	85431.7734375	78098.8828125	89278.265625	78222.1328125	65796.6953125	100958.828125	94664.640625	73397.78125	81960.3515625	100927.609375	201369.125	80984.1328125	91010.6328125	65787.5	96905.8515625	71922.0234375	107320.3125	99944.703125	89734.671875	84144.15625	66931.9140625	94741.984375	89955.2578125
P76116	4443179.5	4346447.5	3430905	4790528	3393052.75	4139993	6335120	6833768	4332130	5865503.5	4712113	7920352.5	5986946.5	5246437	5013332.5	4793483.5	5852613	5455542.5	6443738	6122984	7081140	5614484.5	2834199.75	7869836
P76121	56452.671875	35860.90625	13975.720703125	13358.279296875	31708.25390625	49323.4453125	75087.640625	29139.994140625	40520.12890625	26002.05859375	51361.9375	69270.34375	37947.8359375	31517.060546875	17804.611328125	20409.3515625	14262.1279296875	14719.2001953125	16720.78125	19533.85546875	13798.3828125	14633.193359375	NA	20428.337890625
P76128	56863.01953125	57854.625	24578.478515625	22978.552734375	63169.171875	62527.640625	86677.359375	67633.3359375	67923.3515625	72734.4921875	73797.8359375	107416.078125	57709.9609375	70817.3203125	20057.046875	24344.623046875	18435.841796875	30455.68359375	23885.435546875	23715.2421875	24726.376953125	18822.091796875	21182.2109375	26365.630859375
P76129	3950.71118164063	21679.15234375	NA	6367.06201171875	NA	NA	14631.8828125	NA	14751	NA	6888.80908203125	NA	23622.833984375	NA	5700.51611328125	3776.65087890625	NA	NA	3877.859375	NA	7233.3193359375	4394.64794921875	NA	2139.7109375
P76141	58013.91796875	29492.6875	26264.982421875	35792.0859375	52809	15425.005859375	39850.6953125	18868.591796875	34227.92578125	28946.26953125	39624.078125	21027.7109375	27227.609375	29499.66015625	33798.41015625	16954.2734375	20154.3203125	21429.86328125	26694.13671875	34070.8125	37100.625	19872.359375	21943.96875	27421.82421875
P76142	112985.4296875	106715.3046875	18182.36328125	31622.65625	117320.609375	115048.875	127706.484375	150227.1875	161493.296875	109040.7421875	112236.9296875	325676.15625	105209.4921875	116895.9921875	27857.40234375	42951.0078125	20962.896484375	41655.8828125	23349.078125	40919.82421875	29419.48828125	16379.2724609375	52815.05859375	26223.533203125
P76143	75755.890625	101120.0859375	27105.326171875	45171.70703125	57983.71875	80148.2421875	85407.546875	79395.6875	58407.24609375	67018.203125	61405.46484375	55697.70703125	59187.21875	65972	27040.607421875	39260.02734375	26766.310546875	34127.46484375	32724.998046875	36785.32421875	38832.62890625	27339.685546875	40569.44921875	30174.416015625
P76145	278838.90625	273046.75	162082.6875	178473.890625	245972.78125	206562.5625	246459.734375	246090.765625	269074.15625	251498.21875	218902.171875	544781.5625	226056.71875	282698.6875	143519.046875	155107.640625	150000.9375	180340.515625	163771.453125	182916.6875	170704.25	152639.28125	158774.90625	167640.875
P76149	54474.265625	73979.5078125	71803.640625	71833.375	54287.86328125	41352.56640625	57568.0546875	63828.59765625	75760.609375	53134.625	43201.8203125	35272.359375	54553.09375	62981.1796875	66990.7265625	57028.171875	55900.27734375	65027.26953125	50533.8515625	68229.46875	62751.45703125	48423.65625	65557.15625	52170.4453125
P76170	1045587.6875	892036.625	1051966.375	828132	1440352.75	1232228.75	966742.1875	1084408.75	1991718	1246079.5	1307941.5	2905762.25	1180968	1002514.8125	1059446.875	1020251.5625	917347	1095458	939291.125	984847.875	953046.9375	849489.6875	1005429.5	946836.5
P76172	339321.46875	262496.09375	351814.9375	283951.875	500548.15625	427257	399513.5	359046.96875	417492.59375	380174.40625	446667.65625	1370455	361843.15625	306834.71875	422167.0625	468222.125	325566.0625	477175.15625	334581.5625	341036.9375	361895.625	327542.53125	325817.03125	433577.1875
P76177	2938292.5	2600107	2817789.25	2556039.25	3623660.5	3136509.5	2901509.5	3511132.25	4950890	3357657	3241046	5798329.5	3146106.25	3309651	3094142.75	2805686.25	2799125.5	3509002	2609436.25	2918838.25	2746818.75	2778501.25	3131697.75	2757647
P76185	25241.5234375	20105.759765625	39881.74609375	37546.6796875	30916.51171875	26916.55859375	31963.474609375	34038.33984375	43486.5546875	29050.861328125	36620.18359375	29622.8046875	25147.208984375	32852.5859375	47931.89453125	41373.30859375	39895.37890625	56492.703125	35323.16015625	39919.48828125	32434.08984375	41726.95703125	37336.5234375	38587.5234375
P76187	912257	996623.5625	561738.375	763079.0625	859618.1875	1212386.125	995781.5	743053.9375	583786.8125	702421.25	953138.5	695694.0625	911230.75	613596.8125	689552.75	795733.75	743352.875	608802.75	669674.1875	567585.875	812185.125	797869.75	503132.125	761595.625
P76192	66506.9375	66382.5078125	49642.8359375	42995.171875	88939.6171875	76694.65625	42288.41015625	67623.625	144327.921875	56292.2578125	74388.3984375	41589.90625	61276.3125	85650.6953125	36288.8515625	28215.482421875	37877.96875	55245.59765625	37368.4296875	40463.9453125	30469.619140625	31303.939453125	50502.23828125	32703.896484375
P76193	672105	645503.25	661067.8125	630109.0625	945644.0625	777452.625	667197.5625	846477.5	1091462.5	806735.0625	632696.25	1160180	663650.0625	727865.375	700334.125	743802.8125	673067.3125	863977.5	606918.125	710926.8125	685873.75	623556.25	723368.625	623801.75
P76194	139789.203125	134377.421875	117709.7734375	157514.296875	165057.875	171878.46875	199503.28125	169232.40625	149798.734375	171481.46875	163568.875	249511.328125	199903.1875	178121.546875	133506.375	149521.515625	140152.90625	114332.71875	137709.0625	137947.921875	159133.1875	137284.390625	129159.2265625	167464.09375
P76204	29223.708984375	36886.64453125	21099.96484375	25934.421875	34794.66015625	33637.890625	16498.560546875	28741.40625	33616.10546875	22163.859375	26318.84765625	27376.2734375	34775.38671875	27513.6640625	20848.818359375	24004.7265625	21200.060546875	31076.4140625	26166.724609375	25319.49609375	26452.259765625	17000.099609375	24313.45703125	25540.240234375
P76208	36847.32421875	43399.32421875	118070.8671875	96271.078125	108902.28125	74152.0625	59111.5234375	131851.984375	271533.75	122189	44967.28125	25746.404296875	47728.76171875	131314.34375	71262.6015625	61932.3984375	63267.56640625	151412.96875	36879.31640625	103670.4296875	17453.03515625	30225.548828125	101660.4765625	46324.02734375
P76215	38993.8828125	NA	NA	NA	20856.306640625	28887.1015625	31938.455078125	NA	NA	NA	NA	NA	18557.587890625	NA	NA	NA	NA	NA	NA	17137.04296875	NA	NA	NA	NA
P76216	12359.068359375	13001.6142578125	NA	NA	13080.6533203125	16051.16015625	14679.2919921875	14261.82421875	22464.087890625	9735.103515625	10145.623046875	17262.287109375	NA	16014.5322265625	NA	NA	NA	NA	NA	NA	NA	NA	NA	NA
P76217	45000.13671875	18818.3046875	NA	21959.46875	39273.48828125	49600.171875	48118.0625	27715.2265625	46679.265625	35271.359375	35826.375	52779.32421875	31102.421875	42665.8125	NA	19284.095703125	20393.18359375	NA	16208.6494140625	NA	NA	NA	28838.50390625	NA
P76220	182441.953125	157331.390625	283972.96875	237887.234375	194093.78125	158567.796875	98050.0234375	220144.328125	333786.125	144212.125	159891.71875	269440.9375	131106.28125	166344.765625	295560.375	220219.96875	219891.34375	283305.59375	181593.765625	240972.40625	216204.515625	262926.625	250584.40625	230510.015625
P76222	115276.3203125	63072.23828125	152854.953125	137684.84375	136933.75	118426.1015625	85231.734375	121558.0546875	100095.296875	102066.2578125	111156.2109375	108934.0625	78621.5703125	86431.734375	125504.1796875	102621.5078125	105967.6953125	82866.078125	110398.0859375	127729.4921875	134802.484375	138321.78125	116416.0078125	128958.921875
P76223	133032.875	114048.0703125	217869.984375	203678.78125	121247.0390625	122000.09375	111142.2734375	128240.2734375	149963.5625	118319.75	116655.0625	161718.140625	106013.4453125	136412.03125	223394.625	190737.71875	192582.671875	220868.890625	150401.390625	191320.5	181255.96875	221846.609375	203695.03125	190985.390625
P76227	178991.59375	163406.390625	91752.03125	90599.0078125	243592	158795.265625	212173.40625	278152.53125	304000.96875	213126.390625	256827.796875	467741.28125	223287.328125	240328.40625	104558.625	102160.890625	97192.6484375	102288.8203125	102347.5	87517.6328125	80523.0546875	75003	79339.9921875	91895.453125
P76231	46922.08984375	48966.14453125	58619.81640625	50742.64453125	32055.28125	33645.0234375	51122.59375	40453.625	53052.5859375	51502.234375	33256.91015625	30810.05859375	26962.513671875	NA	51595.984375	38930.2421875	46531.59375	38939.69921875	39675.9765625	52713.2265625	43659.5546875	41326.24609375	55653.65234375	31716.3125
P76234	183303.03125	130091.6015625	119701.1953125	108047.875	189909.453125	183887.6875	155017.359375	188192.875	149788.625	128209.2109375	153777.03125	243984.203125	121873.65625	163254.125	112968.9765625	126352.828125	122361.6796875	163512.90625	136266.90625	113220.984375	96567.4140625	93481.7734375	130487.765625	119597.25
P76235	135242.03125	139325.921875	132320.359375	173328.828125	138517.03125	137530.125	233942.640625	200633.109375	142629.359375	142275.234375	141551.578125	113931.5078125	128325.6796875	113392.859375	128328.296875	113615.5625	115495.390625	159002.234375	119065.5625	125854.109375	135455.078125	100237.9296875	130402.6953125	105718.9765625
P76237	112214.53125	115765.5859375	63921.02734375	60869.515625	109414.6953125	127397.515625	121872.40625	97653.2265625	104697.7109375	99917.2109375	115779.1484375	96376.8359375	105907.3203125	101091.9453125	58180.19921875	70856.296875	62125.66796875	74867.75	62792.203125	67467.9140625	61010.48046875	69229.515625	56222.859375	60102.7421875
P76243	221546.203125	193196.0625	193661.484375	155393.25	236932.890625	207048.5625	170932.65625	228201.8125	334725.25	222432.09375	210612.578125	435127.25	195026.078125	209620.859375	184203.53125	192565.1875	183824.03125	204846.171875	168109.75	198032.75	183132.515625	180117.859375	191179.15625	176838.640625
P76245	63508.66015625	66679.96875	61635.3203125	76031.5625	45114.61328125	58297.58984375	62223.06640625	30744.96875	43950.734375	48398.703125	54649.9453125	61787.87890625	50900.95703125	33900.26171875	55371.20703125	54729.71875	62112.02734375	48908.4140625	69061.484375	57017.2578125	68613.7265625	62883.01171875	58313.10546875	69071.75
P76250	70950.3984375	68711.4453125	44670.8359375	38166.4375	81925.296875	77309.5703125	93646.4375	74860.234375	59138.65625	72784.890625	76608.1484375	34409.80859375	76521.9296875	76715.1484375	39883.80078125	33446.296875	38434.1796875	28580.2734375	42463.9609375	40749.3046875	34946.2734375	34927.44921875	34280.84765625	36738.59375
P76251	87154.625	74189.09375	51487.08203125	66158.03125	61042.44921875	76519.90625	85040.6796875	47965.9609375	47175.6875	64255.44921875	81234.421875	72603.859375	81522.78125	62727.2265625	59259.52734375	59622.515625	54573.0859375	37395.1328125	61298.49609375	47328.58984375	64044.44140625	65554.0625	54838.390625	67665.9921875
P76256	956301.25	813480.5625	925310.4375	980605.8125	945743.125	1050525.25	815270.75	944279.25	801896.125	861454	989298.4375	1908149.125	934672.0625	868191.8125	998379.625	1116489.375	1058580.875	1131463.25	977841.5625	911432.1875	1029990.375	982592.6875	894854.5	1068510.75
P76268	868327.5	905346.4375	515991.53125	601517.625	778369.4375	965471.875	810455.375	673329.5	545800.25	695358.75	961883.5625	909253.75	849983.1875	634284.6875	520681.25	596344.125	624966.9375	391519.96875	631420.3125	508004.46875	632545.875	631204.375	485780.375	619638.9375
P76270	617191.125	550551.75	589061.25	629926.3125	595735.3125	580559.0625	593289.125	468671.65625	475928.15625	499906.96875	606873.625	1221467.375	555900.5	483149.15625	571171.1875	639872.125	588670.25	561944.75	712231.625	639312.875	672608.6875	631523.5625	638351.25	682963.8125
P76272	256070.46875	244576.703125	259178.109375	275206.21875	262833.71875	271727.96875	318927.125	289392.375	301193.0625	300184.25	266473.46875	172585.421875	268158.84375	285609	244630.875	267406.71875	255030.96875	328377.5	257827.84375	272021.3125	261874.140625	258140.671875	278445.5625	277709.03125
P76273	88553.5546875	85033.34375	122248.515625	127421.390625	93386.125	87541.4375	86064.71875	101229.921875	98476.53125	104507.3515625	73192.1875	43872.953125	82535.5703125	83907.28125	112473.640625	117598.875	119272	129114.8515625	105092.84375	114795.0859375	109830.421875	90583.2734375	130092.984375	103904.9609375
P76290	433228.40625	460815.96875	519011.40625	472088.21875	489401.4375	477020.03125	420522.90625	427169.625	467091.6875	469452.46875	481246.65625	511262.71875	462488.84375	449849.40625	478018.90625	464500.71875	449830.21875	494232.3125	473396.34375	478049	452983.1875	448032.75	505060	438707
P76291	153837.5625	141987.046875	155250.5	170378.1875	127595.4296875	142378.875	129960.9609375	118843.7109375	97280.0859375	129728.171875	125044.6640625	118896.0234375	132264.9375	111960.1953125	148354.5625	145684.90625	154527.15625	91702.921875	155434.34375	140269.671875	155115.921875	155190.09375	131268.703125	142450.359375
P76316	1995113.75	1904109.5	2006523.125	1862167.75	2145739.5	1978751	2026162.375	2103024.5	2117566	2072517.125	1888478.875	2282098	1874055.25	2117153.25	1950555.875	1852264.375	1817649.625	1899179.25	1620539	1807319.5	1789208.5	2015886.875	1879999.875	1876113.375
P76323	7207.79833984375	11391.943359375	9262.5849609375	10601.818359375	1396.80712890625	4881.6552734375	9897.794921875	9026.736328125	6788.02392578125	12128.8486328125	7169.67919921875	10176.0478515625	8540.23046875	10998.4365234375	10761.84765625	10290.5048828125	5710.666015625	11951.732421875	3233.48852539063	9929.4853515625	5703.6708984375	7804.3935546875	4673.59423828125	3067.083984375
P76329	91461.5546875	95527.0859375	48004.14453125	53297.79296875	62130.70703125	88239.1484375	110893.21875	66991.734375	56690.671875	70035.3203125	86504.7890625	127404.078125	76579.4765625	63099.1484375	40592.29296875	56989.9296875	45997.26171875	33583.06640625	48200.453125	48346.625	64645.44140625	51188.37890625	38443.98828125	46109.890625
P76330	91619.2265625	83590.7890625	55448.59375	59290.5390625	82403.640625	102177.7265625	108542.421875	67521.109375	61303.80078125	69976.859375	83835.0703125	69742.4609375	78133.5	57025.59375	62026.26171875	60179.2734375	59784.19921875	53510.9609375	62692.03515625	56108.68359375	63320.03125	58455.703125	41852.04296875	64423.81640625
P76339	32413.6484375	34690.0234375	28571.2421875	40719.91796875	26373.0546875	36260.80078125	25994.787109375	11265.978515625	15785.318359375	21731.23046875	20412.3359375	9131.7841796875	25450.212890625	14069.955078125	21882.263671875	29575.8984375	36044.84375	19686.8359375	34642.02734375	24579.66796875	34294.5546875	31264.595703125	29119.61328125	13483.5966796875
P76340	103296.265625	91126.390625	52705.1875	70399.671875	37760.3203125	95031.59375	85536.890625	49543.32421875	21437.337890625	48407.6484375	93472.421875	59459.08984375	87119.796875	33201.5	55144.71875	68335.265625	63944.484375	11379.2841796875	97240.375	50639.53125	68966.984375	55631.375	44941.28125	72859.921875
P76341	93267.4453125	90247.125	79062.7734375	67357.2578125	80639.0078125	65242.2578125	97791.15625	106186.5234375	169476.65625	90390.4140625	87965.90625	192690.140625	81208.9921875	93316.171875	58377.52734375	52402.40234375	62687.85546875	72897.5703125	40768.92578125	66070.2890625	68391.796875	58950.640625	84857.3515625	57700.96484375
P76342	334097.1875	323321.15625	284459.53125	305741.46875	401888.875	368398.34375	396430.96875	381253.1875	416446.03125	375025.40625	363903.46875	355173.125	337570.84375	376528.53125	337159.71875	325377.34375	307705.8125	296191.3125	293990.71875	333212.75	317287.34375	319779.0625	285777.59375	318340.5
P76344	16075637	12263984	50584192	41275776	25527748	30676124	3054174.25	13491448	16984020	24679426	8513098	18158926	16555725	8519559	54672300	51025400	54086684	12945768	38757660	55876652	54584808	52899196	32288982	51563072
P76346	747694.9375	707246.3125	195125.640625	198417.875	628688.75	670648.125	791103.25	635457.4375	547726.625	598593.1875	716011.5625	1158620.25	669443.9375	567428.375	220926.375	198189.3125	213881.84375	189571.5625	201107.6875	194185.265625	227486.09375	225294.828125	213723.6875	204281.765625
P76350	80440.90625	73973.296875	113074.6953125	157957.859375	55290.6640625	49621.20703125	127251.46875	105268.3828125	56944.77734375	84600.0390625	74052.765625	64086.6171875	80181.125	79538.1796875	143909.15625	143934.90625	150123.921875	177225.671875	210672.609375	139736.78125	188971.109375	147728.234375	99007.015625	200366.78125
P76361	39683.3203125	29562.43359375	44017.24609375	37112.95703125	12657.0419921875	41733.98828125	78274.9453125	54466.15625	NA	35257.453125	55429.60546875	44505.69140625	47928.2890625	49756.87109375	65354.2421875	36061.9765625	43028.8359375	35573.3046875	40954.1015625	37895.70703125	34693.640625	NA	44685.21484375	40768.1875
P76372	1347551.375	1214283.25	1471116.875	1322378.875	1639365.375	1508432.125	1441267.5	1684820.125	2474629.5	1680884.875	1475568.375	1529498.75	1310154	1615241.25	1492701.25	1423224.5	1353624.625	2037751.375	1400776.75	1552647.5	1326673.5	1362331.875	1767466.625	1385228.5
P76389	423835.3125	505256.53125	371918.375	384413.8125	388674.8125	421010.0625	511686.5	420039.75	416168.09375	444021.75	453930.46875	249087.46875	410083.34375	498751.03125	341234.59375	324665.46875	333542	254673.15625	306858.6875	317566.65625	373395.03125	346736.875	322779.84375	288990.78125
P76397	139371.796875	126801.890625	137152.890625	146047.78125	131359.65625	131167.84375	141830.40625	146112.609375	169127.359375	138787.484375	129322.3359375	126748.171875	124630.7421875	152901.140625	144332.546875	143896.703125	133255.171875	190449.328125	149907.953125	163895.21875	142885.6875	147788.53125	161021.765625	165633.03125
P76398	12580.751953125	11280.2607421875	10516.466796875	10413.162109375	7888.1630859375	8902.2431640625	10428.1748046875	10140.6162109375	10634.798828125	7741.27001953125	8913.5009765625	12550.451171875	8906.4130859375	10208.7822265625	7715.591796875	9747.60546875	8655.33203125	10113.4521484375	8615.3212890625	6932.2607421875	7638.35693359375	5731.1357421875	6818.7744140625	10604.4755859375
P76402	851916.875	772457.5	334213.75	352070.875	848079.5625	716993.75	904119.3125	893768.25	1027867.75	799846.375	802192.375	1543787.75	781865	825384.25	408714.21875	465001.375	418544.4375	462781.5625	346396.40625	406644.3125	398496.78125	374401.1875	402631.8125	360645.90625
P76403	672243.3125	718028.5625	851500.1875	793244.125	624333.75	631139.3125	545405.9375	583715.5	617998.9375	665815.0625	623634.125	507541.09375	599517.75	546852.3125	727443.4375	705481.25	752548.0625	572105.4375	757072.3125	698681.375	739138.1875	736464.75	696048.75	706800.5625
P76406	172284.640625	181275.828125	70607.5390625	57328.72265625	130143.1015625	161623.234375	163518.75	207490.40625	267589.40625	185667.703125	169953.53125	416278.75	201123.9375	170134.75	74904.4140625	84103.7890625	91609.40625	103698.5546875	77771.5859375	72410.171875	74948.9609375	63393.3359375	85816.265625	80314.046875
P76407	30126.01171875	33462.84375	34998.875	22417.939453125	36030.609375	36363.2109375	62522.25390625	45119.9375	48088.59765625	41366.359375	33005.3828125	31771.869140625	26042.794921875	35764.14453125	35816.66796875	26466.509765625	26080.283203125	29321.458984375	21129.083984375	25278.794921875	18294.1171875	20993.216796875	29992.162109375	17657.73046875
P76417	20846.099609375	12235.345703125	5871.82568359375	6890.21142578125	9825.1103515625	9012.80078125	20060.40625	12987.1435546875	10873.3828125	7764.33837890625	15221.6923828125	NA	12556.1640625	15418.8310546875	3871.447265625	8299.0537109375	NA	5179.5029296875	5912.83349609375	5344.00146484375	7024.998046875	8197.5283203125	3005.53491210938	NA
P76418	101813.4921875	95841.5390625	84751.2734375	73158.1953125	73821.4375	79585.921875	92027.953125	69042.796875	65504.5546875	64315.5078125	93680.3984375	76326.3984375	72505.96875	67097.1953125	67010.515625	68814.765625	64395.0546875	49150.01171875	72971.203125	69619.5859375	72306.5625	74002.546875	60256.28125	72294.0078125
P76422	936834.5625	942653.125	759180.75	761995.6875	842183.125	976166.8125	1213278.375	988130.1875	794461.6875	921060.375	991572.8125	1275748	943535.375	936214.8125	760485.875	728299.5	787406.3125	752873.375	812758.75	739781.8125	737868.375	679007.875	801421.125	725199.875
P76423	419838.4375	479598.21875	346351.4375	323764.71875	403189.15625	480049.09375	564330.125	467236.09375	363328.9375	380385.0625	456362.90625	636152.1875	479816.125	431743.125	349507.40625	360479.25	374520.1875	354817.09375	377113.90625	353971.25	367171.03125	353234.34375	329036.40625	368771.40625
P76440	356258.875	305244.3125	118153.609375	94800.1796875	651688.4375	475782.90625	136900.953125	316259.375	880432.4375	311990.46875	391173.46875	317831.9375	293940.625	411237.4375	124033.5234375	88336.5859375	119995.515625	107789.6953125	31058.4765625	121960.140625	75099.8125	111240.484375	118869.03125	48538.53515625
P76445	95983.8203125	104283.734375	166547.75	185307.78125	78078.46875	102321.296875	107748.359375	82343.328125	59450.62890625	92465.0703125	86773.2734375	48942.78515625	103047.0703125	74553.296875	136103.125	159646.453125	150104.6875	117961.1640625	205104.625	154257.140625	202798.296875	147079.609375	150158.328125	169830.609375
P76446	58160.28515625	52647.15234375	28443.02734375	36362.76953125	36723.90234375	36853.390625	51985.2265625	35610.359375	29305.58984375	33650.3125	44200.75	33335.375	48498.9140625	42295.2578125	27367.232421875	29835.83203125	32379.025390625	22890.609375	34183.84765625	24575.701171875	32725.865234375	30892.65625	25228.224609375	28404.41015625
P76469	NA	59321.5234375	148264.15625	175596.859375	78943.5	96325.015625	96606.375	109254.59375	75771.6640625	124751.171875	84646.9453125	24941.873046875	105305.0625	140946.390625	134142.4375	96340.0703125	85087.1328125	134702.34375	100115.5078125	93316.890625	113081.5546875	93460.65625	109017.0078125	69449.6953125
P76472	394234.15625	326390.9375	103222.890625	137743.25	450395.96875	447509.96875	661355.375	628211.6875	464832.25	432589.84375	558819.0625	2193756.75	399515.90625	400539.6875	138344.90625	206578.53125	119093.328125	245012.421875	166831.5625	238939.015625	201912.046875	104458.484375	224411.203125	170875.375
P76483	56471.140625	35220.71484375	16604.330078125	NA	48150.83984375	46876.16015625	27685.994140625	42735.81640625	109891.1484375	43813.9375	31357.572265625	23066.6875	18790.3515625	29241.84765625	14371.1171875	11968.78125	4993.21923828125	NA	NA	17662.318359375	NA	6562.86083984375	8207.61328125	NA
P76491	90377.7734375	90656.2578125	116548.21875	124297.21875	80784.234375	71675.84375	85243.859375	87475.765625	80373.9765625	83461.9765625	82698.390625	83526.734375	75557.8515625	90050.8125	109562.3046875	120790.265625	124072.9453125	109238.625	103850.796875	103165.0703125	114228.265625	112698.921875	112884.5703125	112848.1640625
P76502	302751.625	335174.1875	392265.3125	335505.28125	486152.0625	397830.71875	433723.59375	490664.71875	467412.40625	474285.1875	321752.78125	543777.125	411584.90625	399784.53125	464715.625	456751.90625	428608.34375	497719.5625	374067.75	392969.65625	391318.0625	333093.1875	448142.8125	368925.71875
P76503	1473322.25	1571858.875	232527.84375	281936.46875	1620880.375	1514071.75	2099270.25	1732983.5	1878392.875	1880910	1447281.5	1360817	1561422.75	1798446.375	204453.109375	277636.5	241633.859375	234157.15625	286363.03125	290815.53125	256990.984375	234428.890625	353014.40625	226299.8125
P76506	2399874.5	2052473.25	2121162	1902157.75	3152551	2714016.75	2267042.5	2745613.25	3621229.25	2628816.25	2834269.25	6237022	2765079.5	2772914.25	2418213.75	2440083.25	2264002	3032261.75	2259422	2350872	2219818.5	2230295.5	2697143.5	2298152.75
P76507	142418.21875	165126.828125	124931.2578125	90063.6328125	54921.58203125	117858.046875	141122.203125	71278.71875	105408.328125	99450.796875	139046.15625	90666.2890625	151308.984375	60212.11328125	71524.7265625	96610.2421875	116172.75	79311.375	65668.9375	132606.953125	151285.578125	88596.265625	231692.859375	92541.34375
P76520	29405.568359375	31858.55859375	18059.048828125	16824.935546875	20868.935546875	27528.484375	33896.203125	40008.37109375	34934.06640625	37138.984375	33107.73828125	64321.28125	42057.87109375	36912.50390625	17373.373046875	18481.2265625	20854.548828125	17389.623046875	20760.498046875	18419.5078125	21699.37109375	17240.908203125	17345.359375	21840.82421875
P76535	58404.59765625	50020.74609375	30450.58984375	38326.75	43158.65234375	53644.19140625	49752.67578125	42761.8203125	40640.04296875	41779.18359375	58156.3203125	39786.40234375	50762.87109375	47881.1640625	32407.76953125	30428.330078125	30446.861328125	20236.8671875	32304.654296875	30915.63671875	33611.9375	36658.984375	28592.1015625	27889.587890625
P76536	1257601	1263648.75	1707107.125	1695364.5	1092967.125	1265198.75	1044630.5625	1115740.875	1087880.625	1148262.875	1149040.5	1409210.75	1219135.25	1172984.625	1684302.625	1485805.375	1605234.875	1683824.5	1381530.25	1619408	1571029	1730145.375	1653753.5	1681180.75
P76537	626629.3125	641348.5625	616343.9375	464099.375	729701.5625	543699.75	610398.375	700269.5	1195286.125	621480	643796.625	1613872	703855.5625	678475.5625	623595.3125	543738.625	542840	607097	501060.4375	568713.9375	516329.75	515486.75	620142.5	505548.90625
P76539	111604.7421875	101636.609375	110610.515625	101826.765625	109163.015625	117929.5546875	104313.5390625	105049.4921875	137958.078125	120845.0625	123597.109375	293817.875	116879.3984375	127092.5703125	96418.1640625	108897.3203125	85626.1796875	97264.390625	91557.1796875	104612.453125	93092.171875	98819.4765625	108264.921875	103720.6171875
P76540	9856.4560546875	6821.32763671875	13769.3583984375	5438.29345703125	7882.16064453125	6291.42822265625	6535.423828125	7502.76611328125	8259.5068359375	9914.5888671875	4045.16015625	13956.8056640625	7458.91455078125	9606.041015625	8659.607421875	2582.48193359375	8093.890625	6533.7900390625	5265.3427734375	9870.6826171875	5612.2666015625	6639.7568359375	6443.24072265625	3096.55590820313
P76541	301969.6875	288072.9375	265212.21875	240354.671875	362291.65625	392099.03125	343518.15625	326152.375	333663.0625	345398.9375	390521.125	593698.3125	312683.46875	333810.65625	215308.859375	296640.84375	265389.28125	302208.625	270470.46875	260536.796875	284191.34375	245752.5625	215816	270113.84375
P76542	34497.8046875	26187.169921875	28862.0546875	26263.7734375	34546.5546875	31388.306640625	28116.3515625	31468.072265625	30357.423828125	25930.76171875	25287.984375	6651.43798828125	23718.861328125	29248.876953125	21351.6171875	25398.533203125	26796.228515625	27319.73046875	27567.62109375	25776.078125	21380.662109375	21269.35546875	29224.54296875	23018.390625
P76543	160156.375	211313.09375	317770.40625	287177.15625	320971.03125	280197.90625	270434	325748.21875	369440.4375	360420.21875	237831.40625	287567.6875	240578.640625	230655.296875	294222.78125	307357.96875	347071.09375	319247.40625	304277.96875	359260.25	195643.28125	274354.34375	378501.0625	233798.421875
P76549	16572.630859375	15788.3984375	8816.619140625	9139.95703125	6425.0224609375	7572.42138671875	6332.1708984375	4874.64453125	6864.73681640625	8190.8505859375	4056.3173828125	5547.31494140625	6572.17626953125	5526.05908203125	7629.67578125	8294.4609375	6542.44921875	4856.029296875	7786.2080078125	7947.2109375	7544.84619140625	7553.55322265625	3873.87280273438	5897.30322265625
P76550	810467.25	764578.3125	641601.1875	483450.0625	902277.9375	763735.75	695632.625	882229.1875	1215250.375	864454	744665.875	1651186.875	787417.3125	815980.8125	667579.6875	626745.75	576017.375	690696.125	497662.4375	614902.3125	550574.9375	551621.0625	679447.1875	586028.6875
P76558	3733438	3946036	1055557.25	1105560.375	3476223.5	4192563.5	3295370.75	3339509.75	3016896.25	3838220.5	3694390.75	1999654	3831098.5	3746834.25	926424.25	976155.375	1167352.625	1007164.25	1216978.125	1121235.25	1096477	917302.1875	1212883.375	1106725.125
P76561	115408.9375	114230.6015625	108316.5546875	97994.8359375	136028.40625	97221.4375	122733.6328125	131130.65625	174763.890625	134283.5	141340.703125	251847.578125	135829.109375	132747.484375	127455.859375	137679.453125	112354.9296875	145763.75	102820.515625	108629.171875	110350.46875	120532.8828125	121210.234375	113447.5390625
P76562	42710.91015625	29144.439453125	30447.1796875	40147.18359375	31629.501953125	32314.44921875	24019.89453125	25507.99609375	17106.431640625	26026.298828125	31457.4375	NA	28116.083984375	26108.357421875	34113.390625	27497.77734375	26740.265625	NA	28004.962890625	25118.99609375	34656.33203125	25932.884765625	20689.857421875	26130.29296875
P76569	826829.1875	731019.1875	1168656.25	778147.5	1515291.25	1004878.4375	898772.4375	1291188.125	1997859.625	1201864.125	1137581.75	2385079	1136222	1091203	1240653	1174108.875	1014566.4375	1473013.25	955833.5625	1023955.875	959792.375	861771.1875	1159619.25	984208.9375
P76573	NA	9278.7841796875	NA	1570.28186035156	6844.271484375	4731.9521484375	7116.17578125	9108.5859375	14567.3466796875	NA	5522.2109375	4560.36669921875	6855.85986328125	NA	NA	5219.45361328125	NA	NA	3814.7421875	NA	5535.18603515625	NA	NA	1825.83984375
P76575	445352.90625	481625.4375	100357.65625	118344.484375	215621.15625	143946.9375	467071.09375	349667.8125	365450.8125	209288.96875	258896.625	582882.3125	207828.203125	218979.3125	87703.2265625	120102.9140625	88934.3046875	244969.4375	88272.109375	97264.9453125	71943.9375	64965.97265625	133215.34375	127882.5859375
P76576	255682.0625	234155.125	278842.46875	242356.671875	282434.84375	240470.484375	248499.296875	296098.84375	406198.28125	299189.5625	250120.953125	340993.65625	259850.609375	283384.90625	279501.125	271335.8125	270670.5625	342952.78125	254452.046875	288758	261486.15625	251643.984375	313571.28125	262475.1875
P76578	526044.0625	539198.1875	414783.5	389485.4375	660610.25	629753.9375	592515.875	703962.75	871229.9375	686923.25	554279.1875	467100.9375	564085.5	667755.875	386188.46875	377982.09375	374678.875	466666.375	363870.84375	410603.1875	361152.875	358417.0625	441649.78125	355509.28125
P76594	206403.15625	215156.671875	48609.73828125	62449.75390625	197731.015625	220043.609375	251599.078125	230305.90625	195901.21875	221296.9375	226353.484375	152312.828125	217523.328125	207098.84375	51337.78515625	54035.4765625	44358.41796875	72967.984375	42382.75390625	50105.70703125	46098.13671875	47057.25390625	47816.671875	47565.0859375
P76621	302809.75	369923.21875	126338.6484375	96684.8671875	184966.734375	218298.296875	757480.9375	350615.75	109226.2578125	280532.78125	304495.5625	362646.84375	346426.9375	272830.1875	45856.1640625	113003.7578125	32290.796875	70646.453125	85770.25	75265.375	78505.1953125	23332.349609375	84300.6328125	78127.15625
P76641	46601.56640625	48947.96484375	48478.69140625	44223.67578125	54254.45703125	46232.94921875	42238.19140625	47731.640625	52074.15234375	45410.21484375	40594.87109375	65242.2890625	40731.98046875	49195.59375	47181.69140625	42773.12890625	44523.6328125	49481.30078125	43390.84765625	38263.93359375	42030.14453125	42228.81640625	42409.765625	48687.42578125
P76658	3023205.75	3128514.25	3080764.25	3114627.5	3081040.25	3132800.75	3036860.75	2911791.5	2807413.5	3001902.75	3068188.25	2642931.5	2966848.75	2765335.5	3126473.25	2941717.75	3046740	2812005.75	2919289	2896225.25	2921917	3023001	2992422.5	2861901.25
P76909	109016.0546875	75799.0078125	104016.453125	103219.828125	68469.8828125	75516.2109375	108397.96875	58826.91015625	60419.4140625	66835.25	83147.84375	91415.1171875	72765.421875	76653.5625	98871.7578125	94044.7265625	90638.34375	63618.2265625	91718.984375	70533.53125	103909.6953125	103187.984375	87988.3671875	104254.921875
P77044	13602.408203125	14784.130859375	11705.4716796875	10353.6796875	13293.5458984375	13870.794921875	16326.615234375	16668.662109375	21506.12109375	16503.9609375	12498.345703125	10026.4794921875	16157.021484375	16347.0439453125	10948.873046875	9640.6884765625	8608.2529296875	14434.341796875	NA	10955.94140625	10705.552734375	9561.900390625	12686.0068359375	10976.5
P77148	449376.90625	446720.15625	426032.875	424959.125	379830.65625	480188.875	573626.5	399655.5625	313356.28125	424105.15625	453686.15625	552839.5625	455702.75	405084.1875	402591.5	423433.875	434879.1875	332764.375	434369	417766.0625	432087.09375	387364.9375	370056.53125	468070.53125
P77150	50307.7890625	54067.671875	50276.93359375	55214.98046875	20978.21875	28369.953125	39061.46875	26118.818359375	28256.43359375	26353.294921875	40870.265625	37815.375	43212.40234375	26498.197265625	49705.17578125	52431.66796875	53248.05078125	42102.9453125	63987.27734375	47439.51171875	56821.26953125	47728.9609375	47865.1953125	50468
P77161	6985.25341796875	5318.9130859375	NA	2369.40625	14435.0078125	6810.17578125	5752.197265625	3752.56274414063	NA	9415.7158203125	7208.13623046875	NA	7071.5302734375	NA	NA	2237.08032226563	NA	10230.1455078125	3535.32373046875	6918.7451171875	NA	6488.34130859375	NA	10244.4697265625
P77171	554775	580322.625	283689.90625	282873.96875	599074.9375	631741	708159.0625	690326.6875	605153.625	683816.375	573632.625	369701.96875	593602	701887.9375	258723.984375	228575.6875	295333.5625	286528.84375	362532.71875	245283.28125	244780.21875	230198.125	311119.3125	245377.125
P77173	244382.09375	234464.9375	247950.078125	212963.03125	256278.984375	218496.5	218642.671875	256297.15625	337941.71875	281867.46875	259591.359375	409760.125	247663.234375	254919.03125	245006.09375	250345.484375	262310.78125	287375.9375	223532.546875	253642.53125	229767.671875	228467.015625	277193.46875	237053.796875
P77181	36662.47265625	26018.1015625	26881.654296875	29821.447265625	33519.390625	44398.78125	40992.55078125	35055.33984375	29316.55078125	30242.35546875	46026.08984375	82655.4375	32535.875	29311.267578125	28007.77734375	32686.3203125	25021.369140625	29010.060546875	32094.47265625	22934.501953125	24583.638671875	26330.931640625	23378.072265625	27199.587890625
P77182	78686.6171875	78313.75	68797.4140625	69111.34375	55189.59765625	53099.6015625	59741.0390625	55336.375	49089.6953125	59362.3359375	62926.59375	45089.06640625	69302.4921875	54254.21875	57275.21875	48685.8828125	55688.35546875	49509.77734375	62407.96484375	60889.67578125	66415.953125	55817.01953125	54589.51953125	56399.21875
P77202	207626.984375	185918.5	230457.59375	230512.421875	227342.71875	212128.09375	206580.09375	227800.09375	268605.5	221239.9375	230619.703125	491506.46875	216297.015625	221453.921875	233902	233409.65625	231074.1875	305410.15625	229558.203125	240678.46875	226376.375	239277.453125	262387.71875	247846.84375
P77211	25452.9921875	NA	20071.0625	16485.763671875	NA	NA	NA	9480.3349609375	30519.875	3821.42578125	NA	NA	NA	4939.4970703125	NA	NA	9689.8291015625	41646.140625	4933.77001953125	26141.416015625	NA	NA	90238.8046875	8840.7666015625
P77212	54371.03125	56185.05078125	45714.5546875	50580.92578125	48420.41796875	50961.08203125	66503.34375	53973.03125	43452.7578125	49900.1796875	51478.5703125	57323.0234375	48410.78515625	48960.0859375	43554.93359375	39370.5234375	43420.7890625	46702.63671875	42254.17578125	50130.34765625	43890.99609375	42305.73828125	42070.82421875	40230.4609375
P77213	145762.9375	171286.25	78757.9375	79964.78125	107965.8125	117202.0078125	179127.84375	106350.265625	88326.1953125	113539.0546875	120130.109375	136102.390625	122821.1953125	111324.125	82416.3671875	84242.6015625	76020.03125	55947.42578125	80337.8359375	72173.0234375	86129.6015625	77318.53125	72423.6875	73777.4921875
P77214	204200.390625	39717.62890625	87291.6640625	100557.4921875	74752.0390625	NA	165467.578125	97302.4296875	1183678	58310.90234375	77217.4140625	129257.484375	72733.5546875	80870.65625	76483.234375	74554.7265625	150406.453125	65460.84375	77888.859375	NA	32426.583984375	80700.8828125	690490.125	110346.7421875
P77223	30645.609375	21558.765625	35729.57421875	24142.3125	15025.267578125	18720.115234375	23878.626953125	16030.9658203125	13010.4541015625	12985.666015625	20658.140625	40446.4296875	25551.060546875	17834.17578125	23073.146484375	38601.73828125	21788.73046875	21645.46484375	32199.408203125	28604.537109375	40097.3984375	36741.62109375	26390.3671875	30831.60546875
P77239	32062.8984375	5288.95654296875	40763.203125	23820.3828125	5814.01416015625	32494.177734375	4141.98583984375	1423.7646484375	68270.6796875	6862.255859375	1956.453125	18784.435546875	13258.1904296875	4815.5078125	3885.8720703125	NA	5990.27001953125	NA	19373.29296875	11739.705078125	12523.6865234375	489.346069335938	67651.4296875	14365.0869140625
P77243	51553.8046875	72987.140625	54763.21875	31017.630859375	52926.6875	88042.3515625	217649.71875	60822.30859375	58517.99609375	37066.16015625	54392.2421875	83480.0859375	55049.33203125	93140.796875	16577.34765625	28794.435546875	25336.419921875	30226.37890625	14714.5634765625	19955.828125	17596.52734375	45556.421875	32626.6640625	24173.46875
P77245	19955.220703125	28860.04296875	35555.21484375	31844.283203125	29845.45703125	18631.455078125	18707.169921875	20988.275390625	24370.005859375	19723.396484375	20675.88671875	NA	24947.701171875	19733.205078125	17188.865234375	27168.244140625	26852.994140625	23003.73828125	22392.107421875	39057.90234375	25176.7578125	28036.3984375	31309.24609375	28798.978515625
P77247	734861.125	697805.8125	573765.625	532808.8125	618723.8125	806796	687760.75	582911.0625	460454.375	572005.25	785998.625	1107805.75	725897.5625	592251	498621.28125	627880.5	597494.75	491358.53125	625445.25	533896.8125	646146.125	595094.375	510597.03125	590252.5625
P77252	481229.03125	448277.84375	54774.125	68068.3359375	651038.3125	460601.5625	218964.671875	472677.875	851274.25	492610.78125	430727.34375	516931.1875	364235.6875	470058.4375	44364.80859375	43182.015625	43692.6640625	47310.48046875	29344.78125	51548.8984375	21375.126953125	39441.9453125	43572.4453125	39927.5625
P77257	23018.341796875	9521.53515625	22062.896484375	13155.8681640625	17504.890625	19461.365234375	21552.974609375	14418.4462890625	8959.2578125	11904.4443359375	17192.720703125	10561.2216796875	16478.51953125	15166.2294921875	14968.08203125	4354.4990234375	18672.533203125	2352.08935546875	2851.48095703125	5160.61669921875	6211.9697265625	NA	7391.5751953125	14688.3916015625
P77258	159458.734375	154577.5	236151.71875	225837.6875	141527.3125	180091.359375	211142.578125	206054.578125	118232.2265625	186440.0625	177298.78125	258804.453125	165831.921875	165889.515625	252237.75	258197.890625	263342.625	253973.109375	276498.9375	230526.546875	247704.375	234635.40625	242886.140625	248536.125
P77260	692732.75	756662.625	305928.90625	290305.6875	622315.4375	703955.75	865679.75	563343.9375	296971.46875	529719.6875	629445.8125	733840.4375	631273.1875	508540.3125	143775.125	197078.546875	145699.390625	145534.890625	218042.375	163804.8125	180311.34375	129507.109375	162590.71875	210610.609375
P77265	17717.07421875	33557.51171875	18709.296875	19873.4296875	19336.173828125	15453.7236328125	21627.529296875	15351.6650390625	25395.99609375	18576.548828125	18551.654296875	26753.525390625	20934.98046875	26449.166015625	12241.6484375	18915.5546875	13651.1474609375	18221.380859375	18817.603515625	22122.5234375	10521.3212890625	15191.2646484375	13677.5283203125	18159.080078125
P77272	27521.001953125	28757.505859375	15634.9140625	14589.046875	17958.171875	20338.998046875	37785.703125	27395.8515625	37510.4609375	27115.0390625	20023.515625	10592.90625	18029.53125	24468	15095.1455078125	10375.6982421875	8230.8779296875	12288.435546875	13820.5693359375	8053.50390625	11198.244140625	9622.259765625	12591.599609375	8789.2109375
P77279	138167.015625	148743.265625	157661.5	157450.3125	150328.890625	150455.0625	143364.171875	167305.421875	163734.25	156369.703125	150728.609375	201855.40625	168695.46875	159403.203125	157734.9375	148144.390625	148006.03125	136378.359375	131776.59375	136241.984375	132256.828125	140611.421875	156735.140625	124778.0703125
P77285	254455.84375	222873.953125	277148.4375	281496.875	258959.390625	241383.09375	279946.5	287850.5625	302431.09375	259179.6875	258030.015625	475702.9375	258598.1875	248198.453125	276899.625	273254.46875	253541.921875	297575.90625	281215.375	276179.59375	293228.3125	271405.75	278232.09375	281594.4375
P77293	179820.5625	169350.203125	235663.84375	249707.1875	168501.71875	184420.96875	196701.59375	179061.15625	158808.171875	170080.40625	182806.34375	116861.8671875	194276.6875	174186.203125	236282.078125	223860.40625	241187.671875	231909.6875	232340.03125	232714.53125	207797.703125	244206.078125	236036.0625	237018.734375
P77295	7959.35205078125	6863.53466796875	6298.54296875	3403.56640625	4366.42626953125	8025.76220703125	6909.82666015625	3962.46484375	5306.0244140625	4665.4208984375	8085.35546875	4637.1181640625	7841.14208984375	3494.87133789063	4579.9443359375	2555.06298828125	4382.572265625	4254.73291015625	4328.57275390625	4137.38330078125	2391.94873046875	5565.61279296875	5636.89306640625	1303.55529785156
P77300	64308.29296875	65186.37890625	67520.828125	70656.703125	56227.20703125	69425.0703125	58471.9296875	52796.47265625	45419.05859375	61140.69140625	60046.5390625	44080.15625	54886.21484375	50754.04296875	66346.578125	63285.11328125	64993.37890625	50115.5078125	65235.61328125	64549.671875	67384.21875	68689.65625	64089.4765625	63788.4140625
P77301	16998.52734375	13230.2060546875	20428.876953125	25410.56640625	7745.23974609375	9058.3857421875	13965.7548828125	10057.4013671875	NA	7958.13720703125	5477.1591796875	9569.5224609375	10278.482421875	5390.6943359375	13279.888671875	15372.734375	18071.169921875	7377.58154296875	21133.37109375	9490.42578125	21383.208984375	17758.00390625	12713.7568359375	17837.306640625
P77302	44148.71875	51571.41015625	56799.515625	75451.265625	44648.99609375	48538.078125	44524.87109375	43589.48046875	26869.705078125	39424.359375	34688.78515625	39678.4453125	46412.8828125	35837.7734375	64901.1796875	61647.48828125	80866.1796875	52574.234375	73007.53125	63538.01953125	64718.80859375	57039.55859375	61751.9296875	63539.390625
P77307	41458.6171875	41607.453125	35728.33203125	46131.0546875	38645.546875	42935.26171875	45835.9609375	38878.296875	30650.451171875	33298.0625	45388.00390625	43140.0859375	41152.98828125	31995.041015625	32076.052734375	36659.9140625	33759.671875	27390.5078125	33786.51953125	29070.919921875	35473.8828125	39638.69140625	29461.890625	39530.71484375
P77316	150123.640625	162790.421875	54675.86328125	44259.68359375	86362.2890625	115505.28125	431195.625	160053.96875	117917.859375	108318.0078125	159117.265625	216037.109375	138211.671875	167621.0625	39600.40625	49870.52734375	50469.63671875	60781.4296875	41471.125	35706.98046875	53519.66796875	47060.4375	61886.0625	46830.375
P77318	504271.25	488948.09375	82107.6796875	69789.5078125	717834.3125	623275.625	548213.9375	727462.25	1169514.75	719762.625	531978.75	817694.9375	571614.125	716741.25	78809.515625	62444.02734375	55520.0859375	97566.90625	46746.90234375	83845.7578125	50489.4921875	58845.21875	92042.984375	58316.37109375
P77330	721622.5	672476	864584	834558.625	699680.6875	562792.75	296204.375	518106.6875	629137.625	530348.5625	666629.75	1171950.375	659780.6875	693599.375	601728	703690.1875	698621.5	871530.3125	651797.875	778100.25	693653.6875	734896.625	819849.4375	758167
P77333	83542.953125	22226.166015625	5264.0869140625	83726.1640625	68498.7265625	68440.1953125	63575.328125	40240.3515625	NA	38713.203125	120507.53125	170925.515625	35857.33203125	51564.484375	55962.69921875	NA	59173.5234375	33355.3046875	87115.2265625	52564.34375	69403.7578125	63321.75	NA	97125.5703125
P77334	19700.419921875	17284.4296875	18792.49609375	18715.91796875	4913.49658203125	16754.537109375	20542.298828125	9557.626953125	3454.935546875	10829.3056640625	12658.4794921875	6822.2314453125	14948.9658203125	8962.884765625	16149.6103515625	12494.1591796875	16094.6552734375	10085.9560546875	15382.1708984375	15783.6669921875	15304.7373046875	12141.630859375	14507.9267578125	13769.2412109375
P77335	21773.21875	17853.53125	23822.59375	19679.6875	25298.25	25877.837890625	16860.642578125	21724.841796875	27923.35546875	22593.041015625	21990.22265625	20918.345703125	18507.14453125	17149.3125	20019.810546875	19397.82421875	14574.7392578125	25717.146484375	14473.8525390625	21592.9296875	17287.853515625	21497.3203125	22531.94921875	18984.5390625
P77338	95166.0078125	101061.8046875	118561.4921875	114940.6171875	101428.6953125	106994.578125	106849.359375	113157.3203125	142350.28125	113112.6953125	102095.2578125	65742.59375	105024.7578125	116586.515625	101632.578125	103528.515625	103529.734375	141751.5625	99140.2421875	112235.671875	104419.828125	100983.359375	120619.671875	98630.078125
P77348	1630718.875	1600333.375	982868	962252.875	1685967.125	1855659.625	1851258.25	1829688.875	1800029.75	1801244	1718248.625	1963577.375	1676054.875	1700315.375	932557.0625	887544.6875	852391.75	1049236.125	880717.625	928685.75	902662.9375	877781.125	1003607.4375	885890.875
P77357	29650.0078125	25795.203125	NA	19211.591796875	26565.06640625	17148.849609375	25162.111328125	33309.5390625	38878.41015625	17000.07421875	21220.734375	15762.3955078125	57000.28125	23053.705078125	12741.54296875	14691.5185546875	NA	31536.958984375	14707.3857421875	NA	NA	NA	19381.0859375	16899.97265625
P77360	11183.0859375	8787.4912109375	6372.23388671875	7599.4111328125	NA	NA	13430.5849609375	9820.7099609375	17470.71875	NA	NA	NA	10114.6162109375	13854.3154296875	NA	NA	NA	NA	NA	5557.21875	NA	NA	8896.6435546875	NA
P77364	487800.46875	522855.3125	640003.9375	632255.4375	497057.84375	448073.46875	535188.625	526023.3125	619428.4375	592774.9375	528233.1875	606558.625	493645.90625	482894.71875	644779.1875	605832.6875	593157.0625	787716.125	610313.3125	552399.3125	595303.6875	567510.25	695161.6875	577552.875
P77368	34078.46484375	11936.4775390625	136098.21875	39535.84375	42292.8984375	17109.978515625	20177.404296875	47597.59375	83904.3359375	13445.59765625	31137.41796875	100658.265625	17771.0625	14867.7490234375	29454.42578125	40578.98046875	42569.69140625	32346.365234375	22054.697265625	22361.75390625	52325.89453125	541.738891601563	36347.875	18421.830078125
P77374	256455.171875	256947.546875	404890.125	331309.84375	315320.84375	312648.03125	119922.609375	316722.25	496451.0625	278935.90625	262801.5625	203235.875	234554.828125	330805.28125	386655.9375	319063.5625	281185.65625	379231.25	220938.71875	352021.90625	286624.15625	366081.125	345765.5625	313221.09375
P77376	161245.84375	215262.328125	113002.90625	150497.265625	178594.171875	193319.265625	281940.21875	237312.875	195073.53125	169213.3125	177134.578125	162639.609375	166347.984375	223627.03125	111916.7421875	132301.171875	140174.53125	137069.46875	117733.421875	129078.8125	105878.890625	102997.4609375	112257.546875	123479.8125
P77395	954876.6875	923653.6875	1108270.125	996570.9375	875451.3125	856151.1875	867562.25	923140.625	922756.375	885981.4375	829979.5625	1445615.125	867304.625	904290.625	1006413.8125	1024411.5	1042068.25	1077637.125	999100.125	1153221.75	1003817.5625	1022348.25	1107810	1041029.3125
P77398	11744.2119140625	18866.80078125	8318.1552734375	14274.517578125	7253.15869140625	16123.8974609375	16270.5830078125	12184.9287109375	4530.6875	9400.1611328125	22821.171875	NA	21155.61328125	16207.265625	11666.513671875	6967.14306640625	9369.5625	5543.23291015625	14283.1875	7015.96240234375	13454.4375	3506.64111328125	8643.515625	8431.1201171875
P77399	168929.171875	181070.0625	28868.921875	42145.23046875	191135.421875	195685.046875	250528.171875	197937.78125	179003.578125	215885.953125	189147.140625	152052.546875	173388.515625	204252.203125	23365.380859375	38257.26171875	29258.654296875	34982.359375	41999.44921875	39121.8359375	34835.609375	25020.34375	36595.50390625	34736.078125
P77433	186421	157188.78125	35799.35546875	35835.22265625	151045.015625	146862.5625	88981.0546875	135343.53125	148471.03125	105445.96875	179309.765625	266688.8125	110951.4609375	130732.0546875	20793.3671875	16604.95703125	23674.443359375	31777.62890625	13161.7451171875	25295.9765625	22092.634765625	26017.87109375	17479.11328125	13535.4599609375
P77434	232936.96875	276985.90625	260933.453125	269922.21875	208702.484375	202285	244481.015625	200558.609375	157991.671875	201906.625	235791.21875	191523.453125	220186.1875	217961.6875	241322.765625	212303.015625	252132.90625	173944.65625	235293.9375	240551.5	234260.3125	241007.390625	214155.875	211849.859375
P77439	2989.33911132813	NA	NA	NA	5730.4130859375	2451.83862304688	4242.4375	4200.04296875	NA	3617.49731445313	2756.1875	NA	4469.85107421875	5353.27685546875	4102.92529296875	3890.94555664063	6751.4599609375	6055.248046875	3883.83862304688	5548.89208984375	NA	NA	NA	4029.10961914063
P77444	433486.53125	509864.3125	316175.28125	423721.78125	276983.71875	320629.4375	624389.375	436402.8125	300680.5625	361018.28125	421766.0625	526214.25	422901.0625	392553.75	330093.90625	320512.0625	351741.21875	264700.75	448678.375	413790.5	518167.21875	374646.9375	282706.625	505104.1875
P77454	260048.609375	241033.703125	221863.734375	209869.234375	161028.921875	227186.859375	253059.875	202043.046875	142513.0625	175735.21875	204352.109375	240074.578125	197369.625	194633.921875	187799.4375	237881.4375	213800.34375	169967.859375	190523.1875	242125.375	214292.390625	240106.578125	191081.125	220594.8125
P77475	53889.75390625	67522.6484375	81254.8046875	67751.4375	69482.9765625	60827.89453125	69553.2109375	66655.109375	104296.953125	59295.3984375	64286.15234375	132575.40625	60718.36328125	70212.46875	78089.9453125	64807.15625	68577.4296875	79111	65744.3515625	69212.3828125	59409.89453125	60772.4453125	78544.9296875	59512.45703125
P77485	89274.90625	63094.23828125	72949.5390625	72005.25	86120.15625	79970.375	73998.7421875	84375.8203125	116021.0234375	106636.5	88979.7578125	82155.40625	89847.4609375	84764.1796875	58160.54296875	56892.63671875	71244.0234375	82182.5	73627.3671875	71575.296875	57513.38671875	62651.69921875	113825.2890625	70782.484375
P77488	719276.25	733834.125	693267	646380.8125	791637.0625	727698.5	775298.375	696807.8125	692359.6875	733153.3125	696135.375	637125.9375	665440.5	719574.125	634208.1875	614073.9375	648430.9375	601545.5625	615510.125	606149.5	601812.8125	572365.3125	670291.9375	571598
P77493	49382.4375	40068.5546875	36026.28125	NA	32116.91015625	30700.552734375	37154.00390625	37446.4375	25892.3203125	41188.62109375	34660.33984375	36992.16015625	24164	33923.3515625	11817.310546875	24251.775390625	18671.11328125	25208.591796875	23054.40234375	29516.064453125	22213.078125	29477.236328125	23422.75390625	13673.0419921875
P77499	1014358.5	1003415	728607	949830.5625	823024.375	849109.875	1585401.375	1095801.375	772620.8125	966871.6875	1104040.375	2399553.5	1018004.4375	986048.8125	783596.75	779589.25	782858.375	753176.25	1008107.5625	1054037.625	1171656.75	855967.9375	678707	1201639.125
P77504	160128.9375	151369.140625	118563.4375	124287.5625	192710.5	191761	192636.8125	191795.515625	188487.640625	178711.5	170000.1875	84114.8046875	164815.125	186911.46875	110748.453125	109209.1875	122830.046875	125731.7421875	118624.7890625	115674.4609375	118115.8515625	117021.671875	108271.140625	117306.453125
P77509	11136.046875	4258.228515625	5566.85888671875	8751.5712890625	6516.64697265625	NA	2640.25952148438	4392.037109375	14043.392578125	11147.29296875	9073.3828125	NA	8744.7978515625	15231.435546875	7053.85546875	8388.677734375	NA	5401.88671875	6735.16796875	4903.21337890625	6007.306640625	5974.4814453125	7613.94580078125	6923.1796875
P77522	228039.453125	248931.609375	239222.953125	281180.34375	167266.671875	174914.1875	347601.65625	251672.484375	184773.5625	215942.734375	230426.015625	238929.15625	243335.953125	247362.875	234265.109375	209981.21875	220783.1875	203323.21875	309399	319183.375	329536.59375	242949.40625	194225.3125	348870.5
P77526	59519.21875	68530.453125	66743.59375	68595.46875	62430.85546875	53405.78515625	91286.75	66688.3046875	49162.7578125	48427.19921875	59166.80078125	71832.609375	56237.6953125	57275.2109375	59323.828125	65334.984375	74687.578125	54400.15625	58998.2890625	63347.20703125	53182.7578125	60681.33203125	54619.625	61999.6484375
P77529	1358324.875	1355456.75	1835793.25	1939425.875	1460727.375	1406172.375	1365925.875	1306190.125	1569470.625	1326996.375	1372656.625	860728.5	1376818	1351664.875	1879491.875	1852257.5	1821532.875	1779396.75	1820224.5	1683297.875	2014091	1992021.25	1994901.5	1819581
P77536	342873.5625	335538.875	42774.66796875	34316.73828125	428291.75	360363.8125	159018.03125	287001.84375	436435.71875	285040.34375	282925.78125	183259.671875	285261.09375	274238.78125	38966.87890625	22527.93359375	35488.7421875	18520.34765625	16415.0859375	35913.15625	19444.470703125	33698.60546875	28054.7265625	16398.607421875
P77539	150376.703125	185765.640625	113789.21875	114525.09375	216060.703125	253704.40625	305005.90625	274619.875	206461.671875	190970.109375	200854.203125	124138.5859375	184708.703125	194831.390625	91940.625	81281.6015625	108553.1484375	102992.015625	87059.7890625	87138.46875	85531.109375	101190.734375	117297.3671875	52269.71875
P77541	771128.25	591070.1875	NA	443923.65625	529146.375	568574.3125	1638304.125	872869.1875	470487.5	547567.3125	729772.5625	1620422.75	724510.5625	700522.875	616972.5	NA	NA	241175.75	801343.8125	157295.171875	409362.8125	577080	982382.5	539012.75
P77544	248475.71875	234382.609375	384811.1875	320987.21875	217525.71875	196598.15625	295575.03125	231350.9375	201399.90625	274407.9375	236878.921875	285819.96875	205781.28125	195478.96875	300726.46875	330821.75	282240.65625	327405.65625	320133.5	303729.4375	277308.5	243357.6875	333802.84375	285244.75
P77552	670370	635232.375	568374.5	558196.3125	653454.25	784337.5	647605.8125	572764.4375	540212.875	601321.8125	729451.6875	863419.375	674462.9375	669978.875	560682.1875	602500.9375	514344.09375	578975.4375	606350.25	570912.4375	603531.625	638418.5625	562230.625	600575.75
P77554	92244.6015625	79479.3046875	79242.4453125	72611.03125	87625.2734375	85176.390625	77388.328125	93178.34375	127360.5625	102906.5390625	69440.5234375	84771.6328125	79537.015625	86396.1796875	65751.3671875	60715.53125	58640.203125	80117.9140625	67884.546875	75619.8515625	59967.8515625	61060.37109375	75129.5390625	65345.34375
P77559	30195.435546875	23833.8359375	29959.833984375	29376.880859375	21135.759765625	32052.326171875	26417.927734375	31112.25	23789.822265625	30088.28515625	27857.05078125	49108.13671875	25316.931640625	32259.0859375	25568.7421875	29911.998046875	26485.580078125	26202.587890625	25350.46484375	25329.318359375	29535.943359375	29135.779296875	30069.8359375	30926.177734375
P77561	41510.78125	40854.5078125	32860.703125	32810.73828125	18127.99609375	32892.87890625	27483.462890625	42186.8046875	26817.04296875	29173.39453125	29732.876953125	40275.953125	42482.13671875	36863.26171875	22124.158203125	21928.931640625	25119.08203125	20520.94921875	27721.728515625	30619.865234375	22332.17578125	26393.576171875	18070.28515625	29496.37109375
P77562	359113.0625	328466.6875	363650.71875	330689.375	494135.15625	365584.71875	318164.84375	468116.46875	667206.875	449342.28125	404470.25	733829.125	354138.75	422837.25	365648.40625	361357.96875	340830.6875	443477.03125	334558.1875	376272.0625	332493.75	339279.0625	432348.9375	344455.375
P77569	191125.453125	203576.515625	59142.828125	61721.890625	137860.296875	159403.625	224226.8125	143623.96875	125970.078125	153123.859375	142624.515625	111966.7109375	131679.75	135303.65625	53558.234375	44213.140625	58942.3515625	38694.87109375	75447.2109375	56177.1484375	70378.75	52667.13671875	55339.03125	54134.796875
P77570	167045.25	158512.75	123349.8359375	116186.0859375	131698.625	138502.765625	131865.34375	120739.8828125	118174.2890625	120972.90625	134857.4375	122132.140625	131109.453125	123663.3203125	120021.0625	93510.53125	114055.1015625	73827.125	97806.0234375	95693.90625	119005.84375	105376.3984375	96161.4140625	100410.375
P77581	102494.6875	110765.6171875	40711.50390625	48743.42578125	102668.96875	87043.4765625	131642.46875	97783.3046875	101573.6015625	102096.2109375	87152.5234375	76573.375	90481.0703125	97642.515625	32241.6953125	46594.65625	42751.4609375	34196.08203125	47066.9609375	40867.296875	40928.58984375	27723.98046875	44560.54296875	39915.1171875
P77596	18400.45703125	4100.5322265625	4781.62548828125	6539.95556640625	7143.97412109375	4349.21435546875	4852.95458984375	4863.89404296875	5649.6396484375	3539.06518554688	7377.00341796875	9050.5859375	4851.68115234375	3469.23168945313	NA	1672.91662597656	3545.49145507813	3310.59765625	4085.20678710938	2769.24951171875	NA	3104.90209960938	3445.04321289063	1928.00622558594
P77609	148234.578125	28586.220703125	72964.6484375	NA	75480.28125	NA	77589.1328125	146821.921875	102138.609375	78360.8671875	117980.234375	253680.859375	102216.1640625	73495.6328125	39018.703125	25008.361328125	25682.48046875	67982.7109375	NA	40621.85546875	46482.0625	72615.734375	48707.015625	62423.1953125
P77610	5086.0908203125	NA	NA	11976.72265625	236.704818725586	NA	NA	3262.70336914063	NA	4136.4970703125	6079.5087890625	NA	6226.97021484375	NA	1024.00122070313	2618.98510742188	1821.82849121094	NA	2584.92016601563	NA	3590.7724609375	NA	NA	7985.82275390625
P77611	64721.76171875	56821.94140625	88189.265625	90150.625	43933.5078125	47248.39453125	53376.41796875	60500.77734375	60207.69921875	62017.23046875	45152.9921875	47328.37890625	55825.7578125	62641.80859375	82949.609375	80935.734375	82836.375	109277.4296875	84461.703125	92087.21875	79799.4140625	81376.265625	97144.4921875	83952.3828125
P77615	20622.53515625	19543.765625	17992.984375	14598.24609375	6093.31396484375	20927.744140625	19226.369140625	17464.787109375	16723.541015625	17459.751953125	18233.53515625	16827.287109375	19870.861328125	13323.32421875	18316.841796875	10212.833984375	14178.841796875	14692.763671875	16781.994140625	14783.6826171875	15675.6396484375	13150.943359375	17775.876953125	13160.2392578125
P77625	375882.65625	356091.6875	454839.4375	388857.96875	296890.125	261753.125	332274	345774.125	347053.5	301664.09375	307333.59375	426167.625	321244.75	282158.46875	451710.84375	444708.0625	430242.125	428647.5625	380032.875	408620.40625	430977.40625	437010.875	402599.625	384233.8125
P77626	29972.025390625	27631.466796875	34761.5234375	26728.2734375	33408.08203125	34506.25390625	25170.0234375	25998.859375	19059.978515625	31283.669921875	35171.5625	87826.953125	31671.029296875	19181.541015625	24070.5078125	21519.7890625	23331.4609375	24396.435546875	23107.44140625	22394.583984375	21107.830078125	22821.56640625	20144.37109375	25545.65234375
P77634	60654.984375	18259.775390625	17263.470703125	27221.94140625	70941.5625	76834.5078125	50170.48828125	61120.89453125	65782.4296875	60955.5546875	67350.6015625	39743.3203125	62394.984375	22315.517578125	33026.09375	33057.44140625	32217.568359375	NA	27809.638671875	29931.279296875	28998.953125	39729.33203125	24363.345703125	47958.05859375
P77649	106577.5234375	108761.15625	76162.9140625	102717.0859375	107516.5234375	91846.703125	163448.3125	112311.3203125	73251.8046875	108121.421875	111025.4296875	91086.46875	118489.03125	123961.0390625	80798.8671875	96343.625	86482.4765625	96278.140625	116940.359375	98227.625	90219.984375	69294.734375	91223.359375	97499.5390625
P77667	233146.25	170115.671875	240513.015625	225574.03125	218693.796875	166535.8125	422283.09375	293102.6875	245213.625	278155.375	330190.6875	889257	329157.15625	272417.34375	343829.78125	304977.59375	259208.3125	319437.1875	421895.53125	389745.53125	471332.65625	298813.1875	254428.75	534760.8125
P77674	837688.3125	903869.9375	99961.1875	124563.625	631710.875	788502.0625	1812712.25	887779.25	689448.8125	788759.375	991391.5	934532.5625	819546	976805.9375	96361.1640625	127685.3046875	95984.3828125	156751.359375	139856.5	124851.1484375	95509.1015625	79914.9140625	103468.1953125	106500.4375
P77689	295017.25	320900.5	309467.15625	351315.15625	266057.90625	228513.203125	455638.75	388054.65625	281633.34375	355285.90625	305046.5	307879	326352.40625	347848	321717.09375	281810.5	305569.34375	349301.71875	359863.4375	389967	387200.8125	294882	300173.1875	406373.28125
P77690	92851.4609375	87184.5390625	56054.1953125	58726.13671875	77699.3984375	89609.78125	73564.375	77040.484375	64244.79296875	79266.890625	77170.125	85502.3046875	86170.90625	71073.140625	42785.00390625	55596.8125	57863.046875	43222.15625	48883.22265625	56928.9296875	50415.765625	50436.30859375	50914.08984375	53622.546875
P77695	1645671.25	1467635	1182754.75	1077972.5	1550563.625	1792865.875	1557584.375	1700794.5	1751872.625	1699907	1833754.25	4166903.25	1626200.625	1467127.125	1150908.625	1275966.375	1229486.75	1436970.75	1314518.5	1333033.75	1374030.75	1110386.125	1324420.75	1196288.375
P77712	94756.1171875	129506.015625	34307.046875	30690.67578125	56002.78515625	67599.1875	119459.4375	52321.33984375	44576.7265625	51769.80859375	88097.921875	118606.4296875	84850.0703125	42555.5625	24313.81640625	19549.501953125	23730.583984375	12822.201171875	23056.92578125	17776.044921875	27305.890625	17601.474609375	15377.3857421875	31460.26171875
P77713	144136.140625	165598.65625	91518.9453125	109066.6015625	151355.265625	167984.1875	162156.90625	102783.828125	91662.9609375	110140.5859375	138072.3125	93566.3046875	149116.09375	116545.875	97513.7578125	76489.4453125	98871.890625	62473.62109375	78811.921875	76217.703125	94434.78125	112111.3984375	71340.359375	79727.75
P77717	2177707.25	1753866	941171.125	835956.9375	1747342.75	1705157.625	2165454	2345927	2513153.5	1931440.75	2205744.75	5214231.5	1939864.5	1974110.25	899484.25	1218260.875	1024477.5	1554643.375	1165582.875	1075176	1087548.75	783234	1202470.5	1045016.4375
P77718	507304.375	479438.375	689576.9375	698503.625	443590.40625	508374.46875	380287.3125	367914.34375	345696.625	412838.6875	454612.875	296768.4375	452207.875	379083.625	636900.5	662528.875	676177.6875	494612.375	767131	602091.125	704901.9375	720217.25	608959.625	728834.4375
P77721	198903.703125	192849.796875	120688.0625	114159.171875	156910.921875	205283.09375	151698.296875	166286.109375	152317.65625	169360.609375	216475.5625	186242.46875	179216.15625	171749.703125	83342.234375	121285.921875	102552.328125	109272.7421875	101656.328125	98973.375	110415.8984375	129135.4921875	85595.0390625	117954.2265625
P77735	1903462.5	1795515.625	1233166.875	1305354.5	1656813.625	1653858.375	1967978.75	1717034.75	1769706.625	1580273.5	1799344.5	3415058.5	1642575.625	1617483	1225503.375	1290841.5	1216556.875	1245125	1231441.75	1350545.875	1331906.25	1294221.75	1197903.875	1221312.25
P77737	1173313.5	1067666.625	1819927.125	1528101.5	1244150.25	1097641.375	742401.75	1138994.625	1394386	869094.9375	963388.375	677140.625	823405.5625	987135.75	1787867.25	1468297.5	1305415.125	1321892.25	1118955.125	1226795.375	1271658.375	1742056	1130359	1339752.625
P77739	494318.65625	487371.84375	176236.359375	190035.203125	413107.375	497478.84375	351201.96875	358610.59375	425459.8125	348819.9375	392910.34375	467378.25	334434.34375	327700	171482.53125	182691.5	198392.484375	131829.359375	183358.953125	194734.296875	185930.65625	185106.015625	172943.078125	166392.34375
P77743	7541.16552734375	8540.4599609375	5491.2939453125	7970.56201171875	3949.13403320313	3966.29248046875	11005.9873046875	2427.423828125	3219.67114257813	4538.14794921875	3607.59545898438	11242.6884765625	5697.7890625	6735.3837890625	2983.41967773438	3832.73217773438	5847.21435546875	4410.66552734375	NA	4923.3212890625	3295.115234375	5342.328125	6793.9111328125	3828.18994140625
P77747	5682151	5693043	3964248.75	4011955.75	7708750	8518699	9119554	8236809.5	6613285	5977815.5	10014850	21214850	5252228.5	6980004.5	2789694.75	5302733.5	2993959.5	6734200.5	5571815	5719013.5	2940950.5	2818573	3248675.25	5094504
P77748	780077.625	771368.4375	926268.3125	865456.0625	827828.9375	845708.5	692210.9375	690136.5	701680.75	728181.5	806726.5625	579231.25	759113.75	751189.5	871752.5	862831.6875	891317.6875	771181.8125	836837.1875	837435.3125	807413	885550.375	961674.25	761209.6875
P77754	674041.5	713003.5	297438.28125	241568.515625	844500.25	771884.125	1090444.125	942568.875	1144645.75	964126.3125	910097.875	2140117.75	890633	734809.0625	307284.5625	394141.53125	280280.15625	364731.09375	264406.6875	332481.03125	311217.96875	216102.046875	296515.96875	318636.3125
P77756	212022.0625	219519.671875	165086.046875	221896.921875	196818.53125	227096.890625	205710.984375	195752.203125	196460.84375	189421.875	205981.59375	183399.859375	180291.25	184930.859375	203638.296875	196205.1875	206630.625	184659.359375	206271.578125	188019.078125	168998.609375	209620.25	173483.78125	195533.25
P77757	12657.0400390625	14604.5791015625	16941.642578125	15659.6572265625	6678.732421875	10191.7119140625	17328.82421875	11861.5146484375	4402.7470703125	6951.35205078125	14700.5048828125	NA	10866.6220703125	16979.552734375	6035.0390625	5866.298828125	11247.66796875	15460.95703125	17799.1875	12641.5283203125	9563.48828125	7633.68896484375	13364.6025390625	4751.3837890625
P77766	8922.0869140625	6307.2451171875	16970.314453125	13831.849609375	5737.0087890625	5300.001953125	7146.5185546875	7788.12158203125	4998.78271484375	8416.564453125	4452.14697265625	NA	3628.86303710938	9105.0771484375	6013.13720703125	11216.5498046875	8936.408203125	14706.3125	11659.453125	13526.33203125	8872.634765625	8606.126953125	11703.8955078125	10436.841796875
P77774	1652591.25	1690087	1377399.875	1530010.5	1219768.5	1620320.125	1539460.25	1375481	1397558.875	1296912.375	1920790.375	3640504	1620817.75	1374215.375	1357871.25	1812220.125	1559758	1928899.25	1815124.625	1397141.875	1679043.375	1471317.75	1335916.125	1733151.625
P77775	519024.34375	485821.34375	263446.34375	296917.84375	493414.96875	504593.625	490760.09375	452657.375	385749.28125	478750	470374.09375	417766.6875	480441.75	454143.0625	234881.234375	303828.09375	287643.625	257371.84375	318242.625	303524.34375	306486.15625	261388.734375	253890.5	274523.5
P77781	251749.59375	226952.046875	206746.9375	228157.71875	206190.59375	220228.609375	163207.84375	171016.671875	130037.6875	151322.296875	227870.28125	315490.4375	217099.109375	178757.28125	205250.96875	208915.453125	236948.421875	218679.875	228628.5625	231784.625	239623.96875	272133.71875	209763.640625	214619.421875
P77783	160901.34375	159283.125	560021.6875	417567.34375	191629.28125	159069.9375	62195.24609375	176698.921875	324676.96875	155573.609375	129516.90625	103507.6640625	107765.4921875	180885.546875	503375.03125	342272.625	339420.15625	479889.5625	180322.65625	415094.34375	332445.90625	493960.21875	463093.65625	316095.125
P77791	173690.828125	174480.078125	82173.6953125	103662.109375	134280.84375	139233.734375	131677.859375	140581.09375	154908.578125	144819.046875	149285.6875	354456.1875	154876.921875	143399.84375	98194.3125	100001.03125	94228.046875	115635.5546875	77963.96875	114602.40625	107414.140625	103710.421875	119663.9375	106439.53125
P77795	275212.4375	241359.4375	291760.0625	250706.765625	254318.28125	284627.03125	432223.90625	240241.78125	232809.765625	222054.359375	273130.59375	737485.25	185243.953125	220384.703125	210260.890625	218574.765625	307973.75	193940.75	191368.015625	328361.15625	462002.96875	286662.28125	189014.640625	346804.5
P77804	2881812.25	2745865.25	3079625.75	3008631.75	3133200.75	3174971.25	3156574	3363406	4343682.5	3324134.5	2813923.5	2559080.75	2862415.25	3184237.5	2987005	2960987.25	3014103	3998964.25	2892635.25	3080658.25	2756815.5	2750610.75	3410955.25	2915184
P77806	238755.546875	236514.765625	206533.859375	224960.203125	259637.34375	308948.53125	185430.96875	189030.71875	253900.203125	233933.5625	257675.109375	146798.859375	221790.140625	175972.984375	232649.171875	223039.1875	221019.0625	134670.109375	243493.65625	183235.6875	229287.34375	255906.59375	180206.671875	217523.34375
P77808	68500.3828125	71210.375	106759.4609375	100031.03125	90985.40625	79286.421875	81352.265625	85565.4765625	95487.734375	92115.5625	71118.9296875	43155.0390625	63677.48828125	83842.4375	90523.25	94330.21875	93329.90625	106313.421875	91963.359375	99726.3984375	88834.125	88755.3046875	98301.625	90502.0546875
P78055	85006.6328125	90984.6875	123447.25	123304.8359375	97308.8828125	68588.1640625	81884.3671875	89249.3515625	84696.8828125	94930.9609375	81417.4375	179138.890625	84678.9375	82071.7265625	123934.59375	130082.0234375	119367.8828125	114542.15625	112364.578125	123364.640625	120589.359375	129093.84375	128297.2578125	124921.90625
P78061	25558.92578125	16258.298828125	32842.01171875	28515.751953125	NA	26394.208984375	20033.03125	16901.30078125	NA	17053.744140625	15792.3173828125	NA	14058.6083984375	16056.31640625	20161.47265625	20835.2890625	20716.890625	12784.1416015625	29893.162109375	10811.0771484375	21927.181640625	21216.029296875	20953.25390625	23310.802734375
P78067	226334.125	223810.953125	614923.75	536021.0625	263356.09375	220170.25	155392.140625	283042.5	426413.46875	230377.375	194007.78125	250271.640625	172159.53125	236117.53125	553144.75	438687	466500.78125	655010.3125	365038.34375	495215	438188.46875	554927.5	527375.25	521308.59375
P80644	29009.248046875	28667.568359375	6300.1484375	4841.38916015625	12846.416015625	20189.4921875	26965.826171875	23012.197265625	17647.142578125	24198.81640625	22274.48046875	33508.69921875	27302.8125	25116.734375	1779.88952636719	NA	4311.16064453125	2022.26000976563	4808.05322265625	2983.81298828125	5087.02734375	3207.25048828125	2132.42333984375	3938.59985351563
P80645	15823.36328125	10898.8515625	12506.4677734375	13298.8427734375	18567.017578125	29905.423828125	22387.9453125	24674.455078125	24516.537109375	25964.16015625	24093.626953125	9995.0166015625	18914.97265625	33874.9921875	NA	17880.220703125	NA	NA	11955.7294921875	NA	NA	NA	13598.72265625	NA
P80668	79367.96875	72724.28125	34818.68359375	39466.0078125	72627.3984375	84043.4375	91933.984375	70219.9609375	65466.48046875	79868.0625	68143.609375	78267.0234375	68678.40625	74615.6171875	30558.294921875	30314.248046875	31467.908203125	27544.48046875	28762.63671875	34157.1171875	23518.54296875	24890.5625	29221.626953125	24562.234375
Q06065	30621.5625	29191.673828125	17651.060546875	18451.11328125	30886.005859375	22094.662109375	26972.427734375	24111.744140625	33453.4453125	21368.96875	26808.859375	7229.8037109375	25684.7109375	21066.62109375	25215.99609375	14115.4033203125	15224.564453125	28561.6875	19756.580078125	20897.66015625	14796.2958984375	18063.7734375	21162.357421875	15883.587890625
Q06067	5652.41943359375	9816.7578125	NA	NA	NA	5786.03564453125	NA	NA	NA	NA	5290.22900390625	NA	2807.33862304688	NA	NA	NA	NA	NA	NA	NA	NA	NA	NA	NA
Q2EEQ2	17270.412109375	68419.875	3199.03564453125	3357.75170898438	NA	NA	NA	105854.296875	3308.41064453125	NA	NA	NA	5550.92626953125	NA	35465.4921875	24252.958984375	31765.404296875	1244.04052734375	15015.578125	29953.365234375	26634.216796875	19899.27734375	9154.056640625	16566.564453125
Q2M7R5	1022684.5625	997556.1875	883488.1875	622822.8125	1267380.625	989029.375	1008944.9375	1193610.375	1871548.125	1110003.625	1126034.375	2863582.25	1078515.875	1043348.25	879094	984591.4375	773623.375	1121048.625	738212.6875	870996	833428.375	765124.4375	950964.5625	807923.125
Q2M7X4	47212.1640625	56658.18359375	49291.578125	47945.42578125	74537.9296875	62010.77734375	57599.4375	56962.48046875	57980.09375	65229.5078125	63309.56640625	117281.9453125	47686.5078125	39742.0625	48394.12890625	56035.328125	49842.75390625	44601.8671875	38833.15234375	51138.18359375	39746.05859375	35742.49609375	37221.8046875	42062.85546875
Q2MB16	86329.6796875	84841.875	43221.75390625	65162.5703125	4976.80615234375	19142.419921875	27721.998046875	35207.25390625	32780.921875	14785.337890625	40942.78125	41531.8046875	29472.306640625	42780.31640625	38802.28515625	43374.703125	41153.4765625	36626.34375	43017.66796875	26731.55078125	39834.44140625	45593.77734375	31691.294921875	38003.96484375
Q46798	1726226.25	1554584.25	1146841.375	1294115.75	1990717.875	1906866.875	1507482	1869797.75	2210719.25	2024632.125	2088547.25	2372336.75	1818353.75	1578884	1298502.125	1367679.25	1372616.5	1712391.25	1376242.5	1321104.5	1240209	1349416.125	1325263.125	1452201.5
Q46799	440662.53125	391703.46875	482528.96875	398269.21875	371042.46875	395814.75	385113	362607.34375	431685.25	404534.59375	401659.21875	732775.875	389384.15625	351337.0625	472079.96875	438863.3125	398949.90625	290243.375	324861.125	434963.75	NA	442823.46875	414399.78125	422064.75
Q46800	52217.13671875	57227.328125	14837.111328125	17193.595703125	51122.3984375	53920.28515625	45144.25390625	58645.96875	67893.4375	49057.265625	44122.9453125	52093	47318.1484375	49886.70703125	16879.955078125	19903.01953125	19231.677734375	21481.126953125	18781.78515625	17265.138671875	17454.541015625	7098.04150390625	21709.69921875	24349.4765625
Q46802	41869.10546875	49285.1953125	31652.1875	19531.734375	19636.890625	34236	30921.37109375	26491.685546875	25114.724609375	24627.00390625	26110.41796875	42243.05859375	32155.740234375	25106.19140625	15340.5751953125	15625.384765625	11663.21484375	23557.4375	9711.361328125	10310.673828125	12157.5751953125	12890.0166015625	12108.474609375	11293.8388671875
Q46803	340736.3125	319984.3125	212263.21875	257722.03125	286966.46875	323780.15625	268995.84375	264567.375	316265.65625	243602.828125	290653.46875	323920.25	316934.875	309210.4375	236193.234375	238404.0625	194259.125	309702.09375	81306.6640625	208298.515625	251997.015625	144528.640625	213124.46875	289488.09375
Q46808	13627.0517578125	9900.365234375	11241.7822265625	10460.8623046875	6985.0029296875	3983.66088867188	5291.1220703125	6951.998046875	8733.345703125	6446.7900390625	5972.75830078125	1463.947265625	5647.81982421875	7948.0419921875	2675.17431640625	4792.923828125	7127.1796875	4557.52001953125	10163.884765625	927.807312011719	20773.736328125	2899.23779296875	2193.27392578125	4271.46435546875
Q46809	7051.22705078125	13376.9970703125	NA	NA	6624.74169921875	12536.51171875	3965.82543945313	NA	NA	NA	10086.5439453125	6312.138671875	1790.82946777344	NA	NA	NA	NA	NA	NA	NA	NA	NA	NA	NA
Q46811	39931.80078125	49314.8125	2214.44873046875	37163.53125	7618.70751953125	23305.294921875	39363.43359375	54752.9375	85701.65625	25515.662109375	13050.794921875	96547.984375	46171.125	62942.41015625	17603.38671875	7769.921875	12143.240234375	15106.615234375	28896.33203125	44795.52734375	1554.91357421875	13933.201171875	11983.8212890625	NA
Q46814	3944.31567382813	7771.958984375	NA	NA	7667.9443359375	3482.37353515625	NA	9648.5048828125	8813.5439453125	5954.427734375	4765.45654296875	NA	1598.19470214844	7057.83837890625	NA	NA	NA	NA	NA	NA	NA	NA	NA	NA
Q46819	16901.669921875	25470.845703125	30445.40625	31127.9609375	26542.423828125	29398.671875	48275.109375	47329.53515625	36794.77734375	40262.68359375	27382.935546875	22214.638671875	26108.076171875	37047.5625	29616.1953125	22774.876953125	22689.7890625	24151.123046875	18009.67578125	37987.2734375	26260.77734375	34509.52734375	30039.697265625	26608.32421875
Q46822	19369.869140625	33535.62890625	28019.177734375	23980.623046875	25795.5859375	21207.701171875	33432.83984375	23229.435546875	24152.111328125	22169.162109375	22242.5625	47060.5078125	24815.94921875	22418.205078125	15435.5810546875	18739.400390625	12677.1552734375	18397.427734375	21266.826171875	15464.841796875	8138.74169921875	18856.41796875	15477.578125	21226.279296875
Q46824	40505.59765625	24255.04296875	75241.203125	78116.171875	73404.4453125	89565.6875	58160.19921875	75125.6875	56189.94140625	54346.625	67455.484375	114903.9921875	43767.4375	54705.7265625	66650.671875	83807.15625	88172.0078125	110917.8671875	82498.5078125	78353.859375	56122.78125	63576.44921875	87720.9140625	83685.6953125
Q46829	1264906.75	1354739.875	968080.75	1187950.875	891559.8125	1331037.875	1268285.25	729013.75	526554.3125	767974.5	1392826.375	1232398	1232049.125	753919.5	940180	1067508.625	1058682.375	619073.4375	1204780.25	956201.5625	1307228.125	1179865.5	763189.75	1263638.625
Q46835	27846.55859375	30013.009765625	38845.9375	28487.70703125	43481.69140625	56188.2109375	NA	45341.15625	14522.6259765625	NA	43251.01171875	60183.47265625	34795.046875	NA	33825.37109375	40734.44921875	36048.02734375	51451.37109375	42259.4296875	36026.53125	41530.14453125	35750.37109375	40163.515625	46292.89453125
Q46841	447176.53125	403862.0625	486293.59375	561444.5	451499.625	474012.28125	497064.59375	379309.5625	328702.03125	395536.78125	450993.6875	610292.3125	392390.03125	339487	349257.15625	474413.21875	365947.59375	399132.25	551480.25	406153.625	496493.625	432440.15625	377985.03125	464125.625
Q46845	1495755.625	1483711.5	761601.375	848338.1875	1285608.375	1645996.125	1533530.25	1275542.375	1179300.5	1165319	1530178.375	1838335.75	1406194.375	1193061.125	805188.875	878900.0625	871977.625	690065.0625	904905.875	817416.4375	969838.125	867540.125	648349.4375	874808.5625
Q46851	1423104.125	1502704	309295.78125	316843.125	1472121.125	1645111.125	1307548	1299053.5	1242316.875	1403465.25	1437108	1095334.125	1281581.5	1287891.25	233268.6875	249424.671875	226562.1875	206934.3125	190972.5	257519.453125	253999.921875	286714.875	241348.9375	242744.640625
Q46855	133935.78125	141434	151180.453125	138577.890625	142224.671875	164437.09375	151601.453125	133153.03125	168493.6875	153639	151648.734375	168140.625	153622.640625	152012.078125	141944.84375	134777.734375	140486.28125	157737.78125	127628.328125	144530.0625	150688.28125	139422.703125	149080	120086.7421875
Q46856	849287.5625	789931.375	747568.4375	659565	766108.6875	824370.75	730751.625	855525.6875	875638.75	865540.8125	752785.9375	783317.9375	741626.25	782792.6875	689744.0625	646562.875	603348.625	641907.75	535663.3125	719909.75	673593.0625	695354.6875	667709.5625	646368.5
Q46857	1155157	1265656.125	834602	977083.3125	1097382.25	1176791.875	1574117.5	1293473.875	1118683.375	1166863.125	1131679	1913999	1111655.125	1146483.75	816179.6875	934061.4375	827924.875	886064.875	804380.6875	977128.8125	918028.75	832248.9375	876795.4375	941989.5
Q46861	72434.2109375	67890.4609375	80750.3125	100524.9375	62995.3671875	60101.21875	69560.21875	48652.67578125	55016.48828125	39977.95703125	56319.80078125	118048.234375	59686.5	47269.33203125	81232.140625	102268.765625	74136.390625	81538.4921875	76837.65625	75488.1953125	83509.40625	60811.3515625	69923.9765625	85154.796875
Q46863	283402.53125	300123.0625	147858.0625	144601.75	245028.984375	236120.53125	231224.40625	237616.484375	286677.9375	263329.59375	272108.96875	321797.875	263296.5625	243343.859375	153228.53125	147252.1875	154169.09375	134970.046875	113892.109375	138683.671875	118086.5234375	134584.90625	126820.6484375	143104.40625
Q46864	147341.625	119541.15625	122060.1796875	97565.3828125	124825.7421875	133334.40625	104787.2890625	125510.5546875	170415.75	126914.8203125	112907.1875	176913.84375	112357.8828125	105974.953125	94504.15625	115954.15625	103011.734375	112992	99382.578125	110639.2890625	104046.421875	89326.0859375	95023.5078125	97300.0234375
Q46868	1201805.75	964834.875	927903.5	775037	1230116.625	1113933.125	1272545	1142371.625	1486970.75	1172921.625	1378529.875	3672044.5	1135677	1058166.25	969571.3125	1244640.125	883939.125	1125373.875	974196.375	999538.0625	977480.8125	908838.6875	999819.9375	1054036.625
Q46871	286747.96875	277465.96875	209568.15625	309597.28125	205393.421875	269229.625	347276.375	334595.75	229857.765625	306137.9375	316364.8125	527688.6875	309285.9375	283175.03125	223643.921875	281405.4375	303088.75	262482.6875	383276.15625	337216.46875	355585.25	258389.25	201487.796875	382487.1875
Q46893	166040.921875	158358.765625	150655.609375	143073.578125	194476.75	172883.421875	154594.859375	181427.09375	201086.953125	172304.828125	198444.3125	325910.71875	184307.4375	185910.109375	140525.40625	158547.984375	151396.546875	123468.5234375	128819.75	133371.859375	140414.140625	153985.15625	162650.828125	162604.796875
Q46919	155862.828125	132220.9375	170972.890625	118978.2109375	177411.84375	150239.71875	138661.1875	133954.296875	232423.15625	164804.96875	163641.125	353046.5	154813.421875	125148.4921875	195677.15625	161948.265625	158127	175529.203125	147861.3125	139375.0625	153781.796875	131651.3125	155865.078125	130015.4453125
Q46920	217350.765625	194044.671875	247495.15625	236734.296875	259482.34375	228516.421875	248851.9375	214752.828125	220066.25	242896.734375	215148.109375	289017.75	210387.03125	207353.5	213501.65625	219013.421875	223650.640625	247658.859375	228990.328125	207248.578125	213075.984375	192426.625	210158.421875	210026.625
Q46925	68513.8203125	59799.6640625	73795.1796875	75707.28125	89523.328125	67176.234375	67445.53125	73203.9375	74298.25	70699.78125	60820.5078125	60135.51171875	60182.69921875	70807.1171875	83309.7421875	78215.2734375	70833.3359375	88027.015625	75978.40625	77170.375	63411.35546875	71591.796875	84806.390625	72808.0703125
Q46927	118715.2578125	121160.4296875	180636.71875	148181.484375	87510.5625	112354.359375	101913.578125	129789.6484375	178360.546875	118883.9921875	92974.390625	75438.875	84684.6171875	101595.578125	163786.796875	117818.640625	124011.84375	149544.59375	112260.3203125	151402.375	119324.6015625	122343.1015625	158163.359375	107903.9375
Q46938	147808.796875	165858.6875	96846.5859375	140718.90625	85493.5546875	147411.078125	122570.1171875	84784.4921875	72479.4609375	74809.3046875	151627.328125	160751.328125	128517.015625	84871.6875	31570.125	146253.96875	134427.234375	113937.1015625	164187.25	89481.28125	167304.171875	162071.796875	99854.34375	145540.46875
Q46939	698304.75	884643.5625	229000.5	183130.0625	468163.6875	518802.0625	775046.0625	549371.75	346562.90625	584546.125	611036.6875	450403.625	594397.9375	522736.21875	125960.671875	136349.453125	331738.25	123721.28125	130230.65625	110367.84375	128203.9765625	328710.59375	125577.9765625	193276.828125
Q46948	679487.5625	700103	630676.375	622779.375	539179.125	579171.0625	534447.5625	580164.5625	540191	530930.5	516308.40625	749330.1875	600721.875	523476.09375	634489.5625	575884.1875	618280.625	552784.25	616561.75	581497	623520.1875	556028.1875	519402.84375	529052.75
Q47083	630505.75	618283.5	951385.3125	983694	595552.1875	690477.25	630651.0625	596959.375	562607.5	477116.6875	630766.3125	634099.8125	576474.375	578602.0625	986065.375	942213.25	754021.4375	810704.1875	865560.3125	864470.0625	871342.1875	1015100.5625	722045.25	924775.1875
Q47129	16178.62890625	12386.373046875	24788.015625	21177.087890625	18393.275390625	30245.0078125	NA	5531.8515625	16224.529296875	19190.955078125	30481.607421875	NA	13999.986328125	NA	14511.3896484375	19709.533203125	19268.197265625	12283.5478515625	29088.76171875	17450.966796875	6734.36962890625	13886.43359375	5370.859375	10086.4892578125
Q47146	438453.09375	430935.59375	87570.5625	144977.84375	370198.46875	364786.3125	643932.375	437817.5625	334148.25	432467.5	437253.15625	343651.4375	440201.1875	419345.96875	94867.7890625	125459.4921875	102026.0390625	109491.015625	137798.09375	129758.5625	119627.6171875	80225.5625	137286.9375	117163.546875
Q47147	234728.078125	223995.640625	218942.046875	209569.15625	182642	189026.265625	187278.8125	170291.25	135809.359375	175937.9375	186211.015625	186483.625	177814.703125	175062.125	178272.515625	182503.171875	190185.84375	184694.546875	189810.546875	205148.390625	210573.015625	202450.453125	152442.265625	183928.125
Q47150	190471.640625	165357.203125	241670.796875	170755.40625	250996.875	198606.03125	185265.5625	181674.90625	325428.3125	191727.953125	215375.1875	484410.625	188302.9375	183238.3125	234879.234375	255619.796875	197939.75	291779.96875	194428.53125	201054.25	199280.796875	203993.609375	257912.609375	224133.71875
Q47155	594951.5	534079.4375	141477.109375	152638.859375	996537.1875	925303.3125	480652.875	652520.125	778583.1875	747302.75	668787.25	500332.21875	691063.9375	721124.125	149962.609375	155719	179465.84375	160671.1875	193761.59375	183184.34375	145395.8125	139777.78125	244628.640625	119145.015625
Q47156	36529.47265625	27288.955078125	46738.3359375	39020.9765625	63713.27734375	31144.640625	34371.953125	22481.869140625	44907.703125	25975.11328125	42891.6875	86775.625	39715.97265625	27606.33984375	41811.57421875	41215.328125	46740.51171875	42170.953125	41269.17578125	40031.94140625	25504.466796875	37342.77734375	22595.9609375	38606.0703125
Q47157	54580.4296875	40211.703125	25806.830078125	40877	49777.87890625	47222.1953125	59113.92578125	51349.3515625	38834.7578125	33826.453125	34559.52734375	45208.0859375	48242.2109375	37454.20703125	48424.828125	38555.23828125	21646.787109375	28512.166015625	29934.353515625	31874.890625	35457.0546875	35055.484375	22756.626953125	36572.140625
Q47537	106954.796875	111614.625	50927.8828125	NA	85133.65625	83822.2421875	111071.2421875	90354.859375	68178.6953125	72818.6484375	117850.5546875	NA	77089.828125	58036.4921875	71475.171875	52660.41015625	61816.7734375	90068.59375	NA	NA	67347.5	NA	NA	72018.890625
Q47622	284581.0625	280440.5	345604.96875	336381.46875	289054.40625	315220.25	273313.3125	321253.34375	339027.6875	319934.9375	290418.71875	284229.5625	284047.90625	329072.96875	302054.21875	298483.96875	292312.5	328120.625	291851.09375	334414.6875	292241.78125	286483.375	330723	303260.21875
Q47679	79916.421875	70963.0703125	71826.1171875	79981.6796875	79123.078125	73440.96875	79755.15625	89695.9140625	64637.5546875	80978.46875	67747.6328125	85044.1484375	68090.5	80991.4453125	72264.3203125	69701.5859375	76758.734375	67891.15625	72948.859375	81163.7734375	66564.0546875	62121.79296875	63137.80078125	75124.6484375
Q47689	16358.3818359375	9038.0263671875	12250.6337890625	17014.189453125	7275.4189453125	11218.1259765625	4808.953125	4210.30078125	6741.30859375	2411.06616210938	10262.8359375	7443.5126953125	6237.4013671875	7121.70068359375	8404.34765625	13345.1064453125	12185.6318359375	11248.42578125	15036.3427734375	6772.7421875	13383.806640625	13457.7333984375	5866.25927734375	14323.30859375
Q47690	577232.1875	494565.0625	401036.6875	396141.53125	500732.875	502203.0625	471487.1875	445032.84375	480116.8125	391120.5625	582545.9375	862706.5625	447320.40625	499072.65625	300560.375	394966.5	326110.75	369207.5625	361220.625	315887.625	358544.9375	339343.1875	341565.78125	385340.53125
Q47710	293591.71875	294580.0625	212987.796875	229902.09375	383069.1875	408479.71875	456431.1875	352817.1875	249702.421875	359402.25	363448.375	300200.28125	323205.46875	320860.15625	216152.34375	229111.28125	243846.75	166867.703125	236637.40625	212628.3125	220585.234375	209888.828125	204457.09375	218024.515625
Q57261	299388.75	293330.125	289955.25	312112.78125	294828.125	301643.3125	265687.75	256359.90625	231210.390625	271920.1875	290477.96875	256044.03125	288826.71875	285935.0625	268052.5625	305297.0625	280382.125	268520.0625	301320.875	280618.03125	294793.21875	287067.4375	287811.1875	313939.59375
Q59385	516605.65625	407022.8125	440013.34375	399409.46875	474311.46875	392888.25	443713.65625	445684.75	991655.375	472770.5	349384.46875	241799.625	369397.125	444932.15625	368003.875	344212.0625	541524.0625	388017.15625	404012.46875	404094.1875	357843.84375	360688.71875	1223106.75	498964.6875
Q6BF16	27298.7265625	14691.4375	11306.0126953125	NA	32982.875	22953.619140625	31866.3046875	41438.83984375	39024.859375	39376.3828125	20953.78125	54487.3671875	32406.505859375	36428.8984375	4501.51708984375	3496.3466796875	8075.31494140625	NA	8017.90966796875	7069.22802734375	NA	NA	2379.10595703125	NA
Q6BF17	66325.0390625	78904.59375	25791.205078125	32146.88671875	66162.5703125	60195.8203125	78928.5625	66731.828125	50255.125	69713.5859375	70732.7734375	50372.56640625	71841.40625	71379.7265625	21595.06640625	27479.337890625	30682.990234375	35391.6796875	21408.921875	28447.240234375	27879.349609375	27873.15234375	22707.955078125	29267.7578125
Q7DFV3	137585.25	113791.3359375	157949.03125	144937.703125	65298.76953125	55998.96875	131324.4375	70603.09375	70119.25	64161.69921875	150030.015625	397571.21875	113146.0390625	115515.8984375	99843.515625	155892.921875	53793.7421875	143462.671875	89478.703125	107872.875	134565.796875	121164.125	91347.1015625	117867.375
Q93K97	170288.0625	159615.25	135496.90625	146226.46875	132466.390625	135681.90625	126542.3984375	127887.9296875	101301.8984375	118410.984375	148684.1875	248036.71875	156098.171875	117949.8046875	115894.828125	128609.2734375	124856.1875	108648.4609375	153578.6875	123598.9765625	147577.859375	123038.328125	117896	138676.296875
